madde,anlam,lisan,telaffuz
abandone etmek,"dövüşemeyecek duruma getirmek, sersemletmek [spor] | içinden çıkılamaz, çaresiz duruma düşürmek",,
abandone olmak,"içinden çıkılamaz, çaresiz duruma düşmek, ne yapacağını bilememek | dövüşemeyecek duruma gelmek, sersemlemek [spor] | otomobil yarışı vb. spor dallarında herhangi bir sebeple yarış dışı kalmak [spor]",,
abanoz kesilmek,"sertleşerek dayanıklılığı artmak | kirden dolayı matlaşmak, rengini kaybetmek",,
abat olmak,"rahata kavuşmak, gönenmek | mutlu olmak",,
abayı sermek,istenilmediği hâlde teklifsizce yerleşmek | uzun süre yerleşip kalmak,,
abayı yakmak,"birine aşırı bir biçimde gönül vermek, tutulmak, âşık olmak",,
abazan kalmak,uzun süre cinsel ilişkide bulunmamak | aç kalmak,,
aba altından sopa (veya değnek) göstermek,birini imalı bir biçimde tehdit etmek,,
abdestinden şüphesi olmamak,yaptığı işte kusuru olmadığını kesin olarak bilmek,,
"abdestinde, namazında olmak",dindar olmak,,
abdestini vermek,birini azarlamak,,
abdesti bozulmak,yeniden abdest alma gereği ortaya çıkmak,,
abdesti gelmek,abdest bozmaya gereksinim duymak,,
abdesti kaçmak,abdesti bozulmak,,
abdestsiz yere basmamak,dinî kurallara titizlikle bağlı olmak,,
abdest almak,"Müslümanlar namaz kılmak, Kur’an okumak, Kâbe’yi tavaf etmek gibi ibadetleri yerine getirebilmek için niyet ederek el, ağız, burun, yüz, kol ve ayakları yıkamak; baş, kulaklar ve boynun iki yanını meshetmek yoluyla arınmak | boy abdesti almak",,
abdest bozmak,idrar veya dışkı yapmak,,
abdest tazelemek,abdesti bozulmadığı hâlde yeniden abdest almak,,
abes bulmak,"gereksiz, saçma sapan olarak kabul etmek",,
abes kaçmak,söz uygun düşmemek,,
ablalık etmek,abla gibi yakın ve koruyucu davranışlarda bulunmak,,
ablukayı kaldırmak,kuşatma uygulamasından vazgeçmek,,
ablukayı yarmak,kuşatılan bölgeden zor kullanarak dışarı çıkmak,,
abluka altında tutmak,kuşatmayı sürdürmek,,
abone etmek,"bir şeyi belli bir süre için almasını sağlamak, sürdürümlemek",,
abone olmak,"bir şeyi belli bir süre için peşin para ile almayı önceden üstlenmek, sürdürümlenmek | dadanmak",,
aborda etmek,"gemi yanlamasına yanaşmak | bir kimseye veya bir şeye sokulmak, yanaşmak, yaslanmak",,
aborda olmak,"gemi bordasını tamamen vererek başka bir gemiye, iskeleye veya rıhtıma yanaşmak | bir kimseye veya bir şeye sokulmak, yanaşmak, yaslanmak",,
abosa etmek,bir aletin çalışmasını durdurmak,,
absorbe etmek,soğurmak,,
absorbe olmak,soğurulmak,,
abuk sabuk konuşmak,"ne söylediğini bilmeden, düşüncesiz, tutarsız konuşmak",,
abullabutluk etmek,kaba saba davranışlar içinde olmak,,
acayibine gitmek,"yadırgamak, tuhafına gitmek",,
acayip olmak,yadırganacak bir duruma gelmek,,
acelesi olmak,hızlı hareket etme durumunda olmak,,
aceleye gelmek,bir iş yapılırken zaman yetersizliğinden dolayı gereken önem verilememek,,
aceleye getirmek,"bir işi üstünkörü, özenmeden yapmak",,
acele etmek,"çabuk davranmak, ivmek | telaş etmek, sabırsızlanmak",,
acemilik çekmek,alışamadığı bir işte zorluk çekmek,,
acemilik etmek,deneyimli olmasına karşın acemice davranmak,,
acından ölmek,çok acıkmak | aşırı derecede yoksul olmak,,
acısına dayanamamak,"bir kimse, bir yakınının ölümünden, kaybından büyük üzüntü duymak",,
acısını almak,"sıkıntısını, üzüntüsünü azaltmak",,
acısını almak,acılığını gidermek | sızıyı dindirmek,,
acısını çekmek,yapılan yanlış bir işin doğurduğu sıkıntı ve üzüntü içinde bulunmak,,
acısını çıkarmak,acılığını yok etmek | uğradığı maddi veya manevi zararı giderici bir iş yapmak | öç almak,,
acısını görmek,bir yakınının ölümünü görmek,,
acısı çıkmak,"bir şeyin olumsuz, kötü sonucu bir süre sonra ortaya çıkmak",,
acısı ortaya çıkmak,olumsuz sonucu yavaş yavaş ortaya çıkmak,,
acı gelmek,"dokunmak, kırmak, üzmek",,
acı kılmak,tadını acılaştırmak,,
acı söylemek,olumsuz bir davranış karşısında gerçeği olduğu gibi söylemek,,
acı vermek,"birinin üzülmesine sebep olmak, incitmek",,
acı (veya acılar) görmek,kötü günler yaşamak,,
acil şifalar dilemek,hastanın kısa sürede iyileşmesi dileğinde bulunmak,,
aciz içinde olmak,"gücü yetmemek, becerememek",,
acze düşmek,"çaresiz kalmak, elinden bir şey gelmemek",,
açgözlük etmek,açgözlülük etmek,,
açgözlülük etmek,"bir şeye karşı aşırı istek duymak, doyumsuzca davranmak, tamahkârlık etmek",,
açığa alınmak,"Belirli bir süre işten el çektirilmek | Satın alınmış bir bilet, iptal ettirilmeden gidiş tarihi ve saati değiştirilebilir bir bilete çevrilmek",,
açığa almak,Bir görevliyi geçici bir süre işten uzaklaştırmak | Satın alınmış bir bileti iptal ettirmeden gidiş tarihi ve saati değiştirilebilir bir bilete çevirmek,,
açığa çıkarmak,işinden çıkarmak,,
açığa çıkarmak,ikiden fazla elementin birleşim işlemi sonrasında atom değerleri yüzünden dışarıda element kalmak [kimya],,
açığa çıkarmak,"ortaya çıkarmak, gözler önüne sermek, anlaşılır duruma getirmek",,
açığa çıkmak,"belli olmak, anlaşılmak | rıhtıma aborda veya kıçtankara olmuş bir gemi bulunduğu yerden kalkarak daha uzaktaki bir yere demirlemek üzere kıyıdan uzaklaşmak",,
açığa vurmak,"belli etmek, ortaya çıkarmak",,
açığını aramak,"birinin yaptığı işte hile, yanlış veya usulsüzlük aramak",,
açığını bulmak,birinin kasıtlı olarak yaptığı yanlışı veya hileyi yakalamak,,
açığı çıkmak,saklamakla görevli bulunduğu paranın veya malın eksik olduğu anlaşılmak,,
açıkçasını söylemek,"doğrusunu, açık olanını, anlaşılır biçimini söylemek",,
açıkgözlük etmek,kurnazlık ederek amacına ulaşmaya çalışmak,,
açıkgözlülük etmek,kurnazlık ederek amacına ulaşmaya çalışmak,,
açıklama yapmak,herhangi bir konuyu aydınlığa kavuşturmak amacıyla konuşmak veya yazmak,,
açıklar livası olmak,işsiz ve kazançsız kalmak,,
açıklığa kavuşmak,"bir konu veya sorun aydınlanmak, kapalılıktan kurtarılmak, anlaşılır duruma getirilmek",,
açıklık getirmek,bir konu veya sorunu anlaşılır duruma getirmek,,
açıklık kazanmak,"bir konu aydınlanmak, anlaşılır duruma gelmek",,
açıktan almak,açıktan geçmek [denizcilik] | bir tehlikenin uzağından geçmek,,
açıktan atamak,Boş kadrolara sınavla veya dereceyle atama yapmak,,
açıktan atanmak,Derece ve belli bir sıra gözetilmeksizin görevlendirilmek,,
açıktan geçmek,gemi kıyıdan veya diğer taşıtlardan uzak olarak seyretmek [denizcilik],,
açıktan para almak,"bir iş veya mal için, kararlaştırılmış ücret veya değer dışında para almak",,
açıktan (para) kazanmak,emek ve sermaye olmadan para kazanmak,,
açıkta bırakmak,iş ve görev vermemek | yersiz yurtsuz bırakmak | birkaç kişiye sağlanması gereken olanaktan bir kişiyi yararlandırmamak,,
açık bono vermek,sınırsız yetki tanımak,,
açık düşmek,herhangi bir sebeple bir filodan veya istenilen yerden uzakta kalmak | yağlı güreşte yenilgi sebebi olan sırtı veya yanı toprağa değmek [spor],,
açık düşmek,Herhangi bir sebeple bir filodan veya istenilen yerden uzakta kalmak [denizcilik] | Yağlı güreşte pehlivan göbeği gökyüzünü görmesinden dolayı yenik sayılmak [spor],,
açık düşürmek,"Yağlı güreşte rakibin sırtını veya yanını toprağa değdirmek [spor] | Beklenmeyen bir şeyle karşılaştırmak, şaşırtmak",,
açık etmek,"sırrını açığa vurmak, ele vermek",,
açık kapamak,"bütçenin gider fazlasını, para sağlayarak ortadan kaldırmak",,
açık kapı bırakmak,"gereğinde, bir konuya yeniden dönebilme imkânı bırakmak, kesip atmamak",,
açık konuşmak,gerçeği çekinmeden söylemek,,
açık olmak,dürüst davranmak,,
açık olmak,her zaman iyi karşılanmak,,
açık saçık giyinmek,vücudun bazı yerlerini açıkta bırakarak giyinmek,,
açık saçık konuşmak,cinsel konularla ilgili sözler söylemek,,
açık söylemek,anlaşılmayan yön bırakmadan anlatmak | çekinmeden söylemek,,
açık tutmak,bir iş yerinin çalışır durumunu sürdürmek,,
açık vermek,"geliri, giderini karşılamamak | gizlenmek istenen bir olayı, bir düşünceyi veya durumu elde olmayarak ortaya koymak, açıklamak",,
açılıp saçılmak,kadın açık saçık giyinmeye başlamak | kadın eskisine göre ölçüsüz davranışlarda bulunmaya başlamak,,
açlıktan imanı gevremek,çok acıkmak,,
açlıktan nefesi kokmak,yoksulluk içinde bulunmak,,
açlıktan ölmek,"dayanılmaz derecede acıkmak, çok acıkmak",,
açlık çekmek,yoksulluk içinde bulunmak,,
açmaza düşmek,içinden çıkılması güç durumda kalmak,,
aç açık kalmak,"yoksulluk içinde, evsiz barksız kalmak",,
aç bırakmak,yiyecek vermeyerek karnını doyurmasına engel olmak,,
aç doyurmak,yoksulları beslemek,,
aç kalmak,karnını doyuramamak | yoksulluğa düşmek,,
aç susuz kalmak,yoksulluktan yaşayamayacak bir duruma gelmek | yoksul bir duruma düşmek,,
adak adamak,bir dileğin gerçekleşmesi amacıyla kurban kesip yoksullara dağıtmak veya kutsal olduğuna inanılan bir güce niyette bulunmak,,
adalete teslim etmek,"sanığı, adalet işleriyle uğraşan kuruluşa götürmek",,
adalete teslim olmak,"sanık, adalet işleriyle uğraşan kuruluşa gidip hakkında gerekli işlemin yapılmasını istemek",,
adaletine sığınmak,"birinden anlayış, hoşgörü, yakınlık beklemek",,
adalet dağıtmak,kanunların saydığı hakları sahiplerine vermek,,
adamdan saymak,"bir kimseye gereğinden fazla değer vermek, saygı duymak",,
adam almamak,son derece kalabalık olmak,,
adam beğenmemek,herkesi değersiz görmek,,
adam eksiltmek,"futbolda, topla veya topsuz olarak rakip oyuncuları hareketli oyun bölgesinin dışında bırakmak [spor]",,
adam etmek,"eğitmek, yetiştirmek, topluma yararlı duruma getirmek | bir yeri düzene sokmak | işe yarar duruma getirmek",,
adam içine çıkamamak,utanç ve suçluluk duygusuyla insanların bulunduğu yerlere gidememek,,
adam içine çıkmak,"topluluğa karışmak, insanların bulunduğu yerlere gitmek, eşe dosta gitmek",,
adam içine karışmak,"bir topluluğa girmek, kendisine değer verilir olmak",,
adam kullanmak,birini çalıştırmasını bilmek | birini kendi çıkarına alet etmek,,
adam olmak,"gelişmek, büyümek | iyi yetişmek, iyi bir duruma gelmek | toplum kurallarına uyuyor olmak | parasal veya mevki bakımından iyi bir yere gelince geçmişi unutmak",,
adam sanmak,karşısındakine olduğundan fazla değer verme yanlışına düşmek,,
adam yerine (veya hesabına) koymak,"adamdan saymak, varlığını kabul etmek",,
adapte etmek,uyarlamak,,
adapte olmak,"uymak, uyum sağlamak",,
adapte olunmak,uyarlanmak,,
adaylığını koymak,bir iş veya göreve seçilmek için kendini ileri sürmek,,
aday göstermek,"bir iş veya bir görev için birini aday olarak belirlemek, namzet göstermek",,
aday olmak,herhangi bir işe alınmak veya seçilmek için istekli olmak,,
adımını attırmamak,rahat davranmasını engellemek amacıyla sürekli olarak denetim altında bulundurmak | bir yere girmesine engel olmak,,
adımını geri atmak,başladığı bir işten geri dönmek,,
adımlarını açmak,yürürken hızlanmak,,
adımlarını seyrekleştirmek,hızlı yürürken yavaşlamak,,
adımlarını sıklaştırmak,"daha küçük ve çabuk adımlar atarak hızlı yürümek, ivmek, acele etmek",,
adım adım gezmek,her tarafı dolaşıp görmek,,
adım adım izlemek,zaman içinde aşama aşama izlemek | bir işi yaparken daha önceki deneyimleri ve kuralları kullanmak | gizlice takip etmek,,
adım (veya adımını) atmak,yürümek için ayağını öne doğru uzatıp basmak | bir işe ilk kez girişmek,,
adım (veya adımını) atmamak,"gitmemek, uğramamak",,
adını ağzına abdestle almak,bir kişiyi anarken çok saygılı davranmak,,
adını ağzına almamak,"dargınlık, kırgınlık, kızgınlık vb. sebeplerle bir kimseden söz etmemek",,
adını anmak,"birinden, bir şeyden söz etmek",,
adını bağışlamak,kendi adını başka bir kimseye söylemek,,
adını çıkarmak,kişi hakkında kötü bir niyetle asılsız söylentiler yaymak,,
adını koymak,karşılığını veya fiyatını kararlaştırmak,,
adını taşımak,birinin adıyla anılmak | sahip olduğu adın sorumluluğunu yüklenmiş olmak,,
adını vermek,"birinin adını söylemek | bir kuruma, kuruluşa, yere birinin adını koymak",,
adını ...-ye çıkarmak,bir kişinin sahip olmadığı niteliklerle tanınmasına yol açmak,,
adı batmak,"sevilmeyen bir şey veya kimse unutulmak, adı anılmaz olmak, artık sözü edilmemek",,
adı bile okunmamak,birine veya bir şeye hiç önem verilmemek,,
adı çıkmak,kötü bir ün kazanmak | hakkı olmayan bir ün kazanmak,,
adı deliye çıkmak,deli olmadığı hâlde deli olarak tanınmak,,
adı duyulmak,"tanınmak, ünlenmek",,
adı geçmek,"anılmak, söz konusu olmak, ismi geçmek",,
adı gibi bilmek,çok iyi bilmek,,
adı kaldırılmak,"anılmaz olmak, silinip gitmek",,
adı kalmak,"bir kimse veya bir şey öldükten, ortadan çekildikten sonra dillerde yalnız adı dolaşmak",,
adı karışmak,kötü bir işle birinin ilgisi bulunduğu söylenilmek,,
adı kötüye çıkmak,ünü kötü olarak yayılmak,,
adı olmak,"gereksiz, yersiz ünü olmak",,
adı sanı olmak,"bilinmek, tanınmak, ünlü olmak",,
adı sanı olmamak,kim olduğu bilinmemek,,
adı (bile) olmamak,değeri olmamak,,
adrenalini yükseltmek,korkusuzlaşmak,,
adres göstermek,birini hedef göstermek,,
ad almak,kendisine ad verilmek | ün kazanmak,,
ad çekmek,"iki veya daha çok aday arasında bir sıralama, bir ayırma yapılacağı zaman her birinde bir tek ad yazılı kâğıtları bir araya getirip karıştırdıktan sonra birini çekerek veya özel bir bilgisayar yazılımıyla adları belirlemek",,
ad çekmeye girmek,"kuraya tabi olmak | oyunun başlangıcında, alan seçimi, başlama atışı veya karşılama hakkı için öncelik sağlamak amacıyla kura çekmek [spor]",,
ad koymak,adlandırmak,,
ad takmak,adlandırmak | alay etmek veya övmek amacıyla lakap takmak,,
ad vermek,adlandırmak,,
ad yapmak,"bir alanda ün kazanmak, ün almak",,
afal afal bakmak,şaşkın bir biçimde bakmak,,
aferin almak,değerli görülüp beğenilmek,,
affa uğramak,bağışlanmak,,
afişte kalmak,oyun ilgi görerek günlerce oynanmak [tiyatro],,
afiş yutmak,yalana dolana kanmak,,
afiyet bulmak,"ruhsal ve bedensel olarak sağlıklı, sıhhatli duruma gelmek",,
afiyet üzere olmak,"ruhsal ve bedensel olarak sağlıklı, sıhhatli yaşıyor olmak",,
aforoz etmek,"aforozlamak [din bilimi] | darılıp biriyle konuşmamak, ilgiyi kesip kendinden uzaklaştırmak | birini sergilediği olumsuz eylemler sebebiyle toplum veya bir topluluktan dışlamak;  toplum dışılamak",,
afra tafra yapmak,"kendini üstün göstermek, böbürlenmek",,
afura tafura gelmemek,"kendini üstün göstermekten, üstünlük taslamaktan hoşlanmamak | böyle bir davranışa karşı tepki göstermek",,
afyonunu patlatmak,kendi keyfine dalmış olan birini öfkelendirmek,,
afyonu başına vurmak,"aşırı davranışlarda bulunacak kadar öfkelenmek, ne yaptığını bilememek",,
afyonu patlamak,"ayılmak, kendine gelmek",,
afyon çekmek,keyif için afyon yutmak,,
afyon yutmak,uyuşturucu olarak afyon kullanmak | gerçeği göremeyecek kadar kendinde olmamak,,
af çıkarmak,bir suçun bağışlanması için Türkiye Büyük Millet Meclisinden kanun çıkarmak,,
af dilemek,işlenen hata veya suç için bağışlanmayı istemek,,
agâh olmak,"bilgilenmek | haberli olmak, haberdar olmak",,
ağaç olmak,bir yerde ayakta durarak çokça beklemek,,
ağda yapmak,"vücuttaki fazla tüyleri ağda ile almak, temizlemek",,
ağına düşürmek,tuzağına düşürmek,,
ağırdan almak,"bir işi gereken süre içinde bitirmemek, geciktirmek | bir işi gönülsüz, isteksiz yapmak",,
ağırına gitmek,onuruna dokunmak veya gücüne gitmek,,
ağırlığını (ortaya) koymak,kimliğini ve kişiliğini kabul ettirmek,,
ağırlığı olmak,etkisi büyük olmak,,
ağırlık olmak,"sıkıntı vermek | birine yük olmak, kendi masrafını başkasına çektirmek",,
ağır basmak,ağırlık olarak fazla gelmek,,
ağır basmak,taşıdığı özellikler üstün gelmek | bir işte gücü ve etkisi üstün gelmek,,
ağır bir yükten kurtulmak,"sorumluluğu zor olan bir durumu atlatarak rahatlamak, hafiflemek",,
ağır çekmek,tartıda ağır gelmek,,
ağır durmak,"ciddi, ağırbaşlı, oturaklı, soğukkanlı hareket etmek",,
ağır gelmek,"gücüne gitmek, onuruna dokunmak | yapılması güç gelmek",,
ağır kaçmak,"gücendirici olmak, uygun düşmemek | beklenenden fazla olmak",,
ağır kayba uğramak,maddi ve manevi büyük zarar görmek,,
ağır oturmak,ağırbaşlı olmak,,
ağır söylemek,"acı, dokunaklı sözler söylemek",,
ağır yaralanmak,bedene derin ve ciddi yara almak,,
ağır yara almak,kavgada veya savaşta önemli ölçüde zarar görmek | bir olayda beklenmeyen sıkıntılı ve olumsuz bir duruma düşmek,,
ağızda dağılmak,"genellikle hamur işi, iyi pişmiş ve lezzetli olmak",,
ağızda sakız gibi çiğnemek,bir söz veya düşünceyi sık sık tekrarlayıp durmak,,
ağız açtırmamak,"çok konuşarak başkalarının söz söylemesine, konuşmasına engel olmak",,
ağız bağı yapmak,ağız bağı oluşturulduktan sonra kancaya bağlı herhangi bir halatın kayıp çıkmasını engellemek,,
ağız birliği etmek,bir konuda anlaşarak aynı biçimde konuşmak,,
ağız burun birbirine karışmak,"dayak sonucunda yüz yara bere içinde kalmak | yüzde aşırı öfke, üzüntü, yorgunluk vb. durumların izleri görünmek",,
ağız dalaşı etmek,birbirine karşı ağır sözler söyleyerek kavga etmek,,
ağız değiştirmek,önce söylediğini başka türlü anlatmak,,
ağız dil vermemek,"konuşmamak, susmak",,
ağız eğmemek,birine minnet etmemek,,
ağız etmek,yaranmak için kibar konuşmaya çalışmak,,
ağız kalabalığına getirmek,birini gereksiz sözlerle şaşırtmak | ilgisiz sözler söyleyerek asıl konudan uzaklaştırmak,,
ağız kullanmak,"duruma, ortama göre söz söylemek",,
ağız satmak,yüksekten atarak kendini övmek,,
ağız tamburası çalmak,"sözle avutmaya, oyalamaya çalışmak | soğuktan dişleri birbirine çarpmak, çenesi titremek",,
ağız yapmak,"birini kandırmak, yanıltmak amacıyla duygularını, düşüncelerini olduğundan başka türlü gösterecek bir biçimde konuşmak",,
ağız yaymak,açık ve dürüst konuşmaktan kaçınmak,,
ağız (veya ağzını) açmak,"konuşmaya başlamak | kesici aletleri keskin duruma getirmek | ağır sözler söylemeye başlamak | azarlamak, paylamak",,
ağız (veya ağzını) büzmek,dudak büzmek,,
ağlamaklı olmak,"neredeyse ağlayacak duruma gelmek, ağlamalı olmak",,
ağlamalı olmak,ağlamaklı olmak,,
ağlama duvarına dönmek,"herkesin şikâyetini, derdini dinler duruma gelmek",,
ağlayıp sızlamak,çok ağlamak,,
ağrısız başına kaşbastı bağlamak,"""kendine gereksiz yere iş çıkarmak"" anlamında kullanılan bir söz",,
ağrısı tutmak,gebe kadının doğum sancıları başlamak | hasta bir organ ağrımaya başlamak,,
ağza almamak,"anmamak, sözünü etmemek",,
ağza (veya ağızlara) düşmek,dedikodu konusu olmak,,
ağzına almak,"yemek, içmek | söylemek",,
ağzına almamak,"sözünü etmemek, adını anmamak",,
ağzına atmak,yemek için ağzına koymak,,
ağzına bakakalmak,sözlerine hayran olmak,,
ağzına baktırmak,kendini zevkle dinletmek,,
ağzına bir kemik atmak,birini küçük bir çıkarla susturmak,,
ağzına bir lokma koymamak,hiçbir şey yememek,,
ağzına bir parmak bal çalmak,"birini tatlı sözlerle veya çeşitli hediyelerle bir süre için kandırmak, oyalamak",,
ağzına burnuna bulaştırmak,"bir işi beceremeyip berbat etmek, bozmak",,
ağzına düşmek,dile düşmek,,
ağzına etmek,haddini bildirmek,,
ağzına geleni söylemek,"nezaket dışına çıkarak ağır ve kırıcı sözler söylemek | gelişigüzel, saçma sapan konuşmak",,
ağzına gem vurmak,"susturmak, söyletmemek",,
ağzına kira istemek,söylemesi beklenen şeyi söylemekte nazlı davranmak,,
ağzına sakız olmak,dedikodusuna konu olmak,,
ağzına sıçmak,"birisini çok kötü duruma sokmak | bir şeyi, bir işi işe yaramaz duruma getirmek, bozmak",,
ağzına sürmemek,herhangi bir yiyeceği veya içeceği hiç yememek veya içmemek,,
ağzına takılmak,bir sözü konuşması sırasında bilinçsiz bir biçimde sürekli söylemek,,
ağzına taş almak,söze karışmayıp susmak,,
ağzına tıkmak,"susturmak, konuşmasına engel olmak",,
ağzına tükürmek,hakaret ederek uyarmak,,
ağzına volta almak,bir palanganın işlemesine engel olmak için palanganın ucundan çıkan halatı geçici olarak makaranın arasından geçirip sıkıştırmak [denizcilik],,
ağzına yakışmamak,"söylemesi ayıp kaçmak, uygun düşmemek, yakışık almamak",,
ağzına yüzüne bulaştırmak,"bir işi kötü yapmak, becerememek",,
ağzına ... koymamak,bir şey yememek veya içmemek,,
ağzından baklayı çıkarmak,baklayı ağzından çıkarmak,,
ağzından burnundan getirmek,"huzurunu bozmak, sıkıntıya sokmak | pişman etmek için uğraşmak",,
ağzından çıkmak,"bir sözü istemeden, farkına varmadan söylemek, söylemiş bulunmak",,
ağzından çıt çıkmamak,hiçbir şey söylememek,,
ağzından dökülmek,"açıkça söylemekten çekindiği şey, konuşmasından belli olmak",,
ağzından girip burnundan çıkmak,"türlü yollara başvurarak birini bir şeye razı etmek, kandırmak | iyice dövmek",,
ağzından inci saçmak,birbirinden güzel sözler söylemek,,
ağzından kaçırmak,istemediği hâlde boş bulunup söyleyivermek,,
ağzından kapmak,"birinin bildiği şeyleri, ustalıklı konuşmalarla ona sezdirmeden öğrenmek | birinin konuşmasını keserek kendisi söze başlamak",,
ağzından lokmasını almak,birinin hakkı olan şeyi ondan almak,,
ağzından söz (veya laf veya lakırtı) eksik etmemek,o sözü sürekli söylemek,,
ağzından (söz veya lakırtı) dirhemle çıkmak,çok az veya zorla konuşmak,,
ağzında bakla ıslanmamak,sır saklamamak,,
ağzında büyümek,sevmediğinden veya içi almadığından bir yiyeceği yutamamak,,
ağzında çalkalanmak,üzerinde çok konuşulmak,,
ağzında gevelemek,açıkça söylememek,,
ağzında yaş kalmamak,bir düşüncesini bir kimseye birçok kez söylemiş olmak,,
ağzının içine bakmak,ne söyleyeceğini beklemek | onun sözüne göre davranmak,,
ağzının içine baktırmak,sözlerini seve seve ve dikkatle dinletmek,,
ağzının içine girmek,"çok yanaşmak, iyice sokulmak | hayranlıkla, büyük bir zevkle seyredip dinlemek",,
ağzının içi yangın yerine dönmek,"ağzının tadı bozulmak, tat alma duyusunu yitirmek",,
ağzının kaşığı (veya kalıbı veya lokması) olmamak,"bir şey, bir kimsenin uğraşabileceği konulardan olmamak | bir şey, bir kimsenin sözünü edemeyeceği kadar değerli olmak",,
ağzının kokusunu çekmek,"birinin her türlü isteğine, kaprisine boyun eğmek",,
ağzının kokusunu çekmek,bir kimsenin çekilmez davranışlarına katlanmak,,
ağzının kâhyası olmak,"birinin alışkanlıklarına, davranışlarına, düzenine karışmak",,
ağzının payını (veya ölçüsünü veya kayarını) vermek,verilen karşılıkla bir kimseyi söylediğine veya yaptığına pişman etmek,,
ağzının payını (veya ölçüsünü) almak,verilen karşılıkla bir kimseye söylediğine veya yaptığına pişman olmak,,
ağzının suyu akmak,"çok beğenip istemek, imrenmek",,
ağzının tadını bilmek,"güzel yemeklerden anlamak | her şeyin güzelini, iyisini bilmek, anlamak",,
ağzının tadını kaçırmak,"neşesini, keyfini bozmak | bir kimsenin kurulu düzenini bozmak",,
ağzını açıp gözünü yummak,"öfke ile, sonunu düşünmeden ağzına gelen bütün ağır sözleri söylemek",,
ağzını bağlamak,"bir kimseyi herhangi bir sebeple söz söyleyemez duruma getirmek, susmak zorunda bırakmak",,
ağzını bıçak açmamak,üzüntüden söz söyleyemeyecek durumda olmak,,
ağzını bırakıp kıçıyla (veya bir tarafıyla) gülmek,alay ederek karşısındakine gülmek,,
ağzını bozmak,"kaba sözler söylemek, küfretmek",,
ağzını burnunu çarşamba pazarına (veya çanağına) çevirmek,aşırı bir biçimde döverek perişan duruma getirmek,,
ağzını dilini bağlamak,birini konuşamaz duruma getirmek,,
ağzını havaya (veya poyraza) açmak,umduğunu elde edememek,,
ağzını kapamak,kendisine çıkar sağlaması için bir kimseyi susturmak,,
ağzını kiraya vermek,kendini de ilgilendiren bir konuda düşüncesini söylememek,,
ağzını koklamak,niyetini ve durumunu öğrenmek istemek,,
ağzını mühürlemek,"konuşmamak, susmak",,
ağzını sıkı (veya pek) tutmak,sır vermemek,,
ağzını tıkamak,"sözünü kesmek, susturmak",,
ağzını toplamak,söylemekte olduğu kötü söz veya küfürleri kesmek,,
ağzını tutmak,boşboğazlık etmemek | kötü söz söylememek | bir konuda arzu edilmeyen düşüncelerin açığa çıkmasını susarak önlemek,,
ağzıyla içmesini bilmek,"sözünü, sohbetini karşıdaki kişiyi incitmeyecek bir biçimde ayarlamak",,
ağzı açık (veya bir karış açık) kalmak,"çok şaşırmak, şaşakalmak",,
ağzı çirişçi çanağına dönmek,ağzı kuruyup acılaşmak,,
ağzı dili bağlanmak,herhangi bir sebeple konuşamaz olmak,,
ağzı dili tutulmak,"konuşamamak | beklenmedik bir durum karşısında heyecanlanmak, hayranlık duymak",,
ağzı dolu dolu konuşmak,heyecanlı söz söylemek,,
ağzı kilitlenmek,konuşamaz duruma gelmek,,
ağzı köpürmek,çok öfkelenmek,,
ağzı kulaklarına varmak,çok sevinmek,,
ağzı laf (veya lakırtı) yapmak,kolay konuşma yeteneği olmak | inandırıcı söz söyleme yeteneği olmak,,
ağzı oynamak,bir şeyler yemek | konuşmak,,
ağzı sulanmak,"imrenmek | yeme, içme isteği artmak",,
ağzı süt kokmak,çok genç ve toy olmak,,
ağzı varmamak,"söylemeye, açıklamaya gönlü elvermemek",,
ağzı yanmak,büyük zarar görmek,,
ağzı (veya ağzı dili) kurumak,susuz kalmak | konuşamaz duruma gelmek,,
ağ çekmek,yakalanan balıkları toplamak için ağı sudan çıkarmak,,
ahbaplık etmek,"arkadaşlık etmek, arkadaşça konuşmak",,
ahbap çıkmak,önceden tanışmış olmak,,
ahbap olmak,"arkadaş olmak, dostluk kurmak, yakınlık kurmak",,
ahde vefa etmek,sözünde durmak,,
ahengi bozulmak,"dirliği, düzeni bozulmak",,
ahenk almak,uyumlu duruma gelmek,,
ahenk kurmak,"uyuşma sağlamak, anlaşma sağlamak",,
ahenk sağlamak,"düzene sokmak, birliği sağlamak",,
ahenk vermek,"düzeni, uyumu sağlamak",,
ahenk yapmak,çalgılı eğlence düzenlemek,,
ahım şahım olmamak,"beğenilecek, değer verilecek nitelikte olmamak",,
ahını almak,ah almak,,
ahını yerde koymamak,öcünü almak,,
ahıra çekmek,"bir sürüyü ahıra kapamak, bir hayvanı ahıra bağlamak",,
ahıra çevirmek,"bir yeri pis, bakımsız, dağınık, harap, gürültülü duruma getirmek",,
ahı çıkmak,"yaptığı ilenme, etkisini göstermek",,
ahı gitmek vahı kalmak,"iyice zayıflamak, iş göremez duruma gelmek | çok yaşlanmış olmak",,
ahı tutmak,birinin ilenmeleri gerçekleşmek,,
ahı yerde kalmamak,yaptığı ilenme er geç etkisini göstermek,,
ahireti boylamak,ölmek,,
ahirette on parmağı yakasında olmak,kendisine karşı sorumlu olan kimseden ahirette hesap sormak,,
ahkâm çıkarmak,kendi düşüncelerine dayanarak birtakım yargılara varmak,,
ahkâm kesmek,çekinmeden kesin yargılarda bulunmak | bilir bilmez konuşmak,,
ahkâm yürütmek,bir sözden kendi anlayışına göre sonuçlar çıkarmak,,
ahlaksızlık etmek,ahlaksızca davranmak,,
ahmak yerine koymak,bir kimseye aptalmış gibi davranmak,,
ah almak,birinin ilenmesini üstüne çekmek,,
ah çekmek,derin bir keder veya özlemle içten gelerek ah demek,,
ah etmek,acı ile içini çekmek | ilenmek,,
ait olmak,birinin olmak | birine düşmek,,
akamete uğramak,"yarıda kalmak, sonuca ulaşamamak",,
akan sular durmak,"itiraz edememek, söyleyecek sözü kalmamak",,
akarına bırakmak,"işin sonucunu sabırla beklemek, doğal gelişmeyi beklemek",,
akarı kokarı olmamak,"bilinen herhangi bir eksiği, kusuru bulunmamak",,
akar edinmek,kira geliri getirecek bir mal sahibi olmak,,
akıbetine uğramak,birinin içinde bulunduğu kötü duruma benzer bir duruma düşmek,,
akıldan çıkarmak,düşünmemek | unutmak,,
akıldan çıkmak,unutulmak,,
akılda kalmak,"akılda yer etmek, unutulmamak",,
akılda tutmak,unutmamak,,
akıllılık etmek,aklını gereği gibi kullanarak yerinde ve uygun davranmak,,
akıllı geçinmek,kendini çok akıllı sanmak,,
akıllı olmak,gerçeklere uygun davranmak,,
akılsızlık etmek,"akılsızca, düşüncesiz ve yersiz davranmak",,
akıl almak,"danışmak, görüş almak",,
akıl almamak,"inanılacak gibi olmamak, akla uygun gelmemek",,
akıl bırakmamak,kafa karıştırmak,,
akıl danışmak,bir konuda birinin görüşünü sormak,,
akıl durdurmak,"bir şey çok şaşırtıcı olmak, insanı şaşırtmak",,
akıl erdirmek,"ne olduğunu anlamak, sırrını çözmek",,
akıl ermek,"anlamak, çözmek",,
akıl etmek,herhangi bir önlem veya çareyi zamanında düşünmek,,
akıl havsala almamak,akla mantığa sığmamak,,
akıl hocalığı taslamak,"bir işte doğruyu, iyi olanı gösterdiğini sanmak",,
akıl hocalığı yapmak,"bir işte doğruyu, iyi olanı göstermek",,
akıl kârı olmamak,akıllı bir kişinin yapacağı iş olmamak,,
akıl öğretmek,"birine nasıl davranacağını göstermek, yol göstermek, akıl vermek",,
akıl sır ermemek,"bir işin niteliğini, gizli yönlerini anlayamamak",,
akıl vermek,akıl öğretmek,,
akıl yürütmek,herhangi bir konuda fikir vermek | tahminde bulunmak,,
akım derken bokum demek,sözünü yerli yerince söyleyememek,,
akıncılık etmek,"düşman ülkesindeki karşı güçleri yıldırmak, tedirgin etmek",,
akıntıya kapılmak,"bir akıntının etki alanına girmek, akıntı ile birlikte sürüklenmek | etki altında kalarak bir topluluğun davranışına katılmak",,
akıntıya (veya akıntıya karşı) kürek çekmek,olmayacak bir iş uğrunda boşuna çabalamak,,
akıntı vermek,"dam, balkon, banyo, mutfak vb. yerlerde suyun akacağı yöne doğru zemine eğim kazandırmak",,
akın etmek,"düşman ülkesine saldırmak, baskın yapmak | toplu olarak gitmek, üşüşmek",,
akıp gitmek,çabuk geçmek,,
akil baliğ olmak,ergenleşmek,,
akim kalmak,"sonuca ulaşamamak, başarı sağlayamamak",,
akis uyandırmak,yankı uyandırmak,,
akla fenalık vermek,"çok şaşırtmak, çıldırtmak, zıvanadan çıkarmak",,
akla gelmek,hatırlamak,,
akla gelmemek,hatırlanamamak | olabileceğini düşünmemek,,
akla hayale gelmemek,inanılmamak,,
akla karayı seçmek,"bir işi başarıncaya değin çok sıkıntı çekmek, güçlüklerle karşılaşmak",,
akla sığmamak,"inanılacak gibi olmamak, akla uygun gelmemek",,
akla (veya akıllara) durgunluk (veya şaşkınlık) vermek,hayranlık uyandırmak,,
aklına bir şey gelmek,hatırlamak,,
aklına düşmek,hatırlamak | kafasında bir düşünce doğmak,,
aklına esmek,daha önce düşünmemiş olduğu şeyi birden yapmaya karar vermek,,
aklına geleni söylemek,rastgele konuşmak,,
aklına geleni yapmak,her istediğini önünü sonunu düşünmeden yapmak,,
aklına gelmek,"anımsamak | bir şeyi yapmayı düşünmek, tasarlamak",,
aklına getirmek,hatırlatmak | olabileceğini düşünmek,,
aklına getirmek,hatırlamak,,
aklına koymak,bir şeyi yapmaya kesin olarak karar vermek | çok istemek,,
aklına koymak,"bir kimse birine, bir şey telkin etmek",,
aklına mukayyet olmak,aklını başına toplamak,,
aklına sığdırmak,"bir şeyin olabileceğine inanmak, aklı almak",,
aklına sığmamak,"anlayamamak, kavrayamamak | olabileceğine inanmamak",,
aklına takmak,"sürekli olarak bir şeyi düşünmek, bir düşünceye saplanıp kalmak",,
aklına uymak,"başka birinin düşüncesine göre iş yapmak, davranmak",,
aklına yatmak,doğru olduğunu kabul etmek,,
aklına yelken etmek,düşüncesizce davranmak veya aklına geleni hemen yapmak,,
aklından çıkarmamak,"sürekli hatırlamak, unutmamak",,
aklından çıkmak,unutmak,,
aklından geçirmek,"bir şeyi yapmayı düşünmek, tasarlamak",,
aklından geçmek,düşünmek,,
aklından zoru olmak,akla sığmayacak işler yapmak,,
aklında kalmak,hatırlamak | unutmamak,,
aklında tutmak,bellemek | unutmamak,,
aklının ayarını bozmak,"doğru düşünemez, davranamaz duruma gelmek",,
aklının bir köşesine yazmak,ileride hatırlamak üzere belleğine almak,,
aklının köşesinden geçmemek,hiçbir zaman düşünmemek,,
aklının terazisi bozulmak,akıllıca olmayan davranışlarda bulunacak bir duruma düşmek,,
aklının ucundan bile geçirmemek,hiçbir şekilde düşünmemek,,
aklını başından almak,"bir şey birini düşünemeyecek bir duruma getirmek, çok şaşırtmak",,
aklını başka yere vermek,konuşulan konudan başka bir şey düşünür olmak,,
aklını çalmak,ilgisini aşırı derecede çekmek,,
aklını çelmek,"niyetinden, kararından caydırmak | ayartmak, baştan çıkarmak",,
aklını devşirmek,aklı başına gelmek,,
aklını kaçırmak,"delirmek | gereksiz, yersiz iş yapmak",,
aklını karıştırmak,"birini ne yapacağını bilemez duruma getirmek, şaşırtmak, bocalatmak",,
aklını kullanmak,iyice düşünüp taşınarak hareket etmek,,
aklını oynatmak,çıldırmak,,
aklını peynir ekmekle yemek,akılsızca ve düşüncesizce davranışta bulunmak,,
aklını şaşırmak,"yerinde olmayan bir iş yapmak, yersiz düşünmek",,
aklını takmak,aklına takmak,,
aklını yormak,"hatırlamaya çalışmak, zihnini zorlamak",,
aklını (bir şeyle) bozmak,bir şey üzerine çok düşerek hep onunla uğraşıp durmak,,
aklın süzgecinden geçirmek,"etraflıca düşünmek, çok iyi muhakeme etmek",,
aklı almamak,"biri bir şeyi anlayamamak, kavrayamamak | bir şeyin olabileceğine inanmamak | uygun bulmamak",,
aklı başına gelmek,"davranışlarının yanlışlığını sezerek doğru yolu bulmak | ayılmak, kendine gelmek",,
aklı başından gitmek,çok sevinçten veya çok korkudan ne yapacağını şaşırmak,,
aklı başında olmamak,iyi düşünebilir durumda olmamak,,
aklı başka yerde olmak,başka şeyler düşünmek,,
aklı bir yerde olmak,bir iş yaparken başka bir şey düşünmek,,
aklı bir (veya beş) karış yukarıda (veya havada) olmak,değişik sebeplerden dolayı dengeli düşünemez durumda olmak,,
aklı bokuna karışmak,korkudan şaşırıp ne yapacağını bilememek,,
aklı çıkmak,sonucun kötü olacağını düşünerek korkuya kapılmak,,
aklı dağılmak,"düşünceyi belli bir konu, sorun üzerinde toplayamamak",,
aklı durmak,"düşünemez bir duruma gelmek, şaşırmak",,
aklı ermek,anlayabilmek | akılca olgunlaşmak,,
aklı fikri bir şeyde olmak,düşüncesini bir konuda yoğunlaştırmak,,
aklı gitmek,"şaşırmak, korkmak | çok beğenmek, bayılmak",,
aklı kalmak,"beğendiği bir şeyi düşünmekten kendini alamamak | arzu edildiği hâlde ulaşılamayan veya elden çıkan bir şeyi hasretle, endişeyle, merakla düşünmek, düşünmekten kendini alamamak, bir türlü unutamamak",,
aklı karışmak,"ne yapacağını bilememek, şaşırmak, bocalamak",,
aklı kesmek,"anlamak, idrak etmek | bir şeyin olabileceğine inanmak",,
aklı kesmemek,"anlayamamak, idrak edememek | sonucu tahmin edememek",,
aklı sonradan gelmek,verdiği kararın yanlış olduğunu anlayıp vazgeçmek | bir şeyi sonradan hatırlayarak yapmak,,
aklı takılmak,zihni bir şeyle sürekli olarak uğraşmak,,
aklı yatmak,"anlamaya başlamak, olacağına inanmak",,
aklı zıvanadan çıkmak,"delirmek, aklını oynatmak",,
akort etmek,düzenli ve doğru ses vermesi için çalgıları ayarlamak,,
akraba çıkmak,konuştuktan sonra akraba olduklarını anlamak,,
akraba olmak,evlilik yoluyla yakınlık kurmak,,
aksiliği tutmak,"güçlük çıkarmak, inadında direnmek",,
aksilik çıkmak,engel ortaya çıkmak,,
aksilik etmek,"güçlük çıkarmak, uyuşmaya yanaşmamak | inatçılık etmek | ters davranmak | huysuzluk etmek",,
akşama kalmak,"iş gecikmek, bitmemek",,
akşama kalmak,"iş gecikmek, bitmemek",,
akşamcılık etmek,akşamcılar içki içmek amacıyla bir araya gelmek,,
akşamı akşam etmek,akşamın olmasını sabırsızlıkla beklemek,,
akşamı zor etmek,bir türlü akşam olmamak,,
aktarma yapmak,bir taşıttan ötekine geçmek | bütçede bir bölümden başka bir bölüme ödenek geçirmek,,
aktif rol oynamak,bir işte etkili olmak,,
aktüalitesini kaybetmek,güncelliğini yitirmek,,
aküsü bitmek,"taşıtlarda depolanan enerji bitmek | bitkin düşmek, çok yorulmak | iyice yaşlanmak, elden ayaktan düşmek",,
ak dediğine kara demek,inatçılık ederek karşısındaki ile anlaşmaya yanaşmamak,,
ak sakaldan yok sakala gelmek,çok yaşlanıp iyice kuvvetten düşmek,,
alabandayı yemek,adamakıllı azarlanmak,,
alabanda etmek,"dümeni sağa veya sola, sonuna kadar çevirmek",,
alabanda vermek,"birini azarlamak, paylamak, haşlamak, kuru gürültü ile korkutmak",,
alabora etmek,"rüzgâr, dalga vb. gemi, tekne, sandal vb. deniz araçlarını devirip ters döndürmek | altüst etmek",,
alabora olmak,"gemi, tekne, sandal vb. deniz araçları devrilip ters dönmek | işler altüst olmak",,
alacağı olmak,birinden alınacak parası olmak | bir teklifi vakit darlığından dolayı kibarca geri çevirmek,,
alacaklı çıkmak,alacağı vereceğinden çok olmak,,
alacaklı olmak,birinden alacağı bir şey bulunmak,,
alaca düşmek,meyve olgunlaşmaya başlamak,,
alakadar etmek,ilgilendirmek,,
alakadar olmak,ilgilenmek,,
alakayı (veya alakasını) kesmek,"ilgisi kalmamak, ayrılmak",,
alaka duymak,ilgi duymak,,
alaminüt yemek,Sipariş üzerine hemen hazırlanan yemek,,
alan talan etmek,"darmadağınık bir duruma getirmek, altüst etmek | yağma etmek, yağmalamak",,
alan talan olmak,"darmadağınık bir duruma getirilmek, altüst olmak | yağma edilmek, yağmalanmak",,
alargadan seyretmek,uzaktan bakmak,,
alarga durmak,"deniz aracı kıyıdan veya başka bir deniz aracından uzakta beklemek | uzak durmak, karışmak istememek, ilgisiz davranmak",,
alarga etmek,"açık denize çıkmak, engine açılmak | geri çekilmek, uzaklaşmak",,
alarga gitmek,uzak durmak,,
alarma geçmek,"beliren tehlikeye karşı direnebilecek, dayanabilecek duruma gelmek",,
alaşağı etmek,"yetkilerini elinden alıp birini yerinden uzaklaştırmak, atmak, kovmak | kapıp yere vurmak | kötülemek, değersiz göstermek",,
alaşağı etmek,"yetkilerini elinden alıp birini yerinden uzaklaştırmak, atmak, kovmak | kapıp yere vurmak | bir şeyi veya bir kimseyi güç kullanarak devirmek | kötülemek, değersiz göstermek",,
alaya almak,alay etmek,,
alaya bozmak,alay niteliği vermek,,
alaya çıkmak,askerî bir okulda başarı gösteremeyerek kıtaya gönderilmek [askerlik],,
alaya vurmak,ciddiyken sonradan alay ediyormuş gibi bir havaya girmek,,
alay etmek,"ses tonu, söz veya mimiklerle bir kimsenin, bir şeyin, bir durumun, gülünç, kusurlu, eksik vb. yönlerini küçümseyerek eğlence konusu yapmak, onu aşağılamak veya gülünç duruma düşürmek",,
alay geçmek,alay etmek,,
alay gibi gelmek,inanılacak gibi olmamak,,
albenisi olmak,çekiciliği bulunmak,,
albeni vermek,"çekiciliğini artırmak, ilgi toplamak, hoş ve güzel göstermek",,
alçacık dağları ben yarattım demek,"çok kurumlu olmak, kendini çok beğenmek",,
alçaktan uçmak,atılan palavra düzeyi az olmak,,
alçı çekmek,sıva vurulmuş duvarı alçı ile düz duruma getirmek,,
aldığı abdest ürküttüğü kurbağaya değmemek,"sağladığı yarar, verdiği zararı karşılamamak",,
aldırış etmemek,"ilgi göstermemek, ilgilenmemek, ilgisiz kalmak | önem vermemek, aldırmamak, umursamamak",,
alem olmak,simge olmak,,
alesta beklemek,hazır durumda beklemek,,
alesta durmak,alesta beklemek,,
alesta tutmak,hemen kullanılabilecek durumda bulundurmak,,
alet etmek,bir kimseyi hoş olmayan bir işte aracı olarak kullanmak,,
alet olmak,"bilerek veya bilmeyerek kötü bir işe aracılık etmek, vasıta olmak",,
alev alev yanmak,alevler çıkararak yanmak | hasta çok ateşli olmak,,
alev almak,"tutuşmak, yanmaya başlamak | coşmak, heyecanlanmak, heyecana gelmek | öfkelenmek, kızmak | telaşlanmak",,
alev bacayı (veya saçağı) sarmak,"bir olay, önüne geçilemez bir durum almak | gönül işi oldukça ilerlemek",,
alev gibi parlamak,"canlı, ışıl ışıl olmak",,
aleyhe dönmek,"karşı durum almak, karşı duruma geçmek",,
aleyhe dönmek,destek vermekten vazgeçip karşı duruma geçmek,,
aleyhinde olmak,birine karşı olumsuz duygu ve davranış içinde bulunmak,,
aleyhine dönmek,destek vermekten vazgeçip karşı duruma geçmek,,
aleyhine olmak,"bir iş, birinin zararına olmak, onun için iyi olmamak",,
aleyhte olmak,karşı durum almak,,
alıcı bulmak,müşteri bulmak,,
alıcı çıkmak,"müşteri olmak | istemek, talip olmak",,
alıcı gözüyle bakmak,inceden inceye gözden geçirmek,,
alıcı kılığına girmek,müşteri gibi davranmak,,
alım çalım yapmak,çalımlanmak,,
alın teri dökmek,"çok emek vermek, zahmetli bir iş görmek",,
alın (veya alnının) teri ile kazanmak,"hak ederek, çalışarak, emek vererek kazanmak",,
alıp başını gitmek,başını alıp gitmek,,
alıp götürmek,"yakalayıp götürmek, derdest etmek",,
alıp satmaz görünmek,ilgisiz görünmek veya davranmak,,
alıp sattığı olmamak,hiç ilgisi bulunmamak,,
alıp vereceği olmamak,bir kimseyle hiçbir ilgisi olmamak,,
alıp verememek,"anlaşamamak, çekememek, geçinememek",,
alıp vermek,kalp çarpıntısı geçirmek | herhangi bir konu üzerinde yoğun olarak düşünmek,,
alıp yürümek,"az zamanda çok ilerlemek, yayılmak, çoğalmak, artmak",,
alışık olmak,alışkın olmak,,
alışkanlığında olmak,"iyice alışık bulunmak, huy hâline getirmek",,
alışkanlıktan (veya alışkanlığından) kopamamak,"belli bir huydan vazgeçememek, alışıklığı bırakamamak",,
alışkanlık edinmek,"bir şeyi sürekli yapar olmak, itiyat edinmek",,
alışkanlık hâline getirmek,bir şeyi sürekli yapar olmak,,
alışkın olmak,"iyice alışmış olmak, yabancılık çekmemek",,
alışkı edinmek,alışkanlık durumuna getirmek,,
alışverişe çıkmak,ihtiyaçları temin etmek için çarşıya gitmek,,
alışverişi kesmek,biriyle ilgisi kalmamak | ilişkiyi koparmak,,
alışveriş yapmak,alım satım işini gerçekleştirmek,,
alkış almak,çok beğenilmek,,
alkış kopmak,birdenbire güçlü bir biçimde el çırpılmak,,
alkış toplamak,çok alkışlanmak,,
alkış tufanı kopmak,sürekli ve coşkun alkış başlamak,,
alkış tutmak,"topluca el çırparak yüksek sesle ""yaşa, var ol"" vb. sözler söyleyerek birini alkışlamak | taraftar olmak, belli bir görüşten yana olmak",,
alkol duvarını aşmak,çok sarhoş olmak,,
Allah'ın binasını yıkmak,kendini veya başkasını öldürmek,,
Allah yarattı dememek,"kıyasıya dövmek, çok hırpalamak",,
allak bullak etmek,karmakarışık bir duruma getirmek | bir yeri veya bir şeyi dağıtmak | düzeni bozmak,,
allak bullak olmak,"çok karışık duruma gelmek, altı üstüne gelmek, karmakarışık olmak, düzeni bozulmak | karışmak | şaşkına dönmek",,
allamak pullamak,"bir şeyi, bir yeri süslemek, donatmak",,
allameicihan olmak,çok bilgili olmak | çokbilmiş görünmek,,
allamelik taslamak,"her şeyi bilir görünmek, bilgiçlik taslamak",,
allame kesilmek,allamelik taslamak,,
allanıp pullanmak,çok süslenmek,,
alnına kara sürmek,bir kimsenin haksız yere kötü tanınmasına yol açmak,,
alnından öpmek,"beğenmek, takdir etmek",,
alnında yazılmış olmak,"bir olayın, kişinin başına gelmesini Allah yazmış olmak",,
alnını karışlamak,küçümseyerek meydan okumak,,
altıdan yemek,hastanelerde perhizi olmayan hastalara verilen tam yemek,,
altına imza atmak,destek vermek amacıyla aynı düşüncede olduğunu göstermek,,
altına imza koymak,konuyu veya anlaşmayı kabul ettiğini belirtmek,,
altından almak,yatalak hastanın idrar ve dışkı temizliğini yapmak,,
altından çapanoğlu çıkmak,"bir işin gizli kalmış kötü ve aksak yanıyla, kuşkulu bir durumuyla karşılaşmak | bir işte gizli niyet, hile bulunmak",,
altından girip üstünden çıkmak,"malı, parayı düşüncesizce harcayıp tüketmek | ne yapıp edip istediğini yaptırmak | halletmek | karıştırmak",,
altından kalkamamak,"bir işi başaramamak, becerememek, üstesinden gelememek | kendini savunamamak",,
altından kalkmak,zor bir işi başarmak,,
altında kalmak,ezilmek | karşılığını verememek,,
altında kalmamak,"karşılığını vermek, gördüğü iyilik veya kötülüğü karşılıksız bırakmamak",,
altını çizmek,"bir sözün önemini belirtmek, üzerine dikkati çekmek, vurgulamak",,
altını değiştirmek,bebeğin çiş veya dışkı ile kirlenen bezini yenilemek,,
altını ıslatmak,altına etmek,,
altını kapatmak,ocağın alevini kapatmak,,
altını kısmak,ocağın alevini azaltmak,,
altını üstüne getirmek,"bir şey bulmak için aramadık yer bırakmamak | söz veya tutumuyla çevreyi birbirine düşürmek, karmakarışık etmek",,
altını yakmak,ocağı açarak tencereyi ısıtmaya başlamak | pişmekte olan yemeği suyu bitinceye kadar ocakta tutup yanmasına yol açmak,,
altın adını bakır etmek,şeref ve itibarına leke düşürmek,,
altın çağını yaşamak,"en başarılı, en verimli döneminde bulunmak",,
altın çağını yaşamak,"en başarılı, en verimli döneminde bulunmak | bir şeyin en çok kullanıldığı, tüketildiği dönem",,
altın kesmek,çok para kazanır olmak,,
altın leğene kan kusmak,varlık içinde hastalık veya sıkıntı çekerek yaşamak,,
altın suyuna batırmak,madenî bir cismi altın suyuna daldırarak altınla kaplamak,,
altın yürekli olmak,"çok iyi niyetli, merhametli olmak",,
altı okka etmek,birini kollarından ve bacaklarından tutup yukarı kaldırarak sallamak veya götürmek,,
altı tutmak,pişirilirken yiyecek hafifçe yanmak,,
altı yaş olmak,"işe birtakım oyunlar karışmak, böyle bir işe girişmekte sakıncalar bulunduğu anlaşılmak",,
altmışaltıya bağlamak,geçici bir çözümle durumu kurtarmış görünmek,,
alttan almak,"sert konuşan bir kimseye yumuşak bir dil kullanmak, aşağıdan almak",,
alttan güreşmek,gizli gizli yenme yollarını kollamak,,
altta kalmak,"herhangi bir iyiliğin karşılığını ödeyememek | herhangi bir çatışmada, çekişmede yenilmek",,
altüst etmek,"alt yüzünü üst yüzüne getirmek | çok karışık duruma getirmek, düzenini bozmak | yıkmak, harap etmek | huzursuz etmek, rahatsızlık vermek",,
altüst olmak,"çok karışık duruma gelmek | üzülmek, tedirgin olmak, yıkılmak | rahatsızlanmak",,
alt çenesinden girip üst çenesinden çıkmak,"bir kimseyi konuşup bunaltarak ikna etmek, istediğini yaptırmak",,
alt çenesi oynamak,rüşvet alıp yemek,,
alt etmek,"üstünlük sağlamak, yenmek",,
alt olmak,yenilmek (II),,
alt perdeden konuşmak,hafif sesle yavaş konuşmak,,
alyon kesilmek,zenginlik taslamak,,
al al olmak,"“kızarmak, kıpkırmızı olmak” anlamında kullanılan bir söz",,
al kanlara boyanmak,yaralanmak | vurularak ölmek | şehit olmak,,
amaç edinmek,kendine bir şeyi amaç olarak kabul etmek,,
amaç gütmek,bir amacı gerçekleştirmeye çalışmak,,
amana gelmek,önce direnirken zor karşısında boyun eğmek,,
amana getirmek,"karşı koyan birini boyun eğmek zorunda bırakmak, zor durumda bırakmak",,
aman aralık vermemek,"göz açtırmamak, fırsat vermemek | acımayıp öldürmek",,
aman bırakmamak,kurtuluş imkânını ortadan kaldırmak,,
aman bulmak,kurtulmak,,
aman dilemek,önce direnirken zor karşısında boyun eğip canının bağışlanmasını dilemek,,
aman vermek,"canını bağışlamak, öldürmemek",,
aman vermemek,"rahat bırakmamak, göz açtırmamak | acımayıp öldürmek",,
aman zaman bilmemek,hâlden anlamamak,,
aman zaman dedirtmemek,"aman vermemek, söz hakkı tanımamak",,
aman zaman vermemek,"göz açtırmamak, fırsat vermemek",,
ambalaj yapmak,"eşyayı mukavva, kâğıt, tahta, plastik vb. malzemeyle sarmak, kaplamak",,
ambargoyu kaldırmak,ambargo ile ilgili yasaklamayı kaldırmak,,
ambargo koymak,"bir malın serbest sürümünü engellemek | gemilerin limanlardan hareketini yasaklamak | bir mala el koymak, müsadere etmek | siyasi, ekonomik, sosyal alanlarda caydırmak amacıyla yaptırım uygulamak",,
amcalık etmek,birine amca gibi yakınlık göstermek,,
ameliyata almak,gerekli hazırlıkların yapılmasından sonra hastayı ameliyat etmek,,
ameliyata girmek,ameliyat işlemlerini gerçekleştirmek | ameliyat olmak,,
ameliyat etmek,"operatör, hastaya kesme ve dikme yoluyla müdahale etmek",,
ameliyat olmak,hastaya ameliyat işlemleri yapılmak,,
ameliyat (veya ... ameliyatı) geçirmek,ameliyat edilmiş olmak,,
amorf olmak,"dengesi bozulmak, dağılmak",,
amorti etmek,bir girişime yatırılan parayı zamanla kazanç olarak geri getirmek,,
amuda kalkmak,iki eli üstüne dayanarak bacakları ve bedeni havada dikey tutmak,,
anafora kapılmak,girdaba kapılarak sürüklenmek | karmakarışık bir durum içerisinde kalmak,,
anafora kaptırmak,başkasının emeksiz ve karşılıksız olarak yararlanmasına sebep olmak,,
anafora konmak,bir şeyi emek harcamadan elde etmek,,
anafora vermek,"elinde bulunan varlığını boşu boşuna harcamak veya kumar, içki gibi şeylerle heba etmek",,
anahtarı beline takmak,evde yönetimi ele almak,,
anahtar deliğinden bakmak,gizlice gözetlemek,,
anahtar uydurmak,bir kilidi açmak için kendi anahtarından başka bir anahtar kullanmak,,
anahtar vermek,tuluat tiyatrosunda komiğe nükte yapma kolaylığı vermek [tiyatro],,
analık etmek,analık görevini yapmak | ana gibi yakınlık göstermek,,
analiz edilmek,çözümlenmek | değerlendirilmek,,
analiz etmek,çözümlemek [kimya] | değerlendirmek,,
anasına avradına sövmek,birinin anasını ve karısını amaçlayarak çirkin söz söylemek,,
anasından doğduğuna pişman etmek,"çok eziyet etmek, çok üzmek, bezdirmek",,
anasından doğduğuna pişman olmak,"çok eziyet görmek, çok üzülmek, bezdirilmek",,
anasından emdiği sütü burnundan getirmek,birine bir iş yaptırırken çok sıkıntı çektirmek,,
anasından emdiği süt burnundan (fitil fitil) gelmek,bir işi yaparken çok sıkıntı çekmek,,
anasının nikâhını istemek,bir şeye değerinden çok para istemek,,
anasını ağlatmak,"bir kimseye çok eziyet etmek, çok sıkıntı çektirmek",,
anasını bellemek,“annesinin ırzına geçmek” anlamında küfür sözü | kötü muameleye maruz bırakmak,,
anası ağlamak,"çok sıkıntı çekmek, eziyet çekmek, bitkin duruma gelmek",,
ana baba eline bakmak,ana ve babanın verdiği para ile geçinmek,,
ana rahmine düşmek,döl yatağında cenin oluşmak,,
ana yemek,Geleneksel Türk mutfağında çorbadan sonra gelen en önemli yemek; başyemek,,
andını bozmak,"andına uymamak, andına aykırı davranmak",,
angaryaya koşmak,birini zorunlu olmadığı hâlde bir işte çalışmaya zorlamak,,
angarya (veya angaryasını) çekmek,"bir işi isteksizce, hatır için yapmak zorunluluğunda olmak",,
anız biçmek,anızı ve tarla kenarındaki otları biçmek,,
anız bozmak,anızı altüst etmek için toprağı yüzden sürmek,,
anı anına uymamak,dakikası dakikasına uymamak,,
anjiyo olmak,kalp ve damar hastalıkları sorunu olan kişiler damarlarına ince tüplerle girilerek  damarlardaki tıkanıklıkları ve diğer sorunlar teşhis olunmak,,
anket yapmak,herhangi bir konuyla ilgili durum ve tutumu belirlemek için ayrıntılı ve kapsamlı olarak hazırlanmış soruları kişilere sormak,,
anlamına gelmek,bir anlam bildirmek,,
anlam çıkarmak,"bir cümleden veya metinden yeni ve değişik bir anlam yakalamak | yersiz ve gereksiz bir yargıya varmak, yanlış değerlendirmek; bir söze, söyleyenin aklından geçmeyen bir anlam vermek",,
anlam vermek,"kendince bir yargıya varmak, yorumlamak",,
anlaşmaya varmak,bir konuda birisiyle anlaşmak,,
anlaşmazlığa düşmek,"anlaşamamak, uyuşamamak",,
anlaşmazlık çıkmak,bir konuda uyuşmazlık söz konusu olmak,,
anlaşma yapılmak,anlaşma belgesi düzenlenip imzalanmak,,
anlata anlata bitirememek,beğenilen bir şeyi uzun uzun anlatmak,,
anlayıp dinlemek,bir olayı iyice anlamak,,
anlayış göstermek,"yapılan, istenilen veya söylenilen bir şeyi hoşgörüyle karşılamak",,
annelik etmek,annelik görevini yapmak | anne gibi ilgi ve yakınlık göstermek,,
anne olmak,"kadın, çocuk sahibi olmak",,
anons etmek,"bir durumu, bir haberi, bir duyuruyu hoparlör, radyo vb. ile halka bildirmek",,
antant kalmak,"anlaşmak, mutabık kalmak",,
antikasını bilmek,en iyisini bilmek,,
antipatik bulmak,sevimsiz ve itici bulmak,,
antipatik olmak,"sevimsiz, istenmeyen olmak",,
antipati duymak,olumsuz duygular taşımak,,
antrenman yapmak,idman yapmak,,
ant içmek,bir şeyi yapmaya veya yapmamaya söz vermek; yemin etmek,,
ant verdirmek,ant içmesini sağlamak | herhangi bir şeyi yapmaması için söz almak,,
ant vermek,"Allah aşkına, çocuklarının başı için vb. sözlerle karşısındakini bir şeye zorlamak",,
apışıp kalmak,ne yapacağını bilemez duruma gelmek,,
apoletleri sökülmek,bir suç sebebiyle rütbesi indirilmek veya askerlikten atılmak,,
aportta beklemek,köpek avını kovalamak üzere hazırda beklemek | fırsat kollamak,,
aport etmek,kapıp getirmek,,
apse yapmak,yara içinde irin oluşmak,,
aptallığa vurmak,"bir şeyi bilmez, anlamaz gibi görünmek",,
aptallık etmek,aptalca davranmak veya aptalca iş görmek,,
aptal olmak,aptal durumda bulunmak,,
aptal yerine koymak,"hiçbir şeyden anlamaz, bilmez sanmak, aptal gözüyle bakmak | birini aptal durumuna düşürmek",,
arabanın tekerine taş koymak,"bir işin, bir şeyin olmaması için güçlük çıkarmak",,
arabasını düze çıkarmak,karşılaştığı güçlükleri yenip işini kolay yürür duruma getirmek,,
araba kullanmak,arabayı sürmek,,
aracılık etmek,bir işin çözümünde araya girerek yardım etmek; tavassut etmek,,
aracı koymak,"bir kimseyi, uzlaşma sağlamak için görevlendirmek",,
aradan çekilmek,"ara bulucu olmaktan vazgeçmek | herhangi bir iş yapılırken işi başkalarına bırakmak, ilişiğini kesmek",,
aradan çıkarmak,o anda yapılan işler arasında başka bir işi de yapıvermek,,
aradan çıkmak,"yapılması gereken öteki işlerle uğraşılabilmesi için bir iş önce bitirilmek | sıkışık bir durumda, sıkıntılı bir zamanda işe engel olan kimse oradan uzaklaşmak | kendini bir sorunun, bir davanın dışında tutmak",,
aradan kaldırmak,iş yapma imkânını yok etmek,,
aradan sıyrılmak,"kötü bir işten kendini kurtarmak | çatışan gruplar arasındaki rekabetten yararlanarak öne çıkmak | yarışta rakiplerinden uzaklaşmak, öne çıkmak [spor]",,
arada çıkarmak,başka işler arasında bir işi de yapıvermek,,
arada kalmak,iki tarafı uzlaştırmak üzere araya girme dolayısıyla güç duruma düşmek,,
arada kaynamak,karışık bir durumda gereken ilgiyi görmemek,,
Arafat'ta soyulmuş hacıya dönmek,"her şeyini kaybedip çırılçıplak kalmak, çaresiz kalmak",,
arafta kalmak,"(arafta kalmak) iki arada kalmak, iki şey arasında tercih yapamamak",,
aralarına kara kedi girmek,"iki dost birbirine gücenmek, iki dostun arasına soğukluk girmek",,
aralarındaki buzları eritmek,"kırgınlığı, küslüğü ortadan kaldırmak",,
aralarından kara kedi geçmek,"birbirinden soğumak, aralarına soğukluk girmek",,
aralarından su sızmamak,"aralarında çok yakın, sıkı fıkı arkadaşlık bulunmak",,
aralarında dağlar kadar fark olmak,"aralarında her yönden büyük ayrılıklar bulunmak, benzer nitelikler çok az olmak",,
araları limoni olmak,aralarında hafif bir kırgınlık olmak,,
araları şekerrenk (veya serin) olmak,iki kişi arasında dostluk ilişkileri bozuk olmak,,
aralık vermek,yeniden başlamak üzere bir işi kısa süre bırakmak | harfler veya satırlar arasında boşluk bırakmak,,
arama yapmak,"yakalamak veya suç belgelerini elde etmek için bir kimsenin evinde, iş yerinde, üzerinde veya eşyasında araştırma yapmak",,
aramızdan ayrılmak,vefat etmek,,
aranıp taranmak,dikkatlice bir şey aramak,,
arapsaçına dönmek,işler çok karışıp çözümlenmesi güç bir duruma gelmek,,
arap gibi olmak,"simsiyah olmak, kararmak",,
arasatta kalmak,"iki arada kalmak, iki şey arasında tercih yapamamak",,
arasına (veya aralarına) karışmak,büyüyüp yetişmek,,
arasını (veya aralarını) bulmak,"araları bozulmuş iki kişiyi uzlaştırmak, barıştırmak",,
arası hoş (veya iyi) olmamak,o şeyden hoşlanmamak,,
arası hoş (veya iyi) olmamak,"o kimseyle aralarında gerginlik, geçimsizlik olmak",,
arası olmamak,geçinememek,,
arası soğumak,aradan zaman geçerek önemini yitirmek,,
araya almak,bir çevreye kabul etmek | dövmek,,
araya girmek,iki kişinin arasındaki bir işe karışmak | iki kişiyi uzlaştırmaya çalışmak | bir iş yapılırken ona engel olacak başka bir şey çıkmak,,
araya gitmek,"harcanmak, karışıklığa kurban olmak",,
araya kaynayıp gitmek,göz ardı edilmek,,
araya koymak,bir işte sözü geçer bir kimsenin aracılığına başvurmak,,
araya vermek,yararsız bir işe harcamak,,
araya (veya aralarına) soğukluk girmek,arada kırgınlık oluşmak,,
arayıp da bulamamak,beklenmedik kadar iyi bir kimse veya durumla karşılaşmak,,
arayıp sormak,biri hakkında haber sormak | birinin ziyaretine giderek ona karşı ilgi göstermek,,
arayıp (veya aramak) taramak,"dikkatle aramak, çok aramak",,
arayı açmak,aradaki uzaklık artmak | görüşmemek | iki taraf arasındaki dostluğu bozmak,,
arayı soğutmak,"eski yakınlık, samimiyet kalmamak",,
arayı yapmak,arasını bulmak,,
araziye uymak,"ortama, çevreye uymak | görünmemeye çalışmak",,
arazi açmak,"fundalık, koruluk, sazlık yerleri temizleyerek tarıma elverişli duruma getirmek",,
arazi olmak,sıvışmak | işten kaçmak,,
ara buluculuk etmek,anlaşma sağlanmasında yardımcı olmak,,
ara gazı vermek,birini yapması gereken bir işi daha iyi yapması için teşvik etmek,,
ara vermek,"yeniden başlamak için bir işi bir süre bırakmak, durmak | yeniden başlamak üzere konuşmayı durdurmak",,
ardına adam takmak,birini takip ettirmek,,
ardına (veya arkasına) düşmek,"arkasından gitmek, peşini bırakmamak",,
ardından atlı kovalamak,arkasından atlı kovalamak,,
ardından gitmek,peşine takılmak | aynı düşünceye sahip olmak,,
ardından teneke çalmak,arkasından teneke çalmak,,
ardını bırakmamak,peşini bırakmamak,,
ardını boşlamak,ilgilenmemek,,
ardını kesmek,"arkasını getirmemek, son vermek | önlemek, durdurmak",,
ardı kesilmemek,"arkası gelmemek, tükenmemek",,
arık çekmek,herhangi bir tarım aletiyle fide veya fidan dikilecek arıklar açmak,,
arına dokunmak,utanç duymak,,
arının yuvasına kazık (veya çöp) dürtmek,tehlikeli kişiyi kışkırtmak,,
arıza çıkarmak,"arıza yapmak | bir konuda rahatsızlığını belli etmek, sıkıntı çıkarmak",,
arıza yapmak,"bozulmak, işlemez duruma gelmek",,
arız olmak,"sonradan ortaya çıkmak | bulaşmak, musallat olmak",,
arı gibi sokmak,"iğnelemek, acı söz söylemek",,
arı kovanına (veya yuvasına) çomak sokmak,tehlikeli kişiyi kışkırtmak,,
arı kovanı gibi işlemek,bir yerin gireni çıkanı çok olmak,,
arifeyi gösterip bayramı göstermemek,bir işi sonuna kadar başarılı götürüp sonunda olumlu sonuca ulaşamamak,,
arkadan iş çevirmek,birisiyle ilgili gizli saklı işler yapmak,,
arkadan söylemek,"kendisi bulunmadığı bir yerde bir kimseyi çekiştirmek, dedikodusunu yapmak",,
arkadan vurmak,bir kimse kendisine güvenen ve inanan birine gizlice kötülük etmek,,
arkadaşlık etmek,"bir işte birlikte bulunmak | bir süre beraber bulunmak, birlikte gitmek, eşlik etmek, refakat etmek | huyları ve düşünceleri birbirine uymak",,
arkadaşsız kalmak,"arkadaşlarını yitirmiş olmak, hayatını arkadaşsız sürdürmek",,
arkadaş olmak,bir kimseyle yakın ilişki kurmak,,
arkada bırakmak,"birinden daha ileri gitmek | birinden uzaklaşmak, onunla bağını koparmak",,
arkada bırakmak,bir şeyden epey uzaklaşmış bulunmak | zaman veya düşünce bakımından geçmişte bırakmak,,
arkada kalmak,"geriden gelmek, geride kalmak | değerce ileride olanların arkasında kalmak, ileri gidememek",,
arkasına almak,"sırtına yüklemek, taşımak | at, araba vb. bir taşıtın arka tarafına bindirmek | uzaklaşıp arkada bırakmak | desteğini sağlamak",,
arkasından atlı kovalamak,bir işi gereksiz bir telaş içinde yapmak,,
arkasından koşmak,"iş yaptırmak için birinin arzusunu kollamak, görüşme fırsatı aramak | birine çok ilgi duymak | bir kimseyi yakalamak veya ona ulaşmak için arkasından hareketlenmek",,
arkasından söylemek,birinin olmadığı bir anda ve ortamda onunla ilgili iyi veya kötü ifadeler kullanmak,,
arkasından sürüklemek,arkasından gelmesini sağlamak,,
arkasından teneke çalmak,tenekeye sopa vb. ile vurarak giden bir kişiye hakaret etmek,,
arkasından zil takıp oynamak,birinin bir yerden ayrılmasına veya bir işte başarısızlığa uğramasına çok sevinmek,,
arkasını almak,bir işi tamamlamak,,
arkasını bırakmak,peşini bırakmak,,
arkasını dayamak,birinin koruyuculuğuna güvenmek,,
arkasını getirememek,başladığı bir işi sürdürüp sona erdirememek,,
arkasını sağlama almak,bir işe başlarken çok güçlü bir destek bulmuş olmak,,
arkasını sıvamak,"birini övmek, iltifat etmek",,
arkasını (birine) vermek,birinin koruyuculuğuna güvenmek,,
arkasını (bir şeye) vermek,sırtını dönmek,,
arkası alınmak,"sona erdirilmek, bitirilmek, bir yerde durdurulmak",,
arkası gelmek,"devamlı olmak, süreklilik göstermek",,
arkası kesilmek,"tükenmek, son bulmak",,
arkası olmamak,kayıracak kimsesi olmamak,,
arkası yere gelmemek,sırtı yere gelmemek,,
arkaya kalmak,"geride kalmak, sonraya kalmak, geriden gelmek",,
arka arkaya vermek,"birbirini korumak için birleşmek, destek olmak, dayanışmak",,
arka bulmak,"bir koruyucu, kayırıcı bulmak",,
arka çevirmek,sırt çevirmek,,
arka çıkmak,"bir kimseyi başkalarına karşı korumak, kayırmak",,
arka kapıdan çıkmak,okuldan başarısızlık nedeniyle ayrılmak,,
arka olmak,maddi veya manevi yönden destek olmak,,
arka plana itilmek,"gözden düşmek | önemini yitirmek, değersizleşmek",,
arka plana kaymak,arka planda kalmak,,
arka vermek,desteklemek | dayamak,,
arka (veya geri) planda kalmak,"gözden düşmek | önemini yitirmek, değersizleşmek | herhangi bir konu veya olayda kendini bilinçli olarak gizleyip varlığını hissettirmemeye çalışmak",,
armağan etmek,"bir şeyi birini sevindirmek, mutlu etmek, onurlandırmak, kutlamak için vermek, hediye etmek",,
arma budamak,düşman gemisinin yelken ve direklerini parçalamak,,
arma donatmak,armayı yerli yerine koymak [denizcilik],,
arma soymak,"hareketli olan armayı, limanda kışlamak, yağmur ve kardan korumak amacıyla bir süre için sökmek [denizcilik]",,
armonize etmek,herhangi bir melodiye eşlik etmesi için onunla uyumlu bölümler besteleyerek müzikal yapıtlar meydana getirmek | ahenkli duruma getirmek,,
"armudun sapı var, üzümün (veya kirazın) çöpü var demek","her şeye kusur bulmak, hiçbir şeyi beğenmemek",,
armuz açmak,ahşap teknelerin kalafat edilmeleri için armuzlarda bulunan eski kalafatları çıkarmak,,
arpacı kumrusu gibi düşünmek,içinde bulunduğu sorunu nasıl çözeceğini uzun uzun düşünmek,,
arpalık yapmak,bir kaynaktan sürekli olarak çıkar sağlamak,,
arpası çok gelmek,"coşmak, azmak, kudurmak",,
arsızlık etmek,"utanmadan, sıkılmadan, yüzsüzce davranmak | açgözlü davranmak",,
arşa çıkmak,"göğe kadar çıkmak, çok yükselmek",,
arşınına göre bez vermek,herkesin arzusuna göre hareket etmek,,
arşı tutmak,göğe kadar çıkmak,,
artık emek,"İşçinin, ek süre içinde harcadığı ve sonucunda artık değer yarattığı, karşılığı ödenmeyen emek [ekonomi]",,
art damak,Damağın arka bölümü [anatomi],,
art eteğinde namaz kılmak,çok temiz huylu olmak,,
arza girmek,Sadrazam divanda görüşülerek kararlaştırılan hususları arz etmek üzere padişahın huzuruna girmek,,
arzusu kalmak,"isteği yerine gelmemek, hevesini alamamak",,
arzu buyurmak,istemek,,
arzu duymak,birine veya bir şeye karşı istek duymak,,
arzu etmek,yürekten istemek,,
arz edilmek,sunulmak,,
arz etmek,sunmak | göstermek | saygı ile bildirmek,,
arz olunmak,sunulmak,,
ar etmek,utanmak,,
ar ve hayâ perdesi yırtılmak,"utanmamak, utanç duymamak | yüzsüzlük etmek",,
asabına dokunmak,sinirine dokunmak,,
asabını bozmak,sinirlerini bozmak,,
asabı bozulmak,"sinirleri bozulmak, sinirlenmek",,
asabı gerilmek,sinirleri bozulmak,,
asaleten atamak,Birini bir göreve sürekli olarak atamak,,
asaleten atanmak,Bir göreve sürekli olarak atanmak,,
asan eylemek,kolaylaştırmak,,
asfalt kesilmek,asfalt gibi sertleşmek,,
asıntıda bırakmak,"bir sonuca vardırmamak, sonuçlandırmamak",,
asıntıda (veya asıntı hâlinde) kalmak,"bir sonuca varmamak, sonuçlanmamak",,
asıntı olmak,"sırnaşmak, tebelleş olmak",,
asıp kesmek,"acımasız, çok sert ve istediği gibi davranmak",,
asilik etmek,"karşı gelmek, başkaldırmak",,
asist yapmak,sayı veya gol pası vermek,,
askere alınmak,askerlik ödevini yapmak için er eğitim merkezine gönderilmek,,
askere çağrılmak,askerliğini yapmak için askerlik şubesince istenmek,,
askere gitmek,askerlik ödevini yapmak için orduya katılmak,,
askerlik (veya askerliğini) yapmak,kanunlara göre yurttaşların yükümlü oldukları ordu hizmetinde bulunmak,,
asker çıkarmak,bir devlet belli kanunlara bağlı olarak asker toplamak | genellikle düşman kıyılarına asker göndermek,,
asker ocağına vermek,askere göndermek,,
asker olmak,askerlik ödevine başlamak,,
asker toplamak,belirli kurallarla ordu için gerekli kimseleri silah altına almak,,
askıda bırakmak,sonuca vardırmamak,,
askıda kalmak,bir iş bir engel dolayısıyla sonuca varamamak,,
askıntı olmak,başkalarının sırtından geçinmek | karşı cinsi rahatsız etmek,,
askıya almak,"altı boşalıp desteği kalmayan yapıyı dikmelerle boşlukta tutarak yıkılmaktan kurtarmak | oturmuş veya batmış bir gemiyi yüzdürmek için başka teknelere asarak kaldırmak | bir işi zamanında yapmayıp belirsiz bir zamana bırakmak, savsaklamak",,
askıya çıkarmak,evlenecek kimselerin durumunu nüfus kayıtlarının bulunduğu yerde askı yoluyla ilan etmek,,
askıya çıkmak,ipek böceği koza sarmak üzere dallara çıkmak | evlenecek kimselerin durumu nüfus kayıtlarının bulunduğu yerde askı yoluyla ilan edilmek | seçmen listeleri muhtarlıklarda asılmak,,
askı indirmek,saz şairleri arasında yapılan deyiş yarışında üstün gelip duvarda asılı ödülü kazanmak,,
askı olmak,askıntı olmak,,
aslanın ağzında olmak,elde edilmesi çok güç olmak,,
aslan kesilmek,aslan gibi güçlü ve cesur duruma gelmek,,
aslına çekmek,soyunun özelliklerini taşımak,,
aslı astarı olmamak,"gerçekliği, doğruluğu bulunmamak",,
aslı çıkmak,"gerçek olduğu anlaşılmak, gerçek olduğu ortaya çıkmak",,
aslı faslı olmamak,"gerçekliği, doğruluğu bulunmamak",,
aşağıdan almak,alttan almak,,
aşağı almak,"devirmek, yıkmak",,
aşağı çekmek,değerini düşürmek,,
aşağı düşmek,"düzeyi, miktarı, niteliği azalmak",,
aşağı görmek,"küçük görmek, beğenmemek, hor görmek",,
aşağı kalmamak,herhangi bir nitelik bakımından geri olmamak,,
aşağı yukarı yürümek,bir baştan bir başa yürümek,,
aşçılık etmek,yemek pişirmek,,
aşığı cuk oturmak,işi çok olumlu bir biçim almak,,
aşık atmak,"yarış etmek, yarışmak | boy ölçüşmek",,
aşıramento etmek,"hırsızlık etmek, aşırmak",,
aşırıya kaçmak,"makul sınırın dışına çıkmak, fazla abartmak",,
aşırı gitmek,"ölçüyü kaçırmak, usandırmak",,
aşırı kaçmak,"Söz, davranış vb. bulunduğu yere veya duruma uygun düşmemek",,
aşikâr etmek,"belli etmek, ortaya çıkarmak, belirginleştirmek",,
aşikâr olmak,"belli olmak, ortaya çıkmak, belirginleşmek",,
aşinalık göstermek,"ilgilenmek, tanıdığını belli etmek",,
aşina olmak,"tanımak, bilmek",,
aşka düşmek,âşık olmak,,
aşka gelmek,"bir şeyi yapmak için büyük bir istek duymak, coşmak, coşkunluk göstermek",,
aşk yapmak,sevişmek,,
aşna fişnelik etmek,oynaşlık etmek,,
atadan babadan görmek,"gelenek olarak eskiden beri bilmek, yapmak, uygulamak",,
atağa kalkmak,rakibin sahasına akın yapmak | yarışın son anlarında hızı artırmak,,
atak yapmak,akın yapmak | atılım yapmak,,
atarlı olmak,birisine karşı veya bir olay karşısında korkusuzca güç gösterisinde bulunuyor olmak,,
atar yapmak,"korkusuz, cesur bir biçimde güç gösterisi yapmak",,
"ata et, ite ot vermek",bir işi ters yapmak,,
ateh getirmek,bunamak,,
ateşe tutmak,az ısıtmak | üzerine ateşli silahla mermi atmak,,
ateşe vermek,"ateş içine sokmak | bir yeri kasten yakmak, kundak sokmak | aşırı telaşa ve sıkıntıya düşürmek | bir ülkeyi savaşa sokarak veya kargaşa ve karışıklık yaratarak sıkıntı ve yıkıma uğratmak",,
ateşe vurmak,bir yemeği pişmek üzere ocağa koymak,,
ateşine yanmak,bir kimse yüzünden zarara uğramak,,
ateşini almak,"yüksek vücut ısısını düşürmek | derece ile ateşi ölçmek | acıyı, yanmayı azaltmak",,
ateşi başına vurmak,"çok öfkelenmek, sinirlenmek, coşmak",,
ateşi düşmek,hastanın ateşi geçmek veya azalmak,,
ateşi uyandırmak,sönmek üzere olan ateşi canlandırmak,,
ateşler içinde yanmak,hasta çok ateşli bir durumda olmak | bir şeye fazlasıyla tutulmak,,
ateşle oynamak,pek tehlikeli bir işle uğraşmak,,
ateş açmak,ateşli silahla mermi atmak,,
ateş almak,"yanmak, tutuşmak | ateşli silah patlamak | coşmak | telaşlanmak, heyecanlanmak | öfkelenmek | acele davranmak, acele etmek",,
ateş bacayı (veya saçağı) sarmak,bir olay önüne geçilemez bir durum almak | gönül işi oldukça ilerlemek,,
ateş basmak,"kızarmak, sıkılıp başına kan yürümek",,
ateş çıkmak,yangın çıkmak,,
ateş etmek,ateşli silahlarla mermi atmak,,
ateş gibi kesilmek,beklenmedik bir olay karşısında öfke sonucu kanı beynine sıçramak,,
ateş gibi yanmak,ateşi yükselmek,,
ateş kesilmek,"çok kızgın davranışlarda bulunmak, ateş püskürmek | sonradan çok çalışkan, hareketli ve becerikli olmak",,
ateş kesmek,ateşli silahlarla yapılan atışa son vermek,,
ateş püskürmek,çok öfkeli olmak,,
ateş saçmak,"çok kızmak, çok öfkelenmek",,
ateş vermek,tutuşturmak,,
ateş yağdırmak,ateşli silahlarla aralıksız mermi atmak | çevresindekilere ağır sözler söylemek,,
atıf almak,çalışmasına atıf yapılmak,,
atılı bulunmak,ertelenmiş olmak | atılmış olmak,,
atıl kalmak,herhangi bir işe yaramaz durumda olmak,,
atını sağlam kazığa bağlamak,işini güven altına almak,,
atıp (veya atmak) tutmak,bir kimse veya bir şey için kötü konuşmak | abartmalı konuşmak,,
atlama taşı yapmak,daha iyi bir yere geçmek için bir durumu veya bir kimseyi araç olarak kullanmak,,
atlarını itlerini nallamak,hızlı hareket etmek | bir işe heyecanla sarılmak,,
attan inip eşeğe binmek,bulunduğu önemli görevden daha aşağı bir göreve alınmak,,
attığı tırnağa değmemek,tırnağına değmemek,,
attığı tırnak kadar olamamak,"bir kimse, sözü edilenden daha değersiz olmak",,
at çalındıktan sonra ahırın kapısını kapamak,iş işten geçtikten sonra önlem almaya kalkışmak,,
at gözlüğüyle bakmak,"çevresinde olup bitenleri iyi algılayamamak, değerlendirememek",,
at izi it izine karışmak,iyiyi kötüden ayıramayacak kadar bir karışıklık ortaya çıkmak,,
at koşturmak,"çok geniş, alabildiğine rahat hareket edilebilecek yer ve ortam yaratmak veya bulmak",,
at oynatmak,atla hüner göstermek | yarışmak | bildiği ve istediği gibi davranmak,,
auta atmak,topu rakip takımın sahasında aut çizgisinden dışarıya atmak [spor],,
auta çıkmak,top rakip takımın sahasında aut çizgisinden dışarı çıkmak [spor],,
avanaklık etmek,saf (II) gibi davranmak,,
avans almak,öndelik almak,,
avans çekmek,öndelik çekmek,,
avans vermek,öndelik vermek,,
avantaja bırakmak,kurala göre oyunun durması gerekirken oyuncunun lehine olan durumdan dolayı oyunu devam ettirmek [spor],,
avantaj kullanmak,üstünlüğünü değerlendirmek,,
avaraya almak,o bölümün çalışmasını durdurmak,,
avara etmek,gemi yanaştığı kıyıdan veya başka bir gemiden uzaklaşmak,,
avara etmek,gemi yanaştığı kıyıdan veya başka bir gemiden uzaklaşmak,,
avare dolaşmak,işsiz güçsüz dolaşmak | kararsız ve dengesiz bir biçimde dolaşmak | şaşkın bir biçimde dolaşmak,,
avare etmek,bir kimseyi işinden alıkoymak | kararsız ve dengesiz bir duruma getirmek | şaşkın bir duruma getirmek,,
avare olmak,işsiz güçsüz dolaşmak | kararsız ve dengesiz bir duruma gelmek | şaşkın bir duruma gelmek,,
avaz avaz bağırmak,var gücüyle bağırmak,,
ava çıkmak,avlanmak için gitmek,,
avcılık etmek,avlanma ile uğraşmak,,
avdet etmek,"dönmek, geri gelmek",,
avucuna saymak,peşin olarak ödemek,,
avucunun içinde tutmak,bir kimseye istediğini yaptıracak güçte olmak,,
avucunun içine almak,bir kimseyi baskı ve etkisi altına almak,,
avucunun içi gibi bilmek,"bir yeri, bir şeyi çok iyi ve ayrıntılı olarak bilmek",,
avucunu yalamak,umduğunu ele geçirememek,,
avucu (veya avuçları) kaşınmak,avucundaki kaşıntıyı bir yerden para geleceğine yormak,,
avuç (veya avucunu) açmak,"dilenmek, para istemek | yardım istemek",,
avukat tutmak,adli işlemleri gereğince yerine getirmek için bir avukata vekâletname verip onu yetkili kılmak,,
avurdu avurduna geçmek,çok zayıflamak,,
avurt satmak,Beceremeyeceği şeyleri becerebilecekmiş gibi konuşmak | korkutucu sözler söylemek,,
avurt (veya avurtlarını) şişirmek,yanağın iç tarafındaki boşluğu su veya havayla doldurup şişkin duruma getirmek,,
ayağa düşmek,ilgisiz ve yetkisiz kimseler karışmak | artık her yerde bulunabilir olmak,,
ayağa fırlamak,hızla ayağa kalkmak,,
ayağa kaldırmak,telaş ve heyecana düşürmek,,
ayağa kalkmak,"ayakları üzerinde durmak, dikilmek | hasta iyileşip yürüyecek duruma gelmek | saygı göstermek için oturma durumundan ayaküzeri durumuna geçmek | harekete geçmek | isyan etmek | telaşlanmak, telaşa kapılmak, heyecanlanmak",,
ayağına bağ olmak,birinin bulunduğu yerden ayrılmasına veya yaptığı işi sürdürmesine engel olmak,,
ayağına bağ vurmak,önüne bir engel çıkarmak,,
ayağına çağırmak,yanına gelmesini istemek,,
ayağına çelme takmak,biri yürürken ayakları arasına ayak uzatıp düşürmek | birinin işinde yükselmesine engel olmak | sıkıntı vermek,,
ayağına düşmek,çok yalvarmak,,
ayağına geçirmek,bir şeyi aceleyle giymek,,
ayağına gelmek,alçak gönüllülük göstererek birinin yanına gelmek | emek çekilmeden elde edilmek,,
ayağına getirmek,"sıra, saygı gözetmeksizin birinin yanına gelmesini sağlamak",,
ayağına gitmek,alçak gönüllülük ederek veya saygı göstererek birinin yanına varmak,,
ayağına ip takmak,bir kimseyi çekiştirmek,,
ayağına kira istemek,"gelmeye nazlanmak, üşenmek",,
ayağına sıkmak,ayağına ateş ederek tehdit amacıyla gözdağı vermek,,
ayağına üşenmemek,"hamarat olmak, ayak işlerini bıkmadan, yorulmadan yapmak",,
ayağına (veya ayaklarına) kapanmak,alçalırcasına yalvarmak | bağışlanmak için yalvarmak,,
ayağının altına almak,tekme ile dövmek,,
ayağının altına karpuz kabuğu koymak,bir yolunu bulup bir kimseyi düzenle işinden uzaklaştırmak,,
ayağının bağını çözmek,karısını boşamak | sıkıntılı bir durumdan kurtulmak,,
ayağının pabucunu başına giymek,dengi olmayan bir kimseyle evlenmek | değersiz bir kimseyi üstün bir yere geçirmek,,
ayağının pabucu olamamak,değerce ondan çok aşağı olmak,,
ayağının türabı olmak,bir kimse başka bir kimseye kul gibi bağlanıp onun her emrini yerine getirmek,,
ayağını alamamak,ağrı veya uyuşma dolayısıyla ayağını oynatamamak | alışılan bir yere gitmekten kendini alamamak,,
ayağını bağlamak,engel olmak,,
ayağını çekmek,"sık sık gittiği bir yere artık uğramaz olmak, ilgiyi kesmek",,
ayağını denk almak,başkalarının kendisine yapma ihtimali bulunan kötülüklere karşı uyanık davranmak | dikkat etmek,,
ayağını denk basmak,dikkatli ve uyanık davranmak,,
ayağını giymek,ayakkabısını giymek,,
ayağını kaydırmak,bir yolunu bulup birini işinden veya görevinden uzaklaştırmak,,
ayağını kesmek,"bir yere gitmez olmak, uğramamak | başkasını bir yere artık uğramaz duruma getirmek",,
ayağını tek almak,bir işte iyi düşünüp dikkatli davranmak,,
ayağını vurmak,ayakkabı ayağını yara etmek,,
ayağını (veya ayaklarını) altına almak,tek bacağını (veya bacaklarını) kıvırıp üzerine oturmak,,
ayağını (veya ayaklarını) sürümek,verilen bir işi ağırdan almak | bir yerden uzaklaşmak üzere bulunmak | halk inanışına göre bir kimse gelirken ardından başkalarının da gelmesine yol açmak | ölmek üzere olmak,,
ayağı alışmak,bir yere sürekli gitmek,,
ayağı almak,halay oyunlarında ayağı tempoya uydurmak,,
ayağı düşmek,yolu düşmek,,
ayağı düze basmak,güçlükleri yenerek ilerisinden korkmayacak bir duruma girmek,,
ayağı gitmemek,gitmek istememek | oynarken çalınan oyun havasının ritmine uygun hareket edememek,,
ayağı ile gelmek,kendi isteğiyle gelmek | emek çekilmeden elde edilmek,,
ayağı yerden kesilmek,ayağı yere değmez olmak | bir taşıta binip yaya yürümekten kurtulmak | çok mutlu olmak,,
ayağı (veya ayakları) dolaşmak,yürürken telaştan ayakları birbirine takılmak,,
ayağı (veya ayakları) suya ermek,bir gerçeği anlayarak aklı başına gelmek,,
ayakaltına almak,"hakir görmek, gözden çıkarmak",,
ayakaltında bırakmak,"ezilmesine, yok olmasına göz yummak, korumamak",,
ayakaltında dolaşmak,bir işe yaramadığı hâlde herkesin işine engel olacak bir biçimde ortalıkta dolaşmak,,
ayakkabılarını çevirmek,konuk ayakkabılarını gidiş yönüne doğru düzgün bir biçimde sıralamak | bazı davranışlarla konuğu gitmeye zorlamak,,
ayakkabı vurmak,"ayakkabı ayağı zedelemek, ayağı rahatsız etmek",,
ayaklarına (veya ayağına) kara su (veya sular) inmek,"çok yorulmak, güçsüz, dermansız kalmak",,
ayaklarının (veya ayağının) ucuna basmak,"çok yavaş, sessiz, gürültü yapmamaya özen göstererek yürümek",,
ayaklarını yerden kesmek,bir taşıta binerek yürümekten kurtulmak,,
ayakları geri geri gitmek,"bir yere gönülsüz, istemeye istemeye gitmek | bir şeyi gönülsüz yapmak",,
ayakları üstünde durmak,başkasının yardımına ihtiyaç duymadan güçlü bir biçimde sorunları çözebilecek durumda olmak,,
ayakları yerden kesilmek,"bir taşıta binerek yürümekten kurtulmak | bir hava aracı yoluyla yer ile arasına mesafe girmek | çok sevinmek, sevinçten havalara uçmak",,
ayakları yere değmemek,çok sevinmek,,
ayaklar altına almak,"önem verilmesi gereken şeyleri hiçe saymak, çiğnemek",,
"ayaklar baş, başlar ayak olmak",değersiz kimseler başa geçip değerli kimseler ise en geride bırakılmak,,
ayakta kalmak,"oturacak yer bulamamak | yıkılmamak, çökmemek | değerini yitirmemek, önemini korumak",,
ayakta tutmak,oturtmak gerekirken oturtmamak | oyalamak,,
ayakta tutmak,"o şeyin sürekliliğini sağlamak | bozulmasına, yıkılmasına, çökmesine engel olmak | bir kuruluşun yaşamasını sağlamak",,
ayakta uyumak,"aşırı dalgın, şaşkın veya yorgun olmak",,
ayak almak,"ayak, çalınan çalgıya uymak [müzik]",,
ayak atmak,girmek | ilk kez gitmek | ayak basmak,,
ayak atmamak,"bir yere hiç gitmemek, uğramamak",,
ayak ayak üstüne atmak,otururken bir bacağını ötekinin üstüne almak,,
ayak bağı olmak,bir yere gidilmesine veya bir işin yapılmasına engel olmak,,
ayak basmak,"bir yere varmak, ulaşmak | girmek, gelmek, uğramak | mesleğe girmek | bir yere bağlanmak",,
ayak basmamak,bir yere hiç uğramamak,,
ayak çekmek,"kandırmaya çalışmak, avutmak",,
ayak değiştirmek,talim yürüyüşünde kısa bir adım atmak yolu ile adımlarını başkalarınınkine uydurmak | yeni bir uyak ile söyleyişi sürdürmek [edebiyat],,
ayak diremek,"bir düşünceyi, bir davranışı sonuna kadar sürdürmek, kendi tutumundan şaşmamak",,
ayak oyununa gelmek,kandırılmak,,
ayak sürümek,verilen bir işi ağırdan almak | gönderilen yere isteği ile gitmemek,,
ayak tutmak,mâni yarışmalarında karşısındakine uyması gereken uyağı vermek | öncülük etmek | söz açmak | ileride söylenecek bir söze önceden zemin hazırlamak,,
ayak uydurmak,yürüyüşte adım atışını başkalarınınkine uydurmak | ayak açmak | kendi gidiş ve davranışını başkasınınkine benzetmek,,
ayak üstünde olmak,"dinç olmak, canlı olmak | iş görür durumda olmak",,
ayak vermek,âşık atışmalarında dinleyicilerden biri uyak belirtmek,,
ayak yapmak,"birini aldatmak, kandırmak için dalavere çevirmek",,
ayan olmak,gözle görülür bir şekilde açık ve belli olmak,,
ayar almak,ayar yapılabilmek,,
ayar etmek,"bir aygıtın çalışmasını düzeltmek, düzenli işler duruma getirmek",,
ayar vermek,ayarlamak | olayların istenilen doğrultuda gelişmesi için girişimde bulunmak,,
ayaza çekmek,kışın kuru soğuk artmak,,
ayazda kalmak,soğukta kalmak | boş yere beklemek | eline bir şey geçmemek,,
ayazı kırmak,şiddetli soğuğu biraz azaltmak,,
ayaz kesmek,uzun süre soğukta kalıp üşümek,,
ayaz vurmak,sebze ve meyveler donmak,,
aydedeye misafir olmak,"gece açıkta yatmak, geceyi açıkta geçirmek",,
ayıbını yüzüne vurmak,birinin kusurunu yüzüne söylemek,,
ayılık etmek,kaba davranmak,,
ayılıp bayılmak,birini kendinden geçercesine sevmek | aşırı ölçüde sinir bunalımı geçirmek,,
ayınları çatlatmak,ayın harfinin Arapçaya özgü sesini gırtlakta boğumlamaya çalışmak,,
ayıp etmek,yakışıksız bir biçimde davranmak,,
ayıp kaçmak,uygun düşmemek,,
ayırdına varmak,fark etmek,,
ayırt etmek,"birkaç şeyi birbirinden ayıran niteliği anlamak; tefrik etmek, temyiz etmek",,
ayıya kaval çalmak,anlayışsız bir kimseye bir şey anlatmaya çalışmak,,
ayıyı vurmadan postunu satmak,henüz ele geçmemiş bir şey üzerinde hesap yapmak,,
ayin yapmak,dinî tören düzenlemek,,
aykırı düşmek,uygun gelmemek,,
aykırı olmak,"ters olmak, zıt olmak",,
aylaklık etmek,"boş durmak, işsiz güçsüz dolaşmak, çalışmamak",,
aylak olmak,"yapacak bir işi olmamak, boş durmak",,
aylığa geçmek,çalışması karşılığı olarak her ay belirli bir para alınacak bir işe başlamak; maaşa geçmek | gündelikten veya ücretten kadroya geçmek,,
aylık almak,bir aylık çalışma karşılığında para almak; maaş almak,,
aylık bağlamak,emekli olan veya başka sebeplerle çalışamayanlara her ay için belirli bir parayı ödemeyi üstlenmek; maaş bağlamak,,
aylık vermek,aylık olarak üstlenilen parayı ödemek; maaş vermek,,
aynalık etmek,"başkasında olan bir duyguyu, bir düşünceyi ortaya çıkarmak",,
ayna tutmak,"başkaları tarafından anlaşılabilmesi için açıkça göstermek, belirtmek",,
aynı ağzı kullanmak,"aynı şeyi söylemek, aynı düşünceyi ileri sürmek",,
aynı fotoğraf karesinde yer almak,kameranın çektiği görüntü içinde birlikte bulunmak | farklı konumlara sahip kişiler bir olay sırasında beklenmedik bir biçimde birlikte bulunmak,,
aynı kafada olmak,aynı düşünceleri paylaşmak,,
aynı kapıya çıkmak,"sonuç bakımından fark etmemek, aynı sonuca varmak",,
aynı potada erimek,benzer konuları ve sorunları birlikte düşünmek veya değerlendirmek,,
aynı telden çalmak,aynı şeyi söylemek,,
aynı yastıkta kocamak,karı koca birlikte uzun bir ömür sürmek,,
ayraç açmak,"söz veya yazı içine, asıl konu ile ilgisi az olan bir bölüm sıkıştırmak",,
ayranı kabarmak,"öfkelenmek, coşmak | aşırı bir cinsel arzu duymak",,
ayrıcalık gözetmek,ayrıcalık tanımak,,
ayrımında olmak,farkında olmak,,
ayrım gözetmemek,ayrım yapmamak,,
ayrım yapmak,"eşit davranmamak, fark gözetmek",,
ayrıntıda boğulmak,gereksiz ayrıntılarla ilgilenmek zorunda kalmak | ilgilenilen herhangi bir konunun aslından uzaklaşmak,,
ayrıntıya inmek,bir konuyu en küçük noktasına kadar inceleyip araştırmak,,
ayrısı gayrısı olmamak,"birbirinden hiçbir şey esirgemeyecek durumda olmak, samimi olmak",,
ayrı baş çekmek,topluluktan ayrılıp kendi başına iş yapmak,,
ayrı düşmek,birbirinden uzakta kalmak | uyuşmamak,,
ayrı eve çıkmak,ailenin büyükleriyle birlikte oturan çekirdek aile veya ailenin genellikle genç üyesi başka eve taşınmak,,
ayrı seçi yapmak,birkaç şey arasında fark gözetmek,,
ayrı tutmak,farklı davranmak,,
ayvayı yemek,"kötü duruma düşmek, işi bozulmak",,
ayyuka çıkmak,"ses yükselmek | dedikodu herkesçe duyulmak, yayılmak",,
ay harmanlanmak,ayın çevresinde ayla oluşmak,,
azamet satmak,kurumlanmak (II),,
azap çekmek,"eziyet çekmek, üzüntü içinde olmak | ceza görmek",,
azap duymak,"acı çekmek, üzülmek",,
azap vermek,"acı çektirmek, üzmek",,
azar işitmek,azarlanmak,,
azat edilmek,"serbest bırakılmak, salıverilmek | köle ve cariyelerin özgürlüğü geri verilmek",,
azat olmak,özgür kalmak,,
aza çoğa bakmamak,olanla yetinmek,,
azınlıkta kalmak,bir toplulukta belli bir sorun üzerine oy verenler karşı düşünceye oy verenlerden daha az olmak | bir toplulukta etki ve sayı bakımından üstünlük sağlayamamak,,
azimet etmek,"gitmek, yola çıkmak",,
azizlik etmek,"birine şaka yollu oyun oynamak, muziplik etmek",,
Azrail'in elinden kurtulmak,ölümden kurtulmak,,
Azrail'le burun buruna gelmek,ölümle karşı karşıya gelmek,,
az bulmak,"yeterli görmemek, az saymak, azımsamak",,
az buz olmamak,bir şey azımsanacak kadar olmamak,,
az gelmek,yetmemek,,
az görmek,umduğundan eksik bulmak | azımsamak,,
az günün adamı olmamak,"çok yaşamış, çok görmüş bulunmak",,
babalık etmek,"baba gibi davranmak | iyilik etmek, büyüklük etmek",,
babasına rahmet okutmak,"biri, kötü bir kimseden daha kötü çıkmak",,
babasız oğlan doğurmak,"bir işte aşırı zorluk, büyük güçlük çekilmesine rağmen başarılı olmak",,
baba hindi gibi kabarmak,"kendini aşırı derecede beğenmek, böbürlenmek",,
baba olmak,"erkek, çocuk sahibi olmak",,
bacağına geçirmek,bir şeyi aceleyle giymek,,
bacaklarını uzatmak,"hiçbir şey yapmadan, hiçbir şeyle ilgilenmeden oturmak, tembel tembel zaman öldürmek",,
bacakları kopmak,çok yorulmak,,
bacakları tutmaz olmak,yürüyemeyecek duruma gelmek,,
bacak bacak üstüne atmak,bir bacağını ötekinin üstüne koyarak oturmak,,
bacası tütmek,ailenin yaşamı sürüp gitmek,,
bacası tütmez olmak,aile dağılmak veya işi bozulmak,,
badem olmak,"sonu kötü olmak, kötü bitmek",,
bağdaş kurmak,"sağ ayağı sol uyluğun, sol ayağı sağ uyluğun altına alarak oturmak",,
bağın vurmak,çökmemesi için kazı duvarlarını bağınlarla desteklemek,,
bağırıp çağırmak,öfkeyle bağırmak,,
bağırsakları bozulmak,ishal olmak,,
bağışıklık kazanmak,bazı mikroplara karşı aşı veya doğal yolla dirençli duruma gelmek | korunaklı olmak,,
bağış yapmak,bağışlamak,,
bağlanıp kalmak,"bir kimseye tutulmak, sevdalanmak",,
bağlantı kurmak,irtibat sağlamak | haberleşme sağlamak,,
bağlantı yapmak,"ilişki kurmak | anlaşma, sözleşme yapmak",,
bağlı kalmak,"uymak, tabi olmak",,
bağlı olmak,"tabi bulunmak | tutulmak, tutkun olmak",,
bağrına basmak,"kucaklamak | biriyle ilgilenerek onu koruyup kayırmak, yetiştirmek",,
bağrına taş basmak,sesini çıkarmaksızın her türlü acıya katlanmak,,
bağrını delmek,"çok dokunmak, içine işlemek",,
bağrını ezmek,"üzülmek, dertlenmek",,
bağrı yanmak,"üzüntü çekmek, çok acı duymak | çok susamış olmak",,
bağ bozmak,bağın üzümlerini toplamak,,
bağ budamak,bağdaki üzüm kütüklerini budamak,,
bahane aramak,bir işi yapmamak için sebep aramak,,
bahane bulmak,bir işi yapmak veya yapmamak için sözde sebep göstermek,,
bahane etmek,herhangi bir şeyi sebep olarak ileri sürmek,,
baharı başına vurmak,gençliğin verdiği coşkuyla gereksiz veya aşırı davranışta bulunmak,,
bahis açmak,belli bir konuda konuşmaya başlamak,,
bahis konusu olmak,söz konusu olmak,,
bahis mevzusu olmak,söz konusu olmak,,
bahsi geçmek,bir konu üzerinde konuşulmuş olmak | söz konusu edilmek,,
bahsi kapamak,bir konu üzerindeki konuşmayı kesmek,,
bahsi kaybetmek,"ileri sürülen, savunulan görüşün yanlış olduğu ortaya çıkmak",,
bahsi kazanmak,"ileri sürülen, savunulan görüşün doğru olduğu belli olmak",,
bahsi tazelemek,konuşmayı aynı konu üzerine getirmek,,
bahtına küsmek,kötü yazgısından yakınmak,,
bahtı açık olmak,"herhangi bir konuda şansı yaver gitmek, talih yüzüne gülmek",,
bahtı açılmak,yazgısı dönüp uygun duruma veya arzulanan sonuca gelmek,,
bahtı bağlı olmak,"yazgısı kapalı olmak | bekâr kız talibi, isteyeni olmamak",,
bahtı kapanmak,"kötü yazgıya uğramak, istenen sonuca ulaşmamak | evlenememek",,
bahtı kara olmak,"işleri sürekli olarak beklediği gibi gitmemek, olumsuz sonuçlanmak",,
bahtiyar olmak,"mutlu olmak, sevinmek",,
bahtsız olmak,"bahtı kötü, mutsuz, talihsiz olmak",,
bakım yapmak,araç ve gereçlerin düzenli çalışması için onarımını yapmak,,
bakır çalmak,yemek bakır kapta oluşan bakır tuzları nedeniyle zehirli duruma gelmek,,
bakış atmak,kısa bir süre bakıp geçmek,,
baki kalmak,"sürekli, kalımlı olmak | bir şeyden artmak",,
baklava açmak,baklava yapmak için gerekli olan ince yufkaları hazırlamak,,
baklayı ağzından çıkarmak,açık söylemekten kaçındığı bir sorunu sonunda açıklamak,,
balayına çıkmak,balayını geçirmek için tatile gitmek,,
balgam atmak,"balgam çıkarmak, balgamlı biçimde tükürmek | iftira atmak",,
balığa çıkmak,balık avlamaya gitmek,,
baliğ olmak,"ergenleşmek | ulaşmak, erişmek",,
ballı börek olmak,çok iyi anlaşmak,,
balon uçurmak,ilgililerin ne diyeceklerini ve nasıl davranacaklarını anlamak amacıyla aslı olmayan bir haber yaymak,,
balon yapmak,"bisiklet, araba vb.nde lastiğin yüzeyinde şişlik oluşmak",,
balo vermek,"balo hazırlamak, düzenlemek",,
baltadan kurtulmak,kesilmemek,,
baltası kütükten çıkmak,"bir engelden, bir sıkıntıdan kurtulmak",,
baltayı taşa vurmak,"farkında olmayarak birine dokunacak sözler söylemek, pot kırmak | içinden çıkılamaz zor bir duruma düşmek",,
balta olmak,"asılmak, musallat olmak",,
balta vurmak,"balta ile kesmek, parçalamak",,
balyaj yapmak,"saça, seyrek olarak ve kalın parçalar hâlinde, saç renginin dışında kızıl, sarı, mavi vb. renk uygulaması yapmak",,
balyaj yaptırmak,"saça, seyrek olarak ve kalın parçalar hâlinde, saç renginin dışında kızıl, sarı, mavi vb. renk uygulaması yaptırmak",,
balya yapmak,balyalamak,,
bal mumu gibi erimek,çok zayıflamak,,
bal mumu yapıştırmak,"söz, davranış vb.nin unutulmaması için bir işaret koyup dikkati çekmek",,
bal sağmak,kovandan bal ürünü almak,,
bana mısın dememek,"hiçbir şey etkili olmamak, hiçbir şeye aldırış etmemek",,
banda almak,"bir sesi, ses cihazı ile bant üzerine kaydetmek",,
bangır bangır bağırmak,"yüksek sesle, avazı çıktığı kadar bağırmak",,
bankaya yatırmak,"bankadaki hesabına para koymak, biriktirmek",,
banko geçmek,"yarışlarda, toto, loto vb. oyunlarda, bir atın veya sayının kesin olarak tutturulacağını tahmin edip işaretlemek",,
banttan vermek,genellikle radyo ve televizyonda banttan yararlanarak daha önceden alınmış bir sesi veya görüntüyü yayımlamak,,
bant çözmek,"manyetik bir bant üzerine alınmış sesleri yazıya aktarmak, deşifre etmek",,
bant doldurmak,bir banda ses kaydetmek,,
banyo yapmak,343 yıkanmak,,
barajı aşmak,herhangi bir sebeple konulmuş olan koşulu yerine getirip başarı sağlamak,,
barbut atmak,barbut oynamak,,
bardağı taşırmak,sabrını tüketmek,,
bardaktan boşanırcasına yağmak,yağmur çok şiddetli yağmak,,
barışık olmak,sevecen ve hoşgörülü davranmak,,
barış görüş olmak,her türlü dargınlığı unutarak barışmak,,
barış yapmak,barış antlaşmasını imzalamak,,
barikat kurmak,engel oluşturmak,,
barikat yapmak,çeşitli araçlarla bir engel oluşturmak,,
barutla oynamak,tehlikeli işlerle uğraşmak,,
barut kokusu gelmek,savaş tehlikesi sezilmek,,
bar tutmak,bar oynamak için hazırlanmak ve oyuna başlamak,,
basamak yapmak,"bir kişiyi, bir durumu bulunduğu konumdan daha yükseğine erişmek için araç olarak kullanmak",,
basıla vermek,prova durumundaki bir kitabın veya yazının basıma uygun olduğunu bildirmek,,
basınç yapmak,bir yüzey üzerine güç kullanarak baskı yapmak,,
basıp geçmek,önde gideni geçmek | önem vermeyerek uğramamak,,
basıp gitmek,"birdenbire gitmek, aklına koyduğu şeyi yapmak üzere bulunduğu yerden uzaklaşmak, çekip gitmek",,
basireti bağlanmak,"iyi düşünemez, gerçeği göremez bir duruma düşmek",,
basite indirgemek,"basitleştirmek, sade bir biçime döndürmek",,
basket yapmak,basketbolda sayı kazanmak,,
baskıda kalmak,tohumlar yağmur yağdıktan sonra toprağın üst kısmı sertleştiğinde fidelenip toprak üstüne çıkamamak,,
baskına uğramak,düşmanın beklenmedik bir saldırısıyla karşılaşmak | bir yerde suçüstü yakalanmak | beklenmedik bir zamanda konuklar gelmek,,
baskın vermek,ani ve habersiz girmek | saldırıda bulunmak,,
baskın yapmak,suç işlendiği veya suçluların bulunduğu sanılan bir yere ansızın girmek | ansızın ve hızlı bir şekilde bir yere girmek veya saldırmak | ansızın konuk gelmek,,
baskısız büyümek,serbest bir biçimde yetişmek,,
baskı altında tutmak,"özgürlüğünü engellemek, kısıtlamak",,
baskı görmek,karşı tarafın baskısı altında kalmak,,
baskı yapmak,"bir kimseyi bir işi yapmaya zorlamak, zor kullanmak | bazı top oyunlarında karşı takım oyuncusunun rahat hareket etmesini engellemek, pres yapmak [spor]",,
baskı yemek,karşı takımın şiddetli baskısına maruz kalmak [spor],,
bastığı yere bir daha basmamak,arı gibi çok hareketli olmak,,
bastığı yeri bilmemek,"çok sevinmek | şaşkınlıktan nerede olduğunu seçememek, durumunu kontrol edememek",,
bas tutmak,kalın sesli orkestra çalgıları ince sesli çalgılara tek perdeden eşlik etmek,,
başağrısı olmak,"sıkıntı vermek, uğraştırmak",,
başak toplamak,tarlalarda kalmış başakları veya bağlarda dökülmüş meyveleri toplamak,,
başarısızlığa uğramak,başarısız olmak,,
başarısız olmak,"başarı sağlayamamak, başarı gösterememek",,
başa çıkmak,"güçlükler çıkaran biriyle olan işini, kendi istediği yolda sonuçlandırabilmek",,
başa çıkmak,bir şeye gücü yetmek,,
başa gelmek,kötü bir durumla karşı karşıya kalmak,,
başa güreşmek,karakucak ve yağlı güreşte pehlivanlar başpehlivanlık için yarışmak | en üstün sonucu elde etmek veya bir işte en üst noktaya gelmek için mücadele vermek,,
başa vermek,değiş tokuş yaparken üste bazı şeyler vermek,,
başıboş bırakmak,"üstünde hiçbir baskı veya denetim bulundurmamak, kendi hâline bırakmak",,
başıboş kalmak,"baskı altında bulunmamak, karışanı, görüşeni olmamak",,
başına belayı sardırmak,sıkıntılı bir duruma düşürmek,,
başına bela açmak,kötü bir olay dolayısıyla dert sahibi olmak,,
başına bela almak,"bir sorunla karşılaşmak, kötü bir duruma düşmek",,
başına bir hâl gelmek,kötü bir duruma uğramak | ölüm ihtimali olmak,,
başına çalmak,"bir şeyi öfkeyle, nefretle geri vermek",,
başına çıkarmak,"şımartmak, çok yüz vermek",,
başına çıkmak,birinden yüz bulup ona karşı pek şımarıkça davranmak,,
başına çorap örmek,"birine, haberi olmadan kötü duruma düşürücü davranışta bulunmak",,
başına dert açmak,kendini kötü ve zor bir duruma düşürmek,,
başına devlet (veya talih) kuşu konmak,beklemediği büyük bir nimeti ele geçirmek,,
başına dikilmek,"birinin yanından uzaklaşmamak, onu denetim altında bulundurmak | bir işi yaptırmak için birinin yanında ayakta durmak | bir şeyin yanında ve ayakta beklemek",,
başına dikmek,birini veya bir şeyi korumak için bir kimseyi görevlendirmek | bir içeceği kabı yukarı kaldırarak sonuna dek içmek,,
başına dolamak,musallat etmek,,
başına dünyanın belasını sarmak,büyük felaket getirmek,,
başına ekşimek,ağır yük olmak | üstüne kalmak,,
başına gaile açmak,"sıkıntı yaratmak, üzüntü vermek",,
başına geçirmek,başına giymek | bir şeyi öfke ile birisinin başına vurmak,,
başına geçmek,önderlik yapmak,,
başına geçmek,"görevi altında bulundurmak | bir işin yönetimini ele almak | bir işi yapmaya başlamak | bir şeyin etrafında toplanmak, yer almak",,
başına gelmek,"bir görevi üstlenmek, yüklenmek",,
başına gelmek,"beklenmedik, şaşırtıcı bir olay veya durumla karşılaşmak",,
başına güneş geçmek,güneş çarpmak,,
başına iş açmak,uğraştırıcı ve üzücü bir işin çıkmasına yol açmak,,
başına iş çıkarmak,istenilmeyen veya uğraştırıcı bir işe yol açmak,,
başına iş çıkmak,hoşa gitmeyen ve beklenmedik bir iş veya olayla karşılaşmak,,
başına kalmak,istemediği hâlde bir işi yapmak veya bir kimseye bakmak zorunluluğu ile karşılaşmak,,
başına kan çıkmak,"öfkelenmek, hiddete kapılmak, kontrolünü yitirmek",,
başına karalar bağlamak,çok kederlenmek,,
başına kâhya kesilmek,olur olmaz her işine karışmak,,
başına oturmak,"bir işi yapmaya başlamak, işe koyulmak",,
başına sarmak,birine musallat etmek,,
başına taç etmek,"çok değer vermek, ilgi göstermek",,
başına üşüşmek,"bir araya gelmek, toplaşmak | birçok şey aynı anda birden aklına gelmek",,
başına vurmak,"içki, gaz veya sıcak baş ağrısı yapmak | dayanamaz olmak | ne yapacağını bilemez hâle gelmek",,
başına yıkmak,"harap etmek, zor durumda bırakmak",,
başına (...) gelmek,kötü bir durumla karşı karşıya kalmak,,
başından almak,"kurtarmak, sorumluluğunu almak",,
başından aşağı kaynar sular dökülmek,üzüntülü veya kötü bir olay karşısında birdenbire büyük bir sıkıntı duymak,,
başından atmak,"yapılması güç bir işi yapmaktan kendini kurtarmak | sürdürülmesi gereksiz görülen bir bağlılığa, bir ilişkiye son vermek",,
başından geçmek,daha önce aynı duruma uğramış olmak,,
başından kalkmak,"ilgilendiği veya yaptığı işi bırakıp ayrılmak, ara vermek",,
başından korkmak,"hayatından kaygı duymak, cezalandırılmaktan korkmak",,
başından savmak,bir istekte bulunanı sözde bir sebeple uzaklaştırmak,,
başında değirmen çevirmek,gürültü ile tedirgin etmek,,
başında kavak yeli (veya yelleri) esmek,"genç sorumluluk duygusundan uzak, zevk, eğlence peşinde koşmak | gerçekleşmeyecek şeyler düşünerek vakit geçirmek",,
başında olmak,bir yerin yöneticisi olmak | bir işe sahip çıkmak,,
başının altından çıkmak,"birinin yüzünden olmuş olmak, birinin planlamasıyla meydana gelmek",,
başının çaresine bakmak,kimseden yardım görmeden kendi işini kendi yapmak,,
başının derdine düşmek,başka bir şeyle ilgilenmeyecek kadar sıkıntılı durumda bulunmak,,
başının etini yemek,"karşısındakini bezdirinceye, bıktırıncaya kadar sürekli konuşmak veya söylenmek",,
başını ağrıtmak,"gereksiz sözlerle birini bunaltmak | bir iş için birini tedirgin etmek, uğraştırmak",,
başını alıp gitmek,"izin almadan ve gideceği yeri bildirmeden gitmek, savuşmak",,
başını ateşlere yakmak,başına büyük bir dert almak,,
başını bağlamak,başına örtü vb. bağlamak | birini nişanlamak veya evlendirmek,,
başını beklemek,gözetlemek | hastanın yanında bulunmak,,
başını belaya sokmak,"birini, kötü sonuçlar verecek bir duruma itmek",,
başını bir yere bağlamak,"birini bir işe yerleştirmek, işsizlikten, başıboşluktan kurtarmak",,
başını bir yere sokmak,barınacak bir yer bulmak,,
başını boş bırakmak,yalnız veya serbest bırakmak,,
başını çatmak,baş ağrısını önlemek için alnın üstünden arkaya doğru eşarp vb. şeyleri çepeçevre sıkıca bağlamak,,
başını çıkarmak,bitki filizlenmeye başlamak,,
başını derde sokmak,sıkıntılı bir duruma girmek veya getirilmek,,
başını dik tutmak,onurunu korumak,,
başını dinlemek,kafasını dinlemek,,
başını döndürmek,mutluluktan yarı sarhoş duruma getirmek | kendine hayran bırakmak,,
başını duman almak,efkârlanmak,,
başını ezmek,bir daha kötülük edemeyecek duruma getirmek,,
başını gözünü yarmak,"bir işi kötü yapmak, bir işi istenildiği gibi yapmamak",,
başını istemek,birinin öldürülmesini istemek,,
başını kaşımaya (veya kaşıyacak) vakti olmamak,arada en ufak başka bir iş yapamayacak kadar sıkışık durumda bulunmak,,
başını koltuğunun altına almak,ölümü göze alarak bir işe girişmek,,
başını kurtarmak,canını korumak | geçimini sağlayacak bir duruma gelmek,,
başını nâra yakmak,birini ağır bir zarara uğratmak,,
başını ortaya koymak,bir işe girişirken ölümü göze almak,,
başını taştan taşa vurmak,çaresiz kalarak çok pişman olmak,,
başını toplamak,kadın saçını toplayıp başına bir çekidüzen vermek,,
başını uçurmak,kellesini uçurmak,,
başını vermek,kendini feda etmek,,
başını yakmak,güç bir duruma sokmak,,
başını yaptırmak,kuaförde saç bakımı ve tuvaleti yaptırmak,,
başını yemek,güç duruma düşmesine yol açmak | ölmesine sebep olmak,,
başı ağrımak,"sorunu olmak, sıkıntı içinde bulunmak",,
başı bağlanmak,"nişanlanmak veya evlendirilmek | birini yandaş olarak kazanmak, kendi yanında tutmak",,
başı belada olmak,"çözülmesi güç, sıkıntılı bir durumda olmak",,
başı çatlamak,başı çok ağrımak,,
başı daralmak,"para yönünden sıkıntıya, darlığa düşmek",,
başı dara düşmek,sıkıntıya girmek,,
başı darda kalmak,parasızlıktan dolayı sıkıntıda olmak | içinden çıkılamaz bir sorunla karşılaşmak,,
başı derde girmek,sıkıntılı bir duruma düşmek,,
başı dik olmak,"onurlu, gururlu olmak | cesur, yürekli olmak",,
başı dönmek,"insana eşyanın dönmesi, ayağının altından yerin çekilmesi vb. bir duygu gelmek | sıkıntı yaratan bir durum karşısında bunalmak | görkemli bir şey karşısında hayranlık duymak | para veya makam sebebiyle şaşırıp şımarmak",,
başı dumanlanmak,"sarhoşluğun etkisiyle hiçbir şeyi seçemez duruma gelmek, çakırkeyif olmak",,
başı hoş olmamak,bir şeyden hoşlanmamak,,
başı kalabalık olmak,çevresinde çok insan olduğu için başkasıyla ilgilenememek | çok meşgul olmak,,
başı kazan gibi olmak,başında çok ağrı ve uğultulu bir sersemlik olmak,,
başı nâra yanmak,başkası uğruna büyük bir zarara uğramak,,
başı sağ olsuna gitmek,başsağlığı dilemeye gitmek,,
başı sıkıya gelmek,"herhangi bir güçlük karşısında bunalmak, zor durumda kalmak",,
başı taşa değmek,kötü bir durum kendisine ders olmak,,
başı tutmak,gürültüden veya üzüntüden başı ağrımak,,
başı üstünde yeri olmak,"her zaman iyi karşılanmak, ağırlanmak | bir düşünce veya davranışı uygun bulmak",,
başı yastığa düşmek,yorgunluktan veya güçsüzlükten uykuya dalmak,,
başı yastık yüzü görmemek,yatağa yatıp da uyumuş olamamak,,
başı yerine gelmek,zihin yorgunluğu geçmiş olmak,,
başı zapt olunmamak,"at, binicisini alıp götürmek",,
başkanlık etmek,"bir toplantı veya topluluğu, başkan olarak yönetmek",,
başköşeye kurulmak,saygın kişilere ve büyüklere ayrılan yere oturmak,,
başlık almak,"bazı bölgelerde, evlenirken kızın babası oğlanevinden para veya mal almak",,
başlık vermek,"bazı bölgelerde, evlenirken kızın babasına oğlanevi tarafından para veya mal vermek",,
başrolü oynamak,"en önemli, en etkili durumda olmak",,
başsağlığında bulunmak,başsağlığı dilemek,,
başsağlığı dilemek,"ölen bir kimsenin yakınlarına “başın sağ olsun, Allah kalanlara uzun ömür versin” vb. sözler söylemek, taziyede bulunmak",,
başsız bırakmak,yöneticisiz bırakmak | büyüğünü yitirmesine sebep olmak,,
başsız kalmak,"yöneticisi, başkanı bulunmamak | büyüğünü yitirmek",,
baştan almak,"bir olayı, bir işi en başından başlayarak anlatmak veya yapmak, başından almak",,
baştan aşmak,"pek çok olmak, pek çoğalmak",,
baştan çıkarmak,"kötü yola sürüklemek, doğru yoldan saptırmak | karşı cinsi bir ilişkiye ikna etmek",,
baştan çıkmak,"ahlakı bozulmak, doğru yoldan ayrılıp uygunsuz işlere yönelmek",,
baştan kara etmek,"batma tehlikesi karşısında, gemi başını karaya vurup oturmak",,
baştan kara etmek,gemi batma tehlikesi karşısında başını karaya vurup oturmak,,
baştan kara gitmek,"sonunu düşünmeden, hesapsız bir biçimde yaşamak",,
baştan kara gitmek,"sonunu düşünmeden, hesapsız bir biçimde yaşamak",,
başta gelmek,"önde olmak, üstün durumda olmak",,
başta gitmek,en ileri durumda bulunmak,,
başta taşımak,çok saygı göstermek,,
baş ağrıtmak,başını ağrıtmak,,
baş aşağı düşmek,kişiliğinden kaybederek toplum içindeki durumu sarsılmak,,
baş aşağı etmek,tersine çevirmek,,
baş aşağı gelmek,tepesi üstü düşmek,,
baş aşağı gitmek,"işleri ters gitmek, sürekli zarar etmek",,
baş bağlamak,"başına bir örtü örtmek | başak vermek | birine veya bir şeye bağlanmak, intisap etmek | nişanlamak veya evlendirmek",,
baş başa bırakmak,"birinin, bir şeyle veya bir kimseyle yalnız kalmasını sağlamak",,
baş başa kalmak,biriyle veya bir şeyle yalnız kalmak,,
baş başa olmak,biriyle veya bir şeyle yalnız olmak,,
baş başa vermek,iki veya daha çok kimse bir kenara çekilip konuşmak | dayanışmak,,
baş bulmak,kazanç bırakmak,,
baş çevirtmek,başı arkaya doğru döndürtmek | birinin arkasından hayranlıkla baktırmak,,
baş döndürmek,"başarıdan, gururdan, sevinçten çok mutlu duruma getirmek, aşırı heyecanlandırmak",,
baş edebilmek,bir kimseyi yola getirmeye veya bir şeyi yapmaya gücü yetmek,,
baş edememek,gücü yetmemek | engel olamamak,,
baş eğmek,"saygı göstermek için baş eğerek selamlamak | direnmekten vazgeçip buyruk altına girmek, inkıyat etmek",,
baş etmek,gücü yetmek | başarı kazanmak,,
baş gelmek,"yenmek, gücü yetmek",,
baş göstermek,"belirmek, ortaya çıkmak, zuhur etmek, vuku bulmak",,
baş göz etmek,evlendirmek,,
baş göz olmak,evlenmek,,
baş kesmek,selam vermek için baş eğmek,,
baş kıç olmak,yelkenli yavaşlayıp kendi çevresinde bir tur atmak [denizcilik],,
baş kıç vurmak,gemi baştan gelen dalgalarla başı ve kıçı üzerinde inip kalkmak [denizcilik],,
baş koşmak,bir işi başarmak için çalışmak,,
baş koymak,bir şey uğruna ölümü göze almak,,
baş olmak,"küçük bir işte de olsa yönetici olmak, sözü dinlenir bir kimse olmak | önde gelmek, lider olmak",,
baş sallamak,karşısındakinin her sözünü uygun bulur görünmek,,
baş tacı etmek,"çok sevmek ve saymak, el üstünde tutmak",,
baş tutamamak,"gemi rüzgâr, fırtına yüzünden, yapılışındaki veya yükselişindeki bir bozukluk sebebiyle rotadan çıkmak [denizcilik]",,
baş tutmak,elebaşı olmak,,
baş üstünde tutmak,çok iyi ağırlamak,,
baş vermek,"çıban olgunlaşmak | buğday vb. bitkiler başak bağlamaya başlamak, başak oluşmak | gemi, kayık vb.ni döndürmek, çevirmek | ortaya çıkmak, belirmek",,
baş yakmak,kötü duruma düşürmek,,
baş yapmak,kuaför saç bakımı ve tuvaleti yapmak,,
baş yemek,birinin ölümüne veya yok olmasına sebep olmak | birinin güç duruma düşmesine yol açmak,,
baş (veya başının) belası olmak,"sıkıntı, üzüntü, eziyet vermek",,
baş (veya başını) alamamak,çok uğraştıran bir konu yüzünden vakit ve fırsat bulamamak,,
baş (veya başı) çekmek,"herhangi bir konuda önde gitmek, önayak olmak",,
batağa saplanmak,içinden çıkılması güç bir durumda olmak,,
batkıya uğramak,hüsranla karşılaşmak,,
battal etmek,"kullanılmaz, işe yaramaz duruma getirmek",,
battal olmak,"kullanılamaz, işe yaramaz duruma gelmek",,
bayağı kaçmak,"söz, davranış, giyiniş yakışmamak, uygunsuz olmak",,
baygınlık geçirmek,bayılmak | çok heyecanlanmak | çok sıkılmak,,
baygın baygın bakmak,kendinden geçmiş bir biçimde çevreye göz gezdirmek | hayranlıkla seyretmek,,
baygın düşmek,çok yorulmak,,
bayilik vermek,bir firma bilgi birikimi ve marka bilinirliği ile satışını yaptığı hizmet ve malları başka bir firmaya kullanması için yetki vermek,,
bayrağı yarıya indirmek,millî yas ilan etmek için bayrağı direğin yarısına kadar indirmek,,
bayrakları açmak,bağırıp çağırarak hırçınlık etmek,,
bayraktarlığını yapmak,"bir akımın, bir görüşün yayılmasında öncü olarak çalışmak",,
bayraktarlık etmek,"öncülük etmek, yol göstermek",,
bayrak açmak,gönüllü asker toplamaya girişmek | bir ülkü yolunda toplanmaya çağırmak,,
bayrak dikmek,üzerinde bayrak bulunan bir direk veya sopayı bir yere saplamak | tarladaki bütün ekinleri biçip geriye bir tutam ekin bırakmak yoluyla biçim işinin bittiğini belirtmek | düğünün başladığını ilan etmek için düğünevine bayrak asmak,,
bayrak kaldırmak,düğünün başladığını haber vermek için düğünevinin önüne bir sırık ucuna tutturulmuş bayrağı çekmek,,
bayram haftasını mangal tahtası anlamak,"sözü, konu ile hiçbir ilgisi olmayacak bir biçimde ters anlamak",,
bayram havası esmek,"ortam neşeli, sevinçli bir duruma gelmek",,
baz almak,esas veya temel olarak almak,,
bebeklik etmek,bebeğe yakışır bir biçimde davranmak,,
bebek beklemek,kadın gebe durumda bulunmak,,
becayiş etmek,"değişik yerdeki görevliler, karşılıklı yer değiştirmek",,
bedbaht etmek,mutsuz olmasına sebep olmak,,
bedbaht olmak,mutsuz olmak,,
bedbin etmek,"üzmek, karamsarlığa sokmak, ümitsizliğe düşürmek",,
bedbin olmak,"üzülmek, karamsar olmak, ümitsizliğe düşmek",,
bedduasını almak,kendisine beddua edilmek,,
bedduası tutmak,bedduası yerine gelmek,,
beddua etmek,ilenmek,,
beddua sinmek,bedduanın tutması yüzünden birinin işi sürekli ters gitmek,,
bedel ödemek,"yapılan bir iş veya alınan bir şey karşılığında para ödemek | yaptığı hatanın karşılığını ödemek, cezasını çekmek",,
bedel tutmak,kendi yerine askerlik yapması için birini para ile tutmak,,
bedel vermek,askerlik yapmamak veya kısa süre yapmak için devlete para ödemek,,
beğeni kazanmak,"takdir olunmak, beğenilmek",,
beis görmemek,"sakınca, zarar görmemek",,
beka bulmak,"ölmezlik erdemine ulaşmak, ölümsüzleşmek",,
bekçi kalmak,"koruyucu, gözcü, denetleyici olarak beklemek",,
beklemeye almak,herhangi bir şeyi kısa veya uzun bir süre ertelemek | telefonla yapılan iletişim sırasında karşı tarafı geçici bir süre bekletmek,,
belasını beklemek,"ona buna çatarak, kavga ederek veya benzeri davranışlarda bulunarak birinin kendisine gereken cezayı vermesi yolunu açmak",,
belasını bulmak,hak ettiği cezayı görmek,,
belayı satın almak,göz göre göre belayı üstüne çekmek,,
bela çıkarmak,kavga çıkarmak,,
bela getirmek,"kötülüğe, felakete uğratmak",,
bela kesilmek,"birisine sıkıntı ve eziyet vermek, musallat olmak",,
bela okumak,birine ilenmek,,
bela olmak,"aşırı güçlük, sıkıntı ve zarara sebep olmak",,
bela (veya belasını) aramak,kavga çıkarmak için fırsat kollamak,,
belden aşağı vurmak,"iş hayatında, insan ilişkilerinde, siyasette kural dışı saldırmak",,
belediyelik olmak,belediye ile ilgili bir işi olmak | belediye olma hakkını kazanmak,,
beleşe konmak,"bir şeyi emek harcamadan, para vermeden elde etmek",,
belge almak,başarısızlık yüzünden öğretim kurumuyla ilişiği kesilmek,,
belinden gelmek,birinin dölü olmak,,
belini bükmek,çaresizlik içinde bırakmak,,
belini doğrultmak,yeniden durumunu düzeltmek,,
belini kırmak,birini bir şeyi yapamaz duruma getirmek,,
belini vermek,"dayanmak, yaslanmak",,
beli açılmak,küçük abdestini tutamaz olmak,,
beli bükülmek,"yaşlılık yüzünden güçsüz kalmak, bir iş yapamayacak duruma düşmek | yoksulluk vb. sebeplerle âciz kalmak",,
beli çökmek,kamburlaşmak,,
beli gelmek,cinsel birleşme sırasında salgı boşalmak,,
belleğini yitirmek,bellek kaybına uğramak,,
belli etmek,"açıklamak, iyice görünür ve anlaşılır bir duruma getirmek | sezdirmek, hissettirmek",,
belli olmak,"anlaşılmak, açıklanmak",,
belsoğukluğuna uğratmak,bir işe veya bir söze gereksiz yere karışarak onun akışını sektirmek,,
bel bağlamak,"birisinin kendisine yardımcı olacağına inanmak, güvenmek",,
bel bellemek,toprağı belle kazmak,,
bel etmek,"işaret koymak, işaret vermek",,
bel kırmak,"eğilerek saygı göstermek | kırıtmak, salınmak",,
bel vermek,duvar gibi dik şeyler dışarıya veya tavan gibi yatay şeyler aşağıya doğru kamburlaşmak | herhangi bir konuda destek olmak,,
bencillik etmek,bencil davranmak,,
bencil olmak,bencilce davranışta bulunmak,,
benliğinden çıkmak,kendine benzemez olmak,,
benliği yoğurmak,kişiliği oluşturmak,,
bent etmek,kendisine bağlamak,,
bent olmak,"bağlanmak, tutulmak",,
benzinde kan kalmamak,kansızlık sebebiyle yüzü sararmak,,
benzine kan gelmek,"sağlıklı duruma gelmek, canlanmak",,
benzi atmak,"ansızın yüzünün rengi sararmak, solmak",,
benzi geçmek,benzi solmak,,
benzi kanlanmak,"sağlıklı duruma gelmek, canlanmak",,
benzi kül gibi olmak,"yüzünden kan çekilmek, yüzü sararmak",,
benzi sararmak,yüzünün rengi solmak,,
benzi solmak,"gücünü yitirmek, sağlık sorunu olmak",,
benzi uçmak,yüzü sararmak,,
ben düşmek,meyvelerde olgunlaşma belirtisi görünmek,,
beraat etmek,aklanmak,,
berabere bitmek,oyun veya yarışma aynı sayının alınmasıyla sonuçlanmak,,
berabere bitmek,oyun veya yarışma aynı sayının alınmasıyla sonuçlanmak,,
berabere kalmak,aynı sayıyı almak | başa baş gelmek,,
berabere kalmak,aynı sayıyı almak,,
berbat olmak,kötü duruma gelmek | kirlenmek | bozulmak,,
berhava etmek,"havaya uçurmak | bitirmek, yok etmek",,
berhava olmak,patlama yolu ile havaya uçmak | boşa gitmek,,
berhayat olmak,"yaşamak, hayatta olmak",,
bertaraf etmek,ortadan kaldırmak,,
bertaraf olmak,"ortadan kalkmak, yok edilmek",,
besiye çekmek,hayvanı semirtmek için beslemek,,
beslemelik etmek,birinin yanında besleme olarak bulunmak,,
besmele çekmek,"bir işe başlarken ""bismillahirrahmanirrahim"" cümlesini söylemek",,
beşiğini sallamak,"çocukluğundan veya çok eskiden beri tanımak, büyümesine hizmet etmek",,
beşiklik etmek,beşiklik görevini yapmak | bir şeyin doğup gelişmesine imkân vermek,,
beşlik simit gibi kurulmak,kendini bir şey sanarak bir yere yayılıp oturmak,,
beş paralık etmek,"zor durumda bırakmak, dile düşürmek, rezil etmek",,
beş paralık olmak,"zor durumda kalmak, dile düşmek, rezil olmak",,
beş parasız kalmak,harcayacak parası olmamak,,
beş para almamak,hiç para almamak,,
beş para etmemek,hiçbir değeri olmamak,,
beter etmek,daha kötü duruma getirmek,,
beti benzi kalmamak,yüzü sararıp solmak,,
beyan etmek,"bildirmek, söylemek, ileri sürmek, anlatmak",,
beyaza çekmek,yazıyı temize çekmek,,
beyaz sayfa açmak,bir konuda geçmişi unutarak geleceğe umutla bakmak,,
beyin yıkamak,"insanı, kendine özgü düşünce ve dünya görüşüne yabancılaştırmak, başka yönde düşünür ve davranır duruma getirmek amacıyla çeşitli yollarla etkilemek [ruh bilimi]",,
beyninden vurulmuşa dönmek,beklenmedik bir durum karşısında olağanüstü bir üzüntü ve şaşkınlığa uğramak,,
beyninde seyyale dolaşmak,aynı anda birden fazla şey düşünmek,,
beyninde şimşekler çakmak,"çok üzülmek, sarsılmak | zihninde birden bir düşünce doğmak",,
beynine girmek,"herhangi bir konuda birisini yönlendirmek, ikna etmek",,
beynine vurmak,"içki, uyuşturucu, öfke vb. etkisiyle ne yaptığını bilemez duruma gelmek",,
beynini dağıtmak,öldürmek,,
beynini kemirmek,"rahatsızlık vermek, huzurunu kaçırmak",,
beynini kurcalamak,aklı sürekli bir konu üzerinde takılıp kalmak,,
beynini uyuşturmak,düşünemez hâle getirmek,,
beynini yormak,aşırı çaba göstererek düşünmek,,
beyni allak bullak olmak,"iyi düşünemez olmak, zihni karışmak",,
beyni atmak,tepesi atmak,,
beyni bulanmak,"sersemlemek, düşünemez olmak | kötü bir şey sezinlemek",,
beyni durmak,"hiçbir şey düşünememek, donup kalmak",,
beyni karıncalanmak,zihin yorgunluğundan düşünemez olmak,,
beyni kaynamak,"aşırı sıcaktan sersemlemek, bunalmak",,
beyni sıçramak,aklı başından gitmek,,
beyni sulanmak,"düzgün düşünemez olmak, bunamak",,
beyni zonklamak,"yorgunluk, üzüntü vb. sebeplerden dolayı başı çok ağrımak",,
bey gibi yaşamak,bolluk içinde yaşamak,,
bey oturmak,"aşık çukur yüzü yere, yumru yüzü üste gelerek durmak",,
bezginlik getirmek,bezmek,,
bezini yıkamak,bebeklerin altına bağlanan bezi temizlemek | çok emek sarf etmek,,
bez bağlamak,bebeklere veya bilinç kaybına uğramış hastalara altlarını kirletmesinler diye bez koymak | dileğin yerine gelmesi ümidiyle yatıra veya ağaca bir parça çaput veya eski kumaş parçası bağlamak,,
bez çözmek,çözgü çözmek | bir aşağı bir yukarı dolaşıp durmak,,
bıcı bıcı yapmak,yıkanmak,,
bıçak altına yatmak,ameliyat olmak,,
bıçak atmak,bir hedefe bıçak fırlatmak | bıçaklamak | ameliyat etmek,,
bıçak bıçağa gelmek,bıçakla birbirine saldıracak kadar zorlu kavga etmek,,
bıçak çekmek,üzerindeki bıçağı birden eline alarak birine saplamaya hazırlanmak,,
bıçak gibi kesilmek,"söz, konuşma, sohbet birden bitmek, duruvermek",,
bıçak gibi kesmek,çok keskin olmak | birdenbire ve tamamen ortadan kaldırmak,,
bıçak gibi saplanmak,"sancı, ağrı birden ve güçlü olarak başlamak",,
bıçak kemiğe dayanmak,çekilen sıkıntı artık katlanılamayacak bir duruma gelmek,,
bıçak silmek,bir işi bitirmek,,
bıçak vurmak,bıçakla kesmek | bıçaklamak,,
bıçak yemek,bıçaklanmak,,
bıkıp usanmak,çok bezmek,,
bıkkınlık gelmek,"bıkmak, usanmak, bunalmak",,
bıkkınlık vermek,bir şeyi sürekli tekrarlayarak karşısındakini usandırmak,,
bıraktığı (veya bağladığı) yerde (veya çayırda) otlamak,uzun süredir hiçbir ilerleme veya değişim gösterememek,,
bıyığını balta kesmez olmak,kimseden korkusu olmamak,,
bıyığını silmek,bir işi olmuş bitmiş sayarak onunla uğraşmaktan vazgeçmek,,
bıyığı (veya bıyıkları) terlemek,bıyığı yeni yeni çıkmaya başlamak | delikanlılık çağına girmek,,
bıyıkları ele almak,delikanlılık çağına girmek,,
bıyık altından gülmek,birinin durumuna belli etmemeye çalışarak alay yollu gülümsemek,,
bıyık bırakmak,bıyık uzatmak,,
biat etmek,"bir hükümdarın veya ileri gelen birinin egemenliğini tanımak, kabul etmek",,
biber gibi yakmak,"deri, göz vb.ni çok acıtmak | çok üzmek, dertlendirmek",,
biber gibi yanmak,"deri, göz vb. çok acımak | çok üzülmek, dertlenmek",,
biçare olmak,çaresiz kalmak,,
biçim almak,"biçimlenmek, belli bir biçime girmek, şekillenmek",,
biçki yapmak,dikilecek kumaşı belli bir modele ve ölçüye göre kesmek,,
bigâne düşmek,yabancılaşmak,,
bigâne kalmak,kayıtsız olmak; ilgisiz kalmak,,
bildiğini okumak,"herkes ne derse desin bildiği, istediği gibi davranmak",,
bildiğini yapmak,verilen öğütleri dinlemeyerek tutumunu sürdürmek,,
bildik çıkmak,birbirlerini eskiden bildiklerini veya ailece tanıştıklarını anlamak | önceden bilmek,,
bileğinde altın bileziği olmak,geçerli bir meslek sahibi olmak,,
bileğine güvenmek,gücüne veya hünerine güvenmek,,
biletini kesmek,"ölümüne karar vermek | işine son vermek, işten uzaklaştırmak, ayırmak",,
bilet kesmek,"bileti koparıp alıcıya vermek, bilet satmak | işine son vermek, işten uzaklaştırmak, ayırmak",,
bilgi edinmek,"bir durumu öğrenmek, bilgi almak",,
bilgi tazelemek,"önceden sahip olduğu bilgiyi yenilemek, güncelleştirmek",,
bilincine varmak,"anlamak, kavramak",,
biliş çıkmak,"tanımak, önceden tanış olmak",,
bilmece çözmek,bilmecenin cevabını bulmak | zor bir işi başarmak,,
bilmece gibi konuşmak,"açık, anlaşılır bir biçimde konuşmamak",,
bilmezden gelmek,bilmezlikten gelmek,,
bilmezlikten gelmek,bilmiyor görünmek,,
bina etmek,"yapmak, kurmak, inşa etmek | bir düşünce sistemine oturtmak",,
bindiği dalı kesmek,"kendisine gerekli ve yararlı olan şeyi farkında olmadan yararsız duruma getirmek, kendi eliyle yok etmek",,
bini aşmak,"çok fazla olmak, sınırı aşmak",,
bin dereden su getirmek,"birini ikna etmek için birçok sebep ileri sürmek, dil dökmek",,
bin kalıba girmek,birbirine benzeyen birçok iş yapmak | sürekli olarak fikir değiştirmek,,
bin pişman olmak,çok pişman olmak,,
bin tarakta bezi olmak,birçok işle uğraşmak,,
birbirine düşmek,"araları açılmak, aralarında anlaşmazlık çıkmak",,
birbirine girmek,"karışmak | iplik vb. dolaşmak, çözülemeyecek duruma gelmek | birçok araç bir anda çarpışmak | kavga etmek, dövüşmek",,
birbirine katmak,"aralarını açmak, aralarını bozmak, olay çıkarmak | karıştırmak",,
birbirinin ağzına girmek,birbiriyle çok yakın mesafede olmak,,
birbirinin ağzına tükürmek,"bir sorunda, bir olayda sözleşmiş gibi ağız birliği yapmak",,
birbirinin gözünü çıkarmak,aralarında birbirlerine zarar verecek derecede kıyasıya dövüşmek,,
birbirinin gözünü oymak,aralarında aşırı geçimsizlik olmak,,
birbirini çekememek,birbirini kıskanmak,,
birbirini kovalamak,ardı ardına sürekli bir şekilde gelmek,,
birbirini tutmamak,"birbiriyle ilgisi olmamak, tutarsız olmak",,
birbirini yemek,"iki veya daha çok kimse birbiriyle uğraşmak, birbirine kötülük etmek",,
birbiri için yaratılmış olmak,birbiriyle çok iyi anlaşmak,,
birbiri üstüne gelmek,"arka arkaya meydana gelmek, ara vermeden olmak",,
birebir gelmek,etkisini hemen ve kesin olarak göstermek,,
bire beş katmak,çok abartmak,,
bire bin katmak,çok abartmak,,
bire ... vermek,"buğday, arpa, nohut, fasulye vb. ürünler için toprak kullanılan tohumun belli bir katı kadar ürün vermek | şans oyunlarında verilen paradan daha fazla para kazandırmak",,
birinci elden kaynağa gitmek,"bilimsel çalışmalarda kaynakların aslına, özgününe dayanmak",,
birinci olmak,"başta gelmek, önde gelmek",,
birlikte yaşamak,"aynı evde oturmak, bir arada yaşamak",,
birlik olmak,bir işi yapmak için anlaşmak,,
bir araya gelmek,"bir yerde toplanmak, buluşmak",,
bir araya getirmek,toplamak,,
bir avuç toprak olmak,ölmek,,
bir ayağı çukurda olmak,ağır hastalık vb. sebeplerle yaşayacak çok az zamanı kalmış olmak | çok yaşlanmış olmak,,
bir ayak üstünde bin yalan söylemek,çok kısa sürede pek çok yalan söylemek,,
bir ayak üstünde kırk yalanın belini bükmek,çok kısa sürede pek çok yalan söylemek,,
bir baltaya sap olamamak,belli bir iş sahibi olamamak,,
bir bardak suda fırtına koparmak,"önemsiz, küçük bir sorunu çok büyütmek",,
bir biçimine getirmek,"çözüm yolu bulmak | sırasını, fırsatını bulmak, punduna getirmek, en uygun durumunu yakalamak",,
bir boka yaramamak,hiçbir şeye elverişli olmamak,,
bir çekirdek geri kalmamak,bütünüyle denk olmak,,
bir çift lakırtı etmek,kısa konuşmak,,
bir çift sözü olmak,söyleyecek bir şeyleri bulunmak,,
bir çuval inciri berbat etmek,"düzelmekte olan bir durumu yersiz, yanlış davranışlarla bozmak",,
bir dalda durmamak,sık sık iş veya düşünce değiştirmek,,
bir dediğini iki etmemek,her istediğini hemen yapmak,,
bir dediği bir dediğini tutmamak,"söyledikleri birbirine uymamak, tutarsız konuşmak",,
bir dediği iki olmamak,her istediği yapılmak,,
bir dikili ağacı olmamak,"hiçbir şeyi, malı mülkü olmamak",,
bir dirhem bal için bir çeki keçiboynuzu çiğnemek,"verimi az, zahmeti çok olan bir işle çok uğraşmak",,
bir düşüncedir (veya düşünce) almak,bir konuda kaygılanarak çözüm yolu bulmaya çalışmak,,
bir elini bırakıp ötekini öpmek,aşırı saygı göstermek,,
bir elle verdiğini öbür elle almak,"yapar göründüğü bir iyiliği, sağladığı bir çıkarla ödetmek",,
bir gömlek fazla eskitmiş olmak,birinden daha yaşlı ve daha görmüş geçirmiş olmak,,
bir göz gülmek,hem gülüp hem ağlamak,,
bir hizaya gelmek,düzgün sıra olmak,,
bir hoşluğu olmak,"garip veya tuhaf bir durumda olmak | üzerinde bir neşesizlik, bir hüzün görülmek",,
bir hoş eylemek,hüzünlendirmek,,
bir hoş olmak,ne yapacağını bilememek | hüzünlenmek,,
bir hâl olmak,"bir şeyin çok tekrarlanması yüzünden bitkin duruma gelmek, usanmak, bezmek, fenalık gelmek | huyu değişmek | kazaya uğramak | ölmek",,
bir iğne bir iplik olmak,iğne ipliğe dönmek,,
bir ilke imza atmak,bir konuda hiç kimsenin veya kuruluşun yapmadığı bir işi gerçekleştirmek,,
bir işaretine bakmak,bir işi yapmak için hazır beklemek,,
bir işi başından kesmek,yapılması istenmeyen bir işi baştan engellemek,,
bir iş olmak,"anlaşılmaz, bilinmeyen bir durum olmak",,
bir kafada olmak,aynı düşüncede olmak,,
bir kalem geçmek,"boş vermek, bir an için göz ardı etmek",,
bir kapıya çıkmak,aynı sonuca varmak,,
bir kaşık suda boğmak,sevmediği kişinin kötü duruma düşmesini sağlamak için elinden geleni yapmak,,
bir kazanda kaynamak,"anlaşmak, uyuşmak, bağdaşmak",,
bir kenara atılmak,"unutulmak, terk edilmek, ilgi kesilmek",,
bir kenarda durmak,gerektiği zaman kullanılmak üzere hazırda bulunmak,,
bir kıza dünür düşmek,bir kızı evlenmek üzere başkası için istemek,,
bir kolayını aramak,"bir şeyi yapmak, çözmek için gerekli kolay ve kestirme yöntemi araştırmak",,
bir kolayını bulmak,kolaylıkla yapabilmeyi sağlamak veya yapma yolunu bulmak,,
bir koyundan iki post çıkarmak,olması gerekenden daha fazla elde etmek,,
bir köşeye atılmak,"terk edilmek, ilgilenilmemek, kendi kaderine terk edilmek",,
bir köşeye atmak,gerektiğinde kullanmak için bir yere koymak,,
bir köşeye çekilmek,hiçbir işe karışmayarak yaşamak,,
bir köşeye koymak,"saklamak, biriktirmek",,
bir köşeye oturmak,"gelin olmak, evlenmek",,
bir köşeye oturmak,"gelin olmak, evlenmek",,
bir köşeye sinmek,"kimsenin görmeyeceği bir yere saklanmak, gizlenmek, sesi çıkmaz olmak",,
bir kulağından girip öbür kulağından çıkmak,söylenen söze önem vermemek,,
bir olmak,"bir araya gelmek, iş birliği yapmak",,
bir olmak,çabucak olmak,,
bir papel (veya pul) etmemek,değeri olmamak,,
bir paralık etmek,"çok utanacak, işe yaramaz bir duruma düşürmek",,
bir parmak,Kısa boylu,,
bir pula satmak,bir kimseyi bir çıkar uğruna harcamak,,
bir sıkımlık canı olmak,çok cılız ve güçsüz olmak,,
bir söylemek pir söylemek,uzatmadan gereği gibi söylemek,,
bir sözünü (veya dediğini) iki etmemek,birinin her istediğini hemen yerine getirmek,,
bir şeye benzememek,işe yarar durumda olmamak,,
bir şey anlamamak,yiyeceğin tadına varamamak | içeriğini tam olarak çözememek,,
bir şey sanmak,"aslında olmadığı hâlde bir değeri var sanmak, değerlendirmede yanılmak",,
bir şey söylemek,"konuşmak | belirtmek, anlatmak, ifade etmek",,
bir şey yapmak,birine kötülükte bulunmak,,
bir şey (veya şeyler) olmak,"huyu, durumu, tutumu değişmek, yeni huylar edinmek | hâlinde bir değişiklik hissetmek, fenalaşmak | ölmek",,
bir tarakta bezi olmamak,"sözü edilen konu ile ilgisi olmamak, bilgisi bulunmamak",,
bir taşla iki kuş vurmak,bir iş veya davranışla birden çok yararlı sonuca ulaşmak,,
bir tek atmak,bir kadeh içki içmek,,
bir tuhaflığı olmak,kendini iyi hissetmemek,,
bir tuhaf olmak,"garipleşmek, acayipleşmek | şaşırmak, ne yapacağını bilememek",,
bir yakadan baş çıkarmak,bir çatı altında dirlik düzenlik içinde yaşamak,,
bir yastığa baş koymak,evlilik hayatını mutlu bir biçimde geçirmek,,
bir yastıkta kocamak,karı koca birlikte uzun bir ömür sürmek,,
bir yaşına daha girmek,şimdiye değin görmediği şaşılacak yeni bir şeyle karşılaşmak,,
bir yiyip bin şükretmek,kötü durumda olanlara bakarak kendi durumunun değerini bilmek,,
bir yolunu bulmak,"çare bulmak, çözüm üretmek",,
bir yol tutturmak,"bir davranış, bir tutum biçimi belirlemek",,
bismillah demek,bir işe uğurlu olması dileği ile başlamak,,
bis yapmak,"seyirci, beğenilen bir konserin sonunda tempolu bir biçimde alkışlayarak sanatçıyı veya sanatçıları bir eser seslendirmesi için yeniden sahneye çağırmak",,
bitap düşmek,bitkin düşmek,,
biti kanlanmak,sıkıntı içinde yaşayan bir kişi para ve varlık yönünden güçlenmek,,
bitkin düşmek,"yorgunluk vb. sebeplerle gücü tükenmiş olmak, güçsüz duruma gelmek",,
bitmek tükenmek bilmemek,"bir türlü sonu gelmemek, eksilmemek",,
biyopsi yapmak,"mikroskop altında incelemek, çeşitli testler yapmak ve tanı koymak amacıyla vücudun herhangi bir bölümünden doku veya hücre parçası almak [tıp]",,
bizar etmek,"tedirgin etmek, usandırmak",,
bizar olmak,"usanmak, bıkmak",,
bloke etmek,"kullanılmasını önlemek amacıyla el koymak | savaş durumundaki bir ülkenin dış ülkelerle ilişkisini engellemek | kapatmak, durdurmak | ödeme yapabilmek için banka tarafından müşteri hesabında belirli bir tutarı güvence altına almak [ekonomi] | ödenmeyen borç yüzünden veya şifreyi yanlış girmeden dolayı banka kredi kartının kullanılmasını engellemek [ekonomi] | futbolda kaleci topu yakalamak [spor]",,
blok yapmak,bloklamak,,
blöf yapmak,karşısındakini yanıltarak veya yıldırarak bir işten caydırmak için aslı olmayan söz söylemek veya aldatıcı tavır takınmak,,
boca etmek,"geminin başını rüzgâr almayan tarafa çevirmek | birden çevirip boşaltmak, dökmek",,
bocuk domuzuna dönmek,çok semiz ve besili olmak,,
bodur kalmak,boyu uzamamak | gelişmemek,,
boğaya çekmek,ineği boğa ile cinsel ilişkide bulundurmak,,
boğaya gelmek,çiftleşme zamanı gelmek,,
boğazına dikkat etmek,"yiyeceğine, içeceğine özen göstermek",,
boğazına dizilmek,"üzüntü, kaygı vb. sebeplerle isteksiz yemek, iştahı kesilmek",,
boğazına durmak,yediği şeyi yutamamak,,
boğazına indirmek,fazla ve gelişigüzel yemek,,
boğazına sarılmak,üstüne yürümek,,
boğazından artırmak,yiyeceğinden kısıp parasını artırmak,,
boğazından geçmemek,sevdiği bir kimsenin yokluğu veya yoksulluğu dolayısıyla bir yiyeceği yalnız başına yemekten üzüntü duymak,,
boğazından kesmek,yiyip içmede çok tutumlu davranmak,,
boğazında düğümlenmek,söylemek istediğini heyecan veya üzüntü yüzünden diyememek,,
boğazında kalmak,"ağzındaki lokmayı üzüntü dolayısıyla yutamaz duruma gelmek | sesi kesilmek, konuşamamak",,
boğazını doyurmak,karın doyurmak,,
boğazını sevmek,yiyip içmeye düşkün olmak,,
boğazını sıkmak,"bunaltmak, sıkıntı vermek",,
boğazını yırtmak,olanca gücüyle bağırmak,,
boğazı açılmak,iştahı artmak,,
boğazı düğümlenmek,üzüntüden boğazı tıkanmak,,
boğazı inmek,"bademcikleri şişmek, iltihaplanmak",,
boğazı işlemek,durmadan bir şeyler yemek,,
boğazı kurumak,çok susamak,,
boğaz açmak,ağaçların dibini kazarak toprağı kabartmak,,
boğaz boğaza gelmek,zorlu kavga etmek,,
boğaz olmak,boğazı ağrımak | imrenmekten boğazı şişmek,,
boğuntuya getirmek,"birini bunaltıp şaşırtmak yolu ile kendisinden, bir iş veya mal karşılığı olarak çok miktarda para çekmek | bir kimseyi şaşkına çevirerek anlamasına fırsat vermeden kandırmak",,
bohçanın dört ucunu bir araya getirememek,iki yakayı bir araya getirememek | dengeyi sağlayamamak,,
bohçasını koltuğuna almak,kendi isteğiyle ayrılmak,,
bohçasını koltuğuna vermek,"kovmak, işine son vermek",,
bohçasını toplamak,eşyasını toplamak,,
boka sarmak,"işler, olaylar ve durumlar içinden çıkılamayacak kadar kötü bir hâl almak",,
bokunda boncuk bulmak,birine hak etmediği hâlde çok değer vermek,,
bokuyla kavga etmek,"çok sinirli ve geçimsiz olmak, her şeye öfkelenir olmak",,
boku çıkmak,bir iş veya durum tatsızlaşmak,,
bok atmak,"birine leke sürmek, kara çalmak",,
bok karıştırmak,bir işi bozacak bir biçimde davranmak,,
bok yemek,yakışıksız bir iş yapmak,,
bok yoluna gitmek,"yararsız, gereksiz bir şey uğruna yok olmak",,
bollukta büyümek,maddi sıkıntı görmeden yetişmek,,
bol doğramak,parasını saçıp savurmak,,
bombardımana tutmak,bombardıman etmek,,
bombardıman etmek,"aralıksız bir biçimde top ateşi veya bomba ile bir yere saldırmak | bir kimseyi birbiri ardına gelen ağır sözlerle paylamak | etkili bir biçimde ve sık olarak gündeme getirmek, duyurmak",,
bombası patlamak,bir olay birdenbire ortaya çıkmak,,
bomba gibi patlamak,öfkelenerek birdenbire ve yüksek sesle bağırıp çağırmak | bir olay birdenbire ortaya çıkarak herkesi şaşırtmak,,
bomba patlatmak,şaşkınlık yaratacak bir haber veya bilgiyi duyurmak,,
bombe yapmak,bombelenmek,,
boncuk boncuk terlemek,alında veya yüzde boncuk gibi yuvarlak ter taneleri belirmek,,
bono kırdırmak,"bir bonoyu, süresi dolmadan eksiğine paraya çevirmek",,
bono vermek,borç alındığını gösteren vadeli senedi imzalayıp teslim etmek,,
borca almak,veresiye almak,,
borca batmak,çok borçlu olmak,,
borca girmek,"borçlanmak, borç para almak",,
borcunu bilmek,bir şey yapmayı yerine getirilmesi gereken bir iş olarak değerlendirmek | borcunu zamanında öder olmak,,
borcunu kapatmak,borcunu ödeyip bitirmek,,
"borcun iyisi vermek, derdin iyisi ölmek","""borçlu ve dertli bir biçimde yaşanılmaz; borçtan kurtulmanın yolu onu vermek, onulmaz dertten kurtulmanın çıkar yolu ise ölmektir"" anlamında kullanılan bir söz",,
borcu boğazını aşmak,borca batmak,,
borçlu çıkmak,alacak verecek hesabında borçlu duruma düşmek,,
borçlu kalmak,alacak verecek hesabında parası yeterli gelmemek | minnettar kalmak,,
borçlu yatırmamak,borçlu ölen bir kimsenin yakınları ölenin borcunu ödemek,,
borçtan kurtulmak,borcunu ödemek,,
borç almak,daha sonra ödemek üzere birinden para veya bir şey almak,,
borç altına girmek,ödeme imkânlarını zorlayacak şekilde borçlanmak,,
borç bini aşmak,borç altından kalkılamayacak duruma gelmek,,
borç gırtlağına çıkmak,borca batmak,,
borç harç etmek,sürekli borç almak,,
borç takmak,borcunu ödememek,,
borç vermek,daha sonra ödenmek üzere birine para veya bir şey vermek,,
borç yemek,sürekli borç alarak yaşamak,,
borda etmek,yandan yanaşmak,,
borusunu çalmak,"çıkar sağladığı kimsenin davasını gütmek, onun lehine çalışmak",,
borusu ötmek,"sözü geçmek, yetkisi olmak",,
boru çalmak,borazan ile bir müzik parçasını seslendirmek,,
boru gibi ötmek,ses çok güçlü ve kalın çıkmak | kalın bir sesle rahatsız edecek şekilde konuşmak | boş konuşmak,,
boşa almak,"motorlu araçlarda hareketi veren ve alan parçalar arasındaki bağlantıyı devreden çıkarmak, rölantiye almak | bir işi zamanında yapmayıp belirsiz bir zamana bırakmak",,
boşa çıkarmak,olumlu bir sonuç alınmasını engellemek,,
boşa çıkmak,"umut, düşünce vb. şeyler sonuç vermemek, gerçekleşmemek",,
boşa gitmek,"harcanan emek, para vb. hiçbir işe yaramamak, olumlu bir sonuca ulaşamamak",,
boşa vermek,zamanı boşa harcamak,,
boşboğazlık etmek,"gereksiz, yersiz, düşüncesiz konuşmak",,
boşluğa düşmek,"kendisini manevi olarak bitmiş, tükenmiş hissetmek, amaçsızca yaşamak",,
boşta gezmek,işsiz olmak,,
boşta kalmak,işsiz kalmak,,
boş bırakmak,"boş durumda bulundurmak | tamamlamamış olmak, noksan ve eksik bırakmak | ev, ülke vb. içinde veya üzerinde oturan kimse kalmamak",,
boş bırakmamak,"para, yiyecek vb. şeylerle yardım ederek, yanında bulunarak ilgi göstermek | bir işle meşgul olmasını sağlamak",,
boş bulunmak,dikkatsiz ve dalgın bulunmak | söylenmesi sakıncalı olan bir şeyi söyleyivermek,,
boş çıkmak,"umduğu gerçekleşmemek, sonuç vermemek",,
boş çıkmamak,bir işten az da olsa bir kazançla çıkmak,,
boş dönmek,hiçbir şey elde edemeden geri gelmek,,
boş durmak,"işsiz kalmak, çalışmamak",,
boş durmamak,her zaman bir işle uğraşmak | birinin yaptığına karşılık olarak bir harekette bulunmak,,
boş düşmek,kadın kocasından İslam hukukuna göre boşanmış sayılmak,,
boş geçmek,"dilenciye veya yardım toplayan cami, dernek vb.ne herhangi bir şey vermeden geçip gitmek",,
boş gözlerle bakmak,anlamsız anlamsız bakmak,,
boş kalmak,kimse oturmamak | işsiz kalmak | tarla ekilmemiş olmak,,
boş konuşmamak,"gerçekleri söylemek, bilgisine dayanarak anlatmak",,
boş koymak,yoksun bırakmak,,
boş oturmak,hiçbir işi olmamak,,
boş vermek,"ciddiye almamak, önemsememek",,
boş yerine vurmak,böğürlerine vurmak,,
boyası atmak,boyası solmak,,
boya çekmek,boyca uzamak,,
boya kullanmak,"boyanmak, makyaj yapmak",,
boya tutmak,bir şey iyi boyanır olmak,,
boya (veya boyasını) vermek,ıslanınca veya yıkanınca boyası çıkmak,,
boykot etmek,"bir işi, bir davranışı yapmama kararı almak",,
boyna etmek,sandalı kıçtan tek kürekle yürütmek,,
boynuna almak,bir şeyi borç veya ödev olarak üzerine almak,,
boynuna geçirmek,bir şeyi kendine mal etmek; zimmetine geçirmek,,
boynunda kalmak,bir sözü iletmediği veya birine ödenecek parayı ödemediği için üzerinde borç kalmak,,
boynunu kırmak,çekip gitmek,,
boynunu uzatmak,"her şeye, her cezaya razı olmak",,
boynunu vurmak,başını keserek öldürmek,,
boynuzları yaldızlatmak,tekrar tekrar aldatılmak,,
boynuz çekmek,"boynuz kullanarak kan çekmek, hacamat etmek",,
boynuz eğmek,"istemeyerek uymak, karşı tarafın gücünü kabul etmek",,
boynuz isterken kulaktan olmak,"daha iyisini, mükemmelini ararken mevcut olanı yitirmek",,
boynuz kulağı geçmek,bir konuda daha sonra yetişenler yetenek ve başarı bakımından eskileri geçmek,,
boynu armut sapına dönmek,çok zayıflamak,,
boynu eğri olmak,herhangi bir sebeple birine karşı direnecek veya söz söyleyecek durumda olmamak,,
boynu kıldan ince olmak,haksız olduğu anlaşıldığında verilecek her türlü cezaya razı olmak,,
boyunca çocuğu olmak,yetişkin çocuğu olmak,,
boyunduruğa vurmak,baskı altına almak,,
boyunduruk altına almak,bir kimseyi veya bir toplumu zorbalıkla buyruk altına almak,,
boyunduruk altına girmek,başkasının baskısı altında kalmak,,
boyunduruk vurmak,"öküz, manda vb. hayvanlara boyunduruk takmak | emri altına almak | baskı altına almak",,
boyunun ölçüsünü almak,"kendi yetersizliğini, beceriksizliğini anlamak | beklediği yakınlığı görememek",,
boyunu aşmak,"kişinin gücünün, yeteneğinin, yetkisinin üstünde olmak",,
boyunu görmek,bir kimsenin bir konuda yeterli olup olmadığını anlamak için denemek,,
boyun eğmek,"isteyerek veya istemeyerek uymak, katlanmak",,
boyun kesmek,selam vermek için başını eğmek,,
boyun kırmak,saygı duyulan bir kimse karşısında ses çıkarmamak,,
boyun olmak,kefil olmak,,
boyun vermek,buyruk altına girmek,,
boyun (veya boynunu) bükmek,"acındıran bir tavır takınmak | acındıran, çaresiz bir durumda kalmak | bir durumu, bir işi ister istemez kabul etmek | bitki canlılığını yitirmek",,
boyut katmak,"başka veya yeni bir görüş açısı, genişlik, kapsam ve içerik kazandırmak",,
boyut kazandırmak,"yeni bir durum, içerik, genişlik, kapsam kazandırmak",,
boyut kazanmak,"yeni bir durum, içerik, genişlik, kapsam kazanmak",,
boy abdesti almak,İslam dinine göre gereken durumlarda bütün vücudu belirli biçimlerde yıkayarak abdest almak,,
boy atmak,"boyu uzamak, boylanmak, gelişmek",,
boy göstermek,görünmek | gösteriş yapmak,,
boy ölçüşmek,yarışmak,,
boy vermek,su insan boyunu aşacak kadar derin olmak | suya dalarak boyu ile suyun derinliğini ölçmek | bitkiler büyümek,,
boza olmak,utanmak,,
bozguna uğratmak,"yenip perişan etmek, dağıtmak, hezimete uğratmak",,
bozuk çalmak,"canı sıkılmış, yüzü asılmış olmak",,
bozuk para gibi harcamak,değerini düşürecek biçimde bir kimseden yararlanmaya kalkışmak,,
bozum etmek,"utandırmak, mahcup etmek",,
bozum olmak,"utanmak, utanacak duruma düşmek, mahcup olmak",,
bozuntuya uğramak,şaşkınlığa kapılmak,,
bozuntuya vermemek,bir kimsenin hoşa gitmeyen bir durumunda fark etmemiş gibi davranmak,,
böbür böbür böbürlenmek,çok böbürlenmek,,
böcek çıkarmak,ipek böceği yetiştirmek,,
bölük bölük olmak,parçalanmak,,
bön bön bakmak,"anlamayarak, şaşkın şaşkın bakmak",,
börek açmak,börek yapmak için hamurdan ince yufkalar hazırlamak | börek yapmak,,
börek çevirmek,börek yapmak,,
brifing almak,bilgilenmek,,
brifing vermek,bilgilendirmek,,
bucak bucak aramak,her yerde aramak,,
bucak bucak kaçmak,"bir olay, bir durum veya bir kimseyle karşılaşmamaya çalışmak",,
budalalık etmek,akılsızca davranmak,,
buhar olmak,"yok olmak, kaybolmak",,
buhrana tutulmak,bunalım geçirmek,,
buhran geçirmek,bunalım geçirmek,,
bukağı vurmak,bukağı takmak,,
bukalemun gibi renkten renge girmek,sürekli düşünce değiştirmek,,
bukalemun olmak,"davranışını, görüşünü çıkarına göre sık sık değiştirmek",,
bulantı vermek,midesini bulandırmak | bıkkınlık vermek,,
bula bula bunu (onu veya bir şeyi veya birini) bulmak,var olanların en değersizini seçmek | kötü bir şeye rastlamak,,
buldumcuk olmak,bir şeye sonradan ulaşınca şımarmak,,
bulup buluşturmak,çaba göstererek bir şeyler sağlamak,,
buluttan nem kapmak,"en küçük bir şeyden alınmak, çok alıngan olmak",,
bulut olmak,çok sarhoş olmak,,
bunalımda olmak,ruhsal bakımdan gerginlik ve sıkıntı içinde bulunmak,,
bunalım geçirmek,"herhangi bir sebeple oluşan bunalımı, bozgunu yaşamak",,
buna değdi (idi) buna değmedi (idi) demek,"birçok şeyin, iyilerini seçip önceden beğenmeyip bıraktıklarını da sonradan almak",,
buradayım diye bağırmak,göze çarpacak bir yerde bulunmak,,
buradayım diye bağırmak,göze çarpacak bir yerde bulunmak,,
burnuna girmek,birine çok sokulmak,,
burnuna halkayı takmak,"istediği gibi yönetmek, her istediğini yaptırmak",,
burnuna karıncalar dolmak,ölmek,,
burnuna koymak,"aldırış etmek, göz önünde tutmak, değer vermek",,
burnuna pis (veya kötü) kokular gelmek,"insanı şüpheye düşüren, hoş olmayan, gizli kalmış, olumsuzluklar duymak",,
burnundan ayrılmamak,"yanından gitmemek, uzaklaşmamak",,
burnundan düşen bin parça olmak,çok asık suratlı olmak,,
burnundan gelmek,iyi niyetle girişilen bir işten beklenen sonuç alınamadığından dolayı sıkıntı içinde olmak,,
burnundan gelmek,iyi niyetle girişilen bir işten beklenen sonuç alınamadığından dolayı sıkıntı içinde olmak,,
burnundan getirmek,yaptığına pişman etmek,,
burnundan kıl aldırmamak,"kendisine söz söyletmemek, çok huysuz ve kibirli olmak",,
burnundan solumak,çok öfkelenmiş olmak,,
burnundan yakalamak,"birini yönetimi altına almak, kaçamak bulamayacağı duruma getirmek",,
burnundan (fitil fitil) gelmek,"elde ettiği güzel şey, sonradan gelen üzüntüler üzerine kendisine zehir olmak",,
burnunda tütmek,çok özlemek,,
burnunun dibine sokulmak,"çok yaklaşmak, iyice yaklaşmak",,
burnunun dikine (veya doğrusuna) gitmek,öğüt dinlemeyerek kendi bildiği gibi davranmak,,
burnunun direğini kırmak,çok pis bir koku yayarak rahatsız etmek,,
burnunun direği sızlamak,"maddi veya manevi çok acı duymak, çok üzülmek",,
burnunun ucundan ötesini (veya ilerisini) görmemek,dar düşünceli olmak,,
burnunun ucunu görmemek,"çok sarhoş olmak | dalgın, dikkatsiz olmak",,
burnunun yeli harman savurmak,büyüklenmek | çok öfkelenmek,,
burnunun yeli kırılmak,öfkesi yok olmak,,
burnunu çekmek,"sümüğünü çekmek | umduğunu bulamamak, amacına ulaşamamak",,
burnunu kırmak,birini güç durumda bırakarak büyüklenmesini veya direnişini yok etmek,,
burnunu sokmak,gerekmeden her işe karışmak,,
burnu bile kanamamak,"zarar görmemek, yarasız beresiz olmak | tehlikeli bir durumdan yara bere almadan kurtulmak",,
burnu büyümek,büyüklenmek,,
burnu çenesine değmek,çok yaşlanmak,,
burnu kırılmak,büyüklenemez duruma gelmek,,
burnu sızlamak,duygulanmak,,
burun buruna gelmek,"beklenmedik bir anda karşılaşmak, birbirlerine çok yaklaşmak | çok yaklaşmak",,
burun buruna olmak,çok yakınında bulunmak,,
burun bükmek,"beğenmemek, önem vermemek",,
burun kıvırmak,"önem vermemek, küçümsemek, beğenmemek",,
burun şişirmek,büyüklenmek,,
burun yapmak,büyüklük taslamak,,
buyruğu altına girmek,bir kimse başka bir kimsenin isteklerini ister istemez yerine getirmek zorunda olmak,,
buyur etmek,buyurun diyerek konuğu saygı ile içeri almak | sofraya çağırmak,,
buzdolabına kaldırmak,bir konuda anlaşmaya varılamadığı için onu bir süre gündem dışında bırakmak,,
buzlar çözülmek,"buzlar erimeye ve kırılmaya başlamak | aradaki soğukluk, dargınlık, gerginlik ortadan kalkmak",,
buz bağlamak,sıvı yüzeyi donmak | cam vb.nin yüzeyi buzla kaplanmak,,
buz gibi soğumak,"birine veya bir şeye karşı eski sevgisi birdenbire yok olmak, nefret etmeye başlamak",,
buz kesilmek,"şaşılacak, üzülecek bir durum karşısında donakalmak",,
buz kesmek,çok üşümek,,
buz tutmak,"sıvının üstünde buz oluşmak, buzla kaplanmak",,
buz üstüne yazı yazmak,"süresi, etkisi çok az olacak bir iş yapmak | bir kimseye etki yapmayan sözler söylemek",,
bühtan etmek,iftira etmek,,
bülbül gibi söylemek,"bildiklerini hiçbir şey saklamadan söylemek, itiraf etmek",,
bülbül gibi şakımak,"güzel sesle, neşeyle konuşmak | itiraf etmek",,
bülbül kesilmek,bir etki veya baskı altında çokça konuşmak,,
büluğa ermek,ergenleşmek,,
bütünlemeye bırakmak,öğretmen bir öğrenciyi yarıyıl veya öğretim yılı sonunda dersinden başarısız saymak,,
bütünlemeye kalmak,bir öğrenci yarıyıl veya öğretim yılı sonunda derslerinde başarısızlığa uğramak; ikmale kalmak,,
"büyüklerin ellerinden, küçüklerin gözlerinden öpmek",saygı ve sevgi göstermek,,
"büyükle büyük, küçükle küçük olmak","her yaş ve durumdaki kişilere karşı dostça, arkadaşça davranmak",,
büyüklük göstermek,bağışlayıcı ve hoşgörülü davranmak,,
büyüklük satmak,gururlanıp üstünlük taslamak,,
büyüklük taslamak,"kendini üstün görmeye çalışmak, böbürlenmek",,
büyük abdesti gelmek,dışkı yapma ihtiyacı duymak,,
büyük gelmek,"kıyafet, bol ve geniş olmak",,
büyük laf etmek,büyük söylemek,,
büyük oynamak,çok para koyarak kumar oynamak | büyük risk ve beklentilerle bir işe girişmek,,
büyük resmi görmek,"bir konuya, olaya ait ayrıntıların oluşturduğu bütünü görmek",,
büyük yemin etmek,bir şeyi yapmak veya yapmamak konusunda en kutsal şeyler üzerine ant içmek,,
büyük (söz) söylemek,yapacağı bir şey hakkında kesin konuşarak övünmek,,
büyü bozmak,yapılmış bir büyüyü etkisiz duruma getirmek,,
büyü bozulmak,yapılmış bir büyü etkisiz duruma getirilmek | önceden hissedilen duygular hissedilmez olmak | var olan etki ortadan kalkmak,,
büyü yapmak,büyü yolu ile etki altına almaya çalışmak,,
caddeyi tutmak,"herhangi bir sebeple bir yoldan geçişi engellemek, kapamak | korkulu bir durumda başını alıp gitmek, uzaklaşmak",,
cadılık etmek,cadı gibi davranmak,,
cadı kazanı gibi kaynamak,"dedikodu, kargaşa çok olmak",,
cafcafından geçilmemek,her zaman ve her yerde gösteriş yapmak,,
cahilliğine vermek,"yaptığı hatayı veya işlediği kusuru gençliği, toyluğu, deneyimsizliği veya bilgisizliği sebebiyle hoş görmek",,
cahillik etmek,"bilgisizliğini göstermek | gençlik, toyluk, deneyimsizlik yüzünden kusur işlemek",,
cahil kalmak,"bilgi edinememek, bilgisi olmamak",,
cakasından geçilmemek,her zaman ve her yerde gösteriş yapmak,,
cakasını bozmak,birinin yaptığı gösterişi boşa çıkarmak,,
caka satmak,gösteriş yapmak,,
caka yapmak,gösterişli davranmak,,
calip olmak,üzerine çekmek,,
camadanı fora etmek,bağları koyuverip kısılmış yelkeni açmak,,
camadan vurmak,fazla rüzgâra karşı yelkeni kasmak,,
cama çıkmak,pencereden görünmek,,
camı çerçeveyi indirmek,"etrafı kırıp dökmek, her şeyi parçalayıp dağıtmak",,
cami olmak,"toplamak, bir araya getirmek, bir arada bulundurmak",,
cami olmak,"toplamak, bir araya getirmek, bir arada bulundurmak",,
canavara dönmek,canavar gibi davranmaya başlamak,,
canavar kesilmek,"hırçınlaşmak, canavar gibi olmak",,
cana kıymak,öldürmek,,
cana (veya canına) can katmak,yaşama gücünü artırmak,,
canciğer olmak,birbiriyle çok yakın arkadaş olmak,,
candan geçmek,ölmek,,
canevinden vurmak,en etkileyici yönünden saldırmak,,
canım dese canın çıksın diyor sanmak,"birinin en gönül okşayıcı sözleri bile kendisine dokunmak, batmak",,
canına acımamak,"kendisini düşünmeden, kendisine bakmadan yaşamak",,
canına değmek,çok hoşlanmak | ruhu şad olmak,,
canına ezan okumak,"bir kimsenin hakkından gelmek, öldürmek",,
canına kastetmek,intihara kalkışmak | birini öldürmeye hazırlanmak,,
canına kıymak,acımadan öldürmek | kendisini öldürmek | gücünden fazla iş görerek aşırı derecede kendisini yormak,,
canına okumak,berbat ve perişan etmek,,
canına susamak,birini öldürmeyi istemek | ölmeyi istemek,,
canına yetmek,"katlanamayacak duruma gelmek, bezmek, bıkmak",,
canından geçmek,ölmek için hazır olmak,,
canından olmak,ölmek,,
canının derdine düşmek,canından başka bir şey düşünemeyecek kadar sıkıntıda olmak,,
canının içine sokacağı gelmek,"çok hoşlanmak, çok sevmek",,
canını acıtmak,birine acı vermek,,
canını almak,öldürmek | canını verdirecek kadar memnun etmek | sıkıntıya sokmak,,
canını bağışlamak,öldürmesi gerekirken vazgeçmek,,
canını burnundan getirmek,"çok yormak, fazla çalıştırmak",,
canını çıkarmak,"hırpalamak, çok yormak, yıpratmak",,
canını dar atmak,bir tehlikeden güçlükle kurtularak bir yere sığınmak,,
canını dar kurtarmak,ölümden kurtulmak,,
canını sıkmak,"sözlerle veya davranışlarla kişinin neşesini kaçırmak, huzurunu bozmak",,
canını sokakta bulmamak,sağlığı değerli ve önemli olmak,,
canını vermek,"kendisini feda etmek | hiçbir şey esirgememek | bir şeye çok düşkün olmak, çok sevmek",,
canını yakmak,"acı verecek bir biçimde cezalandırmak | bir kimseyi, çok sıkıntı ve zarara sokmak",,
canı acımak,"çarpma, vurma vb. sonucu acı duymak | üzülmek, rahatsız olmak",,
canı ağzına (veya boğazına) gelmek,"büyük bir tehlike karşısında ölecekmiş gibi bir korkuya kapılmak | aşırı duygulanmak, çok heyecanlanmak",,
canı bayılmak,takatsizlik göstermek,,
canı burnuna (veya burnundan) gelmek,bir şey yaparken çok zorluk çekmek | çok bunalmak,,
canı burnundan çıkmak,"çok kızgın olmak, öfkelenmek",,
canı cana ölçmek,başkasına yapılacak şeyi kendisine yapılacak gibi düşünmek,,
canı canına (veya içine) sığmamak,"sabırsızlık göstermek, tahammül etmemek",,
canı çekilmek,vücudun herhangi bir organının canlılığı azalır gibi olmak | içi ezilmek,,
canı çekmek,"bir şeyi istemek, istek duymak, arzulamak",,
canı çıkmak,çok yorulmak veya çok zorluk çekmek | ölmek | çok yıpranmak | zarar etmek,,
canı gelip gitmek,ayılıp bayılmak | ümit ve ümitsizlik arasında kalıp heyecanlanmak,,
canı gelmek,"yeniden canlanmak, canı yerine gelmek",,
canı gibi sevmek,çok güçlü bir sevgiyle bağlanmak,,
canı gitmek,"özen gösterilen, çok sevilen bir şeye zarar gelecek diye kaygılanmak | ölmek | takati kalmamak",,
canı ile oynamak,tehlikeli işlerle uğraşmak,,
canı ile uğraşmak,"ağır hasta olmak, ölüm döşeğinde can çekişmek | büyük sıkıntıya düşmek",,
canı istemek,heves duymak,,
canı sıkılmak,"içi sıkılmak, yapacak bir işi olmamaktan tedirginlik duymak | öfkelenmek | üzülmek",,
canı tatlı gelmek,sıkıntıya katlanamamak,,
canı yanmak,çok acı duymak | acı bir deneme geçirmek | bir işte zarar görmek,,
canı yerine gelmek,"yorgunluğu geçmek | sağlığını, gücünü kazanmak",,
cankulağı ile dinlemek,çok dikkatli dinlemek,,
canlı cenazeye dönmek,"çok zayıflamak, bir deri bir kemik kalmak",,
cansız düşmek,hastalık veya yorgunluk yüzünden bitkin bir duruma gelmek,,
can alıp can vermek,ölüm sıkıntısı ve acısı içinde bunalmak,,
can atmak,"şiddetle arzu etmek, çok istemek",,
can başına sıçramak,çok korkmak,,
can beslemek,"kaygısızca yiyip içip rahatına bakmak | başkasının yiyeceğini, içeceğini sağlamak",,
can borcunu ödemek,ölmek,,
can bulmak,"dirilmek, canlanmak",,
can çekişmek,"ölmek üzere bulunmak | sona ermek, tükenmek, bitmek",,
can damarına basmak,bir işin en önemli yönü üzerinde durmak | bir şeyin en duyarlı noktasını açığa çıkarmak | birini en zayıf yerinden vurmak,,
can damarından yakalamak,konuya en önemli yerinden yaklaşmak | birinin en zayıf noktasından yararlanmak,,
can dayanmamak,bir şey karşısında insanın dayanıklılığı elden gitmek,,
can derdinde olmak,zor bir durumdan kurtulmaya çalışmak,,
can derdine düşmek,ölüm korkusuna kapılmak,,
can gelmek,"canlanmak, güçlenmek",,
can kalmamak,"bitkin bir duruma gelmek, gücü tükenmek | çok korkmak",,
can kaygısına düşmek,her şeyden vazgeçip sadece kendi hayatını koruma veya kurtarma çabasında olmak,,
can kuşunu uçurmak,"ruhunu teslim etmek, ölmek",,
can olmak,"sevimli, hoş görünmek",,
can sıkmak,bıkkınlık vermek | huzur bozmak,,
can simidi olmak,birinin kötü durumda kalmasını engellemek,,
can vermek,ölmek | ruha güç vermek | canlanmasına yol açmak | bir şeyi çok istemek,,
can yakmak,"zulmetmek, eziyet etmek | bir kimseyi büyük zarar ve ziyana sokmak | üzmek, acı vermek",,
cariyelik etmek,cariye gibi hizmet etmek,,
cari olmak,"geçerli olmak, yürürlükte bulunmak",,
cartayı çekmek,ölmek,,
cart cart ötmek,çok konuşmak,,
cart curt etmek,göz korkutmak veya övünmek amacıyla abartılı konuşmak,,
car car ötmek,boş ve gereksiz yere sürekli konuşmak,,
car etmek,"nara atmak, haykırmak | duyurmak",,
cascavlak ortada kalmak,bütün imkânları elinden alınmak,,
casusluk etmek,casus olarak çalışmak,,
cavlağı çekmek,ölmek,,
cayırtıyı basmak,birdenbire bağırıp çağırmaya başlamak,,
cayırtı koparmak,çok gürültü koparmak,,
cayırtı vermek,gürültü ile gözdağı vermek,,
cayır cayır yanmak,"şiddetli, çabuk ve etkili bir biçimde yanmak",,
cazgırlık yapmak,gereksiz yere bağırıp çağırarak üste çıkmaya çalışmak,,
caz yapmak,"boşa konuşmak, gevezelik etmek | aykırı düşünceler ortaya atmak",,
cebellezi etmek,çalmak,,
cebinden çıkarmak,birinden çok üstün olmak,,
cebinde akrep olmak,çok cimri olmak,,
cebini (veya ceplerini) doldurmak,karşılaştığı elverişli durumlardan yararlanarak bol para kazanmak,,
cebir kullanmak,zor kullanmak,,
cebi para görmek,parası yokken para kazanmaya başlamak,,
cefaya katlanmak,aşırı eziyete veya sıkıntıya katlanmak,,
cefa etmek,"aşırı eziyet etmek, sıkıntı vermek",,
cehenneme çevirmek,yaşanılmaz bir duruma getirmek,,
cehenneme direk olmak,çok günahkâr olmak,,
cehennemin dibine gitmek,kızılan bir kimse defolup gitmek,,
cehennemi boylamak,sevilmeyen bir kimse ölmek,,
cehennem olup gitmek,defolmak,,
celseyi açmak,oturumu açmak,,
celseyi tatil etmek,oturuma ara vermek,,
cemaate uymak,içinde bulunulan bir topluluğa uyarak davranmak,,
cemaatle namaz kılmak,imama uyarak namaz kılmak,,
cemaziyelevvelini bilmek,"bir kimsenin herkesçe bilinmeyen, geçmişteki hayatını, her türlü yönünü veya kötü durumunu bilmek",,
cemre düşmek,sıcaklık yükselmek,,
cenazeyi kaldırmak,ölüyü gömmek üzere götürmek | ölüyü gömmek | ortada kalan bir işi bitirmek,,
cendereye sokmak,manevi açıdan baskı altına almak,,
cenk etmek,"savaşmak, mücadele etmek",,
cennete çevirmek,"temiz, bakımlı, güzel bir yer durumuna getirmek",,
cennete dönmek,"güzel, rahat yaşanılır, bakımlı bir yer durumuna gelmek",,
cennete düşmek,"güzel, hoş bir yere gitmek",,
cepheden cepheye koşmak,durmadan değişik cephelerde savaşmak | yılmak bilmemek,,
cepheden hücuma geçmek,dolaşık yollara sapmadan doğrudan doğruya konuyu ele alarak birine karşı çıkmak veya mücadeleyi açıktan açığa yapmak,,
cephe açmak,"savaş olmayan bir bölgede, savaşa hazırlanmak ve başlamak",,
cephe almak,"hasım durumu takınmak, bir düşünceye karşı olmak, direnmek",,
cepten aramak,bir kimseyi cep telefonundan aramak,,
cepten harcamak,bir başkasının söylemediği bir sözü söylemiş gibi aktarmak,,
cepten vermek,"kendi kesesinden, kendi malından ödemek",,
cepten yemek,bir ticarette kâra geçemeden para harcamak,,
cep harçlığını çıkarmak,günlük masrafını karşılayacak kadar kazanç sahibi olmak,,
cep yakmak,çok pahalı olmak,,
ceremesini çekmek,başkasının yol açtığı zararı ödemek,,
cereyana kapılmak,"elektrik akımıyla çarpılmak | suyun akışı içinde kalıp sürüklenmek | bir eğilim, bir görüş hareketi içinde yer almak",,
cereyanda kalmak,"kapalı bir yerde, karşılıklı açık pencere veya kapı arasında meydana gelen hava akıntısında kalmak | hava akıntısında kalarak üşütmek",,
cereyan çarpmak,elektrik akımına tutulup etkisinde kalmak,,
cereyan etmek,"geçmek, olmak, yapılmak",,
cerh etmek,yaralamak | çürütmek [hukuk],,
cerre çıkmak,medreselerde okuyanlar para ve erzak toplamak için belli aylarda köylere dağılıp imamlık veya müezzinlik yapmak,,
cesarete gelmek,cesaretlenmek,,
cesaretini kırmak,"birinin kendine olan güvenini kaybettirmek, çekinir duruma getirmek",,
cesaretini toplamak,korkusunu yenip kendine hâkim olmak,,
cesaret etmek,"korkulması gereken bir işe korkmadan girişmek, göze almak",,
cesaret gelmek,kişi güç veya tehlikeli bir işe girişirken güven duymak,,
cesaret göstermek,korkusuzca davranmak,,
cesaret vermek,cesaretlendirmek,,
cevahir yumurtlamak,cevher yumurtlamak,,
cevapsız bırakmak,"karşılığında herhangi bir cevap vermemek, bir tepki göstermemek",,
cevapsız kalmak,cevap alınamamak,,
cevap almak,"bir soruya, bir isteğe, bir söz, bir davranış veya yazıya verilen karşılık almak",,
cevap hakkı doğmak,"yanlış, haksız veya suçlayıcı bir ifade dolayısıyla karşı tarafın iddialara cevap verme durumu belirmek",,
cevap vermek,"karşılık olarak bildirmek veya söylemek | gereksinimi karşılamak | iyi sonuç vermek, iyi sonuç alınmak",,
cevaz vermek,"hoş görmek, uygun bulmak",,
cevher yumurtlamak,değerli sözler söylediğini sanarak saçmalamak,,
cevizi çift görmeden taş atmamak,işi sağlama almadan yapmamak,,
ceviz kabuğu gibi sallanmak,çok sallanmak,,
ceviz kırmak,"yanlış tutum veya davranışta bulunmak, hata yapmak",,
cezasını bulmak,hak ettiği kötü sona uğramak,,
cezasını çekmek,yaptığı bir kusur veya tedbirsizliğin zararına uğramak | hükmedilen cezayı bitirmek,,
cezaya çarptırmak,cezalandırmak,,
ceza almak,cezalandırılmak,,
ceza çekmek,hapiste yatmak | manevi bakımdan işlenen suçun ağırlığını çekip sıkıntı ve üzüntü içinde kalmak,,
ceza görmek,"kendisine ceza verilmek, cezalandırılmak",,
ceza kesmek,görevli para cezası yazmak,,
ceza vermek,cezalandırmak | para cezası ödemek,,
ceza yazmak,ceza kesmek,,
ceza yemek,cezalandırılmak,,
cezve sürmek,kahveyi pişirmek için cezveyi ateşe koymak,,
cıcığını çıkartmak,hırpalamak,,
cıcığı çıkmak,çok yorulmak | hırpalanmak | su gibi ıslanmak,,
cılcıbık kalmak,çıplak kalmak,,
cılkı çıkmak,"bir iş bozulmak, doğru ve olması gereken biçimden uzaklaşmak",,
cılk çıkmak,"kusurlu, boş veya bozuk çıkmak",,
cılk etmek,"bir şeyle gereksiz şekilde uğraşarak daha da kötüleşmesine, bozulmasına yol açmak | iyice ıslatmak, iyice sulamak",,
cılk kesmek,çok sulanmak,,
cılk olmak,çok sulanmak | bozulmak | boşa çıkmak,,
cıllığı çıkmak,"darmadağın olmak, her tarafı sökülmek",,
cıyak cıyak etmek,"ince, acı ve yüksek sesle durmadan bağırmak",,
cız etmek,"""cız"" diye ses çıkarmak | çok üzülmek, acı duymak, (içi, yüreği) cızlamak",,
ciddiye almak,"inanmak, gerçek sanmak, önem vermek",,
ciğerinden vurmak,"en hassas yerine dokunmak, çok fazla tesir edip aşırı derecede ızdırap vermek",,
ciğerine ateş düşmek,"büyük bir acı ve üzüntünün etkisi altına girmek, yüreğine ateş düşmek",,
ciğerine geçmek,soğuk ve rutubet içine işlemek,,
ciğerine işlemek,"kötü söz, kötü davranış, kötü durum çok dokunmak, etkilemek | kötü koku vb. rahatsız etmek",,
ciğerine oturmak,çok ağır gelmek,,
ciğerine yapışmak,bir şey çok acı vermek,,
ciğerinin içini bilmek,"birini çok yakından tanımak, her türlü düşüncesini bilmek",,
ciğerini dağlamak,dayanılmaz bir üzüntü vermek,,
ciğerini kavurmak,mideyi yakmak,,
ciğerini okumak,"onun aklından geçenleri, gizli düşüncelerini bilmek",,
ciğerini parçalamak,acıklı bir durum kişiye dayanılmaz bir üzüntü vermek,,
ciğerini sökmek,bir kimseyi çok büyük zararlara uğratmak,,
ciğerini yakmak,bir kimseye büyük bir acı çektirmek,,
ciğeri beş (veya on) para etmemek,"değersiz, aşağılık bir kimse olmak",,
ciğeri dağlanmak,"çok acı çekmek, çok üzülmek",,
ciğeri parçalanmak,yüreği parçalanmak,,
ciğeri parça parça olmak,yüreği parçalanmak,,
ciğeri sızlamak,yüreği sızlamak,,
ciğeri sökülmek,durmaksızın öğürmek,,
ciğeri yanmak,"çok acı ve sıkıntı çekmek, büyük bir acıya uğramak, yüreği yanmak",,
ciğerlerine çekmek,solumak,,
ciğerleri bayram etmek,"her zamankinden daha iyi cins sigara içmek | temiz havaya çıkmak, temiz hava almak",,
ciğer kebap olmak,"büyük bir acıya uğramak, yüreği yanmak",,
cihana gelmek,"doğmak | meydana gelmek, ortaya çıkmak",,
cihandan el çekmek,ölüp gitmek,,
cihanı tutmak,"her tarafa yayılmak, dünyayı tutmak",,
cihat açmak,savaş için çağrı yapmak | herhangi bir amaca erişmek için mücadele başlatmak,,
cila çekmek,içilen içkinin etkisini azaltmak veya artırmak amacıyla ardından bir şey içmek,,
cila vermek,aydınlatmak,,
cila vurmak,cilalamak,,
cilve yapmak,"nazlanmak, kırıtmak",,
cimrilik etmek,"cimrice davranmak, pintileşmek | esirgemek",,
cinayet işlemek,adam öldürmek,,
cinine gitmek,"nefret etmek, tiksinmek",,
cini tutmak,çok sinirlenmek,,
cinleri ayağa kalkmak,sinirlenmek,,
cinler cirit (veya top) oynamak,bir yer ıssız olmak,,
cinnet geçirmek,"delirmek, aklını kaçırmak",,
cinnet getirmek,bir an için delilik belirtisi göstermek,,
cinsel istismara uğramak,çocuklar bedensel temas suretiyle işlenen cinsel amaçlı fiillerin mağduru olmak,,
cinsel istismarda bulunmak,çocuklara karşı bedensel temasta bulunmak suretiyle cinsel amaçlı fiiller işlemek,,
cinslik etmek,tuhaf davranışlarda bulunmak,,
cin cin bakmak,kurnazca bakmak | uykusuz gözlerle bakmak,,
cin cin gülmek,kurnazca gülmek,,
cin çağırmak,belli dualar okuyarak istediğini yaptırmak veya bir şey sormak amacıyla cinleri başına toplamak,,
cin çarpmak,"bir inanışa göre, cinlerin öfkesiyle inme inmek",,
cin çarpmışa dönmek,neye uğradığını bilemeyecek kadar kötü bir duruma düşmek,,
cin damarına basmak,"kişiyi çok sinirlendirecek söz söylemek, çileden çıkarmak",,
cin olmadan şeytan (veya adam) çarpmak,gücünün üstündeki işleri başarmaya kalkışmak,,
cin tutmak,bir inanışa göre cinlerin etkisiyle delirmek veya sersem hâle gelmek,,
cirit atmak,"cirit oyununda değneği ileri atmak | bir yerde çokça bulunmak, sık dolaşmak ve serbestçe davranmak",,
cirit oynamak,"cirit oyununu oynamak | istediği biçimde, keyfince davranmak",,
ciro etmek,bir ticaret senedinin veya çekin arkasına gereken yazıyı yazmak,,
cömert davranmak,"sakınmadan, esirgemeden bol bol vermek",,
cukkasını almak,bir işte payına düşeni almak,,
cukkayı yutmak,oyunda ütülmek,,
cumartesi kibarı gibi süslenmek,özentili fakat zevksiz süslenmek,,
cumbalak aşmak,takla atmak,,
cumburlopu çekmek,pat diye düşmek,,
curcunaya çıkmak,curcunacılar orta oyununda saz takımı curcuna havası çalarken gürültü kopararak taklit ve oyunlar yapmak,,
cüce kalmak,"gelişmeden, küçük, kısa boylu kalmak",,
cüda etmek,ayrı bırakmak,,
cüda kalmak,ayrı düşmek,,
cümbüş patlamak,"kavga çıkmak, gürültü patırtı çıkmak",,
cümbüş yapmak,toplu olarak eğlenmek,,
cüret etmek,saygı sınırlarını aşarak davranmak | cesaret etmek,,
çaba göstermek,"bir işi başarmak için çalışmak, uğraşmak, gayret göstermek",,
çaba harcamak,bir işi yapabilmek için elinden geleni yapmak,,
çabuk olmak,"çabuk davranmak, oyalanmamak",,
çaçaronluk etmek,çaçaronca davranmak,,
çadır kurmak,"çadır kurulacak bez, keçe vb. şeyleri direklere gerip uçlarını bağlayarak çadırı içinde oturulacak duruma getirmek",,
çadır yıkmak,"kurulu çadırları bozmak, çözüp toplamak",,
çağını aşmak,"düşünce, tutum ve davranışlarıyla bulunduğu çağdan daha ileride olmak",,
çağın gerisinde kalmak,"gelişmelere ve yeni düşüncelere uyum sağlayamamak, ayak uyduramamak",,
çağı geçmek,eskimek | dönemi veya modası geçmek,,
çağı yakalamak,çağın gerektirdiği gelişmişlik düzeyine ulaşmak,,
çağlamadan çatlamak,"gerekli olgunluğa erişmeden olgun davranışlarda bulunmak, büyüklük taslamak",,
çağrışım yapmak,çağrıştırmak,,
çağ açmak,herhangi bir bakımdan öncekilerden farklı olan yeni bir evrensel gidişe yol açmak,,
çağ atlamak,büyük ilerleme sağlamak,,
çakılıp kalmak,bir yerde uzun süre hareketsiz kalmak,,
çakılı kalmak,yerini veya biçimini değiştirmeden durmak | iz bırakmak,,
çakmak çakmak,ateş etmek,,
çakmak çakmak,"Parlar durumda | Pırıl pırıl, çok parlak biçimde",,
çak çak olmak,"çok yırtık, lime lime, parça parça olmak",,
çak yapmak,"kişiler söylenen sözün, yapılan davranışın onaylandığını göstermek veya bir sevinci paylaşmak üzere tek veya çift ellerini havada birbirine vurmak",,
çalgı çalmak,bir müzik aletini kullanmak,,
çalımından geçilmemek,çok çalımlı olmak,,
çalım satmak,kurulup büyüklük taslamak,,
çalım yemek,rakip oyuncunun çalımı ile geçilmek,,
çalıp çırpmak,hırsızlık yapmak,,
çalışıp çabalamak,çok gayret göstermek,,
çalmadan oynamak,çok keyifli ve sevinçli durumda bulunmak | bir işe çok hevesli görünmek,,
çalyaka etmek,yakasına yapışıp sıkıca tutmak,,
çamaşır ertesi olmak,çamaşır yıkamaktan aşırı yorulup hasta olmak,,
çamura bulamak,kirletmek,,
çamura taş atmak,çirkefe taş atmak,,
çamura yatmak,borcunu ödememek | sözünü yerine getirmemek,,
çamurdan çekip çıkarmak,birini kötü veya onurunu tehlikeye düşüren bir durumdan kurtarmak,,
çam devirmek,karşısındakine dokunacak veya kötü bir sonuç doğuracak söz söylemek,,
çanak çömlek patlamak,çocuk oyunlarında ebe yanılmak,,
çanak çömlek patlatmak,çocuk oyunlarında ebeyi yanıltmak,,
çanak yalamak,dalkavukluk etmek,,
çantadan yetişmek,bir mesleği eğitim görmeden deneyimlerle kazanmak,,
çan çalmak,herkese bildirmek,,
çapraza almak,karşı yönlerden kuşatmak | herhangi bir konuda çeşitli yönlerden sıkıştırmak,,
çapraza sarmak,"bir iş içinden çıkılmaz duruma gelmek, çaprazlaşmak",,
çaprazda sürmek,çapraza alınan hasmı geriye doğru hızla sürmek [spor],,
çaptan düşmek,"çalışma gücü, verimi azalmış veya tükenmiş olmak",,
çaput bağlamak,bez bağlamak,,
çaresine bakmak,"gerekeni yapmak, çözüm yolu aramak",,
çaresiz kalmak,"çözüm yolu, çıkar yolu bulamamak",,
çare edememek,"tedavi yolu bulamamak, iyileştirememek",,
çarkı döndürmek,geçimini sağlamak,,
çark çevirmek,aynı yol üzerinde dönerek gitmek,,
çark etmek,"bir doğrultuda giden kimse, şey sağa veya sola doğru yön değiştirmek | geri dönmek | savunduğu düşünceden vazgeçmek",,
çarmıha germek,haç biçimindeki darağacına çivilemek,,
çarpıntısı tutmak,"heyecan, korku veya üzüntüden çarpıntı nöbeti gelmek",,
çarşafa dolanmak,"bir işin içinden çıkamamak, kötü ve başarısız duruma düşmek, zor durumda kalmak, çarşaflamak",,
çarşafa girmek,çarşaf giymeye başlamak,,
çarşamba pazarına çevirmek,özellikle yüze vurarak çok dayak atmak,,
çatal görmek,"net görememek, bir şeyi iki görmek",,
çatır çatır çatlamak,"çok çatlamak | kıskançlık, haset vb.nden dolayı aşırı rahatsız olmak, öfkelenmek",,
çatır çatır etmek,çatır çatır ses çıkarmak,,
çatır çatır sökmek,bir şeyi zorlayarak yerinden söküp çıkarmak,,
çatır çatır söylemek,hiç çekinmeden konuşmak,,
çatıyı almak,çatıya ulaşmak,,
çatı aktarmak,çatının kırık kiremitlerini sağlamlarıyla değiştirmek,,
çatkın olmak,kendini ağırdan satmak,,
çatkı çatmak,başına çatkı örtmek,,
çat etmek,"""çat"" diye ses çıkarmak",,
çaydan geçip derede boğulmak,büyük güçlükleri yenmişken önemsiz bir sebepten başarısızlığa uğramak,,
çayı görmeden paçaları sıvamak,dereyi görmeden paçaları sıvamak,,
çay dökmek,çay koymak,,
çay kenarında kuyu kazmak,"elde, amaca ulaşılacak bol araç varken emek harcayarak başka yollar aramak",,
çay koymak,çay demleyip bardakta sunmak,,
çehresinden okunmak,"yüzünden anlaşılmak, yüz ifadesi her şeyi anlatmak",,
çehresi bozulmak,yüzü düşmek,,
çehre almak,tavır takınmak,,
çehre etmek,surat etmek,,
çekeceği olmak,başına sıkıntılı çok iş gelecek olmak,,
çekidüzen vermek,"düzgün duruma getirmek, düzeltmek | belirlenen ölçülere uydurmak",,
çekimser olmak,kararsız kalmak,,
çekince koymak,bir karara katılmadığını belirtmek,,
çekingen davranmak,ürkekçe davranışlarda bulunmak,,
çekip almak,"uzaklaştırmak, uğraşısına son vermek, koparmak",,
çekip çevirmek,hâle yola koymak,,
çekip gitmek,"bırakıp gitmek, ayrılmak, savuşmak",,
çekip vurmak,bir anda karar verip silahla öldürmek,,
çekirdekten yetişmek,bir işi küçük yaşta başlayarak öğrenmek,,
çekişe çekişe pazarlık etmek,bir malı ucuz almak için titizce pazarlık etmek,,
çekiye gelmek,düzene uymak,,
çelenk koymak,bir kimseyi anmak için mezarına veya anıtına çelenk bırakmak,,
çeliğe su vermek,çeliği özel bir biçimde hızla soğutarak daha çok sertleşmesini sağlamak,,
çelik çomak,"Çocukların, çomakla çeliğe vurarak oynadıkları oyun",,
çemberden dönmek,basketbolda potaya atılan top sayı olmayıp çembere çarparak geri dönmek [spor] | başarıya ulaşmak üzereyken olumsuz bir sonuçla karşılaşmak,,
çemberi yarmak,bir veya birkaç noktayı delerek kuşatmadan kurtulmak [askerlik],,
çember geçirmek,çemberle kuşatmak,,
çemişlik etmek,"kaba davranmak, görgüsüzlük etmek",,
çenesine vurmak,"aşırı derecede konuşmak, gevezelik etmek",,
çenesinin bağı çözülmek,"gevezelik etmek, yerli yersiz, sürekli konuşmak",,
çenesini açmak,"çok konuşmasına sebep olmak | çok konuşmak, gevezelik etmek",,
çenesini açtırmak,söz fırsatı vermek,,
çenesini bağlamak,ölen bir kimsenin çenesi altından geçirilen tülbendi başının üstünde düğümlemek | bir kimsenin ölümünü istemek,,
çenesini bıçak açmamak,ağzını bıçak açmamak,,
çenesini dağıtmak,iyice dövmek,,
çenesini kapatmak,susturmak,,
çenesini tutmak,ağzını tutmak,,
çenesi açılmak,"durmadan konuşmak, gevezelik etmek",,
çenesi atmak,can çekişirken çenesi titremek,,
çenesi durmamak,gereksiz yere sürekli konuşmak,,
çenesi düşmek,yerli yersiz konuşup gevezelik etmek,,
çenesi kilitlenmek,alt ve üst çene sımsıkı bir durumda bir araya gelmek,,
çenesi oynamak,bir şey yemek | çok konuşmak,,
çene çalmak,gevezelik etmek,,
çene patlatmak,karşı tarafa anlatabilmek veya kabul etmesini sağlamak için bir konu üzerinde uzun uzun konuşmak,,
çene yarışına girmek,birbirinin sözünü keserek susmamacasına konuşmak,,
çene yarıştırmak,"karşılıklı gevezelik etmek, çok konuşmak",,
çene yetiştirmek,konuşmayı sürdürmek,,
çene yormak,boşuna söyleyip durmak,,
çengel atmak,bir konuya taraftar toplama girişiminde bulunmak,,
çengel takmak,uğraşmak veya kötülük etmek için el atmak,,
çentik açmak,çentik oluşturmak,,
çentik atmak,çentiklemek,,
çeper çekmek,çitten duvar çevirmek,,
çerçeve çizmek,konunun sınırlarını belirlemek,,
çerez gibi gelmek,bir iş çok kolay olmak,,
çerez gibi yemek,gereğinden çok ve hızlı yemek,,
çeşnisine bakmak,tadına bakmak,,
çeşni katmak,değişik bir katkı yapmak,,
çeşni tutmak,ekmekçilikte una karıştırılacak suyun oranını belirtmek,,
çeteleye dönmek,insanın yüzünde veya başka bir tarafında birçok kesik ve sıyrık oluşmak,,
çetele silmek,çizik veya kertiklerle tutulan hesap ödenince çizik veya kertikleri yok etmek,,
çeviri yapmak,"bir dilden başka bir dile aktarmak, çevirmek, tercüme etmek",,
çevrelik etmek,içinde bulunulacak ortam oluşmasını sağlamak,,
çeyiz asmak,çeyiz sermek,,
çeyiz düzmek,çeyiz hazırlamak,,
çeyiz sermek,"gelinin getirdiği çeyizleri herkesin görmesi için yaymak, teşhir etmek, çeyiz asmak",,
çıbanın başını koparmak,ağır bir sorunun patlak vermesine yol açmak,,
çıban işlemek,çıban irin akıtmak,,
çıfıtlık etmek,"hile yapmak, düzenbazlık etmek",,
çıfıt çarşısına dönmek,karmakarışık duruma gelmek,,
çığırından çıkmak,bir iş amacından saparak düzeltilmesi güç bir durum almak,,
çığır açmak,"bir alanda yeni bir yol, yöntem başlatmak",,
çığ düşmek,dağdan aşağı çığ yuvarlanmak,,
çığ gibi büyümek,bir olay birdenbire ve etkileyici bir biçimde büyümek,,
çıkarına bakmak,yalnızca kendini ve kendi durumunu gözeterek çıkar sağlamak,,
çıkarını tepmek,kendisine yarar sağlayacak bir şeyi veya bir durumu istememek | kendisine yarar sağlayacak bir şeyden veya durumdan yararlanmamak,,
çıkarsamada bulunmak,bir önermeden yeni bir önerme çıkarmak,,
çıkar gözetmek,çıkarına bakmak,,
çıkıntılık etmek,itiraz etmek | yolunda giden işi bozmak,,
çıkın etmek,çıkınlamak,,
çıkış almak,işten ayrılmak | çıkış belgesi almak | çıktı almak [bilişim],,
çıkış vermek,belge düzenleyip işine son vermek,,
çıkış yapmak,"bir tartışmada, karşı düşüncede olanları alt etmek için sert davranışta bulunmak | uçak herhangi bir görevle havalanmak [askerlik]",,
çıkmaza girmek,"bir iş çözümlenemeyecek, içinden çıkılmayacak bir duruma düşmek",,
çıkmaza sokmak,"bir işi, bir durumu çözümlenemez, güç bir duruma getirmek",,
çıkmazda olmak,"çözüm bulamamak, çözümsüz durumda olmak",,
çıkma olmak,sarayda görevli olanlar saray dışında bir yerde görevlendirilmek,,
çıktı almak,bilgisayarda bulunan bir metni kâğıda yazdırmak [bilişim],,
çılgına dönmek,"sevinç, öfke, kızgınlık, korku vb. duygular sonucu aşırı ölçüde heyecanlanmak | kendine hâkim olamamak",,
çımariva ettirmek,savaş gemilerinde selamlama merasimi için askerî personelin küpeşte boyunca belirli aralıklarla dizilmesini sağlamak | savaş gemilerinde askerî personelin küpeşte boyunca belirli aralıklarla dizilerek selam vermesini sağlamak,,
çıma almak,gemiden uzatılan halatı tutmak,,
çıma atmak,çıma vermek,,
çıma salmak,çıma vermek,,
çıma vermek,gemideki görevliye halat uzatmak,,
çıngıl çıngıl çınlamak,metal eşyalar birbirine vurduğunda gür ve keskin ses çıkarmak | çın çın çınlamak,,
çıngırağı çekmek,ölmek,,
çıngır çıngır çınlamak,çıngır çıngır ötmek,,
çıngır çıngır ötmek,çıngırak sesine benzer keskin bir sesle ötmek,,
çın çın çınlamak,gür ve keskin ses çıkarmak,,
çın çın inletmek,gür ve keskin ses çıkarmak,,
çın çın ötmek,sürekli olarak keskin ses çıkarmak,,
çın çın öttürmek,bağırma sesinin yankısıyla doldurmak,,
çın tutmak,gerçek olduğunu söylemek,,
çıpı çıpı yapmak,yıkanmak,,
çıraklık etmek,çırak olarak çalışmak,,
çırakmana çıkmak,"çok kızmak, öfkelenmek",,
çırak almak,yanında çırak çalıştırmak,,
çırak çıkarmak,"bir kimseyi beklediğinden az bir kazançla ortaklıktan uzaklaştırmak | cariye veya odalıkların saray, konak, köşk vb. büyük yerlerde yıllarca hizmet ettikten sonra evlenmelerine veya o yerlerden ayrılmalarına izin vermek",,
çırak vermek,çırak olarak çalışması için bir iş yerine göndermek,,
çıra gibi yanmak,"cayır cayır yanmak | yüksek ateşli olmak | zarara uğramak, perişan olmak | büyük tutkuyla bağlanmak",,
çırpıdan çıkmak,bir sıra veya çizgiden taşmak,,
çırpıya gelmek,bir sıra veya çizgi üzerine gelmek,,
çırpıya getirmek,bir sıra veya çizgi üzerine getirmek,,
çırpı çekmek,tahta üzerinde biçilecek yere boyalı ve gergin bir iple çizgi işareti koymak | duvar yapılırken düzgün olmasını sağlamak için ip germek,,
çırpı vurmak,boyaya batırılmış ipin gerilip çabucak çırpılmasıyla yüzeylere çizgi çekmek,,
çıtayı yükseltmek,hedefi yüksek belirlemek,,
çıtır çıtır etmek,çıtırdamak,,
çıtır çıtır kızarmak,çok güzel kızarmak,,
çıtır çıtır konuşmak,düzgün ve uzunca konuşmak,,
çıtı çıkmamak,hiç konuşmamak,,
çıt çıkmamak,en hafif bir ses bile çıkmamak,,
çıt etmek,"""çıt"" sesi çıkarmak",,
çıt (veya çıtını) çıkarmamak,ses çıkarmamak | hiç konuşmamak,,
çıvgara getirmek,güreşte rakibi yorarak yenmek,,
çıyanlık etmek,hainlik etmek,,
çiçeğe kesmek,çiçek açmak,,
çiçek çıkarmak,çiçek hastalığına tutulmak,,
çiçek olmak,"yaşına, durumuna uymayan aşırı davranışlarda bulunmak",,
çiftçilik etmek,"tarımla uğraşmak, rençperlik yapmak",,
çifte atmak,"at, eşek arka ayakları ile vurmak | iki namlulu av tüfeğini patlatmak",,
çifte çubuğa gitmek,ekim ve biçim işleriyle uğraşmak,,
çifte demir atmak,"geminin sert, fırtınalı havada demir atma konumunda çevreye zarar vermemesi, rüzgâr ve akıntı yüzünden geniş bir alanda çok yer kaplamaması için baştaki her iki gözdemirini atmak",,
çifte gitmek,tarla sürmeye gitmek,,
çifte koşmak,çift koşmak,,
çifte vurmak,çiftelemek,,
çifte yemek,hayvanın çiftesine maruz kalmak,,
çifti bozmak,çiftçilik yapmaktan vazgeçmek,,
çift dalmak,ayakta güreşirken beklenmeyen bir atılımla karşısındakinin iki ayağını birden kapmak [spor],,
çift dikiş yapmak,bir sınıfta iki yıl üst üste okumak,,
çift görmek,sarhoş olmak,,
çift koşmak,"hayvanları sabana, pulluğa koşmak",,
çift sürmek,"saban, pulluk kullanarak toprağı ekilebilir duruma getirmek",,
çiğden vermek,yiyecek karşılığını para olarak ödemek [askerlik],,
çiğlik etmek,ters veya yersiz bir davranışta bulunmak,,
çiğnemeden yutmak,"kolayca inanmak, hemen kabul etmek",,
çiğ çiğ yemek,bir kimseye parça parça edecek derecede öfke duymak,,
çiğ düşmek,"hoş karşılanmamak, kaba ve yersiz bulunmak",,
çiğ kaçmak,"yersiz, yakışıksız olmak",,
çileden çıkarmak,çok kızdırmak,,
çileden çıkmak,olup bitenler karşısında sabrı ve dayanıklılığı kalmayıp taşkınlık göstermek | çile süresini bitirmek,,
çilesi dolmak,"üzücü ve sıkıntılı bir durumdan kurtulmak | derviş ve tarikat ehli, sadece dua ve ibadetle geçirmeleri gereken süreyi tamamlamak",,
çileye girmek,dervişlerin kırk gün süre ile kendilerine uyguladıkları zorlu ve perhizli döneme girmek,,
çile çekmek,büyük sıkıntı ve üzüntü içinde yaşamak,,
çil yavrusu gibi dağılmak,toplu olarak bulunan insanların her biri bir yana dağılmak,,
çimdik yemek,çimdiklenmek,,
çim çim etmek,isteksiz davranmak,,
çini döşemek,bir yeri çini ile kaplamak,,
çirkefi üzerine sıçratmak,edepsiz bir kimsenin tepkisine yol açacak bir davranışta bulunmak,,
çirkeflik etmek,çirkefe yaraşır biçimde davranmak,,
çirkef atmak,iftira atmak,,
çirkin kaçmak,söz veya davranış yersiz ve yakışıksız olmak,,
çisen çisen yağmak,ince ince yağmak,,
çişi gelmek,işeyeceği gelmek,,
çiti yapmak,"saçları, çitilmiş tarakla taramak | çitilemek",,
çivisi çıkmak,kargaşa içinde bulunmak,,
çivi çakılmamak,üzerine yeni bir şey yapılmamak,,
çivi çakmamak,üzerine yeni bir şey yapmamak,,
çivi gibi çakılmak,hiç çıkmayacak gibi sağlam yerleşmek,,
çivi gibi olmak,"çok üşümek, donmak | çok soğuk olmak",,
çivi kesmek,çok üşümek,,
çivi kırmak,ayakkabıların içinden çıkan çivi uçlarını bir aletle kesip raspa ile eğeleyerek köselenin içine gömmek,,
çivi yapmak,voleybolda topu sert olarak karşı alana indirmek [spor],,
çizgisinden sapmamak,"görüşlerinden vazgeçmemek, kararlı davranmak",,
çizgi çekmek,"bir noktayı hat biçiminde çeşitli yönde uzatmak | bitirmek, sona erdirmek",,
çizik atmak,çizmek | vücudun herhangi bir yerini kesici aletle çizmek,,
çizik çekmek,çizmek,,
çizik çizik olmak,düzensiz kısa çizgiler biçiminde olmak,,
çizik plak gibi takılıp kalmak,aynı şeyleri tekrarlayıp durmak,,
çizmeden yukarı çıkmak,çizmeyi aşmak,,
çizmeleri çekmek,bir işe girişmek,,
çizmeyi aşmak,"bilmediği, aklının ermediği, yetkisi dışındaki bir işe karışmak",,
çobanlık etmek,"çoban olarak çalışmak, hayvan gütmek | belli bir topluluğu yönetmek",,
çoban kulübesinde padişah rüyası görmek,içinde bulunduğu duruma uygun düşmeyen düşler kurmak,,
çocuğu olmak,çocuğu doğmak,,
"çocukla çocuk, büyükle büyük olmak",içinde bulunulan yere veya çevredeki insanlara uymak,,
çocukluğu tutmak,çocuksu davranışlarda bulunmak,,
çocukluk etmek,"çocukça davranışlarda bulunmak | gereği gibi düşünmeden deneyimsizce, sorumsuzca davranmak",,
çocuk aldırmak,kadın karnındaki bebeği hekime ameliyatla aldırmak [tıp],,
çocuk bakmak,bebeğin veya çocuğun eğitim ve bakımıyla ilgilenmek,,
çocuk dünyaya getirmek,çocuk doğurmak,,
çocuk gibi sevinmek,çok sevinmek,,
çocuk kalmak,büyümüş olmasına rağmen çocukça düşünceler taşıyıp çocuk gibi davranmak,,
çocuk muamelesi görmek,çocuk gibi davranılmak,,
çocuk olmak,çocuklaşmak,,
çocuk oyuncağı hâline getirmek,yeteneksiz kimselerin karışmasıyla bir işi değerinden düşürmek,,
çocuk peydahlamak,"evli olmayan kadın, gebe kalmak",,
çocuk yapmak,isteyerek çocuğu olmak,,
çocuk yetiştirmek,çocuğu topluma yararlı bir duruma getirmek,,
çocuk (veya çocuğunu) düşürmek,"gebe kadın çocuğunu vaktinden önce ve ölü olarak doğurmak, düşük yapmak",,
çokbilmişlik taslamak,kendini çokbilmiş gibi göstermek,,
çok baharın otunu yemek,hayatı dolu dolu yaşamış olmak,,
çok gelmek,gereğinden fazla olmak | çekilmez ve katlanılmaz olmak,,
çok görmek,yadırgamak,,
çok olmak,haddini aşarak karşısındakini usandırmak,,
çok söylemek,gevezelik etmek,,
çoluk çocuğa karışmak,evlenip çocukları dünyaya gelmek,,
çoluk çocuğun maskarası olmak,"çocuklara bile gücü yetmemek, sözü geçmemek",,
çoluk çocuk elinde kalmak,"deneyimsiz, çok genç kişilerin eline geçmek",,
çoluk çocuk sahibi olmak,evlenip eşi ve çocukları olmak,,
çorap kaçmak,çorabın bir teli kopup örgüsü uzunlamasına açılmak,,
çorbada tuzu (veya maydanozu) bulunmak,bir iş veya görevde az da olsa emeği geçmiş olmak,,
çorbaya sinek düşmek,"işin tadı kaçmak, yeteri kadar iyi ve güzel olmadığı anlaşılmak",,
çorba etmek,karıştırmak,,
çorba içmeye çağırmak,yemek yemeye çağırmak,,
çöle dönmek,"harap olmak, bozulmak",,
çömlek patlatmak,çocuk oyunlarında ebeyi yanıltmak,,
çöpe dönmek,"çok zayıflamak | çöplük gibi olmak, çöplüğe benzemek",,
çöpe gitmek,yapılan iş boşa gitmek,,
çözgü çözmek,iplikleri dokuma tezgâhında kumaş dokunabilecek biçimde hazırlamak,,
çözümsüz kalmak,"çözümü olmamak, çözüm bulunamamak",,
çubuğunu tüttürmek,"üzüntüsüz, kaygısız yaşamak",,
çukura düşmek,kötü ve uygunsuz bir duruma girmek,,
çukurunu kazmak,birinin felaketine yol açacak bir düzen kurmak,,
çukur açmak,toprağı kazarak çukur yapmak,,
çuvalla para kazanmak,aşırı kazanç sağlamak,,
çürüğe çıkarmak,bir nesneyi işe yaramayacak durumda olmasından dolayı kullanmayı bırakmak,,
çürük tahtaya basmak,tedbirsizlik edip sonu tehlikeli olabilecek bir işe girişmek,,
çürük (veya çürüğe) çıkmak,birinin sağlam olmadığı anlaşılmak | sağlık durumunun elverişsiz olması yüzünden askerlik ödevinden bağışlanmak [askerlik],,
dadılık etmek,"çocuk bakıcılığı ile uğraşmak | üzerine sorumluluk almak, göz kulak olmak, sahip çıkmak, sahiplenmek",,
dadı olmak,çocuk bakıcılığını üstlenmek,,
dağarcığına atmak,"bir bilgiyi eski bilgilerine katmak, zihnine yerleştirmek",,
dağarcığındakini çıkarmak,hazırladığı bir sözü söylemek,,
dağarcıkta bir şey kalmamak,"her şeyi tüketmek, bitirmek",,
dağa çıkmak,eşkıyalık etmek | hükûmete karşı gelmek için dağlara çekilmek,,
dağa kaldırmak,"birini, herhangi bir amaçla, zorla dağa veya ıssız bir yere götürüp orada tutmak",,
dağdan gelip bağdakini kovmak,"sonradan geldiği bir yerde, kendinden önce gelen kişinin yerini almaya çalışmak",,
dağlara düşmek,büyük bir üzüntü dolayısıyla insanlardan kaçıp ıssız yerlerde yaşamak,,
dağ (veya dağları) devirmek,çok zor işleri başarmak,,
dahli olmak,"bir işe karışmış olmak, bir işte parmağı olmak",,
dah etmek,"sürmek, yürütmek",,
daim olmak,"sürekli olmak, sürüp gitmek, devam etmek",,
dakikası dakikasına uymamak,her an başka bir ruh durumu göstermek,,
dakikası dakikasına uymamak,her an başka bir ruh durumu göstermek,,
daktiloya çekmek,yazı makinesiyle yazmak,,
daktilo etmek,yazı makinesiyle yazmak,,
dalağı şişmek,uzun süreli ve hızlı koşmak sebebiyle dalakta ağrı oluşmak,,
dalak kestirmek,sıtmadan büyümüş dalağı eski bir yöntemle tedavi ettirmek,,
dalalete düşmek,"doğru yoldan ayrılmak, sapkınlık etmek",,
daldan dala konmak,"sık sık iş, konu veya düşünce değiştirmek",,
dalgalanmaya bırakmak,paranın gerçek değerini bulması için girişimde bulunmadan beklemek [ekonomi] | bir konu için girişimde bulunmadan beklemek,,
dalgasına taş atmak,"işini bozmak, keyfini kaçırmak",,
dalgasını taşlamak,birinin işini bozmak,,
dalgaya getirmek,dalgınlığından yararlanarak birini kandırmak,,
dalgayı başa almak,gemi veya sandalın başını dalgaların geldiği yöne çevirmek,,
dalga geçmek,"üzerinde durulması gereken işle ilgilenmeyerek başka şeyler düşünmek veya yapmak | eğlenmek, alay etmek | geçici sevgi ilişkisi kurmak, gönül eğlendirmek",,
dalga saymak,boş ve aylak durmak | yersiz ve gereksiz şeylerle uğraşmak,,
dalgınlığına gelmek,dalgınlık dolayısıyla fark edememek,,
dalgınlığına getirmek,birinin dalgınlığından yararlanıp kendi isteğini gerçekleştirmek,,
dalına basmak,hoşlanmadığı şeyleri yaparak birini kızdırmak,,
dalına binmek,"bir kimseye bir iş yaptırmak için asılmak, musallat olmak, sıkıştırmak",,
dalıp çıkmak,"deniz, göl vb. yerlerde suyun içinde kaybolup yeniden görünmek | deniz, göl vb. içinde kısa süre kalmak | birçok yere girmek",,
dalıp gitmek,bir düşünce veya hayal ile bulunduğu ortamdan uzaklaşmak,,
dalkavukluk etmek,gereksiz biçimde övmek,,
dallandırıp budaklandırmak,"bir işi, bir sorunu büyüterek karışık duruma getirmek",,
dallanıp budaklanmak,"bir iş, bir sorun büyüyerek karışık duruma gelmek",,
dalları basmak,ağaçta dalları eğecek kadar çok meyve olmak,,
dal budak salmak,karmaşık bir biçimde yayılıp genişlemek | soy yönünden genişleyip yayılmak,,
dal gibi kalmak,vücudu çok zayıflamak,,
dal sürmek,"yayılmak, kaplamak",,
dal vermek,"dayanmak, yaslanmak",,
damardan girmek,karşısındaki kişiyi en fazla etkileyebilecek noktadan konuya girmek,,
damarına basmak,"birini, duyarlı olduğu bir konuda kızdırmak",,
damarına çekmek,soyunun özelliklerini taşımak,,
damarına girmek,birinin hoşlanacağı şeyler yaparak kendisini ona sevdirmek,,
damarına (veya damarlarına) işlemek,"kötü bir huy, vazgeçilmez bir biçimde yerleşmek",,
damarını bulmak,hoşlanabileceği biçimde davranıp uysallığını sağlamak,,
damarı tutmak,"kötü huyu, aksiliği depreşmek, inatlaşmak",,
damarı (veya damarları) kabarmak,bir huy veya duygu güçlü bir biçimde ortaya çıkmak,,
damat girmek,aileye güveyi olarak katılmak,,
dama çıkmak,cinsel istekleri artmak,,
dama demek,bir taşı rakip tarafın birinci hanesine kadar yürütüp her türlü oynama üstünlüğü olan dama hâline getirmek | gücü kalmayarak bir işi daha ileri götüremeyecek duruma gelmek | tükenmek,,
dama taşına dönmek,sürekli yer değiştirmek,,
dama taşı gibi oynatmak,birini sık sık bir yerden bir yere göndermek veya atamak,,
damdan çardağa atlamak,hiçbir mantık bağı kurmadan konudan konuya geçmek,,
damdazlak kalmak,elde hiçbir şeyi kalmamış duruma gelmek,,
damga vurmak,damgalamak | iz bırakmak,,
damga yemek,biri kötü bir yargıya veya nitelenmeye uğramak,,
damlaya uğramak,"yüreğine inmek, felç olmak",,
damla inmek,felç olmak,,
dananın kuyruğu kopmak,beklenen veya korkulan sonuç gerçekleşmek,,
daniskasını bilmek,"en iyisini, en âlâsını bilmek",,
daniskasını yapmak,bir işi her yolu deneyerek gerçekleştirmek,,
dans etmek,müzik temposuna uyarak estetik değer taşıyan vücut hareketleri yapmak | tutarlı davranmamak,,
darağacına çekmek,idam cezası alan bir kimseyi asmak,,
darasını almak,içine bir şey konulacak kabın ağırlığını tartmak,,
darasını düşmek,kabın ağırlığını hesaba katmamak,,
dara boğmak,birinin güç durumundan yararlanmak,,
dara düşmek,para sıkıntısına düşmek,,
dara gelmek,aceleye gelmek | mecbur olmak,,
dara getirmek,aceleye getirmek,,
darbe almak,kötü bir duruma düşmek,,
darbe üstüne darbe vurmak,üst üste birinin canını sıkan bir şeyler söylemek veya yapmak,,
darbe yapmak,ülkede bir grup tarafından örgütlü bir biçimde silah zoruyla baskı kurularak veya seçim dışındaki demokratik usulleri kötüye kullanarak mevcut hükûmeti istifa ettirmek veya rejimi değiştirecek biçimde yönetimi devirmek,,
darbe yapmak,ülkede bir grup tarafından örgütlü bir biçimde silah zoruyla baskı kurularak veya seçim dışındaki demokratik usulleri kötüye kullanarak mevcut hükûmeti istifa ettirmek veya rejimi değiştirecek biçimde yönetimi devirmek,,
darbe (veya darbeyi) yemek,"gücü sarsılmak | kötü, olumsuz bir duruma maruz kalmak",,
darda bulunmak,bir şeyin sıkıntısını çekmek,,
darda kalmak,paraca sıkıntı içine girmek | zor duruma düşmek,,
dargın durmak,küskün durumda olmak,,
darmadağın etmek,"dağıtmak, karıştırmak | dayak atıp iyice dövmek",,
darmadağın olmak,dağınık ve karışık duruma gelmek | kötü bir biçimde dövülmek,,
darmaduman etmek,karmakarışık bir duruma getirmek,,
darmaduman olmak,karmakarışık bir duruma gelmek | dağılıp gitmek | yenilmek,,
dar etmek,bir kimseyi sıkıntıya sokmak,,
dar gelmek,sıkıntı ve huzursuzluk vermek,,
dar kaçmak,istemediği bir çevreden kendini dışarı atmak,,
davacı olmak,dava etmek,,
davalık olmak,birbirinden şikâyetçi olup mahkemeye başvurmak,,
davar gütmek,"sürüyü otlatmak, korumak ve gerektiğinde süt sağmak | işe yaramayan, aptal veya acemi insanları kendi çıkarları doğrultusunda kullanmak",,
davasını gütmek,sürekli olarak bir konuyu savunmak veya gündemde tutmak,,
davaya bakmak,"açılan davayı incelemek, araştırmak ve sonuçlandırmak [hukuk]",,
dava görmek,açılan davaları incelemek ve sonuca bağlamak [hukuk],,
dava (veya davayı) kaybetmek,"açılan davada haksız veya suçlu bulunmak [hukuk] | bir konuda çabası boşa gitmek, olumlu sonuç alamamak | ülküsü gerçekleşmemek",,
dava (veya davayı) kazanmak,açılan davada haklı veya suçsuz bulunmak [hukuk] | bir konuda olumlu sonuca ulaşmak | ülküsü gerçekleşmek,,
dava (veya davayı) yitirmek,dava kaybetmek [hukuk],,
davete icabet etmek,çağrılı olduğu yere gitmek,,
davetiye çıkarmak,olumsuz bir şeyin meydana gelmesi için gerekli şartları hazırlamak,,
davet etmek,çağırmak | birinin bir şeye uymasını istemek | yol açmak,,
davet olunmak,çağrılmak,,
dayağa idmanlı olmak,dayak yemeye alışmış olmak,,
dayak atmak,"dövmek, sopa ile dövmek",,
dayak yemek,dövülmek,,
dayanaklık etmek,"dayanak, destek olmak",,
dayayıp döşemek,"evi, odayı mobilya vb. ile döşemek",,
dediğinden (dışarı) çıkmak,sözünü dinlememek,,
dediğine gelmek,birinin düşüncesini önce kabul etmezken sonradan doğru bulup kabul etmek,,
dediği çıkmak,dediği şey gerçekleşmek,,
dedikodu çıkarmak,birisi hakkında dedikodu ortaya atmak,,
dedikodu sermayesi olmak,dedikodusu yapılacak duruma gelmek,,
defigam etmek,"üzüntüyü, sıkıntıyı atmak",,
defihacet etmek,küçük veya büyük abdest bozmak,,
deforme olmak,biçimsizleşmek,,
defterden (veya defterinden) silmek,"birinin adını anmaz olmak, dost saymaz olmak",,
defterinde olmamak,"sahip bulunmamak, tabiatında bulunmamak",,
defterinde yazmamak,kitabında yer almamak,,
defterini dürmek,"öldürmek | işine son vermek, işten çıkarmak | başarısını kıskanarak yükselmesine engel olmak",,
defteri dürülmek,ölmek | öldürülmek | görevine son verilerek bir yerden uzaklaştırılmak,,
defter açmak,"para yardımı veya gönüllü toplamaya girişmek | hesap açmak, banka cüzdanı vermek | bir şeye yeniden başlamak",,
defter tutmak,işlem veya hesapları düzenli olarak bir deftere geçirmek [ticaret],,
degaj yapmak,futbolda kaleci topu sert bir vuruşla gücü yettiğince uzağa atmak,,
değer biçmek,"bir şeyin değerini belirtmek, bir şeye değer koymak",,
değer düşümüne uğramak,değersizleşmek,,
değer vermek,"değerli saymak, önem vermek",,
değişiklik yapmak,değiştirmek,,
değiş etmek,bir şey verip yerine başka bir şey almak,,
değiş tokuş etmek,birbiriyle değiştirmek,,
dehşete düşürmek,"çok korkutmak, dehşete kapılmasına sebep olmak",,
dehşet saçmak,ortalığa korku vermek,,
dejenere etmek,soysuzlaştırmak | yozlaştırmak,,
dejenere olmak,soysuzlaşmak | yozlaşmak | bozunmak [kimya],,
deke düşmek,"hileye, oyuna gelmek",,
deklare etmek,gümrüklerde vergi konusu olacak eşya vb.ni resmî makama bildirmek | herhangi bir konudaki görüşünü ilgililere ilan etmek,,
dekolte konuşmak,açık saçık konuşmak,,
delalet etmek,"yol göstermek | göstermek, anlatmak",,
deliğe tıkmak,"tutuklamak, hapsetmek",,
delik deşik etmek,"bir canlının vücudunda bir araçla birçok yara, kesik açmak | bir şeyin her yanında delikler açmak",,
delik deşik olmak,"bir canlının vücudunda bir araçla birçok yara, kesik oluşmak | bir şeyin her yanı delinmek",,
delik eğirmek,"hapse girmek, tutuklanmak",,
deliliğe vurmak,kendini deli gibi göstermek,,
deliliği tutmak,delice davranmak,,
delinin eline değnek vermek,kötülük yapabilecek bir kimsenin davranışlarını kolaylaştırmak,,
delişmenlik etmek,delişmence davranmak,,
deliye dönmek,çok sevinmek | çok üzülmek | çok kızmak,,
deli bayrağı açmak,âşık olmak,,
deli çıkmak,çıldırmak | çok sinirlenmek,,
deli dana (veya danalar) gibi dönmek,ne yapacağını bilemeyerek şaşkınca davranmak,,
deli divane olmak,aşırı derecede ilgi göstermek,,
deli divane âşık olmak,aşırı derecede sevmek,,
deli etmek,çılgına çevirmek | sinirlendirmek | sağlıklı düşünemeyecek duruma getirmek,,
deli ırmak,Akıntısı çok hızlı olan ırmak,,
deli olmak,birini çok sevmek | çok sinirlenmek | delirmek,,
demagoji yapmak,laf cambazlığı yapmak,,
demarke olmak,"sıyrılmak, boşta kalmak",,
demeç vermek,yetkili bir kimse bir konuda yayın organlarına açıklama yapmak; beyanat vermek,,
demek istemek,bir şeyi anlatmak istemek | bir düşünceyi söylemek istemek,,
demek olmak,anlamına geliyor olmak,,
demini almak,çay iyice demlenmiş olmak | içki içmek,,
demirbaştan düşmek,"demirbaş listesinden çıkarmak, kaydını silmek",,
demire vurmak,demir zincirle bağlamak,,
demir almak,"gemi yola çıkmak için çıpasını denizden çekmek, gitmeye hazırlanmak [denizcilik] | ölmek, çekip gitmek | sıvışmak, gitmek",,
demir atmak,gemi çıpasını denize salmak [denizcilik] | bir kimse bir yerde uzun süre kalmak,,
demir taramak,gemi rüzgâr veya akıntı yüzünden çıpasını sürümek,,
demode olmak,"modası geçmek, gözden düşmek, değerini yitirmek",,
demoralize etmek,moralini bozmak,,
demoralize olmak,morali bozulmak,,
dem çekmek,kuşlar uzun ve güzel ezgiler çıkarmak | içki içmek,,
dem dökmek,kadınlar aybaşında kan yitirmek,,
dem tutmak,bir çalgıya başka bir çalgı veya sesle eşlik etmek,,
dem vurmak,"bir şeyden söz etmek, konu açmak",,
deneme tahtasına çevirmek,"bir şey üzerinde bilgisizce tedavi, onarım vb. işler yapmak",,
deneme tahtasına dönmek,"kendisi üzerinde bilgisizce tedavi, onarım vb. işler yapılmak",,
denetleme yapmak,kontrol etmek,,
deneyim kazanmak,deneyimli duruma gelmek,,
dengeli kılmak,dengeli duruma getirmek,,
dengesini kaybetmek,dik durumdayken kontrolünü kaybederek düşmek,,
dengesi bozulmak,dik durumdan düşecek duruma gelmek | tanınan ve bilinen ölçülerin dışına çıkmak | tutum ve davranışlarında tutarlılık olmamak | aralarında ilişki bulunan şeyler arasındaki uyum bozulmak,,
dengeyi sağlamak,"iki kişi, durum veya olay arasında orta yolu bulmak, uyum sağlamak",,
dengine getirmek,punduna getirmek,,
dengiyle karşılamak,kendisine yapılan bir işin karşılığını aynı değerde iş yaparak vermek,,
denizdeki balığın karada komisyonculuğunu yapmak,"gerçekte bulunmayan bir konu üzerinde varmış gibi savunuculuğunu yapmak, hayalî konularda gereksiz söz söylemek",,
denizden çıkmış balığa dönmek,sudan çıkmış balığa dönmek,,
denizden (veya denizi) geçip çayda boğulmak,bir işte büyük güçlükleri yendikten sonra önemsiz bir sebeple başarısızlığa uğramak,,
denize açılmak,kıyıdan çok uzaklaşmak,,
denize çıkmak,gezi veya av için kıyıdan ayrılmak,,
denize indirmek,genellikle yeni yapılan bir aracı kızaklar yardımıyla karadan suya salıvermek,,
deniz bindirmek,denizde birden fırtına çıkmak,,
deniz çıkmak,denizde fırtına olmak,,
deniz tutmak,deniz taşıtlarında sallantıdan etkilenmek,,
denk düşmek,uygun vakit ve fırsat olmak | rast gelmek,,
denk gelmek,"uygun düşmek, uygun gelmek | rast gelmek, rastlamak",,
denk getirmek,"uygun zamanını ve durumunu bulmak, rastlatmak",,
denk yapmak,denk durumuna getirmek,,
densizlik etmek,yakışıksız ve saygısızca davranmak,,
depara geçmek,koşuya veya yarışa hızla başlamak,,
depara kalkmak,koşu veya yarış içinde hızını birdenbire artırmak,,
depo etmek,"yığmak, biriktirmek",,
depresyona girmek,bunalıma girmek,,
depresyonda olmak,bunalımda olmak,,
depresyon geçirmek,bunalım geçirmek,,
dercep etmek,hakkı olmayan parayı veya malı zimmetine geçirmek,,
derdest etmek,yakalamak,,
derde düçar olmak,kötü bir duruma düşmek,,
derde (veya derdine) derman olmak,"soruna çözüm bulmak, sıkıntıyı geçirmeye çare göstermek",,
derde (veya dertlere) düşmek,sorunla karşılaşmak | hastalanmak,,
derdine deva bulmak,"sıkıntıyı çözümlemek, atlatmak, çaresizliği yenmek",,
derdine düşmek,yapılması gereken bir şeyi gerçekleştirmenin yollarını aramak | biri veya bir şey için tasalanmak,,
derdine yanmak,kendi durumuna üzülmek,,
derdini çekmek,üzüntüsüne katlanmak,,
derdini dökmek,"derdini, sıkıntılarını ayrıntılı olarak anlatmak, dile getirmek",,
dereceye girmek,"yarışma, sınav vb.nde üst sıralarda yer almak",,
derece almak,başarı göstererek ödül kazanmak,,
dereden tepeden konuşmak,ilgisiz konulardan söz etmek,,
derekeye düşmek,küçülmek,,
dereyi görmeden paçaları sıvamak,gerektiğinden çok önce veya henüz ortada hiçbir şey yokken hazırlanmaya kalkışmak,,
dere tepe düz gitmek,engelleri aşarak gitmek,,
derhatır etmek,hatırlamak,,
derine inmek,bir konu üzerinde çok ve ayrıntılı araştırma yapmak,,
derin derin düşünmek,çok fazla düşünmek,,
derin uykuya dalmak,derin bir biçimde uyumak,,
derisine sığmamak,çok kibirli olmak,,
derisini yüzmek,"derisini soymak, sıyırmak | işkence ederek öldürmek | birinin bütün varlığını elinden almak",,
derisi kemiklerine yapışmak,çok zayıflamak,,
derkenar etmek,bir kitabın sayfalarının veya yazının kenarına not düşmek,,
derk etmek,anlamak,,
derlenip toparlanmak,"kendi kendine çeki düzen vermek, dağınıklıktan, düzensizlikten kurtulmak | bir araya getirilip düzene sokulmak, dağınıklıktan, düzensizlikten kurtarılmak",,
dermanı kesilmek,takati kesilmek,,
dermeyan etmek,"bir düşünce ileri sürmek, ortaya koymak",,
dernek kurmak,dernek oluşturmak,,
derpiş etmek,"öngörmek, göz önünde tutmak, aklından geçirmek",,
ders almak,"bir konu üzerinde bir öğrenci yetkili bir kimseden bilgi edinmek | bir olaydan deneyim kazanmak, ibret almak",,
ders çalışmak,belli bir konuyu öğrenmek üzere kaynakları kullanarak çalışmak | derste verilen bilgileri iyice öğrenmek için tekrarlamak,,
ders görmek,bir konu üzerinde bir öğrenci yetkili bir kimseden bilgi edinmek,,
ders olmak,"kötü bir olay bir daha yapmamak üzere örnek olmak, ibret olmak",,
ders vermek,"öğretmek, yetiştirmek | azarlamak, sert davranmak, sert bir karşılıkla yola getirmek",,
ders yapmak,sınıfta belli bir programa bağlı olarak herhangi bir konuyu işlemek | sınıfta verilen ödevi daha sonra yapmak,,
ders (veya dersi) asmak,"dersten kaçmak, derse gitmemek",,
dertop edilmek,"toplanıp bir araya getirilmek, büzülmek",,
dertop etmek,"toplayıp bir araya getirmek, toparlamak",,
dertop olmak,"toplanıp büzülmek, toplu hâlde olmak",,
dertsiz başını derde sokmak,bir derdi yokken gereksiz yere üzüntü veren bir işe girişmek,,
dert anlatmak,derdini dökmek,,
dert dökmek,derdini anlatmak,,
dert eğirmek,içinden çıkılması güç bir sorunla uğraşmak zorunda kalmak,,
dert yanmak,"derdini sızlanarak anlatmak | bir şeyden şikâyet etmek, yakınmak",,
deruhte etmek,üstlenmek,,
despotluk etmek,despotça davranmak,,
destan düzmek,kahramanlık hikâyesi veya herhangi bir olayı anlatan şiir yazmak,,
destan yazmak,"olağanüstü kahramanlık, yararlık veya başarı göstermek",,
desteksiz atmak,"abartılı konuşmak, yalan söylemek",,
destek görmek,yardım edilmek,,
destek olmak,"güç sağlamak, yardımcı olmak",,
destursuz atmak,"kolay yalan söyleyebilmek, palavra atmak",,
destur almak,izin almak,,
destur vermek,izin vermek,,
deşarj olmak,"akü, pil gücünü yitirmek | içini dökmek, boşalmak, rahatlamak",,
deşifre etmek,"bir şifreyi veya güç bir yazıyı çözmek, okuyup anlamak | kimliğini anlamak, kimliğini açığa çıkarmak",,
deşifre olmak,"gizli durum açığa çıkmak | kimliği anlaşılmak, kimliği açığa çıkmak, belli olmak",,
detone olmak,bir sazı yanlış çalmak veya söylemek | ezgiyi kusurlu bir biçimde söylemek,,
devam etmek,"başlanmış bir iş sürmek | sürekli, düzenli gitmek | sürdürmek",,
devam ettirmek,başlanmış bir işi sürdürmek,,
devede kulak (veya kulak gibi) kalmak,"çok az önemi olmak, söz etmeye değer bulmamak | yetersiz, çok küçük veya az olmak",,
deveye hendek atlatmak,"birine yapılması çok zor, hemen hemen imkânsız olan işleri yaptırabilmek",,
deveyi düze çıkarmak,güçlükleri giderip işleri yoluna koymak,,
deveyi havuduyla yutmak,eline geçen ve hakkı olmayan şeyleri kendi menfaati için kullanmak,,
deve kuşuluk etmek,deve kuşu gibi başını kuma sokup gerçeklerden uzak duracağını sanmak,,
deve olmak,para veya yiyecek kaybolmak,,
devir açmak,tarihte özellik taşıyan yeni bir çağ başlatmak,,
devreye alınmak,işin içine girmesi sağlanmak,,
devreye girmek,"ilgilenmek, karışmak, araya girmek",,
devreye sokmak,"işin içine girdirmek, karıştırmak",,
devre dışı kalmak,"konudan uzak düşmek, konuyla ilgilenememek",,
devriye gezmek,kolluk kuvvetleri kamu düzenini korumak için şehirde dolaşmak,,
dev adımlarla ilerlemek,"çok çabuk ilerlemek, üst üste başarılar göstermek",,
deyip de geçmemek,önemsemek,,
dezenfekte etmek,hastalık yapma özelliği olan mikroorganizmalardan temizlemek,,
dezenfekte olmak,hastalık yapma özelliği olan mikroorganizmalardan temizlenmek,,
dıbır dıbır yürümek,hafif ve düzenli biçimde ses çıkararak yürümek,,
dımdızlak ortada kalmak,"elindeki her şeyi, imkânlarını yitirmek",,
dımdızlak ortalıkta bırakmak,"her türlü varlıktan, olanaktan mahrum kılmak, yokluğa mecbur etmek",,
dışarıya iz vermemek,"belli etmemek, hissettirmemek",,
dışarı atmak,"kovmak | zararlı bir maddeyi terleme, idrar vb. yollarla vücuttan çıkarmak",,
dışarı çıkmak,kapalı bir yerden dışarı gitmek | büyük abdest yapmak,,
dışarı vurmak,"belli etmek, açıklamak",,
dışa vurmak,belli etmek,,
dışına çıkmak,tanınan hak ve yetkileri aşmak,,
dışında bırakmak,hariç tutmak,,
dışında kalmak,"karışmamak, ilgilenmemek",,
dibe vurmak,en kötü duruma düşmek,,
dibine darı ekmek,"bir şeyi sonuna kadar tüketmek, bitirmek",,
dibini boylamak,batmak,,
dibini bulmak,içindekini tüketmek | aslına veya sonucuna ulaşmak,,
dibini tutmak,yemek pişerken tencerenin dibine yapışmak,,
dibi görünmek,içindeki şey bitmiş olmak,,
didik didik aramak,ayrıntılı bir biçimde aramak,,
didik didik etmek,didiklemek,,
didik didik olmak,didiklenmek,,
didişip durmak,sürekli olarak birbirini hırpalamak,,
diken diken olmak,"dik duruma gelmek, dikleşmek",,
dikilip durmak,bir yerde kısa bir süre ayak üstünde durmak,,
dikilip kalmak,bir yerde kısa bir süre ayakta beklemek,,
dikine gitmek,kimsenin sözünü dinlemeyerek kendi bildiğini yapmak,,
dikişini almak,dikilmiş yaranın ipliklerini kesip çıkarmak,,
dikiş atmak,yarılan veya yırtılan deriyi dikişle bir araya getirip tutturmak,,
dikiş tutturamamak,bir işte veya bir yerde herhangi bir sebeple uzun süre kalamamak,,
dikize almak,gözetlemek,,
dikkate almak,"göz önünde bulundurmak, hesaba katmak, gereğini düşünmek",,
dikkatinden kaçmamak,"fark etmek, gözüne çarpmak",,
dikkatine çarpmak,"farkına varmak, dikkatini çekmek",,
dikkatini çekmek,uyarmak | fark etmek,,
dikkatini çekmemek,birinin ilgisini uyandırmamak,,
dikkatini toplamak,duygu ve düşünceyi bir konu veya yapılan iş üzerinde yoğunlaştırmak,,
dikkati calip olmak,dikkati çeken kimse veya şey olmak,,
dikkatli olmak,"dikkat etmek, dikkat göstermek",,
dikkatsizlik etmek,dalgınlık etmek,,
dikkat çekmek,"""dikkat"" komutunu yüksek sesle söylemek [askerlik]",,
dikkat etmek,"duygularla düşünceyi bir şey üzerinde toplamak, uyanık davranmak | gözüne çarpmak veya ilgisini çekmek | özen göstermek",,
dikkat kesilmek,bütün dikkatini bir şey üzerinde toplamak,,
dikkat (veya dikkati) çekmek,"ilgi toplamak | göze batmak, fark edilmek",,
diktatörlük etmek,"diktatörce davranmak, zorbalık etmek",,
dikte etmek,yazdırmak için söylemek | birine isteklerini zorla kabul ettirmek,,
dik dik bakmak,"çok sert bir biçimde, sert sert, öfkeli öfkeli bakmak",,
dilden dile aktarılmak,sözlü olarak yayılmak,,
dilden dile dolaşmak,birçok kişi tarafından konuşulmak,,
dilden dile geçmek,kişiler arasında çok konuşulur olmak,,
dilden düşmez olmak,herkes tarafından sürekli tekrar edilir olmak,,
dilencilik etmek,dilenmek,,
dile gelmek,"dile düşmek | konuşma kudreti, yeteneği, olmayan varlık konuşmak, dillenmek, lisana gelmek",,
dile getirmek,"konuşturmak | belirtmek, anlatmak, açıklamak, ifade etmek",,
dile vermek,"gizli tutulması gereken bir şeyi açığa vurmak, duyurmak, yaymak",,
dile (veya dillere) düşmek,hakkında dedikodu yapılmak,,
dilim dilim etmek,dilimlemek,,
dilinden anlamak,bir canlının çıkardığı seslerden veya onun davranışlarından ne anlatmak istediğini anlamak | söz konusu olan şeyin özelliğini bilmek,,
dilinden kurtulamamak,"sürekli olarak bir kimsenin sitem, eleştiri ve sataşmalarına uğramak",,
dilinden (veya dilden) düşürmemek,"sürekli olarak aynı kişiden veya şeyden söz etmek, sık sık anmak",,
dilinde tüy bitmek,"tekrar tekrar söylemekten usanmak, bıkmak",,
diline düşmek,yermek veya alay etmek amacıyla birinin kötü veya yanlış davranışını sürekli söylemek,,
diline kira istemek,ağzına kira istemek,,
diline pelesenk etmek,diline dolamak,,
diline sağlam olmak,saklanacak konuları açığa vurmamak | kötü söz söylemekten kaçınmak,,
diline virt etmek,diline dolamak,,
dilinin altındaki baklayı çıkarmak,söyleyemediği şeyi artık söylemek,,
dilinin altında bir şey olmak,birinin açıkça söylemediği sözler olmak,,
dilinin ucuna gelmek,söyleyecek duruma gelmek,,
dilini bağlamak,"bir kimseyi herhangi bir sebeple söz söyleyemez duruma getirmek, susmak zorunda bırakmak",,
dilini ballamak,güzel sözler söylemek,,
dilini ballamak,güzel sözler söylemek,,
dilini değdirmemek,hiç yememek veya içmemek,,
dilini kısıp oturmak,eskiye göre daha az konuşarak hayatını sürdürmek,,
dilini tutamamak,sonunu düşünmeden gelişigüzel konuşmak,,
dilini tutmak,sonunu düşünmeden gelişigüzel konuşmaktan sakınmak,,
dilini yutmak,"sevinç, korku, heyecan vb. sebeplerle konuşamaz olmak",,
diliyle sokmak,bir kimseye ağır ve kırıcı sözler söylemek,,
dili açılmak,herhangi bir sebeple konuşmayan kimse konuşmaya başlamak,,
dili ağırlaşmak,"hastalık sebebiyle güçlükle söz söyleyebilmek, güçlükle konuşmak",,
dili alışmak,çok kullandığı bir söze alışmak,,
dili bir karış olmak,"fazla konuşmak, her söze karşılık vermek",,
dili boğazına akmak,"konuşamaz olmak, sesi soluğu çıkmamak",,
dili çözülmek,konuşamayan veya susan kişi konuşmaya başlamak,,
dili dolaşmak,"korku, heyecan, hastalık, utangaçlık, sarhoşluk gibi sebeplerle şaşırarak söyleyeceğini karıştırmak",,
dili dönmemek,"bir sözü doğru, düzgün söylemeyi becerememek | amacını iyi anlatamamak",,
dili durmak,"susmak, dedikodu etmemek",,
dili durmamak,"sürekli konuşmak | söylenmeyecek şeyleri de söylemek, sır tutamamak",,
dili kılıçtan keskin olmak,kırıcı ve ağır konuşmak,,
dili sürçmek,konuşma sırasında kelimeleri yanlış söylemek | istenmeyen bir konudan söz etmek,,
dili tutulmak,"sevinç, korku, şaşkınlık vb. sebeplerle birdenbire söz söyleyemez olmak",,
dili uzamak,haddini bilmeden konuşmak,,
dili varmamak,bir sözü söylemeye gönlü razı olmamak,,
dili yanmak,"üzüntü ve eziyet çekmek, zarara uğramak | bıkmak, nefret etmek",,
dillere destan olmak,herkes tarafından konuşulur olmak,,
dillere destan olmak,herkes tarafından konuşulur olmak,,
dil ağız vermemek,ağız dil vermemek,,
dil bilgiselleşmek,"Dilin gelişim süreci içinde bir bağımsız biçim birimi, asıl anlam ve görevinin dışında bağımlı biçim birimi olarak kullanılmaya başlanmak; gramerleşmek",,
dil bilgiselleştirilmek,Dil bilgisel duruma getirilmek; gramerleştirilmek,,
dil bilgiselleştirmek,Dilin gelişim süreci içinde bir bağımsız biçim birimini asıl anlam ve görevinin dışında bağımlı biçim birime dönüştürmek; gramerleştirmek,,
dil çıkarmak,"alay etmek, eğlenmek",,
dil dalaşı etmek,ağız dalaşı etmek,,
dil tutmak,sorguya çekmek için düşman askeri yakalamak,,
dil uzatmak,bir kimse veya bir şey için kötü söylemek,,
dil (veya diller) dökmek,"kandırmak, inandırmak veya yararlanmak için tatlı sözler söylemek",,
dimdik ayakta durmak,"karşılaşılan her zorluğa rağmen yıkılmamak, sorunların üstesinden gelebilmek",,
dimdik durmak,"tam dik durumda olmak | tutumunu değiştirmemek, yılmamak",,
dindaş olmak,aynı dinden olmak,,
dinden imandan çıkmak,"kendini kontrol edemeyecek kadar çok öfkelenmek, çok sinirlenmek",,
dinden imandan olmak,dinî inancını yitirmek,,
dini gibi bilmek,çok iyi bilmek,,
dipnot düşmek,"eklemek, açıklama yapmak",,
direksiyona geçmek,aracı kullanmak üzere sürücü yerine oturmak | bir işin yönetimini üzerine almak,,
direksiyon kırmak,aracı istenilen yöne çevirebilmek için direksiyonu o yöne hızla döndürmek,,
direksiyon sallamak,motorlu taşıt kullanmak,,
direktif almak,"talimat almak, emredilmek",,
direktif vermek,"talimat vermek, emretmek, buyurmak",,
diriğ etmek,esirgemek,,
diri kalmak,"dinç, sağlıklı görünmek | pirinç, bulgur vb. bakliyat gereği kadar pişmemiş olmak",,
dirlik yüzü görmemek,rahata kavuşamamak,,
dirsek çevirmek,daha önce iş birliği yaptığı kişiyi uzaklaştıracak davranışlarda bulunmak,,
dirsek çürütmek,okumak için çok emek sarf etmek | meslekte uzun yıllar geçirmek,,
disipline girmek,disiplinli bir biçimde yaşamaya başlamak,,
diskalifiye etmek,yarış dışı bırakmak,,
diskalifiye olmak,yarış dışı bırakılmak,,
dişe dokunmak,"işe yarar olmak, önemli olmak, yerinde ve anlamlı olmak",,
dişinden tırnağından artırmak,yiyecek giderlerini kısarak para biriktirmek,,
dişine kestirmek,birini alt edeceğine veya dövebileceğine inanmak,,
dişine vurmak,"ısırmak, dişlemek | değerini anlamak için kontrol etmek",,
dişinin kovuğuna bile gitmemek,yiyecek çok az gelmek,,
dişini sıkmak,"darlığa, sıkıntıya dayanmak, katlanmak",,
dişini sökmek,kötülük edemeyecek duruma getirmek,,
dişini tırnağına takmak,"çok büyük güçlüklere, sıkıntılara katlanmak | bütün gücünü kullanmak",,
dişleri dökülmek,"yaşlanmak, ihtiyarlamak",,
dişten tırnaktan artırmak,dişinden tırnağından artırmak,,
diş açmak,madenî boruları birbirine birleştirebilmek amacıyla özel aletle sarmal yiv ve set oluşturmak,,
diş bilemek,"kötülük yapmak için fırsat beklemek, hıncını gösterir bir durum almak",,
diş çıkarmak,"çene kemikleri içinde bulunan diş, diş etini deldikten sonra ağız boşluğuna doğru sivrilmek",,
diş geçirememek,gücü yetmemek,,
diş geçirmek,zorla veya inatla istediğini yaptırmak,,
diş gıcırdatmak,öfkesini davranışlarıyla göstermek,,
diş göstermek,"güçlü olduğunu, saldırıya geçebileceğini durumuyla belli etmek, tehdit etmek",,
divanesi olmak,bir şeye çok düşkün olmak,,
divaneye dönmek,çok üzülmek,,
divane olmak,deli divane olmak,,
divan durmak,el pençe divan durmak,,
diyalize girmek,diyaliz makinesine bağlanmak,,
diyalog kurmak,anlaşma ve uyum sağlayacak yolda karşılıklı konuşmak,,
dize gelmek,"baş eğmek, boyun eğmek",,
dize getirmek,kendisine karşı geleni yenerek buyruğuna uyacak duruma getirmek,,
dizgine gelmek,"düzelmek, belli bir disipline ve sisteme girmek",,
dizginini çekmek,birinin aşırı davranışlarına engel olmak,,
dizginini kesmek,üzerindeki baskıyı artırmak,,
dizginleri ele vermek,başkasının yönetimini kabullenmek,,
dizginleri gevşetmek,birinin üzerindeki baskıyı azaltmak,,
dizginleri koparmak,her türlü bağ ve baskıdan kurtulmak,,
dizginleri salıvermek,başıboş bırakmak,,
dizginleri (veya dizginlerini) ele almak,işi kendisi yönetmeye başlamak,,
dizgin boşaltmak,atı hızlı bir biçimde sürmek,,
dizgin vurmak,ata dizgin bağlamak,,
dizini (veya dizlerini) dövmek,pişmanlık duymak,,
dizi (veya dizinin) dibinden ayrılmamak,"yanından hiç gitmemek, ayrılmamak",,
dizlerine kapanmak,çok yalvarmak,,
dizlerine kara su inmek,beklemekten veya yorgunluktan güçsüz kalmak,,
dizlerinin bağı çözülmek,korkudan ayakta duramayacak duruma gelmek,,
diz çökmek,dizlerini yere koyarak oturmak | dize gelmek,,
diz üstü çökmek,dizleri yere gelecek biçimde eğilmek veya oturmak,,
doğaçlama yapmak,doğaçlamak,,
doğduğuna pişman etmek,anasından doğduğuna pişman etmek,,
doğduğuna pişman olmak,anasından doğduğuna pişman olmak,,
doğru bulmak,"uygun görmek, onamak",,
doğru çıkmak,gerçek olduğu anlaşılmak,,
doğru durmak,dik durmak | uslu durmak,,
doğru oturmak,uslu oturmak,,
doğum yapmak,doğurmak,,
doksan kapının ipini çekmek,"içinde bulunduğu sorunu çözmek için kapı kapı dolaşmak, birçok yere uğramak",,
doktora görünmek,muayene olmak,,
doktora yapmak,yüksek lisans öğretiminden sonra üst düzeyde öğretim yapmak,,
dokunca görmek,"zarara uğramak, harap olmak",,
dokunulmazlığını kaldırmak,"anayasa veya uluslararası gelenekler gereğince, kişiye tanınan ilişilmez olma durumunu ortadan kaldırmak",,
dokuz ayın çarşambası bir araya gelmek,birçok iş birden ortaya çıkıp sıkışık bir durum yaratmak,,
dokuz doğurmak,"merakla, heyecan içinde, sabırsızlıkla beklemek",,
dolabı bozulmak,kurduğu iş düzeni bozulmak | hilesi ortaya çıkmak,,
dolanıp durmak,sürekli olarak aynı yerde gezinmek,,
dolaylı anlatmak,"anıştırmak, ima etmek",,
dolduruşa getirmek,"birini çeşitli yollarla pohpohlayarak yönlendirmek, kışkırtmak, gaza getirmek",,
dolgu yapmak,"doldurmak | çürük dişleri temizleyip oyuğu, uygun bir madde ile doldurmak",,
dolma yutmak,kanıp aldanmak,,
dolmuş yapmak,dolmuşla yolcu taşımak,,
doludizgin gitmek,son hızla koşmak | kendini kaptırıp sürüklenmek,,
dolup taşmak,"gereğinden çok olmak, gereğinden çok kaplamak | çok kalabalık olmak",,
domuzluk etmek,"hainlik etmek, haince davranmak",,
dona çekmek,"hava, suları donduracak derecede soğumak",,
donup kalmak,donakalmak,,
don çekmek,donmak,,
don çözülmek,hava ısınarak buzlar erimeye başlamak,,
don gömlek kalmak,her şeyini kaybetmek,,
don kesmek,"bitki soğuktan bozulmak, donmak",,
don tutmak,"buz tutmak, donmak",,
doping yapmak,bazı bedensel özellikleri değiştiren veya artıran bir uyarıcı maddeyi çok az miktarda almak | uyarıcı etkide bulunmak,,
dostluk etmek,"yakınlık kurmak, dost gibi candan davranmak",,
dostluk kurmak,"yakınlık, ahbaplık kurmak",,
dost olmak,"yakınlık kurmak, ahbap olmak",,
dost tutmak,erkek veya kadın evlilik dışı ilişki kurmak,,
dosyası dürülmek,defteri dürülmek,,
doyuma ulaşmak,istek ve gereksinimlerinin en üst düzeyini elde etmek,,
doyum olmamak,"bir şeyden bıkılmamak | bir şey yetmemek, bir şeye kanamamak | bir şeyi çok fazla beğenmek",,
doyurucu bulmak,yeterli görmek,,
doyurucu gelmek,yeterli olmak,,
dozunu ayarlamak,"ilacın ölçüsünü aşmamak, gerektiği kadar vermek | ölçüyü aşmamak, aşırı davranmamak",,
dozunu kaçırmak,"ilaçta ölçüyü tutturamamak | ölçüyü aşmak, aşırı gitmek",,
dozu kaçmak,dozunu kaçırmak,,
dökülüp saçılmak,"soyunmak, çok açılmak | bir şey uğruna çok para harcamak",,
döküm çıkarmak,bütün hesap işlemlerini bir listeye yazmak,,
döküm (veya dökümünü) almak,ayrıntılı hesap listesini toplu olarak göstermek,,
döküp saçmak,bir şeyi yararsız biçimde harcamak,,
döl almak,cins bir hayvandan yararlanarak iyi cins yavru almak,,
döl döş sahibi olmak,çocuk ve torunları bulunmak,,
döl vermek,"yavru vermek, üremek | ürün vermek",,
dönüp dolaşmak,"uzun süre gezmek | arayış içinde olmak, her çareye başvurmak",,
dönüp geriye bakmak,"eskiyi hatırlamak, geçmişi gözden geçirmek",,
dönüşü olmayan yola girmek,"asla bırakılmayacak, vazgeçilmeyecek bir durumda olmak",,
dörtköşe olmak,"çok keyiflenmek, çok zevk almak",,
dörtnalayı tutturmak,çok hızlı bir biçimde gitmek,,
dörtnalayı tutturmak,çok hızlı bir biçimde gitmek,,
dörtnala kaldırmak,dörtnal koşturmaya başlamak,,
dörtnala kalkmak,dörtnal koşmak,,
dört ayak üstüne düşmek,tehlikeli bir durumdan zarar görmeden kurtulmak | işi rast gitmek,,
dört dönmek,telaş içinde çare aramak,,
dört duvar arasında kalmak,"evde, kapalı bir yerde kalmak zorunda olmak",,
dört kolluya binmek,ölmek,,
dört yanı deniz kesilmek,çaresiz ve umutsuz kalmak,,
döşeğe düşmek,yatağa düşmek,,
döviz kaçırmak,yurt dışına izinsiz döviz çıkarmak,,
dövme yapmak,vücuda dövme işlemek,,
dramatize etmek,"bir edebî eseri radyo, televizyon veya sahne oyunu biçimine getirmek | bir olayı olduğundan daha acıklı, abartılı bir biçimde ortaya koymak",,
drift atmak,genellikle gösteri amaçlı olarak aracın arka tarafını kontrollü biçimde kaydırarak virajı almak,,
duası tutmak,duası gerçekleşmek | etkili olmak,,
dua etmek,Allah'a yalvarmak,,
dua (veya duasını) almak,iyi yapılan bir işle birinin hoşnutluğunu kazanmak,,
duble etmek,astar geçirmek,,
dudağının ucuna gelmek,hemen söyleyecek durumda olmak,,
dudağını (veya dudaklarını) ısırmak,yakışıksız bir durum karşısında şaşmak,,
dudak ısırmak,"hayran kalmak | hayrete, şaşkınlığa düşmek",,
dudak payı bırakmak,"bardak, fincan vb. kapları, ağzına kadar doldurmayıp dudağın yanaşabileceği kadar boş bir yer bırakmak",,
dudak sarkıtmak,somurtmak,,
dudak ucuyla söylemek,"belli belirsiz anlatmak, isteksizce söylemek",,
dudak (veya dudağını) bükmek,"bir şeyi beğenmediğini, küçümsediğini belli etmek, umursamamak, pek aldırış etmemek",,
dudak (veya dudağını) büzmek,ağlayacak gibi olmak,,
dulda tutmak,"örtünmek, koruyacak biçimde sarınmak",,
dul kalmak,kadın veya erkeğin eşi ölmek,,
dumana boğmak,"duman içinde bırakmak | bunaltmak, şüphe içinde bırakmak",,
dumanı tepesinden çıkmak,çok öfkelenmek,,
duman almak,"sis kaplamak, sis bürümek | sigara dumanını içine çekmek",,
duman altı etmek,"bulunulan yerin havasını esrar, sigara vb. dumanıyla doldurmak",,
duman altı olmak,"esrar, sigara vb. içilen bir yerin havasından etkilenmek",,
duman attırmak,"kötü duruma düşürmek, geride bırakmak, birini yıldırmak",,
duman etmek,"dağıtmak, bozmak, yok etmek | yenmek, başarı sağlamak",,
duman olmak,"işi, durumu berbat olmak | bir kimse veya bir şey ortadan kaybolmak",,
duman vermek,çok duman çıkarmak | ortalığı karıştırmak,,
dumura uğramak,"bir organ beslenemeyerek zayıflamak | değer, önem veya yeteneğini yitirmek | çok şaşırmak, şaşkınlığa düşmek",,
dumura uğratmak,"dumura uğramasına sebep olmak | çok şaşırtmak, şaşkınlığa düşürmek",,
dumur etmek,dumura uğratmak,,
durgunluk çökmek,"sessiz, sakin duruma girmek",,
durumdan ders çıkarmak,içinde bulunulan şartları değerlendirerek yanlış adım atmamak,,
durumdan vazife çıkarmak,içinde bulunulan şartları değerlendirerek sorumluluk yüklenmek,,
durumunu açmak,içinde bulunulan durumu açıklamak,,
durumu bozulmak,maddi durumu kötüleşmek,,
durumu düzelmek,maddi durumu iyileşmek,,
durum almak,belli bir duruş biçimine geçmek | bir olay karşısında belli bir tavır almak,,
dut gibi olmak,"çok sarhoş olmak | utanmak, mahcup olmak",,
dut yemiş bülbüle dönmek,"neşe ve konuşkanlığını yitirmek, susmak",,
duvağına doymamak,yeni gelinken ölmek veya kocasından ayrılmak,,
duvar çekmek,"duvar örmek | aradaki ilişkiye son vermek, görüşmemek",,
duvar yapmak,baraj yapmak,,
duygularını açmak,hissettiklerini anlatmak,,
duygu sömürüsü yapmak,istediğini yapmasını sağlamak amacıyla karşısındaki kişinin kendisine acımasını sağlamak,,
duygu uyanmak,bir duygu oluşmak,,
duymazlıktan gelmek,ilgilenmek istemediği için duymamış gibi davranmak,,
duyum almak,"bir konu hakkında haber almak, bilgi edinmek",,
duyuruda bulunmak,duyurmak,,
düçar olmak,"uğramak, yakalanmak, tutulmak",,
düdük gibi kalmak,yapayalnız kalmak | zayıflamak,,
düğmük atmak,düğümlemek,,
düğümü (veya düğümünü) çözmek,anlaşılmaz bir şeyi anlaşılır duruma getirmek,,
düğüm atmak,düğümlemek,,
düğüm vurmak,"düğümlemek | parasını pintilik ederek saklamak, biriktirmek",,
düğününde kalburla (veya elekle) su taşımak,bir yardımına karşılık olarak bekâr bir kimseye çok büyük bir yardımda bulunma sözü vermek,,
düğün bayram etmek,"çok sevinmek, neşelenmek",,
düğün pilavıyla dost ağırlamak,başkasının kesesinden veya elinden ikramda bulunmak,,
dümenine bakmak,şartlar ne olursa olsun çıkarını gözetmek,,
dümenini bozmak,hileli işe engel olmak,,
dümenini elinde tutmak,"yönetmek, istediği yöne doğru götürmek",,
dümeni elinde tutmak,yönlendirici durumda olmak,,
dümeni kırmak,"çekip gitmek, kaçmak, uzaklaşmak",,
dümen çevirmek,"hileye, düzene başvurmak",,
dümen kırmak,yön değiştirmek,,
dümen kullanmak,bir işi kurnazca yönetmek,,
dümen suyunda gitmek,"birine bağımlı olmak, her şeyde ona uyarak davranmak",,
dümen tutmak,teknenin gideceği yolu gözleyerek dümeni yönetmek [denizcilik],,
dümen yapmak,"dalavere, hile ile birini kandırmak, aldatmaya çalışmak",,
dümtek tutmak,tempo tutmak,,
dünden hazır (veya razı) olmak,kendisine yapılan bir öneriyi seve seve ve hemen kabul etmek,,
dünürcülüğe gitmek,kız istemeye gitmek,,
dünür düşmek,bir kızı evlenmek üzere başkası için istemek,,
dünür gezmek,evlenecek erkek için kız aramaya çıkmak,,
dünür gitmek,evlenecek kimse için kız istemeye gitmek,,
dünyadan çekilmek,"ölmek, hayatı son bulmak",,
dünyadan el etek (veya elini eteğini) çekmek,"bir kenara çekilip çevresiyle ilgisini kesmek, toplumun yaşayışına karışmamak, dünya işleriyle ilgilenmez olmak",,
dünyadan haberi olmamak,çevresinde olup bitenleri bilmemek,,
dünyaevine girmek,evlenmek,,
dünyalara değişmemek,her şeyden daha fazla sevmek,,
dünyalığı doğrultmak,yaşamı süresince yetecek parayı kazanmak,,
dünyanın tadını çıkarmak,"bütün zevklerden yararlanmak, mutlu ve rahat yaşamak",,
dünyasından geçmek,her şeye karşı ilgisiz duruma gelmek,,
dünyaya gelmek,"insan, doğmak",,
dünyaya getirmek,doğurmak,,
dünyaya gözlerini açmak,doğmak,,
dünyaya yuf borusu öttürmek,ölmek,,
dünyayı anlamak,"dünyada neler olduğunu öğrenmek, deneyimi artmak",,
dünyayı görmemek,bir konuya veya bir işe aşırı odaklanıp çevre ile ilgilenmemek,,
dünyayı haram etmek,bir yeri yaşanılmaz duruma getirmek,,
dünyayı tozpembe görmek,üzücü durumlara bile iyimser gözle bakmak,,
dünyayı tutmak,"çok yayılmak, her yere dağılmak",,
dünya başına yıkılmak,"çok sıkılmak, umutlarını yitirmek",,
dünya gözü ile görmek,ölmeden önce görmek,,
dünya kelamı etmek,konuşmak | konuşulmaması gereken yerde konuşmak,,
dünya yüzü görmemek,kapalı bir yerde sürekli kalmak,,
dünya (veya dünyalar) birinin olmak,çok sevinmek,,
dürbünün tersiyle bakmak,"bir şeyi küçümsemek, olduğundan çok daha az önemli görmek",,
düstur edinmek,ilke veya kural olarak kabul etmek,,
düşeş atmak,tavlada zarlar altı altı gelmek | umulmadık bir başarı kazanmak,,
düşkün olmak,"çok önem, değer vermek",,
düşmanı denize dökmek,düşmanı denize kadar sürüp yok etmek,,
düşman çatlatmak,iyi durum ve başarılarla düşmanı kıskandırmak veya kızdırmak,,
düşman olmak,kin beslemeye başlamak,,
düşman (veya düşmanı) kesilmek,"düşman olmak, düşman gibi görmek",,
düşük tutmak,az olarak belirlemek,,
düşük yapmak,çocuk düşürmek,,
düşüncesini açmak,görüşünü bildirmek,,
düşüncesini okumak,bir kimsenin ne düşündüğünü anlamak,,
düşüncesizlik etmek,düşüncesizce davranmak,,
düşünceye dalmak,derin derin düşünmek,,
düşünceye varmak,"bir görüşe veya karara varmak, bir inanca ulaşmak",,
düşünüp (veya düşünmek) taşınmak,"konuyu bütün yönleriyle inceleyip ona göre davranmak, iyice düşünmek",,
düşüp kalkmak,erkek kadınla veya kadın erkekle yasa ve töre dışı yakın ilişki kurmak | biriyle çok yakın arkadaşlık etmek,,
düş görmek,rüya görmek,,
düş kırıklığına uğramak,beklediği sonucu alamamak,,
düş kırıklığı yaratmak,beklentileri karşılayamamaktan dolayı burukluğa yol açmak,,
düzelti yapmak,"düzeltmek, doğrultmak",,
düzen kurmak,işler duruma getirmek | düzenlemek | hileye başvurmak,,
düze inmek,eşkıyalıktan vazgeçmek,,
düz duvara tırmanmak,"çocuk, çok yaramazlık yapmak",,
dâhil etmek,"içine almak, katmak",,
dâhil olmak,"katılmak, girmek veya içinde olmak",,
ebediyete intikal etmek,ölmek,,
ebedî uykuya dalmak,ölmek,,
ebe olmak,oyun içinde ebelik yapmak,,
eceline susamak,ölmek istermiş gibi tehlikeli işlere girişmek,,
eceliyle ölmek,olağan sayılan herhangi bir biçimde ölmek,,
eceli gelmek,ölümü veya yok olması kaçınılmaz duruma gelmek,,
ecir sabır dilemek,başsağlığı dilemek,,
eda etmek,borcunu ödemek | dinî buyrukları yerine getirmek,,
edebini takınmak,edepli davranmaya başlamak,,
edebiyat yapmak,bir konu üzerinde gereksiz yere süslü sözler söylemek,,
edep etmek,"utanmak, sıkılmak",,
efelik etmek,kabadayılık etmek,,
efendi gibi yaşamak,"sıkıntısız, varlık içinde yaşamak",,
efil efil esmek,"yazın rüzgâr yavaş yavaş, serin serin esmek",,
efil efil etmek,rüzgârda dalgalanmak,,
efkârı dağılmak,"keyifli bir şey yaparak içinde bulunulan hüzünden kurtulmak, rahatlamak, huzur bulmak",,
efkâr basmak,hüzünlenmek,,
efkâr dağıtmak,keyifli bir şey yaparak içinde bulunulan hüzünden uzaklaşmak,,
efkâr etmek,efkârlanmak,,
eflake ser çekmek,çok yüksek olmak,,
efsane olmak,efsane gibi anlatılmak veya anılmak,,
egzersiz yapmak,alıştırma yapmak | sağlıklı yaşam için spor yapmak,,
eğilip bükülmek,"bir kimsenin karşısında sıkıntı, utanç vb. duygularını açığa vuracak hareketlerde bulunmak",,
eğitim almak,belli bir bilim dalı veya sanat kolunda yetişmek,,
eğitim vermek,belli bir bilim dalı veya sanat kolunda yetiştirmek,,
eğretiye almak,bir yapının alt bölümünü onarmak için üstünü destekler üzerinde durdurmak,,
eğreti almak,ödünç almak,,
eğreti oturmak,çok kısa süre kalacakmış gibi bir yere ilişmek,,
eğreti vermek,ödünç vermek,,
eğrisi doğrusuna gelmek,"olmayacak gibi görünen bir iş, bir girişim, rastlantı sonucu olumlu bitmek",,
eğri (veya eğri gözle) bakmak,birine içinden kötü düşünceler geçirerek bakmak,,
ehemmiyet vermek,önem vermek,,
ehil olmak,"bir işte ustalaşmak, uzman olmak",,
ehven kurtulmak,ucuz kurtulmak,,
ekini belli etmemek,"eksik, bozuk, yanlış, kusurlu bir işi sağlam ve doğru gibi göstermek",,
ekip biçmek,tarım yapmak,,
ekmeğinden etmek,"işinden çıkarmak, işinden atmak",,
ekmeğinden olmak,geçimini sağlayan işinden zorunlu olarak ayrılmak,,
ekmeğine yağ sürmek,istemediği hâlde birinin işine yarayacak biçimde davranmak,,
ekmeğini çıkarmak,çalıştığı işten geçimini karşılayacak kadar kazanç sağlamak,,
ekmeğini eline almak,geçimini sağlayacak parayı kazanmak,,
ekmeğini kana doğramak,büyük bir sıkıntı ve üzüntüye katlanmak,,
ekmeğini kazanmak,geçimini sağlamak,,
ekmeğini taştan çıkarmak,geçimini sağlamakta çok becerikli olmak | en zor koşullarda bile kazancını sağlamak,,
ekmeğini yemek,birisinin işinde çalışarak kendi geçimini sağlamak | geçim yönünden birisinin yardımından yararlanmak,,
ekmeğiyle oynamak,birinin geçim kaynağını tehlikeye düşürmek,,
ekmek öpmek,ekmeği öperek yemin etmek,,
ekol kurmak,bir ekol oluşturmak,,
ekonomik davranmak,tutumlu davranmak,,
ekonomi yapmak,tutumlu davranmak,,
eksik çıkmak,tartı veya ölçü tam olmamak,,
eksik doğmak,vaktinden önce veya organları gelişmeden doğmak,,
eksik etmemek,her zaman bulundurmak,,
eksik gedik kapamak,ufak tefek gereksinimleri karşılamak,,
eksik gelmek,"yetişmemek, yetmemek",,
eksik olmamak,her vakit ve her fırsatta bulunmak,,
eksiltmeye çıkarmak,"bir işi, istekliler arasında en ucuz fiyat verene bırakmak için ihaleye çıkarmak",,
ek bent olmak,şaşırıp ne diyeceğini bilememek,,
elaman çekmek,bezginlik gösterip yakınmak,,
elaman demek,çok bezmek,,
elden ağza yaşamak,günlük kazancı ancak gereksinimlerini karşılayacak kadar olmak,,
elden almak,"bir malı pazara çıkarılmadan, aracı olmaksızın sahibinden satın almak | herhangi bir şeyi biriyle yüz yüze görüşerek almak",,
elden çıkarmak,"bir şeyin sahipliğini başkasına geçirmek, satmak | yitirmek",,
elden çıkmak,"malı olmaktan çıkmak, malı satılmak | kaybedilmek",,
elden ele geçmek,çok sahip değiştirmek,,
elden geçirmek,eksiklik veya bozukluklarını gidermek veya denetlemek için incelemek,,
elden gelmemek,"yapamamak, dayanamamak",,
elden gitmek,"bir şeyi yitirmek, o şeyden yoksun kalmak",,
elden kaçırmak,elde edilebilecek bir şeyden türlü sebeplerle yararlanamamak,,
elden kaçmak,sahip olamamak | değerlendirememek,,
elde avuçta (bir şey) kalmamak,mal ve parasını harcayıp bitirmiş olmak,,
elde etmek,bir şeye sahip olmak | bir kimseyi kendi hizmetine almak veya kendinden yana çekmek,,
elde kalmak,geride kalmak,,
elde tutmak,"sahibi olsun olmasın, bir malı mülkiyeti altında bulundurmak, zilyet olmak",,
elde (veya elinde) olmamak,iradesi dışında gerçekleşmek,,
elekten geçirmek,"elemek | ayıklamak | araştırma sonunda doğruyu yanlışı, iyiyi kötüyü ayırmak",,
elektriği kesmek,elektrik enerjisinin akışına engel olmak,,
elektriği yakmak,bir yeri aydınlatmak için elektrik enerjisini açıp kullanmak,,
elektrik almak,"etkilenmek, etkisi altında kalmak",,
elektrik vermek,"bir yeri elektrikle donatmak | işkence amacıyla birinin çıplak bedenine doğru akım vermek | elektrik enerjisini kullandırmak | etkilemek, etkisi altında bırakmak",,
ele almak,"bir şey üzerinde çalışmaya başlamak | bir konuyu görüşmek | bir konuyu incelemek, araştırmak | herhangi bir şeyi iş edinmek",,
ele avuca sığmamak,"söz dinlememek, baskı altına alınmamak, zapt edilememek | şımarık davranmak",,
ele bakmak,"avuç içindeki çizgilere bakıp kişinin geleceğini okumak, el falına bakmak | muhtaç olmak",,
ele geçirmek,bir kimseyi yakalamak | sahibi olmak | gizlenmek istenen bir şeyi elde etmek,,
ele geçmek,bir kimse yakalanmak | edinilmek,,
ele gelmek,tutulabilmek | bebek kucağa alınacak kadar büyümüş olmak,,
ele vermek,"suçlu bir kimseyi haber verip yakalatmak, ihbar etmek | herhangi kötü bir şey yapanın yaptığını herkese bildirmek | ortaya çıkarmak",,
elifi mertek sanmak,çok cahil olmak,,
elinden almak,bir şeyden mahrum etmek,,
elinden bir iş (veya şey) gelmemek,çaresizlikten veya yeteneksizlikten bir iş yapamamak,,
elinden bir kaza (veya sakatlık) çıkmak,istemeyerek birini yaralamak veya öldürmek,,
elinden geleni ardına (veya arkasına) koymamak,yapabileceği bütün kötülükleri yapmak,,
elinden geleni yapmak,gücünün yettiği kadarını yapmak,,
elinden gelmek,yapabilmek,,
elinden hiçbir şey kurtulmamak,her şeyi becerebilmek,,
elinden iş çıkmamak,çabuk iş görememek,,
elinden iyi iş gelmek,"becerikli, hünerli olmak",,
elinden kan çıkmak,cinayet işlemek,,
elinden kurtulmak,birinden kaçmayı başarmak,,
elinden tutmak,yardım etmek | kayırmak,,
elinden (bir şeyi) düşürmemek,sürekli onunla ilgilenmek,,
elinden (bir şey) düşmemek,bir şeyle sürekli ilgilenmek,,
elinde büyümek,"büyütülmek, bakılmak | eğitilmek, bilgi, görgü ve terbiye sahibi olmak, yetiştirilmek",,
elinde kalmak,"birinin bakımında, yönetiminde olmak | bir şey satılamayıp sahibinde kalmak | birinin elinde hayatı son bulmak",,
elinde olmak,"bakımı, gözetimi altında olmak | egemenliği altında, yetkisinde olmak",,
elinde olmak,isteyince o işi yapabilmek,,
elinde patlamak,bir şey satılamayıp sahibinde kalmak | haber vb.ni uygun zamanda kullanamayıp fırsatı kaçırmak,,
elinde tutmak,"kendi tekelinde bulundurmak, başkalarına kaptırmamak | bir malı satmayıp bekletmek",,
eline almak,bir işin veya yerin yönetimini üstlenmek | bir işi kendi yapmaya başlamak,,
eline ayağına üşenmemek,"her türlü ayak hizmetini yüksünmeden yapmak, hamarat olmak",,
eline bakmak,"bir kimsenin yardımıyla geçinmek | biri ""ne getirdi"" diye gözlemek",,
eline doğmak,"yaşlı bir kimse, birini, çocukluğundan beri çok yakından tanımak",,
eline düşmek,"egemenliği, buyruğu altına girmek | yakalanmak | birine muhtaç olmak | rastlamak, tesadüf etmek",,
eline erkek eli değmemiş olmak,"kız, namuslu olmak",,
eline eteğine sarılmak,çok yalvarmak,,
eline fırsat geçmek,imkân bulmak,,
eline geçmek,"kazanmak, edinmek, elde etmek | rastlamak, bulmak | yakalamak",,
eline kalmak,"ondan başka yardım edeni olmamak, yalnız ona muhtaç olmak",,
eline tutuşturmak,karşısındakinin isteyip istemediğini düşünmeksizin verivermek,,
eline yüzüne bulaştırmak,"bir işi gerektiği gibi yapamamak, başarısız olmak, becerememek",,
elinin hamuruyla erkek işine karışmak,"kadınlar, beceremeyeceği işleri yapmaya kalkışmak",,
elinin tersiyle çarpmak,ayanın arkasıyla şiddetle tokat atmak,,
elinin tersiyle itmek,"reddetmek, kabul etmemek",,
elini arı kovanına sokmak,elini taşın altına koymak,,
elini çabuk tutmak,gerekli önlemi zamanında almak | bir şeyi hemen yapmak,,
elini kolunu bağlamak,bir şey yapamayacak duruma getirmek,,
elini kolunu sallaya sallaya gelmek,gelirken hiçbir armağan getirmemek | bitirmeye gittiği işten sonuç alamadan dönmek,,
elini kolunu sallaya sallaya gezmek,"ortada görünmemesi gereken kimse pervasızca dolaşmak | pervasızca, kimseden çekinmeden dolaşmak",,
elini kulağına atmak,"ezan okumak, gazel veya türkü söylemek için elini kulak kepçesinin arkasına koymak",,
elini oynatmak,parayı esirgememek,,
elini sıcak sudan soğuk suya sokmamak,hiçbir iş yapmamak,,
elini sürmemek,"eliyle dokunmamak | hiç karışmamak, bir şey yapmamak | bir işi kendine yakıştırmayarak tenezzül etmemek | ilgi göstermemek",,
elini vicdanına koymak,"doğru, yansız, hakça davranmak",,
eli alışmak,"bir işte uzluk, ustalık kazanmak | herhangi bir davranışı âdet edinmek",,
eli altında olmak,"bir şey buyruğunda olmak, istediği anda o şeyden yararlanabilmek",,
eli ayağı titremek,"korku, sinir vb. sebeplerle heyecanlanmak",,
eli ayağı tutmak,beden gücü yerinde olmak,,
eli ayağı (veya ayağına) dolaşmak,"şaşırmak, telaşlanmak",,
eli aza varmamak,bir şeyi çok alma veya verme alışkanlığında olmak,,
eli boş çıkmak,"umduğunu alamamak, başarısızlığa uğramak",,
eli boş gelmek,armağansız gelmek | umulan şeyi getirmeden gelmek,,
eli böğründe kalmak,çaresiz durumda elinden bir şey gelmemek,,
eli dar (veya darda) olmak,para sıkıntısı içinde olmak,,
eli değmek,bir şey yapmaya vakit ve fırsat bulmak,,
eli ekmek tutmak,geçimini kendi emeğiyle sağlayacak duruma gelmek,,
eli eline değmemek,herhangi bir yakınlaşma olmamak | birisiyle cinsel ilişkiye girmemiş olmak,,
eli ermek,"yapabilmek, ulaşabilmek | bir işi yapmak için zaman bulabilmek",,
eli genişlemek,bolca paraya kavuşmak,,
eli gitmek,"bir şeyi kavramak, tutmak istemek",,
eli harama uzanmak,dinî bakımdan yasaklanmış bir işe yönelmek,,
eli işe yatmak,"becerikli, eli yatkın, uz olmak",,
eli kalem tutmak,yazı yazmayı bilmek | düşündüğünü güzel bir anlatımla yazmak,,
eli kırılmak,"eli, işe yatkın bir duruma gelmek",,
eli kolu bağlı durmak,bir şey yapmadan beklemek,,
eli koynunda kalmak,çaresiz kalmak,,
eli mahkûm olmak,mecbur durumda kalmak,,
eli olmak,"karışmış olmak, gizli bir ilgisi bulunmak",,
eli para görmek,eline para geçmek,,
eli silah tutmak,silah kullanabilmek,,
eli yatmak,eli alışmak,,
eli (veya elleri) armut devşirmek,birisini bir iş yaparken öbürü boş durmak,,
ellerde gezmek,"elden ele dolaşmak | el üstünde tutulmak, saygı ve sevgi görmek",,
elle tutulacak tarafı (veya yanı) kalmamak,sağlam bir yanı kalmamak | güvenilecek veya kayırılacak bir yönü olmamak,,
elle tutulur tarafı olmamak,hiçbir değerli veya savunulabilir yanı olmamak,,
el açmak,dilenmek | başkasının yardımını isteyecek durumda olmak | kâğıt açmak | dua etmek üzere ellerini yukarı kaldırmak,,
el almak,"bir sanatı yapmak için ustanın iznini almak | kâğıt oyunlarında karşı tarafın oynadığı kâğıdın daha önemlisini oynayarak üstünlük sağlamak | tarikatlarda bir mürit, mürşidinden, başkalarına yol gösterme iznini almak",,
el atmak,"birisinin işine karışmak, müdahale etmek | bir işe girişmek, teşebbüs etmek | sarkıntılık etmek | yardım etmek, ilgilenmek",,
el ayak çekilmek,"ortalıkta hiç kimse kalmamak, ıssızlaşıp sessizleşmek",,
el ayak (veya etek) çekmek,"uzaklaşmak, kaybolmak",,
el bağlamak,saygı için ellerini göbeğinin üstüne kavuşturup durmak | namaza durmak,,
el basmak,kutsal bir şey üzerine el koyarak yemin etmek,,
el birliği etmek,"birlikte davranmak, dayanışmak",,
el çekmek,vazgeçmek,,
el çektirmek,görevinden uzaklaştırmak,,
el çırpmak,"alkışlamak, tempo tutmak | birini çağırmak için ellerini birbirine vurmak",,
el değiştirmek,bir şeyin kullanımı veya mülkiyeti bir kimseden başka bir kimseye geçmek,,
el değmemek,"kullanılmamak, dokunulmamak | saflığı bozulmamak",,
el dokunulmamak,"daha önce kullanılmamak, el değmemiş olmak",,
el ele vermek,"el tutuşmak | birlikte davranmak, bir konuda birleşmek",,
el el üstünde oturmak,herhangi bir iş yapmadan boş oturmak,,
el etek öpmek,bir işi yaptırmak için çok yalvarmak | yaltaklanmak,,
el etek tutmak,"tarikata girmek, derviş olmak",,
el etmek,bir kimseyi el işaretiyle çağırmak | uzaktan el sallamak,,
el frenini çekmek,çalışması durdurulmuş bir motorlu aracın hareketini önlemek için el frenini uygun konuma getirmek,,
el hareketi yapmak,duygu ve düşünceyi el kullanarak ifade etmek | ele karşıdaki kişiyi kızdıracak nitelikteki anlamlara gelen biçimler vermek,,
el iyisi olmak,"yakın çevresine değil, yabancılara yardımcı olmayı sevmek",,
el kaldırmak,"oy verdiğini veya söz istediğini elini kaldırarak belirtmek | birine, bir şeye vurmaya kalkışmak",,
el kapısına düşmek,yabancıya muhtaç olmak,,
el katmak,"bir işe karışmak, müdahale etmek | bir işin yapılmasına yardım etmek",,
el kazanıyla aş kaynatmak,başkasının hazırladığı imkânları kendi hesabına kullanarak iş çevirmek,,
el koymak,"bir yolsuzluğu ortaya çıkarmak, incelemek, vaziyet etmek | üstüne konmak | zorla almak | işi üzerine almak, sorumluluğu üstlenmek | yetkili organ bir malı veya bir kuruluşu kendi yönetimine almak",,
el ovuşturmak,birinin karşısında ezilip büzülmek | birinin kötü duruma düşmesine içten içe sevinmek,,
el öpmek,"yaşlı veya saygı gösterilmesi gereken kimselerin sağ elinin üstünü önce dudağa, sonra alna götürmek",,
el pençe divan durmak,saygı gösterilen kimse karşısında el kavuşturmuş bir biçimde,,
el sıkışmak,pazarlıkta anlaşmak,,
el sıkmak,selamlaşmak için birinin elini tutmak,,
el sürmemek,"dokunmamak, değmemek | bir işi yapmamak, ilgilenmemek",,
el tazelemek,bir işte yorulan kimse yerine başka birini getirmek,,
el tutmak,"bir iş uzun süre uğraştırmak, vakit kaybettirmek",,
el üstünde tutmak,bir kimseye çok saygı ve sevgi göstermek,,
el vermek,"yardım etmek | halk hekimliği ile uğraşan kimse bilgilerini bir başkasına öğretmek | kâğıt oyunlarında elde olan veya olmayan sebeplerle oyun üstünlüğünü karşı tarafa bırakmak | tarikatlarda mürşit, bir müride, başkalarına yol gösterme izni vermek",,
el vurmamak,bir işi yapmaya yanaşmamak ve başlamamak,,
el yıkamak,ilgisini kesmek,,
el (veya elini) uzatmak,birinden bir hakkı almaya kalkışmak | yardım etmek,,
el (veya elini) yakmak,"ateşten yeni çıkmak, taze olmak | çok pahalı olmak",,
emboli atmak,"Pıhtı, hava, yağ vb nesnelerin oluştuğu yerden ayrılarak kan dolaşımında damarı tıkaması",,
emdiği sütü burnundan getirmek,birisine çok sıkıntı çektirmek,,
emdiği (helal) süt haram olmak,herhangi bir isteğinin yapılmamasından sonra ilenmek,,
emeği geçmek,bir şeyin ortaya çıkması için çalışmış olmak,,
emekliye sevk etmek,emekliye ayırmak,,
emekli olmak,"belirli bir süre çalıştıktan sonra kanun ile sağlanan haklardan yararlanarak görevinden ayrılmak, tekaüt olmak",,
emek çekmek,bir işte çok çalışarak yorulmak,,
emek harcamak,çaba göstermek,,
emek vermek,bir şeyin meydana gelmesi için özenli bir biçimde ve çok çalışmak,,
emeline alet etmek,birini veya bir şeyi kendi istekleri doğrultusunda kullanmak,,
emel beslemek,"isteği, arzuyu sürekli düşünmek veya güçlendirmek",,
eme seme yaramamak,"işe yaradığı kabul edilmemek, makbule geçmemek, takdir edilmemek",,
eme yaramak,"işe yaramak, yararlı olmak",,
emin olmak,"inanmak, güvenmek",,
emir almak,belirli bir davranışta bulunmaya zorlayıcı söz duymak,,
emir altına almak,denetimi altına almak,,
emir komuta zinciri içinde olmak,herhangi bir işlem en alt rütbe veya makamdan en üst rütbe veya makama doğru gerçekleşmek,,
emir vermek,belirli bir davranışta bulunmaya zorlayıcı söz söylemek,,
emniyet altına almak,korumak,,
emniyet etmek,güvenmek,,
emniyet getirmek,emin olmak,,
emniyet vermek,güven vermek,,
emrihak vaki olmak,ölmek,,
emrine alınmak,hizmetine verilmek,,
emrine girmek,bir kimsenin buyruğu altında bulunmayı kabul etmek,,
emrine vermek,"görevlendirmek, atamak | yararlanması için ayırmak",,
emrivaki yapmak,oldubittiye getirmek,,
emsal olmak,örnek olmak,,
emsal oluşturmak,örnek oluşturmak,,
emsal vermek,örnek vermek,,
enayilik etmek,enayi gibi davranmak,,
endazeyi kaçırmak,"fazla abartmak, ölçüyü kaçırmak",,
endazeyi şaşırmak,"ne yapacağına bir türlü karar verememek, telaşlanmak",,
endişeye düşmek,"tasaya kapılmak, kaygılanmak",,
endişe etmek,"tasalanmak, kaygılanmak",,
enfekte olmak,hastalık bulaşmış olmak,,
enfiye çekmek,keyiflenmek amacıyla çürütülmüş tütünden yapılan tozu burna nefes yoluyla almak,,
engel çıkarmak,bir işin yapılmasını zorlaştırmak,,
engel olmak,"önlemek, geciktirmek",,
engel tanımamak,her türlü zorluğa karşın başarılı olmak,,
engin dallardan murt yememek,"yükseklerden uçmak, burnu büyük olmak",,
enjekte etmek,iç itmek,,
ensesinde boza pişirmek,"ısıtmak, kızgın duruma getirmek | birini çok üzmek, tedirgin etmek | birini bir işi yapıp bitirmesi için sürekli sıkıştırmak",,
ensesine binmek,birine bir işi yaptırmak için sürekli baskı altında bulundurmak,,
ensesine yapışmak,yakalayıp sıkıştırmak,,
enseyi karartmak,"ümitsizliğe kapılmak, karamsarlığa düşmek",,
ense kulak yerinde olmak,iri yarı olmak | kelli felli olmak,,
ense yapmak,hiçbir iş yapmadan yan gelip yatmak,,
entegre olmak,bütünleşmek,,
entel takılmak,"bir süre entel gibi yaşamaya, onların yaptıklarını yapmaya çalışmak",,
entrikaya kurban gitmek,"hileli, dalavereli bir iş sonunda zarara uğramak",,
entrika çevirmek,"entrika ile amacına ermeye çalışmak, dolap çevirmek",,
entübe etmek,hastanın herhangi bir vücut kanalına veya boşluğuna özellikle solunum yoluna tüp yerleştirmek,,
entübe olmak,herhangi bir vücut kanalına veya boşluğuna özellikle solunum yoluna tüp yerleştirilmiş olmak,,
ere vermek,kızı evlendirmek,,
ergen olmak,evlenecek çağa girmek,,
erişime açmak,"genel ağ üzerinde herhangi bir sayfa, kitap, belge vb.ni ilgililerinin kullanımına sunmak",,
eriyip bitmek,üzüntü ve sıkıntıdan çok zayıflamak,,
eriyip gitmek,yok olmak,,
erkekliğe sığmamak,"mertliğe, yiğitliğe yakışmamak",,
erkekliğine dokunmak,"yaşadığı bir olay veya durum, gördüğü veya duyduğu bir şey erkeklik gururunu incitmek, onurunu kırmak",,
erkekliğine yedirememek,"mertliğe, yiğitliğe yakıştıramamak",,
erkekliği kesilmek,erkek fizyolojik görevini yerine getirememek,,
erkeklik taslamak,"kendini erkek gibi göstermek, erkekçe davranışta bulunmak, kabadayıca davranmak",,
erkek olmak,kadınken cinsiyet değiştirmek | erkeğe yaraşır davranışlarda bulunur duruma gelmek | sünnet olarak erkekliğe adım atmak,,
erketecilik etmek,gözetlemek,,
erketelik yapmak,gözetlemek,,
erkân göstermek,yolunu yordamını öğretmek,,
Ermeni gelini gibi kırıtmak,ağır veya yavaş hareket etmek,,
erozyona uğramak,aşınmak | değer veya saygınlık kaybetmek,,
esamesi okunmamak,"kendisine değer verilmemek, adı anılmamak",,
esarette kalmak,uzun süre esir olarak bulunmak,,
esasa bağlamak,belirli bir kurala dayandırmak,,
esası olmamak,"gerçek olmamak, yalan olmak",,
esas vaziyete geçmek,hazır ol durumunu almak,,
esef etmek,üzülmek,,
esef olunmak,üzüntü duyulmak,,
eselemek beselemek,"Kandırmak için her türlü yola başvurmak, allem etmek kallem etmek",,
esen kalmak,"ruhsal ve bedensel olarak sağlıklı, sıhhatli olmak",,
esermek besermek,emek vererek ortaya çıkarmak,,
eser kalmamak,"hiçbir belirti, iz olmamak",,
esip gürlemek,"sinirli bir biçimde kızmak, bağırmak",,
esir almak,"tutsak etmek | alıkoymak, meşgul etmek",,
esir düşmek,tutsak olmak,,
esir etmek,"tutsak durumuna getirmek | alıkoymak, meşgul etmek",,
esir olmak,tutsak olmak,,
esir yatmak,"savaşta düşman eline düşüp uzun süre tutsak kalmak, esarette kalmak",,
eskisini aratmamak,"yenisi eskisinin yerini doldurabilmek, yokluğunu sezdirmemek",,
eski defterleri kapatmak,eski olayları yeniden ele almamak,,
eski hayratı da berbat etmek,bir işi daha iyi bir duruma sokmaya çalışırken büsbütün bozmak,,
eski kimliğine bürünmek,önceki düşüncelerine dönmek,,
eski köye yeni âdet getirmek,"alışılmamış, yadırganan bir yeniliği yapmaya kalkışmak",,
eski kulağı kesiklerden olmak,"görmüş geçirmiş, çok deneyimli olmak",,
eskortluk etmek,araçlarla korumak,,
esmayı üstüne sıçratmak,davranışlarıyla belayı üstüne çekmek,,
esprisi kalmamak,ilgi çekici olmaktan çıkmak,,
espri patlatmak,"konuşma sırasında, beklenilmedik anda, ortama uygun hoş, nükteli veya ilginç söz söylemek",,
espri yapmak,"nükteli, şakalı söz söylemek",,
esrara dalmak,sırlara gömülmek,,
esrar çekmek,esrar içmek,,
estek köstek etmek,"oyalamak, yersiz bahaneler bulmak, işten kaçınmak",,
es geçmek,"üzerinde durmamak, boş vermek, önemsememek",,
eşeğe gücü yetmeyip semerini dövmek,güçlü birine kızıp da ondan alamadığı hıncını çevresindekilerden çıkarmak,,
eşeğini sağlam kazığa bağlamak,işini güven altına almak,,
eşeklik etmek,"anlayışsızlık etmek, kaba davranmak",,
eşekten düşmüşe (veya düşmüş karpuza) dönmek,"çok şaşırmak, donup kalmak | kötü bir duruma düşmek",,
eşek sudan gelinceye kadar dövmek,adamakıllı dövmek,,
eşiğine yüz sürmek,bir dilekte bulunmak için bir kişiye yalvarmaya gitmek,,
eşiğini aşındırmak,işini yaptırmak için bir yere çok gidip gelmek,,
eşik (veya eşiğini) aşındırmak,işini yaptırmak için bir yere çok gidip gelmek,,
eşik (veya eşiğini) atlamak,"herhangi bir konuyu doyasıya yaşayarak belli bir olgunluğa ulaşmak | engelleri aşmak, zorlukları yenmek",,
eşit tutmak,"ayrım yapmamak, bir saymak",,
eşkıyalık etmek,eşkıyaya yaraşır biçimde davranmak,,
eşlik etmek,"bir solist, bir çalgı veya orkestra ile birlikte müzik icra etmek, refakat etmek | beraberinde gitmek, arkadaşlık etmek, refakat etmek | beraberinde bulunmak",,
eş güdümlemek,"Belli bir amaca ulaşmak için türlü işler arasında bağlantı, ilişki, düzen ve uyum sağlamak",,
eş tutmak,talimde veya oyunda ikişer olmak için arkadaş seçmek,,
eteğe varmak,yardım istemeye gitmek,,
eteğindeki taşı dökmek,bütün bildiklerini açıklamak,,
eteğinden ayrılmamak,peşini bırakmamak,,
eteğinden el çekmek,etliye sütlüye karışmamak | birini tacizden vazgeçmek,,
eteğinde namaz kılınmak,içi dışı çok temiz kişi olmak,,
eteğini çekmek,günah sayılan işlerden uzak durmak,,
eteğini toplamak,"birinin derli toplu olmasını sağlamak, birini düzenli yaşatmak | birinin kötü yaptığı işleri düzeltmek",,
eteğini tutmak,yardım istemek,,
eteğiyle mum söndürmek,"uygun olmayan biçimde iş yapmak, sakar olmak, üstünkörü davranmak",,
eteği ayağına dolaşmak,eli ayağı dolaşmak,,
eteği kirlenmek,kadının namusuna dokunulmak,,
eteklerini indirmek,üzerine düşen görevi yerine getirmek,,
eteklerini toplamak,"düzenli, temiz veya namuslu olmak",,
etekleri tutuşmak,çok telaşlanmak,,
etekleri uzamak,"yanlışları düzeltmek, ayıbını kapatmak",,
etekleri zil (veya ıslık veya çalpara) çalmak,çok sevinmek | alınan sevinçli bir haber üzerine telaşa ve heyecana kapılmak,,
etek açmak,"kadın, cinsel arzusunu belirtmek",,
etek öpmek,"yaltaklanmak, dalkavukluk etmek",,
etek silkmek,"el etek çekmek | çekilmek, artık karışmamak",,
eti kemiğine yapışmak,çok zayıflamak,,
etkili olmak,"etkisi duyulmak, etkisini göstermek, tesirli olmak",,
etkisini göstermek,"etkisini ortaya koymak, belli etmek",,
etkisiz hâle getirmek,etkisizleştirmek | yakalamak | öldürmek,,
etki bırakmak,kuvvetli bir biçimde etkilemek,,
etki etmek,etkilemek,,
etliye sütlüye karışmamak,"toplum içindeki çeşitli hareketlerden uzak durmak, hiçbir şeyle ilgilenmemek, tartışmalı konulardan kaçınmak",,
etrafı boş bulmak,kendisini engelleyecek kimse olmamak,,
etten duvar örmek,korumak amacıyla çevresinde kalabalık insan birikmek,,
etten önce çömleğe düşmek,bir işte bilgisiz veya yetkisiz olmasına rağmen herkesten önce ortaya atılmak,,
ettiğini yanına bırakmamak,yapılan kötü davranışa karşılık vermek,,
ettiğiyle kalmak,"yapmak istediği kötülüğü başarıya ulaştıramayan kimse, başarısızlığın üzüntüsü ve utancı içinde kalmak | yapmak istenilen kötülük amacına ulaşamamak",,
"ettiği hayır, ürküttüğü kurbağaya değmemek","yol açtığı zarar, yaptığı iyilikten büyük olmak",,
ettiği yanına (kâr) kalmak,"yaptığı kötülük karşılıksız kalmak, cezasını görememek",,
etüt etmek,"incelemek, araştırmak",,
et bağlamak,şişmanlamak | yara kapanmak,,
et tırnak olmak,sıkı aile bağı kurmak,,
et tutmak,et bağlamak,,
evci çıkmak,"tatil günlerinde okul, kışla vb.nden eve gelmek",,
evde kalmak,evlenme çağı geçmiş olmak,,
evelemek gevelemek,"Bir sözü tam söylememek, ağzının içinde mırıldanmak; evelemek develemek",,
eve çıkmak,aileden ayrılıp ayrı bir evde oturmak | öğrenci yurttan ayrılıp ev kiralayarak yaşamak,,
evin bağlamak,"ürün tanelenmek, tane bağlamak, olgunlaşmak",,
evirip çevirmek,"iyice, istediği gibi, adamakıllı gözden geçirmek",,
evlat edinmek,yasayla belirtilmiş şartlar içinde bir kimseyi evlat olarak nüfusuna geçirmek,,
evlenmek barklanmak,evlenerek bir aile kurmak,,
evrat çekmek,okunması âdet olan duaları ve Kur'an ayetlerini sürekli tekrarlamak,,
evrilip çevrilmek,döndürülmek,,
ev açmak,"ayrı bir eve yerleşmek, ayrı bir eve geçmek | evlenmek",,
ev bark yıkmak,karı kocayı birbirinden ayırmak,,
ev bozmak,karı koca ayrılmak | karı kocanın ayrılmalarına sebep olmak,,
ev işletmek,genelev sahibi olmak,,
ev sahipliği yapmak,konukları güler yüzlü davranıp iyi ağırlamak | herhangi bir toplantının veya etkinliğin düzenlenmesi için gerekli hazırlıkları üstlenerek gerçekleştirmek,,
ev tutmak,ev kiralamak,,
eyeri boş kalmak,atın binicisi ölmek,,
eyeri ters kapamak,binicisi ölen ata matem işareti olarak eyeri tersine koymak,,
eyer boşaltmak,cirit oyununda hedef olmaktan kurtulmak için eyer üzerinde sağa sola eğilmek | saldırıları boşa çıkaracak önlemler almak,,
eyer vurmak,eyeri hayvanın sırtına koyup bağlamak,,
eylemde bulunmak,eylem yapmak,,
eyleme geçmek,tasarlanan bir işi uygulamaya başlamak,,
eylem koymak,eylem yapmak,,
eylem yapmak,"bir durumu değiştirme veya daha ileriye götürme yönünde harekette bulunmak | topluluk hâlinde veya kişisel olarak bir olayı, hareketi, kurum veya kuruluşu protesto etmek amacıyla izinli veya izinsiz gösteri yapmak | siyasal veya toplumsal amaçlarla yasa dışı silahlı hareket gerçekleştirmek",,
eyvallahı olmamak,"kimseye gönül borcu, minneti olmamak",,
eyvallah demek,"hoş görerek kabul etmek veya edilmek | hoşça kalın, sağlıcakla kalın demek",,
eyvallah etmemek,"birinden yardım istememek, gönül borcu olmamak, boyun eğmemek | minnet etmemek",,
eza cefa etmek,eziyet etmek,,
eza duymak,"üzüntü çekmek, üzülmek",,
eza vermek,üzmek,,
ezberden okumak,daha önceden belleğine aldığı için herhangi bir yere bakmadan söylemek,,
ezberden yapmak,bir yere bakmadan bellekte kalan biçimiyle yapmak,,
ezbere almak,dikkat etmeden satın almak,,
ezbere anlatmak,"okunan bir şeyi olduğu gibi, bozmadan anlatmak",,
ezbere bilmek,bir yerin her yanını iyice bilmek | bir şeyin bütün niteliklerini çok iyi öğrenmiş olmak,,
ezbere iş görmek,incelemeden gelişigüzel yapmak,,
ezbere konuşmak,"bilmeden, aslını arayıp sormadan konuşmak",,
ezbere yapmak,ezberden yapmak | model veya doğa karşısında durmayarak fikirden tasavvur ve tahayyül suretiyle resim yapmak,,
ezberinde olmak,aklında tutmuş olmak,,
ezber bozmak,birinin sahip olduğu düşüncenin yanlış olduğunu göstermek,,
ezber etmek,ezberlemek,,
ezber okumak,bir metni veya sözü herhangi bir yere bakmadan bellekte kalan biçimiyle söylemek,,
eziklik duymak,kendini mahcup hissetmek,,
ezilip büzülmek,"güç bir duruma düşüp davranışlarıyla utandığını belli etmek | aşırı derecede kibar davranmak, yaltaklanır gibi hareket etmek",,
ezilmeden yenilmek,başa baş bir karşılaşma çıkararak az farkla yenilmek,,
ezip büzmek,tamamen değiştirerek kullanılmaz veya anlaşılmaz duruma getirmek | bir şeyi anlatırken lafı uzatıp asıl konuya bir türlü girememek,,
eziyet çekmek,zahmet ve sıkıntıya uğramak,,
eziyet etmek,"sıkıntı vermek, canını yakmak",,
eziyet vermek,zahmet çektirmek,,
faaliyete geçmek,"çalışmaya başlamak, çalışır duruma geçmek, işlemeye başlamak | işler duruma gelmek, etkin duruma gelmek",,
faaliyetten alıkoymak,"çalışmasını durdurmak, çalışmadan alıkoymak",,
faaliyette bulunmak,çalışma içine girmek,,
faaliyet göstermek,"çalışmak | işler durumda olmak, etkinlik göstermek",,
fabrika ayarlarına dönmek,"piyasaya sürülmüş olan ürünün özgün ayarlarına dönmek | bir kimse, bir şey özgün durumuna, temel ilkelerine dönmek",,
façası olmak,"havalı, gösterişli olmak",,
faça açmak,kesici bir şeyle birini yüzünden yaralamak,,
faça etmek,serenleri başa veya geriye doğru çevirerek yelkenleri sarmak,,
façuna etmek,sürtünme veya hava olaylarından korumak amacıyla halatı ince iple sarmak,,
faka basmak,"aldatılmak, tuzağa düşmek",,
faka bastırmak,"birini aldatmak, oyuna getirmek, tuzağa düşürmek",,
fakir düşmek,yoksullaşmak,,
fala bakmak,fal açmak,,
falso almak,top rakip oyuncuları yanıltacak biçimde eğri gitmek,,
falso çıkmak,bozuk olmak,,
falso vermek,bozulmaya yüz tutmak | açık vermek,,
falso yapmak,yanlış davranışta bulunmak | bir parçayı çalar veya söylerken nota yanlışlığı yapmak [müzik],,
fal tutmak,"aklından bir şey geçirip belli bir işin olup olmamasında veya oluş tarzında ona cevap aramak, niyet tutmak",,
fariğ olmak,"vazgeçmek, çekilmek, el çekmek",,
farkına varmak,fark etmek,,
farkında olmak,"görülmesi veya bilinmesi gereken şeylerden haberi bulunmak, kavranması gereken bir şeye dikkat etmek",,
farkı kalmamak,onun gibi olmak,,
fark atmak,"ileri gitmek, çok üstün gelmek",,
fark etmek,"görmek, seçmek, ayrımsamak | anlamak, sezmek | değişmek, başkalaşmak | ayırt etmek",,
fark gözetmek,ayrı tutmak,,
fark olunmak,seçilip ayırt edilmek | anlaşılmak | sezilmek,,
fark yapmak,üstünlük sağlamak,,
fartası furtası olmamak,patavatsızca konuşmak,,
farta furta etmek,fart furt etmek,,
fart furt etmek,"anlamsız, boş sözlerle böbürlenmek, farta furta etmek",,
farz etmek,varsaymak,,
farz olmak,yapılması kaçınılmaz olmak,,
farz olunmak,varsayılmak,,
fasıla vermek,bir şeyi yapmaya ara vermek,,
fasit olmak,"namaz, oruç, abdest vb. bozulmak",,
fasulye gibi kendini nimetten saymak,"kendine çok değer vermek, kendini bir şey sanmak",,
Fatiha okumak,o şeyden umudunu kesmek,,
Fatiha'sını çekmek,bir işe başlamak,,
fatura etmek,faturalamak,,
fatura kesmek,satılan bir şey için fatura düzenlemek,,
faul almak,oyuncu oyun içinde rakibin kendisine faul yapmasını sağlamak [spor],,
faul vermek,"hakem bir oyuncunun oyunda sergilediği kural dışı harekete ceza uygulamak [spor] | göğüs, bacak gibi vücudun belirli bölümlerini, bilerek veya bilmeyerek gereğinden fazla açarak göstermek",,
faul yapmak,oyuncu oyunda rakibine kural dışı bir harekette bulunmak [spor],,
faydalı olmak,yararlı olmak,,
faydasını görmek,yarar sağlamak | kâr elde etmek,,
faydası dokunmak,yararı dokunmak,,
faydası olmak,yararı olmak,,
fayda etmemek,"etkisi olmamak, işe yaramamak, yararlı olmamak",,
fayda vermemek,yararlı olmamak,,
fayrap etmek,"ocağın ateşini harlandırmak | herhangi bir işi veya şeyi hızlandırmak | açmak, çıkarmak",,
fazlalık etmek,"birinin varlığı, bulunduğu yerde gereksiz olmak",,
fazla gitmek,"ölçüyü aşmak, ileri gitmek",,
fazla görmek,bir kimsenin varlığından rahatsız olmak,,
fazla kaçırmak,"yeme, içme veya konuşma konusunda ölçüyü aşmak",,
fazla olmak,"dayanma gücünü aşacak davranışlarda bulunmak, çok olmak",,
fedakârlığa katlanmak,"bir amaca, bir emele ulaşmak için birçok sıkıntıya, üzüntüye, güçlüğe dayanmaya çalışmak",,
fedakârlık etmek,"özverili davranmak | azlığına katlanmak, az oluşu ile yetinmek, vazgeçmek",,
feda etmek,"kıymak, gözden çıkarmak",,
feda olmak,uğrunda yok olmak,,
felah bulmak,kurtulmak,,
felaketini hazırlamak,kötü bir sona yol açmak,,
felce uğramak,"bir iş yarım kalmak, yürümez duruma gelmek, tam olarak durmak",,
felce uğratmak,felç etmek,,
felç etmek,"bir organı veya bedenin bir bölümünü çalışamaz duruma getirmek | işlemez duruma getirmek, aksatmak",,
felç gelmek,inme inmek,,
felç inmek,inme inmek,,
felç olmak,"inme inmek | bir şey içinden çıkılamaz durum almak, tıkanmak",,
feleğe küsmek,"talihten yakınmak, şanstan ümidini kesmek",,
feleğini şaşırmak,"ummadığı bir durumda kalmak, şaşkınlık içine düşmek",,
feleğin çemberinden geçmek,"hayatta acı tatlı günler görmüş geçirmiş olmak, olgunlaşmış, deneyim kazanmış olmak",,
feleği şaşmak,feleğini şaşırmak,,
felekten bir gün (veya gece) çalmak,güzel bir gün veya gece geçirmek,,
felekten kâm almak,"güzel vakit geçirmek, istediği gibi eğlenmek",,
felfelek sokmak,birini kuşkuya düşürmek,,
felsefe yapmak,felsefe ile uğraşmak | olayların sebep ve sonuçları üzerine kendince soyut birtakım düşünceler ileri sürmek | bilgiçlik taslamak,,
fenalık etmek,"kötülük etmek, kötülükte bulunmak",,
fenasına gitmek,"üzülmek, gücenmek, kırılmak, sinirlenmek",,
fenaya çekmek,söylenen bir sözü kötü tarafından anlamak,,
fenaya sarmak,iş veya durum kötüye gitmek,,
fena bulmak,"ölmek, yok olmak",,
fena etmek,"kötü davranmak | kötü bir duruma düşürmek | hırpalamak, dövmek",,
fena gözle bakmak,kötü niyetini anlatır biçimde bakmak | bir kimse için kötü düşünceler beslemek | birine istek duyduğunu davranışlarıyla belli etmek,,
fena olmak,"bir iş kötü olmak, iyi ve isabetli olmamak | hasta gibi olmak, fenalaşmak | biri kötüleşmek | çok üzülmek, bozulmak",,
fena vurmak,çok kötü vurmak,,
fena yapmak,"kötü duruma düşürmek | çok hırpalamak, dövmek",,
fenersiz yakalanmak,beklenmedik bir zamanda istenmeyen bir durumla karşılaşmak,,
fener çekmek,elinde fenerle önden gitmek | bir kalabalığa önderlik etmek,,
fenomen olmak,"herhangi bir özelliğiyle dikkat çeken, kitleleri etkileme gücü olan kimse durumuna gelmek",,
fent çevirmek,hile yapmak,,
ferahlık duymak,"içinin açıklığını, rahatlığını hissetmek",,
ferahlık vermek,"iç açmak, rahatlık hissettirmek",,
ferah tutmak,"iç rahatlığını, huzurunu korumak",,
ferih fahur yaşamak,"bağımsız, bağlantısız bir biçimde yaşamak",,
ferman buyurmak,emretmek,,
ferman çıkarmak,padişah tarafından herhangi bir konuda emir verilmek | yetkili bir kimse tarafından buyruk verilmek,,
ferman dinlememek,"yasa, kural, yol yöntem tanımamak",,
ferman yürütmek,"buyruğunu dinletmek, hükmünü sürmek",,
feryadı basmak,"çığlık koparmak, yüksek sesle haykırmaya başlamak",,
feryat etmek,"yüksek sesle haykırmak | büyük bir yokluk, zarar ve sıkıntı içinde bulunmak",,
feryat koparmak,"yüksek sesle bağırmak, haykırmak",,
ferz çıkarmak,acemi bir oyuncuya karşı vezirsiz oynamak,,
ferz çıkmak,"satrançta piyon, karşıdaki en son kareye kadar sürülüp vezir olmak",,
fesat karıştırmak,hile yapmak,,
fesini havaya atmak,sevinmek,,
fetvayişerife çıkarmak,şeyhülislam fetvası ilan etmek | kendi kendine yorum getirmek,,
fetva çıkarmak,belli bir konuda dinî hukuk kurallarına göre izin almak,,
fetva vermek,herhangi bir işlemin veya eylemin din kurallarına uygun olup olmadığı konusunda konuyla ilgili bilim adamlarınca açıklama yapılmak | bir işin yapılabilmesi için yargıda bulunmak | gereksiz yere emir verir gibi konuşmak,,
feveran etmek,"birdenbire öfkelenmek, köpürmek, parlamak",,
fevt etmek,"yitirmek, elden kaçırmak",,
fevt olmak,yitmek | ölmek,,
fıkır fıkır kaynamak,bir şeyden bir yerde çok bulunmak | yerinde duramamak,,
fındık kırmak,çapkınlık yapmak,,
fırça yemek,paylanmak,,
fırsata çevirmek,kötü bir durumdan yararlanarak iyi sonuç almak,,
fırsatını düşürmek,kolayını bulmak,,
fırsatı ganimet bilmek,çıkan fırsattan en iyi biçimde yararlanmak,,
fırsatı kaçırmak,elverişli durumdan yararlanamamak,,
fırsattan istifade etmek,ele geçirilen imkân veya durumdan en iyi biçimde yararlanmak,,
fırsat bilmek,bir şeyden belli bir amaçla hemen yararlanmak,,
fırsat bulmak,"uygun, elverişli zaman bulmak",,
fırsat vermek,"bir işi yapmak için uygun, elverişli şartı sağlamak",,
fırtına atlatmak,güç durumdan kurtulmak,,
fırtına çıkmak,sert rüzgâr esmeye başlamak,,
fırtına koparmak,"kavga, gürültü, kargaşa ortamı yaratmak",,
fır dönmek,bir kimseye yaranmak veya yardım etmek için üstün çaba harcamak,,
fıtık etmek,"sıkıntı vermek, üzmek",,
fıtık olmak,"büyük sıkıntı duymak, kahrolmak, çaresiz kalmak",,
figan etmek,"bağırarak ağlamak, inlemek",,
fiile koymak,eyleme geçirmek,,
fikir almak,birinin düşüncesinden yararlanmak,,
fikir danışmak,bilgi edinmek için bir yetkiliden bilgi almak,,
fikir edinmek,kanaat sahibi olmak,,
fikir vermek,düşüncesini bildirmek | bir konuda yol gösterici bilgi edinmek,,
fikir yormak,bir konuda çok düşünmek,,
fikir yürütmek,bir konu üzerine düşüncesini söylemek,,
fikrini almak,fikir almak,,
fikrini çelmek,"kandırmak, düşüncesini değiştirtmek, ikna etmek",,
fileto çıkarmak,kasaplık hayvanların sırtında ve bel kemiğinin iki yanında bulunan eti çıkarmak | büyük kılçıklı balıkları ortadan bölerek kılçık ve derisini ayıklamak,,
filiz vermek,sürgün çıkmaya başlamak | ortaya çıkmak,,
film çekmek,bir sinema kamerasıyla görüntüleri tespit etmek veya bir hareket ve görünüşün sıralı resmini çekmek [sinema] | vücudun röntgenini almak,,
film çevirmek,"beyaz perdede oynatılacak bir eseri filme almak veya bu eserin çekilişi sırasında rol yapmak [sinema] | eğlenmek, hoş vakit geçirmek",,
film oynamak,"bir film, sinemada gösterilmekte olmak",,
film oynatmak,bir filmi sinemada göstermek,,
fil dişi kuleden bakmak,herkesi küçümseyip kendini farklı görmek,,
fil dişi kuleye çekilmek,herkesi küçümseyip kendisine özgü dünyasına çekilmek,,
finale kalmak,şampiyonu belirleyecek son yarışmaya katılma hakkını kazanmak,,
fincancı katırlarını ürkütmek,zararı dokunabilecek bir kimsenin hoşuna gitmeyen bir davranışta bulunmak,,
firar etmek,kaçmak,,
fire vermek,"eksilmek, azalmak",,
fiskos etmek,"başkalarının bulunduğu yerde birkaç kişi gizlice, alçak sesle konuşmak",,
fişek atmak,ortalığı karıştıracak bir söz söylemek | cinsel birleşmede bulunmak,,
fişek salıvermek,ara bozacak söz söylemek,,
fişini çekmek,"birine zarar vermek | birini öldürmek | yaşama dönme umudu olmayan hastayı, nefes alması, kalbinin atması gibi faaliyetlerini yerine getiren aletlerden ayırmak",,
fişini tutmak,bir kimsenin davranışlarını fiş üzerinde belirlemek,,
fiş açmak,"bir işle ilgili konuda gereken bilgileri fiş üzerine yazmaya başlamak, fişlemek",,
fitili almak,"birdenbire telaşlanmak, kaygılanmak, öfkelenmek",,
fitil olmak,çok kızmak | sarhoş olmak,,
fitil vermek,"kızdırmak, azdırmak, kışkırtmak",,
fitne fesat çıkarmak,ara bozucu söz söylemek | ara bozucu davranışta bulunmak,,
fitne sokmak,"ara bozmak, insanları birbirine katmak",,
fit olmak,uygun vücut ölçülerine sahip olmak | ödeşmek | razı olmak,,
fiyasko vermek,bir girişim başarısızlıkla sonuçlanmak,,
fiyatları dondurmak,"fiyatların yükselmesini önlemek, fiyatların olduğu gibi kalmasını sağlamak",,
fiyat ayarlamak,para değerindeki değişiklik ve başka ekonomik şartlar dolayısıyla fiyatları düzenlemek,,
fiyat biçmek,bir değer için ödenecek para karşılığını belirlemek,,
fiyat kırmak,"fiyatı düşürmek, fiyatı indirmek",,
fiyat vermek,isteyeceği veya ödeyeceği fiyatı bildirmek,,
flört etmek,"karşı cinsten biriyle duygusal ilişki kurmak, çıkmak",,
fonda etmek,demir atmak,,
fondip yapmak,"bir solukta, bir dikişte içmek",,
fora etmek,"açmak, çözmek | açmak, çıplak duruma getirmek | çıkarmak | bıçak, tabanca vb.ni çekip çıkarmak",,
forma girmek,(günlük hayatta veya sporda yapılacak iş için) gerekli olan güç ve yeteneklere sahip olmak,,
forma girmek,günlük hayatta veya sporda yapılacak iş için gerekli olan güç ve yeteneği geri kazanmak,,
formdan düşmek,günlük hayatta veya sporda yapılacak iş için gerekli olan güç ve yeteneği yitirmek,,
formda olmak,günlük hayatta veya sporda yapılacak iş için gerekli olan güç ve yeteneklere sahip olmak | diri ve canlı görünmek,,
formunu korumak,günlük hayatta veya sporda yapılacak iş için gerekli olan güç ve yeteneği bozmadan sürdürmek | diri ve canlı görünmek,,
formül bulmak,"bir işi çözümleyecek çıkar yol bulmak, çözüm bulmak",,
forsu olmak,"bir konuda saygınlığı, gücü, söz geçirirliği bulunmak",,
fosnot yapmak,müzik eserini çalarken veya söylerken nota yanlışlığı yapmak,,
fos çıkmak,"bir işin sonu gelmemek, boş çıkmak",,
fotoğrafını almak,fotoğraf makinesiyle görüntüsünü tespit etmek,,
fotoğraf çekmek,fotoğraf makinesiyle görüntü tespit etmek,,
foyasını belli etmek,"göz boyacılığı, suçu, kötü niteliği veya gizli niyeti ortaya çıkmak",,
foyası meydana (veya ortaya) çıkmak,bir olay dolayısıyla bir kimsenin kötü niteliği ortaya çıkmak,,
fön çekmek,aletle saçı kurutup biçim vererek taramak,,
Fransız kalmak,anlatılan bir konuyu anlayamamak | herhangi bir konudan uzak kalmak,,
frekansı tutmamak,bir konuda anlaşamamak | ortak yönleri olmamak,,
fren yapmak,freni kullanarak taşıtın hızını kesmek veya taşıtı durdurmak,,
frikik vermek,"göğüs, bacak gibi vücudun belirli bölümlerini, bilerek veya bilmeyerek gereğinden fazla açarak göstermek",,
frikik yakalamak,"bilerek veya bilmeyerek gereğinden fazla açılmış olan göğüs, bacak gibi vücudun belirli bölümlerini görmek",,
fücceten gitmek,ansızın ölmek,,
fülsüahmere muhtaç olmak,"çok fakir, düşkün, zavallı olmak",,
fütur etmemek,"umursamamak, önemsememek",,
fütur getirmek,"bezginlik getirmek, bezmek",,
gacır gucur etmek,gacır gucur ses çıkarmak,,
gaddarlık etmek,"gaddarca, insafsızca davranmak, kıyıcılık etmek",,
gaddar olmak,"acımasız, haksız, insafsız davranmak",,
gadirlik etmek,"haksızlık etmek, hakkını yemek",,
gadirlik olmak,"haksız davranışlarla karşı karşıya gelmek, hakkı yenilmek",,
gadre uğramak,"haksız davranışlarla karşı karşıya gelmek, hakkı yenilmek",,
gafillik etmek,"çevresindeki gerçekleri görmemek, sezmemek",,
gafil avlamak,"umulmadık, beklenmedik bir zamanda yakalamak, zor duruma düşürmek",,
gafil avlanmak,"beklenmedik bir sırada yakalanmak, habersiz ve hazırlıksız bir anda bir olayla karşılaşmak, zor duruma düşürülmek",,
gaflete düşmek,gaflet içinde kalmak,,
gaflet basmak,"dalgın, dikkatsiz bir durumda bulunmak | uykusu gelmek",,
gaflet etmek,gaflette bulunmak,,
gaflet uykusundan uyandırmak,"bilgisizlikten, idraksizlikten kurtarmak",,
gaf yapmak,"bilmeden yersiz bir davranışta bulunmak veya başkasını incitecek söz söylemek, pot kırmak, çam devirmek",,
gagasından yakalamak,bir kimseyi karşı koyamayacak duruma getirmek,,
gaipten haber vermek,"kendisinde manevi güç olduğuna inanılan kimse, gelecekte neler olacağından veya bilinmeyen âlemden haber vermek",,
galebe çalmak,"yenmek | üstün gelmek, baskın çıkmak",,
galeyana gelmek,coşmak | taşkınlık göstermek,,
galeyana getirmek,coşturmak,,
galeyan etmek,kaynamak | coşmak,,
galip gelmek,"yenmek(I), üstün gelmek",,
galop yapmak,at yarışında veya hazırlık çalışmasında iyi bir derece elde etmek,,
gam çekmek,kaygılanmak,,
gam yapmak,gam biçiminde deneme ve alıştırmayı çalgı veya sesle uygulamak,,
gam yememek,kaygılanmamak,,
ganyan oynamak,bir at yarışında resmî programda yer alan atın numarasını taşıyan bileti alarak onun birinci gelmesi tahmini üzerine para yatırmak,,
garanti altına almak,güvence altına almak,,
garanti etmek,bir şeyle ilgili olarak güvence vermek | bir işin gerçekleşmesi için gerekli önlemleri almak,,
garanti vermek,güvence altına almak,,
garazı olmak,"birine karşı kötülük, kin beslemek",,
garaz bağlamak,birine karşı kin beslemek,,
garaz olmak,birine karşı kinlenmek,,
garç gurç etmek,"""garç gurç"" diye ses çıkarmak",,
gardını almak,savunma durumuna geçmek | önceden önlemini almak,,
gargaraya getirmek,"gürültüye, karışıklığa boğarak bir sözün veya bir işin etkisini azaltmak, dağıtmak, dikkatten kaçırmak | argo- kandırmak, aldatmak",,
gargara yapmak,bir sıvı ile ağzı veya boğazı çalkalamak,,
garibine gitmek,"yadırgamak, şaşırmak",,
gariplik basmak,yalnızlık çökmek,,
garip bulmak,"yadırgamak, tuhaf ve anlaşılmaz olarak nitelemek",,
garip gelmek,"garip bulmak, yadırgamak",,
gark etmek,"batırmak, boğmak | birine bir şeyi bol bol vermek",,
gark olmak,"gömülmek, batmak | bir şeye çokça sahip olmak",,
gasba uğramak,sahibinin izni ve haberi olmadan malı zorla alınmak; gasbedilmek,,
gaseyan etmek,kusmak,,
gaybubet etmek,göz önünde bulunmamak,,
gayrete gelmek,bir işi yapmaya veya bitirmeye özenmek; canlanmak,,
gayretine dokunmak,bir işi yapamayacağını ileri sürenlere kızarak veya kendisinin yapması beklenen işi başkasının yapmasından utanç duyarak başarmaya çalışmak,,
gayret etmek,"emekle çalışmak, çabalamak, uğraşmak",,
gayret göstermek,"çaba harcamak, başarmak için çalışmak",,
gayret vermek,"isteklendirmek, özendirmek, yüreklendirmek",,
gazaba gelmek,"öfkelenmek, kızmak",,
gazaba uğramak,güçlü bir kimsenin hışmına uğramak,,
gazabını yenmek,"öfkesini, şiddetini göstermemek veya bastırmak",,
gaza gelmek,dolduruşa gelmek,,
gaza getirmek,"birini olmadık bir şey veya hayalî bilgilerle coşturmak, ileri sürmek",,
gaza yüklenmek,harekete geçirmek veya hızını artırmak için motorlu taşıtın gaz pedalına çokça basmak,,
gazel okumak,gazel söylemek | oyalamak veya kandırmak üzere boş sözler söylemek,,
gazel tutturmak,yüksek sesle şarkı veya türkü söylemek,,
gazi olmak,"savaştan, ölmeden dönmek",,
gaz vermek,motorlu taşıtlarda gaz pedalına basmak | dolduruşa getirmek | coşturmak,,
geberip gitmek,istenmedik bir biçimde ve beklenmedik bir zamanda ölmek,,
gebe kalmak,insan veya hayvanın karnında yavru oluşmak | minnet altında kalmak,,
gebe olmak,bir şeyin gerçekleşme ihtimali bulunmak,,
geceye kalmak,gecenin geç saatlerine kadar kalmak,,
geceyi (veya gecesini) gündüze (veya gündüzüne) katmak,"aralıksız, gece gündüz çalışmak, büyük çaba göstermek",,
gece gündüz dememek,"vaktin uygun olup olmadığına bakmamak, vakit seçmemek | bir işi sürekli olarak, ara vermeksizin yapmak",,
geçe kalmak,geç saatte ayakta olmak | bir şeyi günün geç saatinde yapmak zorunda kalmak,,
geçgeç yapmak,geçgeçlemek,,
geçimini doğrultmak,geçinmek için yeteri kadar para kazanmak,,
geçinip gitmek,çok iyi değilse de şöyle böyle geçinmek,,
geçinmeye gönlü olmamak,herhangi bir konuda isteksizliğini belli etmek,,
geçit vermek,"çay, ırmak, dağ vb.nin geçilecek bir yeri olmak",,
geçmişini kurcalamak,geçmişini araştırarak kötü amaçlı kullanmak için birisiyle ilgili bilgi edinmek,,
geçmişi olmak,"aralarında eskiye dayanan dostluk, arkadaşlık olmak | aralarında kırgınlığa yol açacak bir durum geçmiş bulunmak",,
geçmişlerini karıştırmak,birinin ölmüşlerini yermek veya onlara sövmek | geçmişini araştırmak,,
geçmişte yaşamak,kendisini bulunulan zamanda değil de geçmiş günlerde yaşıyormuş gibi hissetmek,,
geçtiği yoldan geçmek,"daha önce aynı olayları yaşamış olmak, deneyimli olmak",,
geç kalmak,"vaktinden sonra davranmak, gecikmek",,
gedikleri tıkamak,çıkan veya çıkacak olan zorlukları önlemek,,
gedik açılmak,giderilmesi çok güç bir eksiklik veya açık ortaya çıkmak,,
gedik açmak,düşman mevzilerindeki zayıf bir noktadan giriş yeri açmak [askerlik],,
gedik kapamak,küçük bir gereksinimini karşılamak,,
gedik kapmak,bir gelir kaynağı ele geçirmek,,
gelberi etmek,"aşırmak, çalmak, kendine mal etmek",,
gelecek vadetmek,iyi şeyler olacağını önceden sezdirmek,,
gele atmak,tavla oyununda elinde kırık taşı bulunan oyuncu işine yaramayacak zar atmak,,
gelinbaşı yapmak,gelinliği tamamlayan parçalardan biri olan duvakla birlikte saça şekil vermek,,
gelinliği tutmak,gelinlik etmek,,
gelinlik etmek,"gelin, kendisinden beklenilen hizmeti yapmak | aile büyüklerinin yanında susmak",,
gelin almak,erkeğe bir eş bulmak | gelini babasının evinden özel bir törenle alıp damadın evine götürmek,,
gelin etmek,kızı evlendirmek,,
gelin gibi süzülmek,"geline yakışır biçimde edalı, nazlı yürümek",,
gelin gitmek,"bir aileye, bir yere gelin olarak gitmek",,
gelin olmak,"kız, evlenmek",,
gelin yazmak,gelinin yüzünü değişik süs gereçleriyle bezemek,,
gelip geçici olmak,"kısa süreli, önemsiz olmak",,
gelip geçmek,"bir yerden geçmek | bir makam, bir yer vb.nde kısa bir süre bulunmak | kısa bir süre etkin olmak",,
gelip gitmek,"bir yere sık sık gitmek | ailece görüşmek, birbirine misafirliğe gidip dostluk etmek",,
gemileri yakmak,geri dönüşü olmayan kararlar vermek | verdiği karardan geri dönmesini sağlayacak sebepleri yine kendisi yok etmek,,
gemini kısmak,atı durdurmak veya yavaşlatmak için gemini çekmek | bir kimsenin üzerindeki baskıyı arttırmak,,
gemisini yürütmek,bir işi hiçbir engel tanımadan sürdürmek,,
gemisi şapa oturmak,"iş, düzelemeyecek kadar bozulmak",,
gemiyi rotasına koymak,gemiyi pusula ile gideceği yönde belli olan rota çizgisi üzerine getirmek [denizcilik],,
gemiyi tutmak,"gemiyi belirli bir yerde bir süre bekletmek, çalışmadan durmak [denizcilik]",,
gemiyi yatırmak,altını temizlemek amacıyla küçük gemileri yan döndürmek [denizcilik],,
gemi azıya almak,"at, gemi azıları arasına alıp etkisiz bırakarak süvarisinin yönetiminden çıkmak ve alabildiğine koşmak | söz dinlemez olmak",,
gemi baş vurmak,gemi başı önden gelen dalgalarla kalkıp kalkıp inmek [denizcilik],,
gemi dövünmek,"gemi şiddetli dalgaların etkisiyle bağlı veya demirli olduğu yerde inip kalkmak, sallanmak [denizcilik]",,
gemi gezmek,gemi dış etkiler yüzünden rota çizgisinden ayrılıp sancak veya iskele yönüne ilerlemek [denizcilik],,
gemi karaya oturmak,"gemi, sığ bir yere saplanıp kalmak [denizcilik]",,
gem almak,"at, alışıp hizmete elverişli duruma gelmek",,
gem almamak,"at gem taktırmamak, huysuzlanmak | söz dinlememek",,
gem vurmak,"hayvanın ağzına gem takmak | her türlü taşkınlığı, isteği, hevesi vb.ni engellemek",,
gençliğine doyamamak,genç yaşta ölmek,,
gençliğine vermek,yaptığı bir hatayı genç olması sebebiyle bağışlamak,,
geniş bir nefes almak,"sıkıntılı bir durumdan kurtulmak, ferahlığa kavuşmak",,
geniş karşılamak,hoşgörü ile değerlendirmek,,
geniş tutmak,"ölçüyü veya hesabı bol tutmak, kısıntı yapmamak",,
gerçek olmak,gerçekleşmek,,
gerçek yüzünü göstermek,sakladığı düşüncelerini sonradan ortaya koymak,,
gerdan kırmak,"naz ile boynu başla birlikte iki yana oynatarak kırıtmak | boynu, başı geriye oynatarak büyüklük taslar bir durum almak",,
gerdeğe girmek,gelinle damat düğün gecesi bir araya gelmek,,
gereğini yerine getirmek,ne gerekiyorsa onu yapmak,,
gereği düşünülmek,bir sorunu sonuçlandırmak için tutulacak yolu kararlaştırmak,,
gerekçe göstermek,"bir şeyi gerekli duruma getiren, yapılmasına sebep olan gerektirici sebep ve doküman ileri sürmek",,
gerekli görmek,yapılması icap etmek,,
gerekli kılmak,icap ettirmek,,
gereksinme duymak,ihtiyacı olduğunu anlamak,,
gereksiz görmek,gereği olmadığını düşünmek,,
gerek görmek,yapılmasını istemek,,
gerek olmak,gerekmek,,
gergef işlemek,gergefle nakış işlemek,,
gerginlik yaratmak,gergin duruma getirmek,,
geride bırakmak,"yarışta birini geçmek, daha üstün olmak | herhangi bir yer veya şeyin yanından geçip onun arkada kalmasını sağlamak | üzerinden çok zaman geçirmiş olmak | ölüm veya ayrılık sebebiyle alakasını kesmek, uzaklaşmak, arkada bırakmak",,
geride (veya gerilerde) kalmak,üzerinden çok zaman geçmiş olmak | arka planda kalmak,,
geriye almak,saat ayarını değiştirip ileri durumdan geri duruma getirmek | kişi kötü bir zaman geçirdiğinde veya kötü bir olayla karşılaştığında bunun hiç yaşanmamasını sağlamak için geçmiş zamana dönmeyi istemek,,
geriye bırakmak,tehir etmek,,
geriye dönmek,yüzünü arkaya çevirip ters yöne gitmek,,
geriye yürümek,öncesini kapsamak [hukuk],,
gerize taş atmak,edepsiz bir kimseye edepsizliğini göstermeye fırsat vermek,,
geri almak,"verdiğini almak | geriye doğru götürmek | düşmandan kurtarmak | arabayı geri geri götürmek için vites kolunu geri durumuna getirmek | söylediğinin yerinde veya doğru olmadığını, söylenmemiş sayılmasını bildirmek",,
geri basmak,geri geri gitmek,,
geri çekilmek,"bulunduğu yerden geriye, arkaya doğru gitmek | ileri gitmemek, kaçmak | karıştığı bir işi sürdürmekten veya sürdürenler arasında bulunmaktan vazgeçmek | geri çekilme eylemini yapmak [askerlik]",,
geri çevirmek,"geri vermek, geldiği yere göndermek, iade etmek | kabul etmemek, reddetmek",,
geri dönmek,"geldiği yere gitmek | bir söz veya bahsi tekrar ele almak | verdiği karar, söz, yemin vb.nden vazgeçmek, caymak, rücu etmek | hükmünü yeniden yürütmek, geri gelmek",,
geri durmak,bir iş yapmaktan kaçınmak,,
geri gelmek,"ayrıldığı yere tekrar dönmek | bir şey iade edilmek | hükmünü yeniden yürütmek, tekrar yaşanmak",,
geri geri çekilmek,arka arka gitmek,,
geri getirmek,"aldığı bir şeyi geri vermek, iade etmek",,
geri gitmek,geldiği yere dönmek | kötüleşmek,,
geri göndermek,"geldiği yere göndermek, iade etmek",,
geri kalmak,"arkada kalmak | gecikmek | çağdaşlarının ve yaşıtlarının düzeyine gelememek veya düzeyinde olmamak | saat zamanı eksik göstermek | çağdaşlarının ve yaşıtlarının düzeyine gelememek veya düzeyinde olmamak | sonraya bırakılmak, tehir edilmek | mahrum olmak",,
geri kalmamak,"yapmaktan kaçınmamak | birinden daha az başarılı olmamak | katılmazlık etmemek, iştirak etmek | devamsızlık etmemek",,
geri komamak,yapmak,,
geri püskürtmek,düşman kuvvetlerinin hücumunu önleyip ilerlemesini durdurmak [askerlik],,
geri saymak,geriye doğru saymak,,
geri tepmek,"atılan mermi sebebiyle namlu içinde oluşan gazların etkisiyle silah geriye doğru ani hareket etmek | gaz, yay gibi şeylerin sıkıştırılması sırasında meydana gelen bir aksaklık sebebiyle sıkıştırıcı parça gerisin geriye fırlamak | soba, kazan vb.nde bacada meydana gelen bir tıkanıklık sebebiyle yanma gazları cihazın bulunduğu hacme şiddetle dolmak | başkası için kötü niyetle tasarlanan bir şey dönüp kişinin kendi başına gelmek",,
geri vermek,"bir şeyi aldığı yere veya kimseye vermek, iade etmek",,
gerzeklik etmek,gerzek gibi davranmak,,
gevezelik etmek,"saçma sapan konuşmak, zevzeklik etmek | yârenlik etmek",,
geviş getirmek,yutmuş olduğu yiyeceği midesinden ağzına çıkarıp yeniden çiğnemek,,
gevrek gevrek gülmek,kendine güvenip karşısındakini küçümsemek | neşeli ve kendine güvenli biçimde gülmek,,
gevşek davranmak,"bir kimseye karşı gerektiği kadar sert olmamak, müsamaha göstermek | bir işe dört elle sarılmamak, gerektiği gibi sahip çıkmamak",,
geyik etine girmek,"genç kız, erginlik çağına girmek",,
geyik yapmak,"boş, yararsız konuşmak",,
geze almak,hedefe doğrultmak,,
gezip tozmak,eğlenmek amacıyla çokça gezmek | karşı cinsten birisiyle birlikte dolaşıp gönül eğlendirmek,,
geziye çıkmak,uzak yerleri dolaşmak,,
gıcık etmek,"sinirlendirmek, öfkelendirmek, kızdırmak",,
gıcık tutmak,bir süre boğaz gıcıklamasına yakalanmak,,
gıcık vermek,boğazı yakıp kaşındırarak öksürmeye yol açmak | bir kimseyi sürekli sinirlendirmek,,
gıcır gıcır etmek,"""gıcırtı"" sesi çıkarmak | tertemiz duruma getirmek",,
gıcır gıcır olmak,"tertemiz, pırıl pırıl duruma gelmek | yepyeni olmak",,
gıllıgışlı olmak,"gizli amaçlı, inandırıcılıktan uzak bulunmak",,
gına gelmek,"usanmak, bıkmak",,
gına getirmek,"bıkmak, usanmak",,
gıpta etmek,imrenmek,,
gırla gitmek,"uzun sürmek, sürüp gitmek | bol bol ortaya dökülüp harcanmak",,
gırtlağına basmak,birine bir şey yaptırmak için dayatmak veya inat etmek,,
gırtlağına sarılmak,"peşini bırakmamak, musallat olmak",,
gırtlağından kesmek,"herhangi bir amaç için yiyeceğinden kısıntı yapmak, boğazından kesmek, tasarruf etmek",,
gırtlağı yırtılmak,bir şeyi duyurmak veya anlatabilmek için olanca gücüyle boğazı acıncaya kadar bağırmak veya konuşmak,,
gırtlak gırtlağa gelmek,kıyasıya dövüşmek,,
gır atmak,"konuşmak, laf atmak",,
gır geçmek,"bol bol konuşmak, çene çalmak | dikkat etmemek, aklı başka yerde olmak",,
gır gır geçmek,alay etmek,,
gır kaynatmak,birkaç kişi işlerini bırakıp yârenlik etmek,,
gıybet etmek,dedikodu etmek,,
gıy gıy etmek,"keman vb. ""gıy gıy"" biçiminde, akortsuz, hoşa gitmeyen sesler çıkarmak",,
gibisine gelmek,"imiş gibi gelmek, sanmak",,
gibisine getirmek,"sanısı uyandırmak, sanısı vermek",,
gibi gelmek,"... sanısı vermek, ... sanısı yaratmak",,
gibi olmak,"bir duruma, bir duyguya yaklaşmak",,
girdabına kapılmak,"bir şeyin etkisinde kalmak, o şeyin çekiciliğinden kurtulamamak",,
girecek delik aramak,saklanmak istemek,,
giriftar olmak,"tutulmak, yakalanmak",,
girip çıkmak,bir yere kısa süre kalmak üzere uğramak | bir yere sık sık gelmek,,
girişimde bulunmak,"davranmak, teşebbüs etmek",,
giydirip kuşatmak,"temiz, yeni giysilerle donatmak",,
giyinip kuşanmak,özenli bir biçimde giyinmek,,
gizli çekim yapmak,"bir kişiyi, yeri veya nesneyi izin almaksızın filme almak",,
gizli din taşımak,göründüğünden farklı bir din veya inanç sahibi olmak,,
gizli tutmak,"bir şeyi başkalarına duyurmamak, saklamak",,
gol atmak,topun karşı takımın kalesine girmesini sağlamak,,
gol kaçırmak,uygun durumda olmasına rağmen topu karşı takımın kalesine sokamamak,,
gol kurtarmak,kendi kalesine doğru giden topu uzaklaştırmak,,
gol olmak,top kaleye girmek,,
gol yemek,topun kendi kalesine girmesine engel olamamak,,
goygoya çıkmak,"muharrem ayında kapı kapı dolaşıp mâni, kaside vb.ni okuyarak yiyecek maddesi dilenmek",,
goygoyculuk etmek,bilgisizce ve gereksiz yere konuşmak | başkalarına şakşakçılık yapmak | muharrem ayında kapı kapı dolaşıp ilahi vb. okuyarak yiyecek maddesi dilenmek,,
goygoyculuk yapmak,şakşakçılık yapmak,,
goygoy yapmak,bilgisizce ve gereksiz yere konuşmak,,
göbeğini eritmek,zayıflamak,,
göbeğini kesmek,"çocuğun göbeğiyle etene arasındaki damar örgüsünü kesmek | birini çok eskiden beri tanımak, bilmek",,
göbeği çatlamak,"bir güçlüğü yenmek için çok uğraşmak, sıkıntı çekmek",,
göbeği çıkmak,şişmanlamak,,
göbeği düşmek,göbek deliğinin kapanmamasından fıtık oluşmak,,
göbek atmak,karnını hareket ettirerek oynamak | çok sevinmek,,
göçüp gitmek,ölmek,,
göğsünü kabartmak,"bir olay dolayısıyla kıvanç duygusunu ortaya koymak, övünmek",,
göğsünü yırtmak,"coşkunluğunu ortaya koymak, coşmak, cıvıldamak",,
göğsü kabarmak,"övünç duymak, kıvanmak, iftihar etmek",,
göğüs geçirmek,üzülerek derinden soluk almak,,
göğüs vermek,"eziyete, sıkıntıya katlanmak, tahammül etmek",,
göğüs (veya göğsünü) germek,"bir güçlüğe karşı koymak, dayanmak",,
göklere çıkarmak,aşırı derecede övmek,,
göklere çıkmak,pek çok yükselmek,,
göklere uçmak,çok sevinmek,,
gökte ararken yerde bulmak,çok güçlükle ele geçirebileceğini sandığı şeyi veya kimseyi birdenbire bulmak,,
gök delinmek,birdenbire çok ve hızlı yağmur yağmak,,
gölgede bırakmak,"ondan daha üstün bir düzeye yükselmek, ondan çok daha başarılı olmak",,
gölgede (veya gölgesinde) kalmak,"adı sanı pek duyulmamak, ön plana çıkamamak, daha az ünlü olmak",,
gölgesine sığınmak,birinin emri altına girmek,,
gölgesine yatmak,"daha önce elde edilen para, makam, ün vb.ne sığınarak zaman geçirmek veya bundan yararlanmak",,
gölge düşmek,"bir şey üzerine karartı inmek, üzerine gölge gelmek",,
gölge düşürmek,bir şeyin değerini veya ününü azaltacak işler yapmak,,
gölge etmek,ışığa engel olmak | engel olmak | gereksiz yere rahatsız etmek,,
gölge yapmak,"ışığa engel olmak | saç renginin iki üç ton açığını kullanarak saça istenilen kalınlık ve sıklıkta, parça parça renk uygulaması yapmak",,
gölge yaptırmak,"saç renginin iki üç ton açığını kullanarak saça istenilen kalınlık ve sıklıkta, parça parça renk uygulaması yaptırmak",,
göl olmak,"gereksiz olarak bir yerde su toplanmak, göllenmek",,
gömleğinden (veya gömlekten) geçirmek,"evlat olarak kabul etmek, evlat edinmek",,
gömlek değiştirmek,yılan üst derisini değiştirmek | huy veya düşünce değiştirmek,,
gömlek eskitmek,deneyim kazanmış olmak,,
gönderme yapmak,konuşurken veya yazarken başka kaynak veya olaylarla bağlantı kurmak,,
gönlünden kopmak,kendiliğinden vermek,,
gönlünde kalmak,"çok istediği hâlde ulaşamamak, elde edememek",,
gönlünde (veya gönüllerde) taht kurmak,"birisi (veya herkes) tarafından çok sevilir, sayılır olmak",,
gönlüne doğmak,"içine doğmak, sezmek, hissetmek",,
gönlüne dokunmak,"üzülmek, rahatsızlık duymak",,
gönlüne girmek,kalbine girmek,,
gönlünü açmak,içini dökmek,,
gönlünü aydınlatmak,"içine ferahlık vermek, mutlu etmek",,
gönlünü çalmak,kalbini çalmak,,
gönlünü çelmek,"kandırmak, yola getirmek, aşkını kazanmak | kendi yanına çekmek, sempatisini kazanmak",,
gönlünü düşürmek,"âşık olmak, sevdalanmak",,
gönlünü eğlemek,"mutlu, neşeli vakit geçirmek",,
gönlünü hoş etmek,birinin dileğini yerine getirerek onu sevindirmek,,
gönlünü kaptırmak,âşık olmak,,
gönlünü karartmak,yaşamaya karşı sevgi ve isteğini azaltmak,,
gönlünü pazara çıkarmak,sevmek için kendine yakışanı seçmeyip rastgele birini sevmek,,
gönlünü serin tutmak,"sakin, soğukkanlı olmak, hemen heyecanlanmamak",,
gönlünü söndürmek,"küstürmek, kırmak, incitmek",,
gönlünü yaralamak,"incitmek, kırmak, üzmek",,
gönlü akmak,birine karşı güçlü sevgi duymak,,
gönlü bulanmak,kusacak gibi olmak | kuşkulanmak,,
gönlü çekmek,imrenip istemek,,
gönlü çelinmek,"güzel sözlere aldanmak, kapılmak",,
gönlü çökmek,"yaşama gücü azalmak, ruhsal dengesi bozulmak",,
gönlü düşmek,âşık olmak,,
gönlü ile oynamak,sever görünüp eğlenmek,,
gönlü istemek,"dilemek, kuvvetle içten arzulamak",,
gönlü kalmak,isteyip de edinemediği bir şeyi istemekten vazgeçmemek | gücenmek,,
gönlü kanmak,"bir işle ilgili kaygısı kalmamak, mutmain olmak, müsterih olmak",,
gönlü kararmak,"iç sıkıntısı duymak, kötü şeyler hissetmek",,
gönlü kaymak,sevmeye eğimli olmak,,
gönlü kırıla kırıla toz hâline gelmek,çok fazla incinmek,,
gönlü kırılmak,"üzülmek, incinmek, yerinmek",,
gönlü olmak,sevip istemek,,
gönlü olmak,razı olmak,,
gönlü rahat olmak,"sıkıntısı, tasası olmamak",,
gönlü razı olmamak,istememek,,
gönlü takılmak,bir şeye karşı ilgi duymak | aşk ile sevmeye başlamak,,
gönlü tutuşmak,"âşık olmak, vurulmak",,
gönlü varmamak,"istek duymamak, istememek, çekinmek",,
gönülden çıkarmamak,sevilen kimseyi unutmamak,,
gönülden ırak olmak,"sevilmekten yoksun kalmak, sevilmemek",,
gönülde şafak açmak,"sevinmek, mutlu olmak",,
gönül açmak,"insanın iç sıkıntısını gidermek, iç açmak",,
gönül akıtmak,"âşık olmak, sevmek",,
gönül avlamak,"huyunu suyunu yakından bilerek olumlu davranışta bulunmak, tavlamak",,
gönül bağlamak,"severek bağlanmak, içten sevmek, âşık olmak",,
gönül birliği etmek,duygusal anlamda tam bir uyum içinde olmak,,
gönül bulandırmak,mide bulandırmak | kuşkulandırmak | rahatsız etmek,,
gönül çekmek,sevdalı olmak,,
gönül gezdirmek,seçmek için aklından birçok şey geçirmek,,
gönül indirmek,kendisine yakıştıramadığı bir şeye razı olmak,,
gönül koymak,"gücenmek, alınmak, darılmak",,
gönül okşamak,"birini hoş bir söz veya davranışla sevindirmek, iltifat etmek, taltif etmek",,
gönül vermek,"sevmek, âşık olmak | bir şeyi sevmeye, istemeye veya yapmaya içten yönelmek, eğinmek, meyletmek | düşkün olmak",,
gönül yıkmak,"birini çok üzecek bir davranışta bulunmak, gücendirmek, gönül kırmak",,
gönül (veya gönlünü) almak,"sevindirmek, taltif etmek | kırılan bir kimseyi güzel bir davranışla hoşnut etmek",,
gönül (veya gönlünü) avutmak,hoşça vakit geçirmek,,
gönül (veya gönlünü) eğlendirmek,geçici bir ilgi ve sevgi göstererek hoşça vakit geçirmek,,
gönül (veya gönlünü) yakmak,"insanı aşırı derecede etkilemek, sarsmak, kendinden geçmesine yol açmak | aşk dolayısıyla iç yangınına tutulmak",,
göresi (veya göreceği) gelmek,"görmek isteğini duymak, özlemle görmek istemek, özlemek",,
görevden (veya görevinden) almak,"bir görevliyi işinden ayırıp açıkta bırakmak, çıkarmak, azletmek | bulunduğu makama ait sorumlulukları elinden almak",,
görevden (veya görevinden) ayrılmak,yapmakta olduğu işi bırakmak,,
görevden (veya görevinden) uzaklaştırmak,"yapmakta olduğu görevi üzerinden almak, el çektirmek",,
görev almak,"bir görevde bulunmak, bir görevi üstlenmek",,
görmediğe (veya görmemişe) dönmek,tam bir sağlığa kavuşmak | başından geçmemiş gibi olmak,,
görmezden gelmek,"görmemiş gibi yapmak, farkında değilmişçesine davranmak",,
görmezlikten gelmek,görmemiş gibi davranmak,,
görücülüğe gitmek,evlenmek isteyen erkek için kız görmeye gitmek,,
görücüye çıkmak,evlenmesi söz konusu olan kız görücüye görünmek,,
görücü gitmek,evlenecek erkek için kız görmeye gitmek,,
görünmez olmak,gözden kaybolmak,,
görünüşü kurtarmak,"bir işi gereği gibi değil, yapılıyor dedirtmek için üstünkörü yapmak, zevahiri kurtarmak",,
görünüş almak,şekil almak,,
görüp gözetmek,"korumak, yardım etmek, mukayyet olmak",,
görüşme yapmak,"tartışmak, müzakere etmek",,
görüş bildirmek,bir konuda elde edilen düşünce ve deneyimleri vermek,,
görüş birliğine varmak,farklı görüş ve düşüncelerden sonra aynı görüş ve düşünceye ulaşmak,,
görüş birliği içinde olmak,aynı görüş ve düşünceye sahip bulunmak,,
görüş birliği sağlamak,aynı görüş ve düşüncede birleşmek,,
gösterime girmek,sinema salonlarında bir film oynamaya başlamak,,
gösterişe kaçmak,gösteriş yapmaya başlamak,,
gösteriş yapmak,"başkalarını aldatmak, şaşırtmak, korkutmak veya kendini beğendirmek için yapay davranmak",,
gösteri yapmak,topluluk önünde bir beceri veya oyunu sergilemek | düşüncelerini halka veya yetkililere duyurmak için bir araya gelerek eylemde bulunmak,,
gözaltına almak,"güvenlik kuvvetleri birini belli bir süre, belli bir yerde tutmak, nezarete almak",,
gözaltında tutmak,"güvenlik kuvvetleri birini belli bir süre, belli bir yerde tutmak | gözetlemek",,
gözaydına gelmek,"birine kavuştuğu sevindirici bir durum dolayısıyla kutlamaya, iyi dilekte bulunmaya gelmek",,
gözaydına gitmek,"birine kavuştuğu sevindirici bir durum dolayısıyla kutlamaya, iyi dilekte bulunmaya gitmek",,
gözaydın etmek,"güzel bir olay için kutlamak, iyi dileklerde bulunmak",,
gözcülük etmek,"kollamak, sağı solu kolaçan etmek",,
gözdağı vermek,"sonradan verilecek bir ceza ile korkutmak, yıldırmak, tehdit etmek, caydırmaya çalışmak",,
gözden çıkarmak,"bir mal, para, değer yargısı vb. maddi veya manevi varlığın elden çıkarılmasını kabul etmek",,
gözden geçirmek,"okumak | niteliğini anlamak için bir şeyin her yanına bakmak, incelemek, muayene etmek | araç, motor vb.nin çalışıp çalışmadığını incelemek, denemek, denetlemek",,
gözden gönülden çıkarmak,"önem vermemek, ilgisini kesmek",,
gözden ırak tutmak,görmek istememek,,
gözden ırak tutulmak,"önem verilmemek, değersiz bulmak",,
gözden kaybetmek,"görünmemek, ortadan çekilip gitmek",,
gözden kaybolmak,"ortadan çekilmek veya görünmez olmak, kaybolmak",,
gözden nihan olmak,gözden kaybolmak,,
gözden uzaklaşmak,"ayrılıp başka yere gitmek, görünmez olmak",,
gözden uzak tutmak,"önem vermemek, arka plana itmek",,
gözden (veya gözünden) düşmek,"bir kişi veya şey değerini yitirmek, rağbet görmemek",,
gözden (veya gözünden) kaçırmak,dalgınlıkla görmemek,,
gözden (veya gözünden) kaçmak,"görülmemek, farkına varılmamak",,
gözetime almak,gözetmek,,
gözetim altında tutmak,göz önünden ayırmamak,,
göze almak,gelebilecek her türlü zararı ve tehlikeyi önceden kabul etmek,,
göze batmak,"aşırı derecede görünür olmak | tedirgin etmek, uygunsuz veya yakışıksız görünmek, sırıtmak | çekememezliğe yol açmak",,
göze çarpmak,dikkati üzerine çekmek,,
göze diken olmak,göze batmak,,
göze gelmek,birisine nazar değmiş olmak,,
göze girmek,davranış ve yetenekleriyle ilgi ve önem kazanmak,,
göze görünmek,"belli, açık olmak",,
göze görünmemek,"ortaya çıkmamak, ortalıkta dolaşmamak, saklanmak | kendisi var olduğu hâlde göz onu görememek | değersiz olmak",,
gözlem altına almak,"bir nesneyi, olayı veya bir gerçeği, niteliklerinin bilinmesi amacıyla, dikkatli ve planlı olarak ele alıp incelemek | hastanın hastalığını izlemek, denetim altında bulundurmak",,
gözlerinden okumak,düşüncelerini bakışlarından sezmek,,
gözlerinden perde kalkmak,gerçekleri görmek,,
gözlerinde şimşek çakmak,aşırı parlamak,,
gözlerine bir ağırlık çökmek,"uyku bastırmak, uykusuzluktan gözleri kapanmak üzere olmak",,
gözlerine içirmek,"ağladığını saklamak, gözyaşlarını belli etmemek",,
gözlerine inanamamak,"hiç umulmayan, hiç beklenmeyen bir şeyin görülmesi karşısında şaşırmak",,
gözlerine mil çekmek,birinin gözlerini kızgın mille kör etmek,,
gözlerinin içine kadar kızarmak,utancından yüzü çok kızarmak,,
gözlerinin içi gülmek,"çok sevindiği yüzünden, gözlerinden belli olmak",,
gözlerini bayıltmak,gözlerini yarı kapamak,,
gözlerini belertmek,"gözlerini, akı çok görünecek biçimde açmak",,
gözlerini bitirmek,gözlerini aşırı yormak,,
gözlerini devirmek,öfke ile bakmak,,
gözlerini duman kaplamak,"uyuşuk, sersem bir hâlde olmak",,
gözlerini fal taşı gibi açmak,"şaşkınlıkla, hayretle bakmak",,
gözlerini hayata açmak,"dünyaya gelmek, doğmak",,
gözlerini kaçırmak,biriyle göz göze gelmemek için gözlerini başka tarafa çevirmek,,
gözleri bayılmak,"uyku, istek vb. bir durum gözlerinden belli olmak",,
gözleri berraklaşmak,bakışları daha canlı ve parlak olmak,,
gözleri çivilenmek,aynı noktaya sürekli olarak bakmak,,
gözleri dönmek,aşırı ateşten veya can çekişirken gözlerin renkli bölümü kapakların altında kalarak görünmemek,,
gözleri düğümlenmek,"bakışları bir noktaya odaklanmak, bir noktada kilitlenmek",,
gözleri fıldır fıldır etmek,şeytanca ve çapkınca bakmak,,
gözleri fıldır fıldır olmak,telaşlı bir biçimde bakmak,,
gözleri kapanmak,ölmek | çok uykusu gelmek,,
gözleri nemlenmek,"gözleri hafifçe yaşarmak, ağlamaklı olmak",,
gözleri sulanmak,gözlerine yaş gelmek,,
gözleri süzülmek,göz kapakları hafifçe kapanmaya başlamak,,
gözleri şıldır şıldır dönmek,gözleri yaş dolu bir biçimde bakmak,,
gözleri şimşeklenmek,"kızgın bir şekilde bakmak, çok öfkelenmek",,
gözleri takılıp kalmak,bir şeyden gözlerini ayıramamak,,
gözleri velfecri okumak,kurnazlığı gözlerinden belli olmak,,
gözleri yaşarmak,gözleri sulanmak | duygulanmak,,
"gözle görülür, elle tutulur hâle gelmek","çok açık bir biçimde görülmek, herkes tarafından bilinmek",,
gözle yemek,bir şeye çok istekle ve dik dik bakmak | göz değdirmek,,
gözlük takmak,"gözlük kullanmak | iyi görmek, dikkat etmek",,
gözünden kıskanmak,"üzerine titremek, kollayıp gözetmek",,
gözünden sakınmak,kendisi bile bakmaya kıyamayacak kadar sevmek,,
gözünden (veya gözlerinden) uyku akmak,çok uykulu olmak,,
gözünden (veya gözlerinden) yaş (veya yaşlar) boşanmak,çok ağlamak,,
gözünde büyümek,bir şey bir kimseye olduğundan güç veya önemli görünmek,,
gözünde büyütmek,"bir kimseyi, olayı veya şeyi olduğundan büyük veya önemli görmek",,
gözünde kan tütmek,"çok sinirlenmek, öfkelenmek",,
gözünde olmamak,herhangi bir üzüntü veya zor durum dolayısıyla o şeye değer verecek durumda bulunmamak,,
gözünde tütmek,çok özlemek,,
gözünde (veya gözlerinde) şimşek (veya şimşekler) çakmak,"sert ve şiddetli darbe yüzünden kişinin gözü önünde yıldızlar oluşmak | çok sevindiğini belli etmek | çok kızmak, öfkelenmek | çok üzücü bir sebeple sarsılmak",,
gözüne batmak,"tedirgin etmek, rahatsız etmek",,
gözüne çarpmak,"görünür olmak, dikkati çekmek",,
gözüne diken olmak,gözüne batmak,,
gözüne girmek,sevgi ve ilgisini kazanmak,,
gözüne hiçbir şey görünmemek,kendi derdi dolayısıyla hiçbir şeye değer vermemek,,
gözüne ilişmek,"birdenbire, istemeden görmek",,
gözüne karasu inmek,karasu hastalığı yüzünden gözü görmez olmak | gelmesini çok istediği kimsenin uzun süre yolunu gözlemek,,
gözüne kestirmek,"başarabileceğini ummak | zevkine uygun bulmak, hoşlanmak | uygun bulmak, elverişli görmek",,
gözüne sokmak,"bir kimsenin görmediği veya bulamadığı bir şeyi, ona sert bir tavırla göstermek",,
gözüne uyku girmemek,"uyuyamamak, uykusuz kalmak",,
gözüne (veya gözlerine) bakmak,gözünün veya gözlerinin içine bakmak,,
gözünün bebeği gibi sevmek,çok sevmek,,
gözünün feri sönmek,hastalıktan veya yorgunluktan canlılığını yittirmiş olmak,,
gözünün önünden ayırmamak,"birini devamlı takip etmek, uzaklaşmasına meydan vermemek | bir şeyi sürekli görebileceği yerde bulundurmak",,
gözünün önünden geçmek,hatırlamak,,
gözünün önünden gitmemek,bir türlü unutamamak,,
gözünün önüne gelmek,hatırlamak,,
gözünün önüne gelmek,"bir şeyi zihinde canlandırmak, tasarlamak, hatırlamak",,
gözünün önünü görmemek,"sisten, pustan dolayı etrafını görememek | bir şeye fazla dalmaktan veya dalgınlıktan etrafta olup bitenleri fark etmemek",,
gözünün üstünde kaşın var dememek,birinin her davranışını hoş görmek,,
gözünün yaşına bakmamak,"acımamak, merhamet etmemek",,
gözünün (veya gözlerinin) içine bakmak,bir kimsenin üstüne titremek | birinin buyruğunu yerine getirmeye hazır bulunmak | bir arzunun gerçekleşmesi için gözleriyle birine yalvarmak,,
gözünü açmak,"görüşünü değiştiren bilgi vermek, uyarmak",,
gözünü açmak,kadın ilk birlikteliği o erkekle kurmuş olmak,,
gözünü açmak,çevreyi tanımaya başlamak,,
gözünü ağartmak,gözlerini belertmek,,
gözünü alamamak,"bir şeye, bir yere bakmaktayken hayranlık duyarak gözünü oradan başka bir yere çevirememek",,
gözünü almak,şiddetli ışık sebebiyle gözü iyi göremez duruma getirmek | aşırı biçimde etkilenmek,,
gözünü ayırmamak,bir şeye sürekli olarak bakmaktan kendini alamamak,,
gözünü bağlamak,"doğruyu bulamaz, düşünemez duruma getirmek",,
gözünü çıkarmak,"beceriksizce davranmak, zarara uğratmak | iyisi dururken en kötüsünü seçmek",,
gözünü doyurmak,bol bol vermek,,
gözünü dört açmak,aldanmamak için çok uyanık bulunmak,,
gözünü gözüne dikmek,başkasının gözüne sürekli olarak bakmak,,
gözünü hırs bürümek,aşırı hırslanmak,,
gözünü karartmak,bir işe atılırken hiçbir şeyden çekinmemek,,
gözünü kin bürümek,intikam alma duygusuyla hareket etmek,,
gözünü korkutmak,yıldırmak,,
gözünü sevda (veya aşk) bürümek,"ondan başka hiçbir şeyi düşünmemek, tamamen ona bağlanmak",,
gözünü üstünden ayırmamak,sürekli denetim altında bulundurmak,,
gözünü yıldırmak,gözünü korkutmak,,
gözünü yummak,gözünü kapamak | ölmek,,
gözünü yummak,görmezlikten gelmek,,
gözünü (veya gözlerini) açmak,"uyanmak | kendine gelmek, ayılmak | uyanık, dikkatli bulunmak",,
gözünü (veya gözlerini) dikmek,"dikkatle bakmak, gözünü ayırmadan bir yere veya bir kimseye bakmak",,
gözünü (veya gözlerini) duman bürümek,"hayale dalmak, dalgınlaşmak | hüzünlenmek",,
gözünü (veya gözlerini) kan bürümek,adam öldürecek kadar öfkelenmek,,
gözünü (veya gözlerini) kapamak,ölmek | görmezden gelmek,,
gözünü (veya gözlerini) oymak,çok kötülük etmek,,
gözünü ... hırsı bürümek,bir şeyi aşırı ölçüde istemek,,
gözüyle görmek,bir olaya tanık olmak,,
gözüyle (veya gözleriyle) tartmak,kim ve ne olduğunu anlamak için dikkatle bakmak,,
gözü açık gitmek,gerçekleşmesini çok istediği bir dileğine erişmeden ölmek,,
gözü açık olmak,"fırsattan yararlanmak, kurnazca davranmak",,
gözü akmak,gözü yaralanıp kör olmak,,
gözü alışmak,"önceden iyi göremediği bir şeyi sonradan görür olmak | bir şey ilk etkisini yitirmek, yadırganmaz olmak",,
gözü almamak,"bir işi becerebileceğine inanmamak, yadırganmaz olmak",,
gözü arkada kalmak,bırakılan bir şey veya kimse ile ilgili tedirginliği sürmek,,
gözü bağlı olmak,"bağlanmak, tutulmak | büyülenmiş bulunmak",,
gözü bulanmak,bulanık görmeye başlamak,,
gözü büyükte olmak,büyük emeller beslemek,,
gözü dalmak,gözü bir noktaya dikili olarak dalgın dalgın bakmak,,
gözü değmek,"uğursuzluk, kötülük getirdiğine inanılan kıskanç veya hayran bakışlar dolayısıyla kötü bir duruma düşürmek",,
gözü doymak,çok istenen bir şeyin yeterli miktarı elde edildikten sonra daha çoğunu istememek,,
gözü dumanlanmak,öfkeden gözü hiçbir şey görmez duruma gelmek,,
gözü dünyayı görmemek,"hiç kimseye, hiçbir şeye önem, değer vermemek",,
gözü gibi sevmek,pek çok sevmek,,
gözü gitmek,"bir şeyi istemeden görmek, elinde olmayarak bakmak",,
gözü gönlü açılmak,"neşelenmek, ferahlamak",,
gözü görmemek,görmez olmak | belli bir konu dışında başka hiçbir şeyle ilgilenmemek | öfke sonucu en kötü şeyleri yapacak duruma gelmek,,
gözü görmez olmak,artık ona değer vermemek,,
gözü hiçbir şey görmemek,heyecana kapılıp başka hiçbir şeyle uğraşamaz duruma gelmek,,
gözü ısırmak,bir kimseyi tanıyacak gibi olmak,,
gözü ilişmek,birdenbire veya istemeden görmek,,
gözü kalmak,elde edemediği bir şeye karşı isteği sürmek | elde edemediği bir şeyi kıskanmak,,
gözü kapalı olmak,"çevresinde olup bitenin farkına varmamak, ilgisiz kalmak",,
gözü kara çıkmak,korkusuz olduğu anlaşılmak,,
gözü kesmek,bir işi yapabilme konusunda kendisine veya başkalarına güvenmek,,
gözü kesmemek,bir işi yaparken kendine veya başkalarına güvenmemek | beğenip seçememek,,
gözü kızmak,gözü hiçbir şey görmeyecek ölçüde öfkelenmek,,
gözü korkmak,daha önce geçirdiği kötü bir denemeden sonra birinden veya bir şeyden zarar gelebileceği kanısına varmak,,
gözü olmak,bir şeyi ele geçirmek isteği beslemek,,
gözü olmamak,"bir şeye sahip olmayı istememek | heves beslememek, fazla önem vermemek",,
gözü pek olmak,"cesur, korkusuz olmak",,
gözü sönmek,kör olmak,,
gözü su içmemek,güvenmemek,,
gözü toprağa bakmak,ölmek üzere olmak,,
gözü tutmak,"güvenmek, beğenmek",,
gözü uyku tutmamak,uyuyamamak,,
gözü yememek,bir işi yapacak güç ve yeteneği kendinde bulamamak,,
gözü yılmak,"daha önceden denediği için o durumla karşılaşmaktan korkmak, o işe girişmekten çekinmek",,
gözü yüksekte (veya yükseklerde) olmak,bulunduğu durumdan çok üstün olan bir duruma ulaşma amacını gütmek,,
gözü (veya gözleri) açılmak,uyanmak | iyiyi kötüyü veya kendisine yarayanı ayırt eder duruma gelmek,,
gözü (veya gözleri) dönmek,"aşırı bir isteğin, öfkenin etkisiyle ne yaptığını bilmez duruma gelmek",,
gözü (veya gözleri) kamaşmak,"güçlü bir ışık sebebiyle göz bakamaz olmak | güzellik, mükemmellik vb. karşısında çok etkilenmek",,
gözü (veya gözleri) kararmak,"başı dönmek, hafif baygınlık geçirmek | umutsuzluğun veya aşırı bir isteğin etkisi altında ne yaptığını bilmez duruma gelmek",,
gözü (veya gözleri) okşamak,göze hoş görünmek,,
gözü (veya gözleri) takılmak,dikkati çeken bir şeyden bakışlarını ayıramamak,,
gözü (veya gözleri) üstünde kalmak,kıskançlık sebebiyle herkesin ilgisini çekmek | herkesin dikkatini çekmek,,
gözü (veya gözleri) (bir şeyde veya bir şeyin üzerinde) olmak,dikkati bir yerde toplanmak,,
gözyaşına boğulmak,çok ağlamak,,
göz açamamak,yoğun işler yüzünden bir şeyle ilgilenme imkânı bulamamak,,
göz açtırmamak,bir başka iş yapmasına vakit veya fırsat vermemek,,
göz ardı etmek,gereken önemi vermemek,,
göz atmak,"kısa bir süre, fazla dikkat etmeden bakıvermek",,
göz boyamak,"kandırmak, yanıltmak, gösterişle aldatmak",,
göz değmek,"uğursuzluk, kötülük getirdiğine inanılan kıskanç veya hayran bakışlar dolayısıyla kötü bir duruma düşmek",,
göz dikmek,bir şeyi ele geçirmek isteğine kapılmak,,
göz doldurmak,görünüşü ile umulduğundan çok etkilemek,,
göz doyurmak,bir şey görünüşü ile umulduğundan çok etkilemek,,
göz etmek,gözle işaret etmek,,
göz gezdirmek,"derinlemesine incelemeden okumak | bir yeri, bir şeyi çabucak incelemek",,
göz göze gelmek,her iki tarafın bakışları karşılaşmak,,
göz gözü görmemek,"yoğun sis, duman, toz vb. sebeplerle hiçbir şey görülememek",,
göz göz olmak,"üzerinde birçok göz, delik oluşmak veya bulunmak | üzüntü, keder vb. sebeplerle yara bere içinde kalmak",,
göz hapsinde olmak,göz hapsine alınmak,,
göz hapsinde tutmak,göz hapsine almak,,
göz hapsine almak,"bakışlarını üzerinden ayırmamak, gözetlemek, hiçbir davranışını gözden kaçırmamak",,
göz kaş süzmek,dikkatle ve hissettirmeden bakışlarla kontrol altında tutmak,,
göz kesilmek,bütün dikkatiyle bakmak,,
göz kırpmak,"göz kapağını kapayıp açmak | başkasına söylediklerinin doğru olmadığını anlatmak için, yanında bulunan kimseye gözünü kapayıp açmak | eğilimini göstermek | ilgilenmek",,
göz kırpmamak,uyumamak,,
göz koymak,bir kimseyi veya bir şeyi ele geçirmeyi istemek,,
göz kulak olmak,"görme, işitme yoluyla bilgi edinmeye çalışmak | gözetmek, korumak, bakmak",,
göz nuru dökmek,fazla emek sarf etmek,,
göz önüne almak,"önceden düşünmek, hesaplamak, dikkate almak",,
göz önüne getirmek,"zihinde canlandırmak, tasarlamak",,
göz süzmek,baygın ve anlamlı bakmak,,
göz ucuyla görmek,fark etmek,,
göz ucuyla süzmek,"iyice tanımak, bilmek veya dikkat çekmek amacıyla hafif kısık gözle incelemek, bakmak",,
göz yıldırmak,gözünü korkutmak,,
göz yummak,"görmezlikten gelmek, hoş görmek, bağışlamak | umudunu kesmek, umutsuzluğa düşmek",,
göz yummamak,"uyumamak | hoş görmemek, bağışlamamak",,
göz (veya gözler) önüne sermek,"açıklamak, sergilemek, göstermek, tanıtmak",,
göz (veya gözünün) kuyruğuyla bakmak,göz ucuyla bakmak,,
göz (veya gözünün) önünde olmak,"sürekli denetimi altında bulunmak | unutmamak, olduğu gibi hatırlamak | gündemde yer almak | kolayca ulaşılabilecek bir yerde bulunmak",,
göz (veya gözünün) önüne serilmek,"görülmek, bütün çıplaklığıyla ortaya çıkmak",,
göz (veya gözünün) ucuyla bakmak,"fark ettirmeden gözlemek, belli etmemeye çalışarak başını çevirmeden yandan bakmak",,
gradosu düşmek,itibarı azalmak,,
grev yapmak,işçiler topluca işi bırakmak,,
guguk gibi kalmak,tek başına kalmak,,
guguk gibi oturmak,tek başına oturmak,,
gurbete çıkmak,doğup yaşanılan yerden uzaklaşmak,,
gurbete (veya gurbet ele) düşmek,aile ocağından uzak bir yere gitmek,,
gurbet çekmek,doğup yaşadığı yerleri özlemek,,
gurka yatmak,tavuk civciv çıkarmak için yumurta üzerine oturmak,,
gurk etmek,"tavuk kuluçkaya yatmak isterken veya yavrularını çağırırken ""gurk gurk"" diye ses çıkarmak",,
gurk olmak,kuluçkaya yatmaya hazırlanmak,,
gurul gurul etmek,“gurul gurul” sesi çıkarmak,,
gurup etmek,"güneş, batmak",,
gurura kapılmak,gururlanmak,,
gururuna ağır gelmek,kişiliğinin zedelendiğini düşünmek,,
gururuna dokunmak,"kişiliği zedelenmek, onuru kırılmak",,
gururunu ayakaltına almak,"her türlü fedakârlığı göze alıp ödün vermek, ilkelerden vazgeçmek",,
gururunu okşamak,yüzüne karşı değerini belirterek bir kimseyi duygulandırmak,,
gurur duymak,gururlanmak,,
gurur gelmek,kurumlanmak,,
gurur meselesi yapmak,onurundan ödün vermemek adına tutumundan vazgeçmemek,,
güce sarmak,"bir iş güç bir duruma gelmek, güçleşmek",,
gücüne gitmek,"gönlü kırılmak, onuruna dokunmak",,
gücüne koşmak,bir sorunun kolay çözümü varken onu güçleştirmek,,
gücü kesilmek,"kuvveti, takati azalmak",,
gücü yetmek,"eldeki imkânlarla ancak altından kalkabilmek, üstesinden gelebilmek | üstesinden gelebilir olmak",,
güçlüğü (veya güçlükleri) yenmek,"bir güçlüğü, zorluğu ortadan kaldırmak",,
güçlük çekmek,maddi açıdan sıkıntı içinde olmak | zorlanmak,,
güçlük çıkarmak,bir şeyin gerçekleşmesini engelleyici sebepler ileri sürmek,,
güçsüz düşmek,gücü yetmemek,,
güç birliği yapmak,"mevcut maddi ve manevi imkânları bir araya toplamak, güçleri birleştirmek",,
güç gelmek,bir şeyin yapılmasında zorluk ve sıkıntı ile karşılaşmak,,
güç mevkide kalmak,içinden çıkılması zor bir durumda bulunmak,,
güdük kalmak,"büyüyememek, küçük, bodur kalmak | bitmemiş, sonuç vermemiş durumda olmak",,
gülerken ısırmak,iyilik yapar görünüp kötülük yapmak,,
gülleri yarılmak,çok keyiflenmek,,
gülme tutmak,kendini tutamayıp gülmek,,
gülüp geçmek,"umursamamak, aldırış etmemek, üzerinde durmamak",,
gül gibi bakmak,"geçimini para sıkıntısı olmadan sağlamak | iyi, temiz bakmak",,
gül üstüne gül koklamamak,bir sevgili üstüne bir ikincisini sevmemek,,
güme gitmek,"anlaşılmamak | boşu boşuna ölmek, hiç uğruna ölmek | değeri anlaşılmadan yitip gitmek",,
güme götürmek,anlaşılmasını engellemek,,
gümleyip gitmek,beklenmedik bir zamanda ansızın ölmek,,
gümrük koymak,"engel olmak, kısıtlamak",,
güm güm atmak,kalp heyecanla çarpmak,,
güm güm etmek,"derinden yankılı ses olmak, ses çıkmak",,
günaha girmek,dinî bakımdan suç sayılan bir iş yapmak,,
günaha sokmak,günah işlemesine yol açmak,,
günahını çekmek,birinin yaptığı veya birine karşı yapılan kötülüğün cezasını görmek,,
günahı kadar sevmemek,"sevmemek, nefret etmek",,
günah çıkarmak,"Hristiyanlar, Tanrı'nın bağışlaması için papaza gidip işlediği günahları anlatmak | kötü davranışlarını, suçlarını açıklamak, anlatmak",,
günah işlemek,günah sayılan davranışta bulunmak,,
günah keçisi olmak,"gerçek sorumluları korumak amacıyla suç, kabahat vb. olumsuzlukların sebebi olarak gösterilen kişi durumuna gelmek",,
günah olmak,yazık olmak,,
güncelliğini korumak,"önemini sürdürmek, yitirmemek",,
güncelliğini yitirmek,süre aşımına uğrayarak önem ve değerini yitirmek,,
gündeliğe gitmek,günlük işler yaparak gelir sağlamak,,
gündeme almak,bir kurul toplantısında görüşülecek konuları bir listeyle belirlemek,,
gündeme getirmek,"bir toplantıda bir konuyu tartışmak, görüşmek için önermek | bir konuya güncellik kazandırmak",,
gündemi değiştirmek,doğal akışı içinde ilerleyen işlerin bir sebepten dolayı yönünü değiştirmek,,
güneşe karşı işemek,saygı gösterilmesi gereken şeylere saygısızlık göstermek,,
güneşi üzerine doğdurmamak,güneş doğmadan önce yataktan kalkmak,,
güneş açmak,güneş bulutlardan sıyrılıp görünmek,,
güneş çarpmak,sıcak havada güneş altında çok kalmaktan hasta olmak,,
güneş çavmak,"güneş yayılmak, güneş doğmak",,
güneş doğmak,sabahleyin güneş ufuktan yükselmek,,
güneş görmek,güneş ışığından yararlanır durumda olmak,,
günleri gece olmak,çok kederlenecek bir durum içinde bulunmak,,
günleri sayılı olmak,ölümü yakın olmak | bir yerde kalmak için ancak birkaç günü bulunmak,,
günlük güneşlik görünmek,"sıkıntısız, sorunsuz, huzur ortamında bulunmak",,
günlük tutmak,"her gün yaşananları, olayları ve anıları bir deftere yazmak",,
gününü doldurmak,bir işin sona ermesi için gereken süreyi tamamlamak,,
gününü görmek,"kötü bir sonla karşılaşmak, cezaya çarptırılmak | çocuklarının iyi, mutlu günlerini görmek | aybaşı görmek",,
gününü göstermek,tehdit yollu cezalandırmak,,
gününü gün etmek,hiçbir şeyi dert edinmeyip gününü hoş geçirmek,,
günü dolmak,"önceden belirlenmiş bir süreyi tamamlamak | ömrünü tamamlamak, eceli gelmek | hamilelikte çocuğun olması gereken süreyi tamamlamak, doldurmak",,
günü yetmek,ölüm zamanı gelmek | gebe için doğum vakti gelmek,,
günü (veya gününü) kurtarmak,günün ağır koşullarını ve engellerini bir biçimde atlatmak,,
gün ağarmak,tan yeri aydınlanmak,,
gün almak,"bir iş görmek için ilgili kişiden bir gün ayırmasını istemek, randevu almak | belirli bir yaşı bitirdikten sonra girdiği yaştan süre almak",,
gün atmak,davayı ileri bir tarihe bırakmak | güneş doğmak,,
gün batmak,güneş batmak,,
gün doğmak,sabah olmak,,
gün doğmak,isteklerini gerçekleştirmek için iyi bir duruma erişmek veya eline olağanüstü bir fırsat geçmek,,
gün eylemek,gün geçirmek,,
gün geçmek,güneş çarpmak,,
gün görmemek,sıkıntı içinde yaşamak,,
gün ışığına çıkmak,"açıklığa kavuşmak, aydınlanmak",,
gün kavuşmak,"güneş batmak, akşam olmak",,
gün koymak,yapılacak bir iş için gün belirlemek,,
gün saymak,herhangi bir iş veya olayın belirlenmiş süresinin sonunu heyecanla beklemek,,
gün yemek,hapis cezası almak,,
gün yüzüne çıkmak,ortaya çıkmak | belirginleşmek,,
gün yüzü görmemek,"güneş ışığından uzakta kalmak, ışık görmemek | hiç kullanılmamak, yeni kalmak",,
gürleyip gitmek,beklenmedik bir zamanda ansızın ölmek,,
gürültüye gelmek,"bir iş, bir düşünce vb. telaş ve karışıklığa rastlayarak ilgi çekmemek, üzerinde durulmamak",,
gürültüye gitmek,telaş ve karışıklığa rastlayarak değeri anlaşılmayıp unutulmak,,
gürültüye pabuç bırakmamak,patırtıya pabuç bırakmamak,,
gürültüye vermek,telaş ve karışıklığa yol açmak,,
gürültü bastırmak,gürültüden daha güçlü ses çıkarıp onu etkisizleştirmek,,
gürültü çıkmak,"kavga, tartışma, karışıklık olmak",,
güvenceye bağlamak,güvence altına almak,,
güvence altına almak,koruma sorumluluğunu üstlenmek,,
güvence vermek,"bir anlaşmada taraflardan biriyle ilgili olarak sorumluluğu yüklenmek, inanca vermek, teminat vermek, garanti vermek | bir sorumluluk karşılığı olarak para vb. ortaya koymak, inanca vermek, teminat vermek, garanti vermek",,
güvendiği dal elinde kalmak,güvendiği dağlara kar yağmak,,
güveni olmak,"güvenmek, inanmak",,
güveni sarsılmak,güveni kalmamak,,
güvenlik çemberine almak,güvenliği sağlamak amacıyla bir yerin etrafını şeritle çevirmek,,
güvenmelik vermek,bir kimseye pazarlığında anlaşılmış bir paranın küçük bir bölümünü önceden vermek,,
güvenoyu almak,hükûmetin tutumu milletvekilleri tarafından onaylanmak,,
güvenoyu vermek,hükûmetin tutumu ile ilgili olarak milletvekilleri tarafından olumlu oy kullanılmak,,
güvensizlik duymak,güvenmemek,,
güven göstermek,güvendiğini belli etmek,,
güven kazanmak,kendisine inandırmak,,
güven tazelemek,güvenme durumunun devam ettiğini belirtmek,,
güven vermek,"güven duygusu uyandırmak, itimat telkin etmek",,
güveyi girmek,"erkek, evlenmek | iç güveyisi girmek",,
güzel olmak,güzelleşmek,,
gâvurluk etmek,"acımasız, insafsız davranışlarda bulunmak, gaddarlık etmek",,
gâvur etmek,"boşuna harcamak, yerinde harcamamış olmak, işe yaramaz duruma getirmek",,
gâvur inadı tutmak,iyiden iyiye inatlaşmaya başlamak,,
gâvur olmak,Müslüman olmamak | dinsiz olmak | boşuna harcanmak,,
gâvur orucu gibi uzamak,"bir iş gereğinden çok sürmek, sürüncemede kalmak",,
habbeyi kubbe yapmak,önemsiz bir şeyi abartmak,,
haberdar etmek,"haber vermek, bildirmek",,
haberdar olmak,haber almak,,
haberden haber vermek,bir kimse veya bir konuda bilgi istemek,,
haberi olmak,"bilgisi olmak, bilmek",,
haberlere çıkmak,"haber bülteninde yer almak, haberlere konu olmak",,
haberli olmak,"öğrenmiş olmak, haber almış bulunmak",,
haber almak,"kendisine bildirilmek, öğrenmek, bilgi edinmek",,
haber atlamak,gazetecilikte bir haberi vaktinde yayımlayamamak,,
haber çıkmamak,biri veya bir şey için beklenen bilgi gelmemek,,
haber etmek,"haber vermek, duyurmak",,
haber geçmek,"teleks, telefon vb. ile bilgi iletmek",,
haber göndermek,herhangi bir araçla bildirmek,,
haber olmak,"haberi yapılmak, habere konu olmak",,
haber uçurmak,gizlice haber göndermek,,
haber vermek,"bildirmek, haber ulaştırmak | bir durumun, bir olayın belirtisi olmak",,
haber yapmak,haber hazırlamak,,
haber (veya haberi) patlatmak,çok önemli bir haberi ilk kez açıklamak,,
hacamat etmek,"hacamat yoluyla kan almak | hafifçe yaralamak | oyunda yenmek, hezimete uğratmak",,
hacca gitmek,"Müslümanlıkta, hac amacıyla Mekke'ye gitmek | Hristiyanlıkta, kutsal sayılan yerlere gitmek",,
haceti olmak,tuvalete gitmesi gerekmek,,
hacet dilemek,istekte bulunmak,,
hacet görmek,"gerekli bulmak, gerekli saymak | tuvalete gitmek | alışveriş yapmak",,
hacet kalmamak,gereği olmamak,,
hacıağalık etmek,"gereksiz yere, gösteriş için bol para harcamak",,
hacı bekler gibi beklemek,büyük bir sabırsızlıkla beklemek,,
hacı olmak,hacca gidip haccın gereklerini yapmak,,
hacir altına almak,"kısıtlamak | hastalık, bunama vb. sebeplerden dolayı davranışlarının nasıl sonuç vereceğini bilemeyen bir kişiyi mahkeme aracılığıyla mal ve mülk yönetimi bakımından kısıtlamak [hukuk] | Medeni Kanun'a göre çeşitli haklarını kullanmaya yetkili olan kişinin bu haklarını mahkeme kararı ile elinden almak, haklarını kullanma bakımından kısıtlamak [hukuk]",,
haciz gelmek,borçlunun malına el koyma kararı alınmak,,
haciz koymak,borçlunun malına el koymak,,
haç çıkarmak,"Hristiyanlar, sağ ellerini alın, karın, iki omuz başı ve göğüs hizasına götürerek haç biçiminde tapınma işaretini yapmak, istavroz çıkarmak",,
haddeden geçirmek,"madenleri tel durumuna getirmek için haddeyi kullanmak | en küçük ayrıntısına kadar incelemek, dikkatle araştırmak",,
haddikifayeyi bulmak,yeterince olmak,,
haddini aşmak,"ölçüyü kaçırmak, aşırı gitmek",,
haddini bildirmek,"sert bir karşılıkla uslandırmak, yola getirmek, cezalandırmak",,
haddini bilmek,"kendi değer ve yeteneğinin farkında olmak | konumuna, durumuna uygun davranmak",,
haddi olmamak,hakkı veya yetkisi olmamak,,
hadım etmek,"erkeklik bezlerini çıkarmak veya köreltmek, burmak, enemek | köreltmek, önemini azaltmak",,
hadise çıkarmak,olay çıkarmak,,
hafızasını yormak,"çok düşünmek, hatırlamaya çalışmak",,
hafızayı yoklamak,hatırlamaya çalışmak,,
hafife almak,"küçümsemek, önemsememek",,
hafiflik etmek,yakışıksız bir davranışta bulunmak veya söz söylemek,,
hafiften almak,"önemsiz bulup üzerine düşmemek, yeterince ilgilenmemek",,
hafif atlatmak,kötü bir durumdan çok az bir zararla kurtulmak,,
hafif gelmek,"ağırlığı fazla olmamak | önemsiz görmek, değer verilmemek",,
hafiye takılmak,polis izlemeye almak,,
hafiye takmak,dedektife izletmek,,
hainlik etmek,"birine haince davranmak, kötülük etmek",,
haiz olmak,"(bir şeyi) elinde bulundurmak, taşımak",,
hakarete uğramak,"hakaret görmek, küçültücü söz veya davranışa maruz kalmak",,
hakarette bulunmak,"hakaret etmek, aşağılamak",,
hakaret etmek,bir şeyi veya bir kimseyi aşağılık ve değersiz gösterecek biçimde davranmak,,
hakaret görmek,"ağır veya küçültücü davranış görmek, aşağılanmak",,
hakaret saymak,bir sözü veya davranışı hakaret olarak kabul etmek,,
hakikatsiz çıkmak,yakınlığı ve bağlılığı sürekli olmamak,,
hakikat olmak,"gerçek duruma gelmek, gerçekleşmek",,
hakir görmek,"önemsememek, değer vermemek, küçümsemek, küçük görmek, hor görmek",,
hakkına razı olmak,hak ettiği kadarını kabul etmek,,
hakkından gelmek,"zor bir işi başarı ile sona erdirmek | yenmek, öç almak veya cezasını vermek",,
hakkından vazgeçmek,"hakkını istememek, bağışlamak",,
hakkını aramak,hakkı olduğuna inandığı şeyi elde etmeye çalışmak,,
hakkını çiğnemek,(birini) hak kaybına uğratmak,,
hakkını helal etmek,"hakkını, emeğini bağışlamak",,
hakkını kaybetmek,kendisine ait olan bir şeyden mahrum kalmak,,
hakkını vermek,gereğini bütün olarak yerine getirmek | birinin çalışmasının karşılığını gereğince değerlendirmek,,
hakkı çiğnenmek,(birisi) hak kaybına uğratılmak,,
hakkı geçmek,birinin payından başkası almış olmak | birinde veya bir şeyde emeği olmak,,
hakkı olmak,"payı, alacağı, hissesi olmak | sözünde, düşüncesinde, iddiasında haklı olmak",,
hakkı ödenmemek,"birinin iyiliklerine, emeklerine karşılık olarak ne yapılsa az olmak",,
hakkı tanımak,izin vermek,,
Hakk'a dayanmak,gücünü Allah’tan almak,,
Hakk'a sığınmak,"kötülüklerden, fenalıklardan Allah’ın koruması altına girmek",,
Hakk'a yönelmek,Allah yoluna girmek,,
haklı bulmak,"davasını, iddiasını, düşüncesini, davranışını doğru bulmak, yerinde görmek",,
haklı çıkmak,"davasının, iddiasının, düşüncesinin veya davranışının doğru olduğu anlaşılmak",,
haklı olmak,"davası, iddiası, davranışı, düşüncesi adalete uygun olmak",,
haksızlığa uğramak,"adalete aykırı bir duruma düşmek, haksızlıkla karşılaşmak",,
haksızlık etmek,"adalete aykırı davranmak, gadretmek",,
haksız bulmak,"bir iddiayı, düşünceyi, davranışı doğru ve yerinde bulmamak",,
hak aramak,kendisine ait olduğunu düşündüğü şeyi elde etmeye çalışmak,,
hak etmek,"bir emek karşılığı hakkı olan şeyi elde etmek, hak kazanmak | layık olduğu kötü karşılığı almak | bir başarı dolayısıyla ödüllendirilmek",,
hak iddia etmek,kendi hakkı olduğunu ileri sürmek,,
hak kazanmak,emeğin karşılığını alabilecek duruma gelmek,,
hak söylemek,doğru söylemek,,
hak vermek,"birinin düşüncesini, davasını, iddiasını doğru bulmak",,
hak (veya hakkını) yemek,başkalarının hakkını vermemek,,
halas olmak,kurtulmak,,
halef selef olmak,"biri ötekinin makamını almak, yerine geçmek",,
haleldar etmek,"bozmak, sarsmak",,
haleldar olmak,"bozulmak, sarsılmak",,
halel gelmek,"bozulmak, zarara uğramak",,
halel getirmek,zarar vermek,,
halel vermek,"bozmak, sarsmak",,
halı altına süpürmek,"çözümlenemeyen sorunların görüşülmesini ertelemek, gözden uzak etmek",,
halka inmek,halkın anlayışı ve görüşü düzeyinde olmak,,
halka olmak,bir çember biçiminde dizilmek,,
halk etmek,yaratmak,,
hallaç pamuğu gibi atmak,toplu durumda bulunan kişi veya nesneleri darmadağın etmek,,
hallihamur olmak,birbirine karışmak,,
halt etmek,"uygunsuz bir söz söylemek, uygunsuz davranmak, uygunsuz bir iş yapmak",,
halt karıştırmak,halt etmek,,
halt yemek,halt etmek,,
halüsinasyon görmek,gerçekte olmayan birtakım olayları yaşadığını sanmak,,
halvet olmak,birisi veya birileriyle yalnız görüşmek amacıyla içeriye başkasını veya başkalarını almamak,,
hamamcı olmak,boy abdesti alması gerekmek,,
hamamın namusunu kurtarmak,görünüşünü kurtarmaya yönelen birtakım yetersiz çarelere başvurarak kötü bilinen bir yere onur kazandırmaya çalışmak,,
hamil olmak,"üzerinde bulundurmak, taşımak",,
hamlacılık etmek,büyük sandal ve kayıklarda kıçtan birinci oturakta kürek çekmek,,
hamur açmak,yoğrulmuş hamuru inceltip yufka durumuna getirmek,,
hamur tutmak,hamur hazırlamak,,
ham çıkmak,"kavun, karpuz kesildiğinde olgunlaşmamış olduğu anlaşılmak | kendisinden beklenilen olgun davranışları göstermemek",,
hangi peygambere kulluk edeceğini şaşırmak,kimin sözünü yerine getireceğini bilemeyerek şaşkınlık içinde kalmak,,
hanumanını yıkmak,"ocağını yıkmak, evini barkını dağıtmak",,
han kapısından teğelti atmak,"defetmek, kovmak",,
hapı yutmak,kötü bir duruma düşmek,,
hapislerde çürümek,çok uzun süre hapis yatmak,,
hapis giymek,hapis cezasına çarptırılmak,,
hapis kalmak,"mahkûm olarak hapiste yatmak | bulunduğu yerden başka bir yere çıkamaz, gidemez durumda olmak",,
hapis yatmak,hükümlü olduğu süreyi hapishanede geçirmek,,
hap almak,hap içmek,,
hap etmek,"yemek, yutmak",,
haraca bağlamak,bir kimseyi veya bir yeri belli zamanlarda kendisine belli miktarda para vermeye zorlamak,,
haraca kesmek,zorbalıkla para koparmak veya çıkar sağlamak,,
haraç mezat satmak,açık artırma ile satmak,,
harama uçkur çözmek,nikâhsız olarak cinsel ilişkide bulunmak,,
haram etmek,bir kimseye bir şeyden umduğu yarar ve rahatı tattırmamak,,
haram olmak,bir şeyden gereği gibi yararlanamamak,,
haram yemek,"toplumun gelenek ve göreneklerine veya dinî kurallarına aykırı olarak bir şeyi kendi yararına kullanmak, sahiplenmek",,
harap düşmek,kötü bir durumla karşı karşıya kalmak,,
harap etmek,harap duruma getirmek,,
harap olmak,"harap duruma gelmek, haraplaşmak, perişan olmak",,
hararet basmak,çok susamak | vücut ısısı artmak,,
hararet vermek,susatmak,,
harbi konuşmak,"dosdoğru, gerçeği gizlemeden konuşmak",,
harcama yapmak,harcamak,,
harcıâlem olmak,"çok tanınmak, yaygın olarak bilinmek",,
harcı olmamak,"bir iş, birinin yapabileceği nitelikte olmamak",,
harekete geçmek,"bir işi yapmaya başlamak, bitirmek amacı ile bir işe girişmek | bir yerden bir yere gitmeye başlamak",,
harekete girişmek,harekete geçmek,,
hareket etmek,"yola gitmek, yola çıkmak | vücudu oynamak, kıpırdamak veya kımıldamak, devinmek | davranmak | devinmek [fizik]",,
hareke koymak,harekelemek,,
harem selamlık olmak,bir yerde kadın erkek ayrı oturmak,,
harf atmak,tanımadığı bir kadına uygunsuz sözler söyleyerek yaklaşmaya çalışmak,,
harhara kopmak,"gürültü, horultu duyulmak",,
harı başına vurmak,"çok kızmak | azmak, kendini tutamayacak duruma gelmek",,
harı geçmek,"ateşin etkisi azalmak | kızgınlığı veya öfkesi azalmak | isteği, hevesi azalmak",,
hariç olmak,bir işin içinde olmamak,,
harikalar yaratmak,hayranlık uyandıracak başarılar kazanmak,,
haritadan silinmek,"bir ülke, başka devletin egemenliği altına girmek | bir yerleşim yeri savaş, deprem vb. bir olay sonucunda yok olmak",,
haritada olmak,göz önünde bulundurulması gerekmek,,
harmanı kaldırmak,harman işini bitirmek,,
harman çevirmek,harmanlamak,,
harman dövmek,ekin tanelerini saptan ayırma işini yapmak,,
harman savurmak,tahılı samandan ayırmak için dövülmüşünü rüzgâra karşı savurmak,,
harp açmak,"savaş açmak | bir konuda güçlü biçimde mücadele etmek, bir konuyu şiddetle savunmak",,
hart hurt etmek,korkutmak amacıyla sert ve yüksek sesle konuşmak,,
hasara uğramak,"zarar görmek, harap olmak | yıkılmak",,
hasar almak,hasara uğramak,,
hasbihâl etmek,"söyleşmek, karşılıklı konuşmak, sohbet etmek",,
hasbi geçmek,"bir şeye önem vermemek, ilgi göstermemek",,
haset etmek,kıskanmak,,
hasıl etmek,ortaya çıkarmak,,
hasıl olmak,"ortaya çıkmak, türemek",,
hasislik etmek,cimrice davranmak,,
hasretini çekmek,çok özlemek | gereksinim duyduğu şeyi elde edememenin üzüntüsü içinde bulunmak,,
hasret bırakmak,gerektiği anda bir şeyin yokluğunu hissettirmek,,
hasret çekmek,özlem duymak,,
hasret gidermek,"özleme son vermek, kavuşmak",,
hasret gitmek,"özlemini çektiği, sevdiği bir yere veya kimseye kavuşamadan ölmek",,
hasret kalmak,özlemek,,
hassas olmak,duyarlı davranmak | çabuk duygulanmak,,
hastanelik etmek,birini aşırı derecede dövmek,,
hastanelik olmak,hastanede tedavi görmeyi gerektirecek kadar hastalanmak | çok dayak yemek,,
hasta etmek,"hasta olmasına yol açmak | bezdirmek, bıktırmak, usandırmak",,
has olmak,özgü olmak,,
haşadı çıkmak,"bozulmak, işe yaramaz duruma gelmek | çok yorulmak, bitkinleşmek",,
haşat etmek,"bozmak, kullanılmaz duruma getirmek | birini dövmek, perişan etmek, aşırı ölçüde hırpalamak",,
haşat olmak,"bozulmak, kullanılamaz duruma gelmek | yorulmak, perişan olmak",,
haşır neşir etmek,"kaynaştırmak, bir arada bulundurmak",,
haşır neşir olmak,"kaynaşmak, bir arada bulunup uğraşmak",,
hataya düşmek,yanılmak,,
hatıra (veya hatır ve hayale) gelmemek,"bir şeyin gerçekleşeceği, olacağı hiç düşünülmemek",,
hatırına gelmek,"hatırlamak, aklına gelmek",,
hatırına getirmek,hatırlamasına yol açmak | hatırlamak,,
hatırından çıkmamak,"sevdiği, saydığı birinin isteğini reddetmeyip gönlünü kırmaktan çekinmek",,
hatırından (veya hatır ve hayalinden) geçmemek,"aklına gelmemek, düşünmemek",,
hatırında kalmak,"unutmamak, hatırlamak",,
hatırında olmak,unutmamış olmak,,
hatırında tutmak,unutmamak,,
hatırını hoş etmek,"sevindirmek, memnun etmek",,
hatırını kırmak,"üzmek, gücendirmek",,
hatırını sormak,hâl hatır sormak,,
hatırı kalmak,"gücenmek, kırılmak",,
hatır almak,gönül almak,,
hatır eylemek,hatırlamak,,
hatır gönül yapmak,birini tutum ve davranışlarıyla mutlu etmek,,
hatır için çiğ tavuk yemek,bir kişiyi gücendirmemek için yapılması güç olan şeyleri bile yapmak,,
hatır sormak,hâl hatır sormak,,
hatır (veya hatırını) saymak,gerekli saygıyı göstermek,,
hatiften gelmek,gaipten ses gelmek,,
hatime çekmek,son vermek,,
hatim indirmek,"Kur'an'ı başından sonuna kadar okuyup bitirmek, hatmetmek",,
hatim sürmek,"okunan Kur'an'ı, önündeki Kur'an'dan takip etmek",,
hat çekmek,"telefon, telgraf tellerini döşemek veya direklere germek",,
havadan gelmek,herhangi bir emek harcamadan sahip olunmak,,
havadan nem kapmak,"en küçük bir şeyden alınmak, çok alıngan olmak",,
havada kalmak,yerden yüksekte bulunmak | sonuca ulaşmamak | bir iddia dayanaksız olduğundan kanıtlanamamak,,
havalara uçmak,çok sevinmek,,
havale etmek,"bir şeyin alınmasını, yapılmasını bir kimseye bırakmak, ısmarlamak, devretmek | yollamak, göndermek",,
havale geçirmek,ateşli veya ateşsiz çırpınma nöbetine tutulmak,,
havale gelmek,"postane veya banka yoluyla para gelmek | genellikle çocuklara çoğu zaman bayılma, yüksek ateşle beraber çırpınma krizleri gelmek",,
havanda su dövmek,boşuna uğraşmak,,
havasına uymak,bulunduğu çevre ve ortamı benimsemek | birinin huyunu almak,,
havasını almak,kalorifer peteğinde oluşan havayı boşaltarak sıvı maddenin dolmasını sağlamak | birinin eli boş çıkmak | birini sakinleştirmek | karşıdaki kişinin böbürlenmesinin boşuna olduğunu ortaya çıkarmak,,
havasını bulmak,"keyiflenmek, neşelenmek",,
havasını teneffüs etmek,içinde hissetmek | ortamı yaşamak,,
havası olmak,bir kimsenin albenisi veya cana yakınlığı olmak,,
havası olmak,"o kimseye benzemek, o kimseyi hatırlatmak",,
havaya girmek,hazır olmak | kibirlenmek,,
havaya gitmek,"hiçbir şeye yaramamak, boşa gitmek",,
havaya pala (veya kılıç) sallamak,"boşuna, gereksiz çaba harcamak",,
havaya savurmak,gereksiz yere harcamak,,
havaya uçmak,patlama dolayısıyla zarar görmek | havaya gitmek,,
havayı bozmak,bir topluluğun keyfini kaçırmak,,
havayı koklamak,bir yere göz atmak | gelişmeleri veya ortamı anlamaya çalışmak,,
hava almak,"açık havada gezmek | umduğunu bulamamak, hiçbir şey kazanmamak | ferahlamak, açılmak, hoş vakit geçirmek",,
hava almak,içine hava girmek,,
hava atmak,"herhangi bir üstünlüğünden dolayı şişinmek, caka yapmak",,
hava basmak,"hava vermek | büyüklenmek, gururlanmak",,
hava bozmak,"havada yağmur, kar, dolu veya fırtına başlamak",,
hava bulanmak,gökyüzü bulutla kaplanıp yağmur yağacak duruma gelmek,,
hava çalmak,"her biri, birbiriyle çelişen, birbirine uymayan davranış ve düşüncede bulunmak",,
hava çarpmak,iklim ve rüzgâr olumsuz etkilemek,,
hava değiştirmek,iklimi değişik bir yere gidip bir süre oturmak,,
hava fena esmek,ortamla ilgili her türlü şart kötü durumda olmak,,
hava iyi esmek,ortamla ilgili her türlü şart uygun durumda olmak,,
hava kaçırmak,nesneler içindeki havayı tutamayıp dışarıya vermek | yellenmek,,
hava kapanmak,gökyüzü bulutlarla örtülmek,,
hava kararmak,güneşin batmasıyla ortalık kararmak | gökyüzü iyice bulutlanmak,,
hava patlamak,fırtına çıkmak,,
hava vermek,"tekerlek vb. cisimleri hava ile şişirmek, şişkinliğini artırmak, hava basmak | akciğerlere basınç altında hava veya oksijen doldurmak [tıp] | çekicilik katmak",,
hava yapmak,kalorifer peteğinde sıvının yerine hava dolmak | böbürlenmek,,
havi olmak,"içinde bulundurmak, içine almak, kapsamak, içermek",,
havlu atmak,"çalıştırıcı, sporcusunun karşılaşmayı terk ettiğini bildirmek için ringe havlu fırlatmak [spor] | başarısızlığını kabul edip mücadeleyi bırakmak, pes etmek",,
havsalasına sığmamak,"aklı almamak, kavrayamamak | kabul edememek",,
havsalası almamak,aklı kabul edememek,,
havyar kesmek,"çalışmadan vakit geçirmek, vakti boşa harcamak",,
hayale dalmak,dış dünyadan uzaklaşarak gerçekleşmesi istenilen şeyleri veya hatıraları düşünmek,,
hayale kapılmak,hayallerin etkisi altında kalmak,,
hayalinden geçirmek,"olmasını istemek, düşünmek",,
hayali kırılmak,çok istenilen veya umulan bir şeyin gerçekleşmeyişinden üzüntü duymak,,
hayal dünyasında yaşamak,insan gerçeğin dışında kalan iç dünyasında yaşıyor olmak,,
hayal etmek,"bir şeyi zihinde tasarlayıp canlandırmak, hayallemek",,
hayal kırıklığına uğramak,çok istenilen veya umulan bir şeyin gerçekleşmemesinden üzüntü duymak,,
hayal kırıklığı yaratmak,beklentileri karşılayamamaktan dolayı üzüntüye yol açmak,,
hayal kurmak,"gerçekleşmesi istenen, özlenen şeyi düşünmek",,
hayal olmak,"gerçekleştirilememek | geçmişte kalmak, hatıra olmak",,
hayalî fenere dönmek,çok zayıflamak,,
hayata atılmak,geçim sağlamak üzere çalışmaya başlamak,,
hayata bağlamak,yaşamayı sevdirmek,,
hayata dönmek,yaşama sevincini tekrar kazanmak,,
hayata geçirmek,"uygulanır duruma getirmek, canlılık kazandırmak",,
hayata karıştırmak,"hayatla bağlantısını sağlamak, yaşama sevincini geri kazandırmak",,
hayata küsmek,"bezgin, kötümser olmak, yaşama isteğini yitirmek",,
hayatına girmek,yaşamında yer almak,,
hayatından çıkarmak,"ilgisini, ilişkisini tamamen kesmek",,
hayatının baharında olmak,hayatının en güzel dönemini yaşıyor olmak,,
hayatının baharını yaşamak,hayatının en güzel günlerini yaşamak,,
hayatını kazanmak,geçimini sağlamak,,
hayatını vermek,ölmek,,
hayatını yaşamak,"her türlü baskıdan uzak, dilediğince, gönlünce yaşamak",,
hayatını (birine) borçlu olmak,biri tarafından ölümden kurtarılmış olmak | birinin yaşamı bir başkasının desteği ile sağlanmış olmak,,
hayatın sillesini (veya tokadını) yemek,"birçok sıkıntıyla karşılaşmak, çok zor durumlara düşmek",,
hayatı cehennem etmek,büyük üzüntü ve sıkıntı vermek,,
hayatı kaymak,"başına telafisi mümkün olmayan kötü işler gelmek, mahvolmak",,
hayatta olmak,yaşamak,,
hayat arkadaşlığı etmek,evlilik dolayısıyla birlikte yaşamak,,
hayat geçirmek,"yaşamak, varlığını sürdürmek",,
hayat vermek,"canlılık vermek, canlandırmak",,
haybeye kürek çekmek,boşu boşuna uğraşmak,,
haydutluk etmek,haydut gibi davranmak,,
hayır beklememek,"iyilik ummamak, yararlı olacağını sanmamak",,
hayır dememek,bir şeyi geri çevirmemek,,
hayır duasını almak,kendisi için iyi dilekte bulunulmak,,
hayır dua etmek,iyi dileklerde bulunmak,,
hayır gelmemek,yararlı olmamak,,
hayır işlemek,"dine ve insanlığa uygun, iyi bir davranışta bulunmak",,
hayır kalmamak,"işe yarar durumu kalmamak, artık işe yaramaz olmak",,
hayır (veya hayrını) görmemek,bir şey kendisine yararlı olmamak,,
hayızdan nifastan kesilmek,menopoza girmek | verimsiz olmak,,
haylazlık etmek,haylazca davranışlarda bulunmak,,
hayranlık duymak,"çok beğenmek, tutkuyla bağlanmak",,
hayra yormak,rüya veya olayı iyi bir durumun belirtisi saymak,,
hayrete (veya hayretlere) düşmek,"şaşakalmak, şaşırmak",,
hayretler içinde bırakmak,şaşırtmak,,
hayretten donakalmak,"çok şaşırmak, inanamamak",,
hayrette bırakmak,şaşmasına sebep olmak,,
hayrette (veya hayretler içinde) kalmak,"şaşakalmak, şaşırmak",,
hayret etmek,"şaşmak, şaşırmak, şaşakalmak",,
hayrı dokunmak,yararlı olmak,,
hayrı olmamak,"iyiliği dokunmamak, yarar sağlamamak",,
haysiyetine dokunmak,onuru incinmek,,
haytalık etmek,serserice davranışlarda bulunmak,,
hayvanlık etmek,hayvanca davranmak,,
hay hayı gitmek vay vayı kalmak,"sağlığını, gençliğini yitirerek yakınır duruma gelmek",,
hazıra konmak,başkasının emeğiyle ortaya çıkmış bir şeyden yararlanmak,,
hazırdan yemek,çalışıp kazanmaksızın elindekini harcamak,,
hazırda olmak,"yararlanılabilecek bir durumda, el altında olmak",,
hazırlıksız yakalanmak,ani gelişen bir olayla beklenmedik bir biçimde karşılaşmak,,
hazır etmek,hemen kullanabilecek duruma getirmek,,
hazır olmak,hazır durumda bulunmak,,
hazır yemek,"Kısa sürede hazırlanan ve yemek için az zaman harcanan hafif yiyecek | Kısmen pişirilmiş ve paketlenmiş, ısıtılarak veya biraz daha pişirilerek yenmeye hazır hâle gelen yemek",,
hazır yemek,"kazanmaksızın, elde bulunanı harcayarak geçinmek",,
hazzını çıkarmak,zevkini çıkarmak,,
haz almak,"hoşlanmak, keyif almak",,
haz duymak,hoşlanmak,,
haz vermek,hoşlanmasını sağlamak,,
heba etmek,"boşuna harcamak, ziyan etmek",,
heba olmak,"boşa gitmek, ziyan olmak",,
hedef almak,"nişan almak | ulaşılmak istenen şeye göre davranmak | bir kimseyi, bir yeri yıpratmak, eleştirmek amacıyla karşısına almak",,
hedef çekmek,denizcilikte bir hedefi yedeğe alarak istenilen yönlerde ilerletmek,,
hedef değiştirmek,herhangi bir hedefi takip etmekten vazgeçerek atış için başka bir hedefe yönelmek | gerçekleştirmek istediği amacı değiştirmek,,
hedef göstermek,"birini kötü bir durumda kalması için hedef hâline getirmek | bir kimseyi olumsuz, kötü bir amaç için bir yere veya şeye yönlendirmek",,
hedef gütmek,asıl amaç olarak belirlemek,,
hedef olmak,hoş olmayan herhangi bir davranışa uğramak,,
hedef saptırmak,hedefe isabet ettirememek | öngörülen amaçtan uzaklaştırıp başka bir amacı öne çıkarmak,,
heder etmek,"boşuna harcamak, ziyan etmek",,
heder olmak,"boşa gitmek, boşuna geçmek",,
hediye etmek,armağan etmek,,
helak etmek,"(birini) yok etmek, ortadan kaldırmak | aşırı derecede yormak, bitkin duruma getirmek",,
helak olmak,"yok olmak | yorulmak, bitkin duruma gelmek",,
helalliğe almak,biriyle evlenmek,,
helallik dilemek,birinden hakkını helal etmesini istemek,,
helallik vermek,helal etmek,,
helal etmek,üzerinde hiçbir hak iddia etmeksizin bağışlamak,,
helal olmak,"yapılmasında veya kullanılmasında dinen sakınca bulunmamak, uygun ve yerinde olmak",,
helal süt emmek,doğruluktan ayrılmamak,,
helecan geçirmek,kalp çarpıntısına tutulmak,,
helme dökmek,kaynatılmış taneler koyulaşmak,,
hemdem olmak,zamanlarını bir arada geçiren samimi arkadaş olmak,,
hemhâl olmak,"bütünleşmek, birliktelik özelliği göstermek",,
hem İsa'yı hem de Musa'yı memnun etmek,istekleri birbirine karşıt olan iki kişiyi birden hoşnut edecek bir davranışta bulunmak,,
hep bir ağız olmak,"söz birliği etmek, anlaşarak bir konuda aynı şeyleri söylemek",,
hercümerç etmek,karmakarışık etmek,,
herk etmek,tarlayı sürüp dinlenmeye bırakmak,,
herze yemek,yersiz söz söylemek | gereksiz davranışta bulunmak,,
her aşın kaşığı olmak,"her şeye karışmak, her şeye burnunu sokmak",,
her boyaya girip çıkmak,çeşitli işlerde kısa süre de olsa çalışmış olmak,,
her dediği olmak,istediği her şey yerine getirilmek,,
her derde deva olmak,birçok şeye çare olmak,,
her gördüğü sakallıyı babası sanmak,görünüşe aldanmak,,
her işe burnunu sokmak,yerli yersiz her şeye karışmak,,
her kafadan bir ses çıkmak,bir konu üzerinde herkes rastgele konuşmak,,
her lafın altından kalkmak,genellikle yerme veya hakaret sözlerinin altında kalmayıp cevap verebilmek,,
her tarakta bezi olmak,birçok işi veya ilişkisi olmak,,
her telden çalmak,her çeşit işi yapabilir durumda olmak | birçok konuda bilgisi olmak,,
hesaba almak,göz önünde bulundurmak,,
hesaba çekmek,"bir kişiden, bir kuruldan yaptığı işler için açıklama ve savunma istemek",,
hesaba dökmek,sayıyla ilgili bir konuyu açıklığa kavuşturmak için kâğıt üzerinde hesaplamak,,
hesaba katılmamak,göz önüne alınmamak,,
hesaba katmak,"dikkate almak, göz önünde bulundurmak",,
hesaba kitaba gelmemek,sınırsız olmak,,
hesabına gelmek,"yararına uygun, elverişli olmak",,
hesabını almak,bir iş sonunda hakkını almak,,
hesabını bilmek,tutumlu olmak,,
hesabını görmek,alacağını verip ilişiğini kesmek | cezalandırmak | ücretini ödemek,,
hesabını kitabını bilmek,tutumlu olmak,,
hesabı kapamak,alacak verecek bırakmamak,,
hesabı kapatmak,"her türlü ilişkiyi bitirmek, sona erdirmek",,
hesabı kesmek,alışverişi veya ilgiyi kesmek,,
hesabı temizlemek,borcunu ödemek,,
hesaplamak kitaplamak,hesap kitap yapmak,,
hesaplı hareket etmek,ölçülü davranmak,,
hesaptan düşmek,"hesaptan, borçtan, alacaktan indirmek, çıkarmak",,
hesapta olmamak,daha önce düşünülen şeylerin dışında olmak,,
hesap açmak,"gereğinde çekilmek üzere bankaya yatırılan para için işlem yapmak | birine borçlanma imkânı tanımak, kredi açmak",,
hesap çıkarmak,alacakla vereceği kâğıt üzerinde karşılaştırmak,,
hesap etmek,"bir işin kazancıyla giderini karşılaştırarak bir sonuca varmak | düşünmek, tasarlamak",,
"hesap etmek, kitap etmek",bütün ayrıntılarıyla düşünmek,,
hesap görmek,alacakla vereceği karşılaştırıp ödeşmek,,
hesap kesmek,ilişiğini kesmek,,
hesap sormak,"bir konuda açıklama ve savunma istemek, sorumlu tutmak | birini, birilerini yöntem veya yasa dışı davranışlarından dolayı sorguya çekmek | tehdit ederek uyarmak",,
hesap tutmak,alışverişle ilgili sayıları bir yere yazmak,,
hesap (veya hesabını) vermek,"bir işin sorumluluğunu yüklenmek | herhangi bir davranışın sebebini açıklamak, anlatmak",,
hevesine düşmek,çok fazla istemek,,
hevesini almak,"istediği, imrendiği şeyi elde ederek ona doymak",,
hevesini kırmak,"isteklerini, düşüncelerini engellemek | zevki kaçmak, hevesi kalmamak, şevki kırılmak",,
hevesini kursağında bırakmak,"isteklerini, düşüncelerini engellemek",,
hevesi kalmamak,bir şeyi yapmaya karşı isteği kalmamak,,
hevesi kursağında (veya boğazında veya içinde) kalmak,"istediği, imrendiği şeyi elde edememek",,
hevesi olmak,bir şey yapmaya isteği olmak,,
heves etmek,"bir şeye karşı istek duymak, eğilimli olmak",,
heyecana düşürmek,heyecanlandırmak,,
heyecana gelmek,"heyecanlanmak, heyecan duymak",,
heyecana getirmek,"heyecanlandırmak, heyecanlanmasına sebep olmak",,
heyecana kapılmak,"aşırı derecede heyecan, coşku duymak",,
heyecana vermek,telaşlandırmak,,
heyecan duymak,heyecanlanmak,,
heyecan vermek,heyecan duymasına sebep olmak,,
heyheyleri üstünde (veya başında veya tepesinde) olmak,çok sinirlenmek,,
heyheyler basmak,içi daralıp sinirlenmek,,
heyheyler geçirmek,sinir krizleri geçirmek,,
heykelini dikmek,türlü alanlarda üstün başarı gösteren kimselere değerbilirlik göstermek,,
hezeyan etmek,saçmalamak,,
hezimete uğramak,bozguna veya büyük bir yenilgiye uğramak,,
he demek,onamak,,
hıçkırık (veya hıçkırığı) tutmak,sürekli olarak hıçkırmak,,
hıfza çalışmak,Kur'an'ı ezberlemeye çalışmak,,
hık mık etmek,"bir işten kaçınmak için bahaneler ileri sürmeye çalışmak | sorulan bir soruya açık bir anlamı olmayan, belirsiz cevaplar vermek",,
hık tutmak,hıçkırık tutmak,,
hıncını çıkarmak,öcünü almak,,
hınç (veya hıncını) almak,öç (veya öcünü) almak,,
hınzırlık etmek,"zarar verici, sinirlendirici, ters davranışta bulunmak",,
hırçınlık etmek,"huysuzluk, terslik etmek",,
hırgür çıkarmak,"kavga etmek, kavga çıkarmak",,
hırgür eksik olmamak,kavgasız gün geçirmemek,,
hırkayı başına çekmek,bir köşeye çekilip çevresiyle ilgisini kesmek,,
hırsından çatlamak,öfkeyle birlikte aşırı derecede kıskanmak,,
hırsını alamamak,öfkesini yenememek,,
hırsını yenmek,öfkelenmemek için kendini tutmak,,
hırsıza yol göstermek,birine bilmeyerek kötü bir işte yardımcı olmak,,
hırsızlama yapmak,çalmak,,
hırs basmak,hırslı duruma gelmek,,
hırs bastırmak,aşırı ölçüde açgözlü duruma gelmek,,
hırs bürümek,gözünü hırs bürümek,,
hırtlambası çıkmak,"perişan bir biçimde giyinmiş olmak | eşya, çok eskiyip dökülür durumda olmak",,
hırtlamba gibi giyinmek,"perişan, derbeder bir biçimde giyinmek",,
hırt olmak,"görgüsüz tavırlı, incelikten uzak olmak",,
hır çıkarmak,"kavga, gürültü çıkarmak",,
hışırı çıkmak,"eşya, çok hırpalanıp örselenmek | insan ağır işlerle uğraşıp çok yorulmak",,
hışmına uğramak,birinden zulüm görmek,,
hıyarlık etmek,hıyarlaşmak,,
hızını alamamak,"hızlı gidişini yavaşlatamamak | öfkesini yenememek, yatışamamak",,
hızını almak,"şiddetini yenmek, yatışmak | yavaşlamak, hızını yitirmek",,
hızlı yaşamak,eğlenceye aşırı düşkün olarak yaşamak,,
hız almak,atlamak için geri çekilip birdenbire fırlamak,,
hız vermek,"hızını artırmak, hızlandırmak | isteklendirmek",,
hibe etmek,bağışlamak,,
hicret etmek,göç etmek,,
hidayete ermek,"Müslüman olmak, İslam dinini kabul etmek | gerçeği görüp kabullenmek, aklı başına gelmek",,
hiddete kapılmak,"öfkelenmek, kızmak",,
hiddetten kudurmak,"çok öfkelenmek, aşırı derecede kızmak",,
hiddet etmek,"öfkelenmek, kızmak",,
hikâye etmek,"ayrıntılarıyla anlatmak, söylemek",,
hile hurda bilmemek,aldatma yollarını bilmemek,,
hile hurda bilmemek,"aldatma yollarını bilmemek, dürüst olmak",,
hile yapmak,"aldatmak | çıkar sağlamak amacıyla bir şeyin saflığını bozmak, değersiz bir şey karıştırmak",,
himayesine almak,"koruyucusu olmak, korumak",,
himaye etmek,"korumak, kayırmak, gözetmek",,
himaye görmek,"biri tarafından korunmak, kayırılmak, gözetilmek",,
himmet etmek,"yardım etmek, emek vermek | kayırmak",,
hindi gibi kabarmak,"gururlanmak, kurumlanmak, büyüklük taslamak",,
hipnotize etmek,hipnotizma yoluyla birini uyutmak,,
hipnotize olmak,hipnotizma yoluyla etki altında kalmak | yarı uykulu duruma gelmek,,
hisse almak,zarara uğramak | ders çıkarmak,,
hisse kapmak,bir olaydan yararlı bir öğüt çıkarmak,,
hissine (veya hislerine) kapılmak,duygusal davranmak,,
hissini vermek,"gibi gelmek, ... izlenimini uyandırmak",,
hitam bulmak,"sona ermek, bitmek",,
hitam vermek,bitirmek,,
hitap etmek,"seslenmek, ... -e karşı söylemek, söz yöneltmek",,
hizaya gelmek,"davranışlarını düzeltmek, yola gelmek",,
hizaya getirmek,"birinin davranışlarını düzeltmek, yola getirmek",,
hizmete girmek,çalışmaya başlamak | görev almak,,
hizmetinde olmak,"birinin yanında çalışmak, işlerini yapmak",,
hizmeti dokunmak,"görevde bulunmak, iş yapmak",,
hizmet etmek,"iş görmek, çalışmak | birinin amaçlarının gerçekleşmesini sağlamak",,
hizmet görmek,birisinden yardım almak,,
hocalık etmek,"öğretmenlik yapmak | akıl öğretmek, öğüt vermek",,
hokka gibi oturmak,giysi vücuda iyice uymak,,
hokka oynamak,hokkabazlık yapmak,,
hoppalık etmek,hoppaca davranışlarda bulunmak,,
hop oturup hop kalkmak,"öfke, heyecan vb. duygular sebebiyle yerinde duramaz olmak, kalkıp kalkıp oturmak",,
hora geçmek,"beğenilmek, hoşa gitmek, makbule geçmek, kendisine verilen kimsenin işine çok yaramak",,
hora tepmek,hora oynamak | ayaklarını vurarak gürültü etmek,,
horon vurmak,horon oyununu oynamak,,
horon vurmak,horon oyununu oynamak,,
horozdan kaçmak,"kadın, erkeklerden uzak durmak, onlardan kaçmak",,
horozlar ötmek,sabah olmak,,
hortum sıkmak,yangına su sıkmak,,
hor bakmak,"değersiz saymak, değer vermemek",,
hor davranmak,kıymetini bilmemek,,
hor görmek,"bir kimseyi, bir hareketi küçük görmek, değersiz bulmak",,
hor kullanmak,dikkat etmeyerek hoyratça kullanmak,,
hor tutmak,"birine karşı küçümseyici, incitici davranışlarda bulunmak",,
hoşafın yağı kesilmek,"söyleyecek söz, verecek karşılık veya yapacak bir şey bulamayacak bir duruma düşmek",,
hoşa gitmek,"beğenilmek, bir kişiden veya bir şeyden hoşlanmak",,
hoşbeş etmek,sohbet etmek,,
hoşnutluk duymak,memnun olmak,,
hoşnutluk getirmek,memnun olduğunu göstermek,,
hoşnutsuzluk getirmek,memnuniyetsizlik göstermek,,
hoşnut etmek,memnun etmek,,
hoşuna gitmek,beğenmek,,
hoş tutmak,birine iyi ve sevecenlikle davranmak,,
hovardalık etmek,"çapkınca davranmak, çapkınlık etmek | zevki için bol para harcamak",,
hoygoygoya çıkmak,goygoya çıkmak,,
hoyratlık etmek,hoyratça davranmak,,
hödüklük etmek,görgüsüzce ve kaba davranmak,,
höt demek,"gözdağı vermek, korkutmak",,
hudut dışı etmek,"sınır dışı etmek, ülkeden dışarı çıkarmak",,
hulul etmek,"gelmek, gelip çatmak | içine girmek, dâhil olmak | etkisi altına almak, etkisini hissettirmek",,
hulus (veya huluslar) çakmak,"dalkavukluk etmek, yaranmaya çalışmak",,
hurdahaş etmek,"kırıp dökmek, parçalamak",,
hurdahaş olmak,"kırıp dökülmek, paramparça olmak | aşırı ölçüde yorulmak",,
hurdası çıkmak,"eşya, kullanılmayacak duruma gelmek, eskimek",,
hurdaya çevirmek,işe yaramaz duruma getirmek,,
huruç etmek,dışarı çıkmak | isyan etmek,,
husule gelmek,meydana gelmek,,
husul bulmak,meydana gelmek,,
husumet beslemek,"hasım olmak, düşman olmak",,
huysuzluk etmek,huysuzca davranışlarda bulunma,,
huyuna suyuna gitmek,"birini kızdırmayacak veya ürkütmeyecek biçimde uysalca davranmak, alışkanlıklarına, isteklerine uygun davranışlarda bulunmak",,
huyunu suyunu bilmemek,"iyi tanımamak, karakteri hakkında bilgisi olmamak",,
huyunu suyunu değiştirmek,eskisine göre değişik davranmasına sebep olmak | eskisine göre değişik davranmak,,
huy edinmek,bir davranışı alışkanlık durumuna getirmek,,
huzurunu kaçırmak,"tedirgin, rahatsız etmek",,
huzur bulmak,ruhsal yönden rahatlamak,,
huzur vermek,"gönül rahatlığı, dirlik vermek, dinlendirmek",,
hücuma kalkmak,"asker, siperden düşmana doğru fırlamak",,
hücum etmek,saldırmak,,
hükme varmak,iyice düşündükten sonra karar vermek,,
hükmünde olmak,"değerinde olmak | yerinde olmak, yerine geçmek",,
hükmünü icra etmek,gerekeni yerine getirmek,,
hükmü olmamak,"önemi, geçerliliği, etkisi bulunmamak",,
hükmü parasına geçmek,para ile dilediğini yapabilme gücünü kazanmak,,
hükümsüz kılmak,"yürürlükten kaldırmak, iptal etmek | geçerliliğini sonlandırmak, geçersiz duruma getirmek",,
hüküm giymek,mahkemece cezalandırılmak,,
hüküm sürmek,"işbaşında olmak | yaygın olmak | etki, hız vb. sürmek, devam etmek",,
hüküm vermek,iyice düşündükten sonra bir karara varmak | bir suçluyu mahkûm etme,,
hüküm yemek,mahkûm olmak,,
hükûmeti devirmek,zor kullanarak devlet yönetiminde değişiklik yapmak,,
hükûmet etmek,bir ülkenin yönetimini elinde bulundurmak,,
hükûmet sürmek,ülke yönetiminin başında bulunmak,,
hükûmet (veya hükûmeti) kurmak,hükûmet işlerinde görev alacak bakanlar kurulunu seçmek,,
hülasa etmek,özetlemek,,
hülle yapmak,hülleyi gerçekleştirmek | bir işte geçici çözüm için hileye başvurmak,,
hülyaya dalmak,hayal kurmak,,
hüner göstermek,beceriklilik ortaya koymak | herkesin yapamayacağı bir işi yapmak,,
hürmette kusur etmemek,"karşısındaki kişiyi iyi ağırlamak, isteklerini yerine getirmek, saygısızlık etmemek",,
hürmet etmek,"saymak, saygı göstermek",,
hürya etmek,bir yerden çıkmak veya bir yere girmek için hep birden atılmak,,
hüsnüzan etmek,iyi niyet beslemek,,
hüsnü kabul göstermek,"iyi karşılamak, güler yüz göstermek",,
hüsrana uğramak,"beklenilen sonucun elde edilememesi sebebiyle çok üzülmek, acı çekmek",,
hüzne kapılmak,hüzünlenmek,,
hüzün çökmek,hüzünlenmek,,
hüzün duymak,"hüzünlü duruma gelmek, üzülmek",,
hâkim olmak,"buyruğunu yürütmek, egemenliğini sürdürmek | etkili olmak, hükmetmek",,
hâk ile yeksan etmek,"yapı, şehir vb.ni temelinden yıkıp harap etmek, bütünüyle ortadan kaldırmak",,
hâk ile yeksan olmak,"yapı, şehir vb. temelinden yıkılıp harap olmak, bütünüyle ortadan kalkmak",,
hâle yola koymak,"iyi bir düzen vermek, tertiplemek",,
hâline bakmamak,kendisinin ne durumda olduğunu düşünmeden gücünü aşan işlere kalkışmak,,
hâlini almak,herhangi bir duruma gelmek,,
hâli harap olmak,"bitkin, perişan olmak, kötü duruma düşmek",,
hâli kalmamak,"gücü, takati, eski durumu olmamak",,
hâli (veya hâlleri) duman olmak,kötü duruma düşmek,,
hâllenip küllenmek,"kendi imkânlarıyla iyi kötü geçinip gitmek, kendi yağıyla kavrulmak",,
hâl hatır (veya hâlini hatırını) sormak,"bir kimseye ""nasılsınız, ne durumdasınız"" anlamında nezaket sorusu yöneltmek",,
ıcığını cıcığını çıkarmak,"incelenmemiş, elden geçirilmemiş hiçbir yerini bırakmamak, en küçük ayrıntısına kadar incelemek, didik didik etmek",,
ıcığını cıcığını sormak,"bir kimsenin soyunu sopunu, huyunu suyunu iyice öğrenmek için araştırmak",,
ığrıp çekmek,balık yakalamak için atılmış ığrıbı yukarı çıkarmak,,
ığrıp çevirmek,yalan dolanla bir şeyden yararlanmak,,
ıh pıh etmek,ıh pıh sesleri çıkarmak,,
ıkınıp sıkınmak,bir iş yapabilmek için kendini çok zorlamak,,
ılgar etmek,ılgarlamak,,
ırgat gibi çalışmak,bir işte çok çalışmak,,
ırgat pazarına döndürmek,karışık ve dağınık bir duruma getirmek,,
ırzına geçmek,"zor kullanarak bir kimseyi cinsel zevkine alet etmek; becermek, tecavüz etmek | bekâretini bozmak",,
ırzını bozmak,ırzına geçmek,,
ısıtıp ısıtıp önüne koymak,"daha önce geçmiş bir olayı, bir işi, ileri sürülmüş bir düşünceyi sık sık tekrarlamak",,
ıska geçilmek,"gözden kaçırılmak, atlanmak, değeri ve önemi anlaşılmamak",,
ıska geçmek,"hedefe rast getirememek | üzerinde durmamak, önem vermemek, atlamak",,
ıslah etmek,"iyi bir duruma getirmek, iyileştirmek, düzeltmek | yola getirmek",,
ıslık çalmak,"""ıslık"" sesi çıkarmak",,
ıslık çalmak,beğenisini ıslıkla göstermek,,
ıspazmoza tutulmak,aşırı derecede titremeye başlamak,,
ısrarlı olmak,"düşüncesinde, kararında direnmek",,
ısrar etmek,"bir konuda, bir düşüncede sürekli direnmek, ayak diremek | çok istemek | çok üstelemek",,
ıssızlık çökmek,"ıssız, tenha duruma gelmek, tenhalaşmak",,
ıssız kalmak,"ıssızlaşmak, tenhalaşmak",,
ıstılah paralamak,"ağdalı, hiç kimsenin anlamadığı bir biçimde konuşmak",,
ışık almak,güneş ışığından yararlanır durumda olmak,,
ışık tutmak,"bir yeri ışıkla aydınlatmak | düşüncesiyle kılavuzluk etmek, konuyu aydınlatıcı düşünceler söylemek, tutacağı yolu göstermek",,
ışıl ışıl yanmak,parlamak,,
ıtrah etmek,irin vb.ni vücuttan dışarı atmak,,
ızdırap çekmek,ağrı ve acı içinde kıvranmak | aşırı derecede üzülmek,,
"ızdırap ızdırap üstüne, keder keder üstüne çekmek","sürekli olarak acı ve üzüntüye maruz kalmak, çok sıkıntı çekmek",,
ızdırap vermek,"acı ve üzüntü vermek | üzülmesine, acı çekmesine sebep olmak",,
ızrar etmek,zarara sokmak,,
iade etmek,"geri vermek, geri çevirmek | karşılık olarak yapmak, mukabele etmek | yansıtmak",,
iaşe etmek,"yedirip içirmek, beslemek",,
ibadet etmek,bir dinin buyruklarını yerine getirmek,,
ibate etmek,barındırmak,,
iblağ etmek,"ulaştırmak, eriştirmek | bir şeyin miktarını tamamlamak",,
iblisçilik etmek,iblisçe davranmak,,
ibnelik etmek,"kazık atmak, aldatmak",,
ibraz etmek,"ortaya koymak, göstermek, meydana çıkarmak",,
ibra etmek,aklamak,,
ibret almak,ders almak,,
ibret olmak,ders olmak,,
ibre birinden yana dönmek,herhangi bir konuda birisi avantajlı duruma geçmek,,
ibzal etmek,"esirgemeden bol bol vermek, yapmak veya söylemek",,
icabet etmek,"çağrı üzerine gitmek, katılmak | bir buyruğa, bir isteğe uygun olarak davranmak",,
icabına bakmak,"gereğini yerine getirmek | bir kimseyi yok etmek, ortadan kaldırmak",,
icapçı olmak,icapçı olarak görevli olmak,,
icap etmek,gerekmek,,
icap ettirmek,gerektirmek,,
icara vermek,kiraya vermek,,
icat çıkarmak,"hoş görülmeyen yeni bir huy, davranış göstermek | yadırganan bir yol tutmak | ortaya gereği olmayan bir sorun atmak",,
icat etmek,"o zamana kadar kimsenin bilmediği, henüz yapmadığı bir şey yaratmak; bulmak | bir şeyi gerçekmiş gibi göstermek",,
icazet almak,"izin, onay almak | diploma almak",,
icazet vermek,"izin, onay vermek",,
icbar etmek,"birine istemediği bir işi zorla yaptırmak, zorlamak, zorunda bırakmak",,
icmal etmek,özetlemek,,
icraata geçmek,uygulamaya veya çalışmaya başlamak,,
icraya vermek,alacağın borçludan alınabilmesi için icraya başvurmak,,
icra etmek,yapmak | yorumlamak,,
içecek suyu olmak,bir yere gitmesi kısmet olmak,,
içeriden çıkmak,"hapisten kurtulmak, serbest kalmak",,
içeriden evlenmek,iç evlilik yapmak,,
içeride olmak,"zarar etmiş olmak, borçlanmış olmak | hapishanede olmak",,
içeriye dalmak,kapalı bir yere hızlıca girmek | bir yere izinsiz girmek,,
içeriye düşmek,hapse girmek,,
içeri girmek,bir iş veya alışverişte zarar etmek | hapse girmek,,
içindeki ateş yalazlanmak,"sıkıntısı, derdi bir kat daha artmak",,
içinden bir şeyler kopmak,içi ezilmek,,
içinden çıkmak,"karışık bir işin güçlüklerini yenebilmek, üstesinden gelmek",,
içinden geçirmek,bir şeyi yapmayı düşünmek,,
içinden geçmek,"düşünmek, aklından geçmek",,
içinden gelmek,bir şeyi yapmak için içten bir istek duymak,,
içinden gülmek,sezdirmeden eğlenmek,,
içinden kan gitmek,içi kan ağlamak,,
içinden konuşmak,kimsenin duymayacağı kadar alçak sesle konuşmak,,
içinden okumak,ses çıkarmadan okumak | sessiz bir biçimde sövmek,,
içinden olmak,bir yerin merkezinde yaşamak veya orada doğmuş bulunmak,,
içinden yanmak,"çok istemek, sabırsızlık göstermek",,
içinde duymak,"hissetmek, varlığını algılamak",,
içinde kaybolmak,göze çarpmamak | giysi çok büyük gelmek | beklenen sonuca ulaşamamak,,
içinde olmak,"herhangi bir özellik yaradılışında var olmak | hevesli, istekli olmak",,
içinde yüzmek,olumlu veya olumsuz bir durumun aşırı derecesinde bulunmak,,
içine almak,kapsamak,,
içine ateş atmak,"aşırı acı, sıkıntı veya üzüntü verecek davranışta bulunmak",,
içine ateş düşmek,büyük bir acı ve üzüntünün etkisi altına girmek,,
içine atmak,sıkıntısını kimseye belli etmemek | yapılan bir kötülüğe karşı sesini çıkarmamakla birlikte bunu unutmamak,,
içine baygınlıklar çökmek,"sıkıntı, fenalık basmak",,
içine çekmek,"soluk almak | bilincine varmak, anlamak",,
içine daralma gelmek,"sıkıntı basmak, sıkılmak",,
içine dert olmak,bir şeyi yapamamaktan dolayı üzülmek,,
içine doğmak,"bir işin olacağını veya olduğunu hiçbir belirtiye dayanmadan önceden sezinlemek, malum olmak",,
içine dokunmak,"dertlendirmek, üzmek",,
içine hüzün çökmek,"kederlenmeye, hüzünlenmeye başlamak",,
içine işlemek,"duygulanmak, etkilenmek, dokunmak",,
içine konuşmak,"kızgınlığını yanındakilerin duymayacağı biçimde kısık sesle, kendi kendine söylemek",,
içine kurt düşmek,kendisine zararı dokunacak bir durum meydana geleceğinden kuşkulanmak,,
içine kuşku çökmek,içten içe şüphesi yoğunlaşmak,,
içine oturmak,"çok etkilenmek, çok üzülmek",,
içine sinmek,isteğince olduğu için huzur ve mutluluk duymak | içi rahat etmek,,
içine sokacağı gelmek,birini çok sevmek,,
içine su serpilmek,ferahlamak,,
içine tükürmek,bir şeyi bozup berbat etmek,,
içinin ateşi küllenmek,sıkıntıdan kurtulmak,,
içinin yağı erimek,telaş veya kaygı ile üzülmek | nispet vererek sevinmek,,
içini acıtmak,"üzmek, üzülmesine sebep olmak",,
içini açmak,"derdini anlatmak, içini dökmek | gönle ferahlık vermek",,
içini boşaltmak,"sıkıntı ve derdini söylemek | öfkesini açığa vurmak | banka, şirket vb.ni yasal görüntü verip soymak",,
içini burkmak,üzülmek,,
içini çekmek,iç çekmek,,
içini çürütmek,"ruhunu karartmak, bezdirmek, yıldırmak",,
içini dondurmak,"şaşırtmak, ürpertmek",,
içini dökmek,sıkıntı ve derdini anlatmak,,
içini ezmek,"üzüntüsünü, sıkıntısını duymak",,
içini ısıtmak,"hoş, tatlı ve huzur verici duygular uyandırmak, coşku vermek",,
içini karartmak,"bunalıma veya sıkıntıya sokmak, endişeye düşürmek",,
içini kemirmek,"bir üzüntüden rahatsızlık duymak, tedirgin olmak",,
içini okumak,"birinin gizli, saklı düşüncelerini anlamak",,
içini sarmak,"sürekli aynı konuyu düşünmek, hep onunla meşgul olmak",,
içini sıkmak,sıkıntı vermek,,
içini sızlatmak,üzülmesine sebep olmak,,
içini yakmak,çok üzülmek,,
içini yemek,şüphe içinde kıvranarak çok üzülmek,,
için için kaynamak,"aşırı heyecan, gözü peklik ve hareket içindeyken bunu belli etmemek",,
için için yanmak,"ateşin yanması sürmek, farkına varılmadan yanmak | dışa vurmadan çok üzülmek",,
içi açılmak,"güzel bir şey karşısında sıkıntısı dağılmak, ferahlamak",,
içi almamak,"midesi kabul etmemek | sakıncalı gördüğünden veya beğenmediğinden, bir işi yapmak istememek",,
içi bayılmak,çok acıkmak | çok şekerli veya yağlı yiyecek ağır gelmek,,
içi boşalmak,önemi ve anlamı kalmamak,,
içi bulanmak,kusacak gibi olmak,,
içi burkulmak,bir şeye çok üzülmek,,
içi cız etmek,ansızın içi sızlamak,,
içi çekmek,istek duymak,,
içi daralmak,"sıkılmak, bunalmak",,
içi dayanmamak,acıklı bir durumu kaldıramamak,,
içi dışına çıkmak,kusmak | kusacak duruma gelmek,,
içi erimek,"kaygı duymak, çok üzülmek",,
içi ezilmek,"üzülmek, yüreği burkulmak | acıkma hissi duymak | sıkıntı ve heyecan içine düşmek",,
içi ezim ezim ezilmek,çok üzülmek,,
içi geçmek,"istemeden kısa bir süre uyuyuvermek | bir işe yaramaz duruma gelmek | yaşlılıktan, güçsüzlükten isteksiz olmak, hiçbir şeye ilgi duymamak | kavun, karpuz vb. yenmeyecek biçimde içi bozulmuş olmak",,
içi gitmek,içi sürmek | bir şeyi yapmayı veya elde etmeyi çok istemek,,
içi götürmemek,"acıklı bir durum karşısında dayanamamak | kıskanmak, çekememek | vicdanına sığdıramamak",,
içi hop etmek,birdenbire heyecanlanmak,,
içi ısınmak,"hoşlanmak, sevmek",,
içi içine geçmek,tedirgin olmak,,
içi içine sığmamak,"telaş, sabırsızlık, coşkunluk göstermekten kendini alamamak",,
içi içini yemek,istediğini yapamama yüzünden üzülmek | dert etmek,,
içi kabul etmemek,"bir şeyden midesi bulanmak | benimsememek, kabullenememek",,
içi kağşamak,isteksiz ve gönülsüz olmak,,
içi kan ağlamak,çok üzüntü duymak,,
içi kapanmak,"sıkılmak, bunalmak",,
içi kararmak,"sıkılmak, bunalmak | hiçbir şeyden tat alamaz olmak | umutsuzluğa düşmek",,
içi pır pır etmek,"heyecanlanmak, hafifçe duygulanmak",,
içi rahat etmek,kaygı duyulacak bir konu bulunmadığını öğrenerek ferahlamak,,
içi sıkılmak,bunalmak,,
içi sızlamak,çok üzülmek,,
içi sürmek,ishal olmak,,
içi titremek,özen göstermek | çok üşümek | duygulanmak,,
içi vık vık (veya fık fık veya pır pır) etmek,"sabırsızca, tedirgin davranmak",,
içi yağ bağlamak,yüreği yağ bağlamak,,
içi yanmak,"çok susamak | büyük bir acı, sıkıntı vb. nedenlerle çok üzülmek | bir şeye karşı büyük bir özlem duymak",,
içli dışlı olmak,"karşılıklı olarak candan ve içten davranmak, teklifsiz görüşmek",,
içli dışlı tanımak,"yakından, bütün özellikleriyle bilmek",,
içtikleri su ayrı gitmemek,"sıkı fıkı dost, arkadaş olmak",,
içtima etmek,toplanmak,,
içtinap etmek,sakınmak,,
iç açmak,"gönle ferahlık vermek, gönlü ferahlatmak",,
iç bağlamak,iç tutmak,,
iç çekmek,üzüntüyle derinden soluk almak,,
iç etmek,eline geçen bir şeyi sahibine bildirmeyerek kendine mal etmek,,
iç geçirmek,derin soluk alarak üzüntüsünü belli etmek,,
iç gıcıklamak,istek uyandırmak | huylandırmak,,
iç güveyisi girmek,karısının ailesinin evinde oturmak üzere evlenmek,,
iç tutmak,yemişin içi oluşmak,,
iç (veya içini) dökmek,"derdini anlatmak, iç dünyasındaki duygu ve düşüncelerini bir bir anlatmak | ferahlamak, rahatlamak",,
idame ettirmek,"sürdürmek, devam etmesini sağlamak",,
idam etmek,hakkında verilen ölüm cezası hükmünü yerine getirmek. getirerek öldürmek; asmak,,
idareimaslahat etmek,bir işi günün şartlarına göre yapmak | işi oluruna bırakmak,,
idaresini bilmek,"yerine göre harcamak, tutumlu davranmak",,
idare etmek,"yönetmek, çekip çevirmek | tutumlu kullanmak | yetmek, yetişmek | alışverişte yeterli olmak, kurtarmak | göz yummak, hoş görmek | örtbas etmek",,
iddia etmek,"sözünde direnmek, bir iddia ileri sürmek",,
idmana çıkmak,idman yapılacak alana toplu olarak gitmek,,
idman yapmak,beden hareketleri yapmak | maçlara hazırlanmak için çeşitli uygulamalar yapmak,,
idrak etmek,"akıl erdirmek, anlamak, kavramak | bir zamana veya olaya erişmek | algılamak [ruh bilimi]",,
ifadesini almak,"sorguya çekmek | görgü tanığının anlattıklarını yazmak | tepelemek | üstün gelmek, yenmek",,
ifade etmek,anlatmak,,
ifade vermek,"bir olayla ilgili olarak gördüğünü, bildiğini yetkili veya ilgili kimseye söylemek [hukuk]",,
ifa etmek,"yapmak, yerine getirmek | ödemek",,
ifham etmek,anlatmak,,
iflahını kesmek,"gücünü tüketmek, bir daha düzelemeyecek bir duruma getirmek",,
iflahı kesilmek,gücü tükenmek | çaresiz kalmak,,
iflah bırakmamak,güç kuvvet bırakmamak,,
iflah etmek,kötü bir durum veya hastalıktan kurtarmak,,
iflah olmamak,"onmamak, düzelmemek | doğru davranışta bulunmamak",,
iflas etmek,"bir kimse veya kuruluş için mahkeme kararıyla anaparasını yitirdiği açıklanmak; batmak | düşünce, iddia, tez, kimse vb. değeri düşmek",,
ifna etmek,yok etmek | tüketmek,,
ifrata kaçmak,"çok ileri gitmek, aşırı davranmak",,
ifrata vardırmak,bir şeyin ölçüsünü kaçırmak,,
ifraz etmek,"bir araziyi bölmek, parsellere ayırmak | salgılamak [biyoloji]",,
ifrit etmek,"çok kızmasına yol açmak, öfkelendirmek",,
ifşa etmek,"gizli bir şeyi ortaya dökmek, açığa vurmak, yaymak, ilan etmek, afişe etmek, reklam etmek",,
iftar etmek,iftar yemeği yemek,,
iftihara geçmek,"okuldaki başarısı ve iyi davranışları sebebiyle üstün öğrenci seçilmek, övünç çizelgesinde yer almak",,
iftiharla geçmek,bir sonraki sınıfa üstün başarısını gösteren belge alarak geçmek,,
iftihar etmek,övünmek,,
iftiraya uğramak,kasıtlı ve asılsız suç yüklenmek,,
iftira atmak,iftira etmek,,
iftira çalmak,iftira etmek,,
iftira etmek,"bir suçu birinin üzerine atmak, kara çalmak, kara sürmek, bühtan etmek",,
iftitah olunmak,açılmak,,
iğdiş etmek,"hayvanlarda erkeklik bezlerini çıkarmak veya körletmek; burmak, enemek",,
iğdiş ettirmek,"hayvanlarda erkeklik bezlerini çıkarttırmak veya körlettirmek; burdurmak, enetmek",,
iğfal etmek,"aldatmak | bir kızın veya kadının ırzına geçmek, tecavüz etmek",,
iğne deliğinden geçmek,"aşırı derecede zayıflamak | herhangi bir işte, durumda zorlu bir süreçten geçmek",,
iğne deliğinden Hindistan'ı seyretmek,küçük bir olaydan büyük anlamlar çıkarmak,,
iğne deliğine girmek,"kimsenin bulamayacağı bir biçimde gizlenmek, saklanmak",,
iğne ile kuyu kazmak,"yetersiz araçlarla, sürekli ve sabırlı bir biçimde çalışıp çok güç olan veya çok ağır yürüyen bir işi başarmaya çalışmak",,
iğne ipliğe dönmek,çok zayıflamak,,
iğne olmak,iğne ile vücuduna ilaç verilmek,,
iğne üstünde oturmak,diken üstünde oturmak,,
iğne yemek,iğne olmak,,
iğne yutmuş ite (veya maymuna) dönmek,zayıf ve bitkin duruma gelmek,,
ihaleye çıkarılmak,eksiltmeye veya artırmaya çıkarılmak,,
ihale etmek,bir işi en uygun görülene bırakmak,,
ihanete uğramak,"aldatılmak, sadakatsizlik görmek",,
ihanet etmek,"arkadan vurmak, hainlik etmek | karı, koca birbirini aldatmak",,
ihata etmek,"çevirmek, çevrelemek, kuşatmak, sarmak | kavramak, anlamak",,
ihbar etmek,"bildirmek, haber vermek | bir suçu veya suçluyu yetkili makama gizlice bildirmek",,
ihdas etmek,"ortaya çıkarmak, meydana getirmek | kurmak | bir şeyin olmasına, ortaya çıkmasına sebep olmak",,
ihlal etmek,"bozmak, zarara uğratmak | kurala aykırı davranmak",,
ihmal edilmek,gereken ilgiden yoksun bırakılmak,,
ihmal etmek,"savsamak, savsaklamak, boşlamak | birine gereken ilgiyi göstermemek",,
ihraç etmek,"yurt dışına mal veya hizmet satmak | ilişkisini kesmek | çıkarmak, dışarı atmak | oyun kurallarına aykırı davranışta bulunan oyuncuyu kırmızı kart göstererek oyun dışına çıkarmak, oyundan atmak [spor]",,
ihrama girmek,hac görevini yerine getirmek üzere ihram giymek ve dinî olarak yapılması yasak olmayan bazı şeyleri kendisine yasaklamak,,
ihramdan çıkmak,hac görevini tamamladıktan sonra giyilen ihramı çıkarmak ve nefse konan yasakları kaldırmak,,
ihsasırey etmek,"görüş veya kararı önceden hissettirmek, oyunu önceden açıklamak",,
ihsas etmek,"sezdirmek, ima etmek",,
ihtarda bulunmak,ihtar etmek,,
ihtarname çekmek,yasal yollarla yazılı uyarı göndermek [hukuk],,
ihtar etmek,"uyarmak, dikkatini çekmek | hatırlatmak",,
ihtida etmek,başka bir dinden çıkıp Müslüman olmak,,
ihtilaç etmek,çırpınmak,,
ihtilafa düşmek,"anlaşamamak, bozuşmak, uyuşamamak",,
ihtilattan menetmek,bir hükümlünün başkasıyla görüşmesini yasaklamak,,
ihtilat etmek,hastalık başka bir hastalığa dönmek,,
ihtimal vermek,"bir şeyin gerçekleşebileceğini, olabileceğini düşünmek",,
ihtimal vermemek,"bir şeyin gerçekleşeceğini, olabileceğini hiç düşünmemek",,
ihtira etmek,icat etmek,,
ihtisas yapmak,"belli bir konuda özel eğitim görmek, uzmanlaşmak, ihtisaslaşmak",,
ihtiva etmek,"içine almak, içinde bulundurmak, içermek, kapsamak",,
ihtiyaca cevap vermek,gereksinimi karşılamak,,
ihtiyacı olmak,gereksinmek,,
ihtiyaç duymak,bir kimseyi veya bir şeyi gerekli saymak,,
ihtiyar etmek,"yaşlandırmak, kocaltmak",,
ihtiyar etmek,"seçmek, ortaya koymak",,
ihtiyar olmak,yaşlanmak,,
ihtiyatlı bulunmak,beklenmedik sonuçlara karşı hazırlıklı olmak,,
ihtiyatlı davranmak,"uyanık olmak, düşünerek davranmak",,
ihtiyatlı olmak,herhangi bir konuda ileriyi düşünerek ölçülü davranmak,,
ihtiyatsızlık etmek,önlem almadan davranmak,,
ihtiyat etmek,tedbirli ve ölçülü davranmak,,
ihtizaz etmek,titreşmek,,
ihya etmek,canlandırmak | mutluluğa kavuşturmak | bayındır bir duruma getirmek,,
ihya olmak,daha iyi bir duruma gelmek | mutluluğa kavuşmak | bayındır duruma getirilmek,,
ikamete memur edilmek,sürgün cezasıyla belli bir yerde oturmaya mecbur edilmek,,
ikamet etmek,bir yerde oturmak,,
ikame etmek,yerine koymak | ayakta durdurmak | ortaya koymak,,
ikaz etmek,"uyarmak, dikkat çekmek",,
ikbali sönmek,daha önce iyi olan durumu veya işi bozulmak,,
ikbal görmek,"iyi ve parlak makamlarda bulunmak, gün görmek",,
ikilemde kalmak,iki şey arasında karar verememek,,
ikileme düşmek,iki şey arasında kararsız kalmak,,
ikili oynamak,karşı olan taraflardan her ikisini de desteklemek | at yarışlarında birinci ile ikinciyi tahmin edip para yatırmak,,
ikinci baharı yaşamak,"ileri yaşlarda mutluluk, refah ve esenlik içinde bulunmak",,
ikinci gelmek,bir yarışmada birinciden sonraki dereceyi almak,,
ikinci plana düşmek,"bir kimsenin veya topluluğun gözünde eski önemini, değerini yitirmek",,
ikinci planda kalmak,"geride kalmak, arkada kalmak",,
ikinci planda olmak,"daha geride, daha arkada olmak | daha az önemli olmak",,
ikindiden sonra dükkân açmak,bir işe başlamakta geç kalmak,,
ikisi bir kapıya çıkmak,"aynı sonuca varmak, aynı sonucu doğurmak",,
ikişer olmak,ikişer ikişer sıraya dizilmek,,
ikiz doğurmak,ikiz bebek dünyaya getirmek | herhangi bir işte çok sıkıntı çekmek | herhangi bir işin sonucunu beklerken çok meraklanmak,,
iki arada kalmak,birbirine karşıt iki kişi arasında ne yapacağını bilemeyerek şaşırmak,,
iki ateş arasında kalmak,zor bir durumda karar verememek,,
iki ayağını bir pabuca sokmak,birini bir işi hemen yapması için çok sıkıştırmak,,
iki baştan olmak,"bir şey, her iki tarafın aynı şeyi istemesiyle, iyi niyetiyle gerçekleştirilebilmek",,
iki büklüm olmak,"yorgunluk, hastalık, yaşlılık vb. nedenlerle beli bükülmek, öne doğru eğilmek | riyakârlık, dalkavukluk, gerçek olmayan saygı vb. nedenlerle iki kat olup öne eğilmek",,
iki çift laf (veya lakırtı veya söz) etmek,birkaç söz söylemek | bir araya gelerek sohbet etmek,,
iki eli böğründe kalmak,çaresiz kalıp ne yapacağını bilememek,,
iki eli şakaklarında düşünmek,derin derin düşünmek,,
iki eli yanına düşmek,büyük bir şaşkınlıkla olduğu yerde donakalmak,,
iki eli yanına gelmek,ölmek | büyük bir şaşkınlıkla olduğu yerde donakalmak,,
iki eli (birinin) yakasında olmak,kıyamette ondan davacı olmak,,
iki gözü iki çeşme ağlamak,sürekli veya çok ağlamak,,
iki karpuzu bir koltuğa sığdırmak,aynı anda iki işi veya görevi yapmak,,
iki kat olmak,iki büklüm olmak,,
iki lafı (veya sözü) bir araya getirememek,düşündüğünü doğru dürüst ifade edememek,,
iki lakırtıyı bir araya getirmek,"meramını kısaca, düzgün ve açık bir biçimde anlatmak",,
iki lakırtı etmek,iki çift laf etmek,,
iki paralık etmek,"rezil etmek, utanılacak duruma düşürmek",,
iki paralık olmak,"rezil olmak, utanılacak duruma düşmek",,
iki seksen uzanmak,"bir çarpma, vurma sonucu boylu boyunca yere serilmek",,
iki ucunu bir araya getirememek,"gelirle gideri denkleştirememek, işleri düzene koyamamak",,
iki yakasını bir araya getirememek,maddi sıkıntıdan kurtulup rahata erememek,,
iki yakası bir araya gelmemek,"geçim sıkıntısından bir türlü kurtulamamak, borçtan kurtulamamak",,
ikmale bırakmak,sınıfı geçirmeyip bütünlemeye bırakmak,,
ikmale kalmak,bütünlemeye kalmak,,
ikmal etmek,eksik bir şeyi tamamlamak | bir şeyi sona erdirmek,,
ikmal yapmak,"yiyecek, içecek, cephane vb. sağlamak",,
ikna etmek,inandırmak,,
ikna olmak,"inanmak, kanmak",,
ikrah etmek,"tiksinmek, iğrenmek",,
ikrah gelmek,"tiksinmek, iğrenmek",,
ikrah getirmek,"tiksinmeye, iğrenmeye başlamak",,
ikramda bulunmak,bir şey ikram etmek,,
ikram etmek,"konuğu bir şeyle ağırlamak, konuğa bir şey sunmak | fiyatta indirim yapmak",,
ikram görmek,ağırlanmak,,
ikrardan dönmek,verdiği sözden caymak,,
ikrar etmek,açıkça söylemek | kabul etmek,,
ikrar vermek,söz vermek,,
ikraz etmek,borç veya ödünç vermek,,
iktibas etmek,ödünç almak | alıntılamak [edebiyat],,
iktidara geçmek,iktidara gelmek,,
iktidara gelmek,devlet yönetiminde yetkiyi ele almak,,
iktidardan düşmek,devlet yönetiminde yetkiyi başka bir partiye bırakmak zorunda kalmak | cinsel gücü azalmak,,
iktidarda olmak,devlet yönetiminde yetkiyi elinde bulundurmak,,
iktifa etmek,yetinmek,,
iktiran etmek,"ulaşmak, erişmek",,
iktisap etmek,edinmek,,
iktisat etmek,"para artırmak, tutumlu davranmak, tasarruf etmek",,
iktiza etmek,gerekmek,,
ilaç almak,yutmak,,
ilaç almak,hap yutmak,,
ilaç gibi gelmek,"iyileşmeyi veya çözümü kolaylaştırmak | rahatlatmak, huzura kavuşturmak",,
ilaç yazmak,reçete yazmak,,
ilam etmek,bildirmek,,
ilanıaşk etmek,"bir erkek bir kadına veya bir kadın bir erkeğe kendisini sevdiğini söylemek | bir şeye vazgeçemeyecek derecede bağlanmak, tutkuyla bağlanmak",,
ilan etmek,bir durumu yayım yoluyla duyurmak | bir durumu yaymak | açıkça bildirmek,,
ilan vermek,"çeşitli basın yayın organlarıyla bir durumu duyurmak, açıklamak",,
ilave etmek,"eklemek, ulamak",,
ilca etmek,"zorlamak, zorunda bırakmak",,
ilerisine gitmek,bir işin sonuna kadar gitmek,,
ilerisini gerisini düşünmemek,sonucun ne olacağını hesaplamamak,,
ilerisini gerisini hesaplamamak,"herhangi bir konuda çok ve ayrıntılı düşünmeden hareket etmek, tedbirsizce, ihtiyatsızca davranmak",,
ileriyi görmek,uzağı görmek,,
ileri almak,öne almak | saati sonraki vakte almak,,
ileri geçmek,öne geçmek | üstün bir makama geçmek,,
ileri gelmek,"oluşmak, meydana gelmek | neden olmak | bağlı bulunmak",,
ileri geri etmemek,"uzun boylu tartışmamak, sorgu sual etmemek",,
ileri götürmek,bir durum veya davranışta ölçüyü aşmak,,
ileri sürmek,"öne doğru yürütmek | bir düşünceyi veya tasarıyı önermek, serdetmek",,
ileri varmak,ileri gitmek,,
ileri (veya ileriye) gitmek,"söz ve davranışta ölçü dışına çıkmak, gereksiz, aşırı davranışta bulunmak | ilerlemek, gelişmek",,
iletişim kurmak,"bilgi, haber vb. alışverişi yapmak",,
ilga etmek,bir şeyin varlığını ortadan kaldırmak,,
ilgisini çekmek,"ilgisini, dikkatini ve merakını üzerinde toplamak, alaka duymak",,
ilgisini kesmek,"bir kimse veya şeyle bütün bağlarını koparmak, ilişkisi kalmamak, alakayı kesmek",,
ilgi duymak,"bir işe, bir olaya, bir kimseye önem vermek, yakınlık duymak",,
ilgi görmek,ilgi çekmek,,
ilgi göstermek,"ilgisini esirgememek, belli etmek",,
ilgi odağı olmak,çevrenin yoğun dikkatini üzerinde toplamak,,
ilgi toplamak,"ilgisini yoğunlaştırmak, belli etmek | ilgi görmek",,
ilhak etmek,"egemenliği altına almak | katmak, bağlamak",,
ilham almak,esinlenmek,,
ilham kaynağı olmak,hayal dünyasını beslemek,,
iliğine kadar ıslanmak,çok ıslanmak,,
iliğini kemirmek,çok etkilemek | sömürmek,,
iliğini kurutmak,canından bezdirecek kadar sıkıntı vermek,,
iliği kemiği donmak,çok üşümek,,
iliği kemiği ısınmak,üşümüşken vücudu iyice ısınmak,,
iliklerinde duymak,benliğinde yoğun bir biçimde hissetmek,,
ilişiğini kesmek,"hiçbir ilgisi kalmamak, bağlantılarını koparmak",,
ilişiği kalmamak,"var olan ilgisi, bağlılığı artık olmamak",,
ilişiği olmamak,bağlantısı olmamak,,
ilişkiye girmek,bağlantı kurmak | yakınlaşmak | cinsel ilişkide bulunmak,,
ilişki kurmak,"bağlantı sağlamak, ilgi sağlamak",,
ilkah etmek,döllemek | aşılamak,,
ilkel kalmak,"gelişmemek, ilk durumunda kalmak",,
illallah dedirtmek,"bezdirmek, usandırmak",,
illet etmek,"sakatlamak | sinirlendirmek, kızdırmak",,
illet olmak,"çok sinirlenmek, çok kızmak",,
ilmik atmak,ilmik yapmak,,
ilminden anlamak,herhangi bir şeyin uzmanı olmak,,
ilmini almak,"bir işin özelliklerini, işleyişini en ince ayrıntılarına kadar iyice öğrenmek",,
iltibasa yol açmak,karışıklığa sebep olmak,,
iltica etmek,sığınmak,,
iltifat etmek,"ilgilenmek, saygı göstermek | beğenmek, rağbet etmek",,
iltihak etmek,katılmak,,
iltiması olmak,"arkası, kayırıcısı olmak",,
iltizam etmek,keseneğe almak,,
ilzam etmek,"susturmak | birisi temsil edilen kişi, kurum ve kuruluşu yükümlülük bakımından bağlayıcı imza yetkisine sahip olmak [hukuk]",,
imale etmek,"eğmek, çevirmek",,
imale yapmak,kısa heceyi uzun okumak [edebiyat],,
imal etmek,ham maddeyi işleyerek bir mal üretmek,,
imama uymak,imamın arkasında ona uyarak namaz kılmak | başta bulunana tâbi olmak,,
imamkayığına binmek,ölmek,,
imana gelmek,Müslümanlığı kabul etmek | en sonunda doğruyu söylemek | sonradan bir şeyi kabul edip uymak,,
imana getirmek,Müslümanlığı kabul ettirmek | istenilen biçimde davranmayı zorla kabul ettirmek,,
imanı gevremek,(imanı) çok yorulmak veya sıkıntı çekmek,,
imansız gitmek,Tanrı'ya inanmadan ölmek,,
iman etmek,Tanrı'ya inanmak | güçlü bir inanç duymak,,
iman getirmek,gönül rızasıyla Müslümanlığı kabul etmek | yürekten inanmak,,
imara açılmak,yapılaşma yasağı olan bir yerin üzerine yapı yapılmasına izin vermek,,
imar etmek,"bayındır durumuna getirmek, bayındırlaştırmak, geliştirmek",,
ima etmek,"dolaylı anlatmak, anıştırmak, ihsas etmek",,
imbikten çekmek,damıtmak,,
imdat dilemek,"yardım beklemek, medet ummak",,
imdat etmek,tehlikede olan birine yardım etmek,,
imdat ummak,yardım beklemek,,
imeceye girmek,imece yoluyla yapılacak çalışmaya katılmak,,
imha etmek,"ortadan kaldırmak, yok etmek",,
imkân vermek,bir işin olmasına elverişli ortamı hazırlamak,,
imlaya gelmemek,"bir şey veya düşünce düzenlenemeyecek kadar karışık olmak, yönteme uyamayacak bir durumda olmak",,
imla etmek,birine söyleyip yazdırmak | doldurmak,,
imsak etmek,bir şeyden el çekerek nefsine hâkim olmak,,
imtihana çekmek,"bilgisini ölçmek | denemek, sınamak",,
imtihan etmek,"bilgi derecesini ölçmek | denemek, sınamak",,
imtihan olmak,"bilgisi ölçülmek | denenmek, sınanmak",,
imtihan vermek,sınanmak | tehlikeli ve zor bir durumdan zarar görmeden iyi bir sonuca ulaşmak,,
imtina etmek,bir şeyi yapmaktan çekinmek,,
imtisal etmek,"uymak, benzemeye çalışmak",,
imtizaç etmek,"bağdaşmak, uyuşmak",,
imza etmek,imzalamak,,
imza toplamak,"bir dilekçeyi veya öneriyi, destekleyenlere imzalatmak",,
imza vermek,imza atmak,,
imza (veya imzasını) atmak,imzalamak,,
inadım inat olmak,"söylediğinden veya yaptığından vazgeçmemek, çok direnmek",,
inadı tutmak,çok direnmek,,
inanca vermek,güvence vermek,,
inat etmek,"direnmek, diretmek, ayak diremek",,
inayette bulunmak,lütfetmek,,
inceldiği yerden kopmak,sonucu neye varırsa varsın,,
ince düşünmek,ayrıntılı bir biçimde düşünmek,,
ince eleyip (veya eğirip) sık dokumak,"bir şeyi bütün ayrıntılarıyla araştırmak, gözden veya elden geçirmek",,
incir çekirdeği doldurmamak,çok az veya çok önemsiz olmak,,
inci (veya inciler) döktürmek,"bir konuda önemli, anlamlı ve güzel söz söylemek",,
indifa etmek,"yanardağ, püskürmek",,
indirim yapmak,"fiyatta değer düşürümü yapmak, iskonto yapmak",,
infaz etmek,"yargı kararını yerine getirmek, uygulamak",,
infiale kapılmak,"kızgınlık, öfke duymak",,
infial duymak,"kızgınlık duymak, öfkelenmek",,
infial uyandırmak,"karşısındakinde kızgınlık, öfke oluşturmak",,
infilak etmek,patlamak | şiddetle ortaya çıkmak,,
infisah etmek,bozulmak | yürürlükten çıkmak | dağılmak | kokuşmak,,
inha etmek,atamak için öneride bulunmak,,
inhilal etmek,dağılmak | boşalmak | ayrışmak [kimya],,
inhiraf etmek,sapmak,,
inhisara (veya inhisarına) almak,tekeline almak,,
inhisarında olmak,tekelinde olmak,,
inhisar etmek,"yalnız ... üzerine olmak, yalnız ... için olmak, -den dışarı çıkmamak, bir şeyle sınırlanmak | verilmek, tanınmak",,
inhitat etmek,"çökmek, gerilemek",,
inikâs etmek,yansımak | yankılanmak,,
inisiyatifini kullanmak,gerekli kararları öncelikle almak,,
inkılap etmek,bir durumdan başka bir duruma dönüşmek,,
inkıraza uğramak,yok olmak,,
inkıraz bulmak,bir aileden veya soydan kimse kalmamak,,
inkıraz gelmek,yok olmak,,
inkıtaya uğramak,kesilmek,,
inkıyat etmek,boyun eğmek,,
inkisara uğramak,kırılmak,,
inkisarı tutmak,ilenci gerçekleşmek,,
inkişaf etmek,gelişmek,,
inkârdan gelmek,inkâr etmek,,
inkâr etmek,"yaptığı bir işi, söylediği sözü veya tanık olduğu bir şeyi yapmadığını, bilmediğini, görmediğini söylemek, yaptığını saklamak, yadsımak",,
inme inmek,"vücudun bir yerinde hareket ve hissetme kalmamak, felç gelmek, felç inmek, nüzul inmek",,
insafa gelmek,acımasız ve haksız tutumdan vazgeçmek,,
insaflı çıkmak,"anlayışlı, hoşgörülü olduğu belli olmak",,
insafsızlık etmek,"acımamak, insafsızca davranmak",,
insaf etmek,"acımak, hakkını tanımak",,
insaniyet gütmek,insana yakışır bir biçimde yaşamayı ve düşünmeyi gerçekleştirmeye çalışmak,,
insanlığa sığmamak,"insanı insan yapan, insanın doğasını oluşturan niteliklere yakışmamak",,
insanlıktan çıkmak,çok zayıflamış olmak | insana özgü niteliklerini yitirmek,,
insanlık etmek,insana yaraşır biçimde davranmak,,
insan eti yemek,birini çekiştirmek,,
insan içine çıkamaz olmak,"mahcup olmak, çok utanmak",,
insan içine çıkmak,"toplum içine karışmak, başkalarıyla ilişki kurmak",,
inşat etmek,"bir şiiri, bir edebiyat eserini yüksek sesle okumak",,
inşa etmek,"kurmak, yapmak",,
inşirah bulmak,"iç açılmak, ferahlamak",,
intaç etmek,"sonuçlandırmak, bitirmek",,
intibak etmek,"uymak, alışmak",,
intibak ettirmek,bir memuru hak ettiği dereceye yerleştirmek,,
intifa etmek,asılanmak,,
intihap etmek,seçmek,,
intihar etmek,kendini öldürmek,,
intikal etmek,"yer değiştirmek | anlamak, kavramak | miras olarak babadan çocuğa kalmak",,
intikam almak,öç almak,,
intisap etmek,bağlanmak | girmek | kapılanmak,,
intişar etmek,"yayılmak, dağılmak | yayımlanmak",,
intizar etmek,"beklemek, gözlemek | ilenmek",,
inzimam etmek,katılmak (I),,
inzivaya çekilmek,toplumdan kaçıp hiçbir şeyle ilgilenmeyerek tek başına yaşamak,,
in cin top oynamak,hiçbir canlı varlık bulunmamak,,
ipe çekmek,asarak öldürmek,,
ipe dizmek,boncuk vb.ni ipliğe geçirmek,,
ipe gitmek,ölüme gitmek,,
ipe sapa gelmemek,akla yakın olmamak veya birbirini tutmamak,,
ipe un sermek,geçersiz birtakım nedenler ileri sürerek istenilen işi yapmaktan kaçınmak,,
ipini çekmek,birini ölçülü davranmaya zorlamak,,
ipini kırmak,"azmak, ele avuca sığmaz bir durum almak",,
ipini koparmak,başıboş kalmak,,
ipin ucunu kaçırmak,yönetimde veya bir şeyi kullanmada gereken ölçüyü yitirmek,,
ipi çözmek,ilgisini kesmek,,
ipi kırmak,savuşup gitmek,,
ipi koparmak,bağlı bulunduğu kuruluşla veya yakınlığı bulunan kişi ile ilişkisini kesmek,,
ipi (birinin) eline geçmek,"yönetimi başkasının eline geçmek, kontrolü başkasının elinde bulunmak",,
ipka etmek,"yerinde bırakmak, kaldırmamak, değiştirmemek",,
ipleri birinin elinde olmak,bir işi el altından yönetmek,,
iple çekmek,sabırsızlıkla beklemek,,
ipliği pazara çıkmak,kötü nitelik ve suçları ortaya çıkmak,,
iplik çekmek,kumaştan iplik çıkarmak | iplik eğirmek,,
iplik sarmak,"ipliği makara, bobin vb. bir yere dolamak",,
ipotek altında tutmak,tutuda bırakmak | baskı altına almak,,
ipotek etmek,tutuya koymak,,
iptal etmek,"kullanıştan kaldırmak | bozmak | hükümsüz bırakmak, çürütmek",,
ipten almak,idamdan kurtarmak | zor bir durumdan kurtarmak,,
ipten kuşak kuşanmak,yoksul düşmek,,
ipucu vermek,"aranılan gerçeğe ulaştırabilecek şeyle ilgili, onu bulmaya yarayan bilgi vermek",,
ip atlamak,"ipin iki ucunun tutularak çevrilmesiyle, ipe ayağını ve başını değdirmeden zıplamak",,
ip takmak,birinin kötülüğü için çalışmak,,
iradesini takınmak,"kendine gelmek, toparlanmak",,
irade buyurmak,irade etmek,,
irade etmek,"istemek, dilemek | padişah emretmek",,
irat etmek,söylemek,,
irca etmek,"eski biçime sokmak, çevirmek, döndürmek | indirgemek [kimya]",,
irşat etmek,"doğru yolu göstermek, uyarmak",,
irtibat kurmak,bağlantı sağlamak,,
irtidat etmek,İslam dininden çıkmak,,
irtihal etmek,ölmek,,
isabet almak,"vurulmak, yaralanmak",,
isabet etmek,"nişan alınan yere değmek, rastlamak | çıkmak | yerinde iş görmüş olmak | belli bir yerde bulunmak, yer almak",,
isal etmek,ulaştırmak,,
ise tutmak,dumana tutup karartmak,,
ishal olmak,"amel olmak, sürgün olmak, bağırsakları bozulmak",,
isim yapmak,ad yapmak,,
iskambil kâğıdı gibi devrilmek,birer birer ve birbiri ardı sıra aynı yöne doğru devrilmek,,
iskandil etmek,"deniz derinliğini ölçmek | soruşturmak, araştırmak | bir işin içyüzünü araştırmak, bilgi toplamak | gözetlemek",,
iskelete dönmek,çok zayıflamak,,
iskeleti çıkmak,çok zayıflamak,,
iskele almak,"gemi merdivenleri kaldırılıp harekete hazırlanmak | bir erkek, bir kadına sarkıntılık etmek",,
iskâna açmak,"kadastrosunu, planlarını ve altyapısını bitirip bir bölgeyi inşaat yapmaya hazır duruma getirmek",,
iskân etmek,yurtlandırmak | boş bir yere insan yerleştirmek,,
islim tutmak,istim tutmak,,
ismini bağışlamak,adını bağışlamak,,
ismini cismini almak,"adını, kimliğini belirleyip kaydetmek",,
ismini cismini bilmemek,tanımamak,,
ismini vermek,adını vermek,,
ismi çıkmak,adı çıkmak,,
ismi geçmek,adı geçmek,,
ismi gibi bilmek,adı gibi bilmek,,
ismi (bile) olmamak,adı (bile) olmamak,,
isnat etmek,dayandırmak | iftira etmek,,
ispat etmek,kanıtlamak | tanıtlamak [felsefe],,
israfa kaçmak,gereksiz yere aşırı harcamalarda bulunmak,,
israf etmek,"gereksiz yere harcamak, savurganlık etmek, tutumsuzluk etmek",,
istasyon yapmak,"duraklamak, beklemek",,
istavroz çıkarmak,haç çıkarmak,,
istek duymak,"bir şeye karşı eğilim duymak, arzulamak",,
istek (veya isteğini) uyandırmak,"istemesine, arzu duymasına yol açmak",,
istemesini bilmek,istediğini uygun bir dille söylemek,,
istiane etmek,yardım istemek,,
istiap etmek,"içine almak, sığdırmak",,
istibat etmek,uzaksamak,,
istical etmek,"ivmek, acele etmek",,
isticar etmek,kiralamak,,
istidlal etmek,kanıtlara dayanarak bir sonuca varmak,,
istifadesiz kılmak,yararsız bir duruma getirmek,,
istifade etmek,yararlanmak,,
istifayı basmak,herhangi bir sebeple görevinden ani bir biçimde çekilmek,,
istifayı dayamak,istifa etmek,,
istifa etmek,işinden çekilmek,,
istifini bozmamak,aldırış etmeyip durum ve davranışını değiştirmemek,,
istifra etmek,kusmak,,
istif etmek,"yıkılmayacak bir biçimde, düzgünce yerleştirmek",,
istiğfar etmek,tövbe etmek,,
istihale etmek,biçim değiştirmek | başkalaşmak,,
istihareye yatmak,girişilecek bir işin hayırlı olup olmadığını göreceği rüyadan anlamak için abdest alıp namaz kıldıktan sonra dua okuyarak uyumak,,
istihbar etmek,"haber almak, duymak, öğrenmek",,
istihdam etmek,"bir görevde, bir işte kullanmak",,
istihfaf etmek,"küçümsemek, hor görmek | hafifsemek",,
istihkar etmek,"hakeret etmek, aşağılamak",,
istihlak etmek,tüketmek,,
istihraç etmek,sonuç çıkarmak,,
istihsal etmek,elde etmek | üretmek,,
istihza etmek,"gizli veya kinayeli bir biçimde alay etmek, alaya almak",,
istikamet vermek,"yön vermek, yöneltmek",,
istikbal etmek,karşılamak,,
istikrah etmek,"tiksinmek, iğrenmek",,
istikrar bulmak,"aynı kararda olmak, aynı biçimde sürmek, bir düzende devam etmek | oturmuş olmak, yerleşmiş olmak, sabit duruma gelmek",,
istikraz etmek,borçlanmak,,
istikşaf etmek,keşfetmeye çalışmak,,
istila etmek,bir ülkeyi silah gücüyle ele geçirmek | kaplamak,,
istilzam etmek,gerektirmek,,
istimal etmek,kullanmak,,
istimdat etmek,"yardım istemek, yardıma çağırmak",,
istimlak etmek,kamulaştırmak,,
istimzaç etmek,anket yapmak,,
istim tutmak,gerekli koşulların olgunlaşmasını beklemek,,
istim üstünde olmak,buharla işleyen araçlar kalkmaya hazır duruma gelmek | hemen gidecek durumda bulunmak,,
istinat etmek,dayanmak,,
istinat ettirmek,"dayamak, dayandırmak",,
istinga etmek,yelkenleri toplamak,,
istinkâf etmek,"çekinmek, geri durmak, sakınmak",,
istinsah etmek,yazma bir eseri el yazısıyla kopyalamak,,
istintaç etmek,sonuç çıkarmak,,
istintak etmek,sorguya çekmek,,
istirahat etmek,dinlenmek (I),,
istirhamda bulunmak,istirham etmek,,
istirham etmek,"yalvarmak, dilemek, rica etmek",,
istiskal etmek,hoşnutsuzluğunu belli ederek soğuk davranmak,,
istismar etmek,"işletmek, yararlanmak | birinin iyi niyetini kötüye kullanmak | sömürmek",,
istisna etmek,"ayrı tutmak, dışarıda bırakmak",,
istişare etmek,danışmak,,
istizah etmek,"sorulan soruya açıklayıcı bilgi istemek, bir sorunun açıklanmasını istemek",,
istop etmek,"durmak, çalışmamak",,
isyanları oynamak,isyan etmek,,
isyan etmek,"başkaldırmak | kabullenmemek, razı olmamak",,
işaret çakmak,işaret etmek,,
işaret etmek,"bir şeyi, bir durumu el, yüz hareketleriyle anlatmak, göstermek | dikkat çekmek | işaretlemek",,
işaret vermek,bir araç kullanarak bir şeyi belli etmek,,
işbaşına gelmek,yönetici olmak,,
işbaşı yapmak,iş yerinde işe başlamak,,
işe almak,iş yerinde çalıştırmaya başlatmak,,
işe girmek,"göreve, çalışmaya başlamak",,
işe karışmak,"herhangi bir konuda katkıda bulunmak, görev almak | herhangi bir konuda olumsuz yönde müdahale etmek",,
işe koşmak,birine iş yaptırmak,,
işe sarılmak,kendini tamamen bir şeye veya işe vermek,,
işe yaramak,"kendisinden faydalanılmak, bir yerde kullanılmak",,
işgal etmek,"bir yeri ele geçirmek | bir yeri geçici bir süre için elinde tutmak | işten alıkoymak, oyalamak | uğraştırmak | yer tutmak, kaplamak",,
işgüzarlık etmek,işgüzarca davranmak,,
işinden olmak,"görevini yitirmek, görevinden atılmak",,
işine gelmek,"çıkarına, amacına, düşüncesine uygun olmak",,
işine koyulmak,işini yapmayı sürdürmek,,
işini bilmek,"nereden, nasıl yararlanacağını bilmek, çıkarını bilmek",,
işini bitirmek,öldürmek,,
işini görmek,görevini yapmak | dövmek | öldürmek,,
işini uydurmak,"kurnaz, açıkgöz davranarak işine istediği gibi biçim vermek",,
işini yoluna koymak,"işi veya görevi olumlu olarak yürütmek, sıkıntı çekmeden gerçekleştirmek",,
işin alayında olmak,"bir işe gereken önemi vermemek | işi önem vermeyerek yapmak | işi şaka konusu yapmak, ciddiye almamak",,
işin içinden çıkamamak,"başaramamak, sorunu çözümleyememek",,
işin içyüzünü bilmek,bir olayın veya durumun altında yatan sebebi bilmek,,
işin kolayına kaçmak,"derinliğine araştırmadan basit olarak düşünmek, yüzeyde kalmak, tembellik etmek",,
işin kurdu olmak,"belirli bir konuyla ilgili her şeyi bilmek, uzmanlaşmak",,
işin ortasını bulmak,ortak bir noktada anlaşmak,,
işin rengi değişmek,konu başka biçimde gelişmek | öncekinden farklı davranmaya başlamak,,
işin ucu birine dokunmak,birisi bir işten dolaylı olarak zarar görmek,,
işin üstesinden gelmek,"güç bir işi başarmak, sonuçlandırmak",,
işi ahbaplığa dökmek,yerli yersiz yakınlık göstermek,,
işi aksi gitmek,istenilen sonucu elde edememek,,
işi Allah'a kalmak,"güç şartlar altında, kimseden yardım umudunun kalmadığı bir durumda bulunmak",,
işi anlamak,"gizli bir şeyi, bir sorunu anlamak",,
işi azıtmak,yanlış ve aşırı yollara sapmak,,
işi bitmek,"işi sona ermek | hâli, gücü kalmamak",,
işi bozmak,"yapılan anlaşmayı, verilen sözü tutmamak",,
işi bozulmak,yapmakta olduğu işten gereği kadar kazanç sağlayamaz olmak,,
işi ciddiye almak,soruna önem vermek,,
işi çıkmak,başka bir işle meşgul olmak,,
işi çiş etmek,"işi bozmak, becerememek",,
işi düşmek,birinin yardımına gereksinim duymak,,
işi gücü bırakmak,yaptığı işten uzaklaşmak,,
işi ileri götürmek,beklenenden daha aşırı davranışlar içine girmek,,
işi iş olmak,işi yolunda olmak,,
işi kotarmak,işin üstesinden gelmek,,
işi olmak,yapacak bir şeyi bulunmak | işi istediği gibi bitirmek | uğraşmak zorunda olmak,,
işi pişirmek,aralarında gizlice anlaşmak,,
işi rast gitmek,"şans yardımıyla işi iyi, istediği gibi olmak",,
işi resmiyete dökmek,bir iş veya duruma resmî bir nitelik vermek,,
işi sağlama almak,işin gerçekleşmesi ve bozulmaması için gerekli önlemleri almak,,
işi savsaklamak,"işi yavaşlatmak, gereken önemi göstermemek",,
işi şakaya dökmek,ciddi başlayan bir sözü veya davranışı şakaya çevirmek,,
işi tatlıya bağlamak,"sorunlu bir işi, iyi bir biçimde çözmek",,
işi temizlemek,sorunu çözmek,,
işi uzatmak,bir işi sonuçlandırmamak,,
işi yoluna koymak,işi yapılabilir duruma getirmek,,
işi (bir şeye) vurmak,işi değiştirmek,,
işi ...-e dökmek,işi değiştirip bir başka biçime çevirmek,,
işi ...-e vurmak,"gerekenden başka biçimde davranmak, ... gibi görünmek",,
işkembesini düşünmek,öncelikle karın doyurmayı düşünmek,,
işkembesini şişirmek,oburca yemek,,
işkenceye sokmak,"fiziksel veya manevi sıkıntı vermek, zora sokmak",,
işkilli olmak,kuşkucu durumda olmak,,
işkâl etmek,"güçleştirmek, zorlaştırmak, çetinleştirmek",,
işleme koymak,bir işin gerçekleşmesi için gerekli olan işlemleri başlatmak,,
işlem görmek,"herhangi bir mal, kıymetli kâğıt, döviz vb. piyasada alınmak, satılmak, değiştirilmek [ekonomi]",,
işler açılmak,piyasa canlanmak,,
işler arapsaçına dönmek,işler çok karmaşık bir hâl almak,,
işler becermek,"zararlı, gizli işler yapmak",,
işportaya düşmek,"değerini yitirmek, herkes tarafından kullanılmak",,
işsiz güçsüz kalmak,bulunduğu iş yerinden ayrılarak boşta bulunmak,,
iştaha gelmek,arzulamak,,
iştahı açılmak,yemek isteği artmak,,
iştahı kabarmak,"isteği çoğalmak, heveslenmek",,
iştahı olmak,yemek isteği fazla olmak,,
iştahı yerinde olmak,"yemesi, içmesi ve yaşaması düzenli olmak",,
iştah açmak,yemek isteğini artırmak,,
işten el çektirmek,görevden uzaklaştırmak,,
işten güçten kalmak,herhangi bir sebeple çalışamamak,,
işten güçten vakit bulamamak,çok yoğun çalıştığı için zaman ayıramamak,,
iştial etmek,"tutuşmak, parlamak, alevlenmek",,
iştigal etmek,"uğraşmak, ilgilenmek, meşgul olmak",,
iştirak etmek,katılmak | ortak olmak,,
iştira etmek,satın almak,,
iştiyak duymak,"göreceği gelmek, özlemek | güçlü arzu beslemek",,
iş açmak,"uğraştırıcı, gereksiz bir durumun ortaya çıkmasına sebep olmak",,
iş almak,"yapılması kesinleşen bir işi üstlenmek, taahhüt altına girmek",,
iş ayağa düşmek,"iş, sorumsuz ve yetkisiz olanların elinde kalmak",,
iş başa düşmek,kendi işini kendi görmek zorunda kalmak,,
iş bırakmak,"çalışanlar toplu hâlde işlerini terk etmek, çalışmayı durdurmak",,
iş bilmek,becerikli olmak,,
iş birliği yapmak,amaç ve çıkarları bir olanlarca çalışma ortaklığı kurulmak,,
iş bitirmek,bir işi iyi bir sonuca ulaştırmak,,
iş çatallanmak,bir işte güçlükle karşılaşmak,,
iş çevirmek,"gizli, dolambaçlı bir iş yapmak",,
iş çığırından çıkmak,bir iş amacından saparak düzeltilmesi güç bir durum almak,,
iş çıkarmak,"çok iş yapmak | gereksiz, uğraştırıcı bir işe yol açmak, sorunlara neden olmak",,
iş düşmek,birinin iş yapması gerekmek,,
iş edinmek,"bir şeyi görev, meslek olarak kabul etmek | bir şeyi kendi uğraşı, sorunu durumuna getirmek",,
iş etmek,birine beklemediği bir davranışta bulunarak zarar vermek,,
iş görmek,iş yapmak | iş yapmaya uygun olmak,,
iş göstermek,"yapması için birine iş vermek, iş buyurmak",,
iş inada binmek,bir işi yapmakta direnmek | zıt görüş ve davranışta ısrar edilmek,,
iş işlemek,nakış yapmak,,
iş işten geçmek,bir işi gerçekleştirme imkânı kalmamış olmak,,
iş karıştırmak,fesat sokmak | zararlı bir iş yapmak,,
iş sarpa sarmak,"iş, içinden çıkılması zor bir duruma girmek",,
iş şirazesinden çıkmak,"düzenini kaybetmek, çığırından çıkmak",,
iş tutmak,çalışmak | cinsel ilişkide bulunmak,,
iş vermek,"birine yapacak iş göstermek | gönlü olduğunu gösterecek davranışlarda bulunmak, pas vermek",,
iş yapmak,çalışmak,,
iş (birinden) bitmek,işin sonuçlanması ondan beklenilmek,,
iş (birinde) bitmek,işin bitmesi veya sorunun çözümü birine bağlı olmak,,
iş (birine) kalmak,işin bitmesi için asıl gayret birine düşmek,,
iş (veya işler) becermek,"yapılması kolay olmayan, beklenmeyen veya makbul sayılmayan bir şey (şeyler) yapmak",,
itaatsizlik etmek,"söz dinlememek, boyun eğmemek, buyruğa uymamak",,
itaat etmek,"söz dinlemek, boyun eğmek, verilen buyruğa uymak",,
itap etmek,"paylamak, azarlamak",,
"ite ot, ata et vermek","ata et, ite ot vermek",,
itfa etmek,söndürmek | sönümlemek [ticaret],,
ithaf etmek,"birinin adına sunmak, armağan etmek",,
ithal etmek,içine almak | bir ülkeye başka ülkelerden mal getirmek,,
ithamda bulunmak,itham etmek,,
itham etmek,"suçlamak, suçlu görmek",,
itibara almak,"göz önünde tutmak, hesaba katmak",,
itibardan düşmek,saygınlığını yitirmek,,
itibar etmek,"saygı göstermek, saymak, değer vermek | göz önünde bulundurmak, dikkate almak",,
itibar görmek,"sayılmak, kendisine değer verilmek | aranmak, istenmek",,
itidalini kaybetmek,"aşırılığa kapılmak, soğukkanlılığını yitirmek",,
itidalini muhafaza etmek,"kendini aşırılığa kaptırmamak, kendini tutmak",,
itilaf etmek,anlaşmak,,
itila etmek,yücelmek | yükselmek,,
itimat telkin etmek,güven vermek,,
itina etmek,"özenmek, özen göstermek",,
itin götüne (veya kıçına) sokmak,rezil etmek,,
itiraf etmek,"başkaları tarafından bilinmesi sakıncalı görülen bir gerçeği saklamaktan vazgeçip açıklamak, söylemek, bildirmek | kabul etmek",,
itiraz etmek,"bir düşünce veya kararı benimsemeyerek karşı çıkmak, karşı çıkmak",,
itişip kakışmak,birbirini itmek,,
itiyat etmek,alışkanlık etmek,,
itizar etmek,özür dilemek,,
iti ite kırdırmak,kötülüğü kötülük aracılığıyla ortadan kaldırmak,,
itlaf etmek,"öldürmek, yok etmek, telef etmek",,
itmam etmek,"bitirmek, tamamlamak",,
ittifak etmek,bağlaşmak,,
ittihat etmek,aynı düşünce etrafında toplanmak,,
ittihaz etmek,"saymak, tutmak, ... olarak görmek | almak, gerekeni yapmak",,
it gibi çalışmak,çok çalışmak,,
it izi at izine karışmak,at izi it izine karışmak,,
ivme kazanmak,hızlanmak,,
iyesi olmak,sahip olmak,,
iyiliğe kemlik etmek,iyilik yapan birine kötülükle karşılık vermek,,
iyiliği dokunmak,"yararlı olmak, yararını görmek",,
iyilik bilmek,kendisine yapılan iyiliği unutmamak,,
iyilik etmek,"yararlı işler yapmak, yardımcı olmak",,
iyilik görmek,"maddi, manevi yardım görmek",,
iyiye çekmek,bir düşünce veya olayı olumlu yönüyle değerlendirmek,,
"iyiye iyi, kötüye kötü demek","hatır için söz söylememek, dürüst olmak",,
iyi etmek,"iyileştirmek, hastalıktan kurtarmak | uygun, yerinde bir davranışta bulunmak | soymak, parasını, malını almak",,
iyi gelmek,"yaramak | giyecek, üstüne olmak, uygun olmak | uğurlu gelmek",,
iyi gitmek,bir iş yolunda olmak | yakışmak,,
iyi gözle bakmamak,hakkında iyi düşünmemek,,
iyi gün dostu olmak,dostlarının sıkıntılı zamanlarında onlardan kaçmak,,
iyi karşılamak,"kabul etmek, beğenmek, benimsemek | ilgi göstermek",,
iyi olmak,"hastalıktan kurtulmak, iyileşmek | yerinde olmak | uygun gelmek",,
iyi söylemek,övmek,,
iyot gibi açıkta kalmak,ortada kalmak,,
iyot gibi ortaya çıkmak,istemediği hâlde asıl niyeti ortaya çıkmak,,
izaç etmek,"bunaltmak, tedirgin etmek, baş ağrıtmak",,
izafe etmek,bir şeyi başka bir şeye veya bir nedene bağlamak | bir şeyin birine ait olduğunu göstermek | eklemek,,
izahatta bulunmak,izahat vermek,,
izahat vermek,"açıklamalarda bulunmak, ayrıntılı bilgi vermek",,
izah etmek,"açıklamak, ayrıntılı bilgi vermek",,
izale etmek,"yok etmek, gidermek",,
izam etmek,"büyütmek, abartmak",,
izaz etmek,ağırlamak,,
izdivaç etmek,evlenmek,,
izhar etmek,"açığa vurmak, belirtmek, göstermek",,
izinden yürümek,birine içten bağlanarak onun başladığı işi aynı anlayışla sürdürmek,,
izine basmak,gözden uzaklaştırmayarak ne yaptığını gözetlemek,,
izine dönmek,"bir karar veya yargıdan geri dönmek, bir karardan vazgeçmek, rücu etmek",,
izine düşmek,"av hayvanlarının, gittiği yolu izleyerek arkalarından gitmek",,
izine uymak,düşünce ve davranışlarını benimsemek,,
izini düşürmek,iz düşümünü çıkarmak,,
izini kaybetmek,bir kimse hakkında bilgi alamamak,,
izinli çıkmak,izin alarak belli bir süre için bir yerden ayrılmak,,
izinli saymak,izin vermek | bir işte ayrı tutmak,,
izinsiz kalmak,"izin cezası alarak okuldan veya kışladan dışarı çıkamamak, izinsiz cezası almış olmak",,
izin almak,bir şey yapmak için onay sağlamak,,
izin çıkmak,bir şey yapmada serbest bırakılmak,,
izin istemek,bir şeyi gerçekleştirmek amacı ile onay almaya kalkmak,,
izin koparmak,güçlükle izin almak,,
izin vermek,"birini bir şey yapmada serbest bırakmak | işine son vermek, hizmetinden çıkarmak | birine bir iş yapması için müsaade etmek",,
izi belirsiz olmak,iz bırakmadan ortadan kaybolmak,,
izi silinmek,"ortadan yok olmak, kaybolmak",,
izole etmek,yalıtmak | yalnız bırakmak,,
izzetinefsine dokunmak,onuruna dokunmak | gücüne gitmek,,
izzetinefsine yedirememek,"onursuz kalmayı kabul edememek, düşkünlüğü veya zavallılığı reddetmek",,
iz bırakmak,etkisini kalıcı duruma getirmek,,
iz sürmek,"izlemek, arkasından gitmek, takip etmek | av sırasında hayvanın ayak izlerine bakarak gittiği yeri bulmaya çalışmak",,
İngiliz ipi ile asılmak,İngiliz sicimi ile asılmak,,
İngiliz sicimi ile asılmak,bir işi ustasına yaptırmak,,
jest yapmak,elini kolunu hareket ettirmek | hoşa gidecek bir görüş açıklamak veya bir davranışta bulunmak,,
jeton geç düşmek,"konuşulan veya sözü edilen konuyu geç anlamak, geç intikal etmek",,
jigolo tutmak,"yaşlı, zengin bir kadın genç bir erkekle ilişki kurmak",,
jilet atmak,jiletle saldırmak | kendini jiletlemek,,
jimnastik yapmak,vücudu çevikleştirmek ve güçlendirmek için hareket yapmak,,
jurnal etmek,"biriyle ilgili olarak yetkililere kötülemek, ihbar yazısı vermek veya böyle bir bilgiyi iletmek",,
jübile yapmak,"sporculuk yaşantısını özel bir karşılaşma ile bitirmek [spor] | sanatın çeşitli alanlarında uzun yıllar başarı gösteren kimse için mesleğinin 25, 40, 50 vb. yıl dönümlerinde şenlik yapmak",,
kabadayılık etmek,kabadayı gibi davranmak,,
kabadayılık taslamak,"kabadayı gibi davranmaya, kabadayı gibi görünmeye çalışmak",,
kabahati (birine veya bir şeye) yüklemek,işlediği bir suçu başkasının üzerine atmak,,
kabakulak olmak,kabakulak hastalığına yakalanmak,,
kabak çıkmak,ham çıkmak,,
kabak çiçeği gibi açılmak,utangaçlıktan çabucak sıyrılarak aşırı ölçüde serbest davranmak,,
kabak tadı vermek,"aşırı tekrarlanması, sürdürülmesi yüzünden bir şeyden doygunluk, yorgunluk veya bıkkınlık duyarak onu istemez duruma gelmek | bıktırmak",,
kabak (birinin) başına (veya başında) patlamak,"birçok kimsenin ilgili olduğu bir olaydan, yalnızca bir kimse zarar veya ceza görmek",,
kabalık etmek,"kaba, nezaketsiz davranışlarda bulunmak",,
kabasını almak,"biçim verilecek bir maddenin gereksiz yerlerini gidermek | bir yeri veya bir şeyi gelişigüzel, üstünkörü temizlemek",,
kabına sığmamak,duygularına engel olamayıp taşkın davranışlarda bulunmak,,
kabız olmak,peklik olmak,,
kabine çekilmek,bakanlar kurulu görevini bırakmak,,
kabine düşmek,bakanlar kurulu herhangi bir sebeple görevini bırakmak zorunda kalmak,,
kabir azabı çekmek,"İslam inancına göre öldükten sonra mezarda azap duymak | çok sıkılmak, üzülmek",,
kabuğuna çekilmek,"dışarısı ile olan ilişkilerini kesmek, kimse ile görüşmemek",,
kabuğu dışına çıkmak,içinde bulunduğu ortam veya durumdan ayrılmak,,
kabuksuz yumurtlatmak,bir işi ivedilikle yaptırıp eksik kalmasına yol açmak,,
kabul görmek,"kabul edilmek, onaylanmak",,
kaçacak delik aramak,korku ile saklanacak yer aramak,,
kaçak güreşmek,"güreşirken rakibine uzak durmayı, hücumu değil kaçmayı tercih etmek [spor] | hasımla doğrudan değil, arkadan hileyle uğraşmak | asıl konuya girmeksizin başka şeylerden söz etmek | politikada sık sık düşünce değiştirip esas amacını gizlemek",,
kaçamak yapmak,hoş görülmeyen şeyi gizlice ara sıra yapmak,,
kaçmaktan kovalamaya vakit olmamak,önemli işler yüzünden başka işlere yetişememek,,
kaç baharın yoğurdunu yemek,"çok yaşamak, ömrü uzun olmak",,
kadastroya geçmek,kadastrosu yapılmak,,
kadeh kaldırmak,herhangi birini veya bir şeyi onurlandırmak için içmeden önce kadehleri yukarı kaldırmak,,
kadeh tokuşturmak,içki içerken kadehleri karşılıklı olarak birbirine dokundurmak,,
kadere boyun eğmek,"yazgısını, talihini kabul etmek",,
kader birliği etmek,"her zaman ve her yerde, her durumu birlikte yaşamak, her şeyi paylaşmak",,
kadın olmak,"evlenerek veya bir erkekle beraber olarak genç kızlıktan çıkmak | kadın kocasını, evini iyi yönetmek",,
kadidi çıkmak,"çok zayıflamak, bir deri bir kemik durumuna gelmek | iskeleti görünmek",,
kadife kaplı (veya kadife eldiven içinde) demir yumruk olmak,bir konuda başarı sağlamak için hissettirilmeden uygulanan güç,,
kadir kıymet bilmek,değerini bilmek,,
kadir olmak,"güçlü olmak, gücü olmak, gücü yetmek",,
kadraja girmek,fotoğraf veya kameranın görüntüleme alanına dâhil olmak,,
kadrini anlamak,değerinin farkına varmak,,
kadrini bilmek,"değerini bilmek, yararlanmak",,
kafadan atmak,"bir konu üzerinde inceleme yapmadan rastgele konuşmak, uydurmak, yalan söylemek",,
kafakola almak,güreşte kafa ve kolu birlikte kavrayarak rakibi çevirmek [spor] | etkisi altına alıp kandırmak,,
kafasına dank etmek,"bir olay sebebiyle birden ayılmak, doğruyu anlamak",,
kafasına geçirmek,başına geçirmek,,
kafasına girmek,bir düşünce aklına uygun gelmek | birini bir iş yapmaya kandırmak,,
kafasına girmemek,"anlayamamak, kavrayamamak",,
kafasına kakmak,yapılan bir iyiliği yüzüne vurarak birini üzmek,,
kafasına koymak,"kararını önceden vermiş olmak, önceden şartlanmak, bir şey yapmaya kesin karar vererek zamanını beklemek",,
kafasına saplanmak,sürekli olarak aynı şeyi düşünmek,,
kafasına sığmamak,akıl erdirememek,,
kafasına sokmak,"zihnine yerleştirmek, anlamasını sağlamak",,
kafasına söz girmemek,çok aptal veya inatçı olmak | önemsememek,,
kafasına takılmak,"aklını sürekli meşgul etmek, zihnini kurcalamak",,
kafasına uymak,aklına uymak,,
kafasına vurmak,başına vurmak,,
kafasından aşağı kaynar sular dökülmek,başından aşağı kaynar sular dökülmek,,
kafasından geçirmek,belli belirsiz düşünmek,,
kafasında şimşek çakmak,beyninde şimşek çakmak,,
kafasında tutmak,"bir şeyi unutmamak, aklında tutmak",,
kafasının dikine gitmek,"kendi düşünce ve görüşünün en iyi olduğuna inanarak kimsenin öğüdünü, uyarısını dinlememek",,
kafasının etini yemek,başının etini yemek,,
kafasının kontağı atmak,"çok sinirlenmek, öfke ile dolmak",,
kafasını ezmek,"zararlı olabilecek bir hareketi, bir durumu başlangıçta yok etmek, etkisiz duruma getirmek",,
kafasını işletmek,doğru ve iyi düşünmek,,
kafasını kaldırmak,"karşı gelmek, başkaldırmak",,
kafasını kaldırmamak,"yoğun olarak çalışmak, meşgul olmak | yoğun bir biçimde düşünmek veya çalışmak | karşı gelmemek",,
kafasını kaşıyacak vakti olmamak,başını kaşıyacak vakti olmamak,,
kafasını kırmak,"iyice dövmek, pataklamak",,
kafasını kullanmak,akıllıca davranmak,,
kafasını kurcalamak,"zihnini meşgul etmek, düşündürmek",,
kafasını sokmak,"barınabilecek bir yere yerleşmek, başını sokmak",,
kafasını toplamak,sağlıklı düşünebilir olmak,,
kafasını tütsülemek,sarhoş etmek,,
kafasını uçurmak,kellesini uçurmak,,
kafasını vurmak,bir kimsenin kafasını kesmek,,
kafası bozulmak,"öfkelenmek, kızmak",,
kafası bulanmak,"bir olay karşısında aklı karışmak, anlayamaz, kavrayamaz duruma gelmek",,
kafası dolmak,zihninde çeşitli konular birikmek,,
kafası dönmek,sıkışık bir durumda sersemlemek | kızıp öfkelenmek,,
kafası dumanlanmak,çok dalgın olmak | sarhoş olmak | esrar içmiş olmak,,
kafası durmak,zihin yorgunluğundan düşünemez olmak,,
kafası düzelmek,doğruyu ve iyiyi bulmak,,
kafası ile oynamak,takım sporlarında arkadaşlarının durumunu göz önünde tutup en iyi fırsatı değerlendirerek bedenini fazla yormadan oynamak,,
kafası kazan (gibi) olmak,kafası şişmek,,
kafası kızmak,öfkelenmek,,
kafası sarmamak,"anlamamak, aklı ermemek",,
kafası şişmek,zihni yorulmak | gürültü veya gevezelik sonucu rahatsız olmak,,
kafası yerinde olmamak,gereği gibi düşünecek durumda olmamak,,
kafası yerine gelmek,"kendini toparlamak, kendine gelmek",,
kafası (veya kafasına) takılmak,zihni bir şeyle sürekli olarak uğraşmak,,
kafaya almak,"zaaflarından yararlanarak kandırmak, oyuna getirmek | konu önemliymiş gibi yaparak alaya almak | gemi seyrederken akıntıyı başa almak [denizcilik]",,
kafaya çıkmak,futbolda havadan gelen topa kafa vurmak için sıçramak [spor],,
kafaya girmek,"iyice anlamak, iyice bilmek",,
kafaya takmak,sürekli o şeyi düşünmek,,
kafayı bulandırmak,"önceki düşünceleri altüst etmek, değiştirmek",,
kafayı bulmak,sarhoş olmak,,
kafayı değiştirmek,"düşüncesini, kanaatini değiştirmek",,
kafayı demlemek,içki içmek,,
kafayı üşütmek,"delirmek, çılgınlaşmak",,
kafayı yemek,aşırı yorgunluktan bunalıma düşmek,,
kafayı (bir yere) vurmak,hastalanıp yatağa düşmek | uyumak için yatmak,,
kafa atmak,"kavga sırasında karşıdakinin yüzüne, sert ve şiddetli bir biçimde kafayla vurmak | futbolda topa kafa vurmak",,
kafa bulmak,alay etmek,,
kafa cilalamak,içki içmek,,
kafa eskitmek,zihni yoran sorunlarla sürekli uğraşmak,,
kafa göz yarmak,kavgada karşısındakinin kafasını yaralamak | beceriksizlik göstermek,,
kafa kafaya vermek,iki veya birkaç kişi bir kenara çekilip konuşmak | dayanışmak,,
kafa kalmamak,zihin yorularak çalışmaz olmak,,
kafa patlatmak,bir konu üzerinde pek çok düşünmek | çok konuşup karşısındakini yormak,,
kafa sallamak,ikaz etmek için başını iki yana veya öne arkaya hafifçe eğmek | baş sallamak | doğru veya yanlış her şeye evet demek,,
kafa tutmak,"boyun eğmemek, karşı gelmek, diklenmek",,
kafa yapmak,dalga geçmek,,
kafa yormak,"bir iş, bir konu üzerinde çokça düşünmek",,
kafa (veya kafasını) dinlendirmek,tasa veya zihni yoran sorunlardan kendini uzaklaştırmak,,
kafa (veya kafasını) karıştırmak,önceki düşüncelerini altüst etmek,,
kafa (veya kafasını) şişirmek,gürültü veya gevezelikle bir kimseyi rahatsız etmek,,
kafa (veya kafasını) ütülemek,çok laf edip rahatsız etmek,,
kafa (veya kafayı veya kafasını) dinlemek,"zihni yoran sorunlardan uzak kalmak | sessiz, sakin kalmak",,
kafa (veya kafayı) çekmek,içki içmek,,
kafese girmek,aldatılıp kendisinden çıkar sağlanmak | hapse girmek,,
kafese koymak,aldatıp çıkar sağlamak,,
kağnıyla tavşan avına çıkmak,"bir işi bitirmemek için bahane bulmak, ayak sürümek",,
kağnı gibi gitmek,çok yavaş gitmek,,
kahır yüzünden lütfa uğramak,"birine kötülük olsun diye yapılan iş, onun iyiliğine olmak",,
kahır (veya kahrını) çekmek,uzun süre sıkıntıya katlanmak,,
kahkahadan kırılmak,çok gülmek,,
kahkahayı ağzında söndürmek,edep sınırlarını aşmamak için gülmeyi sınırlamak,,
kahkaha atmak,yüksek sesle gülmek,,
kahkaha fırtınası kopmak,birdenbire toplu olarak kahkaha atma,,
kahkaha tufanı kopmak,birdenbire toplu olarak kahkaha atmak,,
kahpelik etmek,sözünden dönerek birine kötülük etmek,,
kahrından ölmek,"çok üzülmek | aşırı üzüntü, kişinin ölümüne neden olmak",,
kahvaltı etmek,hafif yiyeceklerle karın doyurmak,,
kail olmak,razı olmak | inanmak,,
kaim olmak,yerine geçmek | varlığı sürüp gitmek,,
kakavanlık etmek,kakavanca davranmak,,
kaka yapmak,büyük abdest yapmak,,
kakılıp kalmak,"bir yerde beklemek zorunda kalmak, hiçbir yere gidememek",,
kakır kakır gülmek,sesli ve sürekli gülmek,,
kalabalık etmek,gereksiz olarak yer doldurmak,,
kalafata çekmek,"gemiyi onarmak için karaya çekmek | azarlamak, paylamak",,
kalafat etmek,kalafatlamak | süsleyip çekidüzen vermek,,
kalayı basmak,adamakıllı küfretmek,,
kalbe dokunmak,acı veya üzüntü vermek,,
kalbe işlemek,derin üzüntü uyandırmak,,
kalbe (veya kalbine) doğmak,içine doğmak,,
kalbinde ateş yanmak,"âşık olmak, çok sevmek",,
kalbine girmek,sevgisini kazanmak,,
kalbine saplanmak,yüreğine saplanmak,,
kalbini açmak,yüreğini açmak,,
kalbini burmak,"üzmek, sıkıntı vermek",,
kalbini çalmak,"sevgisini kazanmak, kendine âşık etmek",,
kalbini deşmek,"çok derinden etkilemek, kendine âşık etmek",,
kalbini doldurmak,yüreğini sevgiyle ısıtmak,,
kalbini eritmek,"kabalığını, katılığını, sertliğini veya acımasızlığını ortadan kaldırmak, acımasını sağlamak, yumuşatmak",,
kalbini okumak,"birinin duygu ve düşüncelerini, niyetini anlamak",,
kalbiyle konuşmak,"düşüncelerini, duygu ağırlıklı bir biçimde anlatmak",,
kalbi ağzına gelmek,yüreği ağzına gelmek,,
kalbi boş olmak,sevgilisi bulunmamak,,
kalbi çarpmak,kalbi çok vurmak | çok heyecanlanmak | yüreği çarpmak,,
kalbi dayanmamak,"aşırı heyecan, üzüntü, yorgunluk veya herhangi bir hastalık yüzünden kalbi durmak, ölmek | yüreği dayanmamak",,
kalbi dolu olmak,sevgilisi olmak,,
kalbi ferahlamak,yüreği ferahlamak,,
kalbi kararmak,inancını kaybetmek | yüreği kararmak,,
kalbi parçalanmak,yüreği parçalanmak,,
kalbi sıkışmak,yüreği sıkışmak,,
kalbi sızlamak,yüreği sızlamak,,
kalbi yırtılmak,acı duymak,,
kalbura çevirmek,delik deşik etmek,,
kalbura dönmek,delik deşik olmak,,
kalburdan geçirmek,"kalbur yardımıyla ayırmak, elemek",,
kalburla su taşımak,"verimsiz, sonuçsuz bir işle uğraşmak",,
kalburüstüne gelmek,"benzerleri arasında sivrilmiş olmak, seçkin duruma gelmek",,
kalburüstü kalmak,kalburüstüne gelmek,,
kaldırıma düşmek,"önemini, değerini yitirmek | ucuz fiyatla sokakta satışa çıkarılmak",,
kaldırımları arşınlamak,işsiz güçsüz dolaşmak,,
kaldırım çiğnemek,şehirde yaşayarak görgüsü artmak,,
kalebent etmek,suçluluğu yüzünden mahkûm etmek,,
kaleme almak,"bir konuyu yazı durumuna getirmek, yazıyla anlatmak",,
kaleme gelmek,yazılabilmek veya anlatılabilmek,,
kaleme (veya kaleme kâğıda) sarılmak,yazmaya başlamak,,
kaleminden çıkmak,herhangi biri tarafından yazılmak,,
kaleminden kan damlamak,yazıları acı ve dokunaklı olmak | etkili yazmak,,
kalemine dolamak,herhangi bir konuyu sürekli olarak yazmak | bir kimseyi sürekli olarak yazılarıyla kötülemek,,
kalemi olmak,herhangi bir nitelikte yazı yazabilmek,,
kalem açmak,kalemin ucunu yontup kullanılabilecek bir duruma getirmek,,
kalem çekmek,gereksiz olduğunu belirtmek için üstünü çizmek,,
kalem kırmak,idam kararı verildiğinde bir daha idam kararı imzalamamak için hâkim kalemini kırmak [hukuk],,
kalem oynatmak,yazı yazmak | bir yazıyı düzeltmek | bir yazı veya belge üzerinde gizlice değişiklik yapmak,,
kaleyi içinden fethetmek,davasını karşı taraftan birinin yardımıyla kazanmak | içine girmek istediği ailenin bir ferdinin sevgisini ve güvenini kazanarak söz konusu aile tarafından kabul edilme imkânı elde etmek,,
kale almamak,"önem vermemek, hesaba katmamak, sözünü etmeye değer bulmamak",,
kalıba dökmek,dökmecilikte erimiş madeni kalıbın içine akıtmak,,
kalıba vurmak,biçimi bozulmuş bir şeyi düzeltmek için kalıba geçirmek,,
kalıbından utanmamak,dıştan görüntüsünün verdiği etkiyi hiçe saymak,,
kalıbının adamı olmamak,görünüşünden beklendiği gibi olmamak,,
kalıbını basmak,bir şeyi güvenle doğrulamak,,
kalıbı kıyafeti yerinde olmak,kılık kıyafeti gösterişli olmak,,
kalıptan kalıba girmek,çıkar sağlamak için her duruma uymak,,
kalıp gibi oturmak,"giysi, vücuda tam uymak",,
kalıp gibi serilmek,yorgunluktan upuzun yatmak,,
kalıp gibi uyumak,kımıldamadan uzun ve derin bir uyku uyumak,,
kalıp kesilmek,olduğu gibi kalmak,,
kalkan etmek,"öne çıkarmak, belirgin duruma getirmek",,
kalkan olmak,birinin zor duruma düşmesini önlemek için kendini siper etmek,,
kalkıp kalkıp oturmak,"öfke, heyecan vb. duygular sebebiyle yerinde duramaz olmak, hop oturup hop kalkmak",,
kalkışa geçmek,uçak havalanmak için pistten ayrılmak,,
kalleşlik etmek,sözünde durmayarak döneklik etmek | birine gizlice kötülük etmek,,
kalp etmek,bir durumdan başka bir duruma çevirmek,,
kalp olmak,"sahte, düzme olmak",,
kalp olmak,bir durumdan başka bir duruma çevrilmek,,
kalp olmamak,acıma duygusu olmamak,,
kalp (veya kalbini) kırmak,gönül kırmak,,
kamanço etmek,"yüklemek, aktarmak, elden ele geçirmek",,
kama basmak,oyunda yenmek,,
kambura vermek,"ciltlenecek kitabın sırtını, formalar dikildikten sonra çekiç veya makine yardımıyla yuvarlaklaştırmak",,
kambura yatmak,ayakta duran birini sırtüstü düşürmek için gizlice arkasında iki büklüm olup eğilmek ve başka birinin onu önden üzerine itmesini sağlamak,,
kamburunu çıkarmak,"insan, kedi vb. sırtını tümsek duruma getirmek",,
kamburu çıkmak,sırtı kambur olmak | ihtiyarlamak | eğilerek yapılan işler için çok çalışmış olmak,,
kameti artırmak,yüksek sesle konuşmak | ortalığı velveleye vermek,,
kamet getirmek,farz namazına durmak için kamet okumak,,
kampana çalmak,"gemi, istasyon vb. yerlerde belirli vakitlerde çan çalmak",,
kampa girmek,yarışmaya iyi biçimde hazırlanabilmek için gerekli donanımı bulunan bir yerde toplu hâlde bulunmak | belirlenen amaç doğrultusunda yoğun bir biçimde çalışmak,,
kamp kurmak,kamp için kalınacak yerde gerekli düzeni sağlamak,,
kamp yapmak,"kampa girmek | bir süreliğine şehir ortamından uzak bir yerde, çadır, baraka vb. eğreti yerlerde konaklayarak doğada yaşamak",,
kamufle etmek,gizlemek,,
kanaat etmek,yetinmek,,
kanaat getirmek,"kanmak, aklı yatmak, inanmak",,
kanadı altına almak,"korumak, himayesine almak",,
kanat açmak,"birini korumak, himaye etmek",,
kanat alıştırmak,bir işe alışmaya çalışmak,,
kanat çırpmak,uçmak | kanatlarını hareket ettirmek | yeni bir başlangıç yapmak,,
kanat germek,"koruması altına almak, himaye etmek",,
kanayan yara olmak,"sürekli sıkıntı, üzüntü ve zarar veren bir durumda olmak",,
kana kan istemek,kısas yapılmasını istemek,,
kana susamak,öldürme hırsı duymak,,
kancıklık etmek,"döneklik, kalleşlik etmek",,
kandilin yağı tükenmek,"hayat sona ermek, ölmek",,
kangren olmak,"vücudun herhangi bir yerindeki doku, kan gelmemesi sonucu ölmek | kangrenleşmek",,
kanına çılgınlık yürümek,"gözü hiçbir şeyi görmemek, aşk vb. duyguların etkisiyle ne yaptığını bilmemek, aklı başından gitmek",,
kanına dokunmak,çok sinirlenmek,,
kanına ekmek doğramak,"birinin ölümüne yol açarak sevinmek | birini küçük düşürmek, birine zarar vermek",,
kanına girmek,"birini aklında olmayan veya istemediği bir düşünceye, davranışa yönlendirmek | (bir şey) düşüncelere nüfuz etmek | birini öldürmek veya öldürtmek",,
kanına işlemek,bir şeyi aşırı ölçüde benimsemek | büyük ölçüde etkisinde kalmak,,
kanına susamak,belasını aramak,,
kanını emmek,insafsızca sömürmek,,
kanını içine akıtmak,sıkıntısını belli etmemek,,
kanını kaynatmak,"heyecanlandırmak, coşturmak",,
kanını kurutmak,canından bezdirmek,,
kanını yerde koymak,birini öldüreni ölümle cezalandırmamak,,
kanısında olmak,"inancında olmak, kanaatinde olmak",,
kanıya varmak,belli bir kanı edinmiş olmak,,
kanıyla ödemek,yaptığının cezasını hayatıyla ödemek,,
kanı ısınmak,birine karşı yakınlık duymak,,
kanı içine akmak,derdini dışa vuramamak,,
kanı kaynamak,coşkun ve kıpırdak olmak,,
kanı kaynamak,çabucak sevgi duymak,,
kanı kurumak,"çok usanmak, çok bıkmak | bitkin, yorgun, cansız duruma düşmek",,
kanı sulanmak,kansızlığa uğramak,,
kanı temizlenmek,"öldürülenin arkasından, öldüren kişi veya yakınlarından birini öldürerek öç almak",,
kani olmak,"kanaat getirmiş olmak, inanmak",,
kanlısı olmak,birinin katili olmak,,
kanlı bıçaklı olmak,aralarında herhangi bir nedenden dolayı birbirini öldürecek kadar düşmanlık bulunmak,,
kanlı yaş (veya yaşlar) dökmek,büyük üzüntüyle ağlamak,,
kantarın topunu kaçırmak,ölçüyü kaçırıp aşırı davranmak,,
kantarlıyı savurmak,ağır bir biçimde sövmek,,
kanuniyet kesbetmek,"yasa niteliğini kazanmak, yasa durumu almak, yasalaşmak",,
kanunu çiğnemek,yasal olmayan iş yapmak,,
kanun çıkarmak,Türkiye Büyük Millet Meclisi kanun hazırlayarak kabul etmek,,
kan ağlamak,büyük bir üzüntü içinde bulunmak,,
kan akıtmak,kurban kesmek,,
kan akmak,"savaş, çatışma, dövüş olmak | ölmek",,
kan alacak damarı bilmek,nereden veya kimden çıkar sağlanabileceğini bilmek,,
kan almak,damardan bir miktar kan çekmek veya akıtmak,,
kan boğmak,beynine kan hücumuyla ölmek,,
kan boşanmak,hızlı ve çok kan akmak,,
kan çekmek,"yüz ve huy, anne veya baba tarafının yüzüne ve huyuna benzemek | akrabalar, birbirlerine yakınlık duymak",,
kan çıkmak,"kan dökülmek, cinayet işlenmek",,
kan davası gütmek,intikam almak istemek,,
kan dere gibi akmak,vücudun bir yerinden çok kan akmak veya bir savaşta çok kişi yaralanarak ölmek,,
kan dökmek,"ölüme yol açmak, cana kıymak",,
kan gelmek,kanamak,,
kan gitmek,büyük ve küçük abdestini yaparken kan gelmek | kadınlarda aybaşı çok kanlı olmak,,
kan gövdeyi götürmek,çok kan dökülmek,,
kan gütmek,kan dökerek öç almak istemek,,
kan istemek,öldürülen bir kimsenin öcünün alınmasını istemek,,
kan kaybetmek,"herhangi bir nedenle vücuttan çok kan akmak | güçsüzleşmek, etkisini kaybetmek",,
kan kusturmak,çok eziyet çektirmek,,
kan kusup kızılcık şerbeti içtim demek,çok eziyet çektiği hâlde durumunu iyi göstermek,,
kan olmak,insan öldürülmek,,
kan olmak,aralarında kan davası bulunmak,,
kan oturmak,"bir damarın çatlamasıyla sızan kan, dokular arasına akıp kalmak",,
kan revan içinde bırakmak,her yanını kana bulamak,,
kan revan içinde kalmak,her yanı kana bulanmak,,
kan tere batmak,kan ter içinde kalmak,,
kan ter içinde kalmak,"çok terli, yorgun ve perişan bir durumda olmak",,
kan tutmak,kan gördüğünde bayılmak | şok geçirmek,,
kan vermek,"hastaya, yaralıya kan aktarmak | kan nakli için kan aldırmak",,
kan yürümek,bir organda aşırı kan birikmek,,
kapağı atmak,"sıkıntısız, rahat bir yere sığınmak, kaçıp kurtulmak",,
kapak atmak,"aşırı, tıka basa dolmuş olmak",,
kapalı duruşma yapmak,duruşmaları gizli sürdürmek,,
kapalı geçmek,bir konuda önemli noktaya değinmemek,,
kapalı olmak,iş yapmamak | ilgisiz kalmak,,
kapalı yetişmek,"toplum hayatına girmeden, karışmadan yetişmek",,
kapana sıkıştırmak,"birini zor durumda bırakmak | birini hile ile zor duruma sokmak, işin içinden çıkamaz duruma getirmek",,
kapanın elinde kalmak,çok istenir ve aranır olmak | bir şeyden ancak çabuk davranabilenler yararlanmak,,
kapan kurmak,bir hayvanı tuzağa düşürmek için kapan hazırlamak | Birine tuzak kurmak,,
kapıdan çevirmek,"geri döndürmek, kabul etmemek",,
kapıda kalmak,içeri girememek,,
kapıları açık tutmak,herhangi bir konuda ilişkiyi kesmeden anlaşma ortamını sürdürmeye çalışmak,,
kapıları kapamak,bütün ilişkileri kesmek veya anlaşma ortamını ortadan kaldırmak,,
kapılar yüzüne (veya üzerine veya üstüne) kapanmak,istenilen şeye ulaşma imkânı verilmemek,,
kapıp koyuvermek,"kendini salmak, bırakmak | bırakmak, vazgeçmek",,
kapısına kilit vurmak,girilip çıkılmasını önlemek için bir yeri kapamak | bir yerin çalışmasına son vermek,,
kapısını aşındırmak,yanına çok sık gitmek,,
kapısını çalmak,birine başvurmak,,
kapış kapış etmek,bir şeyin üzerine üşüşüp aceleyle almak,,
kapış kapış gitmek,"çok çabuk satılmak, çok istenir olmak",,
kapış kapış gitmek,çok satılmak | çabucak satılmak | çok istenir olmak,,
kapış kapış yapmak,"telaşlı bir biçimde, aceleyle almak",,
kapış kapış yapmak,"telaşlı bir biçimde, aceleyle almak",,
kapış kapış yemek,çok iştahla yemek,,
kapıya dayanmak,"gelip çatmak | bir şey elde etmek için bir yeri, bir kimseyi zorlamak, göz korkutmak",,
kapıyı açmak,bir işe veya bir konuya öncelikli olarak başlamak | bir işte başkalarına örnek olmak,,
kapıyı büyük açmak,çok masraflı bir işe girişmek veya hesapsız harcamak,,
kapıyı göstermek,"kovmak, uzaklaştırmak",,
kapı açmak,"bir şeyin sözünü etmek veya bir işe başlamak | pazarlığa çok yüksek bir fiyatla başlamak | ortaya çıkarmak, başlatmak | tavlayla oynanan hapis oyununda rakibin bir pulunu iki pul ile hapsetme durumundan mecburi olarak çıkmak",,
kapı aralamak,"bir konuya giriş yapmak, karşısındakini hazırlamak",,
kapı aramak,ev ziyareti yapmak istemek,,
kapı kapı aramak,her yeri aramak,,
kapı yapmak,bir şey istemek veya söylemek için karşısındakini önceden başka sözlerle hazırlamak | ev gezmesi yapmak,,
kapora vermek,güvenmelik vermek,,
kapris yapmak,"değişken, geçici isteklerde bulunarak huysuzca davranmak",,
kapsamını genişletmek,bir şeyin sınırları içine giren ögeleri genişletmek; şümullendirmek,,
kaput etmek,kâğıt oyununda karşısındakini tek sayı alma imkânından yoksun bırakmak,,
karaborsaya düşmek,bir mal gizlice pahalıya alınıp satılır olmak,,
karagözlük etmek,güldürüp eğlendirecek davranışlarda bulunmak,,
karagöz oynatmak,komik bir durum yaratmak,,
karakola düşmek,herhangi bir suç dolayısıyla karakolluk olmak,,
karakolluk olmak,kavga sonucu karakola gitmek zorunda kalmak,,
karakol gezmek,"huzur ve güvenliği sağlamak amacıyla dolaşmak, devriye gezmek",,
karakol kurmak,herhangi bir yerde güvenliği sağlamak amacıyla karakol oluşturmak | güvenlik görevlisi yasa dışı faaliyetler yürütüldüğü belirlenen bir yerde gerekli diğer birimler gelinceye kadar beklemek,,
karakterize etmek,ayırıcı niteliğini ortaya koymak; ıralamak,,
karambole getirmek,karışıklıktan yararlanarak birini aldatmak | bir işi aşırı bir çabuklukla yaparak gereken özeni göstermemek,,
karamsar olmak,"kötümserliğe kapılmak, bedbin olmak",,
Karamürsel sepeti sanmak,bir kimse veya şeyi ufaklığından dolayı önemsememek,,
karanfili sıkmak,tehlikelere ve güçlüklere göğüs gerebilmek,,
karanlığa gömülmek,koyu karanlık içinde kalmak | büyük sıkıntı ve keder içinde kalmak,,
karanlığa kalmak,gidilecek yere varmadan akşam olmak,,
karanlıkta göz kırpmak,bir şeyi anlatmak isterken karşısındakinin anlayamayacağı bir işarette bulunmak veya bir söz söylemek,,
karanlık etmek,bir şeyin önünde durarak görünmesine engel olmak,,
karanlık kesilmek,ortalık birdenbire kararmak,,
karara bağlamak,"bir davayı, bir sorunu çözümlemek, sonuçlandırmak",,
karara kalmak,davanın görüşülmesi bitip yargıcın kararını beklemek,,
karara varmak,"bir konuda anlaşmak, bir şeyi kararlaştırmak",,
kararında bırakmak,ölçüyü aşmamak,,
karar almak,"bir davayı, bir sorunu sonuca bağlamak",,
karar altına almak,"karar vermek, kararlaştırmak",,
karar bulmak,kararlı bir durum almak | yatışmak,,
karar kılmak,birçok şeyi deneyip birini seçmek,,
karar vermek,"bir sorunu karara bağlamak, kararlaştırmak",,
karavanadan yemek,aynı kaptan topluca yemek,,
karavana atmak,hedefi vuramamak,,
karavana çıkmak,yemek hazırlanmak veya gelmek,,
karaya ayak basmak,"deniz, göl vb.nden karaya çıkmak | deniz taşıtından karaya çıkmak",,
karaya çıkarmak,göl veya denizden karaya çıkmasını sağlamak,,
karaya düşmek,deniz içinde bulunan bir şey akıntı veya dalga ile kıyıya atılmak,,
karaya düşürmek,gemi vb.ni kıyıya yanaştırmak,,
karaya oturmak,gemi denizin sığ bölümüne saplanıp kalmak,,
karaya vurmak,karaya çarpmak | denizdeki bir cisim kendini karaya atmak,,
kara çalmak,"birine iftira etmek, kara sürmek",,
kara kara düşünmek,"çok üzüntülü olmak, düşünceye dalmak",,
kara listeye almak,"birini, bir grubu, bir ülkeyi sakıncalı veya zararlı görmek",,
kara para aklamak,yasa dışı yollarla elde edilen parayı yasallaştırmak için yatırım yapmak,,
kara sürmek,kara çalmak,,
kara yasa bürünmek,aşırı üzülmek | derin derin düşünmek,,
karda yürüyüp (veya gezip) izini belli etmemek,kimsenin sezemeyeceği biçimde gizli iş çevirmek,,
kardeşliğe sığmamak,kardeşlik ilişkilerinin aksine birbirlerine kötü davranmak,,
kardeşlik etmek,"kardeş gibi hareket etmek, kardeşçe davranmak",,
kardeş kanı dökmek,aralarında çeşitli bakımlardan yakınlık bulunan kimseler birbirini öldürmek,,
karekök almak,karesi verilen bir sayıyı hesaplamak,,
karesini almak,bir sayıyı kendisiyle çarpmak [matematik],,
kargadan başka kuş tanımamak,bildiğinden veya öğrendiğinden kesinlikle şaşmamak,,
kargaşa çıkarmak,gürültü patırtıya yol açmak,,
karga etmek,tulumbanın kurumuş kösele supaplarını ıslatarak şişirmek için üzerinden su döküp kolu işletmek | bir geminin serenlerini daha az yer tutsun diye veya yas belirtisi olarak eğik bir duruma getirmek,,
karga tulumba etmek,"birkaç kişi, birini kollarından bacaklarından tutup kaldırmak",,
karılık etmek,"evli bir kadın kocasına olan görevini yerine getirmek | (erkek için kızgınlıkla söylendiğinde) kalleşlik etmek, döneklik etmek",,
karınca yuvası gibi kaynamak,çok kalabalık ve hareketli olmak,,
karın doyurmak,geçinmek | yararı olmak,,
karısının üstüne evlenmek,karısı varken bir kadınla daha evlenmek,,
karışanı görüşeni olmamak,"işine kimse karışmamak, özgür olmak",,
karış karış bilmek,en ince ayrıntısına kadar biliyor olmak,,
karış karış dolaşmak,her yeri gezmek,,
karı koca olmak,nikâhlı veya nikâhsız birlikte yaşamaya başlamak,,
karikatürize etmek,karikatürleştirmek,,
karinaya basmak,karina etmek,,
karina etmek,gemiyi karinası ortaya çıkacak biçimde bir yanı üzerine yatırmak,,
karine ile anlamak,sözün gelişinden çıkarmak,,
kariyer yapmak,"uzmanlık alanında çalışmak, uzmanlaşmak, ihtisas yapmak",,
karizmayı çizdirmek,"var olan etkileyiciliğini kaybetmek, utanılacak kötü bir duruma düşmek",,
karmakarışık etmek,çok karışık duruma getirmek,,
karmakarışık olmak,çok karışık duruma gelmek,,
karmakarış etmek,çok karışık duruma getirmek,,
karmakarış olmak,çok karışık duruma gelmek,,
karmanyolaya getirmek,soymak,,
karman çorman etmek,çok karışık ve düzensiz duruma getirmek,,
karman çorman olmak,çok karışık ve düzensiz duruma gelmek,,
karneye bağlamak,karne ile satmaya başlamak,,
karnını doldurmak,çok yemek yemek | gebe kalmak,,
karnı büyümek,hamileliği belirgin duruma gelmek,,
karnı davul olmak,hamileliği belirgin duruma gelmek,,
karnı geniş olmak,her düşünceyi kolaylıkla kabul etmek,,
karnı karnına geçmek,"açlıktan, bitkinlikten, bakımsızlıktan karnı içeriye çekilmek",,
karnı tok sırtı pek olmak,"geçimi iyi olmak, para sıkıntısı olmamak",,
karnı zil çalmak,çok acıkmış olmak,,
karşılıkta bulunmak,cevap vermek,,
karşılık vermek,"küçük büyüğüne karşı gelmek | cevap vermek, yanıt vermek",,
karşısına almak,kendisine karşı düşüncede olmasını sağlamak,,
karşısına dikilmek,birinin karşısında durmak | karşıt olmak | engel olmak,,
karşısına geçmek,"karşı düşünceye katılmak | karşı partiye, gruba gitmek | birinin veya bir şeyin karşısında durmak",,
karşı açıdan bakmak,bir düşünce veya olayı diğer tarafa göre değerlendirmek,,
karşı çıkmak,"dışarıdan gelenleri karşılamaya gitmek | bir düşünceye katılmamak, cephe almak",,
karşı durmak,"direnmek, dayanmak",,
karşı gelmek,başkaldırmak | birini karşılamak,,
karşı karşıya gelmek,birden karşılaşmak | zıtlaşmak | savaşmak üzere bir yerde karşılıklı bulunmak | müsabaka yapmak [spor],,
karşı karşıya getirmek,"birbirine rakip etmek, düşman etmek",,
karşı karşıya kalmak,istemediği bir durumla karşılaşmak | gole giden oyuncuyla rakip kaleci arasında kimse olmamak [spor],,
karşı karşıya olmak,bir araya gelmek,,
karşı koymak,boyun eğmemek,,
karşı olmak,"birine veya bir düşünceye katılmamak, karşıt olmak",,
karta kaçmak,tohuma kaçmak,,
kart basmak,işçiler iş yerine giriş ve çıkışta gelip gittiklerini bir makine aracılığıyla belirtmek,,
kart çıkarmak,hakem kural dışı hareket eden oyuncuya cezalandırma amacı ile sarı veya kırmızı kart göstermek [spor],,
kart okutmak,toplu taşıma vb.nde geçişi sağlamak için kişiye ait kartı elektronik bir cihaza göstermek,,
kasadan geçirmek,ürünün üzerindeki fiyatı kasaya okutmak,,
kasavet çekmek,sıkıntı içinde olmak,,
kasavet etmek,"çok sıkılmak, içi daralmak",,
kasayı devretmek,işletmelerde nöbetleşe çalışan kasadarlar kasa mevcudunu birbirine aktarmak,,
kaseti çıkmak,"bir kişiye, bir gruba veya birkaç besteciye ait müzik parçalarının toplandığı bir kaset satışa çıkmak [müzik] | (birinin) yüz kızartıcı veya suç niteliği taşıyabilecek ses veya görüntü kayıtları ortaya çıkmak",,
kasıp kavurmak,"baskı yaparak veya kıyıcı davranışlarla bir topluluğu ezmek, zulmetmek | çok zarar vermek, mahvetmek | çok etkilemek, hüküm sürmek",,
kaskatı kesilmek,"aşırı coşku, soğuk, korku, üzüntü vb. etkisiyle hareket edemeyecek, bir şey söyleyemeyecek duruma gelmek, donup kalmak | sertleşmek, katılaşmak",,
kaskatı olmak,"kıpırdamamak, hareketsiz kalmak | sertleşmek, katılaşmak",,
kasnak işlemek,kasnakta nakış işlemek,,
kastı olmak,"birine kötülük etme, zarar verme isteği beslemek",,
kasvet vermek,iç sıkıntısı vermek,,
kaşıkla verip kepçeyle geri almak,yaptığı bir iyilikten daha fazlasını istemek,,
kaşıkla yedirip sapıyla (gözünü) çıkartmak,yaptığı bir iyiliği hiçe indirecek kötülükte bulunmak,,
kaşık sallamak,yemek yemek,,
kaşının altında gözün var dememek,gözünün üstünde kaşın var dememek,,
kaşını gözünü eğmek,kızgın bir durumdayken kaş çatmak,,
kaşı (veya kaşları) çatılmak,"öfkelenmek, kızmak",,
kaşlarını çatmak,"kızmak, öfkelenmek",,
kaşmerlik etmek,soytarılık etmek,,
kaş göz etmek,kaş ve göz işaretleriyle bir şey anlatmaya çalışmak,,
kaş göz işareti yapmak,"kaş ve gözle bir şeyler anlatmak, dikkat çekmek",,
kaş (veya kaşını) yıkmak,kaşlarını çatmak,,
katakulliye gelmek,tuzağa düşmek,,
katakulliye getirmek,tuzağa düşürmek,,
katakulli okumak,"yalan söylemek, palavra atmak",,
katakulli yapmak,"tuzak veya düzen hazırlamak, oyun oynamak",,
katalizör olmak,işin etkinleşmesini ve hızlanmasını sağlamak,,
katık etmek,"ekmeğin çok, yemeğin az olduğu durumlarda yemeği ölçülü yemek",,
katıla katıla ağlamak,aşırı derecede ağlamak,,
katıla katıla gülmek,aşırı derecede gülmek,,
katır kuyruğu gibi kalmak,bir işte ilerlemeden kalmak,,
katır tepmişe dönmek,"çok hırpalanmak, perişan duruma düşmek, felaketin nereden geldiğini anlayamamak",,
katı kalpli olmak,"olan bitenden etkilenmemek, duygusuzlaşmak",,
katkıda bulunmak,"bir şeyin oluşmasına, gelişmesine veya gerçekleşmesine emek, bilgi, para vb. ile yardım etmek",,
katmer kaldırmak,karışıklık çıkarmak,,
kat çıkmak,yapıya kat eklemek,,
kauçuk toplamak,otomobil yarışlarında pistteki lastik parçalarını yavaş gidip lastik üzerine yapışmasını sağlayarak toplamak,,
kavalyelik etmek,kadına dansta veya bir toplantıda eşlik etmek,,
kavara çekmek,yellenmek,,
kavgasız gürültüsüz yaşamak,iyi geçinmek,,
kavga çıkarmak,kavgaya neden olmak,,
kavga çıkmak,dövüş meydana gelmek,,
kavga etmek,"birbiriyle atışmak, dövüşmek",,
kavil kesmek,sözleşmek,,
kavis çizmek,yay biçiminde yol izlemek,,
kavlükarar etmek,karar vermek | birlikte söz vermek,,
kavuk sallamak,"bir kimseye yaranmak için onun söz veya davranışlarını uygun bulmak, onaylamak",,
kayda geçirmek,ilişkili bulunduğu deftere yazmak,,
kaydını düşmek,yazılı olduğu evraktan çıkarmak,,
kaydını silmek,kayıttan düşmek,,
kaydı kuydu olmamak,kayıtlı olmamak,,
kaygısız olmak,kaygısı bulunmamak,,
kaygı çekmek,kaygılanmak,,
kaygı duymak,kaygılanmak,,
kaygı vermek,kaygılandırmak,,
kayık yanaştırmak,bir konuya veya soruna yavaş yavaş girmek,,
kayıplara karışmak,"bulunduğu yerden ayrılıp gitmek, gittiği yeri bildirmemek, görünmez olmak",,
kayıp vermek,"ulus, toplum, kuruluş vb. değerli bireylerini yitirmek",,
kayışa çekmek,"aldatmak, kandırmak",,
kayıtsız kalmak,"önem vermemek, umursamamak",,
kayıtsız olmak,"kaydedilmemiş veya yazıya geçirilmemiş olmak | ilgisiz, umursamaz, önem vermeyen durumda bulunmak",,
kayıttan düşmek,bir yere mal olmaktan çıkararak defterde bu durumu belirtmek,,
kayıt altına girmek,bir şey yapmaya zorlanmak | davranışları sınırlandırılmak,,
kayıt koymak,"engellemek, sınırlamak, takyit etmek",,
kaynağını (bir şeyden) almak,bir esasa veya desteğe dayandırmak,,
kaynağını (bir şeyden) almak,bir esasa veya desteğe dayandırmak,,
kaynak yapmak,iki metal veya yapay parçayı ısı yoluyla birleştirmek | sırayı beklemeden başkalarının hakkını alarak mevcut sıranın ön taraflarına girmek,,
kaynak yapmak,iki metal veya yapay parçayı ısı yoluyla birleştirmek | sırayı beklemeden başkalarının hakkını alarak mevcut sıranın ön taraflarına girmek,,
kaynanalık etmek,"kaynana, gelinine veya damadına kötü davranmak | birinin yaşayışına veya davranışına gereğinden çok karışmak",,
kaynanalık taslamak,kaynana gibi davranmak,,
kazançlı çıkmak,kazanmak,,
kazanı kapalı kaynamak,"ne yaptığı, nelerle uğraştığı anlaşılamamak | içyüzü bilinmemek",,
kazaya bırakmak,namazı vaktinde kılmayarak daha sonra kılmak için ertelemek [din bilimi] | orucu vaktinde tutmayarak daha sonra tutmak için ertelemek,,
kazaya kalmak,"namaz, vaktinde kılınamamak [din bilimi] | oruç, vaktinde tutulamamak",,
kazaya rıza göstermek,"yargıya, verilen hükümlere boyun eğmek | kadere, alın yazısına boyun eğmek",,
kazaya uğramak,kaza geçirmek,,
kaza atlatmak,kaza tehlikesi geçirmek,,
kaza etmek,"vaktinde kılınmayan namazı, tutulmayan orucu dinî kurallara uygun olarak sonradan yerine getirmek [din bilimi]",,
kaza geçirmek,can ve mal kaybına veya zararına neden olan kötü bir olayla karşılaşmak,,
kaza kırıma uğramak,"uçak, helikopter vb.nde can kaybı olan ve maddi hasar oluşan kaza yapmak",,
kazdığı çukura (veya kuyuya) kendisi düşmek,başkası için hazırladığı kötülüğe kendi uğramak,,
kazığa vurmak,bir kimseyi yere dikilmiş ucu sivri bir kazığa oturtarak öldürmek,,
kazık atmak,"aldatmak, kazıklamak",,
kazık (veya kazığı) yemek,"aldatılmak, kazıklanmak",,
kazı koz anlamak,söylenen şeyi çok yanlış anlamak,,
kebapçı kedisi gibi yutkunmak,bir şeyi çok arzu etmek | bir şeyi boş yere beklemek,,
keçesini sudan çıkarmak,"güç olan bir işi, durumu yoluna koyarak rahatlamak",,
keçeyi suya atmak,ar ve namusu hiçe saymak,,
keçe külah etmek,"aldatmak, kandırmak",,
keçe külah olmak,ordudan veya resmî görevden çıkarılmak,,
keçileri kaçırmak,delirmek veya bunalım içinde bulunmak,,
keçilik etmek,inat etmek,,
keder çekmek,"acı duymak, ızdırap çekmek",,
keder etmek,"üzülmek, ızdırap duymak",,
keder vermek,"üzüntü vermek, kederlendirmek",,
kediye peynir (veya ciğer) ısmarlamak,güvenilmeyecek birine saklaması için bir şey bırakmak,,
kedi gibi dört ayak üzerine düşmek,çok tehlikeli bir durumdan zarar görmeden kurtulmak,,
kedi ile harara (veya çuvala) girmek,geçimsiz biri ile iş birliği yapmak,,
kefaretini ödemek,"bir suçun, bir kabahatin bağışlanması için karşılık ödemek | cezasını çekmek",,
kefekiye dönmek,delik deşik olmak,,
kefeki tutmak,küflenmek,,
kefeni boynunda olmak,her an ölümü göze almak,,
kefeni yırtmak,ağır bir hastalıkta ölüm tehlikesini atlatmak,,
kefil göstermek,bir iş için gerekli olan kefili bulmak,,
kefil olmak,borçlu borcunu ödemediğinde veya bir kimse verdiği sözü yerine getirmediğinde bütün sorumluluğu üzerine almak,,
kehanette bulunmak,kâhinlik etmek,,
keleklik etmek,"görgüsüzlük, bilgisizlik nedeniyle karşısındakinin gerçek amacını anlayamamak",,
kelek atmak,birisini beklemediği anda hile ve dalavere yaparak zarara sokmak,,
kelek yapmak,oyunbozanlık etmek,,
keleme olmak,bakımsız kalmak,,
kelepçeye vurmak,kelepçe vurmak,,
kelepire konmak,kelepir yakalamak,,
kelepir yakalamak,bir şeyi çok ucuza almak,,
keleş keleş sırıtmak,pis pis gülmek,,
keleye çekmek,boğaya çekmek,,
kelimeleri tartarak konuşmak,sonucu hesaplayarak konuşmak,,
keli görünmek,kusuru ortaya çıkmak,,
keli kızmak,öfkelenmek,,
keli körü toplamak,işe yaramaz kimseleri toplamak,,
kellesinden olmak,"can vermek, ölmek",,
kellesini koltuğuna almak,ölümü göze almak,,
kellesini uçurmak,kafasını keserek koparmak,,
kellesini vurdurmak,öldürtmek,,
kelleyi koltuğun altına almak,kellesini koltuğuna almak,,
kelleyi vermek,canını feda etmek,,
kelle götürmek,"gereksiz bir aceleyle gitmek, koşturmak, acele davranmak",,
kelle koltukta gezmek,gözünü budaktan esirgememek,,
kelle koparmak,"olumsuz ve başarısız bir durum sonunda işe, göreve son vermek",,
kelle koşturmak,gereğinden çok acele etmek,,
kemal bulmak,kemale ermek,,
kement atmak,kemendi bir ucu elde kalacak biçimde ileri doğru fırlatmak,,
kemeri dolu olmak,çok zengin olmak,,
kemer (veya kemerini) sıkmak,sıkı para politikası anlayışıyla daha az tüketmek,,
kemiğini kurutmak,iliğini kurutmak,,
kemiklerini kırmak,"birini çok dövmek, aşırı dayak atmak",,
kemikleri sayılmak,çok zayıflamak,,
kemikleri sızlamak,"ölü huzursuz, rahatsız olmak",,
kemik atmak,"susturmak, oyalamak için birini küçük bir şeyle avutmak",,
kemlik etmek,kötü davranışlarda bulunmak,,
kemre bağlamak,deride kir tabakası oluşmak,,
kem gözle bakmak,kötü niyetle bakmak | nazar değdiren bir bakışla bakmak,,
kem küm etmek,verecek cevap bulamayıp açık bir anlamı olmayan sözler söylemek,,
kenara atılmak,"önemsenmemek, değer verilmemek",,
kenara atmak,"bir şeyin üstünde durmamak, önemsememek",,
kenara çekilmek,artık hiçbir şeye karışmamak,,
kenara çekmek,bir şey söylemek için birini kalabalıktan ayırmak,,
kenara itmek,"kendisinden uzaklaştırmak, saf dışı etmek",,
kenarda kalmak,kendine yakışan yeri tutamayarak önemsiz bir duruma düşmek,,
kenarından köşesinden geçmemek,hiç ilgisi olmamak,,
kenar çekmek,bir yazı veya resmin etrafına cetvel veya kenar suyu yapmak,,
kenar gezmek,bir şeyden uzaklaşmış olmak,,
kenar (veya kenarını) bastırmak,bir kumaşın kenarlarını kıvırıp elle veya makine ile dikmek,,
kendinden geçmek,"bilinci işlemez olmak, kendini kaybetmek, bayılmak | bir şey karşısında coşkuya kapılmak, duygulanmak | uykuya dalmak, uyuyakalmak",,
kendinde olmamak,"bilinci, aklı yerinde olmamak",,
kendinde toplamak,"kendi üzerinde bulundurmak, kendi varlığı içinde yer almasını sağlamak",,
kendine dert etmek,bir şeyi üzüntü konusu yapmak,,
kendine gelmek,ayılmak | aklı başına gelmek | durumu düzelmek,,
kendine hisse çıkarmak,ders almak,,
kendine hâkim olmak,kendi duygu ve davranışlarını iradesiyle denetleyebilmek,,
kendine kıymak,kendini öldürmek,,
kendine mal etmek,benimsemek veya saymak | başkasının yaptığı işi kendisi yapmış gibi göstermek,,
kendine yedirememek,"başkasının kendisine yaptığı işi, onur kırıcı sayarak tepki ile karşılamak | kendisinin başkasına yapması söz konusu olan işi, kişiliği için onur kırıcı saydığından yapmamak",,
kendine yontmak,çıkan her fırsattan yararlanarak hep kendi çıkarını sağlamak,,
kendine (veya herhangi bir şeye) ... süsü vermek,gerçeğe aykırı olarak kendisinde veya herhangi bir şeyde üstün bir nitelik ve değer varmış gibi göstermek,,
kendini adamak,kendini vermek,,
kendini ağır (veya ağırdan) satmak,"nazlanmak, gönülsüz davranmak | huylarını yavaş yavaş ortaya koymak",,
kendini alamamak,istemeyerek bir işi yapma durumuna girmek,,
kendini aşağı (veya küçük) görmek,kendini başkalarından değersiz görmek,,
kendini ateşe atmak,bile bile tehlikeli bir işe girişmek,,
kendini atmak,vakit geçirmeden hemen gitmek,,
kendini avutmak,oyalanmak,,
kendini beğendirmek,"başkalarına hoş, iyi, yetenekli görünmek",,
kendini beğenmek,başkalarını küçümseyerek kendini üstün görmek,,
kendini bırakmak,"kendine özen göstermemek | çevre ile ilgisini keserek yalnız bir konuyla uğraşmak | gevşek, rahat bir biçimde kalmak",,
kendini bilmek,aklı ve muhakemesi yerinde olmak | baliğ olmak | ağırbaşlı olmak | kendinin ve çevresinin bilincine varmak | durum ve onuruna yakışacak biçimde davranmak,,
kendini bir şey sanmak,kendini olduğundan çok değerli görmek,,
kendini bir yerde bulmak,farkında olmadan bir yere ulaşmış olmak,,
kendini bulmak,kişilik kazanmak | maddi ve manevi konularda durumunu düzeltmek | kendine gelmek,,
kendini dağıtmak,farklı işlerle aynı anda uğraşmaktan kötü durumda olmak | ne yaptığını bilmeyecek kadar içip kendinden geçmek,,
kendini dar atmak,"güçlükle ve ivedi olarak bir yere sığınmak, kaçmak",,
kendini dev aynasında görmek,kendini olduğundan çok üstün görmek,,
kendini dinlemek,"hastalık kuruntusu içinde bulunmak | yalnız, sakin kalmak",,
kendini dirhem dirhem satmak,"çok nazlı davranmak, ağırdan almak | özelliklerini azar azar ortaya koymak",,
kendini düşünmek,"daima kendi çıkarını kollamak, bencil davranmak",,
kendini ele vermek,yaptığı bir davranış veya söylediği bir sözle kendi suçunu ortaya çıkarmak,,
kendini fasulye gibi nimetten saymak,kendini çok önemli biri gibi görmek,,
kendini göstermek,"beğenilecek niteliklerini ortaya koymak | ortaya çıkmak, belirmek | topla oynanan bazı takım oyunlarında oyuncu pas alabilmek için boş alana kaçmak [spor]",,
kendini harap etmek,sıkıntı veya üzüntüden perişan olmak,,
kendini hissettirmek,varlığını belli etmek,,
kendini kapının dışında bulmak,"kovulmak, işten atılmak, bir yerden istenmeden uzaklaştırılmak",,
kendini kaptırmak,bir şeyin etkisinden kurtulamayacak duruma düşmek | uğraşmaya başladığı bir işten kendini kurtaramamak,,
kendini kaybetmek,bayılmak | aşırı duygulanma dolayısıyla çevrede olup bitenin farkına varamamak,,
kendini matah sanmak,kendini olduğundan daha fazla değerli kabul etmek,,
kendini naza çekmek,istekli olduğu hâlde yapmacıklı hareketlerle isteksiz gibi davranmak,,
kendini paralamak,çok çaba ve özen göstermek,,
kendini satmak,kendisinde olmayan iyi nitelikleri varmış gibi göstermek | para karşılığı erkeklerle birlikte olmak,,
kendini sıkmak,"kendini zorlamak, çaba göstermek",,
kendini sıyıramamak,kurtulamamak,,
kendini sokağa (veya dışarı) atmak,sıkıntıdan dolayı rahatlamak amacıyla açık havaya çıkmak,,
kendini tartmak,Ne durumda olduğunu anlamak için kendini yoklamak,,
kendini tutamamak,bir durum karşısında sessiz ve heyecansız kalamamak | kendine hâkim olamamak,,
kendini tutmak,"kendine hâkim olmak | dayanmak, sabretmek",,
kendini yemek,açığa vurmadan gizli gizli üzülmek,,
kendini yiyip bitirmek,kendi kendini yemek,,
kendini yoklamak,"duygu, düşünce ve beden bakımından kendisini kontrol etmek",,
kendini (kapıp) koyuvermek,"kendine özen göstermemek, kötümser olmak",,
kendi ağzıyla tutulmak,"suçu, yalanı veya iddiasının yanlışlığı kendi sözüyle ortaya çıkmak",,
kendi ayağı ile gelmek,kendi isteğiyle gelmek,,
kendi derdine düşmek,kendi sorunu sebebiyle başka şeyle ilgilenememek,,
kendi göbeğini kendi kesmek,"gereksinim duyduğu yardım, başkalarınca esirgendiğinde işini kendi görmek",,
kendi gölgesinden korkmak,"çok korkak olmak, bir sakınca söz konusu olmayan işlere girişmekten bile korkmak",,
kendi hesabana çalışmak,uğraştığı işi sadece kendisi için yapmak,,
kendi hâlinde bırakmak,"üzerinde çalışmayarak geliştirmemek veya bakımsız bırakmak, işlememek",,
kendi hâline bırakmak,"ilgilenmemek, karışmamak",,
kendi içine çekilmek,"başkasıyla ilişki kurmamak, yalnız başına kalmak, inzivaya çekilmek",,
kendi kabuğuna çekilmek,kabuğuna çekilmek,,
kendi kanatlarıyla uçmak,hiç kimsenin desteği veya yardımı olmaksızın yaşamak veya bir işi olumlu sonuca ulaştırmak,,
kendi kendine gelin güveyi olmak,ilgilinin nasıl karşılayacağını düşünmeden bir işi olmuş bitmiş sayarak sevinmek,,
kendi kendini didiklemek,"kendi kendini harap etmek, üzmek",,
kendi kendini yemek,açığa vurmadan içten içe üzülmek,,
kendi keyfine gitmek,isteğine uygun davranmak,,
kendi köşesinde yaşamak,yalnız başına yaşamak,,
kendi kuyusunu kendi kazmak,kendine zarar verecek davranışta bulunmak,,
kendi üstüne yormak,alınmak,,
kendi yağıyla kavrulmak,elinde bulunanla geçinip kimseye muhtaç olmamak,,
kendi âlemine dalmak,"çevre ile ilgisini kesip iç dünyasına kapanmak | eğlenceye, zevküsefaya kapılmak",,
kenet etmek,kenetle birbirine bağlamak,,
kenet gibi yapışmak,"çok yakın dost olmak, sıkı fıkı olmak",,
kene gibi yapışmak,"istenmediği hâlde birinin peşini bırakmamak, yakasını bırakmamak",,
kepaze etmek,gülünç veya utanılacak bir duruma düşürmek,,
kepaze olmak,gülünç veya utanılacak duruma düşmek,,
kepenkleri indirmek,işi tatil etmek,,
kepenk kapatmak,çalışamaz duruma gelmek,,
keramette bulunmak,doğaüstü olaylar ortaya koymak,,
kerem etmek,"bağışta, iyilikte bulunmak",,
kerih görmek,"tiksindirici, iğrenç olduğunu düşünmek",,
kerize taş atmak,edepsiz bir kimseye edepsizliğini göstermeye fırsat vermek,,
kerpiç dökmek,saman ve balçık karışımını kalıplara boşaltarak kerpiç yapmak,,
kertesine gelmek,tam yerini ve zamanını bulmak,,
kertesine getirmek,"tam sırasını, en uygun zamanını seçmek",,
kertesine getirmek,"tam sırasını, en uygun zamanını seçmek",,
kervana katılmak,bir topluluğa karışmak,,
keseden yemek,"herhangi bir üretim yapmadan, kâr elde etmeden, hazırda bulunan veya el altında olan varlığı harcamak",,
kesel gelmek,tembelleşmek,,
keseneğe almak,"gelirini satın almak, iltizam etmek",,
keseneğe vermek,bir şeyin gelirini önceden götürü olarak satmak,,
kesenin ağzını açmak,bol para harcamaya başlamak,,
kesenin dibi görünmek,para tükenmek,,
kesesine bir şey girmek,bir yarar veya çıkar sağlamak,,
kesesine güvenmek,parasına güvenmek,,
kesesini doldurmak,fırsatlardan yararlanarak para kazanıp zengin olmak,,
kesesi elvermemek,bütçesi elverişli olmamak,,
keseye davranmak,ödemek istemek,,
kesiklik vermek,"ara vermek | hâlsizlik, kırıklık, yorgunluk ortaya çıkmak",,
kesintiye almak,biriyle sezdirmeden alay etmek,,
kesintiye uğramak,bir süre için durmak,,
kesip atmak,"uzun uzadıya düşünmeden kesin yargıya varmak | kesin olarak çözmek, bitirmek",,
kesip biçmek,"parçalamak, doğramak, ameliyat etmek | ağzına geleni söylemek, ileri geri konuşmak | zorbalıkla korkutmak",,
kestaneyi çizdirmek,kavgada hafif zarar görmek,,
kestiği tırnak olamamak,"bir kimse, söz konusu olan kimseden değerce çok aşağı olmak",,
kestirip atmak,ayrıntılı düşünmeden kesin yargıya varmak,,
keşide etmek,"çek, bono, poliçe gibi değerli kâğıt hükmündeki belgeleri doldurmak, düzenlemek, imzalamak [ticaret]",,
keşiş hayatı sürmek,her şeyden elini ayağını çekip yalnız başına yaşamak,,
ketenpereye gelmek,dolandırılmak,,
ketenpereye getirmek,dolandırmak,,
ketum olmak,"sır saklamak, ağzı sıkı olmak",,
ket vurmak,engel olarak güçleştirmek,,
kevgire dönmek,delik deşik olmak,,
keyfine bakmak,"dilediğince yaşamak, güzel vakit geçirmek",,
keyfine diyecek olmamak,mutlu ve huzurlu olmak,,
keyfinin kâhyası olmamak,"birinin alışkanlıklarına, davranışlarına, düzenine karışmaya hakkı olmamak",,
keyfini çıkarmak,bir şeyden iyice tat almak,,
keyfini yapmak,her türlü istek ve dileği yerine getirmek,,
keyfi bilmek,"isterse yapmak, nasıl isterse öyle yapmak",,
keyfi bozulmak,"hastalanmak | canı sıkılmak, rahatı kaçmak",,
keyfi gelmek,neşelenmek,,
keyfi kaçmak,neşesi kalmamak,,
keyfi yerinde olmak,"sağlığı, neşesi, mutluluğu bulunmak",,
keyif çatmak,keyfetmek,,
keyif sormak,"birine ""iyi misiniz, nasılsınız"" sorularını yönelterek sağlığı hakkında bilgi almak | saygı göstermek",,
keyif sürmek,"sıkıntısız, rahat yaşamak",,
keyif vermek,"neşe vermek, sarhoş etmek",,
kıçına kına yakmak,karşısındaki kişinin uğradığı bir olumsuzluğa aşırı derecede sevinmek,,
kıçını yırtmak,bağırıp çağırmak | bütün gücünü kullanarak uğraşmak,,
kıçın kıçın gitmek,"geriye doğru gitmek, geri geri gitmek | henüz yürümeyen bebek kıçüstü gitmek",,
kıçüstü oturmak,"kıçı yere gelir duruma düşmek | herhangi bir konuda yenilmek, umduğuna ulaşamamak",,
kıç atmak,çifte atmak | çok istemek,,
kıç attırmak,ondan üstün olmak,,
kılağısını almak,yeni bilenmiş kesici araçların üzerindeki kalıntıları kayışa veya bileği taşına sürerek yok etmek,,
kılavuzluk etmek,"yol göstermek, rehberlik etmek",,
kılçık atmak,"bir kimsenin işini karıştırmak, bozmak",,
kılıbıklık etmek,kılıbığa yakışan davranışlarda bulunmak,,
kılıcı kınına koymak,"savaşı bırakmak, savaştan vazgeçmek",,
kılıçlama kaçmak,yan yan koşarak çaprazlamasına gitmek,,
kılıçtan geçirmek,çok sayıda insanı kılıçla öldürmek,,
kılıç çalmak,"kılıçla savaşmak, kılıç ile vurmak",,
kılıç çekmek,saldırmak veya selamlamak amacıyla kılıcı kınından çıkarmak,,
kılıç oynatmak,egemen olarak yaşamak,,
kılıç sallamak,"kılıç ile dövüşmek, düşman üzerine kılıçla saldırmak",,
kılıç üşürmek,kılıç çekerek saldırmak,,
kılıfına uydurmak,"bir durum ve tutuma, yöntemine uygun biçim vermek",,
kılığa bürünmek,oymuş gibi görünmek,,
kılığına girmek,biri veya bir şey gibi giyinmek,,
kılıktan kılığa girmek,giysi değiştirmek | sık sık düşünce değiştirmek,,
kılık kıyafeti düzmek,giysilerini yenilemek,,
kılına dokunmamak,"bir kimseye dokunacak, zarar verecek en ufak bir davranışta bile bulunmamak",,
kılına halel gelmemek,hiçbir zarara uğramamak,,
kılı kıpırdamamak,"Bir iş, olay veya durum karşısında  davranışını değiştirmemek, aldırış etmemek, umursamamak",,
kılı kırk yarmak,"titiz ve ayrıntılı bir biçimde incelemek, önemle üstünde durmak",,
kıl kapmak,"birisine sinirlenmek, hareketlerinden rahatsız olmak",,
kıl olmak,birisi sinirine dokunmak,,
kıl (kadar) kalmak,çok az kalmak,,
kımkım etmek,"bir işi ağır ağır yapmak, oyalanmak",,
kıraat etmek,Kur'an'ı belli kural ve işaretlere göre okumak | okumak,,
kıran girmek,kısa bir zaman içinde çok sayıda ölmek | bir şey bulunmaz olmak,,
kıratını ölçmek,"değerini biçmek, kıymetini belirlemek",,
kırdığı koz (veya ceviz) kırkı (veya bini) aşmak,sürekli yakışıksız davranışlarda bulunmak,,
kırığı olmak,karnede zayıf notu bulunmak,,
kırığı olmak,yasa ve törelere aykırı olarak karşı cinsten biriyle sürekli ilişki içinde bulunmak,,
kırılıp bükülmek,"kırıtarak, kibarlığa özenerek konuşmak",,
kırılıp dökülmek,kibar görünmeye çalışmak | çok eskimek | kırıklık duymak,,
kırıma uğramak,"uçak, helikopter vb. can kaybı olmaksızın tekrar onarılabilecek düzeyde hasar görmek | hayvanlar hastalık, soğuk vb. sebeplerle ölmek",,
kırıp dökmek,dikkatsizlik veya öfkeyle birçok şeyin kırılmasına neden olmak,,
kırıp geçirmek,"yakıp yıkarak, öldürerek, baskı veya etki yaparak büyük zarar vermek | çok sert davranarak darıltmak | tuhaf söz ve davranışlarla herkesi çok güldürmek | hayran etmek",,
kırıp sarmak,bir şeyi yapmak için her türlü imkândan güçlükle yararlanmak,,
kırış kırış olmak,çok kırışmak,,
kırkından sonra azmak,yaşlandıktan sonra yaşına uymayan davranışlarda bulunmak,,
kırkından sonra saz çalmak,yaşlandıktan sonra uzun ve güç bir işe girişmek,,
kırkı çıkmak,doğumdan veya ölümden sonra kırk gün geçmek,,
kırkı (veya kırkları) karışmak,çocuklar için aynı kırk günlük süre içinde doğmuş olmak,,
kırklara karışmak,bir kimse artık ortalarda görünmez olmak,,
kırk basmak,doğum yapmış annenin ve bebeğin kırk gün dolmadan dışarı çıkarılmasının tehlikeli olacağını geleneksel olarak kabul etmek,,
kırk dereden su getirmek,bin dereden su getirmek,,
kırk kapının ipini çekmek,"içinde bulunduğu sorunu çözmek için kapı kapı dolaşmak, birçok yere uğramak",,
kırk tarakta bezi olmak,her tarakta bezi olmak,,
kırmızı dipli mumla davet etmek,"birine bir yere gelmesi için çok yalvarmak, ısrar etmek",,
kırmızı kart görmek,oyundan çıkarılma cezasına çarptırılmak | ciddi bir biçimde uyarılmak | dışlanmak,,
kırmızı kart göstermek,oyundan çıkarma cezasına çarptırmak [spor] | ciddi bir biçimde uyarmak | dışlamak,,
kısas etmek,bir suçluya başkasına yaptığı kötülüğü aynı biçimde uygulamak,,
kısa kesmek,sözü uzatmamak,,
kısa tutmak,bir şeyi gerektiği kadar uzun yapmamak | bir konuyu geniş ve ayrıntılı bir biçimde vermemek,,
kısıntı yapmak,tutumlu davranmak | azaltmak,,
kısıt altına almak,kısıtlamak [hukuk],,
kıskacında olmak,bir konu üzerinde iki taraftan da sıkıştırılıp sıkıntılı duruma düşmek,,
kıskançlık etmek,kıskanmak,,
kıskıvrak bağlamak,"çözülemeyecek biçimde, sıkıca bağlamak",,
kısmetine mâni olmak,kazancına veya evlenmesine engel olmak,,
kısmetini ayağıyla tepmek,"kavuşacağı iyi bir durumu, değerini bilmeyerek istememek",,
kısmetini bağlamak,bir inanışa göre büyü ile birinin evlenmesine engel olmak,,
kısmeti açılmak,"kazancı artmak, bolluğa ermek | kendisiyle evlenmek isteyen biri çıkmak",,
kısmeti ayağına (kadar) gelmek,beklenmeyen bir nedenle kazançlı bir durumla karşılaşmak,,
kısmeti bağlanmak,istediği hâlde evlenememek,,
kısmeti kapanmak,kazancı azalmak | kendisiyle evlenmek isteyen biri çıkmamak,,
kısmeti kesilmek,daha önceden kendisine nasip olan bir şey artık nasip olmamak,,
kısmet olmak,nasip olmak,,
kısmet (veya kısmetini) beklemek,"evlenmeyi, evleneceği kimseyi beklemek",,
kısmet (veya kısmeti) çıkmak,evlenme teklifi almak,,
kışı geçirmek,kış mevsimini bir yerde geçirmek,,
kışkırtmaya durmak,kışkırtmaya başlamak,,
kışkırtmaya durmak,kışkırtmaya başlamak,,
kışrında kalmak,"bir şeyin iç yüzünü bilememek, bir konuya nüfuz edememek",,
kış yapmak,hava çok soğuk ve karlı olmak,,
kıtık doldurmak,"minder, yastık vb.nin içini uygun malzemeyle doldurmak",,
kıtıra almak,alay etmek,,
kıtır atmak,yalan söylemek,,
kıtır kıtır kesmek,bıçak veya kesici bir aletle acımaksızın yaralamak veya öldürmek,,
kıtlıktan çıkmış gibi yemek,doymak bilmezcesine yemek,,
kıvamına (veya kıvama) gelmek,kıvamını bulmak,,
kıvamını bulmak,"gerekli ve istenilen şartlar yerine gelmek, en uygun anında olmak",,
kıvanç duymak,"övünmek | sevinmek, mutlu olmak",,
kıvrım kıvrım kıvranmak,"çok acı çekerek kıvranmak | yalvarma, sıkıntı vb. bir sebeple çok kıvranmak",,
kıyak kaçmak,"çok uygun düşmek, yakışık almak",,
kıyamete kalmak,"sorun, çözülememek",,
kıyametler koparmak,"bir şeye çok kızarak bağırıp çağırmak, feryat etmek | aşırı gürültüye, kargaşaya yol açmak",,
kıyamet kopmak,kıyamet günü gelmek | bir yerde çok gürültü ve telaş olmak,,
kıyaslama yapmak,kıyaslamak,,
kıyıcılık etmek,"gaddarlık etmek, gaddarca davranmak",,
kıyıda köşede kalmak,göze çarpmayan bir yerde unutulmuş olmak,,
kıyık kıyık etmek,küçük küçük parçalar hâlinde doğramak,,
kıyıya atmak,karaya çıkartmak veya sürüklemek,,
kıyıya çıkmak,"karaya çıkmak, gemiden karaya inmek",,
kıyıya vurmak,bir şey akıntı veya dalgayla kıyıya sürüklenmek,,
kıymete binmek,çok değerli duruma gelmek,,
kıymetini bilmek,"önemini, değerini bilmek",,
kıymet vermek,"değerli olarak kabul etmek, değerlendirmek",,
kızak yapmak,kızak imal etmek | kızaklamak,,
kızana gelmek,dişi kedi ve köpek erkek istemek,,
kızarıp bozarmak,"utanç, öfke vb. duyguların etkisiyle yüzü renkten renge girmek",,
kızılca kıyamet kopmak,"kavga, gürültü olmak",,
kızıp durmak,sürekli olarak kızmak ve söylenmek,,
kız almak,bir ailenin kızını gelin olarak kendi ailelerine katmak,,
kız istemek,bir kızı evlenmek için ana ve babasından veya yakınlarından istemek,,
kız kaçırmak,bir kızı kendinin veya ailesinin rızası olmadan alıp götürmek,,
kız vermek,bir ailenin kızını bir başka aileye gelin etmek,,
kibarlığı tutmak,bir olay karşısında genel davranışları dışında incelik göstermek,,
kibarlık etmek,kibarca davranmak,,
kibarlık taslamak,kibar olmadığı hâlde kibar gibi görünmeye çalışmak,,
kibrine dokunmak,gururu zedelenmek,,
kibrine yedirememek,gururuna dokunmak,,
kibrit çakmak,kibriti yakmak için bir yere sürtmek,,
kibrit çalmak,kibriti yakmak,,
kifafınefis etmek,"yetinmek, kâfi görmek",,
kifayet etmek,"yetmek, yeterli olmak",,
kilidi küreği olmamak,"her şeyi açıkta bulunmak, kilitli yere saklanmamış olmak",,
kilit altına almak,kilitlemek,,
kilit gibi olmak,birbirine çok bağlı ve dayanışmalı olmak,,
kilit kürek altına almak,her tarafı kiltlemek,,
kilit kürek olmak,"bir yeri korumak, o yerin güvenilir, sağlam adamı olmak",,
kilit vurmak,kapatmak,,
kilometre yapmak,yol almak,,
kilo almak,"vücudun ağırlığı artmak, şişmanlamak",,
kilo vermek,"vücudun ağırlığı azalmak, zayıflamak",,
kimi kimsesi olmamak,"yakını, koruyucusu bulunmamak",,
kimsenin burnu kanamamak,kimse en küçük bir zarar görmemek,,
kimsenin yüzüne bakamamak,insan içine çıkamayacak kadar kusurlu olmak,,
kimyası tutmak,uyum sağlamak,,
kimya olmak,bulunmaz olmak,,
kim vurduya gitmek,bir kalabalık arasında öldürülen veya vurulan kimsenin kimin tarafından öldürüldüğü veya vurulduğu anlaşılamamak,,
kin bağlamak,birine karşı öç alma duygusu duymak,,
kin duymak,birine karşı öç alma duygusunu yaşatmak veya bu duyguyu hissetmek,,
kin gütmek,öcünü alıncaya kadar kininden vazgeçmemek,,
kip gelmek,"tıpatıp, uygun gelmek",,
kirada olmak,kira karşılığında verilmiş olmak,,
kirada oturmak,kira ile tutulmuş bir yerde yaşamak,,
kiraya vermek,"kira karşılığında vermek, icara vermek",,
kireç söndürmek,kireci kullanmadan önce üzerine bolca su dökerek kalsiyum hidroksit durumuna getirmek,,
kiremit aktarmak,çatı aktarmak,,
kirişi kırmak,"bulunduğu yerden ayrılmak, kaçıp gitmek",,
kirizma yapmak,toprağı derince kazarak altını üstüne getirerek sürmek,,
kiri kabarmak,"nem, ısı vb. sebeplerle kir, üzerinde bulunduğu yüzeyden ayrılabilir duruma gelmek",,
kirliye atmak,"yıkanmak için bir kenara koymak, bir yerde biriktirmek",,
kirli çamaşırlarını ortaya dökmek,"birinin ayıp, kusur veya suçlarını açıklamak, söylemek",,
kirpiği kirpiğine değmemek,hiç uyuyamamak,,
kirvelik etmek,kirve görevini yüklenmek,,
kir götürmek,kirini belli etmeyecek bir renkte olmak,,
kir götürmek,bir şey çok kirli olmak,,
kir tutmak,"kirini hemen belli edecek bir renkte olmak, çok kirlenmek",,
kisveye bürünmek,"herhangi bir kılığa girmek | herhangi bir niteliğe, biçime girerek gerçek kimliğinden farklı bir görünüş almak",,
kişilik kazanmak,"bir kişinin öz yapısı, kişiliği belirginleşmek",,
kitaba el basmak,kutsal kitap üzerine elini koyarak ant içmek,,
kitaba (veya kitabına) uydurmak,"yasal olmayan bir işi hile, düzen vb. ile kanuna uygun gibi göstermek",,
kitabında yer almamak,aklına ve mantığına aykırı düşmek,,
kitabı kapamak,herhangi bir konu ile ilgiyi kesmek,,
kitapta yeri olmak,"din veya yasa kitaplarında bulunmak, konusu geçmek",,
klakson çalmak,korna çalmak,,
klasını konuşturmak,bir işte ve herhangi bir durumda ustalık göstermek,,
kocakarılığı tutmak,"geçimsiz, inatçı, şirret yaşlı bir kadın gibi davranmak",,
kocaya gitmek,evlenmek,,
kocaya kaçmak,kız ailesinin izni olmadan ve nikâhlanmadan bir erkekle kaçmak,,
kocaya varmak,(kız veya kadın) evlenmek,,
kocaya vermek,kız veya kadını evlendirmek,,
koca bulmak,kız veya kadın kendisi ile evlenecek bir erkek bulmak,,
koçan bağlamak,mısırda koçan oluşmak,,
kodese tıkmak,cezaevine sokmak,,
kodesi boylamak,cezaevine girmek,,
kof çıkmak,"beklenildiği gibi çıkmamak, değersiz ve boş olduğu anlaşılmak, işe yaramaz olduğu görülmek",,
kokusu çıkmak,gizli tutulan bir iş anlaşılmak,,
kokusu sinmek,insan veya nesnede bir kokunun etkisi kalmak,,
kolaçan etmek,"çevrede olup biteni anlamak amacıyla dolaşmak | bir şeye öğrenmek amacıyla kısaca bakmak, göz atmak",,
kolan çekmek,"kayığı karadan halatla çekmek, yedekçilik etmek [denizcilik]",,
kolan vurmak,salıncakta hızlanmak için ayakta durup vücudu doğrultarak ileriye atılırcasına hareket etmek | hayvanın eyer veya semerini kolana bağlamak,,
kolayına gelmek,bir işin herhangi bir biçimde yapılmasını daha kolay bulmak,,
kolayını bulmak,kolay bir biçimde yapma yolunu bulmak,,
kolaylık göstermek,"yapabilme yolu, imkânı sağlamak",,
kola çıkmak,"hırsız, polis vb. faaliyete geçmek, işe başlamak",,
kola çıkmak,kolluk kuvvetleri kamu düzenini korumak için etrafta dolaşmak,,
kollarının arasına almak,kucaklamak,,
kollarını açmak,"içtenlikle karşılamak veya kucaklamaya hazırlanmak, sevgisini ve dostluğunu göstermek | korumak, yardım etmek",,
kollarını sallaya sallaya gelmek,hiçbir şey getirmeden gelmek,,
kolları kopmak,ağır bir şey taşımaktan veya çok iş yapmaktan yorulmak,,
kolları sıvamak,"bir iş yapmaya güçlü bir biçimde, istekle hazırlanmak",,
kolpo çevirmek,kumpas kurmak,,
koltuğa girmek,evlenmek,,
koltuğuna girmek,koltuğunun altına sığınmak,,
koltuğunun altına sığınmak,birinin koruyuculuğuna sığınmak,,
koltuğu doldurmak,aldığı görevi tam olarak başarabilecek yetenekte bulunmak,,
koltukları kabarmak,kendine veya yakınlarına yapılan övgüden kıvanç duymak,,
koltukta olmak,başkasının konuğu olup kendi masraf etmemek,,
koltuk çıkmak,desteklemek,,
koltuk değneği olmak,"birine, yaptığı uygunsuz işlerde destek sağlamak",,
koltuk vermek,"yüzüne karşı övmek, pohpohlamak | koltuklamak",,
koluna girmek,kolunu birinin koltuğu altından geçirmek,,
kolunda altın bileziği olmak,"kazanç sağlayan bir mesleği, zanaatı olmak",,
kolu kanadı kırılmak,"bir şey yapamayacak duruma gelmek, çaresiz kalmak",,
kol atmak,"bitkinin gövdesinden ayrılan bir dal bir yöne uzanmak | çevreye yayılmak, genişlemek, ulaşmak, uzanmak",,
kol gezmek,güvenlik amacıyla dolaşmak | dolaşmak | kötü durum ve davranışlar çokça olmak,,
kol gezmek,güvenlik amacıyla dolaşmak | dolaşmak | kötü durum ve davranışlar çokça olmak,,
kol uzatmak,"yayılmak, ulaşmak",,
kol vermek,destek olmak,,
kol vurmak,dolaşmak,,
komadan çıkmak,"komaya giren hasta bu durumdan kurtulmak, ölümden dönmek",,
komalık etmek,döverek kıpırdamayacak duruma getirmek | çok sinirlendirmek,,
komalık olmak,yediği dayaktan sonra kıpırdayamayacak duruma gelmek,,
komaya girmek,"duyma, anlama ve hareket yeteneklerini yitirerek yarı ölü duruma gelmek, kendinden geçmek | kendinden geçecek kadar sinirlenmek, şaşırmak, üzülmek",,
komiğine gitmek,gülünç bulmak,,
komik bulmak,gülünç saymak,,
komplekse kapılmak,duygu karmaşası içine girmek,,
komploya kurban gitmek,komplo yoluyla zarar görmek,,
komplo hazırlamak,"bir kimsenin aleyhine çalışmak, onun kötü duruma düşmesini sağlamak",,
komplo kurbanı olmak,komploya kurban gitmek,,
komplo kurmak,"bir kimseye karşı gizlice, toplu olarak zarar verici karar almak, tuzak kurmak",,
komşuluğa sığmamak,komşuluk ilişkilerinin aksine birbirlerine kötü davranmak,,
komşu kapısına çevirmek,yakın olmadığı ve sık sık uğranılması gerekmediği hâlde bir yere çok sık gitmek,,
komşu kapısı yapmak,sık gidilen yer hâline getirmek,,
komuta etmek,"askerlikte yönetmek, kumanda etmek",,
komut almak,"herhangi bir davranış, hareket vb. için buyruk almak",,
komut vermek,"herhangi bir davranış, hareket vb. için buyrukta bulunmak",,
konferans çekmek,karşısındakini bıktıracak bir biçimde uzun veya öğüt verircesine konuşmak,,
konferans vermek,herhangi bir konuda bilgi verecek biçimde konuşma yapmak,,
konsantre etmek,yoğunlaştırmak,,
konsantre olmak,"düşünceyi, duyguyu, gücü bir noktada toplamak, bir noktaya yoğunlaşmak",,
konser vermek,"dinleyicilere, müzik eserlerini çalmak veya söylemek",,
konsültasyon yapmak,birkaç hekim bir hastalığa tanı koymak veya hastalığı tedavi etmek için bir araya gelmek,,
kontak açmak,bir taşıtın motorunu çalıştırmak için kontak anahtarını çevirerek elektrik devresini açmak,,
kontak atmak,"elektrik donanımında karşı uçların birbirine dokunmasıyla elektrik akımı kesilmek | dengeyi kaybetmek, sinirlenip olağan dışı davranmak",,
kontak kurmak,biriyle veya bir olayla bağlantı sağlamak,,
kontak yapmak,karşıt elektrik taşıyan iki madde birbirine dokunmak,,
kontör yüklemek,"telefon, doğal gaz, su, elektrik vb.nde kullanım birimi yüklemek",,
kontrat yapmak,sözleşme yapmak,,
kontra gitmek,birine zıt gitmek,,
kontrol altına almak,bir olayı denetim altına almak,,
kontrol altında olmak,denetlenmek,,
kontrol altında tutmak,denetlemek,,
kontrol etmek,"denetlemek | yoklamak, gözden geçirmek | egemenliği altında bulundurmak",,
kontrpiyede kalmak,futbolda kaleci ters tarafa gitmek veya hamle yapmak [spor] | beklediği sonuca ulaşamamak | düşüncelerini açıklayamamaktan ötürü zor durumda kalmak,,
kont gibi yaşamak,bolluk içinde yaşamak,,
konuğu olmak,birine konuk olarak gidip kalmak,,
konuk etmek,birini evinde bir süre ağırlamak,,
konuk gelmek,bir yere veya birinin evine kısa bir süre kalmak için gelmek,,
konuk olmak,bir yerde kısa bir süre ağırlanmak,,
konuşmaya dalmak,başka şeylerle ilişkiyi keserek belli bir konudan söz etmek,,
konuşma yapmak,topluluk karşısında bir konuda konuşmak,,
koordine etmek,eş güdümlemek,,
koparıp atmak,"koparmak | ilgisini kesmek, önem vermemek",,
kopup gelmek,uzak bir yerden ayrılarak gelmek,,
kopyasını çıkarmak,kopya etmek,,
kopya çekmek,genellikle yazılı sınavlarda soruları cevaplamak için bir kaynağa gizlice bakmak,,
kopya etmek,"bir yazı, eser vb.nin aslına bakarak aynını veya benzerini oluşturmak",,
kopya vermek,sınavda sorulara cevap vermesi için bir kimseye gizlice yardımda bulunmak,,
kordon altına almak,bir yere giriş çıkışı önlemek için o yeri görevlilerce korumak,,
korkaklık etmek,korkak davranmak,,
korktuğuna uğramak,korktuğu başına gelmek,,
korktuğu başına gelmek,düşünülen kötü durum gerçekleşmek,,
korkudan çıldırmak,"aşırı korku yüzünden aklını yitirmek, delirmek",,
korkuya kapılmak,korku düşmek,,
korkuya kesmek,korkmak,,
korku düşmek,"endişelenmek, korkmak",,
korku saçmak,herkesi korkutmak,,
korku salmak,korkutmak,,
korku vermek,korkutmak,,
korte etmek,oynaşmak,,
korumaya almak,tehlikede olduğu düşünülen bir kimseyi veya eseri saldırılardan korumak üzere önlem almak,,
korunma görmek,anlayış veya hoşgörü ile karşılanmak,,
kor dökmek,yanınca dayanıklı kor durumuna girmek,,
kor gibi yanmak,çok parlamak | büyük üzüntü çekmek,,
koşun bağlamak,"koşun durumuna girmek, saf tutmak",,
koşu koparmak,"hızla koşuvermek, çabucak atılıp gitmek",,
kova olmak,çok gol yemek,,
kovculuk etmek,dedikodu etmek,,
kovuşturma açmak,kovuşturma işlemine başlamak,,
kovuşturma yapmak,kovuşturma işlemini yürütmek,,
kov etmek,dedikodu yapmak,,
koynuna almak,biriyle beraber yatmak | biriyle sevişmek için yatmak | bir yeri kuşatmak,,
koynuna girmek,biriyle yatıp sevişmek,,
koynunda yılan beslemek,bir yakınından ihanet görmek,,
koyun kaval dinler gibi dinlemek,hiçbir şey anlamadan dinlemek,,
koyu koyu düşünmek,uzun uzun veya derin derin düşünmek,,
kozasına çekilmek,"çevreyle ilişkisini kesmek, hiçbir şeye karışmamak",,
koza çekmek,kozayı temizleyip ayıklamak,,
kozu kaybetmek,istediğini yapabilme imkânını yitirmek,,
kozu kaz anlamak,sözü ters anlamak,,
koz kabuğuna girmek,gizli yerlere saklanmak,,
koz kırmak,oyunda elindeki kozlardan birini kullanmak | yanlış tutum içinde bulunmak,,
koz vermek,"imkân tanımak, elverişli durum sağlamak",,
kökünden halletmek,herhangi bir konuyu veya sorunu temelden çözümlemek,,
kökünden kazımak,kökünü kazımak,,
köküne kıran girmek,bitmek | yok olmak,,
kökünü kazımak,"bir daha üreyemez duruma getirmek, hiçbir kalıntısını bırakmamak, yok etmek",,
kökü kazınmak,bir daha ortaya çıkamayacak biçimde yok edilmek,,
kökü kurumak,"yok olmak, ortadan kalkmak",,
kök almak,karekök almak [matematik],,
kök salmak,"iyice tutunmak, sağlamlaşmak, yayılmak, köklenmek | bir yere iyice yerleşmek",,
kök sökmek,çok çetin iş görmek,,
kök söktürmek,"uğraştırmak, güçlük çıkarmak",,
kömürcü çırağına dönmek,"yüzü, üstü başı siyah lekeler içinde kalmak, eli yüzü kapkara olmak",,
kömür başa vurmak,kömürün iyi yanmamasından çıkan karbon oksidiyle zehirlenmekten baş ağrımak,,
"köpeğe hoşt, kediye pişt dememek",kendisine zarar verenlerden korunmak için en küçük bir tepkide bulunmamak,,
köpeğin ağzına kemik atmak,"susturmak, oyalamak için birini küçük bir şeyle avutmak",,
köprübaşını tutmak,çok önemli bir mevkiyi ele geçirmek,,
köprüleri atmak,bir işten vazgeçme veya geri dönme imkânı kalmayacak biçimde kesin bir davranışta bulunmak,,
köprü kurmak,akarsu veya göl vb. üzerinde köprü inşa etmek | elleri arkadan yere dayayıp ayak uçlarına basarak vücudu yay gibi germek [spor],,
körler mahallesinde ayna satmak,bir şeyi ona gereksinim duymayacak olan çevreye götürmek,,
kör kurttan bile vazgeçmemek,en küçük varlığı bile hor görmeden korumak,,
kör şeytandan bulmak,kaderi kötü olmak,,
kösemenlik etmek,"yol göstermek, kılavuzluk etmek",,
kösteği kırmak,çocuk yürümeye başlamak | bağlı bulunduğu yerle ilişiğini kesmek,,
köstek olmak,engel olmak,,
köstek vurmak,hayvanın veya esirin ayağına köstek bağlamak | kösteklemek | güreşte hasmın bir veya iki ayağını sımsıkı yakalamak [spor],,
kös dinlemek,türlü olaylar yaşadığı için bilgi ve deneyim sahibi olarak benzer veya daha basit olaylar karşısında aldırış etmemek,,
köşebaşını tutmak,etkili olabilecek en önemli makamda bulunmak veya o yeri ele geçirmek,,
köşede bucakta kalmak,"ilgisizlikten, önemli veya değerli görülmemek yüzünden gözden uzakta bulunmak",,
köşesine çekilmek,toplumdan kaçıp hiçbir şeyle ilgilenmeyerek tek başına yaşamak,,
köşeyi dönmek,hiçbir çaba göstermeden kısa sürede zengin olmak | kısa yoldan ve büyük bir emek harcamadan sosyal ve ekonomik güç edinmek,,
köşe bucağa dağılmak,her tarafa yayılmak | darmadağın olmak,,
köşe kapmaca oynamak,çok yakında olan birini bir türlü ele geçirememek | buluşmak istemelerine rağmen bir türlü birbirlerine denk gelmemek,,
köşe olmak,köşeyi dönmek,,
köşe tutmak,"karışmak, kendini belli etmek, görünmek",,
kötek yemek,"dövülmek, dayak yemek",,
kötümser olmak,"kötümserliğe kapılmak, karamsar olmak, bedbin olmak",,
kötüye çekmek,"yanlış, beğenilmeyen bir anlam vermek",,
kötüye kullanmak,yetkisini yasalara aykırı yolda kullanmak | birinin iyi davranışından istenilmeyen yolda yararlanmak,,
kötü gözle bakmak,"bir kimse için iyi olmayan düşünceler beslemek, bunu belli edercesine bakmak | cinsel duygu ile bakmak",,
kötü kişi olmak,bazı kimseler birtakım insanların düşmanlığını kazanmak,,
kötü kötü düşünmek,üzüntülü düşüncelere dalmak,,
kötü olmak,"olumsuz bir durum almak | beğenilmemek, takdir edilmemek",,
kötü söylemek,"birtakım olumsuz, beğenilmeyen, istenmeyen tutum ve davranışları olduğunu söylemek, kötülemek",,
kötü yola düşmek,yasalara veya ahlak kurallarına aykırı bir hayata karışmak,,
kötü yola sapmak,doğruluktan ayrılıp istenilmeyen ve yanlış işler yapmak,,
kötü yola saptırmak,kötü yola sürüklemek,,
kötü yola sürüklemek,"yasa dışı, uygunsuz veya hoşa gitmeyen bir yaşayış içine sokmak",,
kraldan çok kralcı olmak,birinin davasını ondan çok savunur olmak,,
kramp girmek,kasılmak,,
kredisi düşmek,"güvenilirliği, saygınlığı yitmek",,
kredi açmak,birine peşin para istemeden belirli bir ölçüye kadar mal vermeyi kabul etmek | ödünç para vermek,,
krepe atmak,krepe yapmak,,
krepe balyaj yapmak,saç diplerinden itibaren koyudan açığa doğru en uç noktaya kadar saçın rengi dışında herhangi bir renkle krepe uygulayarak boyama işlemi yapmak,,
krepe yapmak,saçı aşağıdan yukarıya doğru ters yönde tarayarak kabartmak,,
krepe yaptırmak,saçı aşağıdan yukarıya doğru ters yönde taratarak kabarttırmak,,
kritik etmek,"eleştirmek | incelemek, araştırmak",,
kriz geçirmek,bir organda birdenbire fizyolojik değişiklik olmak | bunalım içinde bulunmak,,
kubur sıkmak,"silah atmak, tabanca sıkmak",,
kucağına düşmek,"düşman, felaket, sefalet vb. kötü şeylerin veya durumların içine düşmek, onlarla karşılaşmak",,
kucağına kurulmak,kucağına oturmak,,
kucağına oturmak,dizlerinin üstüne oturmak | yaltaklanmak | birinin amaçlarına alet olmak,,
kucağında bulmak,beklemediği bir durumla karşı karşıya kalmak,,
kucak (veya kucağını) açmak,korumak | sığınacak yer vermek,,
kukla gibi oynatmak,birine her istediğini yaptırmak | birinin istediğini yapıyor görünerek onu oyalamak,,
kukumav gibi düşünmek,kara kara düşünmek,,
kukumav gibi kalmak,"yapayalnız, tek başına kalmak",,
kukumav gibi oturmak,"yapayalnız, tek başına oturmak",,
kukumav kuşu gibi düşünüp durmak,çok üzüntülü bir durumda düşünmek,,
kulaç atmak,"yüzerken kolları, sırayla üstten ileriye doğru atıp suyu arkaya doğru çekmek",,
kulağa kadar gelmek,söylenenler konunun muhatabı tarafından duyulmak,,
kulağına çalınmak,başkasına söylenirken kendisi de duymuş olmak,,
kulağına çalınmak,başkasına söylenirken kendisi de duymuş olmak,,
kulağına çarpmak,duyulmak,,
kulağına çarpmak,duyulmak,,
kulağına fısıldamak,çok alçak ve hafif bir ses tonuyla kulağına eğilip bir şeyler söylemek,,
kulağına fısıldamak,çok alçak ve hafif bir ses tonuyla kulağına eğilip bir şeyler söylemek,,
kulağına gelmek,kulağına çalınmak | duymak,,
kulağına gelmek,kulağına çalınmak | duymak,,
kulağına girmemek,"söylenilen sözlere önem vermemek, söylenenleri anlamamak, benimsememek",,
kulağına girmemek,"söylenilen sözlere önem vermemek, söylenenleri anlamamak, benimsememek",,
kulağına gitmek,duymak,,
kulağına gitmek,duymak,,
kulağına inanmamak,duyduklarının doğruluğundan şüphe etmek,,
kulağına inanmamak,duyduklarının doğruluğundan şüphe etmek,,
kulağına kar suyu kaçırmak,dolaylı olarak duyurmak,,
kulağına kar suyu kaçırmak,dolaylı olarak duyurmak,,
kulağına kar suyu kaçmak,bir duyum almak,,
kulağına kar suyu kaçmak,bir duyum almak,,
kulağına söylemek,fısıldamak,,
kulağına söylemek,fısıldamak,,
kulağının üzerine yatmak,"görmezlikten, duymazlıktan gelmek, dikkate almamak",,
kulağının üzerine yatmak,"görmezlikten, duymazlıktan gelmek, dikkate almamak",,
kulağının zarı patlamak,gürültü yüzünden rahatsız olmak,,
kulağını açmak,dikkatle dinlemek,,
kulağını açmak,dikkatle dinlemek,,
kulağını bükmek,bir sorun karşısında dikkatli davranması için uyarıda bulunmak,,
kulağını çekmek,ceza olarak kulağını tutup bükerek çekmek | uyarmak için hafif bir ceza vermek,,
kulağını çınlatmak,birini anmak,,
kulağını doldurmak,bir kimseye başkasından bilgi almadan önce konu üzerinde bilgi verirken kendi düşüncesini aşılamak,,
kulağını doldurmak,bir kimseye başkasından bilgi almadan önce konu üzerinde bilgi verirken kendi düşüncesini aşılamak,,
kulağını sağır etmek,"sağırlaşmasına sebep olmak, işitemez duruma getirmek",,
kulağını sağır etmek,işitemez duruma getirmek,,
kulağı ağır işitmek,kulağı iyi işitmemek,,
kulağı ağır işitmek,kulağı iyi işitmemek,,
kulağı dikilmek,konuşulanları dinlemek için dikkat kesilmek,,
kulağı dikilmek,konuşulanları dinlemek için dikkat kesilmek,,
kulağı duvar olmak,sağır olmak,,
kulağı duvar olmak,ağır işitmek,,
kulağı kirişte olmak,"söylenecek sözü, gelecek haberi sabırsızlıkla beklemek",,
kulağı okşamak,kulağa hoş gelmek,,
kulağı okşamak,kulağa hoş gelmek,,
kulağı olmamak,ses titreşimlerinin yükselip alçalmasını ayırt edememek,,
kulağı olmamak,ses titreşimlerinin yükselip alçalmasını ayırt edememek,,
kulağı ters taraftan göstermek,kolay yolu varken bir işi daha zor ve uzun yollar kullanarak yapmak,,
kulağı ters taraftan göstermek,kolay yolu varken bir işi daha zor ve uzun yollar kullanarak yapmak,,
kulağı (bir şeyde) olmak,dikkatini bir şeye vermek,,
kulağı (bir şeyde) olmak,dikkatini bir şeye vermek,,
kulaklarına kadar kızarmak,çok utanmak,,
kulaklarına kadar kızarmak,çok utanmak,,
kulaklarının pasını gidermek,hoşa giden ses veya güzel bir müzik dinlemek,,
kulaklarının pasını gidermek,hoşa giden ses veya güzel bir müzik dinlemek,,
kulaklarını dikmek,hayvan dikkat kesilmek,,
kulaklarını dikmek,hayvan dikkat kesilmek,,
kulakları dolmak,aynı şeyi dinlemekten usanmak,,
kulakları dolmak,aynı şeyi dinlemekten usanmak,,
kulakları paslanmak,çoktan beri müzik dinlememiş olmak,,
kulakları paslanmak,çoktan beri müzik dinlememiş olmak,,
kulakları patlatmak,Gürültüyle rahatsız etmek,,
kulakları patlatmak,Gürültüyle rahatsız etmek,,
kulakları uğuldamak,kulakta uğultu olmak,,
kulakları uğuldamak,kulakta uğultu olmak,,
kulak arkası (veya ardı) etmek,"dikkate almamak, göz önünde tutmamak",,
kulak arkası (veya ardı) etmek,"dikkate almamak, göz önünde tutmamak",,
kulak asmak,"önem vermek, dinlemek",,
kulak asmak,"önem vermek, dinlemek",,
kulak kabartmak,belli etmemeye çalışarak dinlemek,,
kulak kabartmak,belli etmemeye çalışarak dinlemek,,
kulak kesilmek,büyük bir dikkatle dinlemek,,
kulak kesilmek,büyük bir dikkatle dinlemek,,
kulak kıvırmak,domatesin olgunlaşmasını sağlamak için işlem yapmak,,
kulak kıvırmak,domatesin olgunlaşmasını sağlamak için işlem yapmak,,
kulak misafiri olmak,yanında konuşulanları hissettirmeden veya istemeden dinlemek,,
kulak tutmak,"dinlemek, işitmek istemek",,
kulak tutmak,"dinlemek, işitmek istemek",,
kulak vermek,"merak edip dinlemek, işitmeye çalışmak",,
kulak vermek,"değer vermek, önemsemek",,
kulak (veya kulağını) tırmalamak,kulağı rahatsız etmek,,
kulak (veya kulağını) tırmalamak,kulağı rahatsız etmek,,
kulak (veya kulaklarını) tıkamak,bir şeyi duymazlıktan gelmek,,
kulak (veya kulaklarını) tıkamak,bir şeyi duymazlıktan gelmek,,
kula kul olmak,bir kimsenin buyruğu altında bulunmak,,
kulis yapmak,herhangi bir toplulukta oturumlar dışında gizli çalışmalar yapmak | bir amaca ulaşabilmek için ilgili kişiler arasında özel çalışma yapmak,,
kulluk etmek,kul olmak,,
kulpunu bulmak,"yapılacak uygunsuz bir iş için, yasallığı tartışılabilecek bir çözüm yolu bulmak",,
kulp takmak,"bir kimseyi, bir şeyi kusurlu göstermek için bahane, kusur bulmak",,
kuluçka olmak,dişi kuş yumurtaya yatma zamanı gelmek,,
kulunç girmek,"bir organda veya vücut bölgesinde birdenbire veya şiddetli sancı oluşmak, tutulmak",,
kulunç kırmak,ağrıyan veya tutulan yeri ovmak,,
kulun atmak,kısrak veya eşek yavru düşürmek,,
kul etmek,"kendine aşırı derecede bağlamak, boyun eğdirmek",,
kul köle olmak,tam bir doğruluk ve özveri ile bağlanarak bütün isteklerini yerine getirmeye hazır olmak,,
kul olmak,"aşırı derecede bağlanmak, boyun eğmek",,
kumanda etmek,komut vermek | yönetmek,,
kumar oynamak,ortaya para koyarak talih oyunu oynamak | olumlu sonuçlanması şüpheli olan bir işe bile bile girişmek,,
kuma olmak,(kadın) evli bir erkeğe eş olmak,,
kumda oynamak,bir fırsat kaçırarak umulanı elde edememek,,
kumpasa dâhil olmak,hileli bir işe ortak olmak,,
kumpasa gelmek,hile ile kandırılmak,,
kumpas kurmak,"gizli bir iş, hile, düzen hazırlamak",,
kum dökmek,idrar yoluyla böbreklerde oluşan kum taneciklerini vücuttan atmak,,
kupkuru etmek,çok kurutmak,,
kupkuru kesilmek,çok kurumak,,
kurası olmak,o yıl askerlik çağına girenlerden olmak [askerlik],,
kura çekmek,ad çekmek,,
kurbanı olmak,"uğruna ızdırap veya büyük üzüntü, sıkıntı çekmek, zarara girmek, ölmek",,
kurban etmek,kurban kesmek | kendi çıkarı için birini veya bir şeyi feda etmek,,
kurban gitmek,"suçsuz yere ölmek, zarara uğramak",,
kurban kesmek,din buyruğunu yerine getirmek için bir hayvanı keserek etini dağıtmak,,
kurban olmak,bir kimse veya bir şey için kendini feda etmek,,
kurban vermek,can kaybına uğramak,,
kurdele kesmek,tesis veya kuruluşun açılış töreninde gerilen şeridi iyi dileklerle kesmek | herhangi bir amaçla bağlanmış olan şeridi kesip ayırmak,,
kurdele takmak,"ilköğretimde belli bir konudaki başarıyı belirtmek üzere öğrenci giysisinin yakasına renkli, özel bir şerit takmak",,
kurnazlık etmek,kurnazlaşmak,,
kursağında kalmak,"istenilen bir şey gerçekleşememek, yarım kalmak",,
kurşuna dizmek,verilen ölüm cezasını askerî bir kıtanın attığı kurşunlarla yerine getirmek | öldürmek,,
kurşun atmak,silahla mermi atmak | düşmanlık etmek,,
kurşun dokunmak,mermi isabet etmek,,
kurşun dökmek,"halk inanışına göre erimiş kurşunu, hastanın üstünde, içinde su bulunan bir kaba dökerek ortaya çıkan şekillerin yorumuyla nazar, büyü, hastalık vb. şeyleri önlemek, iyileştirmek",,
kurşun manyağı yapmak,ölümle tehdit etmek,,
kurşun sıkmak,"silahı ateşlemek, mermi yakmak",,
kurşun tutmak,"kurşuna hedef olmak, kurşun değecek gibi olmak",,
kurşun yağdırmak,çok sayıda kurşun atmak,,
kurşun yağmuruna tutmak,çok sayıda ve sürekli kurşun atmak,,
kurşun (veya kurşunu) yemek,vurulmak,,
kurt ağzı bağlamak,inanışa göre açıkta kalan hayvanların kurt tarafından boğulmasını önleme amacıyla çeşitli uygulamalar yapmak,,
kurt gibi acıkmak,çok acıkmak,,
kuruda kalmak,deniz alçaldığında gemi karaya oturmak,,
kurum (veya kurumunu) satmak,kendini büyük ve önemli göstermek,,
kuruntuya kapılmak,boş yere tasalanmak,,
kuruntu etmek,kötü ihtimalleri düşünüp üzülmek,,
kurusıkı atmak,korkutmak veya yıldırmak amacıyla aslı olmayan söz söylemek,,
kuru başına kalmak,"hayatında veya yanında kimsesi kalmamak, kimsesiz, yalnız kalmak",,
kuru çeşmeden abdest almak,“gereksiz ve yararsız iş yapmak” anlamında kullanılan bir söz,,
kuru ekmek,Katıksız ekmek,,
kuru gürültüye pabuç bırakmamak,"bir durum karşısında telaşsız, korkusuz, dilediğince davranmak",,
kuru hasır (veya kilim) üstünde kalmak,"aç, parasız, evsiz kalmak",,
kuru tahtada kalmak,"eşyası elinden gitmek, çıplak evde oturma durumunda kalmak",,
kur yapmak,"karşı cinsten birine ilgi göstererek onun hoşuna gitmek, gönlünü kazanmaya çalışmak | birinin duygularını okşayacak biçimde davranarak onu elde etmeye çalışmak",,
kusur aramak,"yanlışını, eksikliğini, elverişsizliğini aramak",,
kusur bulmak,"bir şeyin eksikliğini, özrünü görmek | gereğinden çok titiz ve hoşgörüsüz davranmak",,
kusur etmek,yanlışlık yapmak,,
kusur etmemek,hoş karşılanmayacak bir davranışta bulunmamak,,
kusur işlemek,yanlış davranışta bulunmak,,
kuşkusu kalmamak,"bir konuda her şeyi bilmek, şüphe duymamak",,
kuşkuya düşmek,kuşkulanmak,,
kuşku uyanmak,kuşku oluşmak,,
kuşun kanadıyla haber salmak,en hızlı bir biçimde haber vermek,,
kuş gibi çırpınmak,çaresizlik içinde telaşlı davranmak,,
kuş gibi (veya kadar) yemek,çok az yemek,,
kuş kadar canı olmak,"küçük, cılız, güçsüz bir yaratık olmak",,
kuş kanadıyla gitmek,çok hızlı gitmek,,
kuş sütü ile beslemek,"eksiksiz, özenli bir biçimde beslemek",,
kuvveden fiile çıkarmak,"düşünülen, tasarlanan şeyi gerçekleştirmek",,
kuvvetini toplamak,"gücünü artırmak, kuvvetlenmek",,
kuvvetten düşmek,gücü azalmak,,
kuvvet almak,"herhangi bir yardımla gücü artmak, kuvvetlenmek",,
kuvvet bulamamak,cesaret edememek,,
kuvvet vermek,bir konuya çok önem vermek,,
kuyruğa girmek,ayakta arka arkaya durulan diziye girmek,,
kuyruğuna basmak,"birini incitip saldırıda bulunmasına yol açmak, tahrik etmek",,
kuyruğuna teneke bağlamak,"biriyle aşırı derecede alay etmek | birini, herkesin alay edeceği biçimde kovmak",,
kuyruğunu kısmak,korkup sinmek,,
kuyruğunu kıstırmak,birini güç bir duruma düşürmek,,
kuyruğunu tava sapına çevirmek,"haddini bildirmek, gereken dersi vermek",,
kuyruğu dikmek,hayvan koşmaya başlamak | insan bulunduğu yerden uzaklaşmaya başlamak,,
kuyruğu dik tutmak,zor ve zayıf anlarında bile güçlü görünmeye çalışmak,,
kuyruğu kıstırmak,içinden çıkılamaz bir duruma düşmek,,
kuyruğu titretmek,ölmek,,
kuyruk çekmek,göz ucundan şakağa doğru kalem veya sürme ile çizgi çekmek,,
kuyruk olmak,"arka arkaya dizilmek, sıralanmak",,
kuyruk sallamak,yaltaklanmak,,
kuyruk yapmak,uzun ve peş peşe bir sıra oluşturmak,,
kuyudan adam çıkarmak,"olumsuz, uygunsuz veya yasal olmayan bir duruma son vererek birini haklarına kavuşturmak | unutulmaktan kurtarmak",,
kuyusunu kazmak,"birinin yıkımına çalışmak, kötü duruma düşmesini istemek",,
kuyu açmak,kuyu yapmak,,
kuzuya dönmek,"uysallaşmak, sakinleşmek",,
kuzu çevirmek,kuzunun gövdesini şişe geçirip ateş korunun üzerinde çevirerek pişirmek,,
kuzu gibi olmak,"uslanmak, sessizleşmek, sakinleşmek",,
kuzu kesilmek,"uysallaşmak, sessizleşmek, sakin bir durum almak",,
kuzu postuna bürünmek,"karşısındakini aldatmak için gerçek kişiliğini saklamak, kendini zararsız ve uysal göstermek",,
"küçükle küçük, büyükle büyük olmak","her yaştaki kişilere karşı dostça, arkadaşça davranmak | her makam ve durumdaki kişilere karşı dostça ve anlayış göstererek davranmak",,
küçük abdesti gelmek,idrar yapma ihtiyacı duymak,,
küçük dağları ben yarattım demek,"çok böbürlenmek, kibirlenmek",,
küçük dilini yutmak,"şaşırmak, donakalmak",,
küçük düşmek,değeri veya onuru sarsılmak,,
küçük düşürmek,değerini veya şerefini sarsmak,,
küçük görmek,küçümsemek,,
küçük oynamak,kumarda az para ile oynamak,,
küfekiye dönmek,delik deşik olmak,,
küfeki tutmak,küflenmek,,
küfelik olmak,çok sarhoş olmak,,
küfranlık etmek,nankörlük etmek,,
küfrü basmak,küfretmek,,
küfür savurmak,küfretmek,,
küfür yemek,kendisine küfredilmek,,
küf kokmak,"kapalı, nemli yerler gibi ağır kokmak",,
külahını havaya atmak,pek çok sevinmek,,
külahını ters giydirmek,çok kurnaz olmak,,
külah giydirmek,"hileyle, oyunla aldatmak",,
külah kapmak,"düzen, dalavere ile bir işin başına geçmek",,
külah peşinde olmak,yalan dolanla bir işin başına geçmeye çalışmak,,
külah takmak,"hileyle, oyunla kandırıp parasını almak",,
külçe gibi oturmak,yorgun veya bitkin bir durumda çöküvermek,,
külçe kesilmek,"dermansız, güçsüz kalıp olduğu yere yığılmak",,
külfete katlanmak,"sıkıntıya, zorluğa dayanmak",,
külünü savurmak,bir şeyi bütünüyle bitirip yok etmek,,
kül bağlamak,"ateş sönmek | gücünü, etkisini yitirmek",,
kül etmek,"yakmak, kavurmak | Birinin varını yoğunu tüketmek, yok etmek",,
kül olmak,bütünüyle yanmak | varını yoğunu yitirmek,,
kül ufak olmak,çok küçük parçalara ayrılmak,,
kümeden düşmek,"takımlar sonraki sezonda bir alt kümeye inmek, ligden düşmek",,
kümeye çıkmak,"takımların sonraki sezonda bir üst kümeye yükselmesi, lige çıkmak",,
küme düşürmek,"takımı bir alt lige indirmek, ligden düşürmek",,
kündeden atmak,"güreşçi, rakibini belinden kavrayıp kendi üzerinden aşırarak arka üzeri atmak | aldatarak tuzağa düşürmek",,
kündeye gelmek,"aldanmak, tuzağa düşmek",,
kündeye getirilmek,"aldatılmak, tuzağa düşürülmek",,
künhüne varmak,"bir şeyin özünü, aslını anlamak",,
künyesini okumak,ayıplarını yüzüne vurarak bir kimseye sövmek,,
künyesi gelmek,savaşta bir askerin ölüm haberi kendi evine bildirilmek,,
küpe dönmek,çok şişmanlamak,,
küplere binmek,çok öfkelenmek,,
küpünü (veya küplerini) doldurmak,eline fırsat geçmişken çokça para biriktirmek,,
kürek çekmek,deniz teknesini yürütmek için küreği kullanmak,,
kürek kadar dili olmak,pabuç kadar dili olmak,,
kürünü kırmak,"heves ettiği, imrendiği, çok istediği şeye kavuşup ona doymak, hevesini almak",,
kürünü öldürmek,"gururunu kırmak, güçsüzlüğünü kabul etmek",,
kür yapmak,sağlığı korumak amacıyla herhangi bir yöntemi bir süre uygulamak,,
küstahlık etmek,küstahça davranışlarda bulunmak,,
küstereye tutmak,bıçak vb.ni bileği çarkında bilemek,,
kütüğe geçirmek,ana deftere yazmak,,
kâbına varamamak,değerce birinden pek aşağı olmak,,
kâbus görmek,"korkulu rüya görmek | büyük sıkıntı, korku duymak",,
kâfi gelmek,"yetmek, yetişmek",,
kâğıda dökmek,yazıya geçirmek,,
kâğıt açmak,iskambil kâğıtlarını oyunculara dağıttıktan sonra koz olacak kâğıdın yüzünü çevirmek,,
kâğıt kaleme sarılmak,hemen yazmaya başlamak,,
kâğıt oynamak,iskambil kâğıtlarını kullanarak çeşitli oyunlar oynamak,,
kâğıt üzerinde (veya üstünde) kalmak,yapılması düşünülmüş olduğu hâlde yapılmamak | kararı bağlandığı hâlde uygulanmamak,,
kâhyalık etmek,kâhyalık görevinde bulunmak | her şeye karışmak,,
kâm almak,"bir şeyden olabildiğince zevk almak, keyfini çıkarmak",,
kârını tamam etmek,öldürmek,,
kârı olmamak,yapabileceği iş olmamak,,
kâr bırakmak,kazanç getirmek,,
kâr etmek,"kazanç elde etmek, yarar sağlamak | etki yapmak | iyi gelmek, etkisi iyi olmak",,
kâr etmemek,"yararı olmamak, etki yapmamak",,
kâr getirmek,bir şey para kazandırmak,,
kâr koymak,"bir şeyin maliyet fiyatı üzerine kâr payını katmak, kazanç koymak",,
laçka etmek,"bir halatı koyuverip boşaltmak [denizcilik] | gevşetmek, bitkin bir duruma getirmek",,
laçka olmak,"vida, mil vb. makine parçaları aşınarak veya yuvaları genişleyerek gevşemek | herhangi bir düzen iyi işlemez olmak",,
ladesli olmak,lades oyununa tutuşmak,,
lades tutuşmak,tavuğun lades kemiğini birer ucundan karşılıklı tutup kırarak lades oyununa başlamak,,
lafa başlamak,söze başlamak,,
lafa boğmak,"bir konu üzerinde konuşulurken ilgisiz, gereksiz ve anlamsız bir biçimde söz edip asıl konuyu değiştirmek, unutturmak, karıştırmak",,
lafa dalmak,"uzun süren bir sohbette bulunmak, çok konuşmak",,
lafa karışmak,"biri veya birileri konuşurken bir başkası konuşmak, konuşmaya katılmak",,
lafa tutmak,"yersiz, zamansız ve sürekli konuşarak meşgul etmek, oyalamak",,
lafına gelmek,sözüne gelmek,,
lafını bilmek,"akıllı uslu konuşup başkasını rahatsız etmemek, yerinde, güzel ve tutarlı konuşmak",,
lafını etmek,sözünü etmek,,
lafını geri almak,sözünü geri almak,,
lafını kesmek,sözünü kesmek,,
lafını yabana atmamak,söylenen söze değer vermek,,
lafını yedirmek,iddialı olarak söylediği sözü geri alma zorunda bırakmak,,
lafını yemek,"verdiği sözden, söylediği sözden vazgeçmek",,
lafın altını kazımak,"konuyu iyice deşmek, önünü arkasını araştırmak",,
lafı ağzına tıkamak,"birinin rahatça konuşmasını engelleyip susturmak, söylemesine imkân tanımamak",,
lafı ağzından almak,birinin söylemekte olduğu şeyi bitirtmemek,,
lafı ağzında bırakmak,"birinin konuşmasını kesmek, sözlerini bitirmesine fırsat vermemek",,
lafı ağzında gevelemek,söylemek isteğini söyleyememek,,
lafı ağzında kalmak,sözü ağzında kalmak,,
lafı bağlamak,bir konu üzerinde son sözü söylemek,,
lafı çevirmek,"konuşmanın sakıncalı bir biçim aldığı anlaşıldığında başka bir konuya yönelmek, lafı veya konuyu değiştirmek",,
lafı dağıtmak,sözü dağıtmak,,
lafı değiştirmek,"başka konuyu dile getirmek, başka bir şeyden söz etmek",,
lafı dolandırmak,sözü uzatmak,,
lafı döndürüp dolaştırmak,sözü uzatmak,,
lafı edilmek,sözü edilmek,,
lafı geçmek,sözü geçmek,,
lafı kesmek,sözü kesmek,,
lafı kıçından anlamak,"konuşulan konuyu yanlış, ters anlamak",,
lafı kıçından dinlemek,"konuşulan konuyu ilgisiz, üstünkörü veya önem vermeden dinlemek",,
lafı kısa kesmek,"söyleyeceğini kısa veya özet olarak belirtmek, az ve öz konuşmak",,
lafı sulandırmak,"bir konu üzerinde ciddiyetle durup konuşurken araya ilgisiz, anlamsız veya tutarsız boş laf katmak",,
lafı tartmak,sözü tartmak,,
lafı uzatmak,konuşmayı gereksiz bir biçimde başka sözlerle sürdürmek,,
laftan anlamak,söyleneni dinleyip uymak veya uygulamak,,
lafta kalmak,bir iş düşünce aşamasında kalıp gerçekleşmemek,,
laf açmak,söz açmak,,
laf altında kalmamak,söz altında kalmamak,,
laf anlatmak,"sözünü dinletmek, karşıdakini ikna edinceye kadar konuşmak",,
laf atmak,"biriyle kısa süreli söyleşmek, konuşmak | uzaktan, dolaylı olarak dokunacak söz söyleyip işittirmek | sözle sarkıntılık etmek",,
laf cambazlığı yapmak,"bir kimsenin veya grubun duygularını kamçılayarak, gerçek dışı sözler söyleyerek onları kazanmaya çalışmak",,
laf çıkarmak,"yeni bir şey söylemek, ortaya atmak | dedikodu yapmak",,
laf çıkmak,dedikodu başlamak,,
laf dinlemek,söz dinlemek,,
laf düşmemek,söz düşmemek,,
laf etmek,söz etmek,,
laf geçirmek,söz geçirmek,,
laf gelmek,söz gelmek,,
laf getirmek,söz getirmek,,
laf götürmek,söz götürmek,,
laf işitmek,"azarlanmak, birisi kendisine darılmak",,
laf kaynayıp gitmek,"söz boşa söylenmek, anlaşılmaz olmak, hiçbir etki yapmamak",,
laf olmak,söz olmak,,
laf oturtmak,"karşı tarafa gerektiği yerde, beklenilmeyen bir durumda, esaslı ve gereken bir laf söylemek",,
laf sokmak,"sırasını getirip iğneli, kinayeli söz söylemek",,
laf taşımak,dedikodu ederek laf götürüp getirmek,,
laf tutmak,söz dinlemek,,
laf yakıştırmak,"konuşma sırasında yerinde söz söylemek, gerekeni ifade etmek",,
laf yapmak,dedikodu yapmak,,
laf yetiştirmek,"birinin söylediklerine olur olmaz karşılık vermek, çene yarıştırmaya kalkmak | birinin söylediğini başkasına götürmek",,
lağımla atmak,bir kayayı delip içine patlayıcı maddeler koyduktan sonra bu maddeleri ateşleyerek parçalamak,,
lakap takmak,bir kimseye onun bir özelliğini belirtecek bir ad vermek,,
lakayıt kalmak,"ilgisiz davranmak, aldırmamak",,
lakırtısını etmek,hakkında konuşmak,,
lakırtısı ağzında kalmak,"konuşan kimsenin, bir başkasının söze başlaması veya ani bir olay sonucunda sözü yarım kalmak",,
lakırtıya boğmak,gereksiz ve boş sözlerle konuşmayı uzatmak,,
lakırtıya tutmak,konuşarak oyalamak,,
lakırtıyı ağzına tıkamak,birinin sözünü bitirmesine imkân vermeden onu ters bir karşılıkla susmak zorunda bırakmak,,
lakırtıyı ezip büzmek,konuşmasını beceremeyip aynı şeyleri tekrarlamak,,
lakırtıyı kesmek,susmak,,
lakırtı ağzından dökülmek,isteksiz konuşmak,,
lakırtı çıkarmak,laf çıkarmak,,
lakırtı etmek,konuşmak | dedikodu konusu etmek,,
lakırtı taşımak,laf taşımak,,
lakırtı yetiştirmek,bir söze karşılık vermekte gecikmemek,,
laklak etmek,"karşılıklı, gelişigüzel, havadan sudan konuşmak",,
lala paşa eğlendirmek,işini gücünü bırakıp karşısındakinin hoş vakit geçirmesini sağlamak,,
lal etmek,birini konuşamaz duruma sokmak,,
lambayı açmak,ışığı yakmak | lambanın fitilini yükseltip ışığını çoğaltmak,,
lambayı söndürmek,ışığı kapatmak,,
lamba açmak,"kapı, pencere kenarlarında genellikle dik açılı girinti açmak",,
lam cim dememek,bahane kabul etmemek,,
lanet etmek,"ilenmek, kötülüğünü istemek",,
lanet okumak,bir kimsenin Tanrı'nın merhametinden yoksun kalmasını dilemek,,
lanse etmek,öncelemek,,
lapa vurmak,"ağrıyı kesmek, iyileştirmek amacıyla lapa koymak",,
latife etmek,şaka etmek,,
latife götürmek,şaka kaldırmak,,
laubali olmak,aşırı samimi veya teklifsizce davranmak,,
lavaj yapmak,"herhangi bir organı mikroplardan temizlemek amacıyla yıkamak, arıtmak",,
lava etmek,bir filikayı ilerletmek | birini çekiştirmek,,
layığını bulmak,"dengini, yaraşır eşini bulmak | hak ettiği cezayı bulmak",,
layık görmek,"yakıştırmak, uygun görmek",,
layık olmak,hak kazanmış olmak | uygun olmak,,
leblebiden nem kapmak,en küçük bir olay veya davranıştan olumsuz etkilenmek,,
leğen başından almak,bir kızla hamarat diye evlenmek,,
lehinde olmak,bir şeyin tarafını tutmuş olmak | birinin yararına olmak | bir kimseyi desteklemek,,
lehine olmak,bir kimsenin iyiliğine yardım eder olmak,,
lehte olmak,bir şeyden yana olmak,,
leke etmek,lekelemek,,
leke getirmek,"yüz kızartacak, onur kıracak durumla karşılaşmaya yol açmak",,
leke olmak,üstünde leke oluşmak,,
leke sürmek,"birine onurunu sarsacak biçimde iftirada bulunmak, suç yüklemek, lekelemek",,
leşini çıkarmak,"çok dövmek, adamakıllı dövmek",,
leşini sermek,öldürmek,,
leş gibi serilmek,kollarını bacaklarını yayarak kımıldamadan yatmak,,
leyleği havada görmek,çok gezmek,,
lezzetini çıkarmak,tadını çıkarmak,,
lezzet almak,hoşlanmak,,
ligden çekilmek,takımlar kendi kararıyla ligden çıkmak,,
ligden düşmek,"takımlar, bulundukları ligten bir alt lige düşmek",,
lige çıkmak,takımlar bulunduğu ligten bir üst lige çıkmak,,
likide etmek,alacak ve verecekleri hesaplayarak sonucu belirtmek,,
lime lime etmek,parçalamak,,
lime lime olmak,parçalanmak,,
limit koymak,"sınırlandırmak, kısıtlamak",,
limon gibi sıkmak,belli bir kişiyi veya kitleyi neyi varsa alarak zor duruma sokmak,,
limon sıkmak,konuşmacının konuşmasını bitirmesini beklemeden sözü uygunsuz yerde kesmek,,
linç etmek,yargılamadan öldürmek | yargılamadan cezalandırmak,,
liste başı olmak,listenin ilk sırasında olmak,,
liste dışı bırakılmak,"listeye alınmamak, adı listeye yazılmamak",,
liste dışı kalmak,listede yer alamamak,,
literatür taramak,çalışma konusuyla ilgili kaynakları araştırmak,,
liyakat göstermek,başarmak,,
lokavt yapmak,işveren işçileri topluca işten uzaklaştırmak veya çıkarmak,,
lokmasını dökmek,bir ölünün anısına lokma tatlısı yapıp dağıtmak,,
lokmasını saymak,sofrada yemek yiyen bir kimsenin ne kadar yediğine dikkat etmek,,
lokma dökmek,lokma tatlısı yapmak | konuk için yemek hazırlamak,,
lokma etmek,yemek yemek,,
lokma lokma doğramak,küçük parçalara ayırmak,,
lokma (veya lokması) ağzında büyümek,üzüntü veya iştahsızlık sebebiyle lokmasını yutamamak,,
löpür löpür oynamak,"bedenin sarkık et kitlesi sağa sola, aşağı yukarı hareket etmek",,
lügat paralamak,"konuşma dilinde geçmeyen yabancı kelimeler kullanmak, ağdalı konuşmak",,
lükse gitmek,"israfa yönelmek, aşırıya gitmek",,
lükse kaçmak,"sadelikten uzaklaşmak, israfa yönelmek",,
lütuf buyurmak,lütfetmek,,
lütuf dilemek,iyilik istemek,,
lüzumsuz görmek,gereksiz bulmak,,
lüzum görmemek,"gerekli bulmamak, gerekli görmemek",,
maaşa geçmek,aylığa geçmek,,
maaş almak,aylık almak,,
maaş bağlamak,aylık bağlamak,,
maaş vermek,aylık vermek,,
maceradan maceraya koşmak,sürekli macera yaşamak,,
maceraya atılmak,"tehlikeli, yorucu, sıkıntılı ve ne olacağı bilinmeyen bir işe kalkışmak",,
macera aramak,"başına geleceklerden habersiz, sonu bilinmeyen, tehlikeli, heyecanlı bir işe girişmek",,
macera yaşamak,başından ilginç olay geçmiş olmak,,
macun çekmek,"boyacılıkta, düzgünlük ve dayanıklılık sağlamak için boyanacak yüzeye macun sürmek | çatlak, delik yerleri kapatmak veya camı çerçeveye tutturmak için macun sürmek",,
maça beyi gibi kurulmak,saygısızca yayılarak oturmak,,
maç satmak,karşılaşma sonucunu belirlemek amacıyla meşru olmayan yollardan veya para karşılığı anlaşmaya varmak,,
maç yapmak,iki takım veya iki kişi kazanmak amacıyla aralarında karşılaşma yapmak,,
madalya almak,madalya kazanmak,,
madara etmek,"kötü duruma düşürmek | yalanını, yanlışını çıkarmak",,
madara olmak,"kötü duruma düşmek | yalanı, yanlışı ortaya çıkmak",,
mağduriyet yaşamak,mağdur olmak,,
mağduriyet yaşatmak,mağdur etmek,,
mağdur etmek,zarara uğratmak,,
mağdur olmak,zarara uğramak,,
mağfiret dilemek,bağışlanmayı istemek,,
mağfiret etmek,Tanrı bağışlamak,,
mağlup etmek,yenmek,,
mağlup olmak,yenilmek (II) | gerçekleşmemesi gereken bir şey için direnemeyip yapılmasını kabul etmek,,
mağrur olmak,"kibirlenmek, gururlanmak, kendini beğenmek",,
mahalleyi ayağa kaldırmak,bağırıp çağırarak konu komşuyu tedirgin etmek,,
mahal kalmamak,"gerek kalmamak, gereği olmamak",,
mahal vermek,bir olayın gerçekleşmesine fırsat vermek,,
maharet kazanmak,"beceri edinmek, ustalaşmak",,
mahcup çıkarmamak,utandırmamak,,
mahcup etmek,utandırmak,,
mahcup kalmak,utanmış olmak,,
mahcup olmak,utanmak,,
mahkemede dayısı olmak,"yüksek bir makamda koruyucusu, kayırıcısı bulunmak",,
mahkemelik olmak,istemediği hâlde dava konusu olmak,,
mahkemeye düşmek,mahkemelik olmak,,
mahkemeye vermek,dava açmak,,
mahkeme açmak,mahkemede dava açmak,,
mahkûm etmek,hüküm giydirmek | kötü bir duruma sürüklemek | mecbur etmek,,
mahkûm olmak,hüküm giymek | kötü bir duruma düşmek | mecbur olmak,,
mahmul olmak,dolu bulunmak,,
mahremiyetine girmek,bir kimsenin özel hayatını öğrenecek kadar ona yakın olmak,,
mahrum etmek,yoksun bırakmak,,
mahrum kalmak,yoksun kalmak,,
mahrum olmak,yoksun kalmak,,
mahsubunu yapmak,"hesabını yapmak, hesabına geçirmek | borcunu alacağından düşürmek",,
mahsup etmek,hesaba geçirmek | borcunu alacağından düşmek,,
mahsur kalmak,"bir yerden çıkamamak | kuşatılmak, sarılmak, çevrilmek",,
mahşere dönmek,çok kalabalıklaşmak,,
mahzun etmek,üzüntü vermek,,
mahzun olmak,"üzgün durumda olmak, boynu bükülmek",,
mahzur doğurmak,"ortaya engel çıkarmak, sakınca yaratmak",,
mahzur görmek,sakıncalı bulmak,,
mail olmak,"hayran kalmak, vurulmak",,
makarasını çözmek,ayrıntılarıyla sayıp dökmek,,
makara çekmek,ötücü kuşlar sürekli ötmek,,
makas almak,"birinin yanağını orta parmak ile işaret parmağı arasına alıp sıkıştırmak, makaslamak",,
makas atmak,"kumaş, kâğıt, saç vb.ni makasla kesmek | yazı, film vb.ni sansür amaçlı kısaltmak, kesmek | hareket hâlinde veya daha fazla aracın arasından geçerek hızlıca arka arkaya şerit değiştirmek | kısa yoldan bitirmek, kısa kesmek | birinin sözünü kesmek",,
makas değiştirmek,tren yönünü değiştirmek | tuttuğu yol ve yöntemden vazgeçip başka bir yöne yönelmek,,
makas vurmak,makasla kesmek,,
makbule geçmek,"çok beğenilmek, hoşa gitmek, işe yaramak",,
makbul olmak,beğenilmek,,
makineyi bozmak,motoru bozmak,,
makine çekmek,dikiş makinesinde dikmek,,
maksat gütmek,bir işi yaparken gizli amaç beslemek,,
maksat hasıl olmak,"amaca ulaşılmak, amaç gerçekleşmek",,
makul olmak,"akıllıca, akla uygun davranmak",,
makyaj yapmak,"yüzü daha bakımlı ve güzel göstermek için kirpik, göz kapağı, burun, yanak ve dudaklara rimel, far, allık, fondöten, ruj vb.malzemeler sürmek; makyajlamak",,
malı götürmek,herkesin göz diktiği bir çıkarı elde etmek,,
malik olmak,sahip olmak,,
malulen emekliye ayrılmak,sigortalı olarak çalışırken hastalığı veya sakatlığı dolayısıyla erken emekli olmak,,
malumattar etmek,bilgi vermek,,
malumat almak,bilgi edinmek,,
malumat edinmek,"bilgi edinmek, öğrenmek",,
malumat vermek,bilgi vermek,,
malumu ilam etmek,"bilinen ve açık olan bir şeyi söylemeye, açıklamaya kalkmak",,
malum olmak,içine doğmak,,
mal edinmek,"kendine mal sağlamak, mal sahibi olmak",,
mal etmek,"bir değer karşılığında sahip olmak | kendi malı, eseri, buluşu gibi benimsemek veya saymak | yüklemek, ait olduğunu göstermek",,
mal kaldırmak,ürün elde etmek,,
mal kapatmak,para karşılığında herhangi bir üretim alanındaki verimin sırf kendisine ayrılmasını sağlamak,,
mal olmak,"bir şeye bir değer karşılığında sahip olmak | bir iş, bir davranış sonucu zarara uğramak | bir yeri, bir şeyi benimsenmek",,
mal yapmak,servet sahibi olmak,,
mamografi çektirmek,Mamografi cihazında meme dokusunu görüntületmek,,
manasına gelmek,anlamına gelmek,,
manası kalmamak,anlamı olmamak,,
manaya gelmek,anlam bildirmek,,
mana çıkarmak,"yersiz bir yargıya varmak, yanlış değerlendirmek | bir söze, söyleyenin aklından geçmeyen bir anlam vermek | anlam çıkarmak",,
mana taşımak,"bir şey ifade etmek, bir anlamı olmak",,
mana vermek,"kendince bir yargıya varmak, yorumlamak",,
mana (veya manası) çıkmak,"anlamına gelmek, anlamını taşımak",,
manda gibi yayılmak,dikkatsizce ve bütün ağırlığıyla oturmak,,
manda gibi yemek,çok fazla yemek,,
maneviyatını kırmak,moral gücünü sarsmak,,
maneviyatı bozulmak,"manevi değerlerden uzaklaşmak, yozlaşmak | moral gücü sarsılmak",,
maneviyatı kırılmak,moral gücü sarsılmak,,
maneviyatı kuvvetli tutmak,karşılaşılan zorluklara dayanabilmek için güçlü olabilmek,,
manevra yapmak,bir araca istenilen hareketi yaptırmak | askerî birlikler savaş denemesi yapmak [askerlik],,
mangalda kül bırakmamak,yapamayacağı işleri yapabilirmiş gibi söylemek,,
mangal gibi yüreği olmak,cesareti çok olmak,,
manşet almak,voleybolda karşı takımın attığı servisi karşılamak [spor],,
mantara basmak,"birinin hazırladığı oyuna düşmek, oyuna gelmek",,
mantar atmak,"yalan söylemek, martaval atmak",,
mantar gibi üremek,hızla çoğalıp yayılmak,,
mantar gibi (yerden) bitmek,birdenbire veya kendiliğinden ortaya çıkmak,,
manyetize etmek,manyetizma ile etkilemek,,
manyetize olmak,manyetizma ile etkilenmek,,
manzara koymak,televizyon yayını sırasında beklenmeyen kesinti aralarını doldurmak için ekrana değişik manzara resimlerini getirip göstermek,,
mapusa düşmek,hapse girmek,,
mapushaneye düşmek,hapse girmek,,
maraza aramak,"çekişmek, olay çıkarmak için bahane aramak",,
maraza çıkarmak,"kavgaya yol açmak, kavga çıkarmak, anlaşmazlığa yol açacak işler yapmak",,
marazlık etmek,"güç, sıkıntı veren, huzursuzluk doğuran bir durum yaratmak",,
marifet (veya marifetini) göstermek,ustalığını ortaya koymak,,
markaja almak,"tutmak, perdelemek [spor] | birinin hareketlerini engelleyici bir biçimde yakından izlemek, ne yaptığını gözlemek",,
markaj yapmak,"takım oyunlarında karşı takımdaki bir oyuncuyu yakından izlemek, tutmak, gölgelemek",,
marka giymek,"kullanmak için seçkin, kaliteli olan malı tercih etmek",,
marka olmak,markalaşmak,,
mars etmek,tavlada karşısındakine hiçbir pul toplamaya fırsat vermeden kendi pullarını toplayıp iki sayı kazanmak | karşısındakini söz söyleyemeyecek duruma getirmek,,
mars olmak,tavlada pul toplayamadan kaybetmek | söz söyleyemeyecek duruma gelmek,,
marş etmek,askerî kıtaya yürümesi için komut vermek [askerlik],,
maruz bırakmak,bir olayın veya bir durumun etkisinde bırakmak,,
maruz kalmak,bir olay veya bir durumla karşı karşıya olmak,,
masadan kalkamamak,konuşma veya görüşme yapılan masayı bu eylem sonlansa da terk edememek | kumar bağımlısı olmak,,
masada kalmak,konuşma veya görüşme yapılan masayı bu eylem sonlansa da terk etmemek | herhangi bir görüşmede alınan kararlar veya ileri sürülen fikirler hayata geçmemek | ameliyat esnasında hayatını kaybetmek,,
masada kaybetmek,"sahip olunan bir hak veya varlığı mahkeme kararı, sözleşme, diplomatik görüşme vb. aracılığıyla kaybetmek | girilen savaşta elde edilen kazanım ve hakları hukuk veya diplomasi yoluyla kaybetmek | kazanılmış bir maçı federasyon, mahkeme vb. kararıyla kaybetmek",,
masada kazanmak,"çeşitli sebeplerle kaybettiği hak ve varlıkları diplomatik bir görüşme, sözleşme veya mahkeme kararıyla kazanmak",,
masaj yapmak,"sağlık, bakım ve yarışmalara hazırlık amacıyla vücudun çeşitli bölgelerini özel araç ve yöntemlerle ovmak, ovuşturmak",,
masal âleminde yaşamak,"gerçek olmayan, gerçekleşmesi güç olan şeyler düşünerek yaşamak | masallardaki gibi olağanüstü güzel anlar yaşamak",,
masaya oturmak,"bir anlaşmazlığı çözümlemek üzere bir araya gelmek, toplanmak",,
masaya oturmak,"bir anlaşmazlığı çözümlemek üzere bir araya gelmek, toplanmak | bir konuyu, olayı enine boyuna tartışmak",,
masaya yatırmak,"bir konuyu, olayı araştırmak veya irdelemek",,
masaya yatırmak,"bir konuyu, olayı enine boyuna tartışmak",,
maskarasını çıkarmak,"birini rezil etmek, küçük düşürerek gülünç duruma sokmak",,
maskarası olmak,birinin eğlencesi olmak,,
maskaraya almak,"biriyle eğlenmek, gülünç duruma düşürmek",,
maskaraya çevirmek,gülünç bir duruma sokmak,,
maskara etmek,"bir kimseyi veya şeyi gülünç ve şerefsiz duruma düşürmek | bir şeyi bozmak, berbat etmek",,
maskara olmak,gülünç bir duruma düşmek,,
maskesini atmak,"amaçlarını gizlemesini bilen kimse, bu tutumunu bırakarak gerçek kişiliğini ve amaçlarını açığa vurmak",,
maskesi düşmek,gerçek niyeti ve niteliği ortaya çıkmak,,
masrafa girmek,bir iş veya yapım için çok para harcamak,,
masrafı çekmek,"bir iş için gereken parayı ödemek, gideri karşılamak",,
masraftan çıkmak,"beklenmedik bir sırada para harcama durumunda kalmak, paradan çıkmak",,
masraf etmek,para harcamak,,
masraf görmek,alışveriş veya ödeme işlerini yapmak,,
masraf kapısı açmak,para harcamayı gerektiren bir işe girişmek,,
mastor olmak,esrar içerek kendinden geçmek,,
maşalık etmek,"başkalarının çıkarı, isteği ve amaçları doğrultusunda çalışmak",,
maşası olmak,sakıncalı bir işte biri tarafından araç olarak kullanılmak,,
maşa gibi kullanmak,maşası olmak,,
maşa varken elini yakmak,bir işten gelebilecek zarardan kendini koruyacak bir yol varken o yolu tutmamak,,
maşa yapmak,"maşa şeklindeki aletle saçları dalgalı, bukleli veya kıvırcık duruma getirmek",,
matem tutmak,yas tutmak,,
matiz etmek,iki halatı ek yeri kalınlaşmayacak biçimde birbirine eklemek,,
matiz olmak,sarhoşluktan sızacak duruma gelmek,,
matrağa almak,"alaya almak, eğlenmek",,
matrak geçmek,"alay etmek, eğlenmek",,
matuf olmak,bir şeye yöneltilmek,,
mat etmek,"satranç oyununda yenmek | bir tartışma sonunda karşısındakini cevap veremez duruma düşürmek | kötü duruma düşürmek, bozmak",,
mat olmak,satranç oyununda yenilmek | bir tartışma sonunda veya benzeri bir durumda yenik düşmek,,
maval okumak,"yalan söylemek, yalan söyleyerek oyalamak, masal okumak",,
maviş maviş bakmak,mavi gözlerle bakmak,,
mavi boncuk dağıtmak,birçok kişiye birden sevgi göstermek | herkese şirin görünmeye çalışmak,,
mayasında olmak,içinde olmak,,
maya çalmak,mayalanmayı sağlamak,,
maydanoz olmak,olur olmaz her işe karışmak,,
mayın taramak,denizde ve karada bulunan mayınların yerini belirlemek ve kullanılmaz duruma getirmek,,
maymuna dönmek,çirkin ve gülünç duruma girmek | uslanmak,,
mayna etmek,"herhangi bir şeyi halat ve palanga aracılığıyla denize veya yere indirmek | fırtına yatışmak | kavga, çatışma vb.ni yatıştırmak, bitirmek, sona erdirmek",,
mayna olmak,"yelken, filika vb. yukarıdan aşağıya indirilmek [denizcilik] | kavga, çatışma vb. yatışmak, bitmek, son bulmak",,
maytaba almak,"biriyle alay etmek, eğlenmek",,
maytap geçmek,"biriyle alay etmek | zamanını alayla, dalgayla boşa geçirmek",,
mazeret bulmak,içinde bulunulan durumu açıklayacak bir sebebi ortaya koymak,,
mazhar olmak,"iyi bir şeye ermek, ulaşmak",,
maziye karışmak,"geçmişte kalmak, yürürlükten ve işlerlikten çıkmak",,
mazur görmek,"kusura bakmamak, hoş görmek, bağışlamak, affetmek",,
mazur olmak,"mazeretli olmak, bahanesi bulunmak",,
mecali (veya mecal) kalmamak,"takati kalmamak, takatsizleşmek",,
mecalsiz düşmek,"güçsüzleşmek, takati kalmamak",,
mecbur etmek,zorlamak,,
mecbur tutmak,"zorlamak, yükümlü saymak, mecbur etmek",,
meclis kurmak,birkaç kişi konuşmak veya eğlenmek için toplanmak,,
mecnun olmak,"sevda sebebiyle kendini kaybetmek | aklı başında olmamak, çılgın gibi davranmak",,
mecrasında gitmek,bir iş kurallarına uygun bir biçimde yürümek,,
mecrası değişmek,"bir iş, bir olay için gidişi, yönü, doğrultusu değişmek",,
meç yapmak,"saç aralarına, yoğunluk gözetilmeksizin sık veya seyrek olarak ve beyaza yakın açıklıkta renk uygulaması yapmak",,
meç yaptırmak,"Saç aralarına, yoğunluk gözetilmeksizin sık veya seyrek olarak ve beyaza yakın açıklıkta renk uygulaması yaptırmak",,
medar olmak,"yardımı, yararı dokunmak",,
medreseye düşmek,içinden çıkılmaz boş tartışmaların konusu olmak,,
medyunuşükran olmak,teşekkür borçlu olmak,,
medyun olmak,kendini borçlu hissetmek,,
meftun etmek,birini kendine bağlamak,,
meftun olmak,"tutulmak, gönül vermek, vurulmak",,
mehil vermek,süre tanımak,,
mehtaba çıkmak,ay ışığında denizde gezip dolaşmak,,
mekik atmak,mekiği arışlar arasından hızla geçirmek | hiçbir yerde duramayıp iki yer arasında gidip gelmek,,
mekik dokumak,iki nokta veya durum arasında sürekli gidip gelmek,,
mektebe başlatmak,"eşya vb.ni elden çıkarmak, satmak",,
mektebi asmak,"derslere girmemek için keyfî olarak okula gitmemek, okulu asmak",,
mektepten çıkmak,"mektebi bitirmek, mezun olmak",,
mektubu dışından okumak,bir kimsenin içinden geçeni yüz çizgilerinden anlamak,,
mektup almak,yazılan mektup adrese gelip ele geçmek,,
mektup atmak,mektubu postaya vermek,,
mekân tutmak,"bir yere yerleşmek | gazino, düğün salonu vb. bir yeri bir süreliğine kiralamak veya kapatmak | bir yerin müdavimi olmak",,
melal duymak,"üzüntülü olmak, dertlenmek",,
memeden kesmek,küçük çocukları artık emzirmemek,,
memede olmak,küçük çocuklar henüz meme ile beslenmek,,
meme emmek,çocuk veya memeli hayvan yavrusu annenin göğsündeki sütü çekerek içmek | küçük çocuklar plastik emzik emmek,,
meme vermek,emzirmek,,
meme yapmak,"motorlu araçlarda platin elektrik akımını geçirmeyecek ölçüde oksitlenmek, işlevini yapmaz olmak [teknik]",,
memnun etmek,"bir kimseyi sevindirmek, ona kıvanç vermek | yüklüce para veya bol bahşiş vermek",,
memnun olmak,"sevinmek, sevinç duymak, kıvanmak",,
memnu olmak,yasaklanmak,,
memul etmek,"beklemek, ummak",,
memul olmak,"umulmak, beklenilmek",,
memur etmek,görevlendirmek,,
memur olmak,memur kadrosuna atanmak | bir işle görevlendirilmek,,
mendil açmak,yere oturup önüne bir mendil sererek dilenmek,,
mendil atmak,"herhangi bir duyguyu, gizli bir mesajı haberleşilen insana çeşitli anlamları olan renkli mendille bildirmek",,
mendil sallamak,birini uzaktan mendil sallayarak selamlamak veya uğurlamak,,
menfaatine dokunmak,faydasını engellemek,,
menfaatini ayaklar altına almak,kendi çıkarlarını göz ardı etmek,,
menfaat elde etmek,"faydalanmak, çıkar elde etmek",,
menfaat görmek,"faydalanmak, çıkar elde etmek",,
menfaat gütmek,çıkarını ön planda tutmak,,
menopoza girmek,"âdetten kesilmek, doğurma özelliğini yitirmek, hayızdan nifastan kesilmek",,
mensup olmak,bir şey veya kimseyle bağıntısı olmak,,
menzile varmak,hedefe ulaşmak,,
menzil atmak,ok atma yarışlarında rekor kırmak [tarih],,
menzil beygiri gibi koşmak,durup dinlenmeden çalışmak,,
menzil beygiri gibi koşmak,durup dinlenmeden çalışmak,,
menzil dikmek,atılan ok ile kırılan rekorun yerini belirten taş dikmek [tarih],,
meraka düşmek,meraklanmak | kaygılanmak,,
meraka sokmak,meraklandırmak,,
merakına dokunmak,ilgisini çekmek,,
merakına yenilmek,çok merak etmek,,
merakından çatlamak,çok kaygılanmak | bir şeyi öğrenmek isteğini aşırı ölçüde duymak,,
merakını beslemek,ilgisini artırmak,,
merakını gidermek,merakını ortadan kaldırmak,,
merakını mucip olmak,merakına dokunmak,,
merakını uyandırmak,"merak etmesine sebep olmak, meraklandırmak",,
merakını yenmek,öğrenme isteğini engellemek | istediği bilgiyi öğrenmiş olmak,,
meraktan çatlamak,merakından çatlamak,,
meraktan çatlatmak,çokça merak ettirmek,,
meraktan ölmek,çok kaygılanmak,,
merakta bırakmak,kaygı içinde bırakmak,,
merakta kalmak,kaygı içinde olmak,,
merakta olmak,merak içinde bulunmak,,
merak etmek,anlamak veya öğrenmek istemek | kaygılanmak,,
merak getirmek,kara sevdaya tutulmak,,
merak olmak,anlamak veya öğrenmek isteği olmak,,
meram etmek,"üstüne düşmek, yapmak istemek",,
meram (veya meramını) anlatmak,"isteğini, derdini anlatmak",,
merbut olmak,bağlı bulunmak,,
mercek altına almak,çok titizlikle ve etraflıca incelemek,,
mercimeği fırına vermek,kadınla erkek gizlice aşk ilişkisi kurmak,,
merdiven dayamak,ileri bir yaşa yaklaşmak,,
merhabası olmak,"esenleşecek kadar tanışıklığı, yakınlığı olmak",,
merhabayı kesmek,biriyle ilgisini kesmek,,
merhaba çakmak,selamlamak,,
merhaba etmek,"hâl hatır sormak, görüşüp konuşmak",,
merhamete gelmek,sonradan acıma duygusuna kapılmak,,
merhametine sığınmak,bir kimsenin merhametine güvenerek ona yaklaşmak,,
merhametsiz olmak,"merhamet etmemek, merhametsizleşmek",,
merhamet duymak,acıma veya şefkat duygusu uyanmak veya kabarmak,,
merhamet etmek,acımak,,
merhem olmak,bir derde çare olmak,,
merhum olmak,ölmek,,
merkeze alınmak,"önem kazanmak, diğerlerine göre öncelikli duruma gelmek | görev yeri taşradan merkeze taşınmak | herhangi bir yerde görev yapan vali, emniyet müdürü, büyükelçi vb. görevinden alınarak merkez teşkilatına tayin edilmek",,
merkeze almak,"önem vermek, diğerlerine göre öncelikli duruma getirmek | görev yerini taşradan merkeze taşımak | herhangi bir yerde görev yapan vali, emniyet müdürü, büyükelçi vb.ni merkez teşkilatına tayin etmek",,
mesafe almak,bir konuda veya çalışmada önemli ölçüde ilerlemek,,
mesafe katetmek,"yol almak, ilerlemek",,
mesaiye kalmak,mesai yapmak,,
mesai yapmak,"bir iş yerinde, yasal günlük iş süresi dışında ek bir ücretle fazla çalışmak",,
mesaj atmak,cep telefonu veya genel ağ aracılığıyla ileti göndermek,,
mesaj bırakmak,yazı veya sözle bilgi vermek,,
mesaj vermek,duygu ve düşünceleri karşı tarafa dolaylı bir biçimde anlatmak,,
meseleyi açmak,"bir işi, bir sorunu çözmek için başkasına bahsetmek",,
mesele çıkarmak,sorun çıkarmak,,
mesele etmek,dert etmek,,
mesele olmak,dert olmak,,
mesele yapmak,önemsiz bir şeyi önemli bir sorun durumuna getirmek,,
mesel olmak,"söz, cümle, dize vb. atasözü durumuna gelmek",,
mesh etmek,abdest alırken ıslak eli başa ve meste sürmek,,
mesken tutmak,yerleşmek,,
meskûn kılmak,bir yeri şeneltmek,,
meskût geçmek,söylemeden geçmek,,
meskût kalmak,konuşulmamak,,
mesleğinin eri (veya erbabı) olmak,işinin uzmanı veya ustası olmak,,
meslek edinmek,bir işi meslek olarak yapacak bilgi ve beceriyi kazanmak | bir şeyi yapmayı alışkanlık hâline getirmek,,
mesnetsiz atmak,dayanağı olmadan konuşmak,,
mest etmek,kendinden geçirmek,,
mest olmak,"kendinden geçmek, çok mutlu olmak",,
mesuliyet almak,sorumluluk almak,,
mesuliyet duymak,sorumlu hissetmek,,
mesul olmak,sorumlu olmak,,
mesul tutmak,sorumlu görmek,,
mesut etmek,mutlu kılmak,,
mesut olmak,"mutlu olmak, onmak",,
meşakkate katlanmak,"güçlüklere, sıkıntıya dayanmak, göğüs germek",,
meşakkat çekmek,güçlüklerle karşılaşmak,,
meşale çekmek,"önderlik etmek, önayak olmak",,
meşgul etmek,vaktini almak | uğraştırmak | oyalamak (I),,
meşgul olmak,"vaktini vermek, uğraşmak, oyalanmak",,
meşhur olmak,"ün kazanmak, tanınmak, ün almak, ünlenmek",,
meşk almak,ders almak,,
meşk etmek,alışmak veya öğrenmek için çalışmak,,
meşk vermek,ders vermek,,
meşru sayılmak,geçerli bulunmak,,
meşveret etmek,danışmak | iki veya daha fazla kişi birbiriyle fikir alışverişinde bulunmak,,
metanet göstermek,"kötü bir duruma katlanmak, dayanmak",,
meteliğe kurşun atmak,"parası kalmamak, hiç parası olmamak",,
metelik vermemek,"değer ve önem vermemek, umursamamak, aldırış etmemek",,
methali olmak,"bir işe karışmış bulunmak, bir işte parmağı olmak",,
methiye düzmek,"övmek, övgü şiiri yazmak",,
metreslik etmek,bir erkekle metres olarak yaşamak,,
metres tutmak,metresle yaşamak,,
metîn olmak,"dayanıklı ve sağlam olmak, metanetini yitirmemek",,
mevcut olmak,"var olmak, bulunmak",,
mevkisi olmak,bir işte önemli bir makamda bulunmak,,
mevlasını bulmak,istediğini elde etmek,,
Mevla'sına kavuşmak,ölmek,,
mevzi almak,mevzilenmek,,
mevzuya girmek,asıl konuyu ele almak,,
meyancılık etmek,Aracılık etmek,,
meyanesi gelmek,helva vb. kıvamına gelmek,,
meydana atmak,ortaya çıkarmak,,
meydana çıkarmak,"açıklığa kavuşturmak, ortaya çıkarmak, belli etmek | bularak ortaya çıkarmak",,
meydana çıkmak,"ortaya çıkmak, görünmek | belli olmak | yetişmek, büyümek",,
meydana dökmek,"hepsini sergilemek, ortaya dökmek",,
meydana düşmek,bir iş yapmak için kendini ortaya atmak,,
meydana gelmek,"olmak, oluşmak | ortaya çıkmak",,
meydana getirmek,"olmasını sağlamak, oluşturmak",,
meydana koymak,"yapıp ortaya çıkarmak, göstermek",,
meydana vurmak,"belli etmek, ortaya çıkarmak",,
meydanda bırakmak,"açıkta, evsiz barksız bırakmak | ortada, herkesin gözü önünde bırakmak",,
meydanı boş bulmak,kendisini engelleyecek kimse görmeyerek aşırı davranışlarda bulunmak,,
meydanı dar etmek,"birini çok sıkıntıya sokmak, her yönden sıkıştırmak",,
meydanı (birine veya bir şeye) bırakmak,savunduğu şeyden vazgeçmek | yarışmadan çekilmek,,
meydan açmak,sebep olmak,,
meydan almak,"gelişmek, yayılmak, geniş ölçüde olmak",,
meydan bırakmamak,fırsat vermemek,,
meydan bulamamak,fırsat bulamamak,,
meydan dayağı atmak,birini kalabalık içinde iyice dövmek,,
meydan dayağı çekmek,herkesin içinde veya çok dövmek,,
meydan dayağı yemek,herkesin içinde iyice dövülmek,,
meydan kalmamak,fırsat bulamamak,,
meydan okumak,"korkmadığını, çekinmediğini açıkça bildirmek, kavga veya yarışmaya çağırmak",,
meydan vermemek,kötü bir durumun gerçekleşmesi için imkân veya zaman bırakmamak,,
meyil vermek,"eğiklik sağlamak | ilgi göstermek, gönül vermek",,
meyli olmak,"beğenmek, ilgisi olmak, hoşuna gitmek",,
meyus etmek,üzmek,,
meyus olmak,üzgün ve umutsuz bir duruma düşmek,,
meyveye durmak,meyve verecek duruma gelmek,,
meyve almak,ürün elde etmek | yarar elde etmek,,
meyve vermek,ürün vermek | bir eser ortaya çıkarmak,,
mezardan çıkarmak,bir kimseyi ölümden kurtarmak,,
mezarını kazmak,"birinin kötülüğünü istemek, kötü duruma düşürmek için uğraşmak",,
mezun olmak,"okul, kurs vb.ni bitirmek | yetkili olmak",,
mıncık mıncık etmek,yapışkan ve kaygan bir duruma getirmek,,
mıncık mıncık olmak,"yapışkan ve kaygan bir duruma gelmek, ezilmek",,
mırın kırın etmek,"bir isteği yerine getirmemek için çeşitli sebepler ileri sürmek, nazlanmak",,
mır mır etmek,"""mırıldanma"" sesi çıkarmak | kendi kendine söylenip durmak",,
mısır patlatmak,"cin mısırını kalbur, tencere, tava vb. içine koyup ateş üzerinde veya elektrikli tava vb. makinelerde patlamasını sağlamak",,
mızıkçılık etmek,"mızıklanmak, oyunbozanlık etmek, cızlamak",,
mızmızlık etmek,mızmızlanmak,,
miadı dolmak,"bir şeyin kullanım süresi bitmek, eskimek",,
miadı gelmek,zamanı gelmek,,
miçoluk etmek,miço olarak çalışmak,,
midesi bulanmak,"kusacak gibi olmak | iğrenmek, tiksinmek | kuşkulanmak, işkillenmek | huzursuz olmak, rahatı kaçıp tedirgin olmak, hoşlanmamak",,
mideye indirmek,"yemek içmek | haksız yere, kanunsuz olarak para kazanmak",,
mideye oturmak,yenilen şey sindirilmeyip mideye rahatsızlık vermek,,
mideyi bastırmak,hafif şeyler yiyerek açlığını gidermek,,
mide fesadına uğramak,çok ve çeşitli yiyecekler yemekten midesi bozulmak,,
mide (veya midesini) bulandırmak,kusacak bir duruma getirmek | kuşkulandırmak,,
mihenge vurmak,"ölçmek, denemek",,
mihman olmak,konuk olarak bulunmak,,
mihnet çekmek,"sıkıntılı bir duruma katlanmak, sıkıntı çekmek",,
mikrofona koymak,"hikâye, roman, oyun vb. eserleri radyo için elverişli duruma getirip yayımlamak",,
mikserlik etmek,"dedikodu, fitne üreterek ortalığı karıştırmak",,
milim oynamamak,ölçüsüne tam olarak uygun düşmek | hiç kıpırdamamak,,
milim şaşmamak,tam denk düşmek,,
mil yapmak,yol yapmak,,
minderden kaçmak,güreşte oyuna katılmamak | güreşte oyun sırasında minderin dışına çıkmak,,
minder altı etmek,"bir işi isteyerek, bilerek ve haksız olarak yürütmemek, örtbas etmek",,
minder çürütmek,"işsiz, güçsüz oturmak | bir yerde uzun süre oturmak | otururken yapılan işlerle uzun yıllar uğraşmak",,
minder dışına atmak,"ortadan kaldırmak, silmek, kovmak",,
minnettar etmek,birini iyilik yaparak borçlu bırakmak,,
minnettar kalmak,birinden görülen iyiliğe karşı teşekkür duygusu beslemek,,
minnet altında kalmamak,birinin iyiliğine karşı kendini borçlu durumdan kurtarmak için karşılık olarak bir iyilikte bulunmak,,
minnet çekmek,"bir iyiliğin yükü altında kalmak, ezilmek",,
minnet duymak,birinin iyiliğine karşı kendini ona borçlu saymak,,
minnet etmemek,boyun eğmemek,,
mirasa konmak,bir kimseye önemlice bir kalıt kalmak,,
miras yemek,kendine kalan mirası tüketmek | kendine miras kalmak,,
misafir ağırlamak,"konuğa gerekli ilgiyi göstermek, ikramda bulunmak",,
misafir etmek,"konuk olarak karşılayıp yedirip içirmek, yatırmak",,
misafir gibi oturmak,"bulunduğu yerden her an ayrılacakmış gibi eğreti, üstünkörü oturmak | hiç iş yapmamak",,
misafir kalmak,"bir yerde yiyip içmek, yatmak ve konuk olarak ilgi görmek",,
misafir olmak,"bir yerde konuk olarak karşılanıp gerekli ilgiyi, izzet ve ikramı görmek",,
misal göstermek,örnek vermek,,
misli menendi olmamak,benzeri bulunmamak,,
misyon üstlenmek,özel bir görevi üzerine almak,,
mobilize etmek,harekete geçirmek,,
modası geçmek,"moda olmaktan çıkmak | önemini yitirmek, geçersiz duruma gelmek, artık aranmamak",,
moda olmak,"yaygın duruma gelmek, herkesçe kabul edilmek",,
model çıkarmak,kumaş kesiminden önce kâğıt vb. malzeme üzerine parçanın örneğini hazırlamak | bir şeyi vurarak izini çıkarmak,,
modernize etmek,"yenileştirmek, çağcıl duruma getirmek",,
modifiye etmek,"değiştirmek, kişiselleştirmek",,
mola almak,voleybol ve basketbolda taktik alışverişi yapmak için bir süre ara istemek,,
mola vermek,"uzun süren yolculuğa, yürüyüşe veya çalışmaya, dinlenmek amacıyla bir süre ara vermek, oturup dinlenmek",,
monte etmek,kurmak,,
moralini bozmak,"bir kimsenin ruhsal yönden direnme gücünü azaltmak, sarsmak",,
morali bozulmak,"ruhsal yönden direnme gücünü yitirmek, içine korku düşmek",,
moral bulmak,"yürek gücünü, maneviyatını güçlendirmek",,
moral vermek,bir kimsenin ruhsal direnme gücünü artırmak,,
moratoryuma gitmek,"tüm borçların ödeme zorunluluğunu geri bırakmak, resmî olarak geciktirmek",,
morga kaldırmak,ölüleri morga götürmek,,
mortoyu çekmek,ölmek,,
mostra olmak,kendini gülünç bir duruma sokmak,,
motoru bozmak,"bağırsakları bozulmak, ishal olmak",,
motoru soğutmak,"taşıtlarda hararet yapan motorun soğumasını sağlamak | sinirlerini yatıştırmak, sakinleşmesini sağlamak | sürekli yapılan işe bir süre ara vererek dinlenmek",,
muafiyet tanımak,kendisinden beklenilen veya istenilenlerin bütününü istememek,,
muaf tutmak,"bir ödevi, bir görevi bağışlamak, ayrıcalık tanımak",,
muaheze etmek,kınamak | azarlamak,,
muamele etmek,davranmak,,
muamele görmek,"işlem uygulanmak, davranılmak",,
muamma asmak,âşıklık geleneğinde herhangi bir konuyu manzum olarak bilmece türünde düzenleyip genellikle kahvehanelerde herkesin göreceği bir yere koymak,,
muammer olmak,yaşamak | uzun ve mutlu yaşamak,,
muarefesi olmak,"birbirini tanımak, bilişmek, tanışmak",,
muaşakada olmak,"sevişmek, birbirine âşık olmak",,
muavenet etmek,yardım etmek,,
muayene etmek,bir kimsenin hasta olup olmadığını veya hastalığının yerini ve seyrini araştırmak | kontrol etmek,,
muayene olmak,"hekim tarafından kontrol edilmek, bakılmak",,
muazzep etmek,"acı, azap çektirmek",,
muazzep olmak,"acı, azap çekmek",,
mucip olmak,gerektirmek,,
mucize göstermek,"olağanüstü bir olay meydana getirmek, olağanüstü bir olaya sebep olmak | sadece peygambere özgü, insan aklının ve kabiliyetinin erişemeyeceği olağanüstülükler göstermek",,
muğber olmak,gücenmek,,
muhabbet beslemek,sevgi duymak,,
muhabbet etmek,"karşılıklı, dostça konuşmak",,
muhabere etmek,haberleşmek,,
muhaceret etmek,yaşadığı ülkeden ayrılmak,,
muhacir gitmek,göç etmek,,
muhacir olmak,göçmen durumuna girmek,,
muhafaza altına almak,"korumak, saklamak, bir yerde tutmak, kapatmak",,
muhafaza etmek,"korumak | saklamak | olduğu gibi bırakmak, kapatmak",,
muhakeme etmek,yargılamak | düşünmek,,
muhakeme yürütmek,"düşünmek, fikir yürütmek",,
muhalefet etmek,"karşı davranışta bulunmak, karşı çıkmak",,
muharebe etmek,savaşmak,,
muhasara altına almak,kuşatmak,,
muhasara etmek,kuşatmak,,
muhasebesini yapmak,bir şeyin olumlu veya olumsuz yönlerini gözden geçirerek bir yargıya varmak,,
muhatap olmak,"kendisine söz söylenmek, hitap edilmek | karşı karşıya gelmek, karşılaşmak",,
muhavere etmek,birbiriyle konuşmak,,
muhayyer bırakmak,"seçmeli bırakmak, seçmeye izin vermek",,
muhit edinmek,"ilişkili olduğu, tanışık olduğu kimselerin sayısını çoğaltmak",,
muhtaç etmek,"birini, gereksinim duyduğu bir şeyi başkasından sağlamak zorunda bırakmak",,
muhtaç olmak,gereksinim duymak,,
muhtıra vermek,bir devlet başka bir devlete politik sorunlarla ilgili olarak uyarı yazısı göndermek,,
mukabelede bulunmak,karşılık vermek,,
mukabele etmek,"karşılık vermek, karşılıkta bulunmak | karşı gelmek",,
mukabele okumak,topluluk karşısında dinleyicilerin takip edebileceği biçimde Kur'an'ı okumak,,
mukadder olmak,"alnında yazılı olmak, belirlenmiş olmak",,
mukarrer bulunmak,kararlaştırılmış olmak,,
mukavele yapmak,sözleşme yapmak,,
mukavemeti kırılmak,"direnci, gücü azalmak",,
mukayese etmek,karşılaştırmak,,
mukayyet olmak,"korumak, gözetmek",,
muktedir olmak,"yapmaya gücü yetmek, yapabilmek",,
mumla aramak,çok isteyerek ve özlemle aramak,,
mumla aratmak,"daha kötü olan yeni bir şey, bir durum, bir kimse, pek iyi olmayan eskisini aratmak",,
mum etmek,muma çevirmek,,
mum kesilmek,"sessiz, uslu, doğru düzgün durmak",,
mum olmak,"hırçınlığı, yaramazlığı bırakmak | razı olmak, razı gelmek",,
mum tutturmak,aşırı disiplin altına almak,,
mum yakmak,kutsal sayılan bir yere giderek adak adadığında mum yakıp koymak,,
mum yapıştırmak,bir şeyi kırmızı mumla mühürlemek | önemli bir şeyi unutmayıp akılda tutmak,,
muntazır olmak,"beklemek, gözlemek",,
murada (veya muradına) ermek,"isteğine kavuşmak, dileği gerçekleşmek, arzusu yerine gelmek",,
muradı gözünde kalmak,emeline ulaşamamak,,
murakabe etmek,denetlemek,,
murat almak,dileğine kavuşmak,,
murat etmek,"dilemek, istemek",,
murdar etmek,"kirletmek, kullanılamaz hâle getirmek | ziyan etmek, boş yere harcamak",,
murdar gitmek,murdar bir biçimde ölmek,,
murdar olmak,kirlenmek,,
musallat etmek,"birini, bir başkasının başına bela etmek",,
musallat olmak,"birini sürekli rahatsız etmek, birine sataşmak, peşini hiç bırakmamak",,
mutabakat sağlamak,uzlaşmak,,
mutabık kalmak,"uyuşmak, karşılıklı olarak anlaşmaya varmak",,
mutabık olmak,karşılıklı olarak anlaşmış olmak,,
mutasyona uğramak,bir organizma veya virüsün genetiğinde kalıcı değişiklik meydana gelmek,,
muteber olmak,"yürürlükte olmak, geçerli olmak",,
mutfağında öğrenmek,"bir işi, o işin en iyi yapıldığı yerde öğrenmek",,
mutfaktan yetişmek,"bir işi en temel, en basit aşamasından en üst aşamasına kadar deneyerek, tecrübe edinerek öğrenmek",,
mutlu olmak,"mutluluk duymak, bahtiyar olmak",,
mutmain olmak,"inanmak, gönlü kanmak",,
muttali olmak,"bir durumdan haberi olmak, bir durum üzerine bilgi edinmek",,
muvafakat etmek,"uygun görmek, onaylamak, kabul etmek",,
muvafakat vermek,yetkili kişi bir çalışanın kurumlar arası geçiş kapsamında görev yaptığı kurumdan başka bir kuruma geçişini onaylamak,,
muvaffak olmak,başarmak,,
muvafık bulmak,uygun görmek kabul etmek,,
muvafık olmak,"uygun düşmek, kabul edilebilir olmak",,
muvasalat etmek,"varmak, ulaşmak",,
muvazene etmek,dengelemek,,
muzaffer olmak,"üstün gelmek, yenmek, zafer kazanmak",,
muzdarip etmek,acı ve ızdırap vermek,,
muzipliğine uğramak,"aldatılmak, şakaya hedef olmak",,
muziplik etmek,karşısındakini üzecek veya uğraştıracak davranışlarda bulunmak,,
muztar kalmak,bir şeyi yapmak zorunda kalmak | çaresiz kalmak,,
mübadele etmek,"değiş tokuş etmek, değişmek",,
mübalağa etmek,abartmak,,
mübayaa etmek,satın almak,,
mücadele etmek,"bir amaca erişmek, bir güce karşı koyabilmek için uğraşmak, çaba göstermek, savaşım vermek",,
mücadele vermek,"savaş vermek, mücadele etmek",,
mücehhez olmak,"taşımak, kendinde bulundurmak",,
müdafaa etmek,savunmak,,
müdahale etmek,"karışmak, araya girmek, el atmak",,
müdana etmemek,"kendini borçlu hissedecek duruma düşürmemek, kendi ayakları üstünde durmak, kimseye açıklama yapma gereği hissetmemek | yaranmaya, iyi görünmeye çalışmamak",,
müdara etmek,"dost gibi görünmek, yüze gülmek",,
müdavim olmak,bir yere sürekli gitmek,,
müdürlük etmek,yönetici olarak çalışmak,,
müessir olmak,etkili olmak,,
mühlet istemek,"bir işin yapılması, tamamlanması için belirli bir süre verilmesini istemek",,
mühlet vermek,bir iş veya borç için belirli bir süre tanımak,,
mühür basmak,mühürlemek,,
mühür kazımak,"bir metal, lastik vb. üzerine bir kimsenin, bir kuruluşun adını, ünvanını ters olarak kazımak",,
müjde koşturmak,bir muştuyu bir kimseye ivedilikle ulaştırmak,,
mükedder olmak,kederlenmek,,
mükâfatını görmek,"herhangi bir olumlu davranışın, özverinin veya bir sıkıntının iyi sonucunu elde etmek",,
mükâfat almak,ödül almak,,
mülahazat hanesini açık bırakmak,bir kimse hakkında kesin bir kanıya varamayarak zamanla ortaya çıkacak gelişmeleri beklemek,,
mülahaza yapmak,düşünmek,,
mülakat vermek,"belli bir konuda konuşmak, demeç vermek",,
mülakat yapmak,bir kimsenin bir konu veya sorunla ilgili görüşlerini almak,,
mülaki olmak,"buluşmak, kavuşmak, görüşmek",,
mülhem olmak,esinlenmek,,
mümanaat etmek,"engel olmak, karşı koymak",,
mümkün görünmek,olabilmek,,
mümkün olmak,imkân bulunmak,,
münakaşa etmek,tartışmak,,
münakaşa götürmemek,tartışmaya yer vermeyecek biçimde kesin olmak,,
münasebete girmek,"tanışma yolu açmak, ilişki kurmak | cinsel yaklaşımda bulunmak",,
münasebetini getirmek,sırasını getirmek,,
münasebeti düşmek,sırası gelmek,,
münasebetsizlik etmek,münasebetsizce davranmak,,
münasebette bulunmak,ilişkisi olmak | ilişki kurmak | cinsel ilişkiyi gerçekleştirmek,,
münasebet almak,uygun düşmek,,
münasebet düşmek,uygun bir durum ortaya çıkmak,,
münasebet kurmak,"iki şey arasında ilişki bulmak, yakınlık görmek",,
münasip bulmak,"uygun olduğunu, yerinde görüldüğünü kabul etmek",,
münasip düşmek,uygun düşmek,,
münasip görmek,uygun ve yerinde bulmak,,
müncer olmak,"-e dökülmek, -e varmak",,
münfesih olmak,dağılmak,,
münkir olmak,"kabul etmemek, inkâr etmek",,
müptela olmak,"alışmak, düşkün olmak, tutulmak",,
müracaatta bulunmak,müracaat etmek,,
müracaat edilmek,başvurulmak | danışılmak,,
müracaat etmek,başvurmak | danışmak,,
mürekkebi kurumadan bozmak,"kararı, sözleşmeyi, anlaşmayı yazılmasından çok kısa süre sonra bozmak",,
mürekkebi kurumadan bozmak,"kararı, sözleşmeyi, anlaşmayı yazılmasından çok kısa süre sonra bozmak",,
mürekkep olmak,-dan oluşmak,,
mürekkep yalamak,"çok okumuş, yazmış olmak",,
mürekkep yalamak,"çok okumuş, yazmış olmak",,
mürt olmak,hayvan ölmek,,
mürüvvetini görmek,anne ve baba çocuklarının sevinçli günlerini görerek mutluluk duymak,,
müsaade almak,izin almak,,
müsabakaya girmek,"yarışmak, yarışmaya katılmak",,
müsadere etmek,zor alıma çarpmak,,
müsadif olmak,rastlamak,,
müsamaha etmek,hoşgörü ile davranmak,,
Müslüman mahallesinde salyangoz satmak,körler mahallesinde ayna satmak,,
müstahak olmak,"hak kazanmak, layık olmak",,
müstefit etmek,yararlandırmak,,
müstefit olmak,yararlanmak,,
müsterih olmak,"içi rahat olmak, kaygıdan kurtulmak",,
müşahede altına almak,sürekli gözlem altında bulundurmak,,
müşahede etmek,gözlemlemek,,
müşareket etmek,ortaklaşa çalışmak,,
müşerref olmak,"onurlanmak, onur kazanmak, şereflenmek",,
müşkülat çekmek,"zorluk, güçlük içinde kalmak",,
müşkülat çıkarmak,yapmakta bulunduğu işi güçleştirecek durumlar yaratmak,,
müşteki olmak,"yakınmak, şikâyetçi olmak",,
mütalaada bulunmak,görüş veya düşünce ileri sürmek,,
mütalaa etmek,"okumak | üzerinde düşünmek, iyice incelemek",,
mütalaa yürütmek,herhangi bir görüş üzerinde ayrıntılarıyla düşünce üretmek,,
müteessif olmak,"üzülmek, acınmak, yerinmek, esef etmek",,
müteessir olmak,üzülmek | etkilenmek,,
mütehassis etmek,bir kimseyi duygulandırmak,,
mütehassis olmak,herhangi bir sebeple duygulanmak,,
mütelezziz olmak,"lezzet duymak, tat almak, mutlu olmak",,
mütesanit olmak,dayanışmak,,
müteselli olmak,avunmak,,
müyesser olmak,"kolaylıkla ortaya çıkmak, kolaylıkla elde edilmek | nasip olmak",,
müzaheret etmek,"yardım etmek, desteklemek, arkalamak, arka çıkmak",,
müzakere etmek,"bir konu üzerinde fikir alışverişinde bulunmak, oylaşmak",,
müzevirlik etmek,"söz getirip götürmek, ara bozmak",,
mâni olmak,"önüne geçmek, engellemek, önlemek",,
nabız almak,nabzını saymak,,
nabız (veya nabzını) yoklamak,"niyetini, düşüncesini, eğilimini anlamaya çalışmak | düşünce, niyet ve eğilimi anlamak için ön araştırma yapmak",,
nabzına girmek,"elindeki imkânları kullanarak birinin hoşnutluğunu kazanmak, birini yola getirmek ve düşüncelerini benimsetmek",,
nabzına göre şerbet vermek,"birinin hoşuna gidecek, gururunu okşayacak yolda davranmak",,
nabzını saymak,bir dakikadaki kalp atışını saymak,,
nabzını tutmak,"nabzını saymak için bileğini tutmak | düşüncesini, niyetini, eğilimini anlamaya çalışmak",,
nabzı atmak,"kalp vuruşu sürmek | ortaya çıkmak, görünmek, belli olmak",,
nabzı durmak,ölmek,,
naçar kalmak,"çare, çıkar yol bulamamak",,
nadas etmek,nadasa bırakmak,,
nadim olmak,pişman olmak,,
nafaka bağlanmak,"yasaca, bakılması zorunlu olan kişiye mahkeme kararıyla evlat, koca gibi bir kimsenin, geçim parası vermesini sağlamak",,
nafaka sağlamak,geçinecek kadar para temin etmek,,
nağme yapmak,bildiği bir şeyi bilmez görünmek | bahane ileri sürmek,,
nail olmak,"erişmek, ulaşmak, kavuşmak",,
nakavt etmek,nakavtla yenmek | mat etmek,,
nakavt olmak,nakavtla yenilmek,,
nakış işlemek,"kumaş üzerine renkli iplikler, sırma veya sim kullanarak işleme yapmak",,
nakzen görmek,Yargıtay tarafından bozulan bir karar üzerine bozma sebeplerini de göz önünde tutarak davaya yeniden bakmak [hukuk],,
nakzen iade etmek,"bir yargı kararını, yargılama yöntemine ilişkin hükümler bakımından yerinde görmeyip bozarak hükmü veren mahkemeye geri göndermek [hukuk]",,
nalları dikmek,ölmek,,
nal çakmak,nallamak,,
nal deyip mıh dememek,bir düşüncede direnmek,,
nal toplamak,"at, yarışta sonlara kalmak veya sonuncu olmak | herhangi bir alanda geride kalmak",,
namaza durmak,namaza başlamak,,
namazı kılınmak,Müslüman birinin cenaze namazı kılınmak,,
namaz (veya namazını) kılmak,namaz ibadetini yerine getirmek,,
namerde muhtaç bırakmak,güvenilmeyecek kimselerden yardım istemek zorunda bırakmak,,
namerde muhtaç olmak,güvenilmeyecek kimselerden yardım istemek zorunda kalmak,,
name okumak,herkesin bildiği deyimleri veya sözleri söylemek,,
namı nişanı kalmamak,yok olup unutulmak,,
namusuna dokunmak,birinin namus ve onurunu olumsuz biçimde etkilemek,,
namusuna sinek kondurmamak,"kollamak, gözetlemek | namusuna, onuruna laf söylettirmemek",,
namusunu temizlemek,ahlak ve onuruna ters düşen bir durumdan kurtulmak için birini veya kendini öldürmek,,
namusuyla yaşamak,ahlak ve onuruna bağlı yaşamak,,
namusu iki paralık olmak,onursuz bir duruma düşmek,,
namusu temizlenmek,bir işin içinden kendi saygınlığını yitirmeden çıkmak,,
namzet göstermek,"bir iş için aday belirleyip sunmak, aday göstermek",,
nam almak,"şöhret sahibi olmak, tanınmak",,
nam kazanmak,ün sahibi olarak tanınmak,,
nam salmak,ününü her yana yaymak,,
nam vermek,ün kazanmak,,
nane yemek,"yakışıksız bir davranışta bulunmak, uygunsuz bir iş yapmak",,
nanik yapmak,"birini budala yerine koymak, alay etmek",,
nankörlük etmek,nankörce davranmak,,
nankörlük görmek,nankörce davranışla karşılaşmak,,
narh koymak,ihtiyaç maddeleri için değişmez fiyat belirlemek,,
narkoz almak,ameliyat olacak hasta ilaç alarak bilinçsiz ve ağrı duymaz duruma getirilmek,,
narkoz vermek,ilaç vererek ameliyat olacak hastayı bilinçsiz ve ağrı duymaz duruma getirmek,,
nasırına basmak,birinin çıkarını engellemek,,
nasibini almak,"güzel, hoşa giden bir şeyden kısa bir süre de olsa yararlanmak",,
nasihatte bulunmak,nasihat etmek,,
nasip almak,Bektaşilikte tarikata girme töreni yapılmak,,
nasip etmek,fırsat vermek | eriştirmek,,
nasip olmak,"fırsat düşmek, elvermek | mutluluk veren güzel şeylere erişmek, ulaşmak, kavuşmak",,
naşad olmak,"üzülmek, kederlenmek",,
navteks ilan etmek,"gemilere olası tehlike, emniyet, hava raporu ve uyarılarını orta frekansta otomatik olarak ileten uluslararası haberleşme sistemi üzerinden bildirim yapmak",,
nazara gelmek,göz değmek,,
nazarıdikkate almak,dikkatle inceleyerek değerlendirmek | göz önünde bulundurmak,,
nazarıdikkatini çekmek,ilgisini çekmek,,
nazarıitibara almak,"dikkat etmek, dikkate almak",,
nazarı değmek,gözü değmek,,
nazar değmek,göz değmek,,
nazına katlanmak,birinin istediği  her şeyi hangi durumda olunursa olunsun  yerine getirmek,,
nazını çekmek,her istediğini yerine getirmek,,
nazı geçmek,dilediğini kabul ettirecek kadar hatırı sayılmak,,
nazil olmak,inmek,,
nazire yapmak,"bir söze, bir davranışa benzeriyle karşılık vermek",,
naz etmek,nazlanmak,,
necat bulmak,kurtulmak,,
neden olmak,sebep olmak,,
nefesini tutup beklemek,"heyecan, merak veya endişeyle sonucu izlemek",,
nefesi durmak,ölmek | şaşkınlık içinde kalmak,,
nefes aldırmamak,"dinlenmesine fırsat vermemek, aralık vermemek",,
nefes almak,"havayı ciğerlerine çekmek, soluk almak | dinlenmek | ferahlamak, rahatlamak | mutlu bir biçimde yaşamak",,
nefes çekmek,sigara veya başka bir şeyin dumanını içine çekmek | esrar içmek,,
nefes darlığı çekmek,solumada sıkıntı yaşamak,,
nefes etmek,"boş bir inanışa göre, rahatsızlığı, illeti geçirmek için okuyup üflemek",,
nefes nefese kalmak,soluğu tıkanacak gibi olmak,,
nefes tüketmek,uzun uzun ve boş konuşmak,,
nefret duymak,"birinden tiksinmek, hoşlanmamak",,
nefret etmek,birine veya bir şeye karşı nefret duygusuyla dolu olmak | tiksinti duymak,,
nefret uyandırmak,nefret etmesine sebep olmak,,
nefsine uymak,"bedenin isteklerine uymak, günah işlemek",,
nefsine yedirememek,"bir şey yapmayı kendisi için ağır, onur kırıcı bulmak",,
nefsini yenmek,"kendine hoş gelmeyen bir durum veya çok arzuladığı bir şey karşısında kendine hâkim olmak, kendini tutmak",,
nefsi çekmek,canı istemek,,
nem kapmak,her davranışa veya her söze karşı çok alıngan davranmak,,
nesli tükenmek,"bitmek, tamamen yok olmak, ortadan kalkmak",,
neşesini bulmak,"neşeli bir duruma gelmek, neşelenmek",,
neşesi kaçmak,"sevinci azalmak, kederlenmek",,
neşet etmek,"kaynağını bir yerden almak, doğmak",,
neşe saçmak,"olumlu yanını çevresindeki insanlara da yansıtmak, etrafındakileri sürekli neşelendirmek",,
neşter vurmak,ameliyat yapmak | bir sorunu kesin bir sonuca ulaşmak amacıyla ele almak,,
neşvünema bulmak,gelişmek,,
netice vermek,sonuç vermek,,
nevaleyi (veya nevalesini) düzmek,gerekli yiyecek ve içeceği sağlamak | sofrayı hazırlamak,,
nevmit olmak,umudu kalmamak,,
nevri dönmek,"belli etmemeye çalıştığı bir öfkeye kapılmak, çok sinirlenmek",,
nezaket göstermek,davranışlarda nazik olmak,,
nezarete almak,gözaltına almak,,
nezaret etmek,"denetlemek, bakmak",,
ne gözle bakmak,inancını belirtir biçimde bakmak | değerlendirmek,,
ne istediğini bilmek,amacını kesin ve kararlı bir biçimde belirlemek,,
ne olduğunu bilememek,"şaşırmak, aklı başından gitmek",,
ne oldum delisi olmak,ummadığı bir duruma beklemediği bir anda ulaşan kimse çok şımarmak,,
ne yaptığını bilmemek,aklı başında olmadığından bilinçsizce davranmak,,
nifak sokmak,"ara açmak, bozgunculuk yapmak",,
nihayete ermek,"sona varmak, sonuçlanmak, bitmek",,
nihayet vermek,"ilişkiyi kesmek, bir işi, alışkanlığı yapmaktan vazgeçmek | bitirmek, tamamlamak, sonuçlandırmak",,
nikâh düşmek,birbiriyle evlenmelerine yasal yönden veya örf bakımından engel bulunmamak,,
nikâh etmek,evlendirmek,,
nikâh kıymak,nikâh memuru kanuna göre çiftlerin karı koca olduklarını bildirmek,,
nikâh koymak,nikâhlamak,,
nikâh tazelemek,boşandığı kişiyle yeniden evlenmek | bir işe yeniden başlamak,,
nimeti ayağıyla tepmek,kısmetini ayağıyla tepmek,,
nimet bilmek,bir şeyi lütuf kabul etmek,,
nispeti olmak,"ilgisi olmak, bağlantısı olmak",,
nispet etmek,"eşit tutmak, oranlamak",,
nispet kabul etmemek,"eşit tutmamak, oranlamamak",,
nişan almak,"bir hedefi vurmak için ateşli silahlara gerekli doğrultuyu vermek, gezlemek (I) | kendisine nişan verilmek",,
nişan koymak,"ileride tanıyabilmek veya ölçebilmek için bir şeyin durumunu, onun herhangi bir özelliğini akılda tutmak veya iz bırakmak, nişanlamak",,
nişan takmak,nişanlanan çiftin nişan yüzüklerini parmaklarına geçirmek | göğsüne nişan iliştirmek,,
nişan yapmak,nişan töreni düzenlemek,,
niyet çekmek,niyetçiden niyet adı verilen fal kâğıdı almak,,
niyet etmek,"bir şeyi yapmayı zihinde tasarlamak, düşünmek, niyetlenmek",,
niyet tutmak,fala bakılırken olması istenilen şeyi aklından geçirmek,,
noksan bulmak,"beğenmemek, uygun bulmamak",,
nokta koymak,"gereken yerde nokta işaretini kullanmak | bir işi bitirmek, tamamlamak | son noktayı koymak",,
normale dönmek,normalleşmek,,
nostalji uyandırmak,özlem duygusu canlandırmak,,
notunu vermek,bir kimse için kötü bir kanıya varmak,,
not almak,"biri konuşurken onun söylediklerini yazmak | bir şeyi başlıca noktalarını özetleyerek yazmak | öğrenci, iyi veya kötü numara, derece almak | bir şeyin niteliğiyle ilgili bir karar verilmek",,
not atmak,not vermek,,
not düşmek,not yazmak,,
not etmek,"not olarak yazmak, kaydetmek",,
not kırmak,"verilen notu düşürmek, azaltmak | az not vermek",,
not tutmak,biri söz söylerken başkası onun söylediklerini yazmak,,
not vermek,bir şeyin değeri üzerinde olumlu veya olumsuz bir kanıya varmak | öğrencinin bilgisini bir sayı veya derece ile belirlemek,,
nöbet çalmak,belli zamanlarda mızıka çalmak,,
numara çevirmek,"hile yapmak, dalavereyle iş bitirmek",,
numara yapmak,bir hareketi yalandan yapmak veya yapar gibi görünmek,,
nur inmek,kutsal bir yere gökten ilahi ışık yağmak,,
nutku tutulmak,"korkudan, şaşkınlıktan veya öfkeden konuşamaz olmak",,
nutuk vermek,bir konuda özel olarak hazırlanıp konuşmak,,
nüfusunu çıkarmak,nüfus kütüğüne kayıt yaptırarak nüfus cüzdanı almak,,
nüfuzu altında tutmak,"söz geçirme gücünü üstün kılmak, egemenliği altında bulundurmak",,
nüfuz etmek,"bir şeyin içine işlemek, sinmek | inceliğine varmak, anlamak | etkili olmak",,
nüks etmek,"hastalık veya başka bir durum yeniden ortaya çıkmak, depreşmek, üstelemek",,
nükte yapmak,nükteli söz söylemek,,
nükûl etmek,"caymak, vazgeçmek",,
nârına (veya nâra) yanmak,ateşine yanmak,,
objektif olmak,tarafsız davranmak,,
ocağına düşmek,istemediği hâlde birinin yardımına muhtaç kalmak,,
ocağına su dökmek,"adını, soyunu kurutmak, ocağını söndürmek. ocağını söndürmek birinin evinin barkının, ailesinin yok olmasına, dağılmasına sebep olmak",,
ocağını yeşertmek,soyunu devam ettirmek,,
ocağı batmak,yuvası yıkılmak veya soyu tükenmek,,
ocağı kör kalmak,"soyu tükenmek, soyunu devam ettirecek bir çocuğu olmamak",,
ocağı sönmek,"aile dağılmak, yok olmak",,
ocağı tütmek,soyu devam etmek | yaşamını sürdürmek,,
ocağı uyarmak,"ocağı ateşlemek | bir kuruluşu, geleneği yeniden canlandırmak",,
ocağı yanmak,ocağı tütmek,,
ocak açmak,bahçede fide veya fidan dikmek için yer hazırlamak,,
ocak bastırmak,kazanın altındaki ateşi öne çekerek ısıtmayı en aza indirmek,,
ocak yıkmak,"aileyi dağıtmak, yuvayı yıkmak",,
oda yakmak,ateşe vermek,,
odundan geçirmek,dayak atmak,,
od ocak olmak,ev bark sahibi olmak,,
od vermek,zehirlemek,,
oflayıp puflamak,"""of, puf"" diyerek sıkıntısını, acısını dışa vurmak",,
ofsayta düşmek,"futbolda hücuma geçen takımın en az bir oyuncusunun kafası, vücudu veya ayağının bir bölümü topla oynandığı anda rakip takımın kale çizgisine, o takımın en yakın oyuncusundan daha yakın bulunmak | istemediği hâlde kötü bir durumda kalmak",,
ofsaytta kalmak,ofsayta düşmek | istemediği hâlde kötü bir durum içinde kalmak,,
of bile dememek,"şikâyetçi olmamak, şikâyet etmemek",,
of çekmek,oflamak,,
oğul almak,başka bir kovandan ayrılan arılarla yeni bir kovan kurmak,,
oğul çıkarmak,kovandaki arıların bir bölümü yeni bir kovan meydana getirmek,,
oğul vermek,"kovandaki arıların bir bölümü kovandan ayrılıp ayrı bir kovana gitmek | aşırı kalabalıklaşmak, üşüşmek",,
oh çekmek,birinin kötü duruma düşmesine sevinmek,,
oh demek,"rahata ermek, rahata kavuşmak, rahat bir soluk almak",,
okkanın altına gitmek,"haksız yere ezilmek, bir zarar veya ceza görmek",,
okka çekmek,hacminden umulmayacak kadar okka ağırlığında olmak,,
okside etmek,paslandırmak,,
okside olmak,paslanmak,,
okuldan ayrılmak,öğrenime son vermek,,
okullu olmak,"okula yazılmak, öğrenime başlamak",,
okumayı sökmek,"okula yeni başlayan öğrenci, verilen eğitim sonrası okumaya başlamak, okuma becerisini kazanmak",,
okumuş olmak,öğrenim görmüş olmak,,
okumuş olmak için okumak,"okumuş gibi görünmek, öyle farz edilmek",,
okuyup üflemek,"dinî inanca göre bir duayı okuduktan sonra, üfleyerek ruhlara yollamak",,
ok atmak,oku fırlatmak | miras kalan malları paylaştırmak için ad çekmek,,
ok gibi (yerinden) fırlamak,birden ve hızlıca ileri atılmak,,
ok meydanında buhurdan yakmak,geniş bir yeri yetersiz bir şeyle ısıtmaya çalışmak | önemli bir iş için yetersiz imkânlardan yararlanmaya çalışmak,,
ok yaydan (veya yayından) çıkmak,geri dönülemeyecek bir iş yapmak,,
olayın üstüne gitmek,olayı etraflıca araştırmak,,
olay çıkarmak,hoş olmayan bir durum yaratmak; hadise çıkarmak,,
olay yapmak,"bir durumu, hareketi gereğinden fazla büyütmek; sorun çıkarmak",,
olay yaratmak,ortada herhangi bir sebep yokken bir olaya yol açmak,,
oldubittiye getirmek,geri dönülmesi güç veya olanaksız bir durum yaratmak; emrivaki yapmak,,
olgunluk göstermek,olgun birine yakışır biçimde davranmak,,
olmayacak duaya âmin demek,"gerçekleşmeyecek, sonuç vermeyecek işlerle uğraşmak",,
olmuş armut gibi eline düşmek,emeksiz ve zahmetsizce eline geçmek,,
oltaya düşmek,hileyle karşı karşıya kalmak,,
oltaya gelmek,aldatılmak,,
oltaya takılmak,balık yakalanmak | tuzağa düşmek,,
oltaya vurmak,balık yakalanmak,,
oltayı yutmak,aldanmak,,
olta atmak,"balık yakalamak için oltayı denize, nehre, göle atmak | tuzak kurmak",,
oluk gibi akmak,çok bol ve arası kesilmeden gelmek,,
olupbittiye getirmek,oldubittiye getirmek,,
oluruna bakmak,"bir işin yapılabilirliğini araştırmak, yapmaya çalışmak",,
oluruna bırakmak,"işi belli bir amaca göre değil de kendi akışı içinde yürütmek | sonucu önemsemeyerek bir işin yapılabildiği, olabildiği kadarıyla yetinmek",,
oluruyla yetinmek,"elde olanları yeterli bulmak, kanaat etmek",,
olur almak,yetkili makamdan bir uygulamayı yapabilmek için yazılı izin almak,,
olur vermek,yetkili makam bir uygulamanın yapılabilmesi için yazılı izin vermek,,
ombre yapmak,krepe balyaj yapmak,,
ombre yaptırmak,krepe balyaj yaptırmak,,
omuzda taşımak,"çok saygı göstermek, yüceltmek, övmek",,
omuzları çökmek,"bitkin, perişan ve yıkılmış bir durumda olmak",,
omuzundaki ağır yükü hafifletmek,üzerinde olan sorumluluklarını azaltmak,,
omuz kaldırmak,"bilmez gibi davranmak | kabul etmemek, geri çevirmek",,
omuz omuza vermek,dayanışma içinde olmak,,
omuz öpüşmek,eşit derecede olmak,,
omuz silkmek,"aldırmamak, önem vermemek",,
omuz vermek,omzuyla dayanmak | birinin üzerine basıp yükseğe çıkması için kendi omzunu destek yapmak | destek olmak,,
omzuna atmak,ceket vb. şeyleri tam olarak giymeden sırtına koymak,,
omzuna binmek,"yük olmak, ağırlık vermek",,
onarım görmek,onarılmak,,
onaya sunmak,onay için yüksek makama iletmek,,
onay (veya onayını) almak,"onaylanmasını sağlamak, kabul veya tasdik ettirmek",,
ona buna dil uzatmak,herkes için ileri geri konuşmak,,
onuruna dokunmak,"birinin gururunu, haysiyetini incitmek",,
onuruna yedirememek,"bir kimse, kendine duyduğu saygıyla bağdaşmayan ve onur kırıcı olay veya davranışlar karşısında tepkide bulunmak, kendine yedirememek",,
onuruna ... vermek,"birine saygı göstermek için yemek, toplantı vb. ağırlamada bulunmak",,
onurunu okşamak,kişiliğini yüceltecek sözler söylemek veya davranışlarda bulunmak,,
onur duymak,onurlanmak,,
on paralık etmek,birine hakarette bulunmak | birini kötü duruma düşürmek,,
on paraya on takla (veya taklak) atmak,az bir miktar kazanabilmek için bile onursuzca bir sürü şey yapmak,,
on para etmemek,hiçbir değeri olmamak,,
on parmağında on hüner (veya marifet) olmak,"elinden her iş gelmek, çok becerikli olmak",,
on parmağı boğazında olmak,isteği yapılmadığında sıkıntıya düşmesini istemek,,
operasyona çıkmak,harekât gerçekleştirmek,,
oralarda olmamak,"işi sezmemiş gibi davranmak, anlamazlıktan gelmek",,
oralı (bile) olmamak,"önemsememek, umursamamak, aldırmamak, ilgilenmemek",,
organize etmek,düzenlemek | örgütlemek,,
organize olmak,düzenlenmek | örgütlenmek,,
organize olmak,düzenlenmek,,
orman taşlamak,bir kimsenin düşüncesini dolaylı olarak öğrenmeye çalışmak,,
ortadan kaldırmak,saklamak | yok etmek | öldürmek,,
ortadan kalkmak,yok olmak,,
ortadan kaybolmak,"saklanmak, bulunmaz olmak | nereye gittiği bilinmemek, kimseye sezdirmeden gitmek | yok edilmek, kullanılmamak | öldürülmek",,
ortadan sır olmak,"kaybolmak, arkada iz bırakmadan gitmek",,
ortadan söylemek,"herkesin içinde, belli bir kimseyi amaçlamadan konuşmak",,
ortada bırakmak,birini çok güç bir durumdayken terk etmek,,
ortada kalmak,"yersiz kalmak, barınacak yer bulamamak | güç bir durumda veya iki şey arasında kalmak | bir şeyi hiç kimse üzerine almamak",,
ortada olmak,Bir iş yapması gereken kişi belli olmamak,,
ortakçılık etmek,ortakçı olmak,,
ortaklık etmek,ortak olma durumuna gelmek,,
ortaklık kurmak,"şirket, kumpanya açmak veya çalıştırmak",,
ortak etmek,"bir şeyi paylaşmaya razı olmak, katılmaya onay vermek",,
ortak olmak,bir şeyi paylaşmak veya bir şeye katılmak,,
ortalığı birbirine katmak,kargaşa çıkarmak,,
ortalığı gürültüye (veya patırtıya) vermek,gereksiz bir telaşa düşürmek,,
ortalığı kırıp geçirmek,herkesi heyecana sürüklemek | çok kızarak çevresindekilere bağırıp çağırmak,,
ortalık ağarmak,sabah olmaya başlamak,,
ortalık düzelmek,"toplum içindeki karışıklık yok olmak, tedirginlik kalmamak, maddi durum düzelmek",,
ortalık kararmak,akşam olmak,,
ortalık karışmak,toplumda veya devletler arasında düzensizlik baş göstermek,,
ortalık sütliman olmak,"sakinleşmek, durulmak",,
ortalık yatışmak,toplum içindeki düzensizlik ve kargaşa sona erip düzenli yaşayış yeniden başlamak,,
ortama ayak uydurmak,çevreye uyum sağlamak,,
ortama uymak,çevreye uyum sağlamak,,
ortam yaratmak,imkân sağlamak,,
ortasını bulmak,"ılımlı derecesini bulmak, uzlaştırmak",,
ortaya almak,"her yanını çevirmek, kuşatmak",,
ortaya atılmak,"ileri sürülmek, herkesin bilgisine sunulmak | bir kimse bir işi yapmak için kendini göstermek",,
ortaya atmak,"söylemek, ileri sürmek",,
ortaya balgam atmak,"bir iş kıvamındayken, biri herkesin zihnini bulandıracak bir söz söylemek",,
ortaya çıkarmak,"delilleriyle göstermek, ispat etmek",,
ortaya çıkmak,"yokken var olmak, meydana çıkmak, türemek | biri kendini göstermek",,
ortaya dökmek,"çıkarmak, göstermek | açıklamak",,
ortaya düşmek,"kadın orta malı olmak, sokağa düşmek",,
ortaya konuşmak,sözü hiç kimseyi hedef almadan söylemek,,
ortaya koymak,"herkesin görebileceği yere koymak | yaratmak, yapmak | açıklamak",,
ortaya sürülmek,"anlatılmak, belirtilmek, söylenmek",,
ortaya yayılmak,herkes tarafından duyulmak,,
orta baklası olmak,sıradanlaşmak,,
orta katı kiraya vermek,gebe kalmak,,
orta parmak,El parmaklarının sağdan ve soldan üçüncü olanı,,
orucunda olmak,herhangi bir şeyi yemez içmez olmak | bir şeyi yapmaz olmak,,
oruç açmak,vakit geldiğinde oruç bozmak; iftar etmek,,
oruç bozmak,"bir şey yiyerek, içerek orucunu sona erdirmek",,
oruç tutmak,oruç ibadetini yerine getirmek,,
oruç yemek,oruç tutmamak,,
Osmanlı tokadı atmak,bir kimseye sert ve etkili bir biçimde tokat atmak | sert ve etkili bir biçimde uyarmak | bir kimseye üstünlüğünü kabul ettirmek,,
Osmanlı tokadı yemek,sert ve etkili bir biçimde tokat atılmak | sert ve etkili bir biçimde uyarılmak | bir kimsenin üstünlüğünü kabul etmek,,
otlakçılık etmek,başkalarının sırtından geçinmek,,
otomatiğe geçmek,otomatik olarak çalışmaya başlamak,,
otostop yapmak,otostop yoluyla yolculuk yapmak,,
oturup kalkmak,hareket etmek,,
otuz iki dişe keman çaldırmak,içecek çok soğuk olmak,,
ot gibi yaşamak,"amaçsız, beklentisiz gün geçirmek",,
ot tutunmak,vücuttaki istenmeyen kılları düşürmek için ilaç sürünmek,,
ot yoldurmak,"çok zor bir iş gördürmek, çok uğraştırmak",,
oydaş olmak,"biriyle aynı düşüncede, aynı inançta olmak",,
oylamaya geçmek,oy verme işlemine başlamak,,
oylamaya koymak,"bir toplantıdaki oy sayısını belirlemek, oy verilmesini istemek, oya sunmak",,
oynaşlık etmek,aralarında evlilik dışı ilişki bulunmak,,
oyuna çıkmak,oyun için sahneye çıkmak,,
oyuna gelmek,aldatılmak,,
oyuna getirmek,"birini tuzağa düşürmek, aldatmak",,
oyuna kurban gitmek,"bir hile, düzen sonunda zarara, iftiraya uğramak",,
oyunbozanlık etmek,birlikte yapılması planlanan bir işten çekilmek,,
oyunun kurallarını bilmek,"yapılan işlerin nasıl, kimler tarafından ve hangi ilişkilerle sonuçlandırıldığına ilişkin bilgisi olmak",,
oyunu almak,oyunu kazanmak,,
oyun almak,"oyunda kazanmak, sayı sahibi olmak",,
oyun bağlamak,güreşte rakibe bir oyun uygulayıp onu sonuçlandırmadan beklemek [spor],,
oyun bozmak,"tasarlanmış bir işi yersiz ve vakitsiz olarak karıştırmak, planları altüst etmek | mızıkçılık etmek",,
oyun çıkarmak,oyunu istenilen ve planlanan şekilde oynamak [spor] | tiyatro oyununu hazırlamak [tiyatro],,
oyun dışı kalmak,"sakatlanma, ceza alma vb. sebeplerle oyundan çıkmak [spor] | saf dışı bırakılmak",,
oyun etmek,kurnazlıkla birini aldatmak,,
oyun kurmak,bir yarışmayı kazanmak için belirli bir taktik uygulamak [spor] | hile yapmak,,
oyun oynamak,"birini aldatmak, kandırmak | hile yapmak",,
oyun vermek,oyunda kaybetmek,,
oyun yapmak,güreşte rakibe oyun uygulamak [spor] | hile yapmak,,
o taraflı olmamak,konuyla ilgisi yokmuş gibi davranmak,,
o tarakta bezi olmamak,o şeyle ilişiği bulunmamak,,
öbür dünyayı boylamak,ahireti boylamak,,
ödül almak,herhangi bir başarı karşısında ödüle layık görülmek,,
ödül vermek,ödüllendirmek,,
ödünç almak,ödünçlemek,,
ödünç vermek,"geri almak üzere birine mal, para, eşya vb. vermek",,
ödün vermek,ödünle uzlaşma sağlamak,,
ödü bokuna karışmak,çok korkmak,,
öfkesini kusmak,kızgınlıkla ağır hakaret etmek,,
öfkesi burnunda olmak,çabucak geçen bir öfkeye sahip olmak,,
öfkesi kabarmak,"çok kızmak, sakinleşmişken yeniden öfkelenmek, tekrar sinirlenmek",,
öfkeye kapılmak,"çok sinirlenmek, kızmak, hiddetlenmek",,
öfke topuklarına çıkmak,çok öfkelenmek,,
öfke yüzü göstermek,çok sinirlendiğini belli etmek,,
öğüreceği gelmek,çok iğrenmek,,
öğür olmak,çokça birlikte bulunmaktan çok sıkı bir alışkanlık edinmek,,
öğütte (veya öğütlerde) bulunmak,öğüt vermek,,
öğüt vermek,"bir kimseye yapması veya yapmaması gereken şeyler için yol göstermek, nasihat etmek",,
ökseye basmak,dikkatsizlik ederek zarara uğramak veya yanılmak,,
öksürük olmak,öksürük hastalığına yakalanmak,,
öksürük tutmak,sürekli ve şiddetli öksürmek,,
öksürüp tıksırmak,öksürmek,,
öksüz kalmak,anası veya hem anası hem babası ölmüş olmak | kimsesiz olmak,,
öküzün altında buzağı aramak,olmayacak sebeplerle suç ve suçlu bulma çabasında olmak,,
öküzün trene baktığı gibi bakmak,"aptalca, hiçbir şey anlamadan bakmak",,
öküz gibi bakmak,karşısındakini rahatsız edercesine bakmak,,
ölçülü olmak,"dikkatli, hassas, düşünceli olmak",,
ölçüp biçmek,"bir konuda çok ayrıntılı düşünmek, inceden inceye düşünmek, değerlendirmek",,
ölçüyü aşmak,"herhangi bir eylem veya düşüncede aşırıya gitmek, haddini aşmak",,
ölçüyü kaçırmak,yiyip içmekte veya davranışlarda aşırı gitmek,,
ölçü almak,herhangi bir şeyin boyutlarını ölçmek | terzi vücut ölçülerini tespit etmek,,
ölmeden evvel ölmek,Allah yolunda nefsinden ve maddi isteklerinden vazgeçmek,,
ölüme koşmak,kendisini bile bile tehlikeye atmak,,
ölümle burun buruna gelmek,ölümle sonuçlanabilecek çok büyük bir tehlike ile karşılaşmak,,
ölümle pençeleşmek,can çekişmek,,
ölümüne susamak,ölümle sonuçlanabilecek davranışlarda bulunmak,,
ölümü göze almak,elde etmek istediği sonuç uğruna ölüm de dâhil her türlü tehlikeye açık olmak,,
ölüm döşeğinde olmak,son anlarını yaşamak,,
ölüm kalım mücadelesine girişmek,yok olmamak için savaşmaya başlamak,,
ölüm sessizliği çökmek,yoğun ve derin bir sessizlik kaplamak,,
ölüp ölüp dirilmek,"çok sıkıntı, acı çekmek veya çok ağır hastalık geçirmek | çok korkmak",,
ölüsü bile yetmek,en zayıf olduğu durumda bile başarılı olmak,,
ölüsü ortada kalmak,cenazesini kaldıracak kimse bulunmamak,,
ölüyü güldürmek,çok güldürmek,,
ölü gözünden yaş ummak,"hiç olmayacak yerden, mümkün olmayan durumda yardım veya destek beklemek",,
"öl dediği yerde ölmek, kal dediği yerde kalmak",birinin sözünden çıkmamak,,
ömrüne ömür katmak,"sevinmesine, mutlu olmasına sebep olmak",,
ömrü uzamak,uzun süre yaşamak | çok dayanmak,,
ömrü vefa etmemek,bir sonuca ulaşmadan ölmek,,
ömür çürütmek,uzun zaman emek vermiş olmak veya boşuna vakit geçirmiş olmak,,
ömür geçirmek,yaşamak,,
ömür sürmek,iyi ve rahat yaşamak | yaşamı belli şartlar içinde sürüp gitmek,,
öncülük etmek,"bir işi başlatmak, bir işin başlamasına önayak olmak",,
öncül olmak,"kılavuzluk, öncülük etmek",,
önde gelmek,önemli durumda olmak,,
önemsemezlik etmek,önemsememek,,
önem vermek,"değer vermek, önemli saymak",,
önerge vermek,"bu tür bir yazıyı ilgili meclis veya kongre başkanlığına sunmak, takrir vermek",,
öneride bulunmak,"önermek, teklif etmek",,
öne almak,bir şey veya bir kimseye öncelik tanımak,,
öne çıkmak,diğerlerinden daha iyi olmasından dolayı dikkat çekmek,,
öne düşmek,önden yürümek | kılavuzluk etmek,,
öne sermek,"ortaya koymak, meydana çıkarmak, göstermek",,
öne sürmek,birini ilk önce harekete geçmesi için önermek | ileri sürmek,,
önlem almak,kötü ve yanlış bir durumun ortaya çıkmasına engel olmak amacıyla hazırlık yapmak ve bu amacı gerçekleştirmek için birtakım çarelere başvurmak; tedbir almak,,
önüne bakmak,"utanmak, utancından cevap vermemek | dikkat etmek | kendi işiyle meşgul olmak",,
önüne bir kemik atmak,birini susturmak için ona küçük bir çıkar sağlamak,,
önüne çıkmak,"rastlaşmak, karşılaşmak, karşısına çıkmak | ilk defa görmek, yüz yüze gelmek | yolunu kesmek için birdenbire karşı durmak",,
önüne dikilmek,"gelip karşısında durmak, karşısına dikilmek | karşısındakine engel olmak istediğini söz veya davranışıyla göstermek",,
önüne düşmek,birinin önünden yürümek | birine kılavuzluk etmek,,
önüne geçmek,yolunu kesmek | önlemek,,
önüne katmak,"önden yürütüp kendisi ardı sıra gitmek | bir kimseyi veya şeyi zorlayarak bir yere doğru götürmek, sürüklemek",,
önünü almak,önlemek,,
önünü ardını düşünmemek,"sonucun ne olacağını hesaplamamak, ilerisini gerisini düşünmemek",,
önünü kesmek,yolunu kesmek | akarsuyun akmasına engel olmak,,
önü alınmak,önlenmek,,
önü sıra gitmek,önünde yürümek,,
ön almak,"önlemek, engellemek | öne geçmek, öncelik hâline gelmek, bir işi diğerinden önce yapmak",,
ön damak,Damağın ön bölümü [anatomi],,
öperken ısırmak,güler yüz gösterirken kötülük yapmak,,
öpücüklere boğmak,çok öpmek,,
öpücüklere boğulmak,çok öpülmek,,
öpücük almak,fırsatını bulup öpmek | takdir edilmek amacıyla öpülmek,,
öpücük atmak,el ve mimiklerle öpme hareketi yapmak,,
öpücük beklemek,öpülmeyi ummak,,
öpücük bırakmak,hafifçe öpmek,,
öpücük kondurmak,hafifçe öpmek,,
öpücük vermek,"öpmesine izin vermek, öptürmek",,
öpüp başına koymak,"bir nimeti veya kutsal sayılan bir varlığı saygıyla el üstünde tutmak, yüksekte tutmak | bir şeyi memnunlukla karşılamak, saygı duymak, saygıyla karşılamak",,
örgüt kurmak,"teşkilat oluşturmak, birliği düzenlemek",,
örneğini almak,biçimini çizmek,,
örneğini çıkarmak,benzerini yapmak veya çizmek,,
örneklik etmek,"örnek alınmak, örnek olarak kabul edilmek",,
örnek almak,"bir kimseye huy ve davranışta uymak, birini ölçü olarak benimsemek | bir şeyden kendisi için ders çıkarmak | incelemek üzere insan ve hayvan vücudunun veya bitkinin herhangi bir yerinden doku parçası almak",,
örnek olmak,davranışlarıyla başkasını heveslendirmek | davranış yönünden başkasının kendisine benzemesi yolunda etkili olmak,,
örnek oluşturmak,benzerini sunmak,,
örnek vermek,bir konuyu daha ayrıntılı bir biçimde anlatabilmek için örneklendirmek,,
örs ve çekiç arasında kalmak,aynı derecede güçlü ve zorlu iki kişi veya düşünce arasında bulunmak,,
örülü olmak,"her şeyiyle mükemmel, eksiksiz ve estetik bütünlüğe sahip bulunmak [edebiyat]",,
örümcek bağlamak,üzerinde örümcek ağı olmak | bir şey uzun süre kullanılmadan kendi hâline bırakılmış olmak,,
örümcek sarmak,bir yer örümcek ağları ile dolmak,,
öteki dünyayı boylamak,ahireti boylamak,,
ötüp durmak,sürekli ötme sesi çıkarmak,,
övünç duymak,"iftihar etmek, kıvanmak",,
öyle gelip öyle gitmek,değişmeden devam etmek,,
öyle gelmek,"sanmak, zannetmek",,
özçekim yapmak,cep telefonu vb.nin ön kamerası ile kendisinin veya kendisiyle birlikte bir grubun fotoğrafını çekmek,,
özenip bezenmek,bir işi ayrıntılarına varıncaya değin büyük bir özenle ve titizlikle yapmak,,
özen göstermek,bir şeyi özenerek elden geldiğince iyi olmasına gayret ederek yapmak; itina etmek,,
özgü olmak,"birine, bir şeye ait olmak | belli bir kimsede, şeyde veya türde bulunmak | aynı cinsten başka hiçbir türde veya bireyde rastlanılmamak",,
özlemini çekmek,"çok özlemek, hasretini çekmek",,
özlemini duymak,"yürekten istemek, arzu etmek",,
özür dilemek,"özrünü ileri sürerek bir işi yapmayı istememek, bir işten bağışlanmasını istemek | yaptığı bir yanlıştan ötürü bağışlanmasını istemek",,
öz Türkçeleştirilmek,Öz Türkçeleştirme işi yapılmak,,
öz Türkçeleştirmek,Türkçeyi tüm yabancı kelime ve kurallardan arındırmak,,
pabucuna kum dolmak,pabucuna taş kaçmak,,
pabucuna taş kaçmak,ortaya çıkan durum karşısında tedirgin olmak,,
pabucunu dama atmak,Ahilikte hileli ayakkabı üretenleri ifşa etmek üzere özürlü malı dama atmak | kendinden üstün birini gözden düşürmek,,
pabucunu eline vermek,dolaylı olarak kovmak,,
pabucunu ters giydirmek,güç bir duruma sokarak telaş içinde kaçırmak,,
pabucu dama atılmak,kendinden üstün birinin çıkmasıyla gözden düşmek,,
pabuçlarını çevirmek,dolaylı olarak kovmak,,
pabuç bırakmamak,"yapacağından vazgeçmemek, hiçbir şeye aldırmamak, korkmamak",,
pabuç kadar dili olmak,kabaca ve terbiyesizce karşılık vermek,,
paçalarından akmak,pislik ve kir çok olmak,,
paçalarından kibarlık akmak,üstünden kibarlık akmak,,
paçaları sıvamak,kolları sıvamak,,
paçasından tutup atmak,hakaretle kovmak,,
paçasını çekecek (veya toplayacak) hâli olmamak,"güçsüz, beceriksiz olmak",,
paçası tutuşmak,telaşlanmak,,
paçavrasını çıkarmak,paçavraya çevirmek,,
paçavraya çevirmek,"çok hırpalamak, dağınık, bozuk veya berbat bir duruma getirmek",,
paçayı kaptırmak,"yakalanmak, ele geçirilmek | karıştığı ancak sonradan ayrılmak istediği bir işten kendini kurtaramamak | etki altında kalarak dilediği gibi davranamamak",,
paf puf etmek,"yorgunluk, sıkıntı, acı ve üzüntü dolayısıyla oflayıp puflamak",,
pahalıya gelmek,yüksek fiyattan almak,,
pahaya çıkmak,"pahalanmak, pahalılaşmak",,
pahaya geçmek,değerli bir şeymiş gibi esirgenmek,,
paha biçmek,değerini tahmin etmek veya belirlemek,,
paket etmek,paketlemek,,
palan vurmak,palanı hayvanın sırtına koyup bağlamak,,
pala çekmek,palayı belinden çıkarıp vurmak,,
pala sürtmek,"çabalamak, uğraşmak",,
paldımı aşmak,başaramayacağı bir işe girişmek,,
palet vurmak,dipte yüzerken yükselme amacıyla paletlerle suyu dövmek,,
pamuk atmak,yay ve tokmakla pamuğu ditmek,,
pamuk ipliğiyle bağlamak,etkisi az sürecek bir çare ile geçiştirmek,,
pamuk ipliğiyle bağlanmak,"her an bozulmaya, kopmaya hazır olmak",,
pamuk ipliğiyle bağlı olmak,pamuk ipliğiyle bağlanmak,,
pancar gibi olmak,yüzüne kan hücum edip çok kızarmak,,
pancar kesilmek,pancar gibi olmak,,
pandomim kopmak,izleyenler için eğlendirici bir kavga çıkmak,,
paniğe kapılmak,çok korkmak | ne yapacağını bilememek,,
paniğe vermek,"büyük bir dehşete düşürmek, çok korkutmak",,
panik olmak,büyük korku yaratan bir olay birdenbire ortaya çıkmak,,
panik yaratmak,"korku, dehşet uyandırmak",,
pansuman yapmak,yaranın temizlik ve bakımını yapmak,,
papağan gibi ezberlemek,anlamını bilmeden ezberlemek,,
papağan gibi tekrarlamak,"peş peşe, art arda söylemek",,
papara yemek,azar işitmek,,
papaza dönmek,"saçı ve sakalı uzamak, darmadağın olmak",,
papaza kızıp oruç (veya perhiz) bozmak,başkasına kızıp kendisine zarar verecek iş görmek,,
papazı bulmak,"beklemediği kötü bir sonuçla karşılaşmak, belasını bulmak",,
papazlık etmek,"ders vermek, ikna edici sözlerle kandırmak",,
papaz olmak,çıkarları ters düştüğü için sürtüşmek,,
papaz uçurmak,içkili eğlence düzenlemek,,
paradan çıkmak,para harcamak zorunda kalmak,,
paramparça etmek,pek çok parçaya ayırmak,,
paramparça olmak,"pek çok parçaya ayrılmak, kırılmak",,
parantez açmak,"söz veya yazının içine, sözü edilen konu ile ilgili bir bölüm koymak | anlatılan konudan farklı bir şey söyleneceği zaman kullanılan bir söz",,
parasını çekmek,"para sızdırmak, birinden birtakım gerekçelerle para almak",,
parasını çıkarmak,"anaparayı kurtarmak, masrafını çıkarmak",,
parasını sokağa atmak,değeri olmayan bir mala para vermek,,
parasını yemek,"çalışmadan bedavadan geçinmek, birinin sırtından geçinmek",,
parasıyla rezil olmak,"para vererek yaptırdığı bir şey iyi çıkmamak, parasının karşılığını alamamak",,
parasızlık çekmek,para yönünden sürekli sıkıntı içinde olmak,,
paravan olmak,birinin veya bir şeyin önüne geçerek onu korumaya almak,,
paravan yapmak,"kendini belli etmeyerek başkasının adından, yetkisinden, gücünden yararlanmak",,
paraya çevirmek,herhangi bir şeyi para ile değiştirmek,,
paraya kıymak,gereken yerde para harcamaktan kaçınmamak,,
paraya para (veya pul) dememek,çok para kazanır olmak | elde edilen parayı az bulmak | bol para harcamak,,
paraya sıkışmak,"parasız kalmak, para sıkıntısı içinde olmak",,
parayı denize atmak,"parayı boşuna harcamak, israf etmek",,
para akmak,yatırım yapılmak,,
para basmak,"darphanede, basımevinde metali veya kâğıdı para durumuna getirmek | kumarda ortaya para koymak | çok kazanmak | çok kazandırmak",,
para bozmak,büyük parayı ufak paralarla değiştirmek,,
para çekmek,bir yere yatırılmış paranın tamamını veya  bir bölümünü almak,,
para çıkarmak,para basmak | başka yerde bulunan kimseye posta veya banka ile para göndermek,,
para çıkışmamak,para yetişmemek,,
para dönmek,rüşvetle iş yapılmak,,
para etmek,değeri olmak,,
para etmemek,"değeri pahasına satılamamak | etkisi olmamak, işe yaramamak",,
para getirmek,kazanç sağlamak,,
para kesmek,para basmak | çok para kazanmak,,
para kırmak,çok kazanmak,,
para pul tutmamak,"hesabını bilmemek, birikim yapmamak",,
para saçmak,gereğinden çok para harcamak,,
para saymak,ödemek,,
para tutmak,para biriktirmek,,
para yapmak,para kazanıp biriktirmek,,
para yatırmak,gerektiğinde almak üzere bir yere para vermek | kazanç elde etmek üzere bir işe para koymak,,
para yedirmek,gereksiz olarak başkasına çok para harcamak | rüşvet vermek,,
para yemek,"gereksiz olarak çok para harcamak | çok para harcatmak | görevli bulunduğu yerin imkânlarından yararlanarak para çalmak, rüşvet almak",,
parça almak,biyopsi yapmak [tıp],,
parça parça etmek,parçalara ayırmak,,
parça parça olmak,parçalara ayrılmak,,
parça pinçik etmek,küçük parçalara ayırmak,,
park etmek,taşıtları trafik kuralları bakımından uygun bir yerde belli süre bırakmak,,
parmağına dolamak,"bir konuyu, bir kimseyi ele alıp sürekli uğraşmak, diline dolamak",,
parmağında oynatmak,"her istediğini yaptırmak, kukla gibi kullanmak",,
parmağının ucuyla (veya ucunda) çevirmek,bir işi kolayca ve ustalıkla yapmak,,
parmağını aramak,"ilgisini, bağlantısını aramak, kurulan düzeni araştırmak",,
parmağını yaranın üzerine basmak,asıl derdi veya bir derdin asıl sebebini göstermek,,
parmağı ağzında kalmak,"şaşakalmak, şaşmak, hayret etmek",,
parmağı olmak,"bir işi olumsuz yönde etkilemek, bir işe karışmış olmak",,
parmaklarını (birlikte) yemek,yemeği çok beğenmek,,
parmakla gösterilmek,"bir şey az bulunmak | seçkin, ünlü olmak",,
parmakla sayılacak kadar az olmak,çok az olmak,,
parmak atmak,birini parmakla taciz etmek | sorun yaratmak,,
parmak basmak,"imza yerine parmağını mürekkebe batırarak bir yere bastırmak | bir konu üzerine dikkati, ilgiyi çekmek, bir konunun önemli noktası üzerinde durmak",,
parmak bozmak,"çocuklar arasında arkadaşlığı sona erdirmek, küsmek",,
parmak ısırmak,büyük şaşkınlık duymak,,
parmak kaldırmak,"bir toplulukta, özellikle okulda söz istemek için işaret parmağını açık bırakıp diğer parmakları yumruk biçiminde kapayarak eli yukarı kaldırmak",,
parmak parmak,Parmak biçiminde | Parmaklayarak,,
parsayı başkası toplamak,"bir emeğin karşılığını o emeği çeken değil, başka biri almak",,
parsayı toplamak,"emek vererek veya emek vermeden bir şeyden yararlanmak, nasiplenmek",,
partal atmak,abartılı söz veya yalan söylemek,,
particilik yapmak,bağlı olduğu partiyi veya partinin düşüncelerini savunan kişileri kayırmak,,
partiyi kaybetmek,elde etmeye çalıştığı bir kazancı karşısındakine kaptırmak | başkasıyla çekiştiği bir konuda yenilmek,,
partiyi vurmak,büyük bir kazanç sağlamak,,
parti çevirmek,"kâğıt oyunları, tavla vb.nde bir parti oynamak",,
parti vermek,bir şeyi kutlamak veya eğlenmek için birçok kimseyi bir araya toplamak,,
pasaportunu almak,işine son verilmek,,
pasaportunu eline vermek,"kovmak, işten atmak",,
paspas yapmak,paspaslamak,,
pastadan pay almak,gelirden kendilerine düşen hisseyi almak,,
pastayı bölüşmek,geliri aralarında paylaşmak,,
pastayı büyütmek,"gelir getirecek işi büyütmek, geliri çoğaltma",,
pasta çekmek,otomobilleri pasta ile parlatmak,,
pastırmasını çıkarmak,"bir kimseyi iyice dövmek, hırpalamak",,
pastörize etmek,"süt, bira, meyve suyu vb.ni mikroplardan arınmış duruma getirmek",,
pas açmak,bir şeyin pasını giderip parlatmak,,
pas almak,bazı top oyunlarında bir oyuncu takım arkadaşından topu almak [spor],,
pas geçmek,"bazı iskambil oyunlarında o ele katılmamak | otobüs, dolmuş vb. durakta durmadan geçip gitmek | vazgeçmek, caymak, aldırış etmemek | uçak iniş yapmaktan, taşıt durakta durmaktan vazgeçip yoluna devam etmek",,
pas tutmak,"paslı duruma gelmek, paslanmak | çalışamaz duruma gelmek",,
pas vermemek,"yüz vermemek, ilgi göstermemek | karşı cinse umut ve cesaret vermemek",,
paşa gibi yaşamak,"bolluk içinde yaşamak, bey gibi yaşamak",,
paşa olmak,fazlaca içki içmiş olmak,,
patavatsızlık etmek,patavatsız bir biçimde davranmak,,
pata çakmak,askerce selam vermek,,
pata gelmek,"kâğıt oyunlarında berabere kalmak | ödeşmek, başa baş gelmek",,
pata olmak,berabere kalmak,,
patentinin altına almak,egemenliği altına almak,,
patırtıya pabuç bırakmamak,"önemli bir tehlike yaratmayacağını bildiği kışkırtmalara, yıldırmalara aldırmayıp bildiğini yapmak",,
patırtıya vermek,gürültüye vermek,,
patırtı çıkarmak,"kavgaya sebep olmak, kavga çıkarmak",,
patırtı kopmak,"kavga çıkmak, kargaşalık olmak",,
patinaj yapmak,"tekerlek, tutunma eksikliği sebebiyle ilerlemeksizin aynı noktada dönmek | herhangi bir işte ilerleme kaydedememek, aynı noktada sayıp durmak",,
patlak vermek,"gizli kalması istenen veya beklenmedik bir olay, ansızın ortaya çıkmak",,
patoz etmek,patozlamak,,
patoz yapmak,patozlamak,,
patron çıkarmak,patronları çizili olduğu modelden kopya yolu ile bir kâğıda geçirip kesmek,,
payandaları çözmek,"ayrılmak, kaçmak, uzaklaşmak",,
payandalık etmek,destek görevinde bulunmak,,
payanda olmak,"destek olmak, arka çıkmak",,
payanda vurmak,payandalamak,,
payansız olmak,"sonsuz, bitmez tükenmez olmak",,
paydos borusu çalmak,işi bırakma zamanının geldiğini boru sesi ile bildirmek,,
paydos demek,yapılmakta olan bir işi bırakmak,,
paydos etmek,"işi durdurmak, çalışmayı bırakmak",,
paye vermek,"değer, önem vermek",,
payına düşmek,"bölüşmede hisse ayrılmak, belirli bir bölüm verilmek",,
payını almak,"kendine ayrılanı almak | azarlanmak, paylanmak",,
pay bırakmak,"kesme, biçme, onarma sırasında, bir şeyde daha sonra kullanılmak için fazlalık bırakmak | bir ilişkide fazla samimi olmamak, mesafe bırakmak",,
pay biçmek,durumu bir kişi veya bir şeyin durumu ile karşılaştırıp yargıya varmak,,
pay çıkarmak,"bir olay veya durumdan gereken deneyimi kazanmak, tutulacak yolu belirlemek",,
pay etmek,"bölüşmek, üleşmek",,
pay vermek,"hisse vermek, bölüşmede bulunan parçalardan ayırmak | küçük büyüğe karşılık vermek, saygısızca davranmak",,
pazara çıkarmak,satılığa çıkarmak,,
pazarlığa girişmek,pazarlık yapmaya başlamak,,
pazarlığı pişirmek,pazarlıkta uyuşma sağlayacak duruma gelmek,,
pazarlık etmek,bir şeyin fiyatı üzerinde karşılıklı çekişmek | görüşmek için belli şartlar ileri sürmek,,
pazar yerine dönmek,kalabalıklaşmak,,
pehpeh çekmek,"“pehpeh” diyerek beğeni, şaşırma veya yergi ifade etmek | meydan okumak",,
peklik çekmek,sürekli olarak güçlükle büyük abdest bozmak,,
pekmez kaynatmak,pekmez yapmak,,
pek söylemek,kırıcı ve sert konuşmak,,
pembelik basmak,utanç vb. duyguların etkisiyle yüzü pembeleşmek,,
pencere açmak,görüş açısı kazandırmak,,
pençesine düşmek,yakalanmak,,
pençe atmak,"yırtıcı hayvan ön ayaklarıyla saldırmak, vurmak | gücüne güvenerek bir şeyi elde etmeye çalışmak",,
pençe pençeye gelmek,"kıyasıya, öldürürcesine dövüşmek",,
pençe vurmak,pençelemek | ayakkabıya pençe çekmek,,
perdah çekmek,sakalı bir daha ve kıl çıkışının ters yönünde olmak üzere tıraş etmek,,
perdelerini açmak,tiyatro yeni mevsimde temsillerine başlamak,,
perdelerini kapamak,tiyatro tamamen kapanmak,,
perde çekmek,"bir şeyin önüne perde germek | gizlemek, örtmek",,
perde inmek,"gözde katarakt olmak | gizlemek, örtmek | bir tiyatro oyunu bitmek",,
perde kurmak,Karagöz oyununa başlamak,,
perende atmak,havada çark gibi dönerek takla atmak,,
peresesine getirmek,"tam sırasını, uygun zamanını bulmak, biçimine getirmek",,
pereseye almak,"bir işi düşünmek, göz önüne almak",,
perestiş etmek,"tapınmak | delicesine, taparcasına sevmek",,
pergelleri açmak,uzun adımlarla ve hızlı hızlı  yürümek,,
perhize çekmek,perhizi titizlikle uygulamak,,
perileri bağdaşmak,"uyuşup anlaşmak, yıldızları barışmak",,
perisi hoşlanmamak,"yakınlık duymamak, ısınamamak",,
perişanlık vermek,"perişan duruma getirmek, perişan etmek",,
perişan etmek,"dağıtmak, düzenini bozmak | acınacak duruma getirmek",,
perişan olmak,"dağılmak, düzeni bozulmak | acınacak duruma gelmek",,
perte çıkmak,taşıt hurdaya çıkmak,,
pert olmak,taşıt hurdaya çıkmak,,
pervane kesilmek,"saygı duyduğu bir kişiye hizmet edebilmek için devamlı etrafında olmak, didinip durmak | her isteği yapmak için çevrede dört dönmek | dönüp durmak",,
pervane olmak,birinin yanında onun hizmetine hazır olduğunu gerekli gereksiz göstermek,,
pervaz etmek,uçmak,,
pervaz etmek,uçmak,,
pestile çevirmek,çok yormak,,
pestilini çıkarmak,çok yormak | çok dövmek,,
pestili çıkmak,çok yorulmak,,
pes demek,"karşısındakinin kendisinden daha üstün olduğunu kabul etmek, boyun eğmek",,
pes etmek,"yenilgiyi kabul etmek, pes demek | yenileceğini anlayıp sırtının yere gelmesini istemeyen pehlivan, yenildiğini kabul anlamına ya ""pes ediyorum"" demek veya hasmının kispetine eliyle vurarak işaret vermek | birinin aşırı kurnazlığı karşısında ancak bu kadar olur inancına varmak",,
pes perdeden konuşmak,"alçak ve kalın sesle konuşmak | alttan alarak, yumuşak bir dil kullanarak konuşmak",,
peşinden sürüklemek,birinin veya birçoklarının arkasından gelmesini sağlamak,,
peşinden yürümek,"birinin arkasından yürümek, gitmek | bir kimseye her konuda uymak",,
peşinde olmak,birini veya bir şeyi çok istemek,,
peşinde (veya peşinden) gitmek,bir kimseyi izlemek | düşünce ve görüşlerini benimsemek,,
peşinde (veya peşinden) koşmak,elde etmek için uğraşmak,,
peşine takılmak,ardından gitmek,,
peşine takmak,yanında götürmek,,
peşini bırakmamak,bir kimseyi veya şeyi izlemekten vazgeçmemek,,
peşkeş çekmek,başkasının malını birine armağan etmek | verilmemesi gereken bir şeyi uygunsuz bir amaçla veya yersiz olarak birine vermek,,
peştamal kuşanmak,peştamal giyinmek | bir zanaatta ustalık kazanmak,,
peydah olmak,peyda olmak,,
peyda etmek,"çıkarmak, oluşturmak, ortaya çıkarmak, edinmek",,
peyda olmak,"çıkmak, ortaya çıkmak, oluşmak",,
pey sürmek,artırma ile satılan bir şey için önce bir miktar para vermek veya önermek | rekabet etmek,,
pılı pırtı (veya pılıyı pırtıyı) toplamak,götürmek üzere bütün eşyalarını toplamak,,
pıllım pıllım olmak,köhneleşmek,,
pırıl pırıl olmak,tertemiz olmak,,
pır pır etmek,ışık yanıp sönmek | heyecanlanmak,,
pışt demek,rahatsız edici bir söz söylemek,,
pıtırtı etmek,çok hafif gürültü çıkmasına yol açmak,,
pıt pıt atmak,"korku, heyecan vb. bir sebeple kalbi fazla çarpmak",,
piç etmek,"yapayım derken bozmak, çıkmaza sokmak | tadını kaçırmak, tatsız bir durum yaratmak | boş geçirmek, boşa harcamak",,
piç olmak,tadı bozulmak | boşa gitmek,,
pike yapmak,"uçak dik biçimde inmek | bilardoda, masaya dikey durumda tutulmuş isteka ile topa vurmak | suya dalmak",,
piknik yapmak,açık bir alana giderek yemek yemek ve eğlenmek,,
pikoya vermek,"piko yapılması için bazı örtü, çarşaf, çamaşır vb.ni pikocuya götürmek",,
pik yapmak,değer bakımından yükselmek,,
pili bitmek,aşırı yaşlanmak | gücü kuvveti kesilmek,,
pimini çekmek,başkasına zarar verecek kötü bir olayı başlatmak,,
pimpiriklik etmek,pimpirikçe davranmak,,
pinpon topu gibi oynamak,"bir kimseyi istediği gibi kullanmak, ona her istediğini yaptırmak",,
pireye kızıp yorgan yakmak,önemsiz bir durum karşısında kızarak kendisine daha büyük zarar verecek davranışta bulunmak,,
pireyi deve yapmak,önemsiz bir olayı büyütmek,,
pireyi gözünden vurmak,keskin nişancı olmak,,
pire için yorgan yakmak,pireye kızıp yorgan yakmak,,
pirüpak etmek,"kirlerden arıtıp temizlemek | tamamen kurtarmak, rahatlatmak, huzura kavuşturmak",,
pirüpak olmak,"kirlerden arınıp tertemiz olmak | tamamen kurtulmak, rahatlamak, huzura kavuşmak",,
pislik götürmek,bir yer çok pis olmak,,
pislik parmağından (veya paçalarından) akmak,çok kirli olmak,,
pis pis bakmak,karşısındakini rahatsız edici ve sinirli bir biçimde bakmak,,
pis pis düşünmek,derin ve üzüntülü düşünceye dalmak,,
pişirip kotarmak,"bir işi sonuçlandırmak, tamamlamak",,
pişkinliğe vurmak,kötü bir davranışa veya söze aldırmamak,,
pişman etmek,pişman olmasını sağlamak,,
pişman olmak,yaptığı bir işin yanlış veya uygunsuz sonuç verdiğini anlayarak üzülmek,,
pişmiş armut gibi eline düşmek,olmuş armut gibi eline düşmek,,
pişmiş aşa (soğuk) su katmak,yoluna girmiş olan bir işi bozmak,,
pişmiş kelle gibi sırıtmak,dişlerini göstererek yersiz ve aptalca gülmek,,
pişmiş tavuğun başına gelmemek,"her türlü zarara, kötülüğe, felakete uğramak, çok sıkıntı çekmek",,
pişti olmak,bir ortamda birbirinden habersiz olarak aynı giyim kuşam içinde karşılaşmak | istenmeyen birisiyle aynı ortamda karşılaşmak,,
piyango çekmek,talih oyunu için hazırlanmış kâğıtlardan birini bulunduğu yerden almak,,
piyasaya almamak,"önem vermemek, değersiz görmek",,
piyasaya çıkmak,bir ürün satışa sunulmak | fuhuş yapmak üzere müşteri aramak,,
piyasaya düşmek,çok bulunur olmak | kadın para karşılığında cinsel ilişki kurmaya başlamak,,
piyasa etmek,dolaşmak,,
piyastos etmek,"birini yakalamak, tutuklamak, ele geçirmek, enselemek",,
piyastos olmak,"biri yakalanmak, tutuklanmak, ele geçmek enselenmek",,
plaket almak,"bir hizmetine, bir başarısına karşılık olarak veya teşekkür amaçlı bir kurumdan onurluk almak",,
plaket vermek,"bir kimseye veya kuruma bir hizmetine, bir başarısına karşılık olarak veya teşekkür amaçlı onurluk takdim etmek",,
plak bozulmak,"can sıkmak, bıkkınlık verecek biçimde konuşmak, dırdır etmek",,
plak doldurmak,plağa ses kaydetmek,,
plak yapmak,plak doldurmak,,
plan kurmak,"bir amacı gerçekleştirecek şeyleri düşünmek, tasarlamak | bir düzen hazırlamak",,
plase etmek,topa kavisli gidecek biçimde vurmak,,
pleybek yapmak,pleybek işini gerçekleştirmek,,
plonjon yapmak,kaleci rakipten gelen şutu uçarak gösterişli bir biçimde yakalamak [spor] | bir şeyin üstüne arsızca dalmak,,
podyuma çıkmak,manken giysiyi sergilemek için yüksekçe yere çıkmak | halter vb. spor dallarında yarışmak için birkaç basamaklı yüksekçe yere çıkmak | genellikle atletizm dalında derece alan atlet madalya kürsüsüne çıkmak,,
pofur pofur poflamak,sürekli biçimde pof sesi çıkarmak,,
poker çevirmek,poker oynamak,,
polemiğe kaçmak,konudan uzaklaşıp dalaşmak,,
poliçe çekmek,bir müşteriye ödeme yapması için bildiride bulunmak,,
politika gütmek,politika izlemek,,
politika yapmak,bir işi çözümlemek için politika yolunu kullanmak,,
politik davranmak,"belli bir amaca ulaşmak için uzlaşmaya, iyi geçinmeye önem vererek hareket etmek",,
polyannacılık oynamak,olumsuz durumlara karşı aşırı düzeyde iyimserlik göstermek,,
popülarite kazanmak,"halk tarafından sevilmek, ünlü olmak, tutulmak",,
popüler olmak,ünlü olmak,,
posasını çıkarmak,bir kişi veya şeyi sonuna kadar sömürmek | birini çok dövmek,,
posası çıkmak,"çok yorulmak, bitkin ve işe yaramaz duruma gelmek | iyice yıpranmak, işe yaramaz duruma gelmek | modası geçmek",,
postayı kesmek,ilgiyi kesmek | bir şeyi yapmaktan vazgeçmek,,
posta etmek,"görevliler, birini resmî bir daireye götürmek | birini, gönlü olmasa da bir kimseye teslim edip bir yere göndermek",,
posta yapmak,"bir yere gidip gelmek, sefer yapmak",,
postuna oturmak,bir başkasının makamına geçmek,,
postuna saman doldurmak,öldürmek,,
postundan olmak,bulunduğu makamı yitirmek,,
postunu çıkarmak,derisini yüzmek,,
postunu sermek,öldüresiye dövmek,,
postu deldirmek,kurşunla vurulmak | ölmek,,
postu kurtarmak,öldürülme tehlikesini atlatmak,,
postu sermek,gittiği yerde uzun süre kalmak,,
post elden gitmek,öldürülmek | bulunduğu yüksek makamdan ayrılmak zorunda kalmak,,
post vermek,"canını vermek, ölmek",,
pot gelmek,"sonu iyi olmamak, ters gelmek",,
pot kırmak,"yersiz ve karşısındakine dokunacak söz söylemek, gaf yapmak",,
pot olmak,buruşmak,,
pot yapmak,dikişte kabarıklık veya büzülme olmak,,
poz vermek,resim yaptırmak veya fotoğraf çektirmek için durum almak,,
pöstekisini çıkarmak,"öldürmek, yok etmek",,
pöstekisini sermek,"döverek kımıldamayacak duruma getirmek, pestilini çıkarmak",,
pöstekiyi kurtarmak,hoş olmayan bir durumdan kurtulmak,,
pöstekiyi sermek,"gittiği yerde uzun süre kalmak, postu sermek",,
pösteki saydırmak,içinden çıkılmaz bir iş yükleyip uğraştırmak,,
pösteki saymak,içinden çıkılmaz bir iş yüklenip uğraşmak,,
prangaya vurmak,"ayağına pranga bağlamak, zincire vurmak",,
pratik yapmak,uygulama yapmak,,
pres yapmak,baskı yapmak [spor],,
prim yapmak,"çok aranır olmak, çok değer verilmek, geçerli olmak | değer kazanmak",,
print etmek,343 çıktı almak,,
problem çıkarmak,sorun çıkarmak,,
problem etmek,dert etmek,,
problem olmak,dert olmak,,
projeksiyon tutmak,"bir konuyu aydınlatmak, açıklığa kavuşturmak",,
projektör ışığında olmak,"göz önünde bulunmak, ortada olmak",,
proje yapmak,proje hazırlamak | tasarlamak,,
promosyon yapmak,bir malı geniş kitlelere tanıtmak ve o malın sürümünü sağlamak amacıyla çalışmak,,
propaganda yapmak,propaganda amaçlı çalışmada bulunmak,,
protesto çekmek,protesto yollamak,,
protesto edilmek,"bir davranış veya fikre itiraz edilmek, bir davranış veya fikir reddedilmek | protesto yollanmak",,
protesto etmek,"bir davranış veya fikre itiraz etmek, bir davranış veya fikri reddetmek | protesto yollamak",,
prova etmek,bir giysiye son biçimini vermeden önce giysiyi giyecek kişinin üzerinde düzeltmek | oyunu sahnelemek için önceden tekrarlamak,,
prova yapmak,gözden geçirmek | denemek | oyunu sahnelemek için önceden denemek,,
puan hesabıyla yenmek,rakibinin aldığından daha çok puan alarak oyunu kazanmış sayılmak [spor],,
puan kazandırmak,itibar kazandırmak,,
puan toplamak,puan kazanmak [spor] | saygınlık sağlamak,,
puan tutturmak,gereken sayıda puan kazanmak | sınavlarda istenen yere girebilmek için gerekli puanı elde etmek,,
puan vermek,"değer biçmek, not vermek | bir hareketinden dolayı bir kimseye iyi veya kötü not vermek, hareketini değerlendirmek",,
pula dönmek,değersizleşmek,,
pul pul dökülmek,küçük ve ince tabakalar hâlinde dökülmek,,
pul pul olmak,küçük ve ince tabakalar hâlinde olmak,,
pul tutmak,para kazanmaya başlamak,,
punduna getirmek,bir şeyi yapmak için uygun zamanı ve yeri seçmek,,
pundunu bulmak,punduna getirmek,,
pupa gitmek,yelken arkadan esen rüzgârla şişmiş olarak tam yolla gitmek,,
pusudan çıkmak,kurulan pusudan kurtulmak | kuracağı pusudan vazgeçmek,,
pusuda beklemek,gizlenerek saldırıya hazır durumda olmak,,
pusulayı şaşırmak,güç bir duruma düşerek ne yapacağını bilememek | doğru tutum ve davranıştan ayrılmak,,
pusuya düşmek,pusu kuran kimsenin saldırı alanı içine girmek,,
pusuya yatmak,pusuda beklemek,,
pusu kurmak,saldıracağı kimseye görünmemek için bir yerde gizlenip beklemek,,
puşt olmak,"birinin ilencine uğrayıp kötüleşmek, mahvolmak | bir işin uzmanı olmak",,
put kesilmek,sessiz ve hareketsiz bir durum almak,,
pürdikkat kesilmek,çok dikkat etmek,,
pürüz çıkarmak,engel çıkarmak,,
raci olmak,"dokunmak, dayanmak, ilgilendirmek",,
racon kesmek,görünüşe göre hüküm vermek | gösteriş yapmak,,
rahata ermek,rahatlamak,,
rahata kavuşmak,rahatlamak,,
rahatına bakmak,hiçbir şeye aldırış etmeyerek rahatını sağlamaya çalışmak,,
rahatı kaçmak,"rahatsız, tedirgin olmak, üzülmek",,
rahatsızlık duymak,"tedirgin olmak, huzurunun ve rahatının kaçtığını hissetmek",,
rahatsızlık vermek,"rahatını bozmak, rahatını, keyfini kaçırmak",,
rahatsız etmek,"rahatını bozmak, rahatını, keyfini kaçırmak | kısa süreli meşgul etmek",,
rahatsız olmak,"rahatı bozulmak, keyfi kaçmak, sağlığı bozulmak",,
rahat batmak,iyi bir durumdayken bu durumu olmayacak sebepler yüzünden bırakanlar için sitem yollu söylenen bir söz,,
rahat bırakmak,işine karışmamak,,
rahat durmak,yaramazlık etmemek veya kımıldamamak,,
rahat etmek,"sıkıntısız durumda olmak, ferahlanmak, dinlenmek",,
rahat kıçına batmak,bulunduğu rahat durumun değerini bilmemek,,
rahat olmak,"üzüntülü, sıkıntılı veya tedirgin durumda olmamak",,
rahat yüzü görmemek,hiç rahat etmemek,,
rahleitedrisinden geçmek,birinden eğitim almak,,
rahmetlik olmak,ölmek,,
rahmetli olmak,ölmek,,
rahmet okumak,Tanrı'nın merhamet ve bağışlaması için dua etmek,,
rahmet okutmak,"biri, kötü bir kimseden daha kötü çıkmak",,
rakit bulmak,sakinleşmek,,
raks etmek,"oynamak, dans etmek",,
rampa etmek,"taşıt bir yere, bir şeye veya bir başka taşıta yanaşmak | birinin içki masasına çağrılmadığı hâlde oturmak",,
ramp ışığına çıkarmak,bir oyunu sahnelemek,,
ram etmek,"boyun eğdirmek, itaat ettirmek",,
ram olmak,"boyun eğmek, itaat etmek",,
randevusu olmak,"belli bir saatte, belli bir yerde buluşmak için biriyle sözleşmiş olmak",,
randevu almak,"bir kimseden belli bir saat ve yerde buluşmak için söz almak, gün almak",,
randevu vermek,"belli bir saatte, belli bir yerde biriyle buluşmak için söz vermek",,
rapor almak,hasta olup olmadığını belirlemek amacıyla herhangi bir sağlık kuruluşundan belge almak | sorumluluğu altındakilerden herhangi bir konuda bilgi almak,,
rapor etmek,rapor vermek | söylenenleri aktarmak,,
rapor vermek,"herhangi bir konuda yapılan inceleme, araştırma sonucu düşünce veya gözlemleri bildirmek",,
raspa etmek,raspalamak,,
rastık çekmek,rastık sürmek,,
rast gelmek,"düşünmediği, ummadığı hâlde karşılaşmak, rastlamak, tesadüf etmek | düşünmediği veya düşülmediği hâlde payına düşmek | atılan şey hedefi bulmak | tesadüf etmek, denk gelmek",,
rast getirmek,"rast gelmesini sağlamak | kollamak, seçmek | aranmakta olan bir şeyi veya kimseyi umulmadık bir yer ve zamanda bulmak | Tanrı, uygun getirmek, başarılı kılmak",,
rast gitmek,"uygun düşmek, istenilen biçimde gelişmek",,
raydan (veya rayından) çıkmak,"düzeni bozulmak, altüst olmak",,
rayına girmek,"bir iş, bir girişim düzene sokulmak, iyi bir duruma getirilmek",,
rayına oturtmak,"bir işi yoluna, yöntemine koymak, düzgün işler duruma getirmek",,
razılık vermek,razı olmak,,
razı etmek,kabul ettirmek,,
reaksiyon göstermek,tepkimek,,
realist olmak,gerçekçi olmak,,
reçete yaptırmak,reçetede yazılı olan ilaçları hazırlatmak veya satın almak,,
refakat etmek,"beraberinde gitmek, arkadaşlık etmek, eşlik etmek | eşlik etmek [müzik]",,
rehberlik etmek,"yol göstermek, kılavuzluk etmek",,
rehin almak,"bir anlaşma, sözleşme veya isteğin yerine getirilmesini sağlamak için bir kimseyi alıkoymak | birini aşırı derecede meşgul etmek, oyalamak",,
rehin etmek,rehin olarak vermek,,
rehin vermek,borçlu daha sonradan almak üzere değerli bir şeyini alacaklıya vermek,,
rejim yapmak,sağlığı korumak veya zayıflamak amacıyla belirli yiyecekleri yemek,,
rejisörlük etmek,tiyatro ve sinema sanatında yönetmenlik yapmak,,
rekabet etmek,yarışmak,,
reklam etmek,"herhangi bir kimseyi veya olayı, durumu açığa vurmak, ilan etmek, afişe etmek, ifşa etmek",,
reklam yapmak,"her türlü aracı kullanarak bir şeyi halka tanıtmak, ünlenmesini sağlamak",,
rekor kırmak,"eski rekoru aşıp yeni, üstün bir sonuç elde etmek",,
rencide etmek,"incitmek, kalbini kırmak",,
rencide olmak,"incinmek, kalbi kırılmak",,
rengini almak,soldurmak,,
rengini belli etmek,"yandaşlığını açıklamak, düşüncesini, eğilimini açığa vurmak",,
rengi solmak,"yüz, hastalık sebebiyle beyazlaşmak | rengi atmak",,
renkten renge girmek,"korkudan veya utançtan yüzünün rengi değişmek, sıkılmak",,
renk almak,yeni bir renk kazanmak,,
renk gelmek,"renklenmek, canlanmak",,
renk katmak,"çeşitlilik kazandırmak, farklılık yaratmak",,
renk vermek,"çamaşır rengi solmak | neşe, canlılık veya değişiklik kazandırmak | açık etmek",,
renk vermemek,"duygularını, düşüncelerini veya başka bir durumunu belli etmemek, bir şeyi bildiği hâlde bilmez gibi görünmek",,
replik almak,oyuncu karşısındakinden kendi yapacağı espriye hazırlık mahiyetinde bir söz veya cümle almak,,
resepsiyon vermek,resmî makam sahipleri tarafından konukları ağırlamak için özel günlerde tören düzenlemek,,
resim almak,bir şeyin resmini yapmak | resim çekmek | vergi ödetmek,,
resital vermek,bir sanatçı tek bir çalgı ile konser vermek [müzik] | oyuncu tek başına başarılı etkinlik göstermek [spor],,
resmiyete dökmek,"bir iş veya durumu resmî bir yola sokmak, resmî bir nitelik vermek",,
resti görmek,ileri sürülen paranın miktarını kabul edip aynı miktarda parayı ortaya koymak,,
rest çekmek,oyuncu önündeki paranın tümünü ortaya koymak | herhangi bir konuda sert ve kesin olarak son sözü söylemek,,
reşit olmak,erginleşmek,,
revaçta olmak,"değerli, üstün veya geçerli olmak",,
revaç bulmak,geçerli ve değerli sayılmak,,
reva görmek,"bir davranışı, bir olayı bir kimse için uygun görmek",,
reverans yapmak,selam veya teşekkür için eğilmek veya dizleri kırmak,,
revnak vermek,"hoşluk, güzellik, renklilik katmak",,
revolverini çekmek,revolveri belinden çıkararak ateş etmeye hazır duruma getirmek,,
reyini almak,seçimlerde bir kimsenin oyunu kazanmak | bir kimsenin fikrine başvurup görüş ve düşüncelerini öğrenmek,,
rey vermek,seçimde oy kullanmak,,
rezalet çıkarmak,rezalet sayılacak bir durumun ortaya çıkmasına yol açmak,,
rezili çıkmak,"çok eskimek, bozulmak, parçalanmak",,
rezil etmek,isteyerek veya istemeyerek birini çok utanacak güç bir duruma sokmak,,
rezil olmak,çok utanılacak bir duruma gelmek,,
rezil rüsva olmak,toplum içinde utanılacak bir duruma düşmek,,
rızasını almak,"onayını almak, müsaadesini almak",,
rızası olmak,"izni olmak, müsaadesi olmak",,
rıza göstermek,"razı olmak, onamak, uygun bulmak",,
rızkını çıkarmak,günlük yiyecek parasını çıkarmak,,
rızkını taştan çıkarmak,ekmeğini taştan çıkarmak,,
rızkı kesilmek,bir nimetten istifade edemez duruma gelmek,,
riayetkâr olmak,"uymak, saygı göstermek, riayet etmek",,
riayet etmek,uymak,,
ricada bulunmak,rica etmek,,
ricat etmek,"gerilemek, geri çekilmek | geri dönmek",,
rica etmek,dilemek,,
rikkatine dokunmak,hüzünlendirmek,,
rikkat vermek,"duygulandırmak, etkilemek",,
riyaset etmek,başkanlık etmek,,
rolüne çıkmak,oyunda belli bir kişiliği sahnede oynamak,,
rolü olmak,"piyes, film vb.de rolü bulunmak | etkisi bulunmak",,
rol almak,"bir oyunda görev almak | biri, bir işte etkili olmak",,
rol çalmak,oyun sırasında söz başka bir oyuncuda iken seyircinin ilgisini kendi üzerine çekmek | birinin söyleyeceği sözü ondan önce söylemek,,
rol dağıtmak,"piyes, film vb.de hangi rolü kimin oynayacağını belirleyip bildirmek",,
rol kapmak,bir oyunda veya filmde yeteneğini göstererek rol almayı başarmak | bir işte veya görevde öne çıkmaya ve kendisini göstermeye çalışmak,,
rol kesmek,"bir rolü gerektiğinden çok abartarak yapay bir konuşma biçimiyle ve aşırı hareketlerle oynamak | yalan, uydurma söz söylemek veya içten olmayan davranışlarda bulunmak",,
rol oynamak,oyunda rol almak | birinin bir işte önemli etkisi olmak | davranışlarda içtenlik olmamak,,
rol yapmak,davranışlarda içtenlik bulunmamak,,
romanı yazılmak,romanlaşmak,,
romatizması tutmak,romatizma ağrıları başlamak,,
rota çizmek,izleyeceği yolu belirlemek,,
rota değiştirmek,"gidilen yolu değiştirmek | tutumunu değiştirmek, izlediği yoldan ayrılmak",,
rota kırmak,rota çizgisinden ayrılmak,,
röfle yapmak,"saç renginin beş altı ton açığını kullanarak saça istenilen kalınlık ve sıklıkta, parça parça renk uygulaması yapmak",,
rölantide götürmek,herhangi bir işi mecburen yavaş biçimde sürdürmek,,
rölantiye almak,"motorlu taşıtlarda motoru boşa almak, boşta çalıştırmak | herhangi bir işi yavaşlatmak",,
röntgene yatmak,uygun bir yer bularak karşı cinsi gizlice gözlemek,,
röntgen çekmek,herhangi bir organın durumunu tespit etmek için film çekmek | bir olayın bütün geçmişini ve durumunu belirlemek,,
röportaj vermek,"gazete, dergi, radyo veya televizyonda yayımlanmak üzere belli bir konuda fikrini söylemek veya sorulan sorulara cevap vermek",,
röportaj yapmak,"gazete, dergi, radyo veya televizyonda yayımlanmak üzere bir konuda bir kimseye sorular sorarak bilgi almak ve fikrini öğrenmek",,
rövanşı almak,ikinci karşılaşmayı kazanmak | kendine yapılan haksızlığın karşılığını vermek,,
Rufailere karışmak,"psikolojik bunalıma düşüp günlük yaşamın gerçeklerinden uzaklaşmak, yaşamdan kopmak",,
ruhuna işlemek,"varlığının derinliklerinde yer etmek, benliğinin parçası durumuna gelmek",,
ruhunda güneş açmak,"rahatlamak, huzura ermek | sevinmek, neşelenmek, coşmak",,
ruhunu doldurmak,"duygularına hitap etmek, ilgisini çekmek",,
ruhunu okumak,"ne düşündüğünü, ne hissettiğini bilmek, anlamak",,
ruhunu şad etmek,ölmüş bir kimseyi hayırla anmak,,
ruhunu teslim etmek,ölmek,,
ruhu ızdırap içinde çalkanmak,çok ıztırap çekmek,,
ruhu karartmak,"sıkıntıya sokmak, bunaltmak",,
ruhu (bile) duymamak,"haberi olmamak, anlamamak",,
ruhu (veya ruhunu) okşamak,duygulara hoş gelecek biçimde konuşmak veya davranmak | hoşa gitmek,,
ruh bulmak,canlılık kazanmak,,
ruh çağırmak,geçmişten veya gelecekten haber almak amacıyla ölmüş bir kimsenin ruhu olduğuna inanılan bir varlıkla iletişim kurmak,,
ruh gibi dolaşmak,hiçbir şeyin farkında olmadan yaşamak,,
rutin dışına çıkmak,bir şeyi her zamankinden farklı yapmak | alışılmış olandan farklı davranmak,,
ruzname tutmak,günlük olayları bir deftere yazıp toplamak,,
rücu etmek,geri dönmek,,
rüşdünü ispat etmek,kanunlara göre ergin sayılacak yaşa gelmiş olmak | herhangi bir konuda yeterli seviyeye geldiğini göstermek,,
rüşvet almak,rüşvet olarak verilen parayı veya malı kabul etmek,,
rüşvet vermek,bir görevliye bir işi yaptırmak için para veya mal vermek,,
rüşvet yemek,bir işi yapmak için birinden rüşvet almak,,
rüyasına (veya rüyalarına) girmek,"rüyasında görmek | bir şeyden çok etkilenmek, çok korkmak",,
rüyasında bile görememek,"olacağını, gerçekleşeceğini düşünememek",,
rüyasında görse hayra yormamak,"hatır ve hayalinden geçirmemek, olacağına inanmamak",,
rüyası çıkmak,görülen rüya gerçekleşmek,,
rüya görmek,uykusunda hayaller dizisi görmek | gerçekleşmesi mümkün olmayan hayaller kurmak,,
rüzgârdan nem kapmak,"en küçük bir şeyden alınmak, çok alıngan olmak",,
rüzgâr almak,yel esen bir yerde bulunmak,,
rüzgâr ekip fırtına biçmek,yaptığı bir kötülüğün çok daha kötüsü ile karşılaşmak,,
rüzgâr gelecek delikleri tıkamak,istenmeyen bir durum veya gelişmeye karşı her türlü önlemi almak,,
rüzgâr tutmamak,rüzgâr etkilememek,,
saati çalmak,bir şeyin vakti gelmek,,
saati saatine uymamak,"durumu, huyu sık sık değişmek",,
saat gibi işlemek,"aksamadan, ara vermeden çalışmak",,
saat on bir buçuğu çalmak,yaşı çok ilerlemiş olmak,,
saat tutmak,saate bakarak bir işin ne kadar sürdüğünü hesaplamak,,
sabaha çıkmamak,"sabaha kadar yaşayamamak, sabahtan önce ölmek",,
sabahı sabah etmek,sabahın olmasını uyumadan sabırsızlıkla beklemek,,
sabahı zor etmek,bir türlü sabah olmamak,,
sabah olmak,güneş doğup ortalık aydınlanmak,,
sabah olmak bilmemek,sıkıntılı geçen gece hiç bitmeyecekmiş gibi uzamak,,
saban sürmek,"toprağı sabanla kazıp altüst etmek | güreşte, hasmı ayaklarından tutup yüzükoyun yerde sürümek [spor]",,
sabit olmak,"bir şeyin varlığı, gerçekliği kesin olarak belli olmak | durağan durumda bulunmak",,
sabotaj yapmak,"yıkmak, tahrip etmek, kullanılır durumdan çıkarmak | bir işi kısıtlı olarak bozmak, baltalamak",,
sabote etmek,baltalamak,,
sabunköpüğü gibi sönmek,gösterişli olmakla birlikte en hafif bir etki ile yok olmak,,
saçak öpmek,"sarayda bayramlaşma törenine katılan büyükler, padişahın tahtından sarkıtılmış halı saçaklarını öpmek [tarih]",,
saçılıp dökülmek,gereğinden veya kaldırabileceğinden çok harcamak | içindekini söylemek,,
saçına ak (veya kır) düşmek,"saçı ağarmaya başlamak, yaşlanmak",,
saçına kar yağmak,saçı aklaşmaya başlamak,,
saçını başını yolmak,"çok üzülmek, üzüntüsünden dövünmek",,
saçını süpürge etmek,kadın özveri ile çalışıp hizmet etmek,,
saçıp savurmak,"parasını düşüncesizce, boşuna harcamak",,
saçı başı ağarmak,yaşlanmak,,
saçı başı birbirine karışmak,bakımsız olmak,,
saçı topuklarını dövmek,saçı çok uzun olmak,,
saçı (veya saçları) değirmende ağartmamak,deneyimli olmak,,
saçları iki türlü olmak,yaşı ilerlemiş bulunmak,,
saç ağartmak,saç sakal ağartmak,,
saç sakal ağartmak,"bir işte uzun zaman çalışmış, emek vermiş olmak",,
saç sakal birbirine karışmak,"saçı sakalı uzamak, bakımsız görünmek",,
sadakatsizlik göstermek,"sadakatsiz olduğunu ortaya koymak, açıklamak",,
sadakat göstermek,bağlı kalmak,,
sadede gelmek,konuyla ilgisiz sözleri bırakarak asıl konuya dönmek,,
sadık kalmak,"birine, bir şeye bağlılığını sürdürmek, bağlı kalmak",,
sadra şifa vermek,"gönlü, yüreği rahatlatmak, ferahlatmak",,
saflara ayırmak,belli kümeler içinde toplamak,,
safrası kabarmak,açlıktan midesi bulanmak,,
safra almak,deniz aracına safra yüklemek [denizcilik],,
safra atmak,insana veya araca fazla yük olan malzemeleri atmak | sıkıntı veren bir kimseden veya bir şeyden kurtulmak,,
safra atmak,kusmak,,
safra bastırmak,açlığını yatıştıracak kadar az bir şey yemek,,
safra boşaltmak,"deniz aracına yüklenen safra dışarı atılmak, çıkarılmak [denizcilik]",,
saf bağlamak,"sıralanmak, sıraya girmek",,
saf değiştirmek,başka bir gruba katılmak,,
saf dışı olmak,"dizinin dışına çıkmak | ilgisi kesilmek, işin gereğinden alıkonulmak, işlemez duruma getirilmek",,
saf tutmak,saf bağlamak | belli bir gruba katılmak,,
sagu sağmak,ağıt yakmak,,
sağa kaymak,siyasette ve ekonomide sağ görüşleri benimsemek,,
sağını solunu bilmemek,"düşüncesiz, dikkatsiz olmak",,
sağır olmak,sağırlaşmak,,
sağı solu (belli) olmamak,nasıl davranacağı kestirilmez olmak | olumlu mu olumsuz mu davranacağı bilinmeyen bir kişi olmak,,
sağlama bağlamak,sağlam kazığa bağlamak,,
sağlam durmak,"gücünü, yeteneğini ve cesaretini toplamak | rüşvet, yıldırma gibi durumlara karşı güçlü durabilmek",,
sağlam kazığa bağlamak,"işin sonuçlanmasına engel olacak şeyleri ortadan kaldırmak, işin aksamadan yürümesini sağlayacak önlemleri almak",,
sağlık kontrolünden geçmek,genel sağlık denetimi veya sağlıkla ilgili genel tetkikler yaptırmak,,
sağ eliyle sol kulağını göstermek,kısa yoldan yapılacak bir işi dolambaçlı yollardan geçerek yapmaya çalışmak,,
sağ gösterip sol vurmak,şaşırtmak,,
sağ gözünü sol gözünden sakınmak,çok kıskanç olmak,,
sağ kalmak,"ömrünü devam ettirmek, yaşamasını sürdürmek",,
sağ yapmak,"""direksiyonu sağa doğru çevirmek, sağa yöneltmek"" anlamında kullanılan bir söz",,
sahabetçi çıkmak,"kayırmak, arka çıkmak",,
sahabet etmek,"korumak, kayırmak",,
sahaya çıkmak,takım oyunlarında karşılaşmaya başlamak için sahada yerini almak | alan araştırması yapmak için belirlenen yere gitmek | mücadele etmeye başlamak,,
sahile bindirmek,gemiyi içindeki yükü oluşan tehlikeden kurtarabilmek amacıyla bilerek karaya oturtmak [denizcilik],,
sahile vurmak,"bir nesne dalga veya akıntının etkisiyle kıyıya gelmek, kıyıda bulunmak",,
sahip çıkmak,"kendinin olduğunu ileri sürmek | korumak, koruyucu olmak, ilgilenip gözetmek",,
sahip kılmak,sahip olmasını sağlamak,,
sahip olmak,"mülkiyetinde olmak, elinde bulundurmak",,
sahneye çıkmak,"tiyatro, müzik vb. sanatçılar için sanatını izleyici önünde uygulamak, göstermek | kullanılmak, görünmek, ortaya çıkmak",,
sahneye koymak,"tiyatro eserini veya müzikal bir oyunu, metin, oyun, yorum, dekor, müzik vb. ögeleri birbiriyle uyumlu duruma getirerek sahne için uygulamak, oynamak, sahnelemek [tiyatro]",,
sahne almak,343 sahneye çıkmak,,
sahne olmak,bir yerde bir olay geçmek,,
sahura kalkmak,oruç tutan kimse gün doğmadan yemek yemek için yataktan kalkmak,,
sah çekmek,bir yazının doğru olduğunu bu işaretle belirtmek,,
sakalına ak (veya kır) düşmek,"sakalı ağarmaya başlamak, yaşlanmak",,
sakalına göre tarak vurmak,birinin hoşlanacağı biçimde konuşmak veya davranmak,,
sakalına gülmek,ciddi gibi görünen sözlerle alay etmek,,
sakalına kar yağmak,sakalı aklaşmaya başlamak,,
sakalının altına girmek,yakınlık kurarak ona düşüncesini aşılamak,,
sakalı bitmek,bir iş sürüncemede kalmak,,
sakalı değirmende ağartmamak,yıllar pek çok deneyim kazandırmış olmak,,
sakalı saydırmak,saygınlıktan düşmek,,
sakata gelmek,tuzağa düşmek | iş ters gitmek,,
sakat olmak,sakatlanmak,,
sakınca görmemek,"çekinilecek, dikkatli olunacak bir durum görmemek",,
sakınması olmamak,"korkusu, çekinmesi olmamak | incelik kurallarına, saygıya aldırmadan davranmak",,
sakıt olmak,hükmü kalmamak,,
sakinleştirici almak,sinirleri yatıştıran bir ilaç içmek,,
sakin olmak,"bir yerde yerleşmek, oturmak | sakin duruma gelmek",,
sakit kalmak,söz söylemesi gerekirken susmak,,
sak durmak,"dikkatli, uyanık durumda bulunmak",,
sak yatmak,derin uykuya dalmadan uyumak,,
salah bulmak,"düzelmek, iyileşmek, onmak",,
salavat getirmek,Hz. Muhammed'e saygı bildirmek için dua okumak | tehlikeli bir durumda dua okumak,,
saldırıya uğramak,"saldırı karşısında kalmak, tecavüze uğramak",,
salık vermek,tavsiye etmek | haber vermek,,
salik olmak,bir yola girmek,,
sallantıda bırakmak,"bir şeyi sonuca bağlamamak, savsaklamak",,
sallantıda kalmak,bir çözüme bağlanmamak,,
sallasırt etmek,"sırtına almak, yüklenmek",,
salma salmak,genellikle köylerde işlerin görülmesi için ihtiyar heyetinin kararıyla her evden para toplamak | yardım amacıyla varlıklı kişilerden gücüne göre para istemek,,
saltanat sürmek,hükümdarlık etmek | bolluk içinde yaşamak,,
salta durmak,köpek arka ayakları üzerine kalkmak,,
salto atmak,rakibe salto uygulamak,,
saman altından su yürütmek,"belli etmeden iş çevirmek, ortalığı karıştırmak",,
samimi olmak,"içten, açık yüreklilikle davranmak | içli dışlı olmak",,
sancak göstermek,"gemi, ulusunu belirten sancağını göndere çekmek [denizcilik]",,
sancısı tutmak,birdenbire ve şiddetli bir ağrı gelmek | hamile doğuma hazırlık sancıları başlamak | tedirgin olmak,,
sandığa gitmek,seçim kararı almak | oy kullanmak,,
sandığa gömmek,seçimde ağır yenilgiye uğratmak,,
sandıktan çıkmak,seçimle işbaşına gelmek,,
sandık başına gitmek,sandığa gitmek,,
sandık düzmek,çeyiz hazırlamak,,
sanısına kapılmak,"sanmak, zannetmek",,
sansasyon yaratmak,büyük bir ilgi ve heyecan oluşturmak,,
sansürden geçirmek,"her türlü yayını, sinema ve tiyatro eserini denetlemek",,
sansür etmek,sansürlemek,,
sansür koymak,sansürlemek,,
santim kaçırmamak,çok dikkatli ve hesaplı olmak,,
santra yapmak,santra noktasından oyunu başlatmak,,
sapartayı vermek,"azarlamak, terslemek",,
saparta (veya sapartayı) yemek,"azarlanmak, terslenmek",,
sapır sapır dökülmek,"birbiri ardınca, arka arkaya gitmek | başarısız olmak",,
saplanıp kalmak,takılıp kalmak | bir konuda yoğunlaşıp başka bir şeyle ilgilenmemek | ağrı uzun süre etkisini göstermek,,
sapla samanı karıştırmak,iyi ile kötüyü ayıramamak,,
sap çekmek,biçilmiş ekini tarladan harmana kaldırmak,,
sap derken saman demek,konuşurken ilgisi olmayan konulardan söz etmeye başlamak,,
sap yiyip saman sıçmak,bir olaya kızıp ateş püskürmek | yararsız şeylerle uğraşmak,,
sarakaya almak,"alay etmek, alaya almak",,
saraka etmek,"biriyle alay etmek, eğlenmek",,
sararıp solmak,giderek daha çok solmak | sağlığı bozulmak,,
sardalya gibi istif olmak,bir yerde çok kalabalık ve sıkışık bulunmak,,
sarfınazar etmek,dikkate almamak | vazgeçmek,,
sarf etmek,"tüketmek, harcamak | kullanmak",,
sarhoşluğa vurmak,"kendini sarhoş gibi göstermek, sarhoş olmuşçasına davranmak",,
sarhoş etmek,alkol veya keyif verici maddeyle sarhoş olmasına yol açmak,,
sarhoş olmak,"sarhoş bir duruma gelmek, esrimek",,
sarılıp kundaklanmak,yoğun etki altında kalmak,,
sarıp sarmalamak,sıkıca sarmak,,
sarı kart görmek,oyun kurallarına aykırı hareket eden oyuncu sarı renkte kart cezası almak,,
sarı kart göstermek,hakem oyun kurallarına aykırı hareket eden oyuncuya sarı renkte kart cezası göstermek,,
sarkıntı olmak,"sataşmak, takılmak, musallat olmak",,
sarmaş dolaş olmak,"birbirine sarılıp kucaklaşmak | iç içe girmek, karman çorman olmak",,
sarsıntıya uğramak,"beklenmedik bir olaydan çok etkilenmek, üzülmek",,
sarsıntı geçirmek,"beklenmedik bir olaydan çok etkilenmek, üzülmek",,
sası kokmak,"yiyecek bozulmak, çürümek",,
satılığa çıkarmak,"satmak, satışa çıkarmak",,
satın almak,"Bir nesneyi belirlenen fiyatını ödeyerek kendine mal etmek; almak, iştira etmek, mübayaa etmek",,
satıp savmak,"gereken parayı sağlamak için elindeki malı ucuza satıp tüketmek, yok pahasına elden çıkarmak",,
satır atmak,"herkesi öldürmek, kırıp geçirmek",,
satışa çıkarmak,satmak için ortaya koymak,,
satışa gelmek,uydurma bir sebeple ortada bırakılmak,,
satış yapmak,satmak,,
satıya çıkarmak,satışa çıkarmak,,
savaşım vermek,mücadele etmek,,
savaş vermek,savaşmak,,
savlet etmek,saldırmak,,
savunmasını almak,soruşturma sebebiyle suçlanan birisinin düşüncesine başvurmak,,
savunma yapmak,haklı olduğunu ortaya koymaya çalışmak | oyunda rakip tarafın hücumlarına karşı koymak [spor],,
savuşup gitmek,"ilgi çekmeden gizlice, aceleyle ayrılmak",,
saya gezmek,köy çocukları ramazanda veya özel günlerde çeşitli tekerlemeler söyleyip kapı kapı dolaşarak ufak tefek yiyecek toplamak,,
sayesinde sayeban olmak,istenilen bir şeyi başkasının aracılığıyla elde etmek,,
sayfa bağlamak,dizgide dökülen kurşun satırları bir sayfa düzeni içinde toplayarak sıkıca iple bağlamak,,
saygısızlık etmek,saygısızca davranışta bulunmak veya söz sarf etmek,,
saygı göstermek,"saymak, değer vermek",,
sayha çıkarmak,yüksek sesle haykırmak,,
sayıp dökmek,ne var ne yok hepsini söylemek,,
sebebiyet vermek,"bir şeye, bir olaya sebep olmak, yol açmak",,
sebepsiz kalmak,yoksul bir duruma düşmek,,
sebep olmak,"bir şeyin olmasına veya ortaya çıkmasına yol açmak, neden olmak",,
sebil etmek,"bol bol vermek, dağıtmak",,
secde etmek,"alnı, eli, ayakları, dizleri, ayak parmaklarını yere değdirmek | saygı göstermek",,
seçim yapmak,seçmek,,
seçisine varmak,ayrıntıyı anlamak,,
seçmeli yemek,"Yemek listesinden seçilen, fiyatları ayrı ayrı hesaplanan yemek; alakart",,
seçmesiz yemek,"Lokanta, otel, okul vb. yerlerde belirli bir para karşılığında verilen birkaç kap yemek; tabildot",,
sedyelik olmak,ayakta duramayacak duruma gelmek,,
sefaletin kucağına bırakılmak,"açlık, yokluk vb. çaresiz durumlara itilmek",,
sefalet çekmek,yoksul ve perişan yaşamak,,
sefasına bakmak,rahatına bakmak,,
sefasını sürmek,"bir durumun getirdiği, sağladığı olanaklardan yararlanmak",,
sefa geldine gitmek,"bir kente, bir mahalleye yeni gelen veya geziden dönen birine ziyarete gitmek",,
sefa sürmek,"rahat, kaygısız, sakin ve eğlenceli yaşamak",,
seferberlik ilan etmek,bir ülkenin silahlı kuvvetlerini savaşa hazır duruma getirmek için gerekli duyuruyu yapmak,,
seferber etmek,"bir iş, bir amaç için bütün olanakları kullanmak",,
seferber olmak,"birçok kimse bir iş, bir amaç için bütün olanaklarıyla girişmek",,
sefere kalkmak,yolculuğa başlamak,,
sefer etmek,"gezmek, yolculuk etmek",,
segman atmak,aşınan segmanı değiştirmek,,
sehpaya çekmek,"asarak öldürmek, darağacına çekmek, asmak",,
seksen kapının ipini çekmek,"içinde bulunduğu sorunu çözmek için kapı kapı dolaşmak, birçok yere uğramak",,
sekteye uğramak,"kesilmek, kesintiye uğramak",,
sekteye uğratmak,"kesmek, kesintiye uğratmak",,
sekte vermek,kesintiye uğramak,,
sekte vurmak,"kesilmesine sebep olmak, kesintiye uğratmak",,
selamete çıkmak,"esenliğe kavuşmak, kurtulmak",,
selamı sabahı kesmek,her türlü ilişkisine son vermek,,
selam çakmak,selam vermek,,
selam etmek,uzakta olan birine esenlik dilemek,,
selam söylemek,selamını birine götürmesini söylemek | birinin gönderdiği selamı başkasına iletmek,,
selam vermek,selamlamak | başını sağ ve sol omuzlarına çevirerek namazı bitirmek [din bilimi],,
selam (veya selama) durmak,"bir büyüğe, bir üste veya saygı duyulan bir şeye ayakta selam vermek",,
selam (veya selamı) almak,birinin selamlamasına karşılık vermek | selam gönderilmiş olmak,,
sele gitmek,sele kapılmak | gereksiz yere telef olmak,,
sele kapılmak,selle sürüklenip gitmek,,
sel gibi akmak,"sıvılar için bol ve gür akmak | zaman çabuk ve hızla geçmek | insanlar kalabalık bir yığın hâlinde gitmek, yürümek",,
sel götürmek,"çok yağmur yağmak | çok yağmurdan dolayı bir bölgede, yollar zor geçilir duruma gelmek",,
sel olup akmak,gitmek,,
sel seli götürmek,çok fazla sel olmak,,
semaha durmak,semah dönmek,,
semah dönmek,semah denilen kutsal dansı gerçekleştirmek,,
semen peyda etmek,şişmanlamak,,
semeresini vermek,"bir şey istenilen verimi, sonucu vermek",,
semeri devirmek,eşek gibi kabaca yatmak,,
semer vurmak,"semeri, yük hayvanının sırtına koyup bağlamak, semerlemek | semer sırtı yaralamak",,
sempatisini kazanmak,"birinin sevgisini, ilgisini ve yakınlığını kazanmak",,
semtine uğramamak,"bir yere özellikle gitmemek | birini hiç aramamak, onunla ilgisini kesmek",,
senet vermek,yazılı ve imzalı belge vermek,,
senli benli olmak,"iç içe olmak, bütünleşmek | aşırı ölçüde içten, teklifsiz olmak",,
sepette pamuğu olmamak,"bilgisiz, boş kafalı olmak",,
sepet havası çalmak,"işinden çıkarmak, sepetlemek | yanından uzaklaştırmak, gitmesini sağlamak, sepetlemek",,
serbest bırakmak,"tutuklu veya gözaltında bulunan birini serbest, özgür duruma getirmek, tahliye etmek | kendi düşüncesi ve iradesine göre davranmasına izin vermek",,
serbest çalışmak,bir işverene bağlı olmadan kendi adına kazanç sağlamak,,
serbest kalmak,"tutuklu veya gözaltında bulunan biri bırakılmak, tahliye edilmek",,
serçe parmak,Beş parmağın en küçüğü; küçük parmak,,
sergin vermek,hastalanıp yatağa yatmak,,
sergi açmak,sergilemek,,
sergi sermek,kurutmak veya göstermek için bir şeyi düz bir yere yaymak,,
serilip serpilmek,rahat bir biçimde yatmak | gelişmek,,
serilip yatmak,rahat bir biçimde yatmak,,
serinlik vermek,"serin duruma getirmek | acısını, sıkıntısını azaltmak, avundurmak | rahatlatmak, huzura kavuşturmak",,
serin tutmak,sıcaktan etkilenmeden daha soğuk bir durumda bulundurmak,,
serkeşlik etmek,"kafa tutmak, başkaldırmak",,
sermayeyi doğrultmak,ticaret için ortaya konan anaparayı batırmadan işletmek ve para kazanmak,,
sermayeyi kediye yüklemek,parasını yiyip bitirmek,,
sermest olmak,"çok hoşlanmak, kendinden geçmek",,
sersefil olmak,"perişan, zavallı durumda olmak",,
serseme çevirmek,sersem etmek,,
serseme dönmek,"sersem bir duruma gelmek, şaşkın bir duruma gelmek",,
sersem etmek,sersemletmek,,
sersem olmak,serseme dönmek,,
sert çıkmak,aşırı biçimde karşı durmak,,
sert damak,Damağın ön bölümü [anatomi],,
servise çıkmak,"ulaşım aracı ile öğrencileri, çalışanları gidecekleri yere taşımak | servis yetkilisi onarım yapmak üzere çağrılan yere gitmek | doktor hastaları durumlarını gözlemlemek üzere ziyaret etmek | bir iş yerinde çay, kahve dağıtımı gibi hizmetleri yapmak üzere dolaşmak",,
servis açmak,"lokantalarda yeni gelen müşterinin masasına tabak, çatal, bıçak, bardak vb. koymak",,
servis atmak,"voleybol, masa tenisi vb. oyunlarda oyuna başlama vuruşunu yapmak [spor]",,
servis etmek,özel bir bilgi veya belgeyi haber kaynağı tarafından istenilen kurum veya kuruluşa göndermek,,
servis yapmak,sofrada hizmet etmek ve yemeği dağıtmak,,
serzenişte bulunmak,yakınmak (II),,
serzeniş etmek,yakınmak,,
ser verip sır vermemek,ağzı sıkı olmak,,
sesini çıkarmamak,bir şey üzerindeki düşüncesini söylememek,,
sesini dikleştirmek,sert bir şekilde konuşmak,,
sesini kesmek,söylemekteyken susmak,,
sesini kısmak,sesini alçaltmak,,
sesini yükseltmek,"yüksek, öfkeli bir sesle söylemek",,
sesi ayyuka çıkmak,çok yüksek sesle bağırmak,,
sessizliğe gömülmek,sessiz duruma gelmek,,
ses çıkmamak,haber gelmemek,,
ses etmek,seslenmek,,
ses getirmek,"yaptığı işle, söylediği sözle dikkatleri çekmek ve kitleleri harekete geçirmek",,
ses kesilmek,"ses, artık duyulmamak",,
ses seda çıkmamak,haber çıkmamak | hiçbir tepki görülmemek,,
ses vermek,herhangi bir sesi çıkarmak | bir çağrıya karşılık vermek,,
set çekmek,"suyun akmasını, toprağın kaymasını önlemek için duvar yapmak | bir işi, bir davranışı, bir isteği önlemek, engellemek",,
sevaba girmek,sevap kazanmak,,
sevdaya düşmek,"âşık olmak, sevmek",,
sevdaya tutulmak,"âşık olmak, sevmek",,
sevda çekmek,"birine tutkun olmak, aşk tutkusu içinde olmak",,
sevgi beslemek,"sevgi duymak, sevmek",,
sevincinden ağzı kulaklarına varmak,çok sevinmek,,
sevinci kursağında kalmak,bir engel sebebiyle hayal kırıklığına uğramak,,
sevinçten (havalara) uçmak,çok sevinmek,,
sevinç yaşları (veya gözyaşları) dökmek,sevinçten ağlamak,,
sevk etmek,"göndermek, götürmek | sürüklemek, itmek",,
sevk olmak,gönderilmek,,
seyahat etmek,"uzak yerleri gezerek görmek, yolculuk etmek",,
seyrana çıkmak,gezintiye çıkmak,,
seyre çıkmak,"bir yerden başka bir yere gitmek için yola çıkmak | eğlenmek üzere gözlemek, bakmak",,
seyre dalmak,bir şeye kendini vererek bakmak,,
seyre koyulmak,seyretmeye başlamak,,
sıcak bakmak,"anlayışla karşılamak, olumlu değerlendirmek, ilgi duymak",,
sıcak olmak,sıcak artmak,,
sıcak yüz göstermek,yakınlık göstermek,,
sıçana dönmek,üstü başı çok ıslanmak,,
sıçan deliğine paha biçilmez olmak,"""güç bir durumda sığınacak bir yer bulmakta güçlük çekmek"" anlamında kullanılan bir söz",,
sıçan deliği aramak,saklanacak bir yer aramak,,
sıçıp sıvamak,öfkelenip kaba küfürlerle dolu sözler söylemek,,
sıdkı sıyrılmak,birine karşı duyulan güven ve inancı yitirmek | birinden veya bir şeyden soğumak | birinden veya bir şeyden bıkmak,,
sıfıra inmek,"bitmek, tükenmek, yok olmak | futbol, hentbol vb. oyunlarda hücum oyuncusu rakip alanda bitiş çizgisine kadar gitmek [spor]",,
sıfırdan başlamak,"en baştan, hiçbir şeye sahip olmadan bir işe girişmek",,
sıfırı tüketmek,"gücü kalmamak | yoksul duruma gelmek, yoksullaşmak | ölmek",,
sıfır çekmek,"halter yarışmalarındaki silkme ve koparma dallarında belirlenen ağırlığı kaldıramayıp elenmek [spor] | öğrenci, sınavda hiçbir soruya cevap verememek",,
sığ gitmek,kıyıya yakın gitmek | dikkatli davranmak,,
sıhriyet peyda etmek,hısımlık oluşturmak,,
sıkıdan geçirmek,dayak atmak,,
sıkıntıda olmak,geçim darlığı çekmek,,
sıkıntısı olmak,"tedirgin, rahatsız eden bir durumda bulunmak | işemesi gerekmek, sıkışmak",,
sıkıntıya düşmek,"darlık, yokluk içinde olmak",,
sıkıntıya gelememek,güç işlere dayanamamak,,
sıkıntı basmak,"çok sıkılmak, can sıkıntısı duymak",,
sıkıntı çekmek,zorluk veya yoksulluk içinde yaşamak,,
sıkıntı vermek,"tedirgin etmek, bunaltmak",,
sıkıp suyunu çıkarmak,sömürmek,,
sıkıya almak,hareketlerini sınırlamak veya önlemler almak | disiplin altına almak,,
sıkıya gelmek,güç bir durumla karşılaşmak,,
sıkı basmak,"güçlü davranmak, direnmek",,
sıkı durmak,"güçlü, dayanıklı olmak, dikkatli bulunmak",,
sıkı tutmak,"önem vermek | sürekli olarak denetlemek, kontrol altında bulundurmak | bir işte disiplinli olmak",,
sılaya gitmek,"bir süre ayrı kaldığı evini, yurdunu görmeye gitmek | anne, baba ve diğer akrabalarını görmek için memlekete gitmek",,
sıla etmek,sılaya gitmek,,
sınava çekilmek,birinin bilgisi ölçülmek,,
sınava girmek,"bir kimse, bir konu üzerindeki bilgisinin ölçülmesini sağlamak için yapılan yoklamada hazır bulunmak",,
sınavdan geçmek,sınava girmek | girilen sınavda başarılı olmak,,
sınavda bırakmak,sınavda başarısız saymak,,
sınav açmak,"kazananı boş kadroya, işe almak amacıyla sınav düzenlemek",,
sınav vermek,sınavdan geçmek,,
sınıfta bırakmak,sınıf geçmesine engel olmak,,
sınıfta çakmak,sınıfta kalmak,,
sınıfta kalmak,"başarılı olamayan öğrenci, bir üst sınıfa geçemeyerek aynı sınıfta yeniden okumak | herhangi bir işte başarısız olmak",,
sınıf atlamak,üstün başarı göstererek bir üst sınıfta öğrenim görmeye hak kazanmak | daha üst kabul edilen sosyal ve kültürel tabakaya dâhil olmak,,
sınırlarını (veya sınırını) zorlamak,en son noktaya kadar çaba göstermek | bütün gücünü en son noktaya kadar kullanmak,,
sınırları aşmak,haddini aşmak,,
sınır dışı etmek,bir kimseyi bulunduğu ülkede yaptığı yasa dışı eyleminden dolayı devlet eliyle ülkenin sınırları ötesine çıkarmak,,
sıram sıram dizilmek,"sıra veya sıralar oluşturacak biçimde yan yana, arka arkaya gelmek",,
sırasına getirmek,"uygun zamanını, fırsatını bulmak",,
sırasını kaybetmek,"çocuk veya bebek, hastalık veya başka bir sebep dolayısıyla uyku ve meme zamanını şaşırmak",,
sırası düşmek,uygun zamanı gelmek,,
sırası gelmek,bir başkasından sonra sıra birinin veya bir şeyin olmak | sırası düşmek,,
sırat köprüsünden geçmek,"bir iş yaparken sıkıntılı, eziyetli durumlar içinde kalmak | çok tehlikeli ve zorlu bir durumdan kurtulmak",,
sıraya dizmek,sıralamak | bir topluluk içinde herkese aynı biçimde davranmak,,
sıraya koymak,"düzenlemek, sıralamak",,
sıra dayağı çekmek,birden çok kişiyi teker teker ve birbirinin ardı sıra dövmek,,
sıra olmak,"düzenli bir biçimde sıra oluşturmak, dizilmek",,
sıra saygı gözetmek,karşılıklı saygı göstermek,,
sıra (veya sırasını) savmak,sırayla yapılan bir işte sıra kendine geldiğinde gereğini yapmak,,
sırdaş olmak,güvenilen bir kimseyle sırrını paylaşmak,,
sırılsıklam olmak,çok ıslanmak,,
sırra ermek,"gizli tutulan veya sır durumunda olan bir şeyi anlamak, kavramak",,
sırra kadem basmak,"ortalıktan yok olmak, kaybolmak, ortalıkta görünmemek",,
sırsıklam olmak,çok ıslanmak,,
sırtına almak,yüklenmek | bir giyeceği giymek veya sırtına örtmek,,
sırtına geçirmek,bir şeyi giymek,,
sırtından atmak,"başından savmak veya birinin, bir şeyin sorumluluğunu, yükünü üzerine almamak",,
sırtından bıçaklamak,ihanet etmek,,
sırtından çıkarmak,bir kimseye ödetmek,,
sırtından geçinmek,geçimini bir kimseden sağlamak,,
sırtından (para) kazanmak,para kazanmak için birini kullanmak,,
sırtında yumurta küfesi olmamak,eski düşünce ve yönünü kolayca değiştirmek veya sözünden caymakta sakınca görmemek,,
sırtını dönmek,sırt çevirmek,,
sırtını sıvazlamak,birini desteklediğini göstermek,,
sırtını yere getirmek,güreşte hasmı sırtüstü yere yatırarak yenmek | üstün gelmek,,
sırtı kaşınmak,dayak yemeyi hak edecek davranışta bulunmak,,
sırtı yere gelmek,"yenilmek, alt olmak",,
sırtı yere gelmemek,"bir işte herhangi bir zorluk karşısında sarsılmamak, konumunu kaybetmemek, güçlü olmak",,
sırtüstü yatmak,sırtı yere gelmek üzere yatmak | hiçbir şey yapmamak | çalışmadan rahat bir yaşam sürmek,,
sırt sırta vermek,iş birliği yapmak,,
sırt (veya sırtını) çevirmek,"bir şeye veya birine önem vermemek | bir şeyden veya bir kimseden desteğini, ilgisini kesmek | birine darılmak",,
sıskası çıkmak,aşırı zayıflamak,,
sıska olmak,karın boşluğuna su dolarak karnı şişmek | aşırı zayıf olmak,,
sıtma tutmak,ateş ve ter nöbetleriyle titremeye başlamak,,
sıva vurmak,sıvamak,,
sıyanet etmek,korumak,,
sıygaya çekmek,birine sorular sorup cevaplarını istemek,,
sıyırıp çıkarmak,çekip kurtarmak,,
sızıp kalmak,çok içki içip veya çok yorulup uyuyakalmak,,
siciline işlemek,bir çalışanın olumlu veya olumsuz davranışlarını siciline kaydetmek,,
sicil vermek,"sorumlu bir görevli, yanında çalışan birinin bir aşamaya gelmesinde yeterli olup olmadığını gereken makama bildirmek",,
siftah etmek,"esnaf aynı gün içerisinde ilk kez satış yapmak, siftahlamak | bir işi ilk kez yapmak",,
sigara içmek,sigarayı bir ucundan yakıp öbür ucundan dumanını emerek içine çekmek,,
sigara (veya sigarasını) sarmak,sigara kâğıdına tütün koyarak sigara yapmak,,
sigaya çekmek,birine sorular sorup cevaplarını istemek,,
sigortası atmak,çok sinirlenmek,,
sigorta atmak,bir arıza sonucu sigortada elektrik akımı kesilmek,,
sigorta etmek,"bir şeyi, bir kimseyi ileride olabileceği düşünülen kazanın zararını gidermek için sigortaya bağlamak",,
sigorta olmak,bir kimse veya bir şey ileride olabileceği düşünülen kazanın zararını gidermek için sigortaya bağlanmak,,
siktirip gitmek,başını alıp gitmek,,
silahaltına almak,askerlik görevine başlatmak,,
silahaltında bulunmak,askerlik görevini yapmak,,
silaha davranmak,kullanmak için silahına el atmak,,
silaha sarılmak,silah kullanarak mücadeleye girişmek | silah çekmek,,
silah atmak,"tabanca, tüfek vb.nin tetiğini çekip ateşlemek",,
silah başı etmek,"askerlikte, verilen komut üzerine herkes görevi başına geçmek [askerlik]",,
silah çatmak,silahları uç uca çapraz bir biçimde dayayarak durdurmak [askerlik],,
silah çekmek,silahla vurmaya davranmak | silahla vurmak,,
silah patlamak,silah ateş almak | savaş başlamak,,
silah silaha girmek,karşılıklı olarak ateş etmek,,
silindir gibi ezmek,bir kimseyi her yönüyle güçsüz duruma getirmek,,
silinip gitmek,bir şey birdenbire yok olmak veya unutulmak,,
silip atmak,ilgi ve ilişkisini tamamen kesmek,,
silip süpürmek,"evi, ortalığı temizlemek | ne var ne yoksa hepsini yemek | ne var ne yok hepsini alıp götürmek veya yok etmek",,
silkinip sıyrılmak,kendine gelip kurtulmak,,
silkip atmak,her türlü ilgisini kesmek,,
sinek avlamak,müşterisi olmayıp boş oturmak,,
sinerji yaratmak,bir sonuca katkısı olabilecek birkaç etkeni bir arada harekete geçirerek güç elde etmek,,
sineye çekmek,"kötü bir davranış, söz veya olaya ister istemez katlanmak",,
sineyimillete dönmek,bulunduğu makamı veya görevi terk edip halktan biri olmak | halk oylamasına başvurmak,,
sinirine dokunmak,"hoşuna gitmemek, sinirlendirmek",,
siniri oynamak,"öfkelenmek, sinirlenmek",,
siniri tutmak,birdenbire sinirlenmek veya davranışlarını denetleyememek,,
sinirlerine hâkim olmak,"davranışlarını ve kendini denetleyebilmek, soğukkanlı olmak",,
sinirlerini bozmak,"kızdırmak, sinirlendirmek",,
sinirlerini germek,birini sinirlenmeye hazır bir duruma getirmek,,
sinirleri altüst olmak,"sinirleri bozulmak, sinirlenip ne yapacağını şaşırmak",,
sinirleri ayakta olmak,çok sinirlenmiş veya öfkelenmiş bulunmak,,
sinirleri boşanmak,"sinirlenip kendini tutamayarak gülmek, ağlamak veya bağırmak",,
sinirleri bozmak,"kızdırmak, öfkelendirmek",,
sinirleri bozulmak,"çok sinirlenmek, ne yapıp edeceğini bilmeden şaşkın, karmaşık bir duruma düşmek",,
sinirleri gergin olmak,sinirlendirici yeni bir olay çıkarsa hemen tepki gösterecek durumda olmak,,
sinirleri gerilmek,sinirlenmeye hazır bir durumda bulunmak,,
sinir buhranına tutulmak,bunalım geçirmek,,
sinir buhranı geçirmek,bunalım içinde olmak,,
sinir kesilmek,"çok sinirlenmek, öfkelenmek",,
sinir küpüne çevirmek,aşırı derecede sinirlendirmek,,
sinir küpüne dönmek,aşırı derecede sinirlenmek,,
sinir küpü olmak,aşırı derecede sinirli olmak,,
sinir sahibi olmak,devamlı sinirlenir durumda olmak,,
sinkaf etmek,erkek cinsel organını anarak küfretmek,,
sinyal almak,"işaret almak, belirtilerin farkına varmak",,
sinyal vermek,bir şeyi işaretle bildirmek,,
sipariş almak,bir şeyin yapılması veya gönderilmesi kendisine ısmarlanmak,,
sipariş etmek,"bir şeyin yapılmasını veya bir şeyin gönderilmesini bu işlerle uğraşan birinden istemek, ısmarlamak",,
sipariş vermek,"bir şeyin yapılmasını, getirilmesini veya gönderilmesini bu işlerle uğraşan birine ısmarlamak",,
sipere yatmak,"siper içine saklanmak, gizlenmek",,
siper almak,bir şeyi veya bir yeri siper olarak kullanıp gizlenmek,,
siper etmek,kendini veya bir şeyi korumak amacıyla bir başka şeyi siper olarak kullanmak | bir şey veya bir kimse için kendini tehlikeye atmak,,
siper olmak,birini veya bir şeyi korumak amacıyla kendini siper olarak kullanmak,,
sipsivri kalmak,herkesin gitmesiyle yalnız kalmak | ortada kalmak,,
sirayet etmek,"hastalık geçmek, bulaşmak | etkisi altına almak",,
sireti suretine uymamak,"içyüzüyle dış görünüşü uyumsuz olmak, göründüğü gibi olmamak",,
sis perdesi aralanmak,gizli ve karanlık noktalar ortaya çıkmak,,
sitemde bulunmak,sitem etmek,,
sitem etmek,"bir kimseye üzüldüğünü, kırıldığını öfkelenmeden belirtmek",,
siya siya gitmek,geri geri gitmek,,
siyem siyem ağlamak,"hafif hafif, ince ince, durmadan gözyaşı dökmek",,
siyem siyem yağmak,"yağmur, kar ince ince yağmak",,
siyim siyim ağlamak,"hafif hafif, ince ince, durmadan gözyaşı dökmek",,
siyim siyim yağmak,"yağmur, kar ince ince yağmak",,
skala yapmak,çalgı perdelerine parmak alıştırmak,,
slogan atmak,sloganı bağırarak söylemek,,
sofra donatmak,sofraya bol ve türlü yiyecekler koymak,,
sofra (veya sofrayı) kurmak,yemek yemek için sofra takımını dizmek ve yiyecekleri hazırlamak,,
soğan ekmeğe kalmak,yokluk yüzünden temel ihtiyaç maddelerini karşılayamaz duruma düşmek,,
soğan ekmek,"Ucuz ve kolay ulaşılabilen yiyecek | Gösterişsiz, sade sofra veya yemek",,
soğukkanlı olmak,"kolayca, öfke, telaş ve heyecana kapılmamak",,
soğuk almak,"üşüyerek hastalanmak, üşütmek",,
soğuk çalmak,"soğuk, bitkiye zarar vermek",,
soğuk çıkmak,hava soğumak,,
soğuk durmak,"ilgisiz, sevimsiz davranmak",,
soğuk duş etkisi yapmak,ansızın bildirilen tatsız bir haber olumsuz bir tepki yaratmak,,
soğuk espri yapmak,"güldürmeyen, niteliksiz, yersiz espri yapmak",,
sohbet etmek,"iki veya daha fazla kişi aralarında dostça, arkadaşça konuşmak, yârenlik etmek, hasbihâl etmek | söyleşi yapmak",,
sokağa atmak,"birini düşkün, yoksul kalacak biçimde evden, iş yerinden uzaklaştırmak veya kovmak | para, eşya vb.ni boş yere harcamak",,
sokağa çıkmak,gezmek veya bir iş görmek için evden çıkmak,,
sokağa (veya sokaklara) dökülmek,"herhangi bir sebeple dışarı çıkmak | gösteri, protesto gibi amaçlarla insanlar sokaklara, meydanlara inmek",,
sokağa (veya sokaklara) düşmek,"bir şey çoğalıp değerini yitirmek | sükûneti, huzuru evin dışında aramak",,
sokaktan toplamak,"kolayca sağlamak, masrafsız ve zahmetsiz elde etmek",,
sokakta kalmak,"sığınacak yeri olmamak, bakacak kimsesi bulunmamak",,
sola kaymak,siyasette ve ekonomide sol görüşleri benimsemek,,
solda sıfır kalmak,"anlamı olmamak, değersiz olmak | sönük kalmak",,
sollama yapmak,343 sollamak,,
soluğan etmek,soluk soluğa bırakmak,,
soluğan olmak,at nefes darlığına tutulmak,,
soluğunu kesmek,bir şey çok heyecan veya korku vermek,,
soluğu (bir yerde) almak,bir yere hemen gitmek veya sığınmak,,
soluk aldırmamak,"ara vermeden çalıştırmak, vakit bırakmamak",,
soluk almak,"havayı ciğerlere çekmek, nefes almak | dinlenmek | rahatlamak",,
soluk soluğa kalmak,"nefes alamayacak duruma gelmek, çok yorulmak",,
sol eli beklemek,"yemeğe beklenilen birine, yemeğe başlandığını anlatmak için kullanılan bir söz",,
sol tarafından kalkmak,"aksiliği, huysuzluğu, tersliği üzerinde olmak | işleri ters gitmek, iyi gününde olmamak",,
sol yapmak,"""direksiyonu sola doğru çevirmek, sola yöneltmek"" anlamında kullanılan bir söz",,
sona ermek,son bulmak,,
sondaj yapmak,"sonda ile yoklamak, sondalamak | bir durum, bir düşünceyle ilgili olarak yoklama yapmak, araştırmak",,
sonuç almak,"bir işi bitirmek, sonuçlandırmak | istenilen sonuca ulaşmak, verim almak",,
sonuç çıkarmak,bir işlemi bitirip sonuca ulaşmak [matematik] | kesin bir karar veya görüşe varıp bunu bildirmek,,
sonuç vermek,sonuçlanmak,,
sonunu almak,bir işi bitirmek | bir işin bittiğini görmek,,
sonunu getirememek,iyi başladığı bir işi başarıyla bitirememek | başladığı bir işi bitirememek,,
sonu gelmek,"yok olmak, ölmek",,
sonu gelmemek,"bitmemek, tükenmemek",,
son bulmak,"bitmek, tükenmek",,
son kozunu (veya kartını) oynamak,elinde bulunan son imkânı kullanmak,,
son nefesini vermek,ölmek,,
son noktayı koymak,bir işte en son sözü söylemek,,
son vermek,"bitirmek, sona erdirmek",,
son yolculuğa çıkmak,ölmek,,
son yolculuğa uğurlamak,birinin cenaze törenine katılmak,,
sopanın altına yatırmak,dövmek,,
sopa yemek,"dövülmek, dayak yemek",,
sorguya çekmek,bir suçla ilgili olarak soru sorup cevap istemek,,
sorgu suale çekmek,sorguya çekmek,,
sorgu sual etmek,"araştırma, soruşturma veya sorgulama amacıyla sorular sormak | aslını araştırmak, sorup soruşturmak",,
sorti yapmak,uçak bir noktadan kalkıp başka bir noktaya inmek | uçak bir noktaya çeşitli nedenlerle inişe geçip yeniden yükselmek,,
sorumluluk almak,sorumluluk yüklenmek,,
sorumluluk duymak,kendisini sorumlu hissetmek,,
sorumluluk düşmek,"sorumlu sayılmak, sorumlu olarak görülmek",,
sorumlu tutmak,"sorumlu saymak, mesul olarak görmek",,
sorun çıkarmak,üzüntü verecek veya içinden güç çıkılır bir durum yaratmak,,
sorun etmek,dert etmek,,
sorun olmak,dert olmak,,
soruşturma açmak,"bir sorunu açıklığa kavuşturmak amacıyla bir idari veya adli makamın yönettiği, ilgililerden ve tanıklardan bilgi toplamak, konuyu incelemek",,
soru sormak,bir konu hakkında bilgi edinmek üzere soru yöneltmek,,
sotaya düşürmek,birini aldatarak olumsuz bir durumla karşı karşıya bırakmak,,
sotaya yatmak,uygun bir yerde kendini gizlemek,,
soya çekmek,soyunun özelliklerini taşımak,,
soyunup dökünmek,sokak giysilerini çıkarıp ev içinde kullandığı rahat kılığını giymek,,
soyup soğana çevirmek,hiçbir şey bırakmamacasına soymak | hırsız bir yeri veya bir kişiyi adamakıllı soymak,,
sökük dikmek,sökülmüş olan bir şeyi onarmak,,
söküp atmak,"gözden çıkarmak, kıymak, feda etmek",,
sörf yapmak,yelkenli veya yelkensiz özel kayma aracı ile denizde spor yapmak | zamanının önemli bir kısmını genel ağda çeşitli sayfaları dolaşarak geçirmek,,
sövüp saymak,"aralıksız küfürler sıralamak, uzun uzadıya söverek yermek",,
söylemediğini bırakmamak,bir kimse veya bir konu ile ilgili olarak söylenmemesi gereken şeyleri söylemek,,
söylev vermek,"Bir topluluğa düşünceler, duygular aşılamak amacıyla coşkulu ve güzel söz söylemek",,
söyleyeceği olmak,herhangi bir konuda kendisinin de diyecekleri bulunmak,,
sözden anlamak,laftan anlamak,,
sözde kalmak,yapılacağı bildirilmiş bir iş konuşulup gerçekleşmemek,,
sözde kalmak,sadece söylenmek ama yapılmamak,,
söze atılmak,bir konu konuşulurken birden araya girip konuşmaya başlamak,,
söze başlamak,"konuşmaya başlamak, bir konuya girmek",,
söze boğmak,lafa boğmak,,
söze dalmak,lafa dalmak,,
söze karışmak,lafa karışmak,,
söze son vermek,konuşmayı bitirmek,,
söze yatmak,söz dinlemek,,
sözleşme yapmak,"bir sözleşmeyi yazılı olarak belirlemek, mukavele yapmak, kontrat yapmak [hukuk]",,
sözünden çıkmamak,"birinin isteklerine, öğütlerine, sözlerine uyarak davranmak",,
sözünden dönmek,verdiği sözü yerine getirmemek veya tutmamak,,
sözünde durmak,"verdiği sözü yerine getirmek, verdiği sözden dönmemek, verdiği sözü tutmak",,
sözüne gelmek,birinin söylediğini sonunda kabul etmek,,
sözüne sadık kalmak,verdiği söze bağlı olmak,,
sözünü ağzına tıkmak,konuşmasına izin vermemek,,
sözünü bağlamak,konuşmasını bitirmek için son sözlerini söylemek,,
sözünü bilmek,lafını bilmek,,
sözünü bilmemek,"bir sözü, nereye varacağını düşünmeden söyleyemek",,
sözünü etmek,"birinden veya bir konudan söz etmek, onunla ilgili olarak konuşmak",,
sözünü geri almak,üstüne aldığı bir işten vazgeçtiğini söylemek | söylemiş olduğu bir sözde haksız olduğunu kabul ederek onun söylenmemiş sayılmasını istemek,,
sözünü karşılamak,bir kimsenin sözüne cevap vermek,,
sözünü kesmek,biri konuşurken söze karışıp onun konuşmasına fırsat vermemek,,
sözünü tutmak,öğüdüne uymak,,
sözünü tutmak,verdiği sözü yerine getirmek,,
sözünü yabana atmamak,lafını yabana atmamak,,
sözünü yedirmek,lafını yedirmek,,
sözünü yemek,lafını yemek,,
sözün ardı boşa çıkmak,söz olumlu sonuca ulaşmamak,,
sözü açılmak,bir şey veya bir konu üzerinde konuşulmaya başlanmak,,
sözü ağzına tıkamak,lafı ağzına tıkamak,,
sözü ağzından almak,lafı ağzından almak,,
sözü ağzında bırakmak,lafı ağzında bırakmak,,
sözü ağzında gevelemek,lafı ağzında gevelemek,,
sözü ağzında kalmak,konuşmasını bitirememek,,
sözü bağlamak,lafı bağlamak,,
sözü dağıtmak,konuşurken birçok konuya değinerek anlatmak isteği konudan uzaklaşmak,,
sözü dolandırmak,lafı dolandırmak,,
sözü döndürüp dolaştırmak,lafı döndürüp dolaştırmak,,
sözü edilmek,"adı anılmak, bahsedilmek | önemli sayılmak",,
sözü geçmek,"kendisini kabul ettirmiş olmak, hatırı sayılmak | adı anılmak, bahsedilmek",,
sözü kesmek,konuşmasını bitirmeden susmak | başkasının konuşmasını önlemek,,
sözü kısa kesmek,lafı kısa kesmek,,
sözü tartmak,ölçülü konuşmak,,
sözü uzatmak,lafı uzatmak,,
sözü (veya sözünü) çevirmek,lafı çevirmek,,
söz açmak,bir konu üzerine konuşmaya başlamak,,
söz almak,"konuşmak için toplantı başkanından izin almak, konuşmaya başlamak | birinin bir işi yapacağını kesin olarak bildirmesini sağlamak | erkek tarafı oğullarıyla evlendirmek üzere kızın ailesinden olumlu cevap almak",,
söz altında kalmamak,"bir kimsenin kendisine dokunan sözüne gereken cevabı vermek | kendisini inciten, itham eden veya rahatsız bir duruma düşüren söze gereken karşılığı verip durumu düzeltmek",,
söz anlatmak,laf anlatmak,,
söz atmak,laf atmak,,
söz ayağa düşmek,"bir sorun, karışmaları gerekmeyen veya yetkisiz ve sorumsuz kimselerin görüş bildirdikleri duruma gelmek",,
söz birliği etmek,ağız birliği etmek,,
söz çakmak,laf çakmak,,
söz çıkarmak,laf çıkarmak,,
söz çıkmak,ortalıkta bir söylenti dolaşmak,,
söz düşmemek,başkalarının konuşmasından kendisine sıra gelmemek | başkaları dururken kendisinin söz söylemesine gereklik bulunmamak | birinin söz hakkı olmamak,,
söz düşürmek,konuşmayı belli bir konuya getirmek,,
söz etmek,bir şey üzerine konuşmak | bir şeyin dedikodusunu yapmak,,
söz geçirmek,"söylediğini, istediğini yaptırmak",,
söz gelmek,"bir davranışından dolayı eleştiriye konu olmak, yerilmek",,
söz getirmek,birinin eleştirilmesine sebep olmak | bir kimseye söz gelmesine yol açmak,,
söz götürmek,"doğruluğu ve gerçekliği tartışılabilir olmak | dedikodu yapmak | tahammül etmek, katlanmak",,
söz işitmek,laf işitmek,,
söz kaldıramamak,onuruna dokunan söze dayanamayıp karşılık verir yaradılışta olmak,,
söz kesmek,genellikle evlenmek için anlaşıp kesin karar vermek,,
söz konusu edilmek,"sözü edilmek, konuşulmak",,
söz konusu olmak,"üzerinde konuşulmak, bahis konusu olmak, bahis mevzusu olmak",,
söz olmak,dedikodu yapılmak veya bir iş hoş karşılanmamak,,
söz sahibi olmak,bir konuda konuşma yetkisi olmak,,
söz sözü açmak,bir konudan konuşurken hemen arkasından türlü konulara geçmek,,
söz taşımak,laf taşımak,,
söz tutmak,söz dinlemek,,
söz vermek,bir işi yapacağını kesinlikle bildirmek,,
söz yetiştirmek,laf yetiştirmek,,
spama düşmek,ileti istenmeyen iletiler kutusuna gitmek | spam yemek,,
spam atmak,sık sık istenmeyen ileti göndermek | spamlamak,,
spam yemek,istenmeyen iletiler gönderen hesap ağ yöneticisi tarafından erişilemez duruma getirilmek,,
stabilize etmek,"kararlı bir duruma getirmek, sağlamlaştırmak",,
starta geçmek,343 başlamak,,
start almak,343 başlamak,,
start vermek,343 başlatmak,,
sterilize etmek,mikropsuzlaştırmak,,
stok etmek,"bir şeyi bir yere çok miktarda yığmak, biriktirmek, istif etmek",,
stop etmek,çalışan motor durmak,,
strese girmek,"gerilmek, sıkıntıya girmek",,
strese sokmak,"gerilime, sıkıntıya sokmak",,
stres atmak,"bir etkinlikte bulunarak gerginlikten, sıkıntıdan kurtulmak",,
sual etmek,sormak,,
sucuğunu çıkarmak,yormak | çok dövmek,,
suçlu olmak,suçlu sayılmak,,
suçundan geçmek,suçunu bağışlamak,,
suçunu bağışlamak,bir kimseye işlediği suçun cezasını vermemek,,
suçüstü yakalamak,suç işleyeni suçu işlediği sırada veya hareketinden çok az önce yakalamak [hukuk],,
suç duyurusunda bulunmak,"ilgiliye, ilgili makama suçu bildirmek",,
suç işlemek,"yasaya, töreye aykırı bir davranışta veya harekette bulunmak",,
suç olmak,suç sayılmak,,
sudan çıkmış balığa dönmek,"herhangi bir sebeple ne yapacağını bilememek, çok şaşırmak",,
sudan geçirmek,herhangi bir şeyi üstünkörü yıkamak | sabunlu çamaşırı durulamak,,
sufle etmek,"oyunculara, izleyicilere duyurmadan söyleyecekleri sözü veya cümleyi fısıldamak [tiyatro] | birine unuttuğu bir sözü veya cümleyi kimseye duyurmadan hatırlatmak",,
suikastta parmağı olmak,düzenlenen suikast olayında rol oynamak,,
suistimal etmek,kötüye kullanmak,,
sukut etmek,düşmek,,
sular kararmak,akşam olmaya başlamak,,
sulbünden gelmek,bir kimsenin öz evladı olmak,,
sulh olmak,uzlaşmak,,
sulu yemek,Tencerede ve kendi suyu içerisinde pişirilen yemek türü; tencere yemeği,,
suratına indirmek,tokat atmak,,
suratından düşen bin parça olmak,öfke veya küskünlükten ileri gelen can sıkıntısıyla suratı asık olmak,,
suratını dağıtmak,yüzüne zarar verecek biçimde dövmek,,
suratı bir karış asılmak,"öfkelenmek, kızmak ve somurtmak",,
suratı değişmek,"bir kimseye karşı davranışı değişmek, daha sert bir durum almak",,
suratı sirke satmak,"öfkeli, kızgın olduğu anlaşılmak",,
surat asmak,"kaşlarını çatıp yüzüne küskün veya dargın bir anlam vermek, somurtmak",,
surat etmek,"birine karşı küskün durmak, asık yüzlü olmak",,
surat kalmamak,utanmaz duruma gelmek,,
suretine girmek,"bir şeyin görünüşüne, biçimine benzemek",,
sureti haktan görünmek,kendisini iyi niyetli imiş gibi göstermek | birinin iyiliği için çalışıyor görünmek,,
suspus etmek,susturmak,,
suspus olmak,"susmak, sinmek, sesini hiç çıkarmamak",,
sustaya kalkmak,köpek susta durmak,,
susta durdurmak,köpeği arka ayakları üzerinde durdurmak | bir kimseyi veya birilerini yıldırmak,,
susta durmak,köpek arka ayakları üzerinde durmak | hazır durumda beklemek | korktuğu bir kimsenin karşısında saygılı ve çekingen davranmak,,
suya düşmek,bir şeyin gerçekleşme olasılığı kalmamak,,
suya göstermek,hafifçe yıkamak,,
suya götürüp susuz getirmek,"herhangi bir işte akıl, zekâ, deneyim ve kurnazlıkla bir diğerini alt etmek",,
suya sabuna dokunmamak,"sakıncalı konularla ilgilenmemek, bunlardan söz etmemek | davranışlarını kimseyi incitmeyecek biçimde ayarlamak",,
suya salmak,boşuna harcamak,,
suyuna gitmek,suyunca gitmek,,
suyunca gitmek,bir kimseyi sinirlendirmeyecek biçimde davranmak,,
suyunu almak,kaynatılan yiyeceğin suyunu ayırmak,,
suyunu çekmek,yemek kaynayıp suyu kalmamak | tükenmek,,
suyun akıntısına gitmek,"olayların veya durumun gelişmesine göre davranmak, uymak",,
suyu baştan (veya başından) kesmek,işin aslı üzerinde kesin bir şey söyleyip ayrıntılarını konuşmaya gerek duymamak,,
suyu çıkmak,"çok söz edildiği veya üzerinde yerli yersiz durulduğu için değerini yitirmek, önemsizleşmek",,
suyu kesilmiş değirmene dönmek,"işlemez, yararsız duruma gelmek",,
suyu seli kalmamak,sulu yemek kaynaya kaynaya suyu azalmak,,
su almak,"suyu içine çekmek | su yapmak [denizcilik] | gemiye içme suyu doldurmak [denizcilik] | herhangi bir organdan tedavi maksadıyla su boşaltmak [tıp] | bozukluk, yozlaşma başlamak",,
su basmak,"bir şey veya yer sular altında kalmak, her yanı suyla dolmak",,
su çekmek,içine su almak | alçak bir yerden tulumba vb. ile su çıkarmak,,
su dökmek,küçük abdest bozmak,,
su dökünmek,yıkanmak,,
su etmek,bir geminin içine herhangi bir yerinden su girmek veya su sızmak [denizcilik],,
su gelmek,doğumdan önce amniyon sıvısı döl yolundan akmak [tıp],,
su gibi akmak,"zaman hızla geçmek | para, yiyecek vb. bol bol gelmek",,
su gibi ezberlemek,yanlışsız okuyabilecek kadar ezberlemek,,
su gibi gitmek,bol bol harcanmak,,
su gibi olmak,çok ıslanmak,,
su gibi terlemek,çok terlemek,,
su götürür yeri olmamak,başka türlü yorumlanacak bir yönü bulunmamak,,
su içinde kalmak,çok terlemek | çok ıslanmak,,
su iktiza etmek,gusül gerekmek,,
su kaçırmak,"su sızdırmak | baş ağrıtmak, can sıkmak",,
su kapmak,yaralar azmak,,
su kesmek,sulanmak,,
su koyuvermek,"sebze ve et pişerken suyunu salıvermek | sözünde durmamak, cıvıtmak | vazgeçmek | beklenen görevi yapmamak",,
su sabun görmemek,çok kirli olmak,,
su vermek,bitkileri sulamak | hayvanlara su içirmek | insanlara içmek için su getirmek,,
su yapmak,gemi veya sandalın içine dibinden su girmek [denizcilik],,
su yolu yapmak,bir yeri sık sık gidip gelinen yer durumuna getirmek,,
su yürümek,ilkbahara doğru ağaçlar tomurcuklanmaya başlamak,,
su yüzüne çıkmak,"bir süre örtülü kalmış bir iş veya sorun aydınlanmak, belli olmak, meydana çıkmak",,
su yüzüne (veya üstüne) çıkmak,görünür olmak,,
sübut bulmak,"tanıtlanmak, ispat edilmek",,
sükse yapmak,başarı kazanmak | ilgi çekecek bir durum yaratmak,,
sükûnet bulmak,"sakinleşmek, rahatlamak",,
sükûtla geçiştirmek,"sözü edilmesi gereken bir noktayı söylemeden atlamak, bile bile bir konuya değinmemek",,
süluk etmek,bir işe girmek | bir tarikata girmek,,
sülük vurmak,tedavi amacıyla sülük yapıştırmak,,
sümen altı etmek,bir evrakın işleme konulmasını engellemek | bir işin yapılmasını geciktirmek,,
sünger çekmek,"bir şeyi hiç olmamış saymak, silmek, silip atmak, unutmak",,
sünger geçirmek,"silip atmak, unutmak",,
sünnet etmek,erkek çocukta erkeklik organının ucundaki deriyi çepeçevre kesmek,,
sünnet olmak,sünnet edilmek,,
sürfile yapmak,bir kumaşın tarazlanmaması için kenarına seyrek ve çapraz dikiş yapmak,,
sürgit yapmak,"iş için uzatmak, sürdürüp durmak",,
sürgüne göndermek,"ceza olarak bir yere sürmek, nefyetmek",,
sürgün vermek,filizlenmek,,
sürmeyi gözden çekmek,gözden sürmeyi çekmek,,
sürme çekmek,gözleri sürme ile boyamak,,
sürpriz yapmak,"birini, beklenmedik, şaşırtan, sevindiren veya üzen bir olayla karşılaştırmak",,
sürtünüp durmak,"çıkarı, kazancı için yaltaklanıp durmak",,
sürtüp durmak,"yersiz, sebepsiz olarak durmadan dolaşmak",,
sürüden ayrılmak,"herkesin tuttuğu yolu bırakıp ayrı bir yol tutturmak, herkesin yaptığını yapmamak",,
sürüncemede kalmak,"bir iş sonuçlanıncaya kadar boş yere gecikmek, uzamak, askıda kalmak, bir türlü sonuçlanamamak",,
sürüp gelmek,eskiden beri devam etmek,,
sürüp gitmek,"eskiden olduğu gibi, eskiden nasılsa gene öyle olmak, öyle devam etmek",,
sürüp sürüştürmek,aşırı ve yakışıksız makyaj yapmak,,
sürü gibi yaşamak,kendi karar ve irade gücünü yitirerek içinde yaşadığı topluluğun tercihlerine göre davranmak,,
süsleyip püslemek,"özenle, özen göstererek süslemek, göze çarpacak kadar süslemek, telleyip pullamak",,
sütçü beygiri gibi ayakta uyumak,çok tembel ve miskin olmak,,
sütliman olmak,"durgunlaşmak, sakinleşmek",,
sütten ağzı yanmak,bir olaydan gerekli dersi alarak uyanık davranmak,,
sütten çıkmış ak kaşık gibi olmak,"temiz, saf olmak",,
sütten kesilmek,"hastalık, üzüntü veya bebeğin emmemesi nedeniyle anneye süt gelmemek [tıp]",,
sütten kesmek,emzirmeye son vermek,,
sütununu açmak,"yer vermek, yayımlamak",,
sütüne havale etmek,"işi, beklenen biçimde yapmasını o kişinin vicdanına bırakmak",,
sütüne kalmak,"insanlığına, namusuna kalmak",,
sütünü helal etmemek,analık hakkını helal etmemek,,
süt çalmak,"bozuk süt, çocuğu hasta etmek",,
süt çekmek,bir özelliği akrabalarına benzemek,,
süt dökmüş kediye dönmek,suçunu bilerek bundan utanmak,,
süt ineği gibi sağmak,birinden kendi çıkarı için daima aşırı ölçülerde yarar sağlamak için uğraşmak,,
süt vermek,emzirmek,,
süzgeçten geçirmek,ayrıntılı bir biçimde incelemek,,
süzüm süzüm süzülmek,kendini beğenmiş bir tavırla ağırbaşlı oturup çevreye bakmak,,
sâdır olmak,ortaya çıkmak,,
şabanlık etmek,aptallık etmek,,
şablon çıkarmak,kullanılmak üzere örnek elde etmek,,
şad etmek,"neşelenmesini, sevinmesini sağlamak",,
şad olmak,"sevinmek, memnun ve mutlu olmak",,
şafak atmak,birden önemli bir durumla karşı karşıya olduğunu anlamak | öfkelenmek | korku ve telaşa kapılmak,,
şafak atmak,şafak sökmek,,
şafak sökmek,güneş doğmadan az önce ortalık aydınlanmaya başlamak,,
Şafii köpeğine dönmek,yüzü gözü çok kirli olmak,,
Şafii köpeği gibi titremek,çok titremek,,
şaftı kaymak,"aşırı yorgunluk, üzüntü, yıpranma gibi sebeplerle bedensel ve ruhsal yönden dengesini kaybederek kötü görünmek | bakımsızlık ve yıpranma sebebiyle biçimsiz hâle dönmek veya işlevini yerine getirememek",,
şaha kalkmak,"at ön ayaklarını yerden kesip arka ayakları üstünde durmak, şahlanmak | taşkınlık göstermek, coşmak, kükremek",,
şaheser yaratmak,"üstün, kalıcı niteliği olan bir eser ortaya koymak | çok önemli bir şey yapmak",,
şahitlik etmek,tanıklık etmek,,
şahit olmak,tanık olmak,,
şahit tutmak,birini tanık olarak göstermek,,
şahken şahbaz olmak,bir kimsenin herhangi bir sebeple çirkinliği veya durumunun kötülüğü artmak,,
şahsiyat yapmak,söz edilen konudan uzaklaşarak olumsuz yönleriyle kişiler üzerinde durmak,,
şakakları atmak,çok sinirlenmek,,
şakaya almak,söylenilen gerçek sözü şaka gibi kabul etmek,,
şakaya gelmek,şakaya katlanır olmak,,
şakaya gelmemek,"şakaya dayanamamak | hafifsemeye, savsaklamaya gelmemek",,
şakaya getirmek,ciddi bir şeyi açıktan açığa söyleyemeyip şaka görünümü vererek söylemek,,
şakaya sığınmak,şakaya vurmak,,
şakaya vurmak,ciddi bir söz veya davranışı şaka yoluyla geçiştirmek,,
şakayı kakaya çevirmek,şakayken kaka olmak,,
şakayken kaka olmak,"el ve dil ile yapılan şakadan, hoş olmayan bir sonuç veya kavga çıkmak",,
şaka etmek,bir kimseye eğlenmek amacıyla takılmak,,
şaka gibi gelmek,bir türlü inanamamak,,
şaka götürmemek,"bir durum veya iş hafifsemeye, dikkatsizliğe gelmemek | şakadan hoşlanmamak",,
şaka kaldırmak,"şakaya dayanmak, katlanmak",,
şaka söylemek,"bir şeyi, şaka yapmış olmak için söylemek",,
şaka yapmak,şaka niteliğinde bir şey yapmak veya söylemek,,
şaklabanlık etmek,insanları güldürmek için basit şakalar yapmak,,
şamaroğlanına dönmek,yerli yersiz azarlanmak,,
şamar patlatmak,aniden güçlü bir tokat atmak,,
şamata etmek,gürültü patırtı yapmak,,
şamata koparmak,aniden gürültü patırtı çıkarmak,,
şampanya patlatmak,bir olayı veya bir kimseyi kutlamak için içilecek şampanyanın şişesinin mantarını ses çıkartacak biçimde açmak,,
şanına düşmek,büyüklüğü veya durumu gereği o şeyi yapması gerekmek,,
şanına yakışmak,şanından olmak,,
şanına yedirememek,yenilgiyi kabul edememek,,
şanından olmak,"bir şey onun büyüklüğüne, karakterine uygun olmak, yaraşmak",,
şansa bırakmak,oluruna bırakmak,,
şansa kalmak,bir şeyin olabilmesi için çok az umut olmak,,
şansını denemek,olumlu bir sonuç almak ümidiyle bir şeye teşebbüs etmek,,
şansı dönmek,talihi iyiyken kötü veya kötüyken iyi olmak,,
şansı yaver gitmek,"talihli olmak, bahtı açık olmak",,
şans tanımak,"imkân vermek, fırsat vermek",,
şans yüzüne gülmek,birden iyi bir durumla karşılaşmak,,
şantaj yapmak,"bir kimseyi, kendisiyle ilgili lekeleyici, gözden düşürücü bir haberi yayma veya açığa çıkarma tehdidiyle korkutmak",,
şan almak,meşhur olmak,,
şan vermek,ün salmak,,
şapa oturmak,içinden çıkılması güç bir duruma düşmek,,
şapka çıkarmak,bir söz veya durum karşısında söyleyecek sözü kalmamak ve takdir etmek,,
şap gibi yanmak,"ortada kalmak, destek bulamamak",,
şap kesilmek,"yemek için fazla tuzlu olması sebebiyle tadı keskinleşmek, yenemeyecek duruma gelmek | çok şaşırmak, şaşırıp kalmak",,
şarj etmek,"yüklemek | bir şeyi anlamaya, kavramaya başlamak",,
şarkı söylemek,belirli bir besteye göre güfteyi uyumlu olarak okumak,,
şarkı tutturmak,bir şarkının sözlerini veya sadece bestesini seslendirmek,,
şart etmek,"""şart olsun"" diyerek yemin etmek",,
şart koşmak,önceden bir şarta bağlamak,,
şart olmak,"gerekmek, kaçınılmaz bir durum almak",,
şart şurt tanımamak,kendini hiçbir şarta bağlı saymamak,,
şaşırıp kalmak,"çok şaşırmak, büyük bir şaşkınlığa düşmek",,
şaşkına çevirmek,şaşırtmak,,
şaşkına dönmek,beklenmedik bir durum karşısında şaşkınlaşmak,,
şavkı vurmak,bir şeyin ışığı yansımak,,
şeamet tellallığı yapmak,her olayı kötü ve sıkıntı yaratacak biçimde yorumlayıp dile getirmek,,
şefaat etmek,"peygamber, birinin suçunun bağışlanması veya dileğinin yerine getirilmesi için aracılık etmek",,
şehadette bulunmak,tanıklık etmek,,
şehadet etmek,"herhangi bir konuda bildiği, gördüğü şeyleri söylemek",,
şehadet getirmek,"İslam'ın şartlarından ""Tanrı'dan başka tapacak yoktur ve Hz. Muhammed onun kulu ve peygamberidir"" anlamına gelen kelimeişehadet adını taşıyan Arapça sözü söylemek",,
şehadet şerbetini içmek,şehit düşmek,,
şehit edilmek,kutsal bir ülkü veya inanç uğrunda öldürülmek,,
şekeri kestirmek,"şeker şerbetine, limon suyu veya limon tuzu katarak kaynatıp koyulaşmasını sağlamak",,
şekerleme yapmak,"kısa bir süre uyumak, kestirmek",,
şekilci olmak,"belli biçimler, kalıplar dışına çıkamamak",,
şekil almak,"belli bir biçime girmek, biçimlenmek, şekillenmek",,
şekil vermek,"belirli bir biçime girmesini sağlamak, biçimlendirmek, şekillendirmek",,
şekvacı olmak,"şikâyet etmek, yakınmak (II)",,
şen olmak,"neşelenmek, sevinmek, mutlu olmak",,
şerbet ezmek,şerbet hazırlamak,,
şerbet içmek,sözlenmek veya nişanlanmak üzere tarafların anlaşması durumunda şerbet içilerek tören yapmak,,
şerbet vermek,Pişmiş bir hamur tatlısına şerbet katmak,,
şerefyap olmak,onur kazanmak,,
şeref vermek,şereflendirmek,,
şerh etmek,açımlamak,,
şerit değiştirmek,trafikte hız durumuna ve yol şartlarına göre belirli kurallar içinde bir yol şeridinden diğerine geçmek,,
şeşi beş görmek,yanlış görmek,,
şevke gelmek,şevklenmek,,
şevke getirmek,şevklendirmek,,
şevki kırılmak,şevki kalmamak,,
şevk vermek,şevklendirmek,,
şeytana külahı (veya pabucu) ters giydirmek,çok kurnaz olmak,,
şeytana parmak ısırtmak,çok kötü ve çirkin bir şey yapmak,,
şeytana uymak,doğru yoldan ayrılarak kötü bir şey yapmak | günah işlemek,,
şeytanın bacağını (veya ayağını) kırmak,"herhangi bir sebeple yapılmayan bir işe başlamak veya gidilmeyen bir yere gitmek | uğursuzluğu, şanssızlığı, aksiliği yenmek",,
şeytanın yattığı yeri bilmek,"bilinmesi ve hatırlanması güç şeyleri bilmek, çok kurnaz ve açıkgöz olmak",,
şeytanlık etmek,"şeytanca bir davranışta bulunmak, kurnazlık etmek",,
şeytan aldatmak,"bazı davranışlarda iradeli, güçlü davranamamak, nefsine uymak | uyku hâlindeyken meni boşalmak, düş azmak",,
şeytan dürtmek,"durup dururken uygunsuz, kötü bir davranışta bulunmak",,
şeytan kandırmak,"düş azmak, şeytan aldatmak",,
şeytan tüyü olmak,kendini herkese kolaylıkla sevdirme özelliği bulunmak,,
şıkır şıkır oynamak,canlı bir biçimde oynamak | çok sevinmek,,
şınav çekmek,şınav hareketini yapmak,,
şırınga etmek,gaz veya sıvı bir maddeyi gözenekli başka bir maddenin içine şırınga ile doldurmak,,
şırınga yapmak,şırınga ile vücuda gerekli yerinden ilaç vermek,,
şiar edinmek,"benimsemek, ilke olarak kabul etmek",,
şiddete başvurmak,kaba kuvvet kullanmak,,
şiddet göstermek,"kaba, sert davranmak",,
şifa bulmak,"iyi olmak, onmak",,
şifa vermek,"iyi etmek, sağlığına kavuşturmak",,
şifreyi çözmek,bir şifrede kullanılan işaretlerin anlamını bulmak | gizli bir olayı anlayıp açıklığa kavuşturmak,,
şiir düzmek,şiir yazmak veya söylemek,,
şike yapmak,danışık spor karşılaşması yapmak | bir çıkar karşılığı anlaşarak bir işi yapmak,,
şikâyette bulunmak,"yakınmak (II), şikâyet etmek",,
şikâyet etmek,birinin yaptığı yanlış bir iş veya davranışı ilgili makama veya daha üst makamdakine bildirmek | sızlanmak,,
şikâyet getirmek,"sızlanmak, yakınmak (II)",,
şimşekleri üstüne çekmek,sert eleştirilere hedef olmak,,
şimşek çakmak,şimşek oluşmak,,
şirazeden çıkmak,kitabın sırt bölümünde bulunan dikişin bozulması sebebiyle sayfalar dağılmak | akıl dengesini kaybetmek,,
şirazesi kaymak,"akli dengesi yerinde olmamak | dengesini yitirmek, kontrolünü kaybetmek, psikolojisi bozulmak",,
şirinlik etmek,şirin görünmeye çalışmak,,
şirinlik muskası takmak,üstünde şirinlik muskası taşımak,,
şirin görünmek,birine sevimli görünmek için çabalamak,,
şirk koşmak,"Tanrı'nın birden çok olduğunu söylemek, Tanrı'ya ortak tanımak, eş koşmak",,
şirretlik etmek,edepsizce davranmak,,
şişeyi dışından yalamak,"cimrilik etmek, cimrice davranmak",,
şov yapmak,"gösteri yapmak | gösteri yapar gibi davranmak, gösteriş peşinde olmak",,
şöhreti dünyayı tutmak,çok tanınmak,,
şöhret kapısı açılmak,meşhur olmaya başlamak,,
şöhret salmak,ünü yayılmak,,
şölen çekmek,"şölen düzenlemek, ziyafet vermek | sanat gösterisinde bulunmak",,
şundan bundan konuşmak,havadan sudan konuşmak,,
şunu bunu bilmemek,"itiraz dinlememek, mazeret kabul etmemek",,
şuuruna ermek,şuuruna varmak,,
şuuruna varmak,"bir şeyi tam anlamıyla kavramak, idrak etmek",,
şükrünü bilmek,"Allah’ın verdiği nimetlere şükredici olmak, minnet duymak",,
şüpheye düşmek,kuşkulanmak,,
şüpheye (veya şüphesine) kapılmak,kuşkulanmak,,
şüphe bırakmamak,kuşkuya sebep olan bütün ihtimalleri ortadan kaldırmak,,
şüphe etmek,kuşkulanmak,,
şüphe uyanmak,kuşku uyanmak,,
şüyu bulmak,"herkes tarafından duyulmak, yayılmak",,
taaccüp etmek,"hayrete düşmek, hayrette kalmak, şaşmak",,
taaffün etmek,"kokuşmak, pis kokmak",,
taahhüt etmek,üstlenmek | üstenmek,,
taalluk etmek,"ilgili bulunmak, ilgili olmak, ilgilendirmek",,
taammüm etmek,"yayılmak, genelleşmek",,
taam etmek,yemek yemek,,
taannüt etmek,"direnmek, inat etmek, ayak diremek",,
taarruza geçmek,saldırmak,,
taarruz etmek,saldırmak,,
taat etmek,"Allah’ın buyruklarını yerine getirmek, ibadet etmek",,
taayyün etmek,belirmek,,
taayyüş etmek,geçimini sağlamak,,
tabak yapmak,içinde yiyeceklerin olduğu bir tabak hazırlamak,,
tabana kuvvet kaçmak,"çok hızlı, koşarak kaçmak",,
tabancaya davranmak,ateş etmek için tabancayı bulunduğu yerden almaya kalkışmak,,
tabanları kaldırmak,koşarak kaçmak,,
tabanları patlamak,"çok yürümekten, çok ayakta durmaktan aşırı yorulmak",,
tabanları yağlamak,"uzak bir yere yayan gitmeye hazırlanmak | hızlıca koşmak, kaçmak",,
tabanvayla gitmek,yürüyerek gitmek,,
taban yapmak,"fiyat, en aşağı duruma düşmek [ekonomi]",,
tabasbus etmek,yaltaklanmak,,
tabir etmek,"yorumlamak | adlandırmak, ad vermek, ifade etmek",,
tabiye etmek,yerleştirmek,,
tabi kılmak,"egemenliği altına almak, boyun eğdirmek, kendine uydurmak",,
tabi olmak,"birinin kontrolü altına girmek, bir şeye veya bir kimseye bağlı olmak",,
tabi tutmak,tabi kılmak,,
tablo çizmek,durumu detaylıca anlatmak,,
taburcu etmek,doktor hastayı yatarak tedavi gerekmediğinde hastaneden çıkarmak | kibarca kovmak,,
taburcu olmak,tedavi edilerek hastaneden çıkmak,,
taca çıkmak,top sahanın yan çizgilerinin dışına çıkmak,,
tacil etmek,"hızlandırmak, çabuklaştırmak, tezleştirmek",,
tacizlik etmek,"tedirgin etmek, can sıkmak",,
tacizlik getirmek,tedirgin olmak | usanç getirmek,,
tacizlik vermek,tedirgin etmek | usandırmak,,
taciz etmek,"sıkıntı vermek, rahatsız etmek",,
taciz olmak,"sıkıntı duymak, rahatsız olmak",,
taç atışı kullanmak,taca çıkan topu elle baş üzerinden geçirip arkadan öne doğru oyun alanına atmak [spor],,
taç giymek,tahta çıkmak | kral veya kraliçe seçilmek,,
tadada çıkmak,yoklamaya katılmak üzere toplanmak [askerlik],,
tadat etmek,saymak,,
tadına bakmak,"ağzına alıp tadını denemek, test etmek | başından geçmiş olmak",,
tadına doyum olmamak,bir şeyin tadı çok beğenilmek | herhangi bir şey çok beğenilmek,,
tadına varmak,bir şeydeki ince güzelliği kavramak,,
tadından yenmemek,"çok tatlı, çok hoşa gider olmak",,
tadında bırakmak,aşırılığa kaçmamak | güzel giden bir şeyi tatsız bir duruma sokacak ölçüsüzlüğe vardırmamak,,
tadını almak,"bir şeyin ne tatta olduğunu anlamak | bir şeyin güzelliğini bilir olmak, zevkine varmak",,
tadını bulmak,tadı yerine gelmek,,
tadını çıkarmak,bir şeyin güzelliğinden veya sağladığı imkânlardan yeterince yararlanmak,,
tadını kaçırmak,güzel giden bir şeyi tatsız bir duruma sokacak ölçüsüzlüğe vardırmak,,
tadını tuzunu bulmak,"kıvamına gelmek, beklenen ölçülere ulaşmak",,
tadı damağında kalmak,"yenen bir şeyin tadını unutamamak | hoşa giden, zevk alınan bir şeyi unutamamak",,
tadı gelmek,tat kazanmak,,
tadilat geçirmek,değişiklik yapılmak,,
tadilat yapmak,değiştirmek,,
tadil etmek,değiştirmek,,
tafra satmak,"böbürlenmek, büyüklenmek, büyüklük taslamak",,
tafsilata girmek,ayrıntılar üzerinde durmak,,
tafsilat vermek,"bir kimse, bir şey veya durumun özelliklerini, inceliklerini, ayrıntılarıyla anlatmak, uzun uzadıya anlatmak",,
tagayyür etmek,değişmek,,
tağşiş etmek,karıştırmak | saflığını bozmak,,
tağyir etmek,"değiştirmek, başkalaştırmak | bozmak",,
tahaccür etmek,taşlaşmak,,
tahakkuk etmek,gerçekleşmek,,
tahakkuk ettirmek,"kurum, kuruluş veya kişilerin herhangi bir konuda ödemesi gereken miktarı belirlemek",,
tahakküm etmek,"zorbalık etmek, hükmetmek",,
tahakküm kurmak,hükmetmek,,
tahammül etmek,"dayanmak, katlanmak, kaldırmak",,
tahammür etmek,mayalanmak,,
taharet almak,"sidik veya dışkı yapıldıktan sonra suyla temizlenmek, taharetlenmek",,
taharet etmek,taharet almak,,
taharri etmek,aramak,,
taharrüş etmek,"tırmalanmak, kurcalanmak, azdırılmak",,
tahattur etmek,hatırlamak,,
tahavvül etmek,"değişmek, dönüşmek",,
tahayyüle dalmak,tahayyül etmek,,
tahayyül etmek,zihinde veya hayalde canlandırmak,,
tahdit etmek,sınırlamak,,
tahdit kılınmak,sınırlandırılmak,,
tahdit olunmak,sınırlandırılmak,,
tahfif etmek,hafifletmek,,
tahfif ettirmek,hafiflettirmek,,
tahfif kılınmak,hafifletilmek,,
tahfif olunmak,hafifletilmek,,
tahinli ekmek,Mayalanmış hamurun 1-2 santimetre kalınlığında açılıp üzerine şekerlendirilmiş tahinin serilmesiyle elde edilen malzemenin fırında pişirilmesiyle yapılan bir ekmek türü,,
tahkikat yapmak,"belli bir konuyu araştırmak, soruşturmak",,
tahkik etmek,soruşturmak,,
tahkime gitmek,"herhangi bir anlaşmazlığı, çözülmesini sağlamak için tahkim kuruluna taşımak",,
tahkim etmek,"kuvvetlendirmek, sağlamlaştırmak",,
tahkire uğramak,hakaret görmek,,
tahkir etmek,"aşağılamak, onur kırmak",,
tahkiye etmek,"hikâye etmek, anlatmak",,
tahlilden geçirmek,gözden geçirmek,,
tahlil etmek,"bileşik bir maddenin birleşimindeki yalın maddelerin niteliğini veya niceliğini tespit etmek, analiz etmek | çözümlemek",,
tahlis etmek,kurtarmak,,
tahliye edilmek,boşaltılmak | serbest bırakılmak,,
tahliye etmek,boşaltmak | tutukluyu serbest bırakmak,,
tahliye olmak,boşalmak | serbest kalmak,,
tahmil etmek,yüklemek,,
tahmin etmek,"yaklaşık olarak değerlendirmek, oranlamak | kestirmek",,
tahnit etmek,bozulmaması için ölüyü ilaçlamak,,
tahrifat yapmak,tahrif etmek,,
tahrif etmek,"bozmak, değiştirmek",,
tahrik etmek,"cinsel isteği, duyguları uyandırmak, artırmak | kışkırtmak | yola çıkartmak, hareket ettirmek, kımıldatmak",,
tahrik olmak,"cinsel isteği, duyguları uyanmak, artmak | harekete geçmek",,
tahripkâr olmak,tahrip edici olmak,,
tahrip etmek,"yıkmak, kırıp dökmek, bozmak",,
tahrir etmek,yazmak,,
tahriş etmek,tırmalamak | deriyi zorlama veya sürtünme yoluyla kızartmak veya soymak,,
tahriş olmak,zedelenmek | deri zorlama veya sürtünme yoluyla kızarmak veya soyulmak,,
tahsil etmek,parayı toplamak | öğrenim yapmak,,
tahsil görmek,eğitim almak,,
tahsin etmek,"beğenmek, takdir etmek",,
tahsis etmek,"ayırmak, özgülemek",,
tahtalıköyü boylamak,ölmek,,
tahtaya kaldırmak,"öğrenciyi sözlü sınav yapmak, bir soruyu çözmek veya bir konu anlatmak için sınıftaki tahtanın önüne çağırmak",,
tahtaya kalkmak,"öğrenci sözlü sınav, soru çözmek veya bir konuyu anlatmak için sınıftaki tahtanın önüne çıkmak",,
tahta çıkmak,hükümdar olmak,,
tahttan indirmek,hükümdarlığına son vermek,,
tahvil etmek,dönüştürmek,,
takaddüm etmek,"öncesine gelmek, öncesinde yer almak",,
takallüs etmek,kasılmak,,
takarrüp etmek,"yakınlaşmak, yaklaşmak, yanaşmak",,
takarrür etmek,"bir yerde karar kılmak, yerleşmek | karar verilmek",,
takas etmek,sayışmak | değiştirmek,,
takas tukas etmek,takas etmek,,
takati yetmemek,"iş yapabilme, başarabilme gücü yeterli olmamak",,
takatsizlik duymak,"iş yapabilme, başarabilme gücünün kalmadığı anlamak",,
takat getirmek,"dayanmak, katlanmak",,
takaza etmek,azarlamak | başa kakmak,,
takbih etmek,kınamak,,
takdim etmek,"sunmak | tanıtmak, tanıştırmak | öne almak, önceye almak, öncelemek",,
takdim olunmak,"sunulmak | tanıtılmak, tanıştırılmak",,
takdirini kazanmak,bir kimse veya bir topluluk tarafından beğenilmek,,
takdir olunmak,"beğenilmek | değeri, önemi, gereği anlaşılmak | değeri biçilmek",,
takdis etmek,kutsamak,,
takılıp kalmak,herhangi bir noktadan ayrılamamak,,
takılı kalmak,bir iş bitmemek,,
takım tutmak,"spor takımlarından birine gönül vermek, onun taraftarı olmak",,
takım yapmak,değişik parçaları bir araya getirerek bir bütün oluşturmak,,
takıp takıştırmak,özenerek süslenmek,,
takibe vermek,"banka, alacağını hukuki yoldan tahsil edilebilmek için işi avukata havale etmek",,
takip etmek,"yetişmek, yakalamak veya bulmak amacıyla birinin arkasından gitmek, izlemek | belli bir yöne gitmek | uymak | bir şeyi izlemek | dikkatle dinlemek, anlamak | kovuşturmak | hemen arkasından gelmek | izinden gitmek, uymak | geri çekilmekte olan düşmanı yok etmek için arkasından gitmek [askerlik]",,
takiye yapmak,"olduğundan farklı görünmek | sakınmak, çekinmek",,
takkeyi önüne koyup düşünmek,uzun ve derin düşünmek,,
takla atmak,"takla hareketini yapmak | kaza sonucu taşıtlar devrilip yuvarlanmak | çok sevinmek | bir kimseye yaranmak için onun hoşuna giden davranışlarda bulunmak, dalkavukluk etmek",,
takla attırmak,takla hareketini yaptırmak | bir şeyi dilediği gibi beceriyle kullanabilmek | birine istediği her şeyi yaptırmak,,
taklidini yapmak,"bir kimsenin konuşmasını veya davranışını, bir hayvanın sesini veya hareketini komik bir biçimde tekrarlamak | bir nesnenin bire bir benzerini üretmek",,
taklip etmek,"bir şeyin biçim ve kalıbını değiştirmek, evirmek",,
taklit etmek,"birinin yaptığı gibi yapmak, birine veya bir şeye benzemeye çalışmak; öykünmek | birinin davranışlarını, konuşmasını tekrarlayarak eğlenmek | bir şeyin sahtesini, yalancısını yapmak, benzetmek",,
takoz atmak,takoz koymak,,
takoz koymak,"aracın hareketini önlemek için tekerleklerden birinin önüne veya arkasına takoz yerleştirmek, takoz atmak | olacak işi engellemek",,
takrir etmek,ders anlatmak,,
takrir vermek,tapu dairesinde taşınmaz malını başkasına sattığını veya ipotek ettiğini sözle ifade etmek | önerge vermek,,
taksim etmek,paylaştırmak,,
taksite bağlamak,"bir şeyi belli aralıklarla, belli miktarlarda ödeme şartları ile almak veya satmak",,
taksi çevirmek,hareket hâlindeki taksiyi bir yere gitmek için durdurmak,,
taktik vermek,çeşitli sorunlarda sonuca ulaşmak için yol ve yöntem göstermek,,
taktir etmek,damıtmak,,
takti etmek,parçalara ayırmak | aruz ölçüsünde bir dizeyi ölçünün parçalarına göre ayırmak [edebiyat],,
takvime bağlamak,Yapılacak bir işin türlü evrelerini zamana bağlı olarak göstermek,,
takviye etmek,"sağlamlaştırmak, kuvvetlendirmek, desteklemek",,
takyit etmek,"bağlı kılmak, bir davranışı kısıtlamak, birtakım şartlara bağlamak, kayıtlamak",,
tak etmek,tak diye ses çıkarmak,,
talandan geçmek,yağmalanmak,,
talan etmek,"yağmalamak, talanlamak",,
talep etmek,"istemek, istekte bulunmak",,
talep eylemek,istemek,,
talihine küsmek,kötü bir durum veya olayla karşılaşıldığında yalnızca talihi suçlamak,,
talihin kucağına atılmak,kendi kaderine boyun eğmek,,
talihi yaver gitmek,"talihi iyi olmak, işi yolunda gitmek",,
talihi yâr olmak,talihi yaver gitmek,,
talik etmek,"asmak | bir işin yapılmasını sonraya bırakmak, ertelemek",,
talimat vermek,"üst düzeyde bulunan biri, yaptıracağı işle ilgili olarak emir vermek",,
talim etmek,"öğrenmek, bilgi kazanmak",,
talim etmek,az para karşılığında çalışmak | hep aynı şeyi yemek zorunda olmak,,
talip olmak,istekli olmak,,
talip (veya talibi) çıkmak,kız evlenme teklifi almak | bir şeye istekliler bulunmak,,
talkın vermek,ölü gömüldükten sonra mezar başında imam dinî sözler söylemek,,
taltif etmek,"gönül almak, gönül okşamak | birini nişan, madalya, aylık artırma vb. şeylerle ödüllendirmek",,
tamahkârlık etmek,açgözlülük etmek,,
tamah etmek,açgözlü davranmak | çok beğenerek istemek,,
tamam bulmak,"bitmek, sona ermek",,
tamam etmek,tamamlamak,,
tamam gelmek,bir şeye uygun düşmek,,
tamam olmak,"sona ermek, tamamlanmak",,
tamim etmek,genellemek,,
tamire vermek,onarılmak için bir şeyi onaracak kimse veya yere vermek,,
tamir etmek,onarmak | yapılan bir yanlışı düzeltmeye çalışmak,,
tamir görmek,"onarılmak, düzeltilmek, yenilenmek",,
tamtakır olmak,içinde gerekli hiçbir şey kalmamak,,
tam adamına çatmak,olumsuz bir davranış ve tutum içinde bulunan kimseyle karşı karşıya gelmek,,
tam bakım yaptırmak,sağlık yönünden genel bir yoklama yaptırmak,,
tam ekmek,"Geleneksel mayalama tekniği ile üretilen, kepeği alınmamış ekmek",,
tam ekran yapmak,bilgisayardaki görüntüyü ekranın tüm alanını kullanarak vermek,,
tam üstüne basmak,"kesin olarak belirlemek | doğru olanı, istenileni bulmak",,
tandem oynamak,savunmak amacıyla kalecinin önünde duran iki oyuncu paslaşarak oynamak [spor],,
tane bağlamak,meyve veya herhangi bir bitkinin tohumları tane durumuna gelmek,,
tanıdık çıkmak,"önceden birbirlerini tanımış olmak, tanış olmak | bir şeyi daha önceden öğrenmiş, duymuş olmak",,
tanıklık etmek,"mahkemede, tanık olunan bir durumu söylemek, şahitlik etmek [hukuk] | sosyal bir olayı, dönemi yaşamış olmak",,
tanık olmak,"bir olayı görmek ve duymak, şahit olmak",,
tanımazlıktan gelmek,bir kimseyi tanıdığı hâlde tanımıyormuş gibi davranmak,,
tanış çıkmak,birbirlerini eskiden bildiklerini veya ailece tanıştıklarını anlamak,,
tanı koymak,hastalığın ne olduğunu araştırıp ortaya koymak,,
Tanrı yarattı dememek,Allah yarattı dememek,,
tansiyonu düşürmek,gerilimi azaltmak,,
tansiyonu yükseltmek,gerilimi arttırmak,,
tansiyon ölçmek,bir kimsenin özel bir aletle kan basıncını tespit etmek [tıp],,
tanzim etmek,"sıralamak | düzenlemek, düzen vermek",,
tanzim olunmak,"sıralanmak | düzenlenmek, düzen verilmek",,
tanzir etmek,benzetmek | divan edebiyatında bir şiirin benzerini yazmak [edebiyat],,
tan yeri ağarmak,"sabah olmaya başlamak, ufku belli belirsiz bir aydınlık kaplamak",,
tapan çekmek,tapanlamak,,
tapi kalmak,kumar oyunlarında fişsiz veya parasız kalmak,,
taraftarlık etmek,"bir tarafı tutmak, bir yanı desteklemek | sporcunun veya sporcuların temsil ettikleri renklere, kulübe veya bayrağa bağlı olmak [spor]",,
taraf gözetmek,birinden yana olmak,,
taraf (veya tarafını) tutmak,"birinden yana olmak, birinin görüş ve düşüncesini desteklemek",,
tarak vurmak,taramak,,
tarassut etmek,"gözlemek, gözetlemek",,
tarh etmek,"bir sayıyı bir sayıdan çıkarmak [matematik] | vergilendirmek, vergi koymak | kurmak, tertip ve tanzim etmek",,
tarife gelmemek,açıklanması güç olmak,,
tarif etmek,"tanımlamak | bir işin yapılış yöntemini açıklama ve belirtmek | bir şeyin bulunduğu yeri, çevre ile ilgisini belirterek açıklamak",,
tarihe geçmek,önemi bakımından unutulmayacak bir durum kazanmak,,
tarihe karışmak,"unutulmak, yalnız adı kalmak",,
tarih düşürmek,"doğum, ölüm, savaş vb. yaşanmış önemli bir olayın veya yeni yapılmış bir eserin yıl olarak tarihini göstermek amacıyla Arap alfabesindeki harflere verilen sayı değerlerini esas alan ebcet hesabıyla bir mısra veya beyit söyleme",,
tarizde bulunmak,"sözle sataşmak, taşlamak",,
tariz etmek,"sataşmak, dokundurmak",,
tarla açmak,"çalıları, ağaçları, taşları kaldırarak veya ormanlık bölgede ağaç keserek, yakarak bir yeri sürülüp ekilir duruma getirmek",,
tarsin etmek,sağlamlaştırmak,,
tartışmaya girmek,münakaşa etmeye başlamak,,
tartışma götürmek,bir konu tartışılabilir olmak,,
tartıya vurmak,tartma işini yapmak,,
tartma tartmak,başörtüsü takmak,,
tarumar etmek,"dağıtmak, karıştırmak, darmadağın etmek",,
tarumar olmak,"dağılmak, karışmak, darmadağın olmak",,
tarziye vermek,"gönül almaya çalışmak, özür dilemek",,
tasallut etmek,sarkıntılık etmek,,
tasarruf etmek,"bir malın sahibi olmak, onu istediği gibi kullanmak | bir şeyi dikkatli ve idareli kullanmak | para biriktirmek | kısmak",,
tasasına düşmek,yapılması gereken bir şeyi gerçekleştirmenin yollarını aramak | biri veya bir şey için kaygılanmak,,
tasasız olmak,kaygısız olmak,,
tasavvur etmek,"zihinde canlandırmak, göz önüne getirmek",,
tasa çekmek,kaygılanmak,,
tasa etmek,"üzülmek, kaygıya kapılmak",,
tasdik etmek,doğrulamak | onaylamak,,
tasfiye etmek,"arıtmak, temizlemek | bir ticaret kuruluşunu kapatmak | yok etmek, ortadan kaldırmak | işine son vermek",,
tashih etmek,"düzeltmek, doğrultmak",,
tasmim etmek,tasımlamak,,
tasnif etmek,bölümlemek,,
tasrif etmek,"çekmek, çekimlemek",,
tasrih etmek,açıkça belirtmek,,
tastir etmek,yazmak | satır biçiminde dizmek,,
tasvip etmek,"bir düşünce veya davranışın doğru ve isabetli olduğunu belirtmek, onamak, uygun bulmak",,
tasvip görmek,"birinin bir düşünce veya davranışı başkalarınca uygun, yerinde bulunmak",,
tasvir etmek,betimlemek | resmini yapmak,,
taşa çekmek,bileği taşında kılağılamak,,
taşa tutmak,"üst üste taş atmak, aralıksız taşlamak | zımparalamak amacıyla çok hızla dönen bileği taşına hafifçe dokundurmak, pürüzlerini almak, düzgünleştirmek [teknik]",,
taşın altına elini koymak,elini taşın altına koymak,,
taşı gediğine koymak,"gerekli bir sözü tam zamanında ve yerinde söyleyerek karşısındaki kimseyi susturmak, zekice davranmak",,
taşı toprağı altın olmak,"arazisi çok değerli olmak | her türlü zenginliğe, olanağa, fırsata sahip olmak",,
taşlar yerine oturmak,"her şey yerli yerinde olmak | her makama, işin veya görevin gereklerine uygun kişi yerleşmek",,
taşralı kalmak,"bir kimse taşrada edindiği görgü, örf ve âdetleri büyükşehre gelince bırakmamak",,
taş atıp kolu yorulmamak,bir kazancı hiç yorulmadan sağlamak,,
taş atmak,"birine dolaylı olarak iğneleyici, dokunacak bir söz söylemek",,
taş düşürmek,böbrekte oluşan kum ve taşları vücuttan atmak,,
taş kesilmek,"çok şaşırıp ne yapacağını, ne söyleyeceğini bilememek, sesini çıkaramaz olmak",,
taş kırdırmak,böbrek taşlarını çeşitli yollarla parçalara ayırarak vücuttan atmak,,
taş koymak,engelleyecek biçimde davranmak,,
taş sürmek,"satranç, dama, domino vb. oyunlarda taşlardan birini oynatmak",,
taş taş üstünde bırakmamak,baştan başa yıkıp yerle bir etmek,,
tatava etmek,gereksiz yere çok konuşmak,,
tatbik etmek,uygulamak,,
tatile girmek,belirli bir süre için çalışmalara ara vermek,,
tatil etmek,"okul, iş yeri vb.ni kapatmak, çalışmasına ara vermek | başka bir güne, zamana erteleyerek çalışmaya ara vermek",,
tatil olmak,"kapanmak, ara verilmek",,
tatil yapmak,tatile çıkmak | işe ara verip dinlenmek,,
tatlıya bağlamak,kavgalı bir işi gönül hoşluğuyla bitirmek,,
tatlı canından etmek,öldürmek,,
tatlı canından olmak,ölmek,,
tatlı canını sıkmak,gereksiz şeylere üzülmek ve bunları dert edinmek,,
tatmin etmek,karşısındakinin cinsel isteklerini gidermek | karşısındakine güven vererek onu istenilen bir biçimde hoşnut etmek | doyurmak,,
tatmin olmak,"istediği bir şeye ulaşarak hoşnut olmak, rahatlamak, doyurulmak | cinsel isteklerini gidermek | doyurucu bulmak",,
tatsızlık çıkarmak,"hoşa gitmeyen, can sıkıcı, gergin bir duruma sebep olmak",,
tat almak,"tadı algılamak | bir şeyden hoşlanmak, zevk almak",,
tat kazanmak,"belli bir tada kavuşmak, olgunlaşmak, tatlanmak | hoşa gidecek, zevk alınacak duruma gelmek",,
tat vermek,"acı, tatlı, ekşi vb. bir tat kazandırmak | hoşa giden bir duruma sebep olmak",,
tavaf etmek,bir şeyin çevresini dolaşmak | İslam dininde hac ve umre sırasında Kâbe'nin çevresini yedi kez dolaşmak [din bilgisi],,
tavana vurmak,tavan yapmak,,
tavan yapmak,"Menkul Kıymetler Borsasında işlem görmekte olan hisse senedinin değeri en üst düzeye ulaşmak | sinir, heyecan vb. en üst düzeye çıkmak",,
tavassut etmek,aracılık etmek,,
tavattun etmek,yurt edinmek,,
tavazzuh etmek,"aydınlanmak, açıklık kazanmak, belirli duruma gelmek",,
tava gelmek,toprak sürülecek duruma gelmek | hazır hâle gelmek | yola gelmek | kanmak,,
tava getirmek,gereği kadar ısıtmak | olayları istenilen duruma getirmek | bir işin yapılabilmesi en uygun zamanı seçmek | kandırmak,,
tavına getirmek,işi en uygun duruma getirmek,,
tavını bulmak,iş vb. için en uygun şartları yakalamak,,
taviz vermek,ödün vermek,,
tavla atmak,tavla oynamak,,
tavsif etmek,"nitelendirmek, niteliklerini söylemek",,
tavsiye etmek,"bir şeyin yapılmasını veya yapılmamasını öğütlemek, salık vermek | bir iş için bir kimseyi salık vermek, önermek",,
"tavşana kaç, tazıya tut demek","davalı iki tarafı birbirlerine karşı kışkırtmak, ikili oynamak",,
tavşanı araba ile avlamak,taşıt farlarını üzerine tutarak tavşanı avlamak | işini usule uygun olmayan yollara başvurarak halletmek | işini telaşsız ve soğukkanlılıkla görmek,,
tavuk ayağı yemek,"gevezelik etmek, dedikodu yapmak",,
tavus çıkarmak,sarhoş kusmak,,
tavzif etmek,görevlendirmek,,
tavzih etmek,açıklamak,,
tav olmak,kanmak | tam olarak istediği olmasa da kabul etmek,,
tav vermek,gereken ve uygun nemi sağlamak | en uygun duruma getirmek,,
tayini çıkmak,atanmak,,
tayin etmek,kararlaştırmak | atamak | belirlemek,,
tay gelmek,"denk, eşit olmak",,
tazallüm etmek,"sızlanmak, yakınmak (II)",,
tazammun etmek,içermek,,
tazarruda bulunmak,Tanrı'ya yakarmak,,
tazıya dönmek,çok zayıflamak | sırılsıklam olmak,,
tazim etmek,"saygı göstermek, ululamak",,
tazip etmek,"üzmek, sıkıntıya sokmak",,
tazmin etmek,zararı ödemek,,
tazyik etmek,"zorlamak, baskı yapmak | sıkıştırmak",,
teakup etmek,birbiri ardınca gelmek,,
teati etmek,karşılıklı alıp vermek,,
tebahhur etmek,buharlaşmak,,
tebarüz etmek,belirmek,,
tebarüz ettirmek,belirtmek,,
tebcil etmek,"yüceltmek, ululamak",,
tebdili şaşmak,"ne yapacağını bilememek, telaşa kapılmak",,
tebdil etmek,değiştirmek,,
tebdil gezmek,tanınmamak için kılık değiştirerek gezmek | değişik görüntüde olmak,,
tebelleş etmek,birini veya bir şeyi birinin başına bela etmek,,
tebelleş olmak,"bir kimsenin veya şeyin başına dert olmak, musallat olmak",,
tebellüğ etmek,bir bildirimi almak,,
tebellür etmek,billurlaşmak | belirmek,,
teberru etmek,bağışlamak,,
teberrüz ettirmek,belirtmek,,
tebessüm etmek,gülümsemek,,
tebeyyün etmek,"belli olmak, ortaya çıkmak",,
tebligatta bulunmak,"bildirim yayımlamak, bildirimden haberdar etmek, bildirim göndermek",,
tebliğ etmek,bildirmek,,
tebliğ olunmak,bildirilmek,,
tebrik etmek,kutlamak,,
tebriye etmek,aklamak,,
tebşir etmek,"sevinilecek bir haber vermek, müjdelemek, muştulamak",,
tebyiz etmek,temize çekmek,,
tecahülüarifaneden gelmek,bilmez gibi davranmak,,
tecahül etmek,"bilmez gibi görünmek, bilmezlenmek",,
tecavüze uğramak,tecavüzle karşı karşıya kalmak,,
tecavüz etmek,"başkasının hakkına el uzatmak | saldırmak, hücum etmek | zor kullanarak ırzına geçmek | aşmak, geçmek",,
tecelli etmek,"belirmek, görünmek, ortaya çıkmak, zuhur etmek, meydana çıkmak",,
tecennün etmek,"çıldırmak, delirmek",,
tecerrüt etmek,"sıyrılmak, soyutlanmak",,
tecessüm etmek,cisimlenmek | belirmek | canlanmak,,
tecezzi etmek,"bölünmek, parçalara ayrılmak",,
tecil etmek,ertelemek,,
tecrit etmek,"herkesten veya her şeyden ayırmak, bir kenara koymak | bir insanı dış dünyadan kopararak kendi hâline bırakmak | bulaşıcı hastalık durumlarında hastayı tedavi etmek amacıyla ayrı bir odada tutmak | soyutlamak [felsefe] | yalıtmak [fizik] | mahkûmu cezasını tek başına çekmesi için diğer hükümlülerden ayırmak",,
tecrübe etmek,"denemek, sınamak | deneyim kazanmak | deneyimlemek",,
tecrübe tahtasına çevirmek,üst üste başarısız denemelere konu etmek,,
tecrübe tahtasına dönmek,üst üste başarısız denemelere konu olmak,,
tecviz etmek,"uygun bulmak, izin vermek",,
tecziye etmek,cezalandırmak,,
teçhil etmek,"birinin bilgisizliğini göstermek, bilmezlemek",,
teçhiz etmek,donatmak,,
tedahülde kalmak,ödenmeden birikmek,,
tedarikte bulunmak,hazırlık yapmak,,
tedarik etmek,"bulmak, sağlamak",,
tedavi etmek,"iyileştirmek amacıyla sağlık uygulamalarından geçirmek, sağaltmak | düzeltmek",,
tedavülden kalkmak,para artık kullanılmamak | bir uygulama gelenek vb. için geçerliliğini yitirmek,,
tedavülde olmak,"para vb. geçerli olmak, sürümde bulunmak | bir uygulama gelenek vb. için geçerli olmak",,
tedavüle çıkarmak,parayı piyasaya çıkarmak,,
tedavüle sürmek,tedavüle çıkarmak,,
tedbir almak,önlem almak | hazırlanmak,,
tedenni etmek,"gerilemek, düşmek",,
tedhiş etmek,"dehşete düşürmek, korkutmak",,
tedip etmek,"yola getirmek, uslandırmak, terbiye etmek",,
tedirgin etmek,"rahatını, huzurunu kaçırmak",,
tedirgin olmak,"rahatı, huzuru kaçmak",,
tediye etmek,ödemek,,
tedvin etmek,derlemek,,
tedvir etmek,"çevirmek, döndürmek | yönetmek, çekip çevirmek",,
teeddüp etmek,"utanmak, sıkılmak",,
teehhül etmek,evlenmek,,
teessüf etmek,"acımak, üzülmek, yazıklanmak | kınamak",,
teessür etmek,"üzülmek, acımak",,
teessür göstermek,üzüntüsünü açığa vurmak,,
teessüs etmek,"kurulmak, ortaya çıkmak",,
teeyyüt etmek,"doğru çıkmak, gerçeklenmek",,
tefavüt etmek,farklı duruma getirmek,,
tefekküre dalmak,"derin düşünmek, düşünceye dalmak",,
tefekkür etmek,düşünmek,,
tefessüh etmek,"organ, yiyecek vb. çürüyerek bozulmak | soysuzlaşmak",,
tefeül etmek,"fala bakmak, fal açmak",,
tefevvuk etmek,"üstün gelmek, bastırmak",,
tefeyyüz etmek,"yükselmek, ilerlemek",,
tefe koymak,biri hakkında alaylı dedikodu yapmak,,
tefe koyup çalmak,tefe koymak,,
tefhim etmek,anlatmak,,
tefrika çıkarmak,birbirine kötülük etmeye kadar varan sürekli anlaşmazlık yaratmak,,
tefrika etmek,"yazı dizisi, roman vb.ni gazete ve dergilerde bölümler hâlinde yayımlamak",,
tefrik etmek,ayrımlamak | ayırt etmek,,
tefriş etmek,döşemek,,
tefsir etmek,yorumlamak,,
teftiş etmek,denetlemek,,
tegafül etmek,anlamazlıktan gelmek,,
teganni etmek,şarkı söylemek,,
teğet geçmek,yakınından geçmek | bir konuya üstünkörü dokunmak,,
tehalüf etmek,birbirine aykırı olmak,,
tehalük etmek,"can atmak, çok istemek",,
tehalük göstermek,"can atmak, çok istemek",,
tehcir etmek,"bir yerden göç ettirmek, sürmek",,
tehdit etmek,"bir kimseyi, gelecek herhangi bir tehlike ile korkutmak | tehlikeli bir durum yaratmak",,
tehdit savurmak,"korkutmak, gözdağı vermek",,
tehevvür etmek,"çok kızmak, öfkelenmek, köpürmek",,
tehir etmek,ertelemek,,
tehlikeye atılmak,zarar ve sıkıntılara yol açacak bir davranışta bulunmak,,
tehlikeye atmak,"tehlikeye düşürmek, sıkıntı, üzüntü veya zarar oluşturacak bir duruma sokmak",,
tehlikeye düşürmek,"sıkıntı, üzüntü veya zarar oluşturacak bir duruma sokmak",,
tehlike atlatmak,büyük zarar ve sıkıntılara yol açacak bir olayı savuşturmak,,
tehlike çanları çalmak,kötü bir durumun ortaya çıkacağı belli olmaya başlamak,,
tehlike yaratmak,tehlike oluşturmak,,
tehyiç etmek,heyecanlandırmak,,
tekabül etmek,karşılamak,,
tekaüt olmak,"emekli olmak, emekliye ayrılmak",,
tekbir getirmek,"Müslümanlıkta Tanrı'nın büyüklüğünü, yüceliğini anmak için söylenen ve ""Allahuekber"" sözü ile başlayan duayı okumak",,
tekdir etmek,azarlamak,,
tekeden süt çıkarmak,olamayacak şeyleri olur duruma getirmek,,
tekeffül etmek,yükümlenmek | kefil olmak,,
tekelinde olmak,"herhangi bir şey tekeli altında bulunmak, elinde tutmak, inhisarında olmak",,
tekeline (veya tekellerine) almak,"bir şeye tek başına sahip olmak, inhisarına almak, patentini almak | fikir, sanat vb. alanda kendi görüşünü hâkim kılmak",,
tekemmül etmek,olgunlaşmak,,
tekere çomak sokmak,"birinin yolunda giden işini aksatan, engelleyen davranışta bulunmak",,
tekerine (veya tekerinin önüne) taş koymak,tekere çomak sokmak,,
tekerrür etmek,tekrarlanmak,,
teker meker yuvarlanmak,döne döne yuvarlanmak | iyi durumda olan bir kişi durumunu birdenbire yitirmek,,
tekessür etmek,çoğalmak,,
tekfin etmek,kefenlemek,,
tekfir etmek,birini kâfir saymak,,
tekit etmek,"kuvvetleştirmek, sağlamlaştırmak, pekiştirmek, pekitmek | üstelemek, pekitmek",,
teklif almak,"teklifte bulunulmak | öne sürülmek | evlenme, arkadaşlık isteğinde bulunulmak | öneri almak",,
teklif etmek,"teklifte bulunmak | öne sürmek | evlenme, arkadaşlık isteğinde bulunmak | önermek",,
tekme tokat girişmek,dayak atmak,,
tekme yemek,birinin ayağından darbe almak | ihanete uğramak | yarı yolda bırakılmak | terk edilmek,,
tekmil almak,"üst, birliğin o andaki durumunu bildiren sözlü bilgiyi asttan almak [askerlik]",,
tekmil olmak,tamamlanmak,,
tekmil vermek,"ast, bir iş ve durum hakkında üste bilgi vermek [askerlik] | ast, üstüne künyesini söylemek",,
tekrar etmek,"yeni baştan söylemek veya yapmak | bir iş, olay vb. yeniden ortaya çıkmak, tekrarlanmak",,
tekrir etmek,tekrarlamak,,
teksif etmek,yoğunlaştırmak,,
teksir etmek,yazıyı çoğaltmak,,
tekvin etmek,yaratmak,,
tekzip etmek,"yalanlamak, doğru olmadığını açıklamak",,
tek dalmak,güreşte rakip güreşçinin tek bacağını kapmak [spor],,
tek durmak,"uslu durmak, yaramazlık etmemek, sessiz kalmak",,
tek durmamak,"bir taraf öbür tarafa karşı bazı hareket ve çalışmalar içinde bulunmak | yaramazlık, çapkınlık vb. yapmak",,
tek geçmek,"sadece onunla ilgilenmek, sadece ona önem veya değer vermek",,
tek kale oynamak,futbolda rakibi kendi sahasına sıkıştırıp sürekli hücum etmek | bir işte sadece kendi düşüncelerini ve kurallarını geçerli saymak,,
tek kürekle mehtaba çıkmak,eksik hazırlıkla bir işe kalkışmak | beceriksizce alay etmeye kalkışmak,,
tekâmül etmek,"olgunlaşmak | evrim geçirmek, gelişmek",,
tek pas yapmak,kendisine gelen topu bekletmeden en uygun durumda olan arkadaşına vererek karşı takımın oyun kurmasını engellemek,,
tek sıra olmak,"sıraya girmek, sıralanmak",,
tekâsüf etmek,toplanmak | yoğunlaşmak,,
tek tipleşebilmek,Tek tipleşme ihtimali veya imkânı bulunmak,,
tek tipleşmek,Aynı biçim veya niteliğe gelmek | Benzer biçimde olmak,,
tek tipleştirilmek,Aynı biçim veya niteliğe getirilmiş olmak,,
tek tipleştirmek,Aynı biçim veya niteliğe getirmek,,
tek vücut olmak,birlikte hareket etmek,,
telaffuz etmek,söylemek,,
telafi etmek,"ziyan olan veya elden çıkan bir şeyin yerini doldurmak, karşılamak",,
telaki etmek,buluşmak,,
telakki etmek,"saymak, öyle kabul etmek, öyle anlamak",,
telakki olunmak,"sayılmak, öyle kabul edilmek",,
telaşa düşmek,telaşlanmak,,
telaşa gelmek,bir iş telaş sırasında yapılmak,,
telaşa vermek,"davranış ve hareketleriyle çevresindekileri heyecana, aceleye, sıkıntıya sokmak",,
telaşına dalmak,"herhangi bir şeyle ilgili olarak heyecan içinde, aceleyle, sıkıntıyla davranmak",,
telaş almak,"herhangi bir sebeple heyecanlanmak, endişelenmek, acele etmek",,
telaş etmek,"sıkıntı duyarak acele etmek, endişelenmek, telaşlanmak",,
telaş göstermek,telaşını belli etmek,,
telef etmek,"hayvanı öldürmek | mahvetmek, yok etmek",,
telef olmak,"hayvan, ölmek | mahvolmak",,
teleme yapmak,teleme işlemini gerçekleştirmek,,
telgraf çekmek,"telgrafla haber göndermek, tellemek",,
telhis etmek,özetlemek,,
telif etmek,uzlaştırmak | kitap yazmak,,
telin etmek,lanetlemek,,
teli kırmak,bağlı bulunduğu kuruluşlarla ilişkisini kesmek,,
telkin etmek,aşılamak,,
tellal çağırtmak,"bir haber, bir istek vb.ni tellal aracılığıyla duyurmak",,
teller takmak,sevincini aşırı davranışlarla gösterenler için kullanılan bir söz,,
telleyip pullamak,birçok süsle süslemek | değerinden çok övmek,,
telmih etmek,"üstü kapalı, imalı bir biçimde anlatmak",,
telvis etmek,pislik bulaştırmak,,
tel çekmek,"telle çevirmek, tel germek",,
tel çekmek,telgraf çekmek,,
tel takınmak,teller takmak,,
tel tel dökülmek,dağılıp gitmek | çok başarısız olmak,,
temadi etmek,"sürmek, uzamak, sürüp gitmek",,
temaruz etmek,sayrımsamak,,
temasa geçmek,"arada bir bağlantı kurmak, görüşme yapmak",,
temasa gelmek,buluşup görüşmek,,
temasta bulunmak,temas etmek,,
temas etmek,"dokunmak | değinmek, sözünü etmek, bahsetmek",,
temas etmek,görüşüp konuşmak | cinsel ilişkide bulunmak,,
temas kurmak,"ilişkiye geçmek, bağlantı sağlamak",,
temaşa etmek,"seyretmek, bakmak",,
temayüz etmek,"sivrilmek, seçkinleşmek",,
tembelliği tutmak,tembelleşmek,,
tembellik etmek,tembelce davranmak,,
tembihatta bulunmak,uyarmak,,
tembih etmek,"bir şeyin belli biçimde ve yolla yapılmasını istemek, söylemek",,
temdit etmek,"uzatmak, sürdürmek",,
temeddüh etmek,övünmek,,
temel atmak,"bir yapının temellerini yapmaya başlamak | herhangi bir işe başlamak, girişmek, bir şeyin gelişmesinin, büyümesinin başlangıcını oluşturmak",,
temel kakmak,bulunduğu yerden kolay kolay ayrılacak gibi olmamak,,
temel tutmak,"temelin kazılacağı zemin sağlam olmak | sürüp gidecek bir duruma gelmek, kökleşmek, yerleşmek",,
temenna etmek,öne doğru eğildikten sonra doğrulurken eli başa götürerek selam vermek,,
temennide bulunmak,dilemek,,
temenni etmek,dilemek,,
temerküz etmek,"bir yerde, noktada toplanmak, derişmek, merkezlenmek",,
temerrüde düşmek,ödenmesi hâlâ mümkün olan borcu ödememekte direnmek [hukuk],,
temerrüt etmek,kafa tutmak,,
temeyyüz etmek,"kendini göstermek, sivrilmek",,
teminat altına almak,güvence altına almak,,
teminat vermek,güvence vermek,,
temin etmek,"korkusunu gidermek, güven vermek | sağlamak, elde etmek, tedarik etmek",,
temize çekmek,bir yazının karalamasını temiz olarak yazmak | yaşanılan hoş olmayan olayları unutmak,,
temize çıkmak,aklanmak [hukuk],,
temize havale etmek,"uzayıp giden bir işi bitirivermek | yiyeceği yiyip bitirmek | kısa yoldan çözümlemek, çabucak bitirmek | ortadan kaldırmak, öldürmek | kumar oyunlarında öbür oyuncuların bütün paralarını almak",,
temizlik yapmak,temizlemek | zararlı şeyleri yok etmek | öldürmek,,
temiz bir dayak atmak,adamakıllı dövmek,,
temiz bir dayak yemek,adamakıllı dayak yemek,,
temiz tutmak,"bir şeyi kirletmeden, bozmadan kullanmak, temiz olmasına özen göstermek",,
temlik etmek,bir malı bir kimseye mülk olarak vermek,,
tempo tutmak,el çırparak veya el ve ayaklarını bir yere vurarak bir müziğe eşlik etmek,,
temsil etmek,"hak ve görev bakımından bir kimse veya topluluğun adına davranmak | bir eseri sahnede oynamak | belirgin özellikleriyle yansıtmak, sembolü olmak",,
temyize gitmek,"mahkemelerce verilen kararın kanun ve usul yönünden incelenmesi için Yargıtay, Askerî Yargıtay veya Danıştaya başvurmak [hukuk]",,
temyiz etmek,"ayırt etmek | mahkemelerce verilen kararın kanun ve usul yönünden Yargıtay, Askerî Yargıtay veya Danıştayda incelenmesini istemek [hukuk]",,
tenakuza düşmek,birbiriyle çelişen sözler söylemek | çelişkiye düşmek,,
tencerede pişirip kapağında yemek,geçinme konusunda var olanla yetinmek,,
tenceresi (veya tencereleri) kaynamak,geçimleri az çok yerinde olmak,,
teneffüs etmek,soluk almak,,
teneşir paklamak,yaşarken kirli işlere bulaşan kimseler için tek çıkar yol ölüm olmak,,
tenevvür etmek,aydınlanmak,,
tenezzül etmek,"alçak gönüllülük göstermek | kendi durumuna, düzeyine aykırı düşen bir şeyi veya işi kabul etmek | herhangi bir şeyi yapmaya istekli olmamak",,
tenha kalmak,ıssızlaşmak | yalnız kalmak,,
tenkil etmek,düşman veya zararlı kimseleri topluca ortadan kaldırmak,,
tenkis etmek,"azaltmak, eksiltmek",,
tenkit etmek,eleştirmek,,
tensik etmek,düzeltmek,,
tensip etmek,yaraştırmak,,
tenvir etmek,"ışıklandırmak, aydınlatmak | bilgi vermek, aydınlatmak",,
tenzih etmek,"kusurlu ve kabahatli olmadığını, kötü vasıflardan soyutlandırıldığını, dışında tutulduğunu bildirmek",,
tenzilat yapmak,indirim yapmak,,
tenzil etmek,indirmek | aşağılatmak,,
tepeden bakmak,küçümsemek,,
tepeden tırnağa süzmek,herhangi bir sebeple birine dikkatlice bakmak,,
tepesinden kaynar sular dökülmek,başından aşağı kaynar sular dökülmek,,
tepesinde bitmek,"istenmediği hâlde birinin yanına gelip ayrılmak istememek, türlü isteklerle canını sıkmak, rahatsız etmek | ansızın yanına gelmek",,
tepesinde değirmen çevirmek,tepesinde havan dövmek,,
tepesinde havan dövmek,"üst katta oturan biri, gürültü yaparak alt kattakini rahatsız etmek",,
tepesine dikilmek,başına dikilmek,,
tepesinin tası atmak,birdenbire çok sinirlenmek,,
tepesi aşağı gitmek,işleri bozulup büyük zarara uğramak,,
tepesi atmak,"birdenbire öfkeye kapılmak, öfkelenmek",,
tepetaklak olmak,tepetakla gitmek,,
tepeüstü düşmek,"başının üzerine düşmek, yuvarlanmak",,
tepe tepe kullanmak,"sağlamlığına güvenilen şeyleri yıpranacağını düşünmeden, esirgemeden, sakınmadan hoyratça kullanmak",,
tepkide bulunmak,tepki göstermek,,
tepkimeye girmek,bir cisim etkisi altında kaldığı bir şeye karşı tepki vermek [kimya],,
tepki çekmek,"olumsuz, sert bir eleştiriyle karşı karşıya kalmak",,
tepki duymak,"bir olay veya durum karşısındaki düşüncesini söz veya davranışla belirtmek, tepki koymak",,
tepki göstermek,"bir olay veya durum karşısındaki düşüncesini söz veya davranışla belirtmek, tepki koymak",,
tepki koymak,bir düşünce veya harekete karşı çıkmak,,
tepki vermek,herhangi bir etkiye karşı söz veya davranışla karşılık vermek,,
terakki etmek,ilerlemek,,
terakki göstermek,"geliştiğini, ilerlediğini ortaya koymak",,
teraküm etmek,birikmek,,
teraziye vurmak,iyice tartarak düşünmek,,
terbiyesini bozmak,terbiyesizlik etmek,,
terbiyesini vermek,"sert sözlerle terbiyesizliğini kendisine anlatmak, haddini bildirmek",,
terbiye etmek,"eğitmek | tabaklamak | et vb. maddeleri yumuşaması için belirli şeylerin içinde bir süre bekletmek | çorba vb. yemeklere yoğunlaşması ve daha çok lezzetli duruma gelmesi için süt, yumurta vb. katmak",,
tercih etmek,yeğlemek,,
tercüman olmak,"başkasının düşüncesini ve duygusunu bildirmek, dile getirmek, anlatmak",,
tercüme etmek,çeviri yapmak,,
tereciye tere satmak,birine çok iyi bildiği bir şeyi öğretmeye kalkmak,,
tereddi etmek,yozlaşmak,,
tereddüt etmek,"kararsız davranmak, duraksamak",,
terekküp etmek,bileşmek,,
terennüm etmek,"güzel ve alçak sesle şarkı söylemek | anlatmak, ifade etmek",,
teressüp etmek,dibe çökmek,,
terettüp etmek,gerekmek | ödev olarak üzerine düşmek,,
tere batmak,çok terlemek,,
terfih etmek,"iyileştirmek, ferahlatmak",,
terfik etmek,"yanına katmak, yanına almak",,
terfi etmek,bir görevde derecesi yükselmek,,
terhin etmek,"rehin olarak bırakmak, rehine koymak, tutuya koymak",,
terhis etmek,"askerlik görevini bitirenleri bırakmak | bırakmak, terk etmek",,
terhis olmak,askerlik görevini bitirmek,,
terini soğutmak,terinin kurumasını bekleyerek dinlenmek,,
terkin etmek,yazılmış bir şeyi çizerek silmek,,
terkip etmek,"birleştirmek, bir araya getirmek",,
terkisine almak,üzerinde bulunduğu atın sağrısına bindirmek,,
terk etmek,"ayrılmak | salıvermek, vazgeçmek | bakmamak, ihmal etmek",,
tersim etmek,resmetmek,,
tersinden okumak,"yanlış anlamak | olayı veya bir sanat eserini farklı biçimde değerlendirmek, yorumlamak",,
tersine çevirmek,içini dışına çevirmek,,
tersine dönmek,"beklenildiği, umulduğu gibi gerçekleşmemek, aksi olmak",,
tersine gitmek,"istenildiği gibi gerçekleşmemek, iyi sonuç vermemek | bir işten veya bir durumdan hoşlanmamak",,
tersi dönmek,şaşırıp bulunduğu ve gideceği yeri kestirememek,,
terslik etmek,zıt davranmak,,
ters anlamak,"yanlış yorumlamak, doğru anlam vermemek",,
ters düşmek,"aykırı durumda olmak, karşıt olmak",,
ters gitmek,"bir iş doğru ve düzgün yürümemek, sorun çıkmak",,
ters pers olmak,yüzükoyun düşmek | fena hâlde bozulmak,,
ters tarafından kalkmak,sol tarafından kalkmak,,
ters ters bakmak,düşmanca ve öfkeli bir biçimde bakmak,,
ters yüzüne çevirmek,geri döndürmek,,
ters yüzüne dönmek,"geri gitmek, geri dönüp gitmek",,
ters yüzü geri dönmek,gerisin geriye gitmek | gittiği bir yerden istediğini elde edemeden dönmek,,
ters yüz çevirmek,ters yüzüne çevirmek,,
ters yüz dönmek,ters yüzüne dönmek,,
ters yüz etmek,bir süre kullanılmış olan giysilerin içini dışına çevirmek | değiştirmek | işleri bozmak | şüpheli duruma sokmak,,
ters yüz geri dönmek,gittiği bir yerden istediğini elde edemeden dönmek,,
tertibat almak,"olacağı düşünülen sakıncalı bir duruma, harekete karşı hazırlık yapmak",,
tertibe düşürmek,"zarar verici bir eyleme, komploya uğratmak",,
tertip etmek,"düzenlemek, hazırlamak",,
tertip olunmak,düzenlenmek,,
terviç etmek,"bir düşünceyi tutmak, desteklemek",,
terzil etmek,"küçük düşürmek, rezil etmek",,
ter alıştırmak,terinin biraz kurumasını beklemek,,
ter atmak,vücudu rahatlatmak amacıyla aşırı derecede terlemek,,
ter basmak,sıkıntı veya heyecandan dolayı çok terlemek,,
ter boşanmak,"hastalık, sıkıntı veya heyecandan dolayı çok terlemek",,
ter dökmek,"çok terlemek | bir iş yapmak için zahmet çekmek, emek vermek",,
tesadüf etmek,"rastlamak, rast gelmek",,
tesahup etmek,benimsemek | arkadaşlık etmek,,
tescil etmek,"bir şeyi bir yere kaydederek resmîleştirmek, kütüğe geçirmek",,
teselli bulmak,avunmak,,
tesellüm etmek,verilen bir şeyi almak,,
teselsül etmek,"kesintisiz, zincirleme sürüp gitmek",,
teshil etmek,"kolaylaştırmak, kolaylık sağlamak",,
teshin etmek,ısıtmak,,
teshir etmek,"büyülemek | kendine bağlamak, kendine hayran bırakmak",,
teshir etmek,"ele geçirmek, fethetmek",,
tesirini göstermek,etkisini göstermek,,
tesir altında kalmak,etkilenmek,,
tesir bırakmak,etki bırakmak,,
tesir etmek,etkilemek | etkimek,,
tesis etmek,"kurmak, ortaya çıkarmak, oluşturmak",,
tesit etmek,kutlamak,,
teskin etmek,"acı, öfke, heyecan vb. duyguları yatıştırmak, dindirmek",,
teslimiyet göstermek,birinin isteğini olduğu gibi kabul etmek,,
teslim almak,kendisine verilen bir şeyi almak | tutsak almak,,
teslim bayrağı çekmek,"yenilgiyi kabul etmek | çekişme sonunda, karşısındakinin istediğini yapmaya razı olduğunu bildirmek",,
teslim bayrağı çekmek,"savaşta yenilgiyi kabul etmek | çekişme sonunda, karşısındakinin istediğini yapmaya razı olduğunu bildirmek",,
teslim etmek,"bir şeyi sahibine vermek | bir şeyin kullanımını, korunmasını veya mülkiyetini vermek, bırakmak, devretmek, terk etmek | gerçek olduğunu söylemek",,
teslim olmak,üstün bir güç karşısında mücadeleden vazgeçip yenilgiyi kabul etmek | kendini teslim etmek,,
tesmiye etmek,adlandırmak,,
tespihe dizer gibi dizmek,"futbolda, rakip takımın oyuncuları arasından birer birer geçip gitmek [spor]",,
tespih böceği gibi büzülmek,tortop olmak,,
tespih çekmek,tespihin tanelerini birer birer iki parmak arasından geçirmek | Allah'ın adını zikrederek ibadet etmek | tespih tanelerini çeşitli maddelerden imal etmek veya aynı boyda düzenlemek,,
tespit etmek,"bir şeyi sağlam bir biçimde yerleştirmek, oynamaz duruma getirmek, saptamak | bir durumu kuşkuya düşürmeyecek biçimde göstermek | belirlemek | sabitlemek",,
tesri etmek,"çabuklaştırmak, hızlandırmak",,
test etmek,"denemek, ölçmek | sınamak, yoklamak | yemeği tatmak",,
tesviye etmek,"düzlemek | ödemek, vermek [ticaret]",,
teşbih etmek,benzetmek,,
teşci etmek,cesaretlendirmek,,
teşebbüse geçmek,"bir işi yapmak için davranmak, girişmek",,
teşebbüsü ele almak,öne atılıp bir işi yönetmeye başlamak,,
teşebbüs etmek,"girişmek, el atmak",,
teşekkül etmek,"belirmek, belli bir biçim almak | oluşmak | kurulmak",,
teşekkür etmek,hoşnutluğunu anlatmak,,
teşerrüf etmek,bir kimse ile tanışmaktan şeref duymak,,
teşhir etmek,"göstermek | sergilemek | herkese duyurmak, dile düşürmek | bir hükümlüyü ceza olarak halka göstermek",,
teşkil etmek,"oluşturmak, ortaya çıkarmak",,
teşmil etmek,"kapsamını genişletmek, kapsamına almak",,
teşne olmak,çok istekli görünmek,,
teşrif etmek,"şereflendirmek, onurlandırmak | bir yere gelmek",,
teşrih etmek,açımlamak,,
teşvik etmek,"isteklendirmek, özendirmek | özendirmek | bir kimseyi kötü bir iş yapması için kandırmak, kışkırtmak",,
teşyi etmek,"uğurlamak, geçirmek",,
tetabuk etmek,"uymak, uygun gelmek",,
tetebbu etmek,"inceleme yapmak, araştırmak",,
tetiğini bozmamak,"soğukkanlılığını bozmamak, telaş göstermeyerek durumunu değiştirmemek",,
tetiği çekmek,tetiğe basmak,,
tetik bulunmak,tetikte bulunmak,,
tetik davranmak,"anında, çok çabuk davranmak",,
tetik durmak,hazır ve uyanık bulunmak,,
tetik üstünde beklemek,"hazır, dikkatli, uyanık bulunmak, tetikte olmak",,
tetkik etmek,incelemek | araştırmak,,
tevafuk etmek,"birbirine uymak, uygun gelmek",,
tevahhuş etmek,ürkmek,,
tevakki etmek,sakınmak,,
tevakkuf etmek,eğleşmek,,
tevali etmek,"arkası gelmek, sürüp gitmek",,
tevarüs etmek,mal vb. miras olarak birinden diğerine kalmak | kalıtım yoluyla birinden diğerine geçmek,,
tevcih etmek,"yöneltmek | aşama, makam, mevki vermek, terfi ettirmek",,
tevdiatta bulunmak,para yatırmak,,
tevdi etmek,emanet etmek,,
teveccüh etmek,bir yere yönelmek,,
teveccüh göstermek,güler yüz göstermek,,
tevekkül etmek,herhangi bir işte elinden geleni yapıp daha sonrasını Allah'a bırakmak,,
teverrüm etmek,"vereme yakalanmak, verem olmak",,
tevessül etmek,elde etmek istenilene ulaşmak için birini ve bir şeyi aracı yapmak,,
tevessü etmek,genişlemek | yayılmak,,
tevhit etmek,"Allah'ın bir olduğunu söylemek | birleştirmek, bir araya getirmek",,
tevil etmek,söz veya davranışa başka bir anlam vermek,,
tevil götürmek,söz veya davranışa başka bir anlam verebilmek,,
tevkif etmek,tutuklamak,,
tevkil etmek,birini vekil etmek,,
tevlit etmek,"doğurmak | sebep olmak, oluşturmak",,
tevsik etmek,belgelemek,,
tevsi etmek,genişletmek | yaymak,,
tevzi etmek,dağıtmak | paylaştırmak,,
teyakkuza geçmek,dikkatli ve tetikte olmak,,
teybe almak,"söylenilen söz, müzik vb.ni teyp makinesindeki banda geçirmek",,
teyit etmek,gerçeklemek,,
tezada düşmek,bir sözü öbürünü tutmamak,,
tezahür etmek,ortaya çıkmak,,
tezayüt etmek,artmak,,
tezevvüç etmek,evlenmek,,
tezgâhı kurmak,"işe başlamak üzere çalışma araçlarını hazırlamak, çalışmaya başlamak | yasal olmayan bir işi gerçekleştirebilmek için yalan dolanla aldatmaya, kandırmaya çalışmak",,
tezgâhtarlık etmek,"bir iş yerinde tezgâhtar olarak çalışmak | bir şeyi beğendirmeye çalışmak için fazlaca konuşmak, lüzumsuz yere övmek, methetmek",,
tezgâh açmak,"seyyar satıcı, herhangi bir yere tezgâhını kurmak",,
tezkeresini eline vermek,"işine son vermek, kovmak",,
tezkere almak,askerlik görevini tamamlayarak bunu bildiren bir belge almak [askerlik],,
tezkere bırakmak,"askerlik görevini bitirdiği hâlde orduda çalışmasını sürdürmek, orduda kalmak [askerlik]",,
tezkiyesini düzeltmek,ahlakça kötü tanınmışken durumunu düzeltmek,,
tezvir çıkarmak,birisi hakkında dedikodu etmek,,
tezyif etmek,"aşağılamak | alay etmek, eğlenmek",,
tezyin etmek,süslemek,,
tezyit etmek,artırmak,,
tıka basa doldurmak,doldururken çok bastırıp sıkıştırmak,,
tıka basa yemek,mideye sıkıntı verecek kadar çok yemek,,
tıkırını yoluna koymak,geçim düzenini iyi sağlamak,,
tıknefes olmak,"nefesi tıkanmak, nefes darlığı olmak",,
tımar etmek,"yaralara bakmak, iyileştirmek, tımarlamak | binek hayvanlarının kıllarını, derisini temizlemek, tımarlamak",,
tın tın etmek,"""tın"" diye ses çıkarmak | boş konuşmak",,
tın tın ötmek,"içinde bir şey olmamak, boş olmak | parasız, züğürt olmak",,
tın tın ötmek,"içinde bir şey olmamak, boş olmak | parasız, züğürt olmak",,
tıpatıp uymak,"her yönüyle uygun olmak, benzemek",,
tıpış tıpış yürümek,kısa adımlarla çabuk yürümek | ister istemez bir yere gitmek veya bir yerden ayrılmak,,
tıraşa tutmak,birini bıkkınlık verici uzun konuşmalarla oyalamak,,
tıraş etmek,"tıraş işini yapmak, yülümek | bıkkınlık verecek kadar uzun konuşmak",,
tıraş olmak,"erkek saçını, sakalını kesmek veya berberde kestirmek, yülünmek",,
tırıs gitmek,koşmaya yakın hızlı yürümek,,
tırnağına değmemek,değerce ondan çok aşağı olmak,,
tırnağı olamamak,birinden değerce çok aşağı olmak,,
tırnaklarını sökmek,"elindeki güçten yoksun bırakmak, etkisini yok etmek",,
tırnak göstermek,"korkutmak, gözdağı vermek",,
tırnak sürüştürmek,kavgayı körüklemek,,
tırnak takmak,kötülük yapmak için bahane aramak,,
tırpandan geçirmek,tırpanlamak,,
tırpan atmak,tırpanlamak,,
tırtıl çekmek,henüz yumuşak olan bir parçayı metal bir tırtılla süslemek,,
tırtıl kesmek,bir şeyin yanlarını diş diş kesmek,,
tıs kesilmek,sessiz kalmak,,
tiftik tiftik olmak,"kumaşın telleri birbirinden ayrılmak, çok eskimek",,
tik atmak,yazının bir tarafına onay işareti koymak,,
tilki uykusuna vermek,uyuyormuş gibi yaparak fırsat kollamak,,
tilki uykusuna yatmak,uyuyormuş gibi yaparak fırsat kollamak,,
timsal olmak,simge durumuna gelmek,,
tiridine banmak,yemeğin suyuna banmak,,
tiridi çıkmak,"iyice ihtiyarlamak, çok yaşlanmak",,
tiril tiril giyinmek,tertemiz biçimde,,
tiril tiril titremek,çok üşümek,,
tiryakisi olmak,bir şeye veya birine çok düşkün olmak,,
titizlik göstermek,titizlenmek,,
titreme gelmek,"titremeye başlamak, titremeye tutulmak",,
tiye almak,"biriyle alay etmek, eğlenmek",,
tohuma kaçmak,"üreme veya üretme gücü kalmamak | yaşlanmak, evlenme çağı geçip kartlaşmak",,
tohumu dökülmek,geçirdiği büyük bir korku dolayısıyla dölden kesilmek,,
tokat (veya tokadı) yemek,kendine tokat vurulmak | yenilgiye uğramak | dolandırılmak,,
toka etmek,el sıkışmak | karşılıklı iki parçayı getirip birbirine dayamak [denizcilik] | kadeh tokuşturmak | vermek,,
tokmak tokmak,"Etli, kalın bir biçimde",,
tok tok yürümek,"kendinden emin, heybetli bir biçimde yürümek",,
tok tutmak,açlığı uzun süre giderme veya doyurma özelliği olmak,,
tombala çekmek,tombala oynamak,,
tomruğa atmak,tutukevine koymak,,
tomruğa vermek,işkence aracına suçlunun ayaklarını geçirmek,,
topaç çevirmek,"topacı, çevresine sarılmış ipi çevirerek döndürmek",,
topa çıkmak,rakibin topu rahatça kullanmasına engel olmak için topa hamle etmek [spor],,
topa tutmak,üzerine topla ateş etmek | kötü eleştiri amaçlı saldırmak,,
topla buluşmak,oyuncu karşılaşma esnasında topla temas etmek,,
toplum dışılamak,Aforoz etmek,,
toplum dışılamak,aforozlamak,,
toprağa bakmak,ölümü yakın görünmek,,
toprağa düşmek,ölüp gömülmek,,
toprağa vermek,ölüyü gömmek,,
toprak çekmek,bir yerdeki toprağı başka bir yere taşımak | ölmek,,
toprak olmak,"ölümünün üzerinden çok zaman geçtiği için artık çürümüş olmak, toprağa karışmış olmak | ölmek",,
topuğuna basmak,çok yakından takip etmek,,
topuk çalmak,yürürken ayakların iç kemikleri birbirine çarpmak,,
topuk kapmak,dalmak,,
topuk vurmak,selamlamadan önce ayak topuklarını yan yana getirmek [askerlik],,
topun ağzında olmak,tehlikeye çok yakın durumda bulunmak,,
topu atmak,iflas etmek | sınıfta kalmak,,
topu dikmek,topu ayakla hızlı bir biçimde havaya doğru atmak [spor] | ölmek | sınıfta kalmak | iflas etmek,,
topu şişirmek,futbolda rakibin sıkı baskısı karşısında topu rastgele havadan ileri doğru göndermek [spor],,
topu uzaklaştırmak,futbolda topu kendi kalesine tehlike yaratacak bölgenin dışına doğru atmak [spor],,
top başı yapmak,kişi veya takım devre arası vb. tatillerden veya sakatlıktan sonra idmanlara yeniden başlamak [spor],,
top etmek,bir şeyi yığın durumuna getirmek,,
top gibi gürlemek,gürültülü bir biçimde bağırmak veya konuşmak,,
top gibi patlamak,birden gelen şaşırtıcı ve ürkütücü haber duyulmak,,
top sektirmek,"futbol topunu ayak, diz veya kafa üzerinde düşürmeden hareket ettirmek [spor]",,
top sürmek,"kısa vuruşlarla, topu kaçırmadan karşı takımın kalesine veya potasına doğru götürmek [spor]",,
top yapmak,"topu rakibe kaptırmadan takım oyuncuları arasında dolaştırmak, topa daha uzun süre sahip olmak [spor]",,
top (veya topu) atmak,"batkınlığa uğramak, iflas etmek | sınıfta kalmak",,
torbaya koymak,"sağlamak, elde etmek",,
toriğini kaşımak,bir sorunu çözmek için kafasını kaşıyarak düşünmek,,
tornistan etmek,"gemi geri dönmek [denizcilik] | bir giyeceği ters yüz etmek | döneklik etmek, caymak",,
torpil patlatmak,bir işte kendisinin kayırılmasını sağlamak | şaşkınlığa sebep olacak gerçek dışı bir haber vermek,,
tortop olmak,top biçimine girmek,,
torun tosun (veya torba) sahibi olmak,torunu olmak | yaşlı olmak,,
tos vurmak,"alın veya boynuzla vurmak, süsmek",,
toyluk etmek,toyca davranışta bulunmak,,
tozdan dumandan ferman okunmamak,ortalık çok karışık olmak,,
tozdan dumandan ferman okunmamak,ortalık çok karışık olmak,,
tozpembe görmek,aşırı iyimser olmak,,
tozu dumana katmak,ortalığı altüst etmek | toz kaldırarak hızla gitmek veya kaçmak,,
toz almak,bir yerin tozunu temizlemek,,
toz etmek,"ezip harap etmek, ortadan kaldırmak",,
toz kondurmamak,"bir şeyde herhangi bir kusurun varlığını kabul etmemek, bir şeyi kusursuz göstermek",,
toz koparmak,toz kaldırmak,,
toz olmak,"toz durumuna gelmek | kaybolup gitmek, kaçmak, uzaklaşmak",,
töhmet altında kalmak,suçu işlediği düşünülmek,,
tövbekâr olmak,tövbe etmek,,
tövbesini bozmak,"tövbe ettiği herhangi bir işe, duruma yeniden dönmek",,
tövbe etmek,bir işi bir daha yapmamaya söz vermek,,
trafik kilitlenmek,"herhangi bir sebepten dolayı araç yolu tıkanmak, işlemez duruma gelmek",,
trampa etmek,değiştirmek,,
trampet çalmak,trampete iki değnekle vurarak tempolu ses çıkartmak,,
transfer etmek,"bir kimseyi bedel karşılığında başka bir kulüp, kurum vb.ne geçirmek",,
transfer olmak,"bir kimse bedel karşılığında başka bir kulüp, kurum vb.ne geçmek",,
transit geçmek,"bir yerden, dinlenmeden, beklemeden, durmadan geçmek | mal gümrüksüz geçmek | sürücü, trafik kurallarına uymamak",,
treni kaçırmak,"bir şeyi elde etme, bir işi gerçekleştirme fırsatını ve imkânını yitirmek",,
tribünlere oynamak,iş yapmadığı hâlde kendini iş yapıyor gibi göstermek,,
trip atmak,gücenilen bir durumda açıkça konuşmak yerine farklı söz ve hareketlerle tavır yapmak,,
tuğra çekmek,"Osmanlı Devleti'nde ferman, berat ve resmî belgelere tuğra koymak",,
tuhafına gitmek,bir şeyi tuhaf bulmak,,
tuhaflık etmek,tuhaf davranışlarda bulunmak,,
tuhaf bulmak,tuhaf olarak karşılamak,,
tuluat yapmak,doğaçlamak,,
tulum çıkarmak,hayvanın derisini yarmadan çıkarmak | çoğunluk sistemine dayalı seçimlerde bir partinin listesindeki bütün adaylar seçimi kazanmak,,
tulum çıkmak,amacını eksiksiz elde etmek,,
tumba etmek,"sandalı, omurgası yukarı gelecek biçimde çevirmek [denizcilik] | araba veya vagonu ters çevirerek boşaltmak",,
tumturak yapmak,"vurgulamak, önemini belirtmek, etkili olmasını sağlamak",,
tundan tuna atmak,bir kişiyi uzaklara sürüp dolaştırmak,,
tun tun kaçmak,gizlice kaybolmak,,
tura çıkmak,gezinti yapmak,,
turfa olmak,"değerini yitirmek, işe yaramamak",,
turnayı gözünden vurmak,umulmadık bir kazanç veya çıkar sağlama imkânı ele geçirmek,,
turneye çıkmak,gösteri yapmak amacıyla bulunduğu yerden başka yerlere gitmek,,
turşusunu kurmak,"""bir şeyin elden çıkarılması gerektiği hâlde buna bir türlü kıyamamak"" anlamında kınama yollu söylenen bir söz",,
turşusu çıkmak,"çok yorulmak | ezilmek, parçalanmak",,
turşuya dönmek,"çok yorulmak, bitkinleşmek",,
turşu gibi olmak,çok yorgun düşmek,,
turşu olmak,"yiyecek bozulmak, ekşimek | güçsüzleşmek, bitkinleşmek",,
turu geçmek,elemeli karşılaşmalarda bir üst tura yükselmek,,
tur atlamak,spor karşılaşmalarında çok puan toplayarak veya kurada kazanarak bir sonraki tura katılma hakkını kazanmak [spor],,
tur atmak,"dolaşmak, dolaşıp gelmek, dönmek | şampiyon olunca veya galip gelince takım oyuncuları seyircileri selamlayarak sahada dolaşmak",,
tur bindirmek,"uzun mesafeli pist yarışlarında hızlı olanlar, yavaş olanları bir veya daha fazla tur geride bırakmak [spor] | üstün gelmek, fark atmak",,
tuşa getirmek,"güreşte rakibi sırtüstü yere sermek | yenmek, mağlup etmek",,
tuş olmak,güreşte sırtı yere gelmek | yenilmek (II),,
tutarağı tutmak,"huysuzluğu depreşmek, aşırı istekte bulunmak",,
tutkun olmak,"âşık olmak, sevdalanmak",,
tutkuya kapılmak,aşırı istek ve eğilim içinde olmak,,
tutsak düşmek,"esir olmak, hükmü altına girmek",,
tutsak olmak,savaşta düşmanın eline geçmek | bir kimseye veya bir şeye bağlanıp ondan kendisini alamamak,,
tuttuğunu koparmak,"becerikli olmak, giriştiği her işte başarı sağlamak",,
tuttuğu dal elinde kalmak,"dayandığı, güvendiği kimse veya şey önemini yitirerek işe yaramaz duruma gelmek",,
tutukluk yapmak,"silah çalışmaz olmak | aksamak, doğru dürüst veya istenen ölçüde gitmemek",,
tutunacak bir dal aramak,"güvenilecek, dayanılacak bir insana ihtiyaç duymak",,
tutunacak dalı olmak,güveneceği bir kimse veya şey bulunmak,,
tuvalet (veya tuvaletini) yapmak,sidik veya dışkıyı vücuttan dışarı atmak | taranıp süslenmek,,
tuzağa düşmek,"kuş veya yaban hayvanı kendisi için kurulan düzeneğe yakalanmak | birileri tarafından hazırlanan kötü bir duruma uğramak, oyuna gelmek",,
tuzak (veya tuzağı) kurmak,"bir şeyi yakalamak için düzenek hazırlamak | birini güç ve tehlikeli bir duruma düşürmek için düzen hazırlamak, komplo kurmak",,
tuzu biberi olmak,"lezzet, çeşni katmak | eki, ilavesi olmak",,
tuzu olmak,katkısı olmak,,
tuz biber ekmek,"üzüntüyü, kusuru artıracak durum yaratmak",,
tuz (veya tuzla) buz etmek,"cam türünden şeyleri onarılmayacak biçimde kırmak, paramparça etmek",,
tuz (veya tuzla) buz olmak,"cam türünden şeyler onarılamayacak biçimde kırılmak, dağılmak, paramparça olmak",,
tu kaka etmek,"hafife alıp bir kenara itmek, önem vermemek, kötülemek",,
tu kaka olmak,"hafife alınıp bir kenara itilmek, önem verilmemek, kötülenmek",,
tüfek atmak,tüfekle ateş etmek,,
tüfek çatmak,"askerlerin dinlenme sırasında tüfeklerini, dipçikleri üzerinde üçerli olarak birbirine dayamak [askerlik]",,
tükürdüğünü yalamak,verdiği sözden benliğini küçülterek geri dönmek,,
tükürüğünü yutmak,imrenip yutkunmak,,
tükürüğü kurumak,çok konuşmaktan ağzında tükürük kalmamak,,
tükürükle (veya tükürüğe) boğmak,çok ağır hakarette bulunmak,,
tünelin sonunda ışık görünmek,sıkıntılı durumdan kurtulmak için çare belirmek,,
tünel geçmek,"dalgın olmak, etrafla ilgilenmemek | dalga geçmek",,
tüplerini bağlatmak,döllenmeyi engellemek amacıyla fallop tüpünü operasyonla kapatmak [anatomi],,
tüp taktırmak,araca sıvılaştırılmış petrol gazı tankı taktırmak,,
türbülansa girmek,çalkantılı hava içerisinde sarsılarak yol almak,,
türküsünü çağırmak,bir kimsenin hoşuna gidecek biçimde söz söylemek veya davranışta bulunmak,,
türkü çekmek,türkü söylemek,,
türkü söylemek,ezgisiyle bir türküyü seslendirmek,,
türkü tutturmak,bir türküyü tekrarlayıp durmak,,
türkü yakmak,belli bir olay karşısında sözleri de kendisine ait olmak üzere türkü bestelemek,,
türüm türüm tütmek,buram buram kokmak,,
tütsü yapmak,"dinî törenlerde veya çevrenin güzel kokmasını sağlamak amacıyla kokulu madde yakmak | kötü ruhları kovmak, nazardan korumak ve tedavi amacıyla kokulu madde yakmak | et, balık vb. yiyecekleri dumana tutmak",,
tütününü tüttürmek,ev ve aile düzeninin sürmesini sağlamak,,
tütünü tepesinden çıkmak,dumanı tepesinden çıkmak,,
tütün içmek,tütünü yakıp dumanını içine çekmek,,
tütün sarmak,sigara kâğıdına tütün koyup sigara yapmak,,
tüylerini diken diken etmek,"korkutmak, tiksindirmek",,
tüyleri diken diken olmak,üşümekten veya korkmaktan vücuttaki kılların dipleri kabarıp kıllar dikilmek,,
tüyleri ürpermek,"tüyleri diken diken olmak | kötü bir olay, soğuk, gıcıklanma vb. sebeplerle korku veya tiksinti duymak",,
tüyler ürpertici olmak,"korkunç, dehşet verici olmak",,
tüyo almak,herhangi bir konuda gizli bilgi almak,,
tüyo vermek,herhangi bir konuda gizli bilgi vermek,,
tüyüne dokunmamak,"dokunacak, zarar verecek en ufak bir davranışta bulunmamak",,
tüyü tüsü olmamak,henüz sakalı çıkmamış olmak,,
tüy atmak,hayvan tüyünü değiştirmek,,
tüy dikmek,kötü bir durum almış bir işi büsbütün kötü bir duruma sokmak,,
tüy düzmek,hayvanın tüyü düzelmek | iyi bir yaşayışa kavuştuğunu belirtecek biçimde güzel giyinmek,,
ucundan tutmak,"bir şeyle meşgul olmak, katkı sağlamak, yardımcı olmak | bir işi yeterince ilgilenmeden, önemsemeden yapmak",,
ucunda (bir şey) bulunmak,kötü bir şeye sebep olmak,,
ucunu bulmak,"sona erdirmek, kolayını bulmak",,
ucunu göstermek,sağlayacağı çıkarı ima etmek,,
ucunu kaçırmak,"iş kötüye girmek, çıkmaza girmek",,
ucuza çıkmak,yaptırılan bir şey az masrafla elde edilmek,,
ucuza gitmek,"basit, kolay, önemsiz olarak değerlendirilmek | ucuz satılmak",,
ucuza kapatmak,fırsatı değerlendirip ucuza almak,,
ucuz pahalı dememek,yüksek veya düşük fiyatlı olduğuna bakmamak,,
ucu ortası belli olmamak,iş neresinden başlanacağı kestirilemez durumda olmak,,
ucu (herhangi birine) dokunmak,birine olumsuz etkisi veya zararı gelmek,,
uçağı kaçırmak,"uçağa yetişememek, uçağa saatinde ulaşamamak",,
uçan kuşa borcu olmak,pek çok kişiye borçlu olmak,,
uçan kuştan kıskanmak,çok kıskanç olmak,,
uçan kuştan medet ummak,"çok sıkıntıda kalıp herhangi bir yerden en ufak bir yardımın gelmesini beklemek, sıkıntılı bir durumdan kurtulmak için her türlü çareye başvurmak",,
uçara atmak,uçmakta olan kuşu vurmaya çalışmak,,
uçkuruna gevşek (veya düşkün) olmak,cinsel isteklerin tutkunu olmak,,
uçkuruna sağlam olmak,"cinsel isteklerin tutkunu olmamak, namuslu olmak",,
uçkurunu (bile) bağlayamamak,çok beceriksiz olmak,,
uçkur çözmek,cinsel ilişkide bulunmak,,
uçup gitmek,"kaybolmak, yok olmak",,
uçurumun kenarından dönmek,büyük bir tehlikeden son anda kurtulmak,,
uç uca gelmek,ancak yetişmek,,
uç vermek,"çıban baş vermek | bitki bitmek, sürmek | ortaya çıkmak",,
ufkunu genişletmek,"görüş alanını genişletmek, daha geniş, daha fazla bilgi ve görüş edinmek",,
ufku daralmak,"ileriyi görememek, bakış açısı geniş olmamak",,
uflayıp puflamak,sürekli olarak uflamak,,
uful etmek,"batmak, gözden kaybolmak, sönmek | ölmek",,
uf çekmek,"acı, sızı duyulduğunda veya sıkıntılı bir durumda ""uf"" diye bağırmak",,
uf olmak,"çocuk dilinde acımak, canı yanmak | çocuk dilinde yaralanmak",,
uğruluk etmek,"çalmak, hırsızlık etmek",,
uğruluk yapmak,uğruluk etmek,,
uğur getirmek,"iyilik, şans, talih, bereket getirmek",,
uhdesinden gelmek,"becermek, başarmak",,
uhdesinde bulunmak,sorumluluğu altında olmak,,
uhdesinde olmak,"üstünde olmak, sorumluluğu altında olmak",,
uhdesine almak,"bir işi üstüne almak, yapacağına söz vermek, sorumluluğu altına almak",,
uhdesine vermek,bir işi birinin sorumluluğu altına vermek,,
ulak çıkarmak,"haberci göndermek, posta çıkarmak",,
ulemalık taslamak,bilgiçlik etmek,,
umuda düşmek,"gerçekleşeceğine inanmak, umut etmek",,
umuda kapılmak,"olacağını düşünmek, hayal etmek",,
umudunu kesmek,artık olacağını beklememek,,
umudunu kırmak,umut kesmesine yol açmak,,
umudunu suya düşürmek,"umudunu bitirmek, beklentisini bitirmek",,
umudu boşa çıkmak,"beklentisi, umudu gerçekleşmemek, hayal kırıklığına uğramak",,
umudu boşa çıkmak,"beklentisi, umudu gerçekleşmemek, hayal kırıklığına uğramak",,
umudu kırılmak,bir şeyin artık gerçekleşemeyeceği inancına varmak,,
umudu sönmek,umudu kalmamak,,
umudu suya düşmek,"beklentisi kalmamak, umudu tükenmek",,
umudu (veya umudunu) üzmek,umudu kesmek,,
umurunda olmamak,aldırmamak,,
umur görmek,önemli görevlerde bulunmak | deneyimli olmak,,
umutsuzluğa düşürmek,umutsuzluğa kapılmasına yol açmak,,
umut bağlamak,"olmasını, olacağını ummak",,
umut bağlanmak,"olması, olacağı umulmak",,
umut beslemek,"bir şeyin olabileceğini beklemek, ummak",,
umut bırakmak,"bir kimsede umut uyandırmak, umut vermek",,
umut etmek,"ummak, beklemek",,
umut kesmek,"umudunu kesmek | bir şeyin artık gerçekleşemeyeceği inancına varmak, ummaz olmak",,
umut serpmek,umutlandırmak,,
umut uyanmak,"umut doğmak, umut belirmek",,
"ununu elemek, eleğini asmak","""geri kalan ömrü süresince yapacak önemli bir işi kalmamak"" anlamında kullanılan bir söz",,
un ufak etmek,"çok ufak kırıntılar durumuna getirmek, parçalamak",,
un ufak olmak,"çok ufak kırıntılar durumuna gelmek, parçalanmak",,
usançlık getirmek,tamamen usanmak,,
usançlık vermek,usandırmak,,
usanç duymak,usanmak,,
usanç gelmek,usanmak,,
usanç getirmek,usanacak duruma gelmek,,
usanç uyandırmak,usandırmak,,
usanç vermek,usandırmak,,
usantı vermek,usandırmak,,
usa vurmak,Bilinen veya doğru olarak kabul edilen belirli önermelerden başka önermeler çıkarmak; uslamlamak,,
usta çıkmak,"loncalarda ustalar önünde sınav vererek sanatını tek başına yapmaya hak kazanmak, usta olmak",,
usta elinden çıkmak,işinin ehli olan bir kimse tarafından yapılmak,,
usta olmak,usta duruma gelmek,,
usturayı kayışa çekmek,usturanın kılağısını almak için berber kayışına sürtmek,,
ustura tutunmak,vücuttaki istenmeyen kılları temizlemek,,
usturmaça atmak,usturmaçayı bordadan rıhtım düzeyinin yeteri kadar altına sallandırıp bağlamak,,
usulüne uydurmak,yapılamayacak bir şeyi bir yolunu bulup yapabilmek,,
usulüne uydurmak,yapılamayacak bir şeyi bir yolunu bulup yapabilmek,,
usul tutmak,tempo tutarak müziğe eşlik etmek,,
usuna getirmek,aklına getirmek,,
uşaklık etmek,bir kimseye hizmet veya kulluk etmek | kendi çıkarı için yasal veya ahlaki olmasa bile başkasının her dediğini yapmak zorunda olmak,,
uşaklık yapmak,uşaklık etmek,,
uşak olmak,birinin yanında hizmetçi olarak çalışmaya başlamak,,
utancından yere geçmek,çok utanmak,,
utancından yerin dibine girmek,"istenilen biçimde ve nitelikte olmama karşısında üzüntü duymak, aşırı utanmak",,
utanç duymak,utanmak,,
utanç vermek,"utandırmak, utanmasına yol açmak",,
utanma duymak,utanmak,,
uvertür yapmak,pokerde oyunu açmak | bir şeye giriş niteliğinde söz söylemek veya davranışta bulunmak | Yemek ve içkiden önce ufak tefek atıştırmak,,
uyak düşürmek,bir sözcüğe uyak olacak bir sözcük bulmak ve kullanmak,,
uyarına gitmek,"karşı çıkmamak, suyuna gitmek, dediğini yapmak",,
uygun bulmak,"yakışır, yaraşır görmek",,
uygun düşmek,"yakışmak, yaraşmak, elverişli olmak",,
uygun gelmek,"yakışmak, yaraşmak | elverişli olmak | uymak",,
uygun görmek,"yakışır, yaraşır görmek, elverişli bulmak",,
uygun olmak,"isabetli, yerinde olmak | bağdaşmak | sakıncalı görülmemek",,
uykuda gezmek,beyindeki muhtemel bir yapı bozukluğu sebebiyle geceleri uykudan kalkıp fakında olmadan bilinçsizce dolaşmak,,
uykuda olmak,"yürütülmemek, olduğu gibi durmak",,
uykusunu almak,uykusunu tam olarak uyumak,,
uykusuzluk çekmek,"geceleri yeterince uyuyamamak, uykusu olmamak",,
uykusuz kalmak,uyuyamamak | uyumamış olmak,,
uykusu ağır olmak,uykudan zor uyanmak,,
uykusu başına sıçramak,uyuyamadığı için sersemleşmek | uykusunu iyi alamadığından hırçınlaşmak,,
uykusu bölünmek,yeterince uyumadan uyanmak veya uyandırılmak,,
uykusu derin olmak,uykusu ağır olmak,,
uykusu gelmek,uyuma isteği duymak,,
uykusu hafif olmak,küçük bir sesten hemen uyanmayacak kadar derin uyumak,,
uykusu kaçmak,"uyumak amacıyla yatmışken herhangi bir sebeple uyuyamamak | kaygılanmak, tedirgin olmak",,
uykuya dalmak,uyumaya başlamak,,
uykuya varmak,"uyumak | sükûnet, sessizlik, hareketsizlik içine girmek",,
uykuya yatmak,uyumak için yatmak,,
uyku dağıtmak,uyumasına engel olmak,,
uyku gözünden akmak,çok uykusu gelmek,,
uyku kestirmek,kısa bir süre uyumak,,
uyku tutmamak,uyuyamamak,,
uyku (veya uykusunu) çekmek,iyice uyumak,,
uymazlık etmek,"uymamak, aykırı davranmak",,
uyruğuna girmek,"bir devletin yönetimini kabul etmek | bir kimsenin etkisi altında kalmak, ona bağlanmak",,
uyumlu olmak,"uyum içerisinde bulunmak, uyma yeteneği göstermek",,
uyum sağlamak,"uymak, intibak etmek",,
uyuşmazlık çıkmak,"düşünce, fikir veya çıkar yüzünden ayrılık baş göstermek, anlaşmaya gidilememek",,
uyuşturucu kullanmak,duyulara uyuşukluk veren maddeleri kullanma alışkanlığı olmak,,
uyuyan yılanın kuyruğuna basmak,kötü bir kimsenin yeni bir kötülük yapmasına fırsat vermek,,
uyuz etmek,sinirlendirmek,,
uyuz olmak,"uyuz hastalığına yakalanmak | birine, bir şeye sinirlenmek",,
uzağı görmek,ileride ne olacağını kestirmek,,
uzaklara gitmek,"konudan ayrılmak | gözleri dalmak, dalıp gitmek",,
uzaktan kumanda etmek,kişiyi veya grubu dışarıdan yönlendirmek,,
uzak durmak,"yaklaşmamak, karışmamak",,
uzak düşmek,"uzak olmak, uzak bulunmak",,
uzak görmek,gerçekleşmesi ihtimalini çok zayıf bulmak,,
uzak kalmak,uzakta bulunmak,,
uzak olmak,ayrı bulunmak,,
uzak tutmak,uzakta kalmasını sağlamak,,
uzatmaları oynamak,bir görevde son zamanlarını yaşamak | oyunda uzatma dakikalarını oynamak [spor] | ölmek üzere olmak,,
uzun etmek,tartışmayı sürdürmek | aşırı gitmek,,
uzun kulaktan haber almak,uzaktan uzağa haber almak,,
uzun oturmak,"uzanarak oturmak, yarı yatmış durumda oturmak | yatmak",,
U dönüşü yapmak,yüz seksen derecelik bir dönüş yapmak | önceden sahip olduğu bir düşüncenin karşıtı bir düşünceyi savunmaya başlamak,,
üçe beşe bakmamak,fiyat üzerinde küçük farkları önemsememek,,
üç aşağı beş yukarı dolaşmak,"kararsızlık içinde, düşünerek, bir karara varmaya çalışarak gezinmek",,
üç buçuk atmak,çok korkmak,,
üç maymunu oynamak,"gördüğü ve duyduğu bir olay hakkında görmemiş, duymamış gibi davranmak ve bu konuda konuşmamak",,
ülfet etmek,"görüşüp konuşmak, sohbet etmek",,
ülke açmak,bir ülkeyi savaşarak almak; fethetmek,,
ültimatom vermek,"nota vermek, istekleri sert bir biçimde bildirmek",,
ümide düşmek,umuda düşmek,,
ümide kapılmak,umuda kapılmak,,
ümidini kesmek,umudunu kesmek,,
ümidini kırmak,umudunu kırmak,,
ümidi boşa çıkmak,umudu boşa çıkmak,,
ümidi kırılmak,umudu kırılmak,,
ümidi sönmek,umudu sönmek,,
ümitsizliğe düşmek,umutsuzluğa düşmek,,
ümit beslemek,umut beslemek,,
ümit bırakmak,umut bırakmak,,
ümit etmek,umut etmek,,
ümit kesmek,umut kesmek,,
ümit serpmek,umut serpmek,,
ümit uyanmak,umut uyanmak,,
ümit vermek,umut vermek,,
ümit (veya ümidini) bağlamak,umut bağlamak,,
ümüğünü sıkmak,ümüğüne sarılmak,,
üne kavuşmak,"ün kazanmak, şöhret bulmak",,
ünsiyet peyda etmek,"dostluk, arkadaşlık kurmak, samimi olmak",,
ürküntü vermek,ürkütmek,,
ürperti vermek,korkutmak,,
üstesinden gelmek,"bir işi beklenildiği yapmak, becermek, başarmak",,
üste çıkmak,suçlu olduğu hâlde karşısındakini suçlamak | zeytinyağı gibi üste çıkmak,,
üste para almak,herhangi emek harcamadığı hâlde bir de para kazanmak,,
üste vermek,bir mal değişiminde malı değerli olana bir miktar para ödemek,,
üste vurmak,aynı mala birkaç kişinin talip olması durumunda fiyatı artırmak,,
üstten almak,kendini üstün görerek üst perdeden konuşmak,,
üstten bakmak,"kibirli, gururlu bir biçimde",,
üstten bakmak,kendini karşısındakinden üstün görmek,,
üstünden akmak,bir durumu çok belli olmak,,
üstünden atmak,bir şeyi ödev olarak kabul etmemek | bir şeyin kendi üzerinde bıraktığı etkiyi kaldırmak,,
üstünden başından akmak,durumu belirgin bir biçimde anlaşılmak,,
üstünden dökülmek,"giysi, giyecek bol ve biçimsiz olmak, yakışmamak",,
üstünden geçmek,"daha önceden yapılmış bir işi, denetlemek amacıyla yeniden gözden geçirmek",,
üstünden geçmek,ırzına geçmek,,
üstünden kibarlık akmak,aşırı derecede kibar davranmak,,
üstünden silindir gibi geçmek,"perişan etmek, çok yormak",,
üstünden (şu kadar zaman) geçmek,aradan herhangi bir zaman geçmek,,
üstünde durmak,"bir işe önem vermek, bir işle yakından ve sürekli ilgilenmek",,
üstünde hakkı olmak,"birinde emeği, iyiliği, hakkı bulunmak",,
üstünde kalmak,"mal, artırma sonucunda bir kimsenin olmak | suçlanmak",,
üstüne alınmak,"bir davranışın kendisine karşı olduğunu sanarak tedirgin olmak, alınmak",,
üstüne almak,"bir işi yapmaya söz vermek, ödev alınmak",,
üstüne atmak,bir suçu birine yüklemek,,
üstüne basmak,yerinde bir düşünce ileri sürmek | iyice belirtmek,,
üstüne başına etmek,ağır bir biçimde sövmek,,
üstüne bir bardak (soğuk) su içmek,"bir işten umudunu kesmek, o işin olacağına inanmamak, o işten vazgeçmek",,
üstüne bir iki güneş doğmak,sabah yataktan geç kalkmak,,
üstüne çekmek,"kendi üzerine almak, muhatap olmak",,
üstüne çullanmak,saldırarak üzerine abanmak,,
üstüne düşmek,bir kimseyle veya bir şeyle çok ilgilenmek,,
üstüne fenalık gelmek,"aşırı derecede sıkılmak, pek bunalmak",,
üstüne geçirmek,bir malın tapusunu kendi adına yazdırmak | evlat edinmek,,
üstüne gelmek,bir şey yapılırken veya konuşulurken çıkagelmek,,
üstüne gitmek,"bir işe el atmak, karışmak | üstüne doğru gitmek | bir şeyi ısrarlı bir biçimde yapmak | bir işi yapmak için kişiyi zorlamak",,
üstüne gül koklamamak,sevdiği birinden başkasını sevmemek,,
üstüne güneş doğmamak,güneş doğmadan önce kalkmak,,
üstüne kalmak,güçlükler birinin omuzlarına yüklenmek,,
üstüne kapanmak,belli bir işi aralıksız bir biçimde yapmak,,
üstüne koymak,"katmak, eklemek",,
üstüne kuma gelmek,"kocası, başka bir kadın almak",,
üstüne kuş kondurmak,"olağanüstü, o ana kadar görülmemiş bir şey yapmak",,
üstüne mal etmemek,kendisiyle ilgili saymamak,,
üstüne olmamak,"daha üstü, iyisi bulunmamak",,
üstüne oturmak,hakkı yokken bir şeyi kendisine mal etmek,,
üstüne perde çekmek,"isteyerek örtmek, gizlemek",,
üstüne sevmek,birini severken bir başkasını daha sevmek,,
üstüne sıçratmak,kendini kötü bir işin veya kimsenin hedefi hâline getirmek,,
üstüne titremek,"bir şeye veya kimseye sevgi, özen göstermek",,
üstüne toz kondurmamak,bir şeyin veya bir kimsenin kusurlu olabileceğini kabul etmemek,,
üstüne tuz biber ekmek,"üzüntüyü, kusuru artıracak durum yaratmak",,
üstüne tüy dikmek,zor olan bir işi daha da zor hâle getirmek,,
üstüne üstüne gitmek,"çekinmeden sonucu tehlikeli olabilecek bir şeyle uğraşmak, yılmamak",,
üstüne varmak,bir şey yapmasını baskı yaparak istemek | saldırmak | kadın evli bir erkekle evlenmek,,
üstüne vazife olmamak,"görevi olmamak, o görev kendini ilgilendirmemek",,
üstüne yaptırmak,bir malın tapusunu kendi adına yazdırmak,,
üstüne yatmak,"hakkı yokken bir şeyi kendine mal etmek, bir şeyi alıp vermemek",,
üstüne yıkılmak,yamanmak,,
üstüne yıkmak,kendisinin de sorumlu olduğu bir işin ağırlığını başkalarına yüklemek | kendi suçunu başkasına yüklemek,,
üstüne yüklenmek,saldırmak | ısrar etmek,,
üstüne yürümek,"korkutmak, yıldırmak amacıyla saldıracakmış gibi yapmak",,
üstünü çizmek,"kötü ve yararsız kabul etmek, gözden çıkarmak",,
üstünü görmek,gebeyken aybaşı olmak,,
üstün tutmak,"bir kimseye, bir şeye başkasından daha çok değer vermek",,
üstü başı dökülmek,giyecekleri çok eski olmak,,
üst perdeden konuşmak,üstünlük taslayarak söz söylemek,,
üst üste gelmek,çakışmak,,
üşüntü etmek,üşüşmek,,
üvey evlat muamelesi yapmak,dışlamak | kötü davranmak,,
üyeliği düşmek,üye olma niteliğini kaybetmek,,
üyelik dondurmak,herhangi bir sebeple bir üyenin bağlı olduğu kuruluşun çalışmalarında yer almasını veya toplantılarda bulunmasını belirli bir süre için engellemek,,
üye olmak,bir kuruluşa üye olarak girmek,,
üzerinden atlamak,bir şeyi ödev edinmemek,,
üzerinden atmak,sıkıntı veren bir iş veya durumdan kurtulmak | işi başkasına devretmek,,
üzerinden dökülmek,bol ve biçimsiz olmak,,
üzerinde durmak,"bir işe önem vermek, bir işle yakından, sürekli ilgilenmek",,
üzerinde etkisi olmak,bir kimsenin kişiliğinin oluşumunda etkin olmak,,
üzerinde kalmak,"mal veya iş, artırma sırasında bir kimsenin olmak | istenmeyen şey birine yüklenmek, sorumluluğuna bırakılmak",,
üzerinde tesir bırakmak,etki bırakmak,,
üzerine alınmak,üstüne alınmak,,
üzerine almak,"bir işi görev edinmek, deruhte etmek | bir davranışın kendisine karşı olduğunu sanarak tedirgin olmak, alınmak | eşinin üstüne bir başkasıyla evlenmek",,
üzerine atmak,üstüne atmak,,
üzerine bir bardak (soğuk) su içmek,üstüne bir bardak su içmek,,
üzerine bir iki güneş doğmak,üstüne bir iki güneş doğmak,,
üzerine çekmek,üstüne çekmek,,
üzerine çökmek,"duygu, durum vb. bastırmak, kaplamak",,
üzerine çullanmak,üstüne çullanmak,,
üzerine düşmek,üstüne düşmek,,
üzerine koymak,üstüne koymak,,
üzerine oturmak,üstüne oturmak,,
üzerine titremek,üstüne titremek,,
üzerine toz kondurmamak,üstüne toz kondurmamak,,
üzerine tuz biber ekmek,üstüne tuz biber ekmek,,
üzerine tüy dikmek,yaşanan durumu veya olayı daha da kötüleştirmek,,
üzerine üzerine gitmek,üstüne üstüne gitmek,,
üzerine varmak,üstüne varmak,,
üzerine vazife olmamak,üstüne vazife olmamak,,
üzerine yaptırmak,üstüne yaptırmak,,
üzerine yatmak,üstüne yatmak,,
üzerine yıkmak,üstüne yıkmak,,
üzerine yüklenmek,üstüne yüklenmek,,
üzerine yürümek,üstüne yürümek,,
üzümün çöpü armudun sapı var demek,"her şeyde bir eksiklik bulmak, güç beğenir olmak",,
üzüntü vermek,"tedirginlik yaratmak, sıkıntı ve huzursuzluğa yol açmak",,
vaadinde durmak,vaadini tutmak,,
vaadini tutmak,verdiği sözü yerine getirmek,,
vaatte bulunmak,söz vermek,,
vaaz etmek,vaaz vermek,,
vaaz vermek,"cami, mescit vb. yerlerde dinî konuşma yapmak",,
vacip olmak,İslam dinine göre yapılması gerekli olmak [din bilimi] | yapılması gerekli olmak,,
vadesi yetmek,ölmek,,
vadiye dökülmek,sohbet belirli bir konuya kaymak,,
vahamet kesbetmek,"gittikçe zorlaşmak, tehlikeli ve korkulacak bir durum almak",,
vakfeye durmak,arife günü öğle ve ikindi namazından sonra Arafat’ta bir süre durmak,,
vakıf kurmak,belli bir hizmeti görmek için vakıf oluşturmak,,
vakit geçirmek,oyalanmak | uğraşmak,,
vakit kazanmak,bir şeye ayrılan süreyi azaltmak | karşı tarafı oyalayarak kendi hazırlanma süresini uzatmak,,
vakit öldürmek,"zamanı yararsız, gereksiz işlerle veya iş yapmadan geçirmek",,
vakit saat aramamak,zamana hiç aldırmamak,,
vaki olmak,"vuku bulmak, gerçekleşmek",,
vaktini şaşmamak,her şeyi tam zamanında yapmak,,
vakti gelmek,"ölmek üzere olmak, ölümü yaklaşmak | zamanı gelmek, süresi dolmak",,
vakti olmak,yapılması için yeterli zaman bulunmak,,
vakti olmamak,bir kimse veya iş için ayıracak zamanı olmamak,,
vals yapmak,vals müziği ile dans etmek,,
vantuz çekmek,şişe çekmek,,
vareste kalmak,bir şeyi yapıp yapmamakta özgür bırakılmak,,
varit olmak,geçerli durumda bulunmak,,
varlıkta darlık çekmek,herhangi bir engel yüzünden elindeki imkândan yararlanamamak,,
varlık göstermek,"kendinden beklenilen görevi yerine getirmek, beğenilir bir iş yapmak",,
varlık içinde yaşamak,bolluk içinde sıkıntısız yaşamak,,
vartadan atlamak,zor bir durumdan kurtulmak,,
vartayı atlatmak,tehlikeli bir durumdan kurtulmak,,
var etmek,meydana getirmek,,
var olmak,"sağ olmak, yaşamak",,
vasıl olmak,"ulaşmak, varmak",,
vasiyet etmek,öldükten sonra herhangi bir şeyin yapılmasını istemek,,
vatandaşlıktan çıkarılmak,yurttaşlık hakları elinden alınmak [hukuk],,
vatan tutmak,yurt edinmek,,
vaveyla koparmak,çığlık atmak,,
vazıh olmak,"açık durumda bulunmak, anlaşılır biçimde görünmek",,
vazifesinden olmak,bir şey bir kimsenin görevleri arasında olmak,,
vazife etmek,görev bilmek,,
vazife görmek,"bir görevi yerine getirmek, sürdürmek",,
vaziyeti kurtarmak,herhangi bir güç durumdan sıyrılmak,,
vaziyet almak,"belli bir durum veya davranış biçimini benimsemek, tavır almak, tavır takınmak | karşı çıkmak",,
vaziyet etmek,el koymak,,
vebal altında kalmak,manevi sorumluluk yüklenmek,,
vecde gelmek,"kendinden geçecek kadar coşmak, bir şey karşısında sonsuz heyecan duymak, esrimek",,
vecde kapılmak,"coşmak, kendinden geçmek",,
veda etmek,"vedalaşmak, esenleşmek | sevilen bir şeyle olan ilgisini kesmek",,
vefat etmek,ölmek,,
vekillik etmek,"birinin yerine bakmak, görevini üstlenmek",,
vekâleten atamak,Vekil olarak görevlendirmek,,
vekâleten atanmak,Vekil olarak görevlendirilmek,,
vekâlet etmek,"birinin yerine bakmak, görevini üstlenmek",,
velveleye vermek,gereksiz telaşa ve heyecana düşürmek,,
velvele kopmak,büyük gürültü çıkmak,,
verem etmek,"çok üzmek, dert sahibi yapmak",,
verem olmak,verem hastalığına yakalanmak | sabırsızca davranmak,,
veresiye almak,malı parasını daha sonra vermek şartıyla almak,,
veresiye vermek,malı parasını daha sonra almak şartıyla vermek,,
vergiye bağlamak,"bir kimse veya şeyden vergi almak | bir yerden, bir kimseden yasal olmayan yollardan para almak, haraç almak",,
vergi kaçırmak,bildirimde bulunmamak veya eksik bildirim sonucu ödemesi gereken vergiyi ödememek,,
verilmiş sadakası olmak,büyük bir tehlike veya kaza atlatıldığında söylenen bir söz,,
verim düşürmek,verimli olmaya engel olmak,,
verip veriştirmek,ağzına geleni söylemek,,
vesikaya bağlamak,mevcudu yeteri kadar bulunmayan ancak çok talep edilen bir şeyi belge karşılığı vermek,,
vesile aramak,bir fırsatını kollamak,,
vesile bulmak,"sebep yaratmak, bahane göstermek",,
vesile olmak,uygun ortam oluşmak,,
vesveseye düşmek,kuruntuya kapılmak,,
veto etmek,"reddetmek, kabul etmemek",,
veto yemek,"engellenmek, reddedilmek",,
vıdı vıdı etmek,çevresini rahatsız edecek biçimde yerli yersiz çok konuşmak,,
vır vır etmek,"usandırıcı, sinirlendirici bir biçimde durmadan konuşmak",,
vız gelip tırıs gitmek,"önemsememek, aldırış etmemek",,
vız gelmek,pek önemsiz görünmek,,
vidaları gevşemek,kendini tutamayıp çok gülmek,,
vidoyu görmek,vidoyu kabul etmek,,
vido çekmek,oyundaki kazanılacak sayıyı veya parayı iki katına çıkarmayı teklif etmek,,
vikaye etmek,korumak,,
viraj almak,virajı dönmek,,
viral olmak,genel ağda paylaşıldıktan sonra sosyal medya kullanıcıları arasında hızlı ve denetlenemez bir biçimde yayılarak etkinlik kazanmak,,
viraneye çevirmek,yıkıntı durumuna getirmek,,
viran olmak,"viran duruma gelmek, haraplaşmak",,
vira etmek,"toplamak, almak",,
virdizeban etmek,"dile dolamak, dilden düşürmemek",,
virt etmek,"diline dolamak, sürekli olarak söylemek",,
vişneli ekmek,Vişne ve ekmekle yapılan bir çeşit tatlı,,
vitese takmak,motorlu taşıtlarda vites kolunu uygun duruma getirip aracı kalkışa hazır durumda tutmak,,
vitesten atmak,çok kızmak,,
vites büyütmek,motorlu taşıtların hızını artırmak için daha yüksek vitese geçmek | işleri hızlandırmak,,
vites değiştirmek,motorlu taşıtların çekiş ve hızını değiştirmek,,
vites küçültmek,motorlu taşıtların hızını azaltmak için daha düşük vitese geçmek | işleri yavaşlatmak,,
vize almak,elçilikten veya konsolosluktan bir ülkeye giriş izni almak,,
vizyona girmek,film vb. gösterime başlamak,,
vizyoner olmak,vizyon sahibi olmak,,
voli çevirmek,voli ile balık avlamak | tuzağa düşürmek,,
voli vurmak,vurgun vurmak,,
voltasını almak,"kaçmak, savuşmak | çekilmek, gitmek",,
voltaya geçmek,volta atmaya başlamak,,
volta atmak,bir aşağı bir yukarı dolaşmak,,
volta vurmak,gemi zikzak yapmak [denizcilik] | bir aşağı bir yukarı dolaşmak,,
vuku bulmak,"olmak, meydana gelmek",,
vurduğu yerden ses gelmek,"çok kuvvetli vurmak, eli ağır olmak",,
vurdukça tozumak,"üzerinde çalışıldıkça, işlendikçe işi artmak",,
vurdumduymazlıktan gelmek,"aldırış etmemek, umursamamak, önem vermemek, kulak asmamak",,
vurgunculuk etmek,haksız kazanç sağlamak için uğraşmak,,
vurgun yemek,vurgun sonucu felçli duruma gelmek veya ölmek,,
vurgun (veya vurgunu) vurmak,yolsuzluk yaparak kısa sürede büyük kazanç elde etmek,,
vuslata ermek,kavuşmak,,
vusul bulmak,varmak,,
vücuda gelmek,"ortaya çıkmak, oluşmak, meydana gelmek, olmak",,
vücuda getirmek,"meydana getirmek, var etmek",,
vücudunu ortadan kaldırmak,öldürmek,,
vücuttan düşmek,zayıflamak,,
vücut bulmak,oluşmak,,
vücut vermek,vücuda getirmek | yaratmak,,
vücut yapmak,kas geliştirici hareket ve spor yaparak bedeni güçlü duruma getirmek,,
vâkıf olmak,"bilmek, öğrenmek",,
yabana atmak,"önem vermemek, önemsiz görmek",,
yabana gitmek,"tanınmayan, bilinmeyen biriyle, bir yabancıyla evlendirilmek | bulunduğu yerden başka bir yere yaşamak için gitmek | boşa gitmek, boşa harcanmak",,
yabana söylemek,"saçma sözler söylemek, boşa konuşmak",,
yabancılık çekmek,bir iş veya çevrede yabancı olmaktan doğan güçlüklere uğramak,,
yabancılık duymak,"bir kimseye, bir şeye alışamamak",,
yabancısı olmamak,"tanıdık, bildik olmak",,
yabancı gelmek,tanımamak,,
yabancı gibi durmak,"bir işe karışmamak, ilgi göstermemek, çekinmek",,
yabancı kalmak,yabancı gibi durmak,,
yadigâr bırakmak,hatırlanmak için arkasında bir kimseyi veya bir nesneyi bırakmak,,
yadigâr kalmak,"bir olayı, bir kimseyi hatırlatan bir nesne, bir özellik bırakılmış olmak",,
yadigâr olmak,hatıra olarak kalmak,,
yaftayı yapıştırmak,"bir kişiyi, nesneyi veya kavramı araştırmadan, yanlış biçimde değerlendirip tanıtmak",,
yağa bala batırmak,"bol bol yedirip içirmek, çok iyi ağırlamak",,
yağcılık etmek,"gereksiz biçimde övmek, dalkavukluk etmek",,
yağıp gürlemek,birine çok sinirlenmek,,
yağlayıp ballandırmak,çok överek anlatmak,,
yağlı ballı olmak,"araları çok iyi olmak, içli dışlı olmak",,
yağlı kapıya konmak,"rahat, sıkıntısız bir yere girmek, geçimini başkasının üstüne yıkmak",,
yağmasa da gürlemek,elinden bir şey gelmese de sözle destek vermek,,
yağma etmek,"birçok kimse, zor kullanarak bir malı alıp kaçmak | kurnazlıkla çarpmak, vurgunculuk etmek | savaş sonunda zafer kazanmış asker insanları tutsak olarak almak ve malı ele geçirmek [tarih]",,
yağma gitmek,"bir şey çok alıcı bulmak, çok satılmak",,
yağmurdan kaçarken doluya tutulmak,güç bir durumdan kurtulayım derken daha kötüsüyle karşılaşmak,,
yağmur boşanmak,birdenbire çok yağmur yağmak,,
yağmur yağarken küpünü doldurmak,fırsat varken ondan yararlanıp para veya mal edinmek,,
yağmur yemek,"yağmurda iyice ıslanmak, sırılsıklam olmak",,
yağ bağlamak,üzerinde yağ birikmek | semirmek,,
yağ basmak,"büyük bir kaba yağ yerleştirmek | çok yağlanmak, semirmek",,
yağ gibi kaymak,"kızak, taşıt vb. sarsılmadan hızla gitmek",,
yağ yakmak,"tavada yağı çok ısıtmak | spor, egzersiz veya diyet yoluyla vücuttaki fazla yağlardan kurtulmak | taşıtlarda motor çeşitli sebeplerle yanma odasına sızan yağı burada yakarak eksiltmek | dalkavukluk etmek",,
yağ yedirmek,yağı bir şeyin içine azar azar ekleyerek belli olmaz duruma getirmek,,
yakadan atmak,savıp kurtulmak,,
yakadan geçirmek,evlatlığa kabul etmek,,
yakamoz olmak,gizlendiği yer belli olmak,,
yakasına çökmek,"zorlamak, baskı yapmak",,
yakasına sarılmak,"istediği şeyi almak veya dövüşmek için birini bırakmamak, zorlamak",,
yakasını bırakmamak,"bezdirecek kadar üstüne düşmek, rahat vermemek, ısrar etmek",,
yakasını kaptırmak,"bir şeyin, bir kimsenin etkisinden kendisini kurtaramamak",,
yakayı ele vermek,"kaçamayarak ele geçmek, yakalanmak",,
yaka ısırmak,"şaşırarak ""Allah esirgesin"" demek",,
yaka silkmek,"bıkmak, usanmak",,
yakınlık duymak,birine karşı sevgi veya ilgi duymak,,
yakınlık görmek,"ilgi, sevgi görmek",,
yakınlık göstermek,"biriyle ilgilenmek, sevgiyle davranmak",,
yakınlık kurmak,"sıkı ilişki içinde bulunmak, ilgi ve destek vermek",,
yakın takibe almak,yakın takip işini yapmak,,
yakıp yıkmak,"çok büyük zarar vermek, harap etmek",,
yakışıksız kaçmak,"uygun düşmemek, çirkin olmak, münasebetsiz görünmek",,
yakışık almamak,"yerinde olmamak, uygun düşmemek",,
yakı açmak,iyileştirmek için bir yarayı açıp işletmek,,
yalakalık etmek,yaranmak amacıyla aşırı derecede dalkavukluk etmek,,
yalaka olmak,dalkavuklaşmak | arsızlaşmak,,
yalama olmak,aşınmak,,
yalana şerbetli olmak,çekinmeden yalan söyleyebilmek,,
yalancısı olmak,doğruluğu bilinmeyen bir bilgiyi başkasından duyup iletmek,,
yalancı çıkarmak,birinin yalan söylediğini ortaya koymak veya yalan söylememesini sağlamak,,
yalancı çıkmak,bilmeyerek yalan söylemiş bulunmak | sözünü yerine getirememek | yalan söylediği anlaşılmak,,
yalanı çıkmak,bir kimsenin yalan söylediği anlaşılmak,,
yalanı ortaya çıkmak,bir kimsenin yalan söylediği anlaşılmak,,
yalan çıkmak,yalan olduğu anlaşılmak,,
yalan yere yemin etmek,"gerçeğe uygun olmayarak, doğru olmadığını bile bile yemin etmek",,
yalayıp geçmek,"rüzgâr, dalga vb. sıyırarak, dokunarak hızla geçmek",,
yalayıp yutmak,"iştahla yemek | kötü bir davranış, söz karşısında ses çıkarmamak, kabullenmek",,
yalaz yalaz yanmak,yüksek ateş içinde bulunmak,,
yallah çekmek,kovmak,,
yallah etmek,"atma, yollama vb. işleri hızla yapmak",,
yalpa vurmak,"rüzgâr, deniz ve yolun durumu dolayısıyla deniz taşıtları iki yana sallanmak | iki yana eğilerek yürümek | dağılmak, sağa sola yayılmak",,
yalpa yapmak,yalpalamak,,
yaltaklık etmek,yaltaklanmak,,
yalvarıp yakarmak,çok yalvarmak,,
yalvar yakar olmak,çok yalvarmak,,
yamaklık etmek,bir işte yardımcı olarak çalışmak,,
yama gibi durmak,"bulunduğu yere uymamak, eklendiğini belli etmek",,
yama vurmak,"delik, yırtık veya eski bir yere yama koymak, yama koyarak onarmak",,
yamuk yapmak,birine karşı yanlış davranmak,,
yanağına kan gelmek,"yüzü daha canlı ve renkli olmak, iyi beslenmekten dolayı gürbüz görünmek",,
yanağından kan damlamak,çok sağlıklı olduğu benzinden anlaşılmak,,
yana yana istemek,"ısrarlı bir biçimde, içtenlikle dilemek",,
yandaşlık etmek,yandaş durumunda olmak,,
yangına körükle gitmek,"gerginliği, uzlaşmazlığı artıracak biçimde davranmak",,
yangına vermek,"tutuşturmak, bir şeyi bilerek yakmak",,
yangını körüklemek,"gerginliği, anlaşmazlığı artırmak",,
yangın bacayı sarmak,durum olağanüstü kötüye gitmek,,
yangın yerine dönmek,karmakarışık ve dağınık duruma gelmek,,
yanık kokmak,is kokmak | ortalıkta bir şeyin yandığını anlatan koku bulunmak,,
yanılgıya düşmek,bilmeden bir yanlışlık yapmak,,
yanına almak,yanında çalıştırmak | geçimini sağlamak için yanında bulundurmak | beraberinde götürmek,,
yanına kalmak,yanına kâr kalmak,,
yanına kâr kalmak,cezasız kalmak,,
yanına salavatla yaklaşılmak,"birinin yanına korkarak, çekinerek gitmek",,
yanına yaklaştırmamak,birinin veya bir şeyin kendi yakınına gelmesine izin vermemek,,
yanında olmak,"desteklemek, yardımcı olmak",,
yanıp durmak,pişman olmak,,
yanıp tutuşmak,güçlü bir aşk ile sevmek | bir şeyi elde etmek için güçlü bir istek duymak | elde edemediği bir şey için büyük üzüntü duymak,,
yanıp yakılmak,"sızlanmak, şikâyet etmek",,
yanıt hakkı doğmak,cevap hakkı doğmak,,
yanıt vermek,"yanıtlamak, cevaplamak",,
yanı gerisinde durmak,birisinin ezici etkisi altında kalıp kendi görevinin gerektirdiklerini yapamamak,,
yankı uyandırmak,"bir konu üzerinde düşünülmesine, tartışılmasına yol açmak, ilgi veya tepki yaratmak",,
yankı yapmak,ses yansıtıcı bir yüzeye çarpıp ikinci kez duyulmak,,
yanlışını çıkarmak,yanlışını bulup göstermek,,
yanlıştan dönmek,bir işte yapılanın yanlış olduğunu anlayıp yeni bir uygulamaya geçmek,,
yanlış ata oynamak,tercihinde yanlış yapmak,,
yanlış çıkmak,yanlış olduğu anlaşılmak,,
yanlış kapı çalmak,"isteğinin yapılmayacağı, yersiz sayılacağı bir yere başvurmak",,
yan bakmak,beğenmeyerek veya düşmanca bakmak | kötü niyet beslemek,,
yan basmak,"bir işte aldanmak | dürüst davranmamak, kaypaklık etmek",,
yan çizmek,bir işten kaçmak,,
yan gelmek,"bir işe karışmayarak rahatına bakmak, keyfince yaşamak",,
yan gözle bakmak,"yan bakmak | belli etmeden, göz ucuyla bakmak",,
yan tutmak,"taraflardan yalnızca birini desteklemek, yansız davranmamak",,
yan yan bakmak,"göz ucuyla bakmak | kin, nefret veya öfke ile bakmak",,
yan yatmak,yana doğru çok eğilmek | sağa veya sola doğru eğilerek devrilmek,,
yapıp etmek,yapmak,,
yapmadığını bırakmamak,elinden gelen her türlü kötülüğü yapmak,,
yapmadığı kalmamak,kendisi için zararlı olan birçok iş yapmak | yapmadığını bırakmamak,,
yaprak gibi titremek,aşırı titremek,,
"yaptığı hayır, ürküttüğü kurbağaya değmemek","yol açtığı zarar, yaptığı iyilikten büyük olmak",,
yaptığı yanına (kâr) kalmamak,"yaptığı kötülük karşılıksız kalmak, cezasını görememek",,
Yaradan'a yan bakmak,"şaşı olmak, şaşı bakmak",,
yaralı parmağa işememek,en küçük bir yardımı bile esirgemek,,
yaramazlık etmek,yaramazca davranmak | çapkınlık etmek,,
yaramaz olmak,yaramazlaşmak,,
yararı dokunmak,"yararlı olmak, kâr sağlamak",,
yararı olmak,"yararlı olmak, olumlu etki yapmak",,
yararlı kılmak,fayda sağlayan ve üretken duruma getirmek,,
yararlı olmak,"yarar sağlamak, faydalı olmak",,
yarasını deşmek,"acıyı, üzüntüyü hatırlatmak, tazelemek",,
yaraşık almak,yaraşmak,,
yaraya merhem olmak,zorunlu ihtiyacı karşılamak,,
yaraya tuz biber ekmek,bir derdin acısını çoğaltmak,,
yarayı tazelemek,"üzüntüyü, sıkıntıyı, acıyı hatırlatmak, yeniden ortaya çıkarmak",,
yara açmak,vücutta veya bir şeyin yüzünde yara oluşmasına sebep olmak | büyük üzüntü vermek,,
yara almak,yaralanmak | itibar kaybetmek,,
yara işlemek,yara kapanmayıp akıntı sürmek | üzücü bir olayın etkisi bitmemek,,
yara kapanmak,yara iyi olup geçmek,,
yardakçılık etmek,birine kötü işlerde yardım etmek,,
yardan atmak,kazaya uğratmak,,
yardımcı olmak,yardımda bulunmak,,
yardımda bulunmak,yardım etmek,,
yardımına koşmak,güç duruma düşene istekle yardım etmek,,
yardım etmek,"kendi gücünü, imkânlarını başka birinin iyiliği için kullanmak",,
yardım görmek,"destek elde etmek, bağış almak",,
yardım ve yataklık etmek,yasa dışı eylemlerde bulunan kişileri barındırmak ve işledikleri suça destek olmak,,
yargıya başvurmak,dava açmak,,
yargıya gitmek,bir anlaşmazlığı gidermek amacıyla mahkemeye başvurmak,,
yargıya varmak,"karşılaştırma ve değerlendirme yaparak bir sonuca ulaşmak, anlam vermek",,
yarıda kalmak,"bitmemek, sonuçlanmamak",,
yarıda kesmek,tamamlamadan bırakmak,,
yarım çeyrek yürümek,bir omzu aşağıda bir omzu yukarıda kabadayıca yürümek,,
yarım kalmak,"tamamlanmamak, sonuçlanmamak",,
yarım kulak dinlemek,"umursamadan, önem vermeden dinlemek",,
yarım sağ etmek,sağ yana biraz yönelmek,,
yarım sol etmek,sol yana biraz yönelmek,,
yarışa girmek,yarışmak,,
yarışa kalkmak,yarışmaya başlamak | yarışmaya niyetlenmek,,
yarıştan kopmamak,"rahatsızlanmak, rakibi tarafından geçilmek, yenileceği anlaşılmak gibi her türlü olumsuz duruma karşın yarışı bırakmamak | her türlü engele karşın yapılan işten vazgeçmemek",,
yarış etmek,geçmek için uğraşmak,,
yarıya vermek,tarlayı ekip biçmesi için ortakçıya vermek,,
yarı yolda bırakmak,yapılan yardımı sonuna kadar sürdürmemek,,
yasağı (veya yasakları) çiğnemek,uyulması gereken kurallara uymamak,,
yasak edilmek,yasaklanmak,,
yasak etmek,"yapılmamasını istemek, yasaklamak",,
yasak olmak,"yapılmaması istenmek, yasaklanmak",,
yasak savmak,"bir nesne, bir gereksinimi geçici olarak karşılamak, şimdilik işe yaramak | bir işi hatır için, gönülsüz olarak üstünkörü yapmak",,
yasaya bağlamak,mevcut bir uygulama hakkında gerekli yasal düzenlemeyi yapmak | yasaya dayandırmak,,
yasını tutmak,kötü bir olay sonunda acı ve üzüntü duymak,,
yas bağlamak,Yas tutmak,,
yas çekmek,yas tutmak,,
yas tutmak,"çok üzülmek, yasa bürünmek, matem tutmak | duyulan acı ve üzüntüyü bazı davranışlarla belli etmek",,
yaşanmaz olmak,yaşanılacak bir niteliği kalmamak,,
yaşa takılmak,emekli olmak için gerekli asgari iş gününü tamamladıktan sonra yasaya göre emekli olunacak yaşı beklemek,,
yaşına başına bakmamak,yaşına uygun davranmamak | karşısındakinin yaşını ve deneyimlerini göz önüne almamak,,
yaşını başını almak,yaşı ilerlemiş olmak | belli bir yaşa ulaşarak deneyim ve görgü sahibi olmak,,
yaşını içine akıtmak,"duyduğu acıyı, üzüntüyü sezdirmemek",,
yaşlara boğulmak,çok ağlamak,,
yaş almak,yaşı ilerlemiş olmak,,
yaş ilerlemek,"yaşlanmak, ihtiyarlamak",,
yaş tahtaya (veya yere) basmamak,bir işte uyanık davranarak aldanmamak,,
yatağa bağlamak,yataktan kalkamayacak kadar hasta etmek,,
yatağa bağlanmak,yataktan kalkamayacak kadar hasta olmak,,
yatağa serilmek,"bitkin, yorgun bir durumda yatağa uzanıp yatmak",,
yatağa (veya yataklara) düşmek,yataktan kalkamayacak kadar hasta olmak,,
yatağına girmek,bir kimseyle cinsel ilişkide bulunmak,,
yatağını ayırmak,ayrı yatakta yatmak,,
yatak çekmek,çok bitkin ve güçsüz olmak,,
yatak yorgan yatmak,ağır hasta olmak,,
yatalak olmak,"yataktan kalkamayacak durumda hasta olmak, felçli duruma gelmek",,
yatıp kalkmak,gecelerini geçirmek | cinsel ilişkide bulunmak,,
yatırım yapmak,gelir amacıyla bir işe para yatırmak | ileride bir çıkar veya kazanç sağlamak için önceden ortam hazırlamak,,
yatıya kalmak,gidilen yerde geceyi geçirmek,,
yatkın bulmak,uygun görmek,,
yavaştan almak,işi gereken sürede yapmamak,,
yave okumak,"gereksiz söz söylemek, boşa konuşmak",,
yavru atmak,gebe hayvan yavrusunu düşürmek,,
yaya bırakmak,yarışma söz konusu olan durumlarda geride bırakmak | yarı yolda bırakmak,,
yaya kalmak,istediği şeyi yapamaz duruma gelmek | binecek bir şeyi olmamak | yardımcısız kalmak | geri kalmak,,
yaygarayı basmak,bağırıp çağırmak,,
yaygara koparmak,yaygarayı basmak,,
yayık dövmek,yayık yaymak,,
yayık yaymak,sütün ayranını ve yağını ayırmak için yayığı çalkalamak,,
yazarlık etmek,"yazar olarak çalışmak, hayatını yazarlıkla sürdürmek",,
yaza çıkmak,yaz mevsimine ulaşmak,,
yazık etmek,boş yere zarar vermek,,
yazık olmak,boş yere zarar verilmek,,
yazının cahili olmak,"okuma yazması olmamak, bilgisiz olmak",,
yazıp çizmek,yazmak,,
yazıya dökmek,herhangi bir konuyu yazı ile anlatmak,,
yazıya geçirmek,"yazmak, yazılı duruma getirmek",,
yazıya gelmemek,yazı ile anlatılamamak,,
yazı getirmek,yazlık giysiler giymek,,
yazı tura atmak,bir oyunda ilk başlayacak olanı tespit etmek amacıyla veya girişilen bir iddiada kazananı belirlemek için metal parayı havada döndürerek atmak ve yere düştüğünde hangi yüzün üste geldiğine bakarak karar vermek,,
yazlığa çıkmak,yazı geçirecek bir yere gitmek,,
ya sabır çekmek,bir sıkıntıya ses çıkarmadan veya ona karşı bir şey yapmadan katlanmak,,
ya sabır çekmek,bir sıkıntıya ses çıkarmadan veya ona karşı bir şey yapmadan katlanmak,,
yedekte kalmak,karşılaşmaya başlayan oyuncular arasında yer almayıp sonradan oyuna girmek için beklemek [spor],,
yedek soyunmak,karşılaşmaya başlayan oyuncular arasında yer almayıp sonradan oyuna girmek için yedekte beklemek,,
yedek (veya yedekte) çekmek,akıntılı suda kayığı karadan iple çekmek,,
yedikleri içtikleri ayrı gitmemek,her zaman bir arada olmak ve sıkı ilişki içinde bulunmak,,
yedirip içirmek,beslemek,,
yedi kat yerin dibine geçmek,"çok güçlü olarak yere çakılmak | fazlasıyla utanmak, mahcup olmak",,
yedi kubbeli hamam kurmak,büyük hayaller peşinde koşmak,,
yeğ tutmak,yeğlemek,,
yeise bürünmek,"umutsuz, üzüntülü olmak",,
yeise kapılmak,çok üzülmek,,
yeis duymak,"üzüntü çekmek, kahrolmak",,
yekvücut olmak,"birleşmek, güç birliği yapmak, tek bir yürek olmak",,
yekûn çekmek,konuşmaya son vermek,,
yele vermek,"savurmak, boşuna harcamak",,
yelkenleri suya indirmek,"direnmekten vazgeçip karşısındakinin dediğini benimsemek, kabul etmek",,
yelken açmak,yola çıkmak için hareket etmek,,
yelken basmak,"yola çıkmak, hareket etmek",,
yelken dikmek,tekneye yelken takmak,,
yel vermek,rüzgârı veya havayı herhangi bir şeyin üzerine yöneltmek,,
yemeden içmeden kesilmek,"bir üzüntü veya heyecan sebebiyle yiyemez, içemez duruma gelmek, iştahı kesilmek",,
yemek çıkarmak,"konuk ağırlamak için yemek yapmak, sunmak",,
yemek seçmek,bazı yemekleri sevmemek,,
yemek vermek,konukları yemeğe çağırmak,,
yemek yemek,karın doyurmak,,
yemini basmak,çabuk ve kuvvetli olarak yemin etmek,,
yemin billah etmek,Tanrı adını anarak ant içmek,,
yemin billah vermek,yemin etmek,,
yemin etmek,ant içmek,,
yemin içmek,ant içmek,,
yemin vermek,ant vermek,,
yem kestirmek,yolda durup hayvanlara yem yedirmek,,
yem olmak,herhangi bir hayvan tarafından yenilmek | birinin tuzağına düşmek,,
yenene içilene bakılmamak,bir şey gidere önem verilmeden bol bol harcanmak,,
yenik düşmek,"yenilmek, mağlup olmak",,
yenik saymak,yenilmiş olarak kabul etmek,,
yenilgiye uğramak,"yenilmek, mağlup olmak",,
yenilik yapmak,"değişiklik yapmak, değişiklik getirmek",,
yerden yere çalmak,çok hırpalamak,,
yerden yere vurmak,birine türlü yönlerden saldırarak onu çok aşağılayıcı bir duruma düşürmek,,
yerde kalmak,"saygı görmemek, yüzüne bakılmamak",,
yere bakmak,ihtiyarların ölümü yakın olmak,,
yere baktırmak,"utandırmak, mahcup etmek",,
yere batmak,"yok olmak | çok utanmak, mahcup olmak",,
yere çalmak,"yere atmak, yere fırlatmak",,
yere göğe koymamak,"nasıl ağırlayacağını, nasıl memnun edeceğini bilmemek, çok önem vermek",,
yere sağlam basmak,titiz ve dikkatli davranmak,,
yere sermek,"kötü bir duruma sokmak, yenmek | vurup öldürmek",,
yere vurmak,"kötü bir duruma sokmak | yenmek, alt etmek",,
yere yığılmak,yere düşmek,,
yere yıkılmak,yere düşmek,,
yerinden fırlamak,oturulan yerden hızla kalkmak,,
yerinden oynamak,"yerinden ayrılmak | coşkulu, gürültülü, karışık bir zaman yaşamak",,
yerinden oynatmak,"başka yere kaldırmak, yerini değiştirmek",,
yerinde bulmak,doğru olduğunu kabul etmek,,
yerinde duramamak,sürekli kıpırdamak | içi içine sığmamak,,
yerinde kalmak,başka yere gitmemek | makam veya aşama değişmemek,,
yerinde olmak,"uygun olmak | tamam olmak, iyi durumda bulunmak | makamında bulunuyor olmak",,
yerinde saymak,"yürür gibi yaparak hep aynı yerde, sürekli olarak ayağın birini kaldırıp birini basmak | ilerleyememek, gelişememek, değişememek",,
yerinde su çıkmak,haklı bir sebep olmadan yerini bırakanlara veya bırakmak isteyenlere kınama ve engelleme amacıyla söylenen bir söz,,
yerinde yeller esmek,"artık bulunmamak, yok olmak",,
yerine geçmek,görevden ayrılan birinin yerini almak | bulunmayan bir nesnenin veya kavramın yerine kullanılabilmek,,
yerine gelmek,"yapılmak, olmak | eski duruma dönmek | kişi iş yerinde çalıştığı, oturduğu yere gelmek",,
yerine getirmek,"istenileni, gerekeni yapmak | eski duruma döndürmek | ifa etmek",,
yerine koymak,"gibi görmek, saymak | yitirilen, elden çıkan bir şeyin, benzerini veya eşini sağlamak",,
yerine oturmak,"iyi yerleşmek | bir durum, bir düşünce vb. benimsenmek, yaygın duruma gelmek, yerleşmek",,
yerini almak,yerine geçmek,,
yerini beğenmek,bitki yerini gelişmesine çok uygun bulmak,,
yerini bulmak,"uygun, ihtiyaç olan yerde olmak | kendine yakışan makamı, durumu bulmak",,
yerini doldurmak,"görevini başarı ile yapar olmak | görevinden ayrılan birinin yerine gelen kişi, önceki görevli kadar başarılı olmak",,
yerini ısıtmak,bir yerde uzun süre kalmak,,
yerini sevmek,yerini beğenmek,,
yerini tutmak,"bulunmayan bir nesnenin yerini almak, onu aratmamak | görevinden ayrılan birinin yaptığı işi yapabilmek",,
yerini yapmak,bir şey elde etmek amacıyla girişimde bulunmak,,
yerin dibine batırıp çıkarmak,"çok utandırmak, rezil etmek",,
yeri gelmek,"sırası gelmek, zamanı uygun olmak",,
yeri göğü ben yarattım demek,çok gururlu olmak,,
yeri göğü birbirine katmak,aşırı telaş yaratmak,,
yeri göğü inletmek,yüksek sesle ve olanca güçle bağırmak,,
yeri göğü tırmalamak,"çok sancı, acı çekmek",,
yeri göğü tutmak,"her tarafı ele geçirmek, denetim altında bulundurmak",,
yeri olmak,"uygun olmak | sırası, uygun zamanı olmak | saygınlığı olmak",,
yeri öpmek,"yere düşmek, yere serilmek",,
yeri yurdu belirsiz olmak,belli bir yeri olmamak,,
yerlerde sürünmek,"çok perişan, acınacak bir durumda bulunmak",,
yerlere geçmek,çok utanıp sıkılmak veya kahrolmak,,
yerlere kadar eğilmek,aşırı saygı göstermek,,
yerleri süpürmek,"saç, etek, paça çok uzun olmak",,
yerle bir etmek,"temeline kadar yok etmek, tahrip etmek",,
yerle yeksan etmek,yerle bir etmek,,
yerli yerinde olmak,"eskiden olduğu yerde bulunmak | uygun, yakışır olmak",,
yerli yerine oturmak,uygun düşmek,,
yersiz yurtsuz kalmak,"barınacak bir yeri bulunmamak, oturacak yeri olmamak | bütün varlığını yitirip çok zor durumda olmak",,
yer açmak,"bir kimseye oturması için yer hazırlamak | yer bırakmak, imkân vermek",,
yer almak,"bir işi hazırlayanlar arasında bulunmak | ayrılan yerde durmak, bulunmak",,
yer bakır gök demir kesilmek,"tamamen tükenmek, bitmek, yoksul duruma düşmek",,
yer bulmak,"oturacak yer sağlamak | bir kimse bir işe, görev yapacağı bir yere yerleşmek",,
yer çevirmek,kullanım hakkı devlet veya özel kişide olan araziyi kendi kullanımına almak,,
yer değiştirmek,bulunduğu yerden bir başka yere geçmek,,
yer etmek,iz bırakmak | iyice yerleşmek,,
yer kaplamak,önemli bir hacim tutmak,,
yer kapmak,kalabalık içinde kendine yer bulmak,,
yer öpmek,bir büyüğün önüne eğilmek,,
yer tutmak,"yer ayırmak | yer kaplamak | işlevi ve etkisi olmak | önemli sayılmak, önemi olmak",,
yer vermek,"önemli saymak, saygı göstermek | bir olaya yol açmak, imkân tanımak | önemli bir görev vermek | kendi yerini bir başkasına bırakmak | kullanmak | söz etmek, değinmek | ağırlık vermek | konu edinmek",,
yer yerinden oynamak,"bir iş çok gürültülü, telaş ve heyecan içinde yapılmak | bir olay toplumda büyük tedirginlik yaratmak | Toplumda büyük etki yapmak",,
yeşil ışık yakmak,"uygun olabileceğini, izin verilebileceğini belli etmek",,
yeşil yakalı,Ekonominin çevreyle ilgili kesimlerinde çalışan işçi [ekonomi],,
yeterli olmak,bir işi yapabilme gücü bulunmak | iktidar sahibi olmak,,
yetersiz kalmak,Herhangi bir işi yerine getirmek veya bir ihtiyacı karşılamak için yeterli seviyede olmamak,,
yetkili kılmak,yetkisini kullanma imkânını vermek,,
yetki vermek,yetkilendirmek,,
yetmişine merdiven dayamak,ileri yaşlara ulaşmak,,
yığılıp kalmak,"birikmek | düşmek, yıkılmak",,
yıkım olmak,büyük zarara yol açmak,,
yıkıntı olmak,birini çok zarara sokmak,,
yıkkınlık göstermek,yıkılmaya yüz tutmak,,
yılanın kuyruğuna basmak,kötü bir kimseye kötülük yapacak fırsat vermek,,
yılan gibi sokmak,bir kimseye sinsice kötülük etmek,,
yıldırımları üstüne çekmek,"bazı davranışlarıyla birçok kimseyi kızdırarak saldırılarına, eleştirilerine yol açmak",,
yıldırımla vurulmuşa dönmek,yıldırım çarpmışa dönmek,,
yıldırım çarpmışa dönmek,apansız kötü bir durum karşısında kalıp ne yapacağını bilememek,,
yıldızı parlamak,"başarı yönünden herkesin dikkatini çekecek bir duruma gelmek, ün kazanmak",,
yıldızı sönmek,ününü yitirmek,,
yıldızı (veya yıldızları) barışmamak,"görüş, duygu ve düşünce bakımından uyuşmamak",,
yıldızları saymak,geceleri uyku uyuyamamak,,
yısa etmek,çekmek,,
yısa eylemek,birçok kişi birden bir şey çekerken birbirlerine gayret vermek üzere hep birden “yısa!” diye bağırmak,,
yiğitliğe leke (veya bok) sürmemek,yiğitliğe aykırı davranışta bulunmamak,,
yiğitlik etmek,yiğitçe davranmak,,
yiğitlik taslamak,yiğitmiş gibi davranmak,,
yitip gitmek,"görünmez olmak, ortadan kalkmak",,
yiyip bitirmek,"tüketmek | onmaz duruma getirmek, yıkımına sebep olmak | sürekli olarak tedirgin etmek, üzmek, hırpalamak",,
yiyip içmek,"karın doyurmak, beslenmek",,
yoğurt çalmak,yoğurt yapmak için süte yoğurt mayası koymak,,
yokluk çekmek,yoksulluk içinde bulunmak | belli bir dönem yoksul durumda olmak,,
yoksulluk çekmek,sürekli yoksulluk içinde bulunmak,,
yoksun kalmak,"sahip olunan bir şeyi kaybetmek, kullanamamak",,
yoksun olmak,"belli bir şeye, sahip olamamak",,
yoktan var etmek,"yaratmak, ortaya çıkarmak",,
yok etmek,"ortadan kaldırmak, ifna etmek, izale etmek | varlığına son vermek",,
yok olmak,"ortadan kalkmak, kaybolmak | varlığı sona ermek",,
yok satmak,"bir mal, çok satıldığı için çabucak tükenmek",,
yok saymak,"yokmuş gibi davranmak, varlığını kabul etmemek",,
yola çıkmak,"araca binmek üzere yolüstünde durmak | bir yere varmak için bulunduğu yerden ayrılarak yolculuğa başlamak, harekete geçmek | herhangi bir şeyi esas almak, oradan başlamak",,
yola dizilmek,yol kenarında sıralanmak,,
yola düzülmek,gidilecek yere doğru yola çıkmak,,
yola getirmek,birinin bir konudaki ters tutumunu düzeltmek,,
yola gitmek,yolculuğa çıkmak,,
yola revan olmak,yola çıkmak,,
yola vurmak,"yolcu etmek, uğurlamak | yola koyulmak",,
yola (veya yollara) düşmek,"yola çıkmak, yol almaya başlamak",,
yola (veya yoluna) koyulmak,yola düzülmek,,
yolculuk etmek,bir yerden başka bir yere gitmek,,
yolcu etmek,yola çıkanı uğurlamak,,
yoldan çevirmek,"gideni durdurmak, gitmesine engel olmak",,
yoldan çıkmak,"belli bir yol izleyen taşıtlar herhangi bir sebeple yolundan ayrılmak, gitmez olmak | doğru yoldan ayrılmak",,
yoldan (veya yolundan) kalmak,gidilmek istenen yere gidememek,,
yoldaşlık etmek,"bir yolcuya katılmak, birlikte gitmek",,
yolda kalmak,"kaza, doğal afet vb. sebeplerden olayı yolda ilerleyememek, gideceği yere varamamak",,
yollara dökülmek,kalabalık hâlde yolda olmak,,
yolları ayrılmak,"iki kişi veya topluluk arasında görüş, düşünce ayrılığı ortaya çıkmak, ayrı görüş ve düşünceleri benimsemek",,
yolları tutmak,"geçecek kimselere engel olmak, bırakmamak",,
yolsuz kalmak,parasız kalmak,,
yoluna bakmak,beklemek,,
yoluna baş koymak,"bir amaca yönelmek, bütün varlığıyla kendini vermek",,
yoluna can (veya canını) vermek,birinin uğruna ölmek,,
yoluna çıkmak,karşılamaya gitmek | yolda karşısına çıkmak,,
yoluna girmek,"istenilen, gerekli olan biçimde gelişmeye başlamak",,
yoluna koymak,"istenilen biçime getirmek, düzene koymak",,
yoluna sapmak,başvurmak,,
yolunda görünmek,sorunsuz olduğu anlaşılmak,,
yolunu bilmek,yöntemini biliyor olmak,,
yolunu bulmak,yasal olmayan yollardan kazanç sağlamak,,
yolunu çizmek,tercihini belirlemek,,
yolunu değiştirmek,gittiği yoldan ayrılarak başka yola geçmek,,
yolunu kaybetmek,hangi yoldan gideceğini bilememek,,
yolunu kesmek,"engel olmak, engellemek",,
yolunu sapıtmak,"doğru yoldan ayrılmak, kötü yola sapmak",,
yolunu tutmak,o yere doğru gitmeye başlamak,,
yolunu tutmak,"benimsemek, gereğini yerine getirmek",,
yolunu yapmak,bir işin istediği gibi olması için uygun zemin hazırlamak,,
yolunu yitirmek,yolunu kaybetmek,,
yolu açık olmak,"bir iş, önünde engel olmamak",,
yolu açmak,yolda geçişi önleyen engelleri kaldırmak,,
yolu almak,yolun sonuna varmak,,
yolu düşmek,bir yerden geçmesi gerekmek,,
yolu (veya yolunu) şaşırmak,yanlış yola sapmak,,
yol açmak,yol yapmak | kapanmış olan yolu geçilir duruma getirmek | kalabalık bir yerde genellikle saygıdeğer bir kişinin geçmesi için insanları kenara çekip yol vermek | bir olayın sebebi olmak | davranışlarıyla başkalarına örnek olmak,,
yol almak,yolda ilerlemek,,
yol aramak,çare bulmaya çalışmak,,
yol ayrımına gelmek,"yolların birbirinden ayrıldığı yerde bulunmak | farklı düşünce, görüş ve ülkü yüzünden birbirinden ayrılmak | hayata bakış ve yaşayışta farklılaşmak",,
yol bulmak,çare bulmak,,
yol çizmek,bir konuda plan yapmak,,
yol etmek,o yere sık sık gitmek,,
yol gitmek,yolda ilerlemek,,
yol görünmek,gitmek gerekmek,,
yol göstermek,"kılavuzluk etmek, yolu bilmeyene anlatmak, tarif etmek | ne yapılacağını, nasıl davranılacağını öğretmek",,
yol gözlemek,bir şeyin olmasını ummak | bir kimsenin gelmesini beklemek,,
yol iz bilmek,gideceği yolu ve yeri bilmek | görgülü davranmak,,
yol kesmek,"geçmesine engel olmak, durdurmak | ıssız yerlerde soygunculuk yapmak | motor vb. hızını azaltmak, devrini düşürmek",,
yol şaşmak,yol çatallaşıp karışmak,,
yol tepmek,çok uzun bir süre yürümek,,
yol tutmak,bir yoldan kimseyi geçirmeyecek biçimde düzen kurmak,,
yol vermek,"geçmesine izin vermek | hızını artırmak | işten çıkarmak, işine son vermek",,
yol vurmak,yol kesmek,,
yol yapmak,"yol oluşturmak | kandırmaya çalışmak, avutmak",,
yol yol olmak,Çizgiler biçiminde şekil almak,,
yol yürümek,yolda gitmek,,
yom tutmak,uğurlu saymak,,
yorgan döşek yatmak,ağır hasta olmak,,
yorgan kaplamak,yorgana çarşaf geçirmek,,
yorgaya kaldırmak,"atı, binicisini sarsmayan bir biçimde yürümesi için hareketlendirmek",,
yorgunluğunu almak,dinlenmesine sebep olmak | birini dinlendirmek,,
yorgunu yokuşa sürmek,"yapılması güç bir işin, büsbütün güç şartlarda gerçekleştirilmesini istemek",,
yorgun düşmek,"çok yorulmak, bitkin duruma gelmek",,
yön vermek,"yeni bir biçim, yeni bir düzen vermek",,
yörüngesine oturmak,yapma uydu uzayda istenilen yörüngede hareket etmek | bir iş yoluna girmek,,
yufka açmak,hamuru yufka durumuna getirmek,,
yuf borusu çalmak,"kınama, üzüntü ve nefretini bildirmek",,
yuhaya tutmak,yuh çekmek,,
yuha çekmek,yuh çekmek,,
yuh çekmek,"beğenilmeyen, tasvip edilmeyen birine veya bir duruma karşı haykırmak",,
yukarıdan almak,"yumuşaklık göstermemek, ağır önerilerde bulunmak, sert davranmak",,
yukarıdan bakmak,kendini karşısındakinden üstün görmek,,
yuları birinin elinde olmak,"bir kimsenin davranışları birinin denetiminde, yönetiminde olmak",,
yuları takmak,"birini sözünden çıkamayacak duruma getirmek, egemenliği altına almak",,
yuları teslim etmek,yuları ele vermek,,
yumak yumak,Yuvarlak bir biçimde,,
yumruğuna güvenmek,isteklerini yaptırmak için yalnızca bedensel gücüne güvenmek,,
yumruk göstermek,"korkutmak, gözdağı vermek",,
yumruk yumruğa gelmek,yumruklaşmak,,
yumurtaya kulp takmak,bahane bulmakta usta olmak,,
yumurtayı çalkamak,"hayvan, üstüne oturduğu yumurtayı çevirmek",,
yumuşak damak,Damağın boğaza yakın bölümü [anatomi],,
yuvarlak konuşmak,bir şeyin ayrıntılarını gereği gibi belirtmeden genel konuşmak,,
yuvarlanıp gitmek,eldeki imkânlarla geçinmek | birdenbire ölmek,,
yuvasını bozmak,aile düzenini dağıtmak,,
yuvasını dağıtmak,kurulu ev düzenini bozmak,,
yuvasını yapmak,"birine gereken ceza veya cevabı vermek, hakkından gelmek",,
yuvasını yıkmak,birinin eşinden boşanmasına sebep olmak | biri eşinden ayrılarak kendi aile düzenini yok etmek,,
yuvayı yürütmek,evlilik birliğini sürdürmek,,
yuva kurmak,evlenmek,,
yuva yapmak,"yuva hazırlamak, yuva oluşturmak | evlenmek",,
yükseklerde dolaşmak,elde edilmesi güç şeyler istemek,,
yüksekten almak,"olduğundan fazla böbürlenmek, abartılı davranmak",,
yüksekten atmak,yapamayacağı şeyleri yapabilirmiş gibi söylemek,,
yüksekten bakmak,kendini karşısındakinden üstün görmek,,
yüksekten konuşmak,kendini çevresindekilere kabul ettirebilmek için övünerek konuşmak,,
yüksekten uçmak,"yükseklerde dolaşmak | palavra atmak, çok abartmak",,
yüksek oynamak,kumar ve şans oyunlarına çok para ile katılmak,,
yüksek perdeden konuşmak,yüksek sesle konuşmak | meydan okurcasına sert konuşmak | yapılması güç şeyleri gerçekleştirebilecekmiş gibi abartmalı konuşmak,,
yükünü almak,"taşıyabileceği en ağır yükü yüklenmiş olmak | yeterli sayıda bulundurmak, dolmak | yükünü tutmak",,
yükünü çekmek,"bütün ağırlığını taşımak, her türlü eziyete katlanmak",,
yükünü tutmak,"çok zengin olmak, zenginleşmek",,
yük altına girmek,ağır bir görevi üzerine almak,,
yük etmek,ağırlık yapacak bir şeyi üzerinde taşımak | yüklemek,,
yük olmak,"zahmet, sıkıntı vermek | kendisi için başkasına para harcatmak, masraf yaptırmak",,
yük vurmak,hayvana yük yüklemek,,
yüreğe işlemek,çok derin acı uyandırmak,,
yüreğinden geçmek,düşünmek,,
yüreğinden gelmek,"bir şeyi isteyerek, severek yapmak",,
yüreğinde bir şeyler kaynamak,içinde şüphe ve endişe uyanmak,,
yüreğine daral gelmek,"içi sıkılmak, bunalmak, huzursuz olmak",,
yüreğine dert olmak,"başkasının herhangi bir davranışı, sonradan kendisi için sürekli bir üzüntü kaynağı olmak",,
yüreğine dokunmak,üzülmek,,
yüreğine inmek,kötü bir olay dolayısıyla fazlaca etkilenmek,,
yüreğine işlemek,yüreğe işlemek,,
yüreğine kar yağmak,kıskançlık duyarak üzülmek,,
yüreğine kurt düşmek,"şüphelenmek, içine kurt düşmek",,
yüreğine od (veya ateş) düşmek,"felakete uğramak, çok üzülmek",,
yüreğine oturmak,çok üzmek,,
yüreğine saplanmak,"aşırı derecede acı duymak, içine oturmak",,
yüreğine sinmek,içine sinmek,,
yüreğine su serpmek,bir kimseyi kaygı sebebinin ortadan kalkmasıyla veya yeniden umut verecek bir haberle ferahlatmak,,
yüreğine (bir şey) çökmek,derinden ızdırap duymak,,
yüreğinin başı sızlamak,yüreği sızlamak,,
yüreğinin yağı (veya yağları) erimek,çok üzülmek | çok korkmak,,
yüreğini açmak,"kalbini açmak, derdini dökmek, içini dökmek, senli benli konuşmak ve davranmak",,
yüreğini ateş almak,"aşırı üzülmek, fazla üzüntüden içi yanmak",,
yüreğini dağlamak,"acıyla ve özlemle içi yanmak, acıyla kıvranmak",,
yüreğini kaplamak,endişe ve üzüntü duymak,,
yüreğini kemirmek,"içini kemirmek, tedirgin olmak",,
yüreğini pek tutmak,kendini korkuya kaptırmamak,,
yüreğini serinletmek,üzüntüsünü azaltmak,,
yüreğini tüketmek,bir şeyi anlayıncaya kadar anlatanı çok yormak,,
yüreğini tüketmek,bir şey anlatmaya çalışarak yorulmak,,
yüreği ağzına gelmek,"birdenbire çok korkmak, aşırı korku veya sevinçten fazlasıyla heyecanlanmak, endişelenmek",,
yüreği bayılmak,karnı çok acıkmak,,
yüreği boğazına tıkanmak,"sıkılmak, üzülmek, dertlenmek",,
yüreği bozulmak,"bunalmak, sıkılmak",,
yüreği burkulmak,"çok üzülmek, çok acı duymak",,
yüreği çarpmak,"kalbi çarpmak veya çalışmak | coşku sebebiyle kalp hızlı hızlı çarpmak veya çalışmak | merak, kaygı, korku, heyecan vb. duygularla tedirgin olmak, huzursuz olmak",,
yüreği daralmak,"sıkılmak, bunalmak, içi daralmak",,
yüreği dayanmamak,"acısına katlanamamak, çok acı duymak",,
yüreği ezilmek,"üzülmek, acı duymak | açlık duymak",,
yüreği götürmemek,"dayanamamak, katlanamamak",,
yüreği göz göz olmak,"dert, acı ve sıkıntıdan içi kabarmak, aşırı dertlenmek",,
yüreği kabarmak,içi sıkıntı ile dolup derin soluk alma gereğini duymak | midesi bulanmak,,
yüreği kaldırmamak,"dayanamamak, katlanamamak",,
yüreği kalkmak,heyecanlanmak,,
yüreği kanamak,aşırı üzüntüden sarsılmak,,
yüreği kan ağlamak,"derinden acı duymak, çok üzülmek",,
yüreği kararmak,içine karamsarlık ve sıkıntı çökmek,,
yüreği katılmak,ağlamaktan veya soğuktan nefesi tutulmak,,
yüreği kaynamak,içinde şüphe ve endişe uyanmak,,
yüreği parçalanmak,çok acımak,,
yüreği parça parça olmak,pek çok acımak,,
yüreği parlamak,"coşmak, heyecanlanmak",,
yüreği rahatlamak,"üzüntü ve kaygısı azalmak, kalmamak",,
yüreği serinlemek,üzüntüsü bir dereceye kadar azalmak,,
yüreği sıkılmak,içi sıkılmak,,
yüreği sızlamak,"çok acımak, çok üzülmek",,
yüreği soğumak,düşmanın bir felakete uğramasına sevinmek,,
yüreği şişmek,can sıkıcı şeyler dinlemekten bunalmak,,
yüreği titremek,"endişe, korku duymak",,
yüreği tükenmek,"bir şeyi anlatmak için çokça tekrar etmekten usanmak, yorulmak",,
yüreği ürpermek,çok korkmak,,
yüreği yağ bağlamak,istenilen bir şeyin olmasından ferahlık duymak,,
yüreği yanmak,çok acımak | felakete uğramak,,
yüreği yarılmak,çok korkmak,,
yüreği yerinden oynamak,birdenbire heyecanlanmak veya korkmak,,
yüreklilik göstermek,yürekli olmak,,
yürekli olmak,"cesur olmak, cesaret göstermek",,
yüreksizlik göstermek,"korkmak, ürküp kaçmak",,
yürekten çağırmak,"aşırı derecede arzu etmek, istemek",,
yürek burkmak,"insanın içini acıyla doldurmak, insana çok üzüntü vermek",,
yürek burmak,yürek burkmak,,
yürek istemek,cesaret gerekmek,,
yürek Selânik olmak,çok korkmak ve çok heyecanlanmak,,
yürek soğutmak,sevmediği birinin bir felakete uğramasına sevinmek,,
yürek tüketmek,yüreği tükenmek,,
yürek vermek,yüreklendirmek,,
yürürlüğe girmek,"bir kanun, bir karar, bir iş uygulanır, yapılır duruma gelmek",,
yürürlüğe konmak,bir kanun veya bir karar uygulama alanına konulmak,,
yürürlükten kaldırmak,uygulanmaz duruma getirmek,,
yürürlükten kalkmak,bir kanun veya karar iptal edilmek,,
yürürlükte bulunmak,bir kanun veya bir karar uygulama alanında olmak,,
yürürlükte kalmak,bir kanun veya karar geçerli olmaya devam etmek,,
yürürlükte olmak,"kanun, karar, iş yapılmakta, uygulanmakta olmak",,
yürüyüşe çıkmak,"dolaşmaya, gezintiye çıkmak",,
yürüyüşe geçmek,bir yerden başka bir yere gitmek için yürümeye başlamak | bir yeri almak için o yöne doğru ilerlemek,,
yürüyüş düzenlemek,bir olayı protesto etmek veya bir konuya dikkat çekmek amacıyla toplu yürüyüş tertip etmek,,
yürüyüş yapmak,spor amacıyla yürümek | bir olayı protesto etmek veya bir konuya dikkati çekmek amacıyla topluca yürümek,,
yüze çıkmak,"bir sıvının üst bölümüne çıkmak | belli olmak, açığa çıkmak, belirmek | yüzsüz olmak, şımarmak",,
yüze duramamak,"birinin hatırından çıkamamak, birinin hatırını kıramamak",,
yüze gelmek,çekinmemek,,
yüze gülmek,"yalandan dost görünmek | sevimli, alımlı görünmek",,
yüze vurmak,yüzüne vurmak,,
yüzsuyu dökmek,onurunu sarsacak kadar çok yalvarmak,,
yüzüğü geriye çevirmek,"evlenme sözünü geri almak, nişanı bozmak",,
yüzük takmak,nişanlanmak,,
yüzünden akmak,herhangi bir durum yüzünden çok belli olmak,,
yüzünden düşen bin parça olmak,öfke veya küskünlükten ileri gelen can sıkıntısıyla suratı asık olmak,,
yüzünden kan damlamak,"çok sağlıklı olmak, sağlığı yüzünün renginden belli olmak",,
yüzünden okumak,"ezbere değil, yazılmış kâğıttan okumak | herhangi bir durumu yüzünden anlamak",,
yüzünden okunmak,"ezbere değil, yazılmış kâğıttan okunmak | herhangi bir durumu yüzünden anlaşılmak",,
yüzüne bağırmak,birine öfke ile saygısızca sözler söylemek,,
yüzüne bakamaz olmak,"utanç, yüreksizlik vb. sebeplerle bir kimsenin karşısına çıkamamak",,
yüzüne bakılacak gibi olmak,çok çirkin olmamak,,
yüzüne bakılır olmak,çirkin sayılmamak,,
yüzüne bakılmaz olmak,çok çirkin olmak,,
yüzüne bakmamak,"önem vermemek, ilgilenmemek | darılmak, gücenmek",,
yüzüne bakmaya kıyamamak,biri çok güzel olmak,,
yüzüne bir daha bakmamak,darılıp konuşmamak,,
yüzüne duramamak,"dayanamamak, bir isteğe hayır diyememek, kıramamak",,
yüzüne gözüne bulaştırmak,"bir işi becerememek, bozmak",,
yüzüne gülmek,"dostmuş gibi görünmek | dostluk göstermek, ilgi göstermek, alakalanmak | temizliği, yeniliği dolayısıyla ferahlık vermek",,
yüzüne hasret kalmak,"birinden veya bir şeyden yoksun kalmak, özlemek",,
yüzüne kan gelmek,"sağlığı yerine gelmek, benzinin solgunluğu geçmek",,
yüzüne su çarpmak,yüzünü soğuk su ile yıkamak,,
yüzüne yazmak,gelinin yüzünü süslemek,,
yüzünün derisi yere geçmek,yüzü yere gelmek,,
yüzünü ağartmak,"beğenilir iş yapmak, iş ve davranışlarıyla yakınlarının övünmesine sebep olmak",,
yüzünü duvara yapıştırmak,ilgiyi kesmek,,
yüzünü görmemek,"uzun süre görmemek | gereksinim duyulan bir şeyi özlemek, ona hasret kalmak",,
yüzünü gözünü açmak,bir çocuğa veya gence o zamana kadar bilmediği birtakım cinsel bilgiler vermek,,
yüzünü güldürmek,"birini mutlu etmek, birine iyilik etmek",,
yüzünü karartmak,birine sinirlenerek somurtmak,,
yüzünü kara çıkarmak,birini utandırmak,,
yüzünü kızartmak,"bir kimsenin utanmasına sebep olmak, birini utanacak duruma düşürmek",,
yüzünü unutmak,"uzun süre görmemek, varlığına hasret kalmak",,
yüzüp yüzüp kuyruğuna gelmek,uzun sürmüş bir işi bitirmek üzere olmak,,
yüzüstü bırakmak,"birini yapayalnız, kimsesiz, kötü bir durumda bırakmak | bir işi zamanında yapmayıp savsaklamak, olduğu gibi bırakmak, ihmal etmek",,
yüzüstü kalmak,"bir iş, zamanında yapılmayıp olduğu gibi bırakılmak",,
yüzü açılmak,"güzelliği, parlaklığı ortaya çıkmak",,
yüzü asılmak,somurtmak,,
yüzü düşmek,somurtmak,,
yüzü görmemek,"...-den yoksun olmak, uzak bulunmak",,
yüzü gözü açılmak,"sıkılmaz, utanmaz bir duruma gelmek | toplumsal ilişkiler kurmaya, çevresini, dünyayı tanımaya başlamak",,
yüzü gülmek,"sevinci yüzünden belli olmak | feraha kavuşmak | temiz, tertipli duruma gelmek",,
yüzü kalmamak,bir kimseden daha önce birçok ricada bulunduğu için yeni bir şey istemeye sıkılmak,,
yüzü kızarmak,utanmak,,
yüzü kireç kesilmek,yüzünde renk kalmamak,,
yüzü kâğıt gibi olmak,kanı çekilip benzi solmak,,
yüzü olmamak,bir şeye dayanamamak | cüret ve cesareti olmamak | utanmak,,
yüzü sararmak,"korku, üzüntü, coşku vb. sebeplerle yüzün rengi solmak",,
yüzü seçilmemek,"açıkça tanınmamak, belli belirsiz görünmek",,
yüzü sıcak olmak,"çok sevilmek, hoşlanılmak",,
yüzü soğuk olmak,ürkütücü olmak,,
yüzü tutmamak,"bir şey istemeye veya söylemeye çekinmek, cesaret edememek | utanmak",,
yüzü yazılı kalmak,"kullanılmak, yenilmek için hazırlanmışken herhangi bir sebeple olduğu gibi dokunulmadan kalmak",,
yüz aklığı göstermek,bir işte başarıya ulaşmak,,
yüz bulmak,ilgi ve yakınlık görmek,,
yüz bulunca astar istemek,yüz verince astar istemek,,
yüz çevirmek,gösterdiği ilgiyi kesmek,,
yüz etmek,"ısmarlamak, havale etmek",,
yüz geri etmek,geri dönmek,,
yüz göstermek,ortaya çıkmak,,
yüz karası olmak,utanılacak bir durum ortaya çıkmak,,
yüz kızartmak,sıkılarak yalvarmak | utandırmak,,
yüz kızdırmak,utanmayı göze almak,,
yüz sürmek,aşırı sevgi göstermek için yere eğilmek,,
yüz takınmak,yüze verilen biçimle bir duyguyu belirtmek,,
yüz tutmak,yönelmek,,
yüz tutmak,"bir şey, olmak üzere bulunmak | giderek biçim ve renk değiştirmek",,
yüz verince astar istemek,"kendisine gösterilen küçük bir ilgiden şımararak geniş yetki elde etmeye, daha çok yarar sağlamaya çalışmak",,
yüz vermemek,"ilgi, yakınlık göstermemek | önemsememek",,
yüz yapmak,makyaj yapmak,,
yüz yazmak,"makyaj yapmak | köy seyirlik oyunlarında taklit edilen kişinin özelliklerini belirtecek biçimde yüz boyamak, maske yapmak",,
yüz yüze bakmak,arada hatır gönül meselesi olduğu için karşılıklı ilişkiyi korumak zorunda bulunmak,,
yüz yüze gelmek,birden karşılaşmak | bir araya gelmek,,
yüz yüze getirmek,karşı karşıya getirmek,,
yüz yüze kalmak,aynı ortam içerisinde bulunmak,,
yüz yüze yaşamak,sürekli olarak bir arada olmak zorunda bulunmak,,
yüz (veya yüzünün) akı ile çıkmak,bir işi kendi saygınlığını yitirmeden eksiksiz ve başarılı olarak yapıp bitirmek,,
yâdını uyandırmak,birini hatırlatmak,,
yâd etmek,"anmak, hatırlamak",,
yârenliğin gözüne vermek,çok samimi bir şekilde uzun sohbetler yapmak,,
yârenlik etmek,"ahbapça, dostça konuşmak, sohbet etmek",,
yâr olmak,"yardım etmek, yararlı olmak",,
zaafa düşmek,zaafa kapılmak,,
zaafa kapılmak,direnme gücü gösterememek,,
zaafa uğramak,"eksikliği, yetersizliği belli olmak",,
zaaf duymak,bir şeye karşı zayıflık hissetmek,,
zaaf göstermek,"zayıflığı, yeteneksizliği ortaya çıkmak",,
zabıt tutmak,tutanak düzenlemek,,
zafiyet geçirmek,zayıflayıp iyice kuvvetten düşmek,,
zahmete sokmak,birine yorgunluk vermek veya masraf ettirmek,,
zahmetine değmek,verilen emeği karşılamak,,
zahmet çekmek,"güçlükle karşılaşmak, sıkıntıya katlanmak",,
zahmet etmek,"biri için yorulmak veya masrafa girmek | çaba harcamak, gayret göstermek",,
zahmet olmak,"yapılan bir işten sıkıntı, yorgunluk duymak",,
zahmet vermek,sıkıntı vermek,,
zail olmak,"yok olmak, ortadan kalkmak",,
zamana uymak,davranışlarını içinde bulunulan günün şartlarına uydurmak,,
zamanı avlamak,uygun zamanı bulmak,,
zamanı dolmak,bir iş için ayrılan süre sona ermek,,
zamanı geçmek,o şey artık gerekli ve yerinde olmaktan çıkmak | mevsimi geçmek,,
zamanı (veya zamanını) geçirmek,bir işin yapılması için tanınan süreyi doldurmak,,
zaman almak,"sürmek, devam edip zamanı geçirmek",,
zaman bırakmak,bir iş için süre ayırmak,,
zaman geçirmek,"oyalanmak | topu oyuna sokarken veya oyuncu değişikliklerinde ağır hareket etmek, oyunu ağırdan almak [spor]",,
zaman ile yarışmak,hızlı hareket etmek,,
zaman kazanmak,vakit kazanmak,,
zaman kollamak,bir işin sırasını beklemek | uygun bir fırsat beklemek,,
zaman öldürmek,boş şeylerle vakit geçirmek,,
zaman tanımak,bir iş için yeterli süreyi vermek | bitmeyen bir iş için süreyi uzatmak,,
zaman vermek,bir iş için belli bir süre ayırmak,,
zambırından geçilmemek,çalımından geçilmemek,,
zamkinos etmek,"kaçmak, savuşmak",,
zamparalık etmek,"çapkınlık etmek, kadın peşinde koşmak",,
zam gelmek,fiyatı artmak,,
zam görmek,fiyatı artmak | ücreti artmak,,
zam yapmak,söz konusu fiyatı artırmak,,
zannına düşmek,sanmak,,
zan altında bulunmak,"bir şeyle suçlanmak, sanık durumunda olmak",,
zapturapt altına almak,düzeni ve disiplini sağlamak,,
zapt etmek,"zorla almak | tutmak | bir şeyi güç kullanarak önlemek | yazıya geçirmek | hatırında tutmak | anlamak, kavramak, bütünüyle öğrenmek",,
zapt olunmak,ele geçirilmek,,
zarara sokmak,zarar vermek,,
zarara uğramak,kötü bir durumla karşılaşmak | parasal kayba uğramak,,
zararda olmak,alışverişte kâr elde edememek | kötü duruma düşmek,,
zararı dokunmak,kötülüğe uğratmak,,
zararı olmamak,kötülüğe yol açmamak,,
zararlı çıkmak,bir işin sonunda değerli sayılan bazı şeyleri yitirmek | zarar etmek,,
zarar çekmek,zarara uğramak,,
zarar etmek,maddi ve manevi bakımdan kayba uğramak,,
zarar gelmek,kötülük gelmek,,
zarar görmek,kötü sonuca uğramak,,
zarar vermek,kötülük etmek | birinin parasal kayba uğramasına sebep olmak,,
zarf atmak,dolandırıcı zarf vb. kullanarak bir tür para sızdırmak veya çarpmak | karşısındakinin gerçek duygu ve düşüncelerini öğrenmek için kasıtlı olarak uygun sözler söylemek veya bazı davranışlarda bulunmak,,
zarını bozmak,"tavla oyununda oyuncu, yenilmesini yanına oturan kimseden bilmek | atılan zarı karşıdaki oyuncu, eliyle karıştırmak",,
zartayı çekmek,ölmek,,
zart zurt etmek,"yüksekten atıp tutarak çıkışmak, kaba kuvvet gösterisinde bulunmak",,
zar almak,oyunu kazanmak,,
zar atmak,"oyunda zarı hızla yuvarlamak | kader ile oynamak, geleceği için plan uygulamak",,
zar atmak,henüz başarısını kanıtlamamış biri için önceden olumlu düşünce belirtmek | birinin ağzından laf alabilmek için onun düşüncesindeymiş gibi konuşmak,,
zar gelmek,şansı iyi olmak,,
zar kesmek,zarını bozmak,,
zar tutmak,"istediği sayıyı getirmek için zarı, atmadan önce parmaklar arasında düzene sokmak",,
zayıf düşmek,zayıflamak | güçsüzleşmek,,
zayıf yerinden (veya noktasından veya damarından) yakalamak,"güçsüz, eksik ve yanlış bir tutum ve davranışı yüzünden zor durumda bırakmak",,
zayiat vermek,"kayba uğramak, zarar ziyan görmek",,
zayiçesine bakmak,"bir inanışa göre, yıldızlara bakarak birinin gelecekteki talihini anlamak",,
zayi etmek,"yitirmek, kaybetmek",,
zayi olmak,"yitmek, kaybolmak",,
zebunu olmak,"birini çok sevmek, ona aşırı düşkün olmak",,
zebun etmek,"güçsüz bırakmak, zavallı duruma düşürmek veya getirmek",,
zebun kalmak,"güçsüz, zavallı durumda bulunmak",,
zebun olmak,güçsüz duruma düşmek,,
zehaba (veya zehabına) kapılmak,kuruntuya düşmek; vesveselenmek,,
zehapta bulunmak,"vesveseye kapılmak, kuruntu içinde olmak",,
zehir kesilmek,"çok acı ve yakıcı olmak | ortalık ümit, sıkıntılı bir durum olmak",,
zehir saçmak,"çevreye kötü propaganda yapmak veya insanları olumsuz davranışlara yönlendirmek, tahrik etmek, ortalığı karıştırmak",,
zekât vermek,"Müslümanlıkta, sahip olunan mal ve paranın kırkta birlik payını sadaka olarak dağıtmak",,
zelil etmek,"aşağılamak, hor görmek, önem ve değer vermemek",,
zelil olmak,"hor görülmek, aşağılanmak",,
zemberek kurulmak,durum kızışmak,,
zemin hazırlamak,uygun ortam yaratmak,,
zemzemle yıkanmış olmak,"biri, ötekine göre çok iyi nitelikte olmak",,
zemzem kuyusuna işemek,"ünlü olsun, adı anılsın diye herkesi iğrendirip kızdıran kötü bir iş yapmak",,
zemzem suyu ile yıkanmak,hiçbir suçu veya günahı olmamak,,
zengin ekmek,"İçine çeşitli vitaminlerin eklendiği, kepeği alınmamış ekmek",,
zengin etmek,çok mal ve para sahibi yapmak,,
zengin olmak,çok mal ve para edinmek,,
zenneye çıkmak,"orta oyununda erkek oyuncu, kadın rolüne çıkmak [tiyatro]",,
zerk etmek,sıvıyı şırınga vb. ile vücuda vermek; iç itmek,,
zevahiri kurtarmak,"görünüşü kurtarmak, durumu toparlamak",,
zevale ermek,zeval bulmak,,
zevale yüz tutmak,"bozulmaya, alçalmaya, yok olmaya başlamak",,
zevali olmak,"zararı olmak, zararı dokunmak",,
zeval bulmak,"bozulup yok olmak, çökmek",,
zeval vermemek,"yok etmemek, sona erdirmemek",,
zeveban etmek,ergimek,,
zevkinde olmak,zevkine bakmak,,
zevkine bakmak,yalnız kendi eğlencesini düşünmek,,
zevkine gitmek,hoşuna gitmek,,
zevkini çıkarmak,bir şeyden olabildiği kadar zevk almak,,
zevkini okşamak,bir şeyden hoşlanmak,,
zevki çıkmak,hoşa gitmek,,
zevkli geçmek,eğlenceli bir biçimde sürmek,,
zevkli gelmek,eğlenceli olduğunu düşünmek,,
zevkten dörtköşe olmak,"çok sevinip keyiflenmek, aşırı zevk duymak",,
zevk etmek,eğlenmek,,
zevk vermek,"zevk duymasına sebep olmak, keyiflendirmek",,
zevzeklik etmek,gevezelik etmek,,
zeytinyağı gibi üste çıkmak,"bir sorunda haksız olduğunu kabul etmemek, ustalıkla kendini haklı çıkarmaya çalışmak",,
zeytin dalı uzatmak,barış için ilk adımı atmak,,
zıbarıp yatmak,yatıp uyumak,,
zıddı olmak,"bir şey birini tedirgin etmek, hoşuna gitmemek",,
zılgıt vermek,azarlamak,,
zılgıt yemek,azar işitmek,,
zınk diye durmak,birdenbire durmak,,
zıp diye çıkmak,beklenmeyen bir zamanda ortaya çıkmak,,
zırıltı çıkarmak,anlaşmazlık sebebiyle kavga etmek,,
zırlayıp durmak,durmaksızın söylenerek hoşnutsuzluğunu açığa vurmak,,
zırnık (bile) koklatmamak,en ufak bir şey vermekten kaçınmak,,
zırnık (bile) vermemek,en ufak bir şey vermemek,,
zıt gitmek,"birine karşı sürekli ters davranmak, istediklerinin tersini yapmak",,
zıvanadan çıkarmak,"sinirlendirmek, öfkelendirmek",,
zıvanadan çıkmak,"çok sinirlenmek, öfkelenmek | aklını yitirmek, çılgın gibi davranmak | denetlenemez duruma gelmek",,
zifafa girmek,gerdeğe girmek,,
zifos atmak,"sataşmak | kara sürmek, iftira atmak",,
zihinden yapmak,herhangi bir matematik işlemini araç kullanmadan ezberden yapmak,,
zihinde (veya zihninde) yer etmek,çıkmamak üzere belleğe yerleşmek,,
zihin açmak,zihni daha iyi çalışır duruma getirmek,,
zihin yormak,"bir konuda çok düşünmek, kafa yormak",,
zihnine girmek,düşüncesini değiştirmesine yol açmak,,
zihnine yerleştirmek,unutulmayacak biçimde aklında tutmak,,
zihnini altüst etmek,düşüncelerini karmakarışık duruma getirmek,,
zihnini bozmak,sürekli olarak aynı şeyi düşünmek,,
zihnini bulandırmak,kuşkuya düşürmek,,
zihnini çelmek,"bir kimseyi yanıltmak, yanlış yola sürüklemek | baştan çıkarmak",,
zihnini dağıtmak,gerektiği gibi düşünmemek,,
zihnini oynatmak,"çıldırmak, delirmek",,
zihnini toplamak,"kendine gelmek, sağlıklı düşünmeye başlamak",,
zihni açılmak,"kavrayışı, anlayışı çoğalmak",,
zihni boşalmak,kafası rahat ve dingin olmak,,
zihni takılmak,yanlış bir kanıya takılıp kalmak | çözülmesi gerekli bir konu üzerinde durmak,,
zikir çekmek,Allah’ın adını art arda söyleyerek ibadet yapmak,,
zikri geçmek,"anılmak, adı geçmek",,
zikzak yapmak,sık sık sağa sola yön değiştirmek | sık sık düşünce değiştirmek,,
zillete düşmek,"hor görülmek, aşağılanmak",,
zilsiz oynamak,çok sevindiğini belli etmek,,
zilzurna olmak,çok içip sarhoş olarak kendini bilemeyecek duruma gelmek,,
zil kalmak,parasız kalmak,,
zil takıp oynamak,çok sevindiğini belli etmek,,
zimmetine geçirmek,bir hesabı birinin borcuna eklemek,,
zimmetine geçirmek,emanet edilmiş para veya eşyayı kendine mal etmek,,
zimmet çıkarmak,eksik veya yanlış yapılan bir işlemden dolayı kişiye fazladan ödenen miktarı belirlemek ve ödemesini sağlamak için bildirimde bulunmak,,
zincire vurmak,prangaya vurmak,,
zincir vurmak,elini ayağını bağlamak | özgürlüğünü elinden almak,,
zindancılık etmek,zindan görevlisi olarak çalışmak,,
zindan etmek,"bir yeri yaşanmaz, huzursuz, rahatsız, zevk alınmaz bir duruma getirmek",,
zindan kesilmek,çok karanlık duruma gelmek | çok sıkıcı ve içinde yaşanmaz duruma gelmek,,
zindan olmak,"yaşanmaz, huzursuz, rahatsız, zevk alınmaz duruma gelmek",,
zinde tutmak,genç ve diri kalmasını sağlamak,,
zirveye çıkmak,"dağın doruğuna ulaşmak | en üst düzeyde ilgi çekmek, herkes tarafından konuşulur olmak",,
zirzopluk etmek,"uygunsuz, yakışıksız davranışlarda bulunmak",,
ziyan etmek,"yersiz, boş yere harcamak | zarara uğramak",,
ziyan olmak,"boşuna harcanmak, zarar görmek",,
ziyan zebil etmek,"boşuna, boş yere harcamak",,
ziyan zebil olmak,"boşuna, boş yere harcanmak",,
ziyaret etmek,birini görmeye gitmek | bir yeri görmeye gitmek,,
zokayı yutmak,aldatılıp zarara sokulmak,,
zom olmak,çok sarhoş olmak,,
zona olmak,zona hastalığına yakalanmak,,
zora binmek,iş ancak zor kullanılmakla sonuçlanacak bir hâl almak | zorlaşmak,,
zora gelememek,"baskıya, sıkıntıya veya sıkı bir çalışmaya dayanamamak, katlanamamak",,
zora koşmak,güçlük çıkarmak,,
zorbalık etmek,zorba gibi davranmak,,
zoruna gitmek,"onuruna dokunmak, gücüne gitmek",,
zorunda bırakmak,yapmaya mecbur etmek,,
zorunlu kılmak,mecbur etmek,,
zoru olmak,"kendisini zorlayan bir durumu, bir sıkıntısı olmak, sorunu bulunmak, güçlüğü olmak",,
zor alıma çarpmak,"kişi mallarına devlet adına yasal olarak el koymak, müsadere etmek",,
zor gelmek,bir işin yapılması birine güç gelmek,,
zor kullanmak,bir işin yapılması için her türlü baskıya başvurmak,,
zuhur etmek,"ortaya çıkmak, görünmek, belirmek",,
zulaya atmak,bir şeyi gizli bir yere koymak,,
zulaya yatmak,"gizlenmek, saklanmak",,
zula etmek,"çalmak, aşırmak | gizlemek, saklamak",,
zula olmak,"gizlenmek, saklanmak",,
zulüm görmek,kendisine eziyet edilmek,,
zum yapmak,zumlamak,,
zülfüyâre dokunmak,"hatırlı, güçlü bir kimseyi veya bir makamı gücendirmek, darılmasına yol açmak | birine zarar veya sıkıntı vermek | sıkıntı verecek, sorun olacak konulara girmek",,
züppelik etmek,züppece davranmak,,
(birinin) kampanasını sökmek,(birini) iyice dövmek,,
(birinin) kulağının zarı patlamak,gürültü yüzünden rahatsız olmak,,
(birinin) kulağını bükmek,bir sorun karşısında dikkatli davranması için uyarıda bulunmak,,
(birinin) kulağını çekmek,ceza olarak kulağını tutup bükerek çekmek | uyarmak için hafif bir ceza vermek,,
(birinin) kulağını çınlatmak,birini anmak,,
(birini) ateşe atmak,birini tehlikeli bir duruma sokmak,,
(birini) maymun gibi oynatmak,"istediği tarafa çekmek, her istediğini yaptırmak",,
(bir şeye) kulak vermek,"değer vermek, önemsemek",,
(bir şeyin) azizliğine uğramak,"beklenmeyen, isteyen bir olumsuzlukla karşılaşmak",,
âciz kalmak,çok uğraşmasına karşın bir işi yapamamak,,
âdembabaya dönmek,malını mülkünü kaybetmek,,
-den yana çıkmak,"birinin yanlısı olmak, birini tutmak",,
-den yana olmak,birinin tarafını tutmak,,
âdet edinmek,bir şeyi alışkanlık ve huy durumuna getirmek,,
âdet görmek,kadın aybaşı olmak,,
âdet olmak,öteden beri yapılır olmak | bir şey gelenek durumuna gelmiş olmak,,
âlem yapmak,sazlı sözlü eğlenmek,,
(makinenin bir bölümünü) avaraya almak,o bölümün çalışmasını durdurmak,,
âşığı kesilmek,tutku durumuna getirmek,,
âşıktaşlık etmek,gönül eğlendirmek,,
âşık etmek,"birinin kendisine bağlanmasını, kendisini sevmesini sağlamak",,
âşık olmak,"sevmek, tutulmak",,
… süsü vermek,"gerçekte öyle olmadığı hâlde kendisini öyle göstermek, üstün bir niteliğe sahipmiş gibi göstermek",,
... damgasını vurmak,biri hakkında kötü bir yargıya varmak,,
... demeye getirmek,doğrudan söylemeyip dolayısıyla anlatmak,,
... demeye kalmamak,"söylemeye, yapmaya fırsat olmamak",,
... durumuna düşmek,şartları kötüleşmek,,
... duygusu uyandırmak,bir duygu oluşturmak,,
... elinden çıkmak,biri tarafından yapıldığı belli olmak,,
...-e gelmemek,"… ile ölçülmesi veya anlatılması mümkün olmamak, ölçülemeyecek veya anlatılamayacak kadar çok veya güç olmak | doğru olmamak, sonu iyi olmamak",,
... gibi yapmak,... imişçesine davranmak,,
... gözüyle bakmak,yerine koymak,,
... hâline gelmek,gibi olmak,,
... lüksü olmamak,yapılan bir işte geri dönülemeyecek bir noktada olmak | bir şeyi yapmaya hakkı olmamak | bir şeyin yapılması göze alınamayacak bir noktada olmak | bir şeyi yapmak için olanağı bulunmamak,,
... nazarıyla bakmak,"ona öyle imiş gibi, o gözle bakmak",,
... sevdasına düşmek,bir şeyi çok fazla istemek,,
... vaziyeti takınmak,herhangi bir tavır takınmak,,
... yaşını sürmek,... yaşında olmak,,
... yaşını sürmek,... yaşında olmak,,
... ziyafeti çekmek,"herhangi bir şeyi en iyi biçimde başarmak, herhangi bir yönüyle doyurmak",,
(... ile) gezmek,karşı cinsten biriyle aralarında duygusal ilişki olup birlikte dolaşmak | bir şeyi sürekli yanında veya üstünde taşımak,,
