kelime_1,kelime_2,iliski_turu
ab,su,yönlendirme
aba,kepenek,yönlendirme
abacı,asalak,yönlendirme
abadi,abadi kâğıt,yönlendirme
abaküs,sayı boncuğu,yönlendirme
abaküs,abak,anlam içi
abartı,mübalağa,anlam içi
abartıcı,abartmacı,anlam içi
abartıcı,mübalağacı,anlam içi
abartıcılık,abartmacılık,anlam içi
abartıcılık,mübalağacılık,anlam içi
abartılı,abartmalı,anlam içi
abartılı,mübalağalı,anlam içi
abartısız,abartmasız,anlam içi
abartısız,mübalağasız,anlam içi
abartısızca,abartmasızca,anlam içi
abartma,izam,anlam içi
abartmak,şişirmek,anlam içi
abartmak,mübalağa etmek,anlam içi
Abaza,Abhaz,anlam içi
Abaza peyniri,Abhaz peyniri,anlam içi
abdest,baş,anlam içi
abdestbozan,tenya,yönlendirme
abdest almak,baş,anlam içi
abdüsselam otu,adamotu,yönlendirme
aberant,sapıntılı,yönlendirme
aberasyon,sapınç,yönlendirme
Abhazca,Abazaca,yönlendirme
abide,anıt,yönlendirme
abideleşme,anıtlaşma,yönlendirme
abideleşmek,anıtlaşmak,yönlendirme
abideleştirilmek,anıtlaştırılmak,yönlendirme
abideleştirme,anıtlaştırma,yönlendirme
abideleştirmek,anıtlaştırmak,yönlendirme
abidevi,anıtsal,yönlendirme
abla,aba,anlam içi
abla,bacı,anlam içi
abla,çaça,anlam içi
abla,mama,anlam içi
ablatif,çıkma durumu,yönlendirme
abluka,kuşatma,yönlendirme
abone,sürdürümcü,anlam içi
abonman,sürdürüm,anlam içi
abra,dara,yönlendirme
abraş,alaca hastalığı,yönlendirme
absentizm,pelin zehirlenmesi,anlam içi
abstraksiyonizm,soyutçuluk,yönlendirme
abstre,soyut,yönlendirme
abstre sayı,soyut sayı,yönlendirme
absürt,saçma,yönlendirme
absürtlük,absürdizm,anlam içi
abu,abo,yönlendirme
abuhava,iklim,yönlendirme
abuklaşma,saçmalaşma,yönlendirme
abuk sabuk,saçma,yönlendirme
abuk sabukluk,saçmalık,yönlendirme
abuli,irade yitimi,yönlendirme
abus,somurtkan,yönlendirme
acaba,acep,anlam içi
Acar,Acara,anlam içi
acar,atılgan,yönlendirme
acayip,yabansı,anlam içi
acayip,garip,anlam içi
acayip,tuhaf,anlam içi
acayiplik,yabansılık,anlam içi
acayiplik,gariplik,anlam içi
acayiplik,tuhaflık,anlam içi
acele,çabuk,anlam içi
acele,tez,anlam içi
acele,ivedi,anlam içi
acele,becit,anlam içi
acele,müstacel,anlam içi
acele,şitap,anlam içi
aceleci,farfara,anlam içi
aceleci,fırtına gibi,anlam içi
aceleci,içi tez,anlam içi
aceleci,evgin,anlam içi
aceleci,ivecen,anlam içi
aceleci,iveğen,anlam içi
aceleci,kıvrak,anlam içi
aceleci,sabırsız,anlam içi
aceleci,tez canlı,anlam içi
aceleci,telaşlı,anlam içi
aceleci,acul,anlam içi
acelecilik,ivecenlik,anlam içi
acelecilik,tez canlılık,anlam içi
aceleleştirme,çabuklaştırma,yönlendirme
aceleleştirmek,çabuklaştırmak,yönlendirme
Acem,İranlı,yönlendirme
Acemce,Farsça,yönlendirme
acemi,çaylak,anlam içi
acemi,çömez,anlam içi
acemi,toy,anlam içi
acemi,amatör,anlam içi
acemi,idmansız,yönlendirme
acemice,acemicesine,anlam içi
acemice,toyca,anlam içi
acemi er,kuş,anlam içi
Acemleşme,Farslaşma,anlam içi
Acemleşmek,Farslaşmak,anlam içi
Acemleştirilme,Farslaştırılma,anlam içi
Acemleştirilmek,Farslaştırılmak,anlam içi
Acemleştirme,Farslaştırma,anlam içi
Acemleştirmek,Farslaştırmak,anlam içi
Acem lalesi,güneştopu (Eschecholtzia californica),anlam içi
acı,biberli,anlam içi
acı,yara,anlam içi
acıklı,elim,anlam içi
acıklı,koygun,anlam içi
acıklı komedi,trajikomedi,anlam içi
acılaşmak,acımak,anlam içi
acılı,üzüntülü,yönlendirme
acılık,meraret,anlam içi
acıma,merhamet,anlam içi
acımasız,zalimce,anlam içi
acımasızca,acımasızcasına,anlam içi
acımasızca,zalimce,anlam içi
acımasızca,zalimcesine,anlam içi
acımasızca,zalimane,anlam içi
acımasızlık,vahşet,anlam içi
acıma duygusu,acıma hissi,anlam içi
acımık,mavikantaron,yönlendirme
acımsı,acımtırak,anlam içi
acımtıraklık,acımsılık,yönlendirme
acırga,yaban turpu,yönlendirme
acısız,üzüntüsüz,yönlendirme
acı ağaç,kavasya (Quassia amara),anlam içi
acı bakla,termiye,yönlendirme
acı bal,deli bal,yönlendirme
acı balık,gördek (Rhodeus amarus),anlam içi
acı çiğdem,güz çiğdemi (Colchicum autumnale),anlam içi
acı dülek ,Ebucehil karpuzu,yönlendirme
acı hıyar,it hıyarı,yönlendirme
acı kavak,titrek kavak,yönlendirme
acı kavun,Ebucehil karpuzu,yönlendirme
acı meyan,dikenli meyan,yönlendirme
acı sakız,çam sakızı,yönlendirme
acı tatlı,şöyle böyle,yönlendirme
acı yavşan,tüylü dalak otu,yönlendirme
acil,ivedi,anlam içi
acil,ivedili,anlam içi
acil,evgin,anlam içi
acil,müstacel,anlam içi
acilen,çabucak,yönlendirme
acil ihtiyaç kredisi,artı para,yönlendirme
aciz,güçsüzlük,yönlendirme
aç,tok karşıtı,anlam içi
açacak,anahtar,yönlendirme
açar,anahtar,yönlendirme
açar,ön içki,yönlendirme
açgözlü,açgöz,anlam içi
açgözlü,gözü aç,anlam içi
açgözlü,gözü doymaz,anlam içi
açgözlü,haris,anlam içi
açgözlü,tamahkâr,anlam içi
açgözlü,tokgözlü karşıtı,anlam içi
açgözlülük,açgözlük,anlam içi
açgözlülük,gözü doymazlık,anlam içi
açgözlülük,harislik,anlam içi
açgözlülük,tamahkârlık,anlam içi
açgözlülük,tamah,anlam içi
açı,zaviye,anlam içi
açık,vazıh,anlam içi
açıkça,aşikâre,anlam içi
açıkçası,Türkçesi,anlam içi
açıkgöz,aynagöz,anlam içi
açıkgöz,cingöz,anlam içi
açıkgöz,uyanık,anlam içi
açıkgözlük,açıkgözlülük,yönlendirme
açıkgözlülük,cingözlük,anlam içi
açıklama,izah,anlam içi
açıklama,tavzih,anlam içi
açıklamak,izah etmek,anlam içi
açıklamak,tavzih etmek,anlam içi
açıklanan,açıklayan,anlam içi
açıklık,meydanlık,anlam içi
açıklık,vuzuh,anlam içi
açıktan tayin,açıktan atama,yönlendirme
açık açık,içtenlikle,yönlendirme
açık artırma,artırma,anlam içi
açık artırma,müzayede,anlam içi
açık bono,açık senet,anlam içi
açık bölge,serbest bölge,yönlendirme
açık celse,açık duruşma,yönlendirme
açık celse,"açık oturum, gizli celse karşıtı",yönlendirme
açık çek,açık kart,anlam içi
açık deniz,engin,anlam içi
açık elli,cömert,yönlendirme
açık ellilik,cömertlik,yönlendirme
açık fikirli,açık görüşlü,anlam içi
açık fikirlilik,açık görüşlülük,anlam içi
açık hece,açık seslem,anlam içi
açık kahverengi,devetüyü,anlam içi
açık kahverengi,sütlü kahve,anlam içi
açık kahverengi,kestane rengi,anlam içi
açık kahverengi,kestane dorusu,anlam içi
açık kahverengi,pekmezköpüğü,anlam içi
açık kalpli,açık yürekli,yönlendirme
açık kalplilik,açık yüreklilik,yönlendirme
açık kapı politikası,açık kapı siyaseti,anlam içi
açık mutfak,ada mutfak,anlam içi
açık mutfak,Amerikan mutfak,anlam içi
açık oturum,panel,anlam içi
açık oturum,açık celse,anlam içi
açık sayım,aleni tadat,anlam içi
açık sözlü,dobra,anlam içi
açık tohumlular,çıplak tohumlular,anlam içi
açık yürekli,samimi,anlam içi
açık yüreklilik,samimiyet,anlam içi
açılım,sağ açıklık,yönlendirme
açılış,küşat,anlam içi
açılma,küşayiş,anlam içi
açılma,çatlama,yönlendirme
açımlama,teşrih,anlam içi
açımlama,şerh,anlam içi
açımlamak,şerh etmek,anlam içi
açımlamak,teşrih etmek,anlam içi
açındırma,düzlemleştirme,anlam içi
açındırmak,düzlemleştirmek,anlam içi
açınım,inkişaf,anlam içi
açınsama,istikşaf,anlam içi
açınsamak,istikşaf etmek,anlam içi
açıölçer,iletki,yönlendirme
açısal,zaviyevi,anlam içi
açı ayraç,açı parantez,anlam içi
açkı,anahtar,yönlendirme
açkıcı,perdahçı,anlam içi
açkıcı,anahtarcı,yönlendirme
açkılanmak,perdahlanmak,anlam içi
açma,teftih,anlam içi
açmak,yarmak,yönlendirme
açmamazlık,açmazlık,yönlendirme
ad,isim,anlam içi
ad,nam,anlam içi
ad,sayma,yönlendirme
ad,sayılma,yönlendirme
adabımuaşeret,görgü kuralları,yönlendirme
adak,nezir,anlam içi
adaklanma,nişanlanma,yönlendirme
adaklanmak,nişanlanmak,yönlendirme
adaklı,nişanlı,yönlendirme
adale,kas,yönlendirme
adaleli,kaslı,yönlendirme
adalesiz,kassız,yönlendirme
adalet,türe,anlam içi
adaletli,adil,yönlendirme
adalet mahkemesi,adliye mahkemesi,yönlendirme
adalet örgütü,adliye teşkilatı,yönlendirme
adam,insan,yönlendirme
adam,herif,anlam içi
adamak,nezretmek,anlam içi
adamakıllı,bir güzel,anlam içi
adamakıllı,bir temiz,anlam içi
adamca,adamcasına,anlam içi
adamkökü,adamotu,yönlendirme
adamlık,insanlık,yönlendirme
adamlık,yabanlık,yönlendirme
adamotu,kankurutan,anlam içi
adamotu,abdüsselam otu (Mandragora autumnalis),anlam içi
adamsız,arkasız,yönlendirme
adam başına,adam başı,anlam içi
adam kıtlığında,adam yokluğunda,yönlendirme
adam sarrafı,insan sarrafı,anlam içi
adap,töre,yönlendirme
adap,yol yordam,yönlendirme
adaptasyon,uyarlama,yönlendirme
adaptör,uyarlayıcı,anlam içi
adap erkân,yol yordam,yönlendirme
aday,namzet,anlam içi
adaylık,namzetlik,anlam içi
ada balığı,amber balığı,yönlendirme
ada çayı,dağ çayı (Salvia officinalis),anlam içi
ada soğanı,aksoğan (Urginea maritima),anlam içi
ada tavşanı,yaban tavşanı (Oryctolagus cuniculus),anlam içi
adcı,isimci,anlam içi
adcılık,isimcilik,anlam içi
adcılık,nominalizm,anlam içi
addedilebilme,sayılabilme,yönlendirme
addedilebilmek,sayılabilmek,yönlendirme
addedilmek,sayılmak,yönlendirme
addetme,sayma,yönlendirme
addetmek,saymak,yönlendirme
addolunma,sayılma,yönlendirme
addolunmak,sayılmak,yönlendirme
adedimürettep,tam sayı,yönlendirme
adedî,sayıca,yönlendirme
adem,yokluk,yönlendirme
ademimerkeziyet,yerinden yönetim,yönlendirme
ademimerkeziyetçi,yerinden yönetimci,yönlendirme
ademimerkeziyetçilik,yerinden yönetimcilik,yönlendirme
adese,mercek,yönlendirme
adese,kovucuk,yönlendirme
adet,sayı,yönlendirme
adet,tane,yönlendirme
adetçe,sayıca,yönlendirme
adıl,zamir,yönlendirme
adım,aşama,yönlendirme
adım,etap,anlam içi
adımsayar,pedometre,anlam içi
adım adım,yavaş yavaş,yönlendirme
adım adım,kademe kademe,anlam içi
adına,hesabına,anlam içi
adıyla sanıyla,ismiyle cismiyle,anlam içi
adi,aşağı,yönlendirme
adilane,hakça,yönlendirme
adilik,aşağılık,yönlendirme
adisyon,hesap,yönlendirme
adlandırabilme,isimlendirebilme,anlam içi
adlandırabilmek,isimlendirebilmek,anlam içi
adlandırılabilme,isimlendirilebilme,anlam içi
adlandırılabilmek,isimlendirilebilmek,anlam içi
adlandırılış,isimlendiriliş,anlam içi
adlandırılma,isimlendirilme,anlam içi
adlandırılmak,isimlendirilmek,anlam içi
adlandırış,isimlendiriş,anlam içi
adlandırıverme,isimlendiriverme,anlam içi
adlandırıvermek,isimlendirivermek,anlam içi
adlandırma,isimlendirme,anlam içi
adlandırmak,ad koymak,anlam içi
adlandırmak,ad takmak,anlam içi
adlandırmak,ad vermek,anlam içi
adlandırmak,anmak,anlam içi
adlandırmak,isim koymak,anlam içi
adlandırmak,isim takmak,anlam içi
adlandırmak,isim vermek,anlam içi
adlandırmak,isimlendirmek,anlam içi
adlandırmak,tesmiye etmek,anlam içi
adlanma,isimlenme,anlam içi
adlanmak,isimlenmek,anlam içi
adlar dizgesi,nomanklatür,anlam içi
adlaşma,isimleşme,anlam içi
adlaşmak,isimleşmek,anlam içi
adlaştırma,isimleştirme,anlam içi
adlaştırmak,isimleştirmek,anlam içi
adlı,isimli,anlam içi
adlı sanlı,ünlü,yönlendirme
adli makam,adli merci,anlam içi
adres,bulunak,anlam içi
adres çubuğu,adres kutusu,anlam içi
adres defteri,adres rehberi,anlam içi
adsız,isimsiz,anlam içi
adsız parmak,yüzük parmağı,yönlendirme
ad cümlesi,isim cümlesi,anlam içi
ad cümlesi,ad tümcesi,anlam içi
ad çekimi,isim çekimi,anlam içi
ad çekme,kura,yönlendirme
ad durumu,isim durumu,anlam içi
ad durumu,isim hâli,anlam içi
ad-eylem,ad-fiil,yönlendirme
ad-fiil,isim-fiil,anlam içi
ad gövdesi,kayır-mak,anlam içi
ad gövdesi,esirge-mek vb,anlam içi
ad kökü,isim kökü,anlam içi
ad tamlaması,isim tamlaması: bahçe kapısı,anlam içi
ad tamlaması,bahçenin duvarı,anlam içi
ad tamlaması,bahçe duvarının taşları vb,anlam içi
afakilik,nesnellik,yönlendirme
afazi,söz yitimi,yönlendirme
aferist,dalavereci,yönlendirme
affedebilme,bağışlayabilme,yönlendirme
affedebilmek,bağışlayabilmek,yönlendirme
affedilebilme,bağışlanabilme,yönlendirme
affedilebilmek,bağışlanabilmek,yönlendirme
affediliş,bağışlanış,yönlendirme
affedilme,bağışlanma,yönlendirme
affedilmek,bağışlanmak,yönlendirme
affediş,bağışlayış,yönlendirme
affetme,bağışlama,yönlendirme
affetmek,bağışlamak,yönlendirme
affetmek,mazur görmek,anlam içi
affettirebilme,bağışlatabilme,yönlendirme
affettirebilmek,bağışlatabilmek,yönlendirme
affettiriş,bağışlatış,yönlendirme
affettirme,bağışlatma,yönlendirme
affettirmek,bağışlatmak,yönlendirme
affeyleme,bağışlama,yönlendirme
affeylemek,bağışlamak,yönlendirme
affolunabilme,bağışlanabilme,yönlendirme
affolunabilmek,bağışlanabilmek,yönlendirme
affolunma,bağışlanma,yönlendirme
affolunmak,bağışlanmak,yönlendirme
Afgan,Peştu,anlam içi
afif,iffetli (erkek),yönlendirme
afife,iffetli (kadın),yönlendirme
afifelik,iffetlilik,yönlendirme
afiflik,iffetlilik,yönlendirme
afiş,ası,anlam içi
afişe,"açıklamak"" anlamlarındaki afişe etmek",anlam içi
afoni,ses yitimi,yönlendirme
aforizma,özdeyiş,yönlendirme
aforozlamak,aforoz etmek,anlam içi
aforozlamak,toplum dışılamak,anlam içi
aforoz etmek,toplum dışılamak,anlam içi
afralı tafralı,afurlu tafurlu,anlam içi
afra tafra,afur tafur,anlam içi
afsun,büyü,yönlendirme
afsuncu,büyücü,yönlendirme
afsunculuk,büyücülük,yönlendirme
afsunlama,büyüleme,yönlendirme
afsunlamak,büyülemek,yönlendirme
afsunlanma,büyülenme,yönlendirme
afsunlanmak,büyülenmek,yönlendirme
afsunlu,büyülü,yönlendirme
Afşar,Avşar,anlam içi
aft,pamukçuk,yönlendirme
Afyonkarahisar,Afyon,anlam içi
agami,borazan kuşu,yönlendirme
agaragar,jeloz,anlam içi
aglütinasyon,kümeleşim,yönlendirme
agnosi,tanısızlık,yönlendirme
agnostik,bilinemezci,yönlendirme
agnostisizm,bilinemezcilik,yönlendirme
agora,halk meydanı,anlam içi
agraf,kopça,yönlendirme
agrafi,yazma yitimi,yönlendirme
agrandisman,büyültme,yönlendirme
agrandisör,büyülteç,yönlendirme
agreman,uygunluk,yönlendirme
agronomi,tarım bilimi,yönlendirme
agu,agucuk,yönlendirme
agucuk bebek,agu bebek,anlam içi
agulama,gığıldama,anlam içi
agulamak,gığıldamak,anlam içi
aguş,kucak,yönlendirme
agâh,bilgili,yönlendirme
agâh,haberli,yönlendirme
ağ,şebeke,anlam içi
ağ,örgü,anlam içi
ağ,tuzak,yönlendirme
ağ,file,anlam içi
ağ,apışlık,anlam içi
ağa,ağabey,yönlendirme
ağa,koca,yönlendirme
ağababa,ata,yönlendirme
ağaç,kereste,yönlendirme
ağaçküpesi,hatmi,yönlendirme
ağaçlama,ağaçlandırma,yönlendirme
ağaçlamak,ağaçlandırmak,yönlendirme
ağaçsı,ağacımsı,anlam içi
ağaç balı,kedi balı,anlam içi
ağaç bilimci,dendrolojist,anlam içi
ağaç bilimci,dendrolog,anlam içi
ağaç sakızı,reçine,yönlendirme
ağaç sansarı,zerdeva (Martes martes),anlam içi
ağaç serçesi,dağ serçesi,yönlendirme
ağarabilme,beyazlayabilme,yönlendirme
ağarabilmek,beyazlayabilmek,yönlendirme
ağarış,beyazlayış,yönlendirme
ağarma,beyazlaşma,yönlendirme
ağarmak,beyazlaşmak,yönlendirme
ağarmak,aydınlanmak,yönlendirme
ağartabilme,beyazlatabilme,yönlendirme
ağartabilmek,beyazlatabilmek,yönlendirme
ağartı,beyazlık,yönlendirme
ağartılış,beyazlatılış,yönlendirme
ağartılma,beyazlatılma,yönlendirme
ağartılmak,beyazlatılmak,yönlendirme
ağartma,beyazlatma,yönlendirme
ağartma,beyazlaştırma,yönlendirme
ağartmak,beyazlatmak,yönlendirme
ağartmak,beyazlaştırmak,yönlendirme
ağdalı,karmaşık,yönlendirme
ağı,zehir,yönlendirme
ağıl,arkaç,anlam içi
ağılama,zehirleme,yönlendirme
ağılamak,zehirlemek,yönlendirme
ağılanma,zehirlenme,yönlendirme
ağılanmak,zehirlenmek,yönlendirme
ağılı,zehirli,yönlendirme
ağılı böcek,karafatma,yönlendirme
ağıllanmak,halelenmek,anlam içi
ağır,kilolu,anlam içi
ağır,sakil,anlam içi
ağır,hafif karşıtı,anlam içi
ağır,yavaş,yönlendirme
ağır,yoğun,yönlendirme
ağır,değerli,yönlendirme
ağır,çetin,yönlendirme
ağır,ağırbaşlı,yönlendirme
ağır,kısık,yönlendirme
ağır,ağır sıklet,yönlendirme
ağırbaşlı,vakarlı,anlam içi
ağırbaşlı,vakur,anlam içi
ağırbaşlı,ciddi,anlam içi
ağırbaşlı,hoppa karşıtı,anlam içi
ağırbaşlılık,ağırlık,anlam içi
ağırbaşlılık,vakar,anlam içi
ağırbaşlılık,vakarlılık,anlam içi
ağırbaşlılık,vakurluk,anlam içi
ağırcanlı,ağırkanlı,anlam içi
ağırcanlı,tembel,yönlendirme
ağırelli,eli ağır,yönlendirme
ağırellilik,eli ağırlık,yönlendirme
ağırlama,izaz,anlam içi
ağırlama,izzetüikram,anlam içi
ağırlamak,ilgilenmek,anlam içi
ağırlamak,izaz etmek,anlam içi
ağırlaşmak,yavaşlamak,yönlendirme
ağırlaşmak,güçleşmek,yönlendirme
ağırlık,tartı,anlam içi
ağırlık,takı,yönlendirme
ağırlık,sorumluluk,yönlendirme
ağırlık,kalın,anlam içi
ağırlık,sıkıntı,yönlendirme
ağırlık,gravite,anlam içi
ağırlık,sıklet,anlam içi
ağırlıksızlaşma,çekimsizleşme,yönlendirme
ağırlıksızlaşmak,çekimsizleşmek,yönlendirme
ağırsamak,yüksünmek,yönlendirme
ağırşak,kurs,anlam içi
ağır ağır,yavaş yavaş,yönlendirme
ağır araç,ağır vasıta,yönlendirme
ağır hidrojen,döteryum,yönlendirme
ağır sıklet,başağırlık,anlam içi
ağır uyku,derin uyku,yönlendirme
ağır yağ,kalın yağ,yönlendirme
ağıt,deme,anlam içi
ağıt,sagu,anlam içi
ağıt,mersiye,anlam içi
ağıtçı,sagucu,anlam içi
ağıtçı,mersiyehan,anlam içi
ağıtçılık,ağlayıcılık,anlam içi
ağıtçılık,saguculuk,anlam içi
ağıtçılık,mersiyehanlık,anlam içi
ağız,kavşak,yönlendirme
ağız,diyalekt: Rumeli ağzı,anlam içi
ağız,Konya ağzı,anlam içi
ağız,Muğla ağzı,anlam içi
ağız,Siverek ağzı vb,anlam içi
ağızcıl,oral,anlam içi
ağızlık,huni,anlam içi
ağızotu,yem,anlam içi
ağızotu,yemleme,anlam içi
ağızsıl ünlü,ağız ünlüsü,yönlendirme
ağız birliği,söz birliği,anlam içi
ağız dalaşı,ağız kavgası,anlam içi
ağız dalaşı,dil kavgası,anlam içi
ağız dalaşı,dil dalaşı,anlam içi
ağız kavafı,geveze,yönlendirme
ağız şakası,dil şakası,anlam içi
ağız tadı,kemaliafiyet,anlam içi
ağı ağacı,zakkum,yönlendirme
ağı çiçeği,zakkum,yönlendirme
ağlamaklı,ağlamalı,anlam içi
ağlamaklı,ağlamsı,anlam içi
ağlantı,şikâyet,yönlendirme
ağlatı,trajedi,yönlendirme
ağlayıcı,ağıtçı,yönlendirme
ağma,akan yıldız,yönlendirme
ağnam,sayım vergisi,yönlendirme
ağrı,veca,anlam içi
ağrı kesici,analjezik,anlam içi
ağrı kesimi,ağrı yitimi,yönlendirme
ağrı yitimi,analjezi,anlam içi
ağustos böceği,orak böceği (Cicada plebeja),anlam içi
ağzıaçık,ağzıaçık börek,anlam içi
ağzı bozuk,küfürbaz,yönlendirme
ağzı kalabalık,farfara,anlam içi
ağzı kalabalıklık,farfaralık,anlam içi
ağzı kara,şom ağızlı,anlam içi
ağzı kilitli,oruçlu,yönlendirme
ağzı pek,ağzı sıkı,yönlendirme
ağzı sıkı,ketum,anlam içi
ağ tabaka,retina,anlam içi
ağ yatak,hamak,yönlendirme
ah,öç,yönlendirme
aha,işte,yönlendirme
ahacık,işte,yönlendirme
ahali,el,anlam içi
ahali,halk,anlam içi
ahali,umum,anlam içi
ahbaplık,yakınlık,yönlendirme
Ahd-i Atik,Tevrat,yönlendirme
Ahd-i Cedit,İncil,yönlendirme
ahenk,uyum,yönlendirme
ahenk,ezgi,yönlendirme
ahenkleştirme,uyumlandırma,yönlendirme
ahenkleştirmek,uyumlandırmak,yönlendirme
ahenkli,uyumlu,yönlendirme
ahenkli,ahenktar,anlam içi
ahenklilik,uyumluluk,yönlendirme
ahenksiz,uyumsuz,yönlendirme
ahenksizlik,uyumsuzluk,yönlendirme
ahenk kaidesi,ünlü uyumu,yönlendirme
aheste,yavaş,yönlendirme
aheste aheste,yavaş yavaş,yönlendirme
aheste beste,yavaş yavaş,yönlendirme
ahır,dam,anlam içi
ahır,hayvan damı,anlam içi
ahi,cömert,yönlendirme
ahilik,cömertlik,yönlendirme
ahir,sonunda,yönlendirme
ahir,sonra,yönlendirme
ahiret,öbür dünya,anlam içi
ahiret,öteki dünya,anlam içi
ahiret,ahret,anlam içi
ahiret yolculuğu,ölüm,yönlendirme
ahit,ant,anlam içi
ahit,antlaşma,yönlendirme
ahit,çağ,yönlendirme
ahitleşme,antlaşma,yönlendirme
ahitleşmek,antlaşmak,yönlendirme
ahlak,aktöre,anlam içi
ahlak,sağtöre,anlam içi
ahlakçı,törelci,anlam içi
ahlakçı,aktöreci,anlam içi
ahlakçı,moralist,anlam içi
ahlakçılık,törelcilik,anlam içi
ahlakçılık,aktörecilik,anlam içi
ahlakçılık,moralizm,anlam içi
ahlaken,ahlakça,yönlendirme
ahlaki,aktöresel,anlam içi
ahlaki,sağtöresel,anlam içi
ahlaki,törel,anlam içi
ahlaki,etik,anlam içi
ahlaklılık,ahlakiyet,anlam içi
ahlaksız,uçkursuz,anlam içi
ahlaksızca,ahlaksızcasına,anlam içi
ahlak bilimi,ilmiahlak,anlam içi
ahlak bilimi,ahlakiyat,anlam içi
ahlak bilimi,etik,anlam içi
ahlak bilimi,etik bilimi,anlam içi
ahlak dışı,gayriahlaki,anlam içi
ahlak dışı,töre dışı,yönlendirme
ahlak dışıcılık,töre dışıcılık,yönlendirme
ahlat,yaban armudu,anlam içi
ahlat,dağ armudu,anlam içi
ahlat,çakal armudu (Pyrus elaeagnifolia),anlam içi
ahlat,çakal armudu,anlam içi
ahlat,ahlatıerbaa,yönlendirme
ahmakıslatan,çisenti,yönlendirme
ahmaklık,hamakat,anlam içi
ahraz,dilsiz,yönlendirme
ahretlik,besleme,yönlendirme
ahşa,bağır,yönlendirme
ahu,ceylan,yönlendirme
ahududu,ağaç çileği,anlam içi
ahududu,frambuaz,anlam içi
ahuvah,ah vah,yönlendirme
ahu gözlü,ceylan gözlü,anlam içi
ahzetme,alma,yönlendirme
ahzetmek,almak,yönlendirme
ahzüita,alışveriş,yönlendirme
aidat,ödenti,anlam içi
aidiyet,aitlik,yönlendirme
aidiyet eki,aitlik eki,yönlendirme
aile,ev,anlam içi
aile,familya,anlam içi
ailece,ailecek,anlam içi
ailece,aile boyu,anlam içi
ailece,maaile,anlam içi
aile adı,soyadı,yönlendirme
aile adı,aile ismi,anlam içi
aile bahçesi,aile çay bahçesi,yönlendirme
aile doktoru,aile hekimi,anlam içi
aile matinesi,kadınlar matinesi,yönlendirme
ait,ilişkin,anlam içi
ait,değgin,anlam içi
ait,ilişik,yönlendirme
aitlik eki,onunki,anlam içi
aitlik eki,seninki vb,anlam içi
ajan,casus,yönlendirme
ajan,temsilci,anlam içi
ajanda,akıl defteri,anlam içi
ajanda,andaç,anlam içi
ajanlık,casusluk,yönlendirme
ajan provokatör,kışkırtıcı ajan,yönlendirme
ajitasyon,körükleme,yönlendirme
ajitasyon,çırpıntı,yönlendirme
ak,beyaz,anlam içi
ak,kara ve siyah karşıtı,anlam içi
aka,ağabey,yönlendirme
akaçlama,tefcir,anlam içi
akaçlama,drenaj,anlam içi
akademi,yüksekokul,yönlendirme
akademisyen,öğretim elemanı,yönlendirme
akaju,maun,yönlendirme
akak,yatak,yönlendirme
akamet,verimsizlik,yönlendirme
akan yıldız,şahap,anlam içi
akar,akaret,anlam içi
akar,mayt,anlam içi
akarca,fistül,anlam içi
akarsu,abırevan,anlam içi
akasma,yaban asması,anlam içi
akasma,orman sarmaşığı,anlam içi
akasma,meryemana asması (Clematis vitalba),anlam içi
akasya,salkım ağacı,anlam içi
akasya,yalancı akasya (Robinia pseudoacacia),anlam içi
akbaba,kerkes (Vultur monachus),anlam içi
akbakla,kuru fasulye,yönlendirme
akbalık,akya balığı,yönlendirme
akbasma,katarakt,yönlendirme
akbaş,deniz kazı (Bemicla),anlam içi
akburçak,mürdümük,yönlendirme
akciğer zarı,plevra,anlam içi
akça,ağca,anlam içi
akça,akçe,yönlendirme
akçaağaç,isfendan (Acer),anlam içi
akçakavak,akkavak,yönlendirme
akçakesme,kesme,yönlendirme
akçalamak,finanse etmek,anlam içi
akça yel,keşişleme,yönlendirme
akdarı,darı,yönlendirme
Akdeniz humması,Malta humması,yönlendirme
akdetmek,imzalamak,anlam içi
akdiken,alıç,yönlendirme
akdoğan,aksungur,anlam içi
akgünlük,ardıç reçinesi,anlam içi
akgünlük,ardıç zamkı,anlam içi
akı,seyelan,anlam içi
akıbet,serencam,anlam içi
akıbet,sonunda,yönlendirme
akıcı,selis,anlam içi
akıcılık,selaset,anlam içi
akıl,us,anlam içi
akıl,bellek,yönlendirme
akılcı,usçu,anlam içi
akılcı,akliyeci,anlam içi
akılcı,rasyonalist,anlam içi
akılcılık,usçuluk,anlam içi
akılcılık,akliye,anlam içi
akılcılık,akliyecilik,anlam içi
akılcılık,rasyonalizm,anlam içi
akılcılık,deneycilik karşıtı,anlam içi
akıllanmak,uslanmak,yönlendirme
akıllı,akil,anlam içi
akıllıca,akıllıcasına,anlam içi
akıllıca,akilane,anlam içi
akılsal,akli,yönlendirme
akılsızca,akılsızcasına,anlam içi
akılsızlık,budalalık,anlam içi
akıl dışı,gayrimakul,anlam içi
akıl dışı,us dışı,anlam içi
akıl dışı,irrasyonel,anlam içi
akıl dışıcılık,us dışıcılık,anlam içi
akıl dışıcılık,irrasyonalizm,anlam içi
akıl dışılık,us dışılık,anlam içi
akıl dışılık,gayrimakullük,anlam içi
akıl dişi,yirmilik diş,yönlendirme
akıl doktoru,psikiyatr,yönlendirme
akıl hastanesi,darüşşifa,anlam içi
akıl hastanesi,tımarhane,anlam içi
akıl hastası,ruh hastası,anlam içi
akıl hocası,akıl kethüdası,anlam içi
akım,akıntı,anlam içi
akım,cereyan,anlam içi
akım,seyyale,anlam içi
akım,hareket,yönlendirme
akım,debi,yönlendirme
akımölçer,amperölçer,anlam içi
akımölçer,ampermetre,anlam içi
akımsız,cereyansız,anlam içi
akımtoplar,akümülatör,yönlendirme
akıncı,ileri uç oyuncusu,yönlendirme
akındırık,reçine,yönlendirme
akıntı,sızıntı,anlam içi
akıntılı,anaforlu,anlam içi
akıntılı,cereyanlı,anlam içi
akıntısız,cereyansız,anlam içi
akın akın,fevç fevç,anlam içi
akışkan,seyyal,anlam içi
akışkanlık,likidite,anlam içi
akışkan zekâ,kristalize zekâ,anlam içi
akıtma,isale,anlam içi
akıtmak,dökmek,anlam içi
akide,inanç,yönlendirme
akide,akide şekeri,anlam içi
akil baliğ,ergen,yönlendirme
akim,verimsiz,yönlendirme
akim,sonuçsuz,yönlendirme
akis,yansı,yönlendirme
akis,yankı,yönlendirme
akis,evirtim,yönlendirme
akis,evirme,yönlendirme
akit,sözleşme,yönlendirme
akit,nikâh,yönlendirme
akit vaadi,ön sözleşme,yönlendirme
akkarınca,termit,anlam içi
akkarınca,divik (Termes),anlam içi
akkarıncalar,termitler,anlam içi
akkavak,Hollanda kavağı (Populus alba),anlam içi
akkor,nârıbeyza,anlam içi
akkuş,atmaca,yönlendirme
aklama,ibra,anlam içi
aklama,tebriye,anlam içi
aklama,tezkiye,anlam içi
aklamak,tebriye etmek,anlam içi
aklamak,ibra etmek,anlam içi
aklama belgesi,ibraname,anlam içi
aklan,maile,anlam içi
aklanma,beraat,anlam içi
aklanmak,temizlenmek,anlam içi
aklanmak,temize çıkmak,anlam içi
aklanmak,beraat etmek,anlam içi
aklaşma,beyazlaşma,yönlendirme
aklaşmak,beyazlaşmak,yönlendirme
aklaştırma,beyazlaştırma,yönlendirme
aklaştırmak,beyazlaştırmak,yönlendirme
akla zarar,akla ziyan,anlam içi
akla zarar,akıllara seza,anlam içi
akla zarar,akıllara şifa,anlam içi
akla zarar,akıllara zarar,anlam içi
akla zarar,akıllara ziyan,anlam içi
aklevrek,tatlısu levreği,yönlendirme
aklık,beyazlık,yönlendirme
aklık,düzgün,anlam içi
aklınca,aklı sıra,anlam içi
aklıselim,sağduyu,yönlendirme
aklı başında,akıllı başlı,anlam içi
aklı kıt,yundusuz,anlam içi
akli,ussal,anlam içi
aklileşme,ussallaşma,anlam içi
aklileşmek,ussallaşmak,anlam içi
aklileştirilme,ussallaştırılma,anlam içi
aklileştirilmek,ussallaştırılmak,anlam içi
aklileştirmek,ussallaştırmak,anlam içi
akma,reçine,yönlendirme
akmak,süzülmek,anlam içi
akordeoncu,akordiyoncu,yönlendirme
akordiyon,akordeon,anlam içi
akordiyon,armonika,anlam içi
akordu bozuk,akortsuz,yönlendirme
akpelin,pelin,yönlendirme
akrabalık,asabiyet,anlam içi
akran,baştaş,anlam içi
akran,boydaş,anlam içi
akran,taydaş,anlam içi
akran,öğür,anlam içi
akranlık,baştaşlık,anlam içi
akreditif,güven yazısı,yönlendirme
akreditif,kredi mektubu,yönlendirme
Akrep,Akrep Burcu,yönlendirme
akrep,kuyruklu (Scorpio),anlam içi
akrobasi,cambazlık,yönlendirme
akrobat,cambaz,yönlendirme
akrobatlık,cambazlık,yönlendirme
akromatik,renksemez,anlam içi
akromatopsi,renk körlüğü,yönlendirme
akronim,kısaltma ad,yönlendirme
akrostiş,muvaşşah,anlam içi
akrostiş,tevşih,anlam içi
aks,dingil,yönlendirme
aksakal,duayen,anlam içi
aksaklık,arıza,anlam içi
aksam,yedek parça,yönlendirme
aksan,vurgu,yönlendirme
aksata,alışveriş,yönlendirme
akse,kriz,yönlendirme
aksedebilme,yansıyabilme,yönlendirme
aksedebilme,yankılanabilme,yönlendirme
aksedebilmek,yansıyabilmek,yönlendirme
aksedebilmek,yankılanabilmek,yönlendirme
aksedir,batı mazısı (Thuja occidentalist),anlam içi
aksediş,yansıyış,yönlendirme
aksediş,yankılanış,yönlendirme
akselerograf,ivmeyazar,yönlendirme
akselerometre,ivmeölçer,yönlendirme
akseptans,kabul,anlam içi
aksetme,yansıma,yönlendirme
aksetme,yankılanma,yönlendirme
aksetmek,yansımak,yönlendirme
aksetmek,yankılanmak,yönlendirme
aksettirebilme,yansıtabilme,yönlendirme
aksettirebilme,yankılatabilme,yönlendirme
aksettirebilmek,yansıtabilmek,yönlendirme
aksettirebilmek,yankılatabilmek,yönlendirme
aksettiriliş,yansıtılış,yönlendirme
aksettiriliş,yankılatılış,yönlendirme
aksettirilme,yankılatılma,yönlendirme
aksettirilmek,yankılatılmak,yönlendirme
aksettiriş,yansıtış,yönlendirme
aksettiriş,yankılatış,yönlendirme
aksettirme,yansıtma,yönlendirme
aksettirme,yankılatma,yönlendirme
aksettirmek,yansıtmak,yönlendirme
aksettirmek,yankılatmak,yönlendirme
aksırabilme,hapşırabilme,yönlendirme
aksırabilmek,hapşırabilmek,yönlendirme
aksırık,hapşırık,yönlendirme
aksırıklı,hapşırıklı,yönlendirme
aksırış,hapşırış,yönlendirme
aksırıverme,hapşırıverme,yönlendirme
aksırıvermek,hapşırıvermek,yönlendirme
aksırma,hapşırma,yönlendirme
aksırmak,hapşırmak,yönlendirme
aksırtabilme,hapşırtabilme,yönlendirme
aksırtabilmek,hapşırtabilmek,yönlendirme
aksırtma,hapşırtma,yönlendirme
aksırtmak,hapşırtmak,yönlendirme
aksi,karşıt,yönlendirme
aksi,inatçı,yönlendirme
aksi,hırçın,yönlendirme
aksi,huysuz,yönlendirme
aksilenme,aksileşme,yönlendirme
aksilenmek,aksileşmek,yönlendirme
aksilik,terslik,anlam içi
aksilik,karşıtlık,yönlendirme
aksilik,inatçılık,yönlendirme
aksilik,hırçınlık,yönlendirme
aksilik,huysuzluk,yönlendirme
aksine,tersine,yönlendirme
aksiseda,yankı,yönlendirme
aksiyom,belit,yönlendirme
aksiyon,hareket,yönlendirme
aksiyon,hisse senedi,yönlendirme
aksiyon,gelişim,anlam içi
aksi hâlde,aksi takdirde,anlam içi
aksoğan,ada soğanı,yönlendirme
aksona,basınçlanma,yönlendirme
aksu,katarakt,yönlendirme
aksülamel,tepki,yönlendirme
aksülamel,yankı,yönlendirme
akşam,akşam ezanı,yönlendirme
akşam,akşam namazı,yönlendirme
akşama doğru,akşamüstü,yönlendirme
akşamleyin,akşam saati,anlam içi
akşamsefası,gecesefası (Mirabilis jalapa),anlam içi
akşamüstü,akşamüzeri,anlam içi
akşam karanlığı,alaca karanlık,yönlendirme
Akşam Yıldızı,Çoban Yıldızı,yönlendirme
akşın,çapar,anlam içi
akşın,albino,anlam içi
akşınlık,albinizm,anlam içi
aktarıcı,taşıyıcı,anlam içi
aktarılma,devir,anlam içi
aktarma,alıntı,yönlendirme
aktarma,transfer,anlam içi
aktarma,para aktarımı,yönlendirme
aktarmak,bellemek,yönlendirme
aktarmak,alıntılamak,yönlendirme
aktif,etkin,yönlendirme
aktif,faal,anlam içi
aktifleşebilme,etkinleşebilme,yönlendirme
aktifleşebilmek,etkinleşebilmek,yönlendirme
aktifleşme,etkinleşme,yönlendirme
aktifleşmek,etkinleşmek,yönlendirme
aktifleştirme,etkinleştirme,yönlendirme
aktifleştirmek,etkinleştirmek,yönlendirme
aktiflik,etkinlik,yönlendirme
aktif fiil,etken fiil,yönlendirme
aktivite,etkinlik,yönlendirme
aktivizm,etkincilik,yönlendirme
aktör,(erkek) oyuncu,yönlendirme
aktris,(kadın) oyuncu,yönlendirme
aktüalite,güncellik,yönlendirme
aktüalizm,edimselcilik,yönlendirme
aktüel,güncel,yönlendirme
akur,kuduruk,yönlendirme
akustik,yankı bilimi,yönlendirme
akustik,yankılanım,yönlendirme
akut,iveğen,yönlendirme
akuzatif,belirtme durumu,yönlendirme
akü,akümülatör,yönlendirme
akvaryumcu,akvarist,anlam içi
akya balığı,akbalık (Lichia amia),anlam içi
akyuvar,lökosit,anlam içi
ak demir,dövme demir,yönlendirme
ak kan,lenf,yönlendirme
ak kan bezi yangısı,adenit,anlam içi
ak pak,bembeyaz,yönlendirme
ak sülümen,süblime,anlam içi
ak sülümen,sülümen,anlam içi
ak yel,lodos,yönlendirme
Ak Yıldız,Çoban Yıldızı,yönlendirme
ak zambak,zambak,yönlendirme
al,hile,yönlendirme
al,kırmızı,yönlendirme
al,allık,yönlendirme
ala,alaca,yönlendirme
ala,alabalık,yönlendirme
ala,ela,yönlendirme
alabalık,ala (Trutta faris),anlam içi
alabildiğine,gırla,anlam içi
alabildiğine,sıvırya,anlam içi
alaca,alacalı,anlam içi
alacak,takanak,anlam içi
alacak,matlup,anlam içi
alacak,verecek karşıtı,anlam içi
alacakarga,saksağan,yönlendirme
alacamenekşe,hercai menekşe,yönlendirme
alacasansar,alacakokarca,anlam içi
alacasansar,benekli kokarca (Vormela peregusna),anlam içi
alaca bulaca,alacalı bulacalı,yönlendirme
alaca hastalığı,baras,anlam içi
alaca karanlık,yarı karanlık,anlam içi
alaçık,çardak,yönlendirme
alafranga,Batılıca,anlam içi
alafranga,alaturka karşıtı,anlam içi
alafranga saat,vasati saat,anlam içi
alafranga saat,alaturka saat,anlam içi
alafranga saat,ezani saat karşıtı,anlam içi
alafranga tuvalet,klozet,anlam içi
alageyik,sığın (Dama dama),anlam içi
alaimisema,gökkuşağı,yönlendirme
alaka,ilgi,yönlendirme
alaka,gönül bağı,yönlendirme
alakadar,ilgili,yönlendirme
alakalandırma,ilgilendirme,yönlendirme
alakalandırmak,ilgilendirmek,yönlendirme
alakalanma,ilgilenme,yönlendirme
alakalanmak,ilgilenmek,yönlendirme
alakalı,ilgili,yönlendirme
alakarga,kestane kargası (Garrulus glandarius),anlam içi
alakarga,saksağan,yönlendirme
alakart,"seçmeli yemek, tabildot karşıtı",yönlendirme
alakasız,ilgisiz,yönlendirme
alakasızca,ilgisizce,yönlendirme
alakasızcasına,ilgisizce,yönlendirme
alakasızlık,ilgisizlik,yönlendirme
alalamak,gizlemek,yönlendirme
alamana,alamanata,anlam içi
alamet,belirti,yönlendirme
alametifarika,marka,yönlendirme
alaminüt,şipşak,yönlendirme
alan,meydan,anlam içi
alan,saha,anlam içi
alan,kayran,anlam içi
alan,yüz ölçümü,yönlendirme
alan korkusu,meydan korkusu,anlam içi
alan korkusu,agorafobi,anlam içi
alan topu,tenis,yönlendirme
alan yazını,kaynak,yönlendirme
alarga,açık deniz,yönlendirme
alarga,uzaktan,yönlendirme
alaşım,halita,anlam içi
alaşım korozyonu,bölgesel aşındırma,yönlendirme
alaten,cüzzamlı,yönlendirme
alaturka,Doğuluca,anlam içi
alaturka,alafranga karşıtı,anlam içi
alaturka,alaturka saat,yönlendirme
alaturka saat,ezani saat,anlam içi
alaturka saat,gurubi saat,anlam içi
alaturka saat,alaturka alafranga saat,anlam içi
alaturka saat,vasati saat karşıtı,anlam içi
alavere,kargaşalık,yönlendirme
alavere tulumbası,emme basma tulumba,yönlendirme
alay,kortej,anlam içi
alay,gır gır,anlam içi
alaycı,müstehzi,anlam içi
alaycılık,müstehzilik,anlam içi
alayiş,görkem,yönlendirme
alayişli,görkemli,yönlendirme
alaysı,alayımsı,anlam içi
alay beyi,çeribaşı,anlam içi
alaz,alev,yönlendirme
alazlamak,yakmak,yönlendirme
alaz alaz,alev alev,yönlendirme
albasma,albastı,yönlendirme
albastı,lohusa humması,anlam içi
albatr,kaymak taşı,yönlendirme
albay,miralay,anlam içi
albaylık,miralaylık,anlam içi
albeni,çekicilik,yönlendirme
albenili,çekici,yönlendirme
albüm,resimlik,anlam içi
albüm,uzunçalar,yönlendirme
albümin işeme,aktutma,anlam içi
alçak,kısık,yönlendirme
alçak,pespaye,anlam içi
alçakça,sefihane,anlam içi
alçaklık,denaet,anlam içi
alçaklık,pespayelik,anlam içi
alçaklık,habaset,anlam içi
alçaklık,şenaat,anlam içi
alçak gönüllü,engin gönüllü,anlam içi
alçak gönüllü,tevazulu,anlam içi
alçak gönüllü,mütevazı,anlam içi
alçak gönüllülük,huşu,anlam içi
alçak gönüllülük,tevazu,anlam içi
alçak gönüllülük,mahviyet,anlam içi
alçak gönüllülük,mütevazılık,anlam içi
alçak ses,kalın ses,yönlendirme
alçalma,zül,anlam içi
alçalma,mezellet,anlam içi
alçalma,cezir,anlam içi
alçıpan,alçı levha,yönlendirme
alçı taşı,jips,anlam içi
aldangıç,tuzak,anlam içi
aldanmak,avunmak,yönlendirme
aldanmamazlık,aldanmazlık,yönlendirme
aldatılmak,çarpılmak,anlam içi
aldatma,desise,anlam içi
aldatma,şike,anlam içi
aldatmaca,dubara,anlam içi
aldatmak,kandırmak,anlam içi
aldırmaz,ilgisiz,yönlendirme
aldırmaz,kaygısız,yönlendirme
aldırmazlık,ilgisizlik,yönlendirme
alegori,yerine,anlam içi
alegorik,yerinel,anlam içi
aleksi,okuma yitimi,yönlendirme
alelacele,çabucak,yönlendirme
alelade,sıradan,yönlendirme
alelade,bayağı,yönlendirme
aleladelik,bayağılık,yönlendirme
alelhusus,özellikle,yönlendirme
alelıtlak,genellikle,yönlendirme
alelıtlak,gelişigüzel,yönlendirme
alelumum,genellikle,yönlendirme
alelusul,gelişigüzel,yönlendirme
alem,ayça,anlam içi
alem,bayrak,yönlendirme
alem,simge,yönlendirme
alemdar,önder,yönlendirme
alenen,açıkça,yönlendirme
alengirli,gösterişli,yönlendirme
alet,maşa,yönlendirme
aletli jimnastik,araçlı jimnastik,anlam içi
alet edevat,alat edevat,anlam içi
alev,yalım,anlam içi
alev,yalın,anlam içi
alev,yalaz,anlam içi
alev,yalaza,anlam içi
alev,şule,anlam içi
alev,sıcaklık,yönlendirme
alevlendirmek,harlatmak,anlam içi
alevlenme,eksaserbasyon,anlam içi
alev kırmızısı,alev rengi,anlam içi
alev lambası,pürmüz lambası,anlam içi
aleyhtar,karşıtçı,anlam içi
aleyhtarlık,karşıtçılık,anlam içi
alfabe,abece,anlam içi
alfabe,yazı,anlam içi
alfabetik,abecesel,anlam içi
alfabe sırası,abece sırası,anlam içi
alfabe sırası,alfabetik sıralama,anlam içi
alfa ışını,alfa parçacığı,anlam içi
alg,su yosunu,yönlendirme
algı,idrak,anlam içi
algılama,idrak,anlam içi
algılama,idrak etme,anlam içi
algılamak,idrak etmek,anlam içi
algılanmak,idrak edilmek,anlam içi
algılatmak,idrak ettirmek,anlam içi
algılayıcı,dedektör,yönlendirme
algler,su yosunları,yönlendirme
algoritma,Harezmi yolu,anlam içi
alıcı,müşteri,anlam içi
alıcı,almaç,yönlendirme
alıcı,kamera,yönlendirme
alıcı,Azrail,yönlendirme
alıcı kuş,avcı kuş,yönlendirme
alıç,gövem eriği,anlam içi
alıç,geyik dikeni,anlam içi
alıç,akdiken (Crataegus monogyna),anlam içi
alıkça,alık alık,anlam içi
alıkonulma,mevkufiyet,anlam içi
alıkonulmak,yasaklanmak,yönlendirme
alıkoyma,tavik,anlam içi
alık salık,alıkça,yönlendirme
alım,çekicilik,yönlendirme
alımcı,tahsildar,yönlendirme
alımlama estetiği,alımlama kuramı,anlam içi
alımlı,çekici,yönlendirme
alımlılık,çekicilik,yönlendirme
alım çalım,çalım,yönlendirme
alım satım bürosu,alım satım ofisi,anlam içi
alındı,makbuz,anlam içi
alındılı,taahhütlü,anlam içi
alınmak,uyarlanmak,yönlendirme
alıntı,iktibas,anlam içi
alıntılamak,iktibas etmek,anlam içi
alın teri,emek,yönlendirme
alın yazısı,yazgı,yönlendirme
alışılmış,mutat,anlam içi
alışkan,alışkın,yönlendirme
alışkanlık,alışkı,anlam içi
alışkanlık,alışkınlık,anlam içi
alışkanlık,alışmışlık,anlam içi
alışkanlık,yordam,anlam içi
alışkanlık,itiyat,anlam içi
alışkanlık,huy,anlam içi
alışkın,alışmış,anlam içi
alışma,istinas,anlam içi
alışma,ülfet,anlam içi
alışmak,ısınmak,yönlendirme
alışmak,tutuşmak,yönlendirme
alışmak,kanıksamak,yönlendirme
alıştırma,temrin,anlam içi
alıştırma,talim,anlam içi
alıştırma,rodaj,anlam içi
alıştırma,hazırlık çalışması,anlam içi
alıştırmak,hazırlamak,yönlendirme
alışveriş,muamele,anlam içi
alışveriş,pazar,anlam içi
ali,yüce,yönlendirme
ali,yüksek,yönlendirme
alicenap,cömert,yönlendirme
alicenap,onurlu,yönlendirme
alicenaplık,cömertlik,yönlendirme
alicenaplık,onur,yönlendirme
alil,hasta,yönlendirme
alil,sakat,yönlendirme
alivre,önceden satış,yönlendirme
alizarin,kök boyası,yönlendirme
alkalik,kalevi,anlam içi
alkalik,antiasit,anlam içi
alkalimetre,alkaliölçer,yönlendirme
alkan,parafin,anlam içi
alkarısı,çarşamba karısı,anlam içi
alkım,gökkuşağı,yönlendirme
alkış,"dua, kargış karşıtı",yönlendirme
alkışçı,şakşakçı,anlam içi
alkış ağası,alkışçı,anlam içi
alkol,ispirto,anlam içi
alkol,etanol,anlam içi
alkol,etil alkol,anlam içi
alkolölçer,alkolmetre,anlam içi
Allah,Çalap,anlam içi
Allah,Tanrı,anlam içi
Allah,Yaradan,anlam içi
Allah,Oğan,anlam içi
Allah,Cenabıallah,anlam içi
Allah,Hak,anlam içi
Allah,Halik,anlam içi
Allah,Hu,anlam içi
Allah,Hüda,anlam içi
Allah,İlah,anlam içi
Allah,Mevla,anlam içi
Allah,Rab,anlam içi
Allahsız,Tanrısız,anlam içi
Allahsızlık,Tanrısızlık,anlam içi
Allah aşkına,Tanrı aşkına,anlam içi
Allah vergisi,Tanrı vergisi,yönlendirme
Allah yapısı,kudret,anlam içi
alma,ittihaz,anlam içi
alma,kabız,anlam içi
almaç,reseptör,anlam içi
almak,satın almak,yönlendirme
almak,kaplamak,yönlendirme
almak,kısaltmak,yönlendirme
almak,yolmak,yönlendirme
almak,başlamak,yönlendirme
almanak,yıllık,yönlendirme
Alman gümüşü,yeni gümüş,anlam içi
Alman gümüşü,mayşor,anlam içi
Alman gümüşü,alpaka,anlam içi
almaş,keşikleme,anlam içi
almaş,münavebe,anlam içi
almaşık,mütenavip,anlam içi
almaşık,alternatif,anlam içi
alofon,ses değişkesi,yönlendirme
alogami,tozlaşma,yönlendirme
alomorf,eş biçim birimi,yönlendirme
alp,yiğit,yönlendirme
alpinist,dağcı,yönlendirme
alpinizm,dağcılık,yönlendirme
alşimi,simya,anlam içi
alşimist,simyacı,anlam içi
alt,zir,anlam içi
alt,üst karşıtı,anlam içi
alt,madun,anlam içi
Altayca,Altay Türkçesi,yönlendirme
alternatif,seçenek,yönlendirme
alternatif,farklı,yönlendirme
alternatif,karşı,yönlendirme
alternatif,dalgalı,yönlendirme
alternatiflik,seçeneklik,yönlendirme
alternatör,dalgalı akım üreteci,yönlendirme
altı,şeş,anlam içi
altıgen,müseddes,anlam içi
altık,biri tümel olumsuz,anlam içi
Altıkardeş,Zatülkürsi,anlam içi
altılı,altılı ganyan,yönlendirme
altın,zer (simgesi Au),anlam içi
altıncı duyu,önsezi,yönlendirme
altıncı his,önsezi,yönlendirme
altınsı,altınımsı,anlam içi
altıntop,greyfurt,yönlendirme
altın böcek,gül böceği (Cetonıa aurata),anlam içi
altın kökü,ipeka (Cephaelis ipecacuanha),anlam içi
altın otu,ölmez çiçek,yönlendirme
altın sarısı,altın rengi,anlam içi
altın sarısı,altuni,anlam içi
altın sarısı,dore,anlam içi
altın yağmurcun,yağmur kuşu,yönlendirme
altıpas,kale alanı,yönlendirme
altıpatlar,revolver,anlam içi
altıpatlar,lüver,anlam içi
altimetre,yükseklikölçer,yönlendirme
alto,viyola,yönlendirme
alto,kontralto,yönlendirme
altyapı,enfrastrüktür,anlam içi
altyapı,üstyapı karşıtı,anlam içi
alt anlamlı,örtük anlamlı,anlam içi
alt anlamlı,örtülü anlamlı,anlam içi
alt anlamlılık,örtük anlamlılık,anlam içi
alt anlamlılık,örtülü anlamlılık,anlam içi
alt anlam ,örtük anlam,anlam içi
alt anlam ,örtülü anlam,anlam içi
alt bayi,tali bayi,anlam içi
alt bayilik,tali bayilik,anlam içi
alt bölüm,ayrım,anlam içi
alt deri,hipoderm,anlam içi
alt geçit,battıçıktı,anlam içi
alt geçit,batçık,anlam içi
alt hava yuvarı,troposfer,anlam içi
alt kurul,encümen,anlam içi
alt kurul,komisyon,anlam içi
alt kurul,komite,anlam içi
alt kurul,yarkurul,anlam içi
alt tarafı,alt yanı,anlam içi
alt tarafı,altı üstü,anlam içi
alüminyum taşı,korindon,yönlendirme
alüvyon,lığ,anlam içi
alyan,alyan anahtarı,anlam içi
alyuvar,eritrosit,anlam içi
am,dişilik organı,yönlendirme
ama,amma,anlam içi
ama,lakin,anlam içi
ama,velakin,anlam içi
amaç,erek,anlam içi
amaç,gaye,anlam içi
amaç,garaz,anlam içi
amaç,kasıt,anlam içi
amaç,maksat,anlam içi
amaç,murat,anlam içi
amaç,niyet,anlam içi
amaç,hedef,yönlendirme
amaç,misyon,anlam içi
amaçlama,istihdaf,anlam içi
amaçlamak,istihdaf etmek,anlam içi
amaçlı,gayeli,anlam içi
amaçlı,maksatlı,anlam içi
amaçlılık,gayelilik,anlam içi
amaçlılık,maksatlılık,anlam içi
amaçsız,yönsüz,anlam içi
amaçsız,gayesiz,anlam içi
amaçsız,kasıtsız,anlam içi
amaçsız,maksatsız,anlam içi
amaçsız,boş boş,anlam içi
amaçsızcasına,amaçsızca,yönlendirme
amaçsızlık,gayesizlik,anlam içi
amade,hazır,yönlendirme
amansız,biaman,anlam içi
amansızca,amansızcasına,anlam içi
amansız hastalık,kanser,yönlendirme
aman zaman,aman aralık,anlam içi
amatör,özengen,anlam içi
amatör,profesyonel karşıtı,anlam içi
amatörlük,özengenlik,anlam içi
ambalaj lastiği,paket lastiği,yönlendirme
ambarcı,ambar memuru,anlam içi
ambargo,engelleyim,anlam içi
amberbaris,sarıçalı,yönlendirme
amber balığı,ada balığı (Catodon macrocephalus),anlam içi
amblem,belirtke,anlam içi
amca,baba yarısı,anlam içi
amca,emmi,anlam içi
amcalık,emmilik,anlam içi
amcazade,amca oğlu,yönlendirme
amca kızı,emmi kızı,anlam içi
amel,ishal,yönlendirme
ameliyat,operasyon,anlam içi
ameliyat örtüsü,serviyet bezi,anlam içi
ameliye,uygulama,yönlendirme
amelî,uygulamalı,yönlendirme
amenajman,düzenleyim,yönlendirme
Amerikanca,Amerikan İngilizcesi,anlam içi
Amerikanizm,Amerikancılık,yönlendirme
Amerikan armudu,avokado,yönlendirme
Amerikan bezi,kaput bezi,anlam içi
Amerikan elması,kaju,yönlendirme
Amerikan salatası,Rus salatası,yönlendirme
Amerikan servis,supla,anlam içi
Amerikan üzümü,şekerciboyası,yönlendirme
amfi,amfiteatr,yönlendirme
amfibi,yüzergezer,anlam içi
amfibi,iki yaşamlılar,yönlendirme
amfibik,iki yaşamlı,yönlendirme
amil,etken,yönlendirme
amiral gemisi,bayrak gemisi,anlam içi
amirane,amirce,yönlendirme
amiriita,ita amiri,yönlendirme
amiyane,sıradan,yönlendirme
amma velakin,bununla birlikte,yönlendirme
amme,kamu,yönlendirme
Amme,Amme cüzü,yönlendirme
amme davası,kamu davası,yönlendirme
amme efkârı,kamuoyu,yönlendirme
amme hukuku,kamu hukuku,yönlendirme
amme idaresi,kamu yönetimi,yönlendirme
amme menfaati,kamu yararı,yönlendirme
amniyon,döl kesesi,yönlendirme
amniyon sıvısı,çağnak,anlam içi
amonyak,nişadır,anlam içi
amonyak,nişadır ruhu,anlam içi
amonyum karbonat,nişadır kaymağı,anlam içi
amoralizm,töre dışıcılık,yönlendirme
amorf,biçimsiz,yönlendirme
amortisman,yıpranma payı,yönlendirme
amortisör,yumuşatmalık,anlam içi
ampirik,görgül,yönlendirme
ampirik,deneysel,yönlendirme
ampirik,deneyimsel,yönlendirme
ampirist,deneyci,yönlendirme
ampirizm,deneycilik,yönlendirme
amplifikatör,yükselteç,yönlendirme
amudi,dikey,yönlendirme
amut,dikme,yönlendirme
an,lahza,anlam içi
an,dakika,anlam içi
ana,anne,yönlendirme
ana,velinimet,yönlendirme
ana,temel,yönlendirme
anabolizma,özümleme,yönlendirme
anaç,deneyimli,yönlendirme
Anadolu,Küçük Asya,anlam içi
anaerkil,maderşahi,anlam içi
anaerkil,matriarkal,anlam içi
anaerkillik,maderşahilik,anlam içi
anafilaksi,aşırı duyarlık,yönlendirme
anafor,girdap,yönlendirme
anahtar,miftah,anlam içi
anahtar,dil,anlam içi
anahtar,kurgu,yönlendirme
anahtar,çevirici,anlam içi
anahtar,çevirgeç,anlam içi
anahtar,şalter,anlam içi
anahtar,komütatör,anlam içi
anahtar,rüşvet,yönlendirme
anahtarcı,çilingir,anlam içi
anahtarcılık,çilingirlik,anlam içi
anahtar kelime,anahtar sözcük,anlam içi
anahtar taşı,kilit taşı,anlam içi
anakronizm,tarih yanılgısı,anlam içi
analık,annelik,yönlendirme
analık,üvey anne,yönlendirme
analist,çözümleyici,yönlendirme
analistlik,çözümleyicilik,yönlendirme
analitik,çözümlemeli,yönlendirme
analiz,çözümleme,yönlendirme
analizör,çözümler,yönlendirme
analoji,örnekseme,yönlendirme
analoji,andırışma,yönlendirme
anamal,sermaye,yönlendirme
anamalcı,sermayeci,yönlendirme
anamalcı,kapitalist,anlam içi
anamalcılık,sermayecilik,yönlendirme
anamal birikimi,sermaye birikimi,yönlendirme
anamnezi,anamnez,yönlendirme
anane,gelenek,yönlendirme
ananeci,gelenekçi,yönlendirme
ananecilik,gelenekçilik,yönlendirme
ananesiz,geleneksiz,yönlendirme
ananesizlik,geleneksizlik,yönlendirme
ananevi,geleneksel,yönlendirme
anarşi,kargaşa,yönlendirme
anartri,dil tutukluğu,yönlendirme
anatomi,teşrih,anlam içi
anayasa,kanunuesasi,anlam içi
anayasa,temel,yönlendirme
ana atardamar,ana arter,anlam içi
ana bilim dalı,kürsü,anlam içi
ana defter,büyük defter,yönlendirme
ana deniz,okyanus,yönlendirme
ana düşünce,ana fikir,yönlendirme
ana kadın,hamam anası,yönlendirme
ana kapı,portal,anlam içi
ana kara,kıta,yönlendirme
ana kent,metropol,anlam içi
ana kent,ana şehir,anlam içi
ana mektebi,anaokulu,yönlendirme
ana motif,laytmotif,yönlendirme
ana ortaklık,holding,anlam içi
ana vatan,ana yurt,anlam içi
ana yarısı,teyze,yönlendirme
ana yol,ana hat,anlam içi
anbean,gittikçe,yönlendirme
anca,ancak,yönlendirme
ancak,dar,anlam içi
ancak,gücün,anlam içi
ancak,olsa olsa,anlam içi
ancak,lakin,anlam içi
ançüez,hamsi ezmesi,anlam içi
andaç,hatıra,yönlendirme
andaç,yıllık,yönlendirme
andaval,andavallı,yönlendirme
andavallılık,andavallık,anlam içi
andezit,Ankara taşı,yönlendirme
andık,sırtlan,yönlendirme
andırışma,iltibas,anlam içi
andırmak,çağrıştırmak,anlam içi
andız,servi,yönlendirme
andropoz,yaş dönümü,anlam içi
anekdot,hikâyecik,yönlendirme
anemi,kansızlık,yönlendirme
anemik,kansız,yönlendirme
anemometre,yelölçer,yönlendirme
anemon,dağ lalesi,yönlendirme
anestezi,uyuşturma,anlam içi
anesteziyoloji,anestezi bilimi,yönlendirme
anesteziyolojik,anestezi bilimsel,yönlendirme
anestezi bilimci,anesteziyolog,anlam içi
angajman,bağlantı,yönlendirme
angajmanlı,bağlantılı,yönlendirme
angajmansız,bağlantısız,yönlendirme
angajmansızlık,bağlantısızlık,yönlendirme
angarya,yüklenti,anlam içi
angıç,kanat,anlam içi
angın,ünlü,yönlendirme
Anglikanizm,Anglikanlık,yönlendirme
Anglofil,İngilizsever,yönlendirme
angora tavşanı,Ankara tavşanı,yönlendirme
anı,hatıra,anlam içi
anı,hatırat,anlam içi
anık,hazır,yönlendirme
anık,dağ reyhanı (Ziziphora),anlam içi
anıklama,hazırlama,yönlendirme
anıklamak,hazırlamak,yönlendirme
anıklık,uyanıklık,yönlendirme
anılık,anı defteri,yönlendirme
anımsama,ansıma,anlam içi
anımsama,hatırlama,anlam içi
anımsama,derhatır,anlam içi
anımsama,istihzar,anlam içi
anımsama,tahattur,anlam içi
anımsamak,ansımak,anlam içi
anımsamak,bulmak,anlam içi
anımsamak,çıkarmak,anlam içi
anımsamak,hatırlamak,anlam içi
anımsanabilme,hatırlanabilme,anlam içi
anımsanabilmek,hatırlanabilmek,anlam içi
anımsanış,hatırlanış,anlam içi
anımsanma,hatırlanma,anlam içi
anımsanmak,hatırlanmak,anlam içi
anımsatabilme,hatırlatabilme,anlam içi
anımsatabilmek,hatırlatabilmek,anlam içi
anımsatılabilme,hatırlatılabilme,anlam içi
anımsatılabilmek,hatırlatılabilmek,anlam içi
anımsatılma,hatırlatılma,anlam içi
anımsatılmak,hatırlatılmak,anlam içi
anımsatış,hatırlatış,anlam içi
anımsatma,ansıtma,anlam içi
anımsatma,hatırlatma,anlam içi
anımsatmak,ansıtmak,anlam içi
anımsatmak,hatırlatmak,anlam içi
anımsayabilme,hatırlayabilme,anlam içi
anımsayabilmek,hatırlayabilmek,anlam içi
anımsayış,hatırlayış,anlam içi
anımsayıverme,hatırlayıverme,anlam içi
anımsayıvermek,hatırlayıvermek,anlam içi
anıştırma,ima,anlam içi
anıştırma,telmih,yönlendirme
anıştırmak,ima etmek,anlam içi
anıştırmak,ihsas etmek,anlam içi
anıtlaştırılma,abideleştirilme,anlam içi
anıtlaştırılmak,abedileştirilmek,anlam içi
anıtsal,görkemli,yönlendirme
anıtsallık,görkemlilik,yönlendirme
anıtsı,anıtımsı,anlam içi
anıtsı,abidemsi,anlam içi
anıt mezar,mozole,anlam içi
ani,ansızın,yönlendirme
anide,ansızın,yönlendirme
aniden,ansızın,yönlendirme
anif,kaba,yönlendirme
anjin,boğak,anlam içi
anjin,hunnak,anlam içi
anjiyo,damar görüntüleme,yönlendirme
anjiyografi,damar görüntüleme,yönlendirme
Anka,Simurg,anlam içi
Anka,Zümrüdüanka,anlam içi
Ankara keçisi,tiftik keçisi,yönlendirme
ankesörlü telefon,kutulu telefon,yönlendirme
anket,sormaca,anlam içi
anket,istimzaç,anlam içi
anketçi,anketör,anlam içi
anketçilik,anketörlük,anlam içi
ankiloz,eklem kaynaşması,yönlendirme
anksiyete,kaygı bozukluğu,yönlendirme
anlak,zekâ,yönlendirme
anlaklı,zeki,yönlendirme
anlam,mana,anlam içi
anlam,deme,anlam içi
anlam,meal,anlam içi
anlam,mazmun,anlam içi
anlam,medlul,anlam içi
anlama,anlamaklık,anlam içi
anlama,kavrama,anlam içi
anlama,derk,anlam içi
anlama,fehim,anlam içi
anlama,intikal,anlam içi
anlama,tefehhüm,anlam içi
anlama,vukuf,anlam içi
anlamak,fehmetmek,anlam içi
anlamak,çakozlamak,anlam içi
anlamca,manaca,anlam içi
anlamdaş,eş anlamlı,yönlendirme
anlamdaşlık,eş anlamlılık,yönlendirme
anlamlandırma,anlamlama,anlam içi
anlamlandırmak,anlamlamak,anlam içi
anlamlı,manalı,anlam içi
anlamlı,manidar,anlam içi
anlamlılık,manidarlık,anlam içi
anlamsız,manasız,anlam içi
anlamsız,boş,anlam içi
anlamsızca,manasızca,anlam içi
anlamsızcasına,anlamsızca,yönlendirme
anlamsızlık,manasızlık,anlam içi
anlam bayağılaşması,anlam kötüleşmesi,yönlendirme
anlam bilimi,semantik,anlam içi
anlam bilimsel,semantik,anlam içi
anlam çıkarmak,bir söze,anlam içi
anlaşılmamazlık,anlaşılmazlık,yönlendirme
anlaşılmaz,muğlak,anlam içi
anlaşma,itilaf,anlam içi
anlaşma,antant,anlam içi
anlaşma,konvansiyon,anlam içi
anlaşma,sözleşme,yönlendirme
anlaşmak,antant kalmak,anlam içi
anlaşmak,kavletmek,anlam içi
anlaşmamazlık,anlaşmazlık,yönlendirme
anlaşmazlık,ihtilaf,anlam içi
anlaşmazlık,maraza,anlam içi
anlaşmazlık,sürtüşme,anlam içi
anlatı,hikâyeleme,anlam içi
anlatı,öyküleme,anlam içi
anlatı,tahkiye,anlam içi
anlatım,ifade,anlam içi
anlatımcı,anlatıcı yazar,yönlendirme
anlatımcı,dışa vurumcu,yönlendirme
anlatımcılık,dışa vurumculuk,yönlendirme
anlatım bilimi,stilistik,anlam içi
anlatma,ifham,anlam içi
anlatma,tefhim,anlam içi
anlatmak,nakletmek,yönlendirme
anlayış,idrak,anlam içi
anlayış,telakki,anlam içi
anlayış,zihniyet,anlam içi
anlayış,mantalite,anlam içi
anlayış,feraset,anlam içi
anlayış,izan,anlam içi
anlayış,konsept,anlam içi
anlayışlı,ferasetli,anlam içi
anlayışlı,izanlı,anlam içi
anlayışlı,hoşgörülü,yönlendirme
anlayışlılık,hoşgörülülük,yönlendirme
anlayışsız,ferasetsiz,anlam içi
anlayışsız,idraksiz,anlam içi
anlayışsız,izansız,anlam içi
anlayışsız,hoşgörüsüz,yönlendirme
anlayışsızcasına,anlayışsızca,yönlendirme
anlayışsızlık,ferasetsizlik,anlam içi
anlayışsızlık,idraksizlik,anlam içi
anlayışsızlık,izansızlık,anlam içi
anlayışsızlık,hoşgörüsüzlük,yönlendirme
anlık,enstantane,anlam içi
anlık,spontane,anlam içi
anlıkçılık,zihniye,anlam içi
anlıkçılık,entelektüalizm,anlam içi
anlı şanlı,ünlü,yönlendirme
anma,yâd,anlam içi
anmak,zikretmek,anlam içi
anmalık,hatıra,yönlendirme
anma töreni,ihtifal,anlam içi
anne,aba,anlam içi
anne,kocakarı,anlam içi
anne,nene,anlam içi
anne,valide,anlam içi
anne,mader,anlam içi
annelik,validelik,anlam içi
anofel,sıtma sivrisineği,yönlendirme
anomali,sapaklık,yönlendirme
anonim,çok ortaklı,yönlendirme
anonim,laedri,anlam içi
anonim ortaklık,anonim şirket,anlam içi
anons,sesli duyuru,yönlendirme
anorganik,inorganik,yönlendirme
ansızın,ansız,anlam içi
ansızın,apansız,anlam içi
ansızın,apansızın,anlam içi
ansızın,birden,anlam içi
ansızın,birdenbire,anlam içi
ansızın,dangadak,anlam içi
ansızın,defaten,anlam içi
ansızın,durup dururken,anlam içi
ansızın,gürpedek,anlam içi
ansızın,lappadak,anlam içi
ansızın,larp,anlam içi
ansızın,larpadak,anlam içi
ansızın,patadak,anlam içi
ansızın,pattadak,anlam içi
ansızın,rappadak,anlam içi
ansızın,şak diye,anlam içi
ansızın,şakkadak,anlam içi
ansızın,şapadanak,anlam içi
ansızın,şappadak,anlam içi
ansızın,şırakkadak,anlam içi
ansızın,yekten,anlam içi
ansızın,fücceten,anlam içi
ansızın,nagehan,anlam içi
ansızın,vehleten,anlam içi
ansiklopedi,bilgilik,anlam içi
ansiklopedici,ansiklopedist,anlam içi
ant,yemin,anlam içi
ant,kasem,anlam içi
antagonizma,antagonizm,yönlendirme
antant,uzlaşma,yönlendirme
Antep fıstığı,Şam fıstığı (Pistacia vera),anlam içi
Antep fıstığı,Şam fıstığı,anlam içi
antet,başlık,yönlendirme
antetli,başlıklı,yönlendirme
antetsiz,başlıksız,yönlendirme
antidot,panzehir,yönlendirme
antifriz,dondurmaz,anlam içi
antik,antika,anlam içi
antika,antika işi,yönlendirme
antikite,eskilik,yönlendirme
antikite,İlk Çağ,yönlendirme
antinomi,çatışkı,yönlendirme
antipati,sevimsizlik,yönlendirme
antipati,karşıt duygu,yönlendirme
antipatik,sevimsiz,yönlendirme
antipatikleştirme,sevimsizleştirme,yönlendirme
antipatikleştirmek,sevimsizleştirmek,yönlendirme
antitez,karşı sav,yönlendirme
antlaşma,muahede,anlam içi
antlaşma,pakt,anlam içi
antoloji,seçki,yönlendirme
antre,giriş,yönlendirme
antrenman,idman,yönlendirme
antrenmanlı,idmanlı,yönlendirme
antrenmansız,idmansız,yönlendirme
antrenmansızlık,idmansızlık,yönlendirme
antrenör,çalıştırıcı,yönlendirme
antrenörlü,çalıştırıcılı,yönlendirme
antrenörlük,çalıştırıcılık,yönlendirme
antrenörsüz,çalıştırıcısız,yönlendirme
antrenörsüzlük,çalıştırıcısızlık,yönlendirme
antropoit,insansı,yönlendirme
antropoitler,insansılar,yönlendirme
antropolog,insan bilimci,anlam içi
antropoloji,insan bilimi,anlam içi
antropolojik,insan bilimsel,anlam içi
antropomorfizm,insan biçimcilik,yönlendirme
antroposantrizm,insanmerkezcilik,yönlendirme
antrparantez,ayrıca,yönlendirme
ant içmek,yemin etmek,anlam içi
ant kardeşi,kan kardeşi,yönlendirme
anut,inatçı,yönlendirme
anüs,büzük,anlam içi
anüs,göt,anlam içi
anüs,makat,anlam içi
anüs,sofra,anlam içi
anüs,şerç,anlam içi
aort,ana atardamar,yönlendirme
aparat,araç gereç,yönlendirme
apart otel,otelgarni,anlam içi
apaş,külhanbeyi,yönlendirme
apaz,avuç,yönlendirme
apazlama,avuçlama,yönlendirme
apazlamak,avuçlamak,yönlendirme
aperitif,ön içki,yönlendirme
aplikasyon,uygulama,yönlendirme
apolet,omuzluk,anlam içi
aposteriori,sonsal,yönlendirme
apostrof,kesme işareti,yönlendirme
apotr,havari,yönlendirme
apraksi,beceri yitimi,yönlendirme
aprelemek,perdahlamak,anlam içi
april,nisan,yönlendirme
apriori,önsel,yönlendirme
apsis,koordinat,yönlendirme
aptal,budala,anlam içi
aptalca,aptalcasına,anlam içi
aptalca,budalaca,anlam içi
aptalca,budalacasına,anlam içi
aptalımsı,aptalsı,yönlendirme
aptallaşma,budalalaşma,anlam içi
aptallaşmak,budalalaşmak,anlam içi
aptallaşmak,şabanlaşmak,anlam içi
aptallaştırma,budalalaştırma,anlam içi
aptallaştırmak,budalalaştırmak,anlam içi
aptallık,budalalık,anlam içi
aptallık,şabanlık,anlam içi
aptal aptal,aptalca,yönlendirme
apteriks,kivi,yönlendirme
apukurya,et kesimi,yönlendirme
ar,utanma duygusu,yönlendirme
ara,çatlak,anlam içi
ara,mesafe,anlam içi
ara,iç,yönlendirme
ara,antrakt,anlam içi
arabalı,arabalı vapur,yönlendirme
arabalık,garaj,yönlendirme
arabalı vapur,araba vapuru,anlam içi
arabalı vapur,feribot,anlam içi
arabesk,girişik bezeme,yönlendirme
Arabi,Arapça,yönlendirme
arabozan,ara bozucu,anlam içi
arabozan,ordubozan,anlam içi
arabozan,fesatçı,anlam içi
arabozan,fitçi,anlam içi
arabozan,nifakçı,anlam içi
arabozan,fasit,anlam içi
arabozan,münafık,anlam içi
arabozan,müfsit,anlam içi
arabozan,müzevir,anlam içi
arabozanlık,ara bozuculuk,anlam içi
arabozanlık,ordubozanlık,anlam içi
arabozanlık,fesatlık,anlam içi
arabozanlık,fesatçılık,anlam içi
arabozanlık,fitçilik,anlam içi
arabozanlık,nifakçılık,anlam içi
arabozanlık,münafıklık,anlam içi
arabozanlık,müzevirlik,anlam içi
arabozanlık,müfsitlik,anlam içi
aracı,uzlaştırıcı,yönlendirme
aracı,vasıta,anlam içi
aracı,mutavassıt,anlam içi
aracı,komprador,anlam içi
aracılığıyla,vasıtasıyla,anlam içi
aracılığıyla,eliyle,anlam içi
aracılığıyla,marifetiyle,anlam içi
aracılığıyla,kanalıyla,anlam içi
aracılığıyla,sayesinde,anlam içi
aracılığıyla,tarafından,anlam içi
aracılık,tavassut,anlam içi
aracılık,vasıtalık,anlam içi
aracılık etmek,tavassut etmek,anlam içi
araç,taşıt,yönlendirme
araç,vasıta,anlam içi
araççılık,enstrümantalizm,anlam içi
araçlı,vasıtalı,anlam içi
araçsız,vasıtasız,anlam içi
araçsız,bilavasıta,anlam içi
araç durumu,birliktelik durumu,anlam içi
araç gereç,hacet,anlam içi
araç metin,öncel metin,yönlendirme
araç telefonu,mobil telefon,anlam içi
arak,ter,yönlendirme
aralamak,seyrekleştirmek,yönlendirme
aralık,fasıla,anlam içi
aralık,koridor,yönlendirme
aralık,birinci kânun,anlam içi
aralık,ilk kânun,anlam içi
aralık,kânunuevvel,anlam içi
aralık,tuvalet,yönlendirme
aralık,espas,anlam içi
aralıklı,aralı,anlam içi
aralıklı,fasılalı,anlam içi
aralıklı,kesik,anlam içi
aralıklı,espaslı,anlam içi
aralıksız,mütemadi,anlam içi
aralıksız,arasız,anlam içi
aralıksız,mütemadiyen,anlam içi
aralıksız,vira,anlam içi
arama,taharri,anlam içi
Aramice,Aramca,anlam içi
Arap,zenci,yönlendirme
Arapçalaştırma,Arabizasyon,anlam içi
Araplaştırma,Arabizasyon,anlam içi
Arap alfabesi,Arap harfleri,anlam içi
Arap zamkı,zamkıarabi,anlam içi
ararot kamışı,maranta,yönlendirme
arasat,mahşer yeri,yönlendirme
araşit,yer fıstığı,yönlendirme
araştırı,araştırma,yönlendirme
araştırıcı,araştırmacı,yönlendirme
araştırıcı,meraklı,yönlendirme
araştırıcılık,araştırmacılık,yönlendirme
araştırma,tetkik,anlam içi
araştırmacı,araştırman,anlam içi
araştırmacı,mütetebbi,anlam içi
araştırmak,deşelemek,anlam içi
araştırma görevlisi,asistan,anlam içi
arazi,yerey,anlam içi
arazi,toprak,anlam içi
arazi,yer,yönlendirme
ara ara,ara sıra,yönlendirme
ara bulma,uzlaştırma,yönlendirme
ara bulucu,uzlaştırıcı,yönlendirme
ara buluculuk,uzlaştırıcılık,yönlendirme
ara cümle,ara tümce,anlam içi
ara kazanç,arbitraj,anlam içi
ara sınav,vize,anlam içi
ara sınav,vize sınavı,anlam içi
ara sıra,arada bir,anlam içi
ara sıra,arada sırada,anlam içi
ara sıra,çat pat,anlam içi
ara sıra,dembedem,anlam içi
ara sıra,kimi vakit,anlam içi
ara sıra,kimi zaman,anlam içi
ara sıra,kimileyin,anlam içi
ara sıra,zaman zaman,anlam içi
ara sıra,anbean,anlam içi
ara sıra,gâh,anlam içi
ara sıra,gâhi,anlam içi
ara sıra,gâhice,anlam içi
ara sıra,kâh,anlam içi
ara sıra,vakit vakit,anlam içi
ara sıra,yer yer,anlam içi
ara yön,asyön,anlam içi
arbede,patırtı,anlam içi
arboretum,ağaç parkı,yönlendirme
arda,halef,yönlendirme
"ardıcın közü olmaz, yalancının sözü olmaz",yalancının sözü de böyledir,anlam içi
ardıç otu,ardıç tohumu,yönlendirme
ardıl,"halef, öncel karşıtı",yönlendirme
ardıl görüntü,ardışık görüntü,yönlendirme
ardınca,arkası sıra,anlam içi
ardınca,ardı sıra,anlam içi
ardınca,peşi sıra,anlam içi
ardınca,takiben,anlam içi
ardınca,müteakiben,anlam içi
ardın ardın,geri geri,yönlendirme
ardışık,mütevali,anlam içi
ardışık sayılar,2-4-6 vb,anlam içi
ardiye,depo,anlam içi
arduvaz,kayağan taş,yönlendirme
areometre,sıvıölçer,yönlendirme
argaç,atkı,yönlendirme
argaçlama,atkılama,yönlendirme
argaçlamak,atkılamak,yönlendirme
argali,yaban koyunu,yönlendirme
argıt,geçit,yönlendirme
argıt,arkıt,yönlendirme
argüman,kanıt,yönlendirme
argüman,iddia,yönlendirme
arı,temiz,yönlendirme
arık,ark,yönlendirme
arık,karık,yönlendirme
arık,zayıf,yönlendirme
arıklık,zayıflık,yönlendirme
arılamak,tenzih etmek,anlam içi
arılanma,arılaşma,yönlendirme
arılanmak,arılaşmak,yönlendirme
arılaşma,özleşme,yönlendirme
arılaşmak,özleşmek,yönlendirme
arılaştırma,özleştirme,yönlendirme
arılaştırmak,özleştirmek,yönlendirme
arılık,temizlik,yönlendirme
arılık,masumluk,yönlendirme
arılık,kovanlık,anlam içi
arınma,temizlenme,yönlendirme
arınmak,temizlenmek,yönlendirme
arış,çözgü,yönlendirme
arıtıcı,deterjan,yönlendirme
arıtıcı,arıtmacı,yönlendirme
arıtıcılık,arıtmacılık,yönlendirme
arıtım,rafinaj,anlam içi
arıtımevi,tasfiyehane,anlam içi
arıtımevi,rafineri,anlam içi
arıtmak,tasfiye etmek,anlam içi
arıza,bozulma,yönlendirme
arıza,engebe,yönlendirme
arızalanma,bozulma,anlam içi
arızalanmak,bozulmak,anlam içi
arızalı,engebeli,yönlendirme
arızasız,engebesiz,yönlendirme
arızi,geçici,yönlendirme
arı beyi,ana arı,anlam içi
arı beyi,ana kraliçe,anlam içi
arı beyi,kraliçe arı,anlam içi
arı beyi,bey arı,anlam içi
arı kil,kaolin,anlam içi
arı kovanı,petek,anlam içi
arı sili,tertemiz,yönlendirme
arı zamkı,propolis,anlam içi
arı zamkı,preboli,anlam içi
ari,çıplak,yönlendirme
arife,ön gün,anlam içi
arife,arife günü,yönlendirme
Aristocu,Aristotelesçi,yönlendirme
Aristoculuk,Aristotelesçilik,yönlendirme
aristokrasi,soylu erki,yönlendirme
aristokrat,soylu,yönlendirme
Aristotelesçi,gezimci,anlam içi
Aristotelesçi,peripatetist,anlam içi
Aristotelesçilik,Aristoculuk gezimcilik,anlam içi
Aristotelesçilik,peripatetizm,anlam içi
aritmetik,hesap,anlam içi
ariyet,ödünçleme,yönlendirme
ark,karık,anlam içi
arka,ense,anlam içi
arka,ön karşıtı,anlam içi
arka,art,anlam içi
arka,geri,anlam içi
arka,peş,anlam içi
arkadaş,yoldaş,anlam içi
arkadaş,refik,anlam içi
arkadaş,yâren,anlam içi
arkadaş canlısı,dost canlısı,anlam içi
arkaik,eskicil,yönlendirme
arkalama,müzaheret,anlam içi
arkalamak,sırtlamak,yönlendirme
arkalanmak,sırtlamak,anlam içi
arkalı,pistonlu,anlam içi
arkalı,iltimaslı,anlam içi
arkalıç,arkalık,yönlendirme
arkalık,semer,anlam içi
arkalık,hamal semeri,anlam içi
arkası kuvvetli,arkası sağlam,yönlendirme
arkası pek,arkası sağlam,yönlendirme
arka arka,geri geri,yönlendirme
arka arkaya,peş peşe,anlam içi
arka arkaya,peşi peşine,anlam içi
arka arkaya,peyapey,anlam içi
arka teker,art teker,anlam içi
arkeolog,kazı bilimci,yönlendirme
arkeoloji,kazı bilimi,yönlendirme
arkeolojik,kazı bilimsel,yönlendirme
arketip,kök örnek,yönlendirme
arlanma,utanma,yönlendirme
arlanmak,utanmak,yönlendirme
arlanmaz,utanmaz,yönlendirme
arma,ongun,anlam içi
armağan,hediye,anlam içi
armağan,peşkeş,anlam içi
armağan,lütuf,yönlendirme
armatör,donatan,anlam içi
armoni,uyum,yönlendirme
armoni,harmoni,anlam içi
armonik,armonika,yönlendirme
armonika,mızıka,anlam içi
armonyum,harmonyum,yönlendirme
armut,armut koltuk,yönlendirme
armutsu,armudumsu,anlam içi
arnavutbacası,çatı penceresi,yönlendirme
arnika,öküzgözü,yönlendirme
aroma,hoş koku,yönlendirme
aromaterapi,koku tedavisi,yönlendirme
aromatik,aromalı,yönlendirme
arp,harp,anlam içi
arpa,rüşvet,yönlendirme
arpacık,itdirseği,anlam içi
arpacık soğanı,kıska,anlam içi
arpa suyu,bira,yönlendirme
arsenik,sıçanotu,anlam içi
arsenik,zırnık (simgesi As),anlam içi
arsıulusal,uluslararası,yönlendirme
arsız,yalaka,anlam içi
arsızca,arsızcasına,anlam içi
arslan,aslan,yönlendirme
arslanlı,aslanlı,yönlendirme
arşivci,belgelikçi,anlam içi
arşivcilik,belgelikçilik,anlam içi
artağan,artımlı,yönlendirme
artçı,öncü karşıtı,anlam içi
artçı sarsıntı,artçı deprem,yönlendirme
artçı şok,artçı deprem,yönlendirme
arter,atardamar,yönlendirme
artezyen,artezyen kuyusu,anlam içi
artı,zait,anlam içi
artı,pozitif,anlam içi
artı,eksi karşıtı,anlam içi
artık,çıktı,anlam içi
artık yıl,seneikebise,anlam içi
artım,artış,yönlendirme
artın,katyon,yönlendirme
artırım,tutum,yönlendirme
artırma,tezyit,anlam içi
artı sayı,pozitif sayı,anlam içi
artı uç,anot,anlam içi
artist,sanatçı,anlam içi
artistik buz pateni,artistik patinaj,anlam içi
artma,tezayüt,anlam içi
artmak,çoğalmak,yönlendirme
art alan,art yetişim,anlam içi
art arda,arka arkaya,yönlendirme
art bölge,iç bölge,yönlendirme
art düşünce,art niyet,yönlendirme
art niyetli,art düşünceli,anlam içi
art ünlü,kalın ünlü,yönlendirme
art zamanlı,art süremli,anlam içi
art zamanlılık,art süremlilik,anlam içi
aruz,aruz vezni,yönlendirme
aruz vezni,aruz ölçüsü,anlam içi
arz,sunma,yönlendirme
arz,sunu,anlam içi
arz,gösterme,yönlendirme
arz,en,yönlendirme
arz,ülke,yönlendirme
arziyat,yer bilimi,yönlendirme
arzu,istek,yönlendirme
arzuhâl,dilekçe,yönlendirme
arzulama,isteme,yönlendirme
arzulamak,istemek,yönlendirme
arzulanış,isteniş,yönlendirme
arzulayabilme,isteyebilme,yönlendirme
arzulayabilmek,isteyebilmek,yönlendirme
arzulu,istekli,yönlendirme
arz dairesi,enlem dairesi,yönlendirme
arz derecesi,enlem,yönlendirme
arz talep,sunu ve istem,anlam içi
as,kakım,yönlendirme
as,birli,anlam içi
as,bey,anlam içi
asabi,sinirli,yönlendirme
asabi,sinirsel,yönlendirme
asabileşme,sinirlenme,yönlendirme
asabileşmek,sinirlenmek,yönlendirme
asabilik,sinirlilik,yönlendirme
asabiye,sinir bilimi,yönlendirme
asabiyet,sinirlilik,yönlendirme
asal,esasi,anlam içi
asalak,parazit,anlam içi
asalak,ekti,anlam içi
asalak,otlakçı,anlam içi
asalak,tufeyli,anlam içi
asalaklık,parazitlik,anlam içi
asalaksavar,antiparazit,anlam içi
asalak bilimci,parazitolog,anlam içi
asalak bilimi,parazitoloji,anlam içi
asalet,soyluluk,yönlendirme
asal gazlar,soy gazlar,anlam içi
asamble,kurul,yönlendirme
asarıatika,eski eserler,yönlendirme
asbest,taş pamuğu,anlam içi
asbest,kaya lifi,anlam içi
asbest,beyaz toprak,anlam içi
asbest,amyant,anlam içi
asenkron,"uyumsuz, senkron, eş zaman karşıtı",yönlendirme
asetik asit,sirke ruhu,anlam içi
asgari,minimal,anlam içi
asgari,minimum,anlam içi
asgari müşterek,ortak payda,anlam içi
Ashabıkehf,Yedi Uyurlar,yönlendirme
ashap,sahabe,yönlendirme
asık,asılı,yönlendirme
asık surat,asık yüz,anlam içi
asık surat,askın surat,anlam içi
asık suratlı,çatık yüzlü,anlam içi
asık suratlı,çatık çehreli,anlam içi
asık suratlı,çatık suratlı,anlam içi
asık suratlı,eğri çehreli,anlam içi
asık suratlı,eğri yüzlü,anlam içi
asık suratlı,somurtkan,yönlendirme
asık suratlılık,eğri yüzlülük,anlam içi
asıl,gerçeklik,yönlendirme
asıl,soy,yönlendirme
asıl,esas,yönlendirme
asıl,temel,yönlendirme
asılanma,intifa,anlam içi
asılanmak,intifa etmek,anlam içi
asılı,asma,anlam içi
asılı,muallak,anlam içi
asıllı,kökenli,anlam içi
asılma,sulantı,anlam içi
asılmak,idam edilmek,anlam içi
asılmak,sulanmak,anlam içi
asılsız,uydurma,yönlendirme
asıltı,süspansiyon,anlam içi
asıl nüsha,asli nüsha,anlam içi
asıl sayılar,temel sayılar,anlam içi
asım takım,takı,yönlendirme
asır,yüzyıl,yönlendirme
asır,çağ,yönlendirme
asırlarca,yüzyıllarca,yönlendirme
asırlık,yüzyıllık,yönlendirme
asi,başkaldırıcı,yönlendirme
asidimetre,asitölçer,yönlendirme
asil,soylu,yönlendirme
asileşmek,başkaldırmak,anlam içi
asileşmek,isyan etmek,anlam içi
asilik,başkaldırıcılık,yönlendirme
asilleşme,soylulaşma,yönlendirme
asilleşmek,soylulaşmak,yönlendirme
asilleştirme,soylulaştırma,yönlendirme
asilleştirmek,soylulaştırmak,yönlendirme
asillik,soyluluk,yönlendirme
asilzade,soylu,yönlendirme
asilzadelik,soyluluk,yönlendirme
asimetrik bar,asimetrik paralel,anlam içi
asimilasyon,özümleme,yönlendirme
asimilasyon,benzeşme,yönlendirme
asimptot,sonuşmaz,yönlendirme
asistan,yardımcı,yönlendirme
asit,hamız,anlam içi
asit borik,borik asit,yönlendirme
asit fenik,fenol,yönlendirme
askarit,bağırsak solucanı,yönlendirme
asker,leşker,anlam içi
asker,çeri,anlam içi
askerce,askercesine,anlam içi
askeriye,ordu,yönlendirme
askeriye,askerlik,yönlendirme
askerlik,askerlik hizmeti,anlam içi
askerlik,vatan borcu,anlam içi
askerlik dairesi,nizamiye,anlam içi
asker hastanesi,askerî hastane,yönlendirme
askı,asacak,anlam içi
askı,elbise askısı,anlam içi
askı,fener,anlam içi
askılık,vestiyer,yönlendirme
askısız,straplez,anlam içi
asla,katiyen,anlam içi
asla,sakın,anlam içi
asla,zinhar,anlam içi
Aslan,Aslan Burcu,yönlendirme
aslanağzı,danaburnu,anlam içi
aslanca,aslancasına,anlam içi
aslankuyruğu,yer pırasası (Leonurus),anlam içi
aslanpençesi,şirpençe,yönlendirme
aslansı,aslanımsı,anlam içi
aslansütü,rakı,yönlendirme
aslen,aslında,yönlendirme
aslında,esasta,anlam içi
aslı astarı,aslı faslı,anlam içi
asli,birincil,yönlendirme
asliye,esas,yönlendirme
asli düşünce,ana fikir,yönlendirme
asma,talik,anlam içi
asmak,talik etmek,anlam içi
asmak,idam etmek,anlam içi
asma bıyığı,sülük,anlam içi
asma biti,bağ böceği,anlam içi
asma biti,filoksera (Phylloxera vastatrix),anlam içi
asma kat,batar kat,anlam içi
asortiklik,sosyetiklik,yönlendirme
asparagas,şişirme haber,yönlendirme
aspiratör,emmeç,anlam içi
aspur,yalancı safran,yönlendirme
asrısaadet,saadet asrı,anlam içi
asrısaadet,devrisaadet,anlam içi
asri,çağdaş,yönlendirme
asrileşme,çağdaşlaşma,yönlendirme
asrileşmek,çağdaşlaşmak,yönlendirme
asrilik,çağdaşlık,yönlendirme
ast,alt,yönlendirme
ast,madun,anlam içi
astat,astatin (simgesi At),anlam içi
astatin,astat,yönlendirme
astrofizik,yıldız fiziği,yönlendirme
astrolog,yıldız falcısı,yönlendirme
astroloji,yıldız falcılığı,yönlendirme
astronom,gök bilimci,yönlendirme
astronomi,gök bilimi,yönlendirme
astronomik,gök bilimsel,yönlendirme
astronot,uzay adamı,yönlendirme
astsubay,gedikli,anlam içi
astsubay başçavuş,başçavuş,anlam içi
asuman,gök,yönlendirme
Asya koyunu,bozkır koyunu,yönlendirme
aş,yemek,yönlendirme
aşağı,zir,anlam içi
aşağı,yukarı karşıtı,anlam içi
aşağılama,istihkar,anlam içi
aşağılama,tenzil,anlam içi
aşağılanma,tezellül,anlam içi
aşağılaşma,mezellet,anlam içi
aşağılaşma,zül,anlam içi
aşağılatmak,tenzil etmek,anlam içi
aşağılık duygusu,aşağılık hissi,anlam içi
aşağılık duygusu,aşağılık kompleksi,anlam içi
aşağısamak,tezyif etmek,anlam içi
aşağı mahalle,genelev,yönlendirme
aşağı yukarı,hemen,anlam içi
aşağı yukarı,hemen hemen,anlam içi
aşağı yukarı,tahminen,anlam içi
aşağı yukarı,tahminî,anlam içi
aşağı yukarı,takriben,anlam içi
aşama,derece,anlam içi
aşama,kademe,anlam içi
aşama,mertebe,anlam içi
aşama,rütbe,anlam içi
aşama,paye,anlam içi
aşama,merhale,anlam içi
aşama,nokta,anlam içi
aşama,etap,anlam içi
aşama sırası,hiyerarşi,anlam içi
aşar,öşür,yönlendirme
aşar,ondalık,yönlendirme
aşari,ondalık,yönlendirme
aşevi,aşhane,anlam içi
aşevi,lokanta,yönlendirme
aşhane,mutfak,yönlendirme
aşık,aşık kemiği,yönlendirme
aşık,aşırma,yönlendirme
aşık kemiği,kâp,anlam içi
aşılama,ilkah,anlam içi
aşılama,telkih,anlam içi
aşındırıcı,korozif,anlam içi
aşındırma,korozyon,anlam içi
aşınım,erozyon,yönlendirme
aşınma,erozyon,yönlendirme
aşınmak,yenmek,anlam içi
aşınmamazlık,aşınmazlık,yönlendirme
aşırı,şiddetli,anlam içi
aşırı,taşkın,anlam içi
aşırı,müfrit,anlam içi
aşırı,ekstrem,anlam içi
aşırı gerilim,aşırı akım,anlam içi
aşırma,aşırtı,anlam içi
aşırma,intihal,yönlendirme
aşırma,ihtilas,anlam içi
aşırmacı,intihalci,yönlendirme
aşırmacılık,intihalcilik,yönlendirme
aşırmak,aşırtmak,anlam içi
aşırmak,intihal yapmak,anlam içi
Aşil tendonu,Aşil kirişi,anlam içi
aşiret,oymak,anlam içi
aşiyan,kuş yuvası,yönlendirme
aşk,sevi,anlam içi
aşk,amor,anlam içi
aşkın,fazla,yönlendirme
aşlık,zahire,yönlendirme
aşmak,geçmek,yönlendirme
aşna fişne,oynaş,yönlendirme
aşure ayı,muharrem,yönlendirme
aşüfte,kokot,anlam içi
aşüftelik,kokotluk,anlam içi
aş damı,mutfak,yönlendirme
at,beygir,anlam içi
at,düldül (Equus caballus),anlam içi
ata,baba,anlam içi
ata,dede,anlam içi
atacılık,atavizm,anlam içi
ataerkil,pederşahi,anlam içi
ataerkil,patriarkal,anlam içi
atak,cömert,yönlendirme
atak,atılım,yönlendirme
atak,hamle,anlam içi
atak,hücum,anlam içi
atak,ofans,anlam içi
atalet,tembellik,yönlendirme
atalet,süredurum,yönlendirme
atama,tayin,anlam içi
atama,nasıp,anlam içi
atama,nasbetme,anlam içi
atamak,nasbetmek,anlam içi
atamak,tayin etmek,anlam içi
atanma,tayin edilme,anlam içi
atanmak,tayin edilmek,anlam içi
atardamar,şiryan,anlam içi
atasözü,deme,anlam içi
atasözü,mesel,anlam içi
atasözü,sav,anlam içi
atasözü,darbımesel,anlam içi
ataş,tutturgaç,anlam içi
ataşe,elçilik uzmanı,yönlendirme
Atatürkçü,Kemalist,anlam içi
Atatürkçülük,Kemalistlik,anlam içi
Atatürkçülük,Kemalizm,anlam içi
ata beşibirlik,beşibiryerde,anlam içi
ata çeyrek,çeyreklik,anlam içi
ata lira,cumhuriyet altını,yönlendirme
"ata malı mal olmaz, kendin kazanmak gerek",kişinin gerçek malı,anlam içi
ate,tanrıtanımaz,yönlendirme
ateh,bunama,yönlendirme
ateist,tanrıtanımaz,yönlendirme
ateizm,tanrıtanımazlık,yönlendirme
aterina,gümüş balığı,yönlendirme
ateş,od,anlam içi
ateş,nâr,anlam içi
ateşçi,kazancı,anlam içi
ateşçi,ocakçı,anlam içi
ateşkes,bırakışma,anlam içi
ateşkes,mütareke,anlam içi
ateş balığı,sardalya,yönlendirme
ateş böceği,yıldız böceği,anlam içi
ateş böceği,yıldız kurdu (Lampyris noctiluca),anlam içi
ateş çemberi,Pasifik ateş çemberi,anlam içi
atfetme,isnat,anlam içi
atıf,gönderme,yönlendirme
atıfet,lütuf,yönlendirme
atıf dizini,atıf indeksi,anlam içi
atıl,süreduran,yönlendirme
atılgan,girişken,yönlendirme
atılganlık,cesaret,anlam içi
atılım,hamle,anlam içi
atılımcı,hamleci,anlam içi
atımcı,hallaç,yönlendirme
atımcılık,hallaçlık,yönlendirme
atışma,aytışma,anlam içi
atışmak,aytışmak,anlam içi
atıştırmalık,çerez,yönlendirme
atış yeri,atış poligonu,yönlendirme
ati,gelecek,yönlendirme
atik,çevik,yönlendirme
atikifobi,başarısızlık korkusu,yönlendirme
atiklik,çabukluk,yönlendirme
atiklik,çeviklik,yönlendirme
atik tetik,çevik,yönlendirme
atkı,bürgü,anlam içi
atkı,kaşkol,yönlendirme
atkı,üst eşik,anlam içi
atkuyruğu,zemberek otu,anlam içi
atkuyruğu,zuzubak otu (Equisetum arvense),anlam içi
atlamak,binmek,yönlendirme
atlamak,inmek,yönlendirme
atlama taşı,atlangıç,anlam içi
atlas,saten,anlam içi
atlas çiçeği,kaktüs,yönlendirme
atlas çiçeğigiller,kaktüsgiller,yönlendirme
atlet,fanila,yönlendirme
atlet,atletizmci,anlam içi
atlı,süvari,anlam içi
atmaca,akkuş (Accipiter nisus),anlam içi
atmık,meni,yönlendirme
atmosfer,gaz yuvarı,anlam içi
atmosfer,hava yuvarı,yönlendirme
atmosfer,hava,yönlendirme
atol,mercan adası,yönlendirme
atom,aysberg,yönlendirme
atomal,atomik,anlam içi
atom çekirdeği,çekirdek,anlam içi
atom numarası,atom sayısı,yönlendirme
atom reaktörü,nükleer reaktör,anlam içi
atom santrali,nükleer santral,anlam içi
atölye,işlik,anlam içi
at kenesi,Brezilya at kenesi,yönlendirme
at kestanesi,Hint kestanesi (Aesculus hippocastanum),anlam içi
at sineği,orman sineği (Hippobosca equina),anlam içi
av,şikâr,anlam içi
aval aval,avalca,yönlendirme
avanak,saf,yönlendirme
avanakça,safça,yönlendirme
avanakçasına,safça,yönlendirme
avanaklaşma,saflaşma,yönlendirme
avanaklık,saflık,yönlendirme
avane,yardakçı,yönlendirme
avane,yardımcı,yönlendirme
avangart,öncü,yönlendirme
avans,öndelik,yönlendirme
avantaj,üstünlük,yönlendirme
avantaj,kazanım,yönlendirme
avantaj,yarar,yönlendirme
avantür,macera,yönlendirme
avare,avara,anlam içi
avarız,engebe,yönlendirme
avaz,ses,yönlendirme
Avcı,Cebbar,anlam içi
Avcı,Orion,anlam içi
averaj,ortalama,yönlendirme
averaj,sayı farkı,yönlendirme
avlamak,tutmak,anlam içi
avlu,hayat,anlam içi
avlu,hanay,anlam içi
avlu,sahn,anlam içi
avokado,Amerikan armudu (Persea americana),anlam içi
avrat,kadın,yönlendirme
avuç,hapaz,anlam içi
avuç,koşam,anlam içi
avuçlama,hapazlama,anlam içi
avuçlamak,hapazlamak,anlam içi
avuç avuç,hapaz hapaz,anlam içi
avuç içi,aya,anlam içi
avuç içi,el ayası,anlam içi
avukat,savunucu,anlam içi
avukat,müdafi,anlam içi
avunç,avuntu,yönlendirme
avundurmak,avutmak,yönlendirme
avunma,teselli,anlam içi
avunmak,teselli bulmak,anlam içi
avunmak,müteselli olmak,anlam içi
avuntu,teselli,anlam içi
avurt ünsüzü,dal,anlam içi
avurt ünsüzü,bal,anlam içi
avurt ünsüzü,al vb,anlam içi
avutma,teselli,anlam içi
avutmak,teselli etmek,anlam içi
"av avlayanın, kemer bağlayanın",bir şeyden yararlanma,anlam içi
av dönemi,av sezonu,anlam içi
av dönemi,avlanma dönemi,anlam içi
av dönemi,avlanma mevsimi,anlam içi
av dönemi,avlanma sezonu,anlam içi
av mevsimi,av dönemi,yönlendirme
ay,mah,anlam içi
ay,meh,anlam içi
aya,taban,yönlendirme
ayak,bacak,anlam içi
ayak,kadem,anlam içi
ayak,fit,anlam içi
ayak,fut,anlam içi
ayak,göl ayağı,yönlendirme
ayakbastı,ayakbastı parası,yönlendirme
ayakçak,ayaklık,anlam içi
ayakkabı,pabuç,anlam içi
ayakkabıcı,pabuççu,anlam içi
ayakkabıcılık,pabuççuluk,anlam içi
ayakkabılık,pabuçluk,anlam içi
ayaklık,pedal,yönlendirme
ayaklık,kaide,yönlendirme
ayaklı kütüphane,ayaklı ansiklopedi,anlam içi
ayaklı mâni,cinaslı mâni,yönlendirme
ayaktakımı,lümpen,anlam içi
ayaktakımı,parya,anlam içi
ayaktaş,omuzdaş,yönlendirme
ayaküstü,ayaküzeri,anlam içi
ayakyolu,tuvalet,yönlendirme
ayak kirası,ayak teri,yönlendirme
ayak oyunu,hile,yönlendirme
ayak tabanı,ayak ayası,anlam içi
ayak tarağı,tarak,anlam içi
ayak tenisi,futbol tenisi,anlam içi
ayak topu,futbol,yönlendirme
ayarlama,kalibraj,anlam içi
ayarlama,regülasyon,anlam içi
ayarlayıcı dil bilgisi,geleneksel dil bilgisi,anlam içi
ayarlayıcı dil bilgisi,kuralcı dil bilgisi,anlam içi
ayartmak,aldatmak,anlam içi
ayartmak,iğfal etmek,anlam içi
ayazlık,teras,yönlendirme
ayça,hilal,yönlendirme
ayçiçeği,gün çiçeği,anlam içi
ayçiçeği,günebakan,anlam içi
ayçiçeği,gündöndü,anlam içi
ayçiçeği,günâşık (Helianthus annuus),anlam içi
ayçiçeği yağı,çiçek yağı,anlam içi
aydın,münevver,anlam içi
aydın,ziyalı,anlam içi
aydın,entelektüel,anlam içi
aydın,vazıh,anlam içi
aydınlanma,ışıma,anlam içi
aydınlanma,tenevvür,anlam içi
aydınlanma,tavazzuh,anlam içi
aydınlanmak,ışımak,anlam içi
aydınlanmak,tenevvür etmek,anlam içi
aydınlatıcı,cilt parlatıcı,yönlendirme
aydınlatma,ışıklandırma,anlam içi
aydınlatma,tenvir,anlam içi
aydınlatmak,ışıklandırmak,anlam içi
aydınlatmak,ışıtmak,anlam içi
aydınlatmak,nurlandırmak,anlam içi
aydınlık,gün ışığı,anlam içi
aydınlık,vazıh,anlam içi
aydınlıkölçer,lüksmetre,anlam içi
ayet,ayetikerime,anlam içi
ayevi,hale,yönlendirme
aygın baygın,bitkin,yönlendirme
ayı,kocaoğlan (Ursus arctos),anlam içi
ayıklanma,ıstıfa,anlam içi
ayıklanma,seleksiyon,anlam içi
ayıkmak,ayılmak,yönlendirme
ayılmak,aymak,anlam içi
ayıltı,mahmurluk,yönlendirme
ayıp,bozukluk,yönlendirme
ayıraç,miyar,anlam içi
ayıraç,reaktif,anlam içi
ayırma,şerh,anlam içi
ayırma,tecrit,anlam içi
ayırmaç,farika,anlam içi
ayırmak,fasletmek,anlam içi
ayırmak,tahsis etmek,anlam içi
ayırtı,çalar,anlam içi
ayırtı,nüans,anlam içi
ayırtma,rezervasyon,anlam içi
ayırtman,mümeyyiz,anlam içi
ayırtmanlık,mümeyyizlik,anlam içi
ayırt etmek,tefrik etmek,anlam içi
ayırt etmek,temyiz etmek,anlam içi
ayıt,kadın otu,anlam içi
ayıt,hayıt (Vitex agnus-castus),anlam içi
ayı balığı,fok,yönlendirme
ayin,töre,yönlendirme
ayin,ayinişerif,anlam içi
ayinicem,cem ayini,yönlendirme
aykırı,hilaf,anlam içi
aykırı,mugayir,anlam içi
aykırı,muhalif,anlam içi
aykırı,marjinal,anlam içi
aykırılaşma,marjinalleşme,anlam içi
aykırılaşmak,marjinalleşmek,anlam içi
aykırılık,mugayeret,anlam içi
aykırılık,muhaliflik,anlam içi
aykırılık,tehalüf,anlam içi
aykırılık,marjinallik,anlam içi
aykırılık,muhalefet,yönlendirme
aykırı düşünce,paradoks,anlam içi
ayla,hale,yönlendirme
aylandız,kokar ağaç,yönlendirme
aylı,mehtaplı,anlam içi
aylı,gebe,yönlendirme
aylığa geçmek,maaşa geçmek,anlam içi
aylık,maaş,anlam içi
aylık,mahiye,anlam içi
aylıklı,maaşlı,anlam içi
aylık almak,maaş almak,anlam içi
aylık bağlamak,maaş bağlamak,anlam içi
aylık vermek,maaş vermek,anlam içi
aymamazlık,aymazlık,yönlendirme
aymaz,gözü bağlı,anlam içi
aymaz,gafil,anlam içi
aymazlık,dalgı,anlam içi
aymazlık,uyku,anlam içi
aymazlık,gafillik,anlam içi
aymazlık,gaflet,anlam içi
aymazlık,gaflet uykusu,anlam içi
ayn,göz,yönlendirme
ayna,gözgü,anlam içi
ayna,mirat,anlam içi
aynacı,hileci,yönlendirme
aynacılık,hilecilik,yönlendirme
aynasız,polis,yönlendirme
aynen,aynıyla,anlam içi
aynı,tıpkı,anlam içi
aynı,özdeş,yönlendirme
aynılık,özdeşlik,anlam içi
aynılık,ayniyet,anlam içi
ayniyat,özdek,anlam içi
ayraç,parantez,anlam içi
ayrıcalı,ayrık,yönlendirme
ayrıcalık,imtiyaz,anlam içi
ayrıcalıklı,imtiyazlı,anlam içi
ayrıcalıksız,imtiyazsız,anlam içi
ayrıcalıksızlık,imtiyazsızlık,anlam içi
ayrıcasız,imtiyazsız,anlam içi
ayrık,ayrılı,anlam içi
ayrık,munfasıl,anlam içi
ayrık,kural dışı,yönlendirme
ayrık,ayrık otu,yönlendirme
ayrıklı,istisnai,yönlendirme
ayrıklık,kural dışılık,yönlendirme
ayrıklık,derogasyon,anlam içi
ayrıksız,istisnasız,yönlendirme
ayrık otu,ayrık (Agropyrum repens),anlam içi
ayrılık,firak,anlam içi
ayrılık,firkat,anlam içi
ayrılık,mübayenet,anlam içi
ayrılma,infirak,anlam içi
ayrılma,terk,anlam içi
ayrılmak,boşanmak,yönlendirme
ayrılmamazlık,ayrılmazlık,yönlendirme
ayrım,tefrik,anlam içi
ayrım,fark,yönlendirme
ayrımlamak,tefrik etmek,anlam içi
ayrımlaşma,farklılaşma,yönlendirme
ayrımlaşmak,farklılaşmak,yönlendirme
ayrımlı,farklı,yönlendirme
ayrımlılık,farklılık,yönlendirme
ayrımsız,farksız,yönlendirme
ayrımsızlık,farksızlık,yönlendirme
ayrıntı,teferruat,anlam içi
ayrıntı,tafsilat,anlam içi
ayrıntı,detay,anlam içi
ayrıntılandırma,detaylandırma,anlam içi
ayrıntılı,detaylı,anlam içi
ayrıntılı,ince,anlam içi
ayrıntılı,derin,anlam içi
ayrıntılı,teferruatlı,anlam içi
ayrıntılı,tafsilatlı,anlam içi
ayrıntılı,mufassal,anlam içi
ayrıntılılık,detaylılık,anlam içi
ayrıntısızca,detaysızca,anlam içi
ayrışık,heterojen,anlam içi
ayrışım,farklılık,yönlendirme
ayrışma,inhilal,anlam içi
ayrı ayrı,bir bir,anlam içi
ayrı cinsten,ayrışık,yönlendirme
aysberg,buz dağı,yönlendirme
aysfilt,buzla,yönlendirme
aysız,kamersiz,anlam içi
ayyaş,içkici,anlam içi
ayyaş,içici,anlam içi
ayyaş,keş,anlam içi
ayyaş,küplü,anlam içi
ay balığı,kamer balığı,anlam içi
ay balığı,pervane balığı (Mola mola),anlam içi
ay balta,teber,anlam içi
ay çöreği,kruvasan,anlam içi
ay dönümü,ay başı,yönlendirme
ay hâli,aybaşı,yönlendirme
ay ışığı,mehtap,anlam içi
Ay modülü,Ay örümceği,anlam içi
ay takvimi,kamer takvimi,anlam içi
ay takvimi,kamerî takvim,anlam içi
Ay tutulması,husuf,anlam içi
ay yılı,kamerî yıl,anlam içi
aza,üye,yönlendirme
aza,organ,yönlendirme
azade,serbest,yönlendirme
azade,özgür,yönlendirme
azadelik,serbestlik,yönlendirme
azadelik,özgürlük,yönlendirme
azalmak,daralmak,anlam içi
azaltma,azlaştırma,anlam içi
azaltma,kısıntı,yönlendirme
azaltmak,azlaştırmak,anlam içi
azamet,ululuk,yönlendirme
azamet,gurur,yönlendirme
azamet,görkem,yönlendirme
azamet,kurum,yönlendirme
azametli,ulu,yönlendirme
azametli,gururlu,yönlendirme
azametli,görkemli,yönlendirme
azametli,kurumlu,yönlendirme
azami,maksimum,anlam içi
azami,maksimal,anlam içi
azap,ezinç,anlam içi
azarlama,fırça,anlam içi
azarlama,muaheze,anlam içi
azarlama,papara,anlam içi
azarlama,paylama,anlam içi
azarlama,zılgıt,anlam içi
azarlama,takaza,anlam içi
azarlama,tekdir,anlam içi
azarlama,tevbih,anlam içi
azarlama,saparta,anlam içi
azarlamak,görünmek,anlam içi
azarlamak,paylamak,anlam içi
azarlamak,darılmak,anlam içi
azarlamak,kakımak,anlam içi
azarlamak,terslemek,anlam içi
azarlamak,zılgıt vermek,anlam içi
azarlamak,tekdir etmek,anlam içi
azarlamak,takaza etmek,anlam içi
azarlanma,paylanma,anlam içi
azarlanmak,paylanmak,anlam içi
azar azar,yavaş yavaş,yönlendirme
azar azar,az az,anlam içi
azar azar,damla damla,anlam içi
azar azar,gıdım gıdım,anlam içi
azar azar,ucun ucun,anlam içi
azar azar,yudum yudum,anlam içi
azat,özgür,yönlendirme
azel,oligopol,anlam içi
azelleşme,oligopolleşme,anlam içi
azelleşmek,oligopolleşmek,anlam içi
Azerbaycan dili,Azerbaycan Türkçesi,yönlendirme
Azerbaycan Türkçesi,Azeri Türkçesi,anlam içi
Azeri,Azerbaycan Türkü,yönlendirme
Azerice,Azerbaycan Türkçesi,yönlendirme
azgın,kudurgan,anlam içi
azgın,azılı,anlam içi
azgınlık,kudurganlık,anlam içi
azgınlık,tuğyan,anlam içi
azı,azı dişi,anlam içi
azı,öğütücü diş,anlam içi
azıcık,biraz,yönlendirme
azık,nevale,anlam içi
azık,kumanya,yönlendirme
azınlık,azlık,anlam içi
azınlık,çoğunluk karşıtı,anlam içi
azimet,gidiş,yönlendirme
aziz,ermiş,yönlendirme
aziz,muazzez,anlam içi
azizlik,muziplik,yönlendirme
azma,melez,yönlendirme
azot,nitrojen (simgesi N),anlam içi
azotometre,azotölçer,yönlendirme
azvay,sarısabır,yönlendirme
az alıcı,oligopson,anlam içi
az az,yavaş yavaş,yönlendirme
az buçuk,bir parça,yönlendirme
az çok,bir parça,yönlendirme
az sonra,birazdan,anlam içi
baba,peder,anlam içi
babacan,babayani,anlam içi
babacı,paternalist,anlam içi
babacılık,paternalizm,anlam içi
babafingo,erkeklik organı,yönlendirme
Babagân,Babayan,yönlendirme
Babalar,Babayan,yönlendirme
babalık,üvey baba,yönlendirme
babalık,kaynata,yönlendirme
babasız,yetim,yönlendirme
baba ocağı,babaevi,anlam içi
baba ocağı,baba bucağı,anlam içi
baba ocağı,baba yurdu,anlam içi
baba tatlısı,şambaba,yönlendirme
baca,çatı penceresi,yönlendirme
bacabaşı,baca kaşı,yönlendirme
bacak,oğlan,anlam içi
bacak,vale,anlam içi
bacakkalemi,kaval kemiği,yönlendirme
baca kürsüsü,baca tomurcuğu,anlam içi
baca tomruğu,baca kürsüsü,yönlendirme
bacı,kız kardeş,yönlendirme
bacı,ana bacı,yönlendirme
baç,haraç,yönlendirme
bad,rüzgâr,yönlendirme
bade,şarap,yönlendirme
badem,badem ağacı,yönlendirme
badema,bundan böyle,yönlendirme
bademlik,badem bahçesi,anlam içi
badi,ördek,yönlendirme
badik,ördek,yönlendirme
badik,palaz,yönlendirme
badiye,çöl,yönlendirme
bağ,rabıt,anlam içi
bağ,rabıta,anlam içi
bağ,sargı bezi,yönlendirme
bağ,demet,yönlendirme
bağ,ilişki,yönlendirme
bağ,çubukluk,anlam içi
bağa,kaplumbağa,yönlendirme
bağa,ur,yönlendirme
bağboğan,küsküt otu,yönlendirme
bağdaşık,mütecanis,anlam içi
bağdaşık,homojen,anlam içi
bağdaşıklaşma,homojenleşme,anlam içi
bağdaşıklaşmak,homojenleşmek,anlam içi
bağdaşıklaştırma,homojenleştirme,anlam içi
bağdaşıklaştırmak,homojenleştirmek,anlam içi
bağdaşıklık,mütecanislik,anlam içi
bağdaşıklık,homojenlik,anlam içi
bağdaşım,insicam,yönlendirme
bağdaşma,imtizaç,anlam içi
bağdaşmak,uymak,yönlendirme
bağdaşmamazlık,bağdaşmazlık,yönlendirme
bağdaşmazlık,uyuşmazlık,yönlendirme
bağdaşmazlık,geçimsizlik,yönlendirme
bağı,göz bağı,yönlendirme
bağıcı,göz bağıcı,yönlendirme
bağıcılık,göz bağıcılık,yönlendirme
bağıl,bağıntılı,yönlendirme
bağıllık,bağıntılılık,yönlendirme
bağıl değer,izafi değer,anlam içi
bağımlı,tabi,anlam içi
bağımlı,müptela,anlam içi
bağımlılık,tabiiyet,anlam içi
bağımsız,özerk,anlam içi
bağımsız,müstakil,yönlendirme
bağımsız,bağımsız milletvekili,yönlendirme
bağımsızcasına,bağımsızca,yönlendirme
bağımsızlık,istiklal,anlam içi
bağın,iksa,yönlendirme
bağıntı,bağlılaşım,anlam içi
bağıntı,korelasyon,anlam içi
bağıntı,deneştirme,anlam içi
bağıntı,görelik,anlam içi
bağıntı,izafet,anlam içi
bağıntı,ulam,yönlendirme
bağıntıcı,görececi,anlam içi
bağıntıcı,göreci,anlam içi
bağıntıcı,rölativist,anlam içi
bağıntıcılık,bağıntılılık,yönlendirme
bağıntılı,görece,anlam içi
bağıntılı,göreceli,anlam içi
bağıntılı,göreli,anlam içi
bağıntılı,izafi,anlam içi
bağıntılı,nispi,anlam içi
bağıntılı,rölatif,anlam içi
bağıntılı,bağlılaşım,anlam içi
bağıntılılık,görecelik,anlam içi
bağıntılılık,görececilik,anlam içi
bağıntılılık,görecilik,anlam içi
bağıntılılık,görelilik,anlam içi
bağıntılılık,görecelilik,anlam içi
bağıntılılık,izafilik,anlam içi
bağıntılılık,izafiye,anlam içi
bağıntılılık,izafiyet,anlam içi
bağıntılılık,rölativite,anlam içi
bağıntılılık,rölativizm,anlam içi
bağır,göğüs,yönlendirme
bağır,sine,yönlendirme
bağırdak,bağıldak,yönlendirme
bağırsak otu,farekulağı,yönlendirme
bağırtlak,bozkır tavuğu (Querquedula),anlam içi
bağış,hibe,anlam içi
bağış,teberru,anlam içi
bağışık,immün,anlam içi
bağışıklık bilimi,immünoloji,anlam içi
bağışık serum,antiserum,anlam içi
bağışlama,mağfiret,anlam içi
bağışlama,gufran,anlam içi
bağışlamak,bağış yapmak,anlam içi
bağışlamak,hibe etmek,anlam içi
bağışlamak,teberru etmek,anlam içi
bağışlanma,affolma,anlam içi
bağışlanma,bahşedilme,anlam içi
bağışlanmak,affolmak,anlam içi
bağışlanmak,bahşedilmek,anlam içi
bağışlatma,bahşettirme,anlam içi
bağışlatmak,bahşettirmek,anlam içi
bağışlayabilme,bahşedebilme,anlam içi
bağışlayabilmek,bahşedebilmek,anlam içi
bağışlayıverme,affediverme,anlam içi
bağışlayıvermek,affedivermek,anlam içi
bağıt,sözleşme,yönlendirme
bağkesen,makaslı böcek,yönlendirme
bağlaç,rabıt,anlam içi
bağlaç,rabıt edatı: ve,anlam içi
bağlaç,ya,anlam içi
bağlaç,veya,anlam içi
bağlaç,ya da vb,anlam içi
bağlam,demet,yönlendirme
bağlam,kontekst,anlam içi
bağlama,putrel,anlam içi
bağlama,saz,anlam içi
bağlama,ulama,yönlendirme
bağlamak,taahhüt etmek,anlam içi
bağlamak,angaje etmek,anlam içi
bağlamak,tutmak,anlam içi
bağlanak,bağlantı,yönlendirme
bağlanma,intisap,anlam içi
bağlanma,takayyüt,anlam içi
bağlanmak,angaje olmak,anlam içi
bağlantı,ilişki,anlam içi
bağlantı,irtibat,anlam içi
bağlantı,kontak,anlam içi
bağlantı,ilişim,anlam içi
bağlantı,link,anlam içi
bağlantılı,irtibatlı,anlam içi
bağlantılı,rabıtalı,anlam içi
bağlantısız,irtibatsız,anlam içi
bağlantısız,rabıtasız,anlam içi
bağlantısız,bloksuz,anlam içi
bağlantısızlar,bloksuzlar,anlam içi
bağlantısızlık,irtibatsızlık,anlam içi
bağlantısızlık,bloksuzluk,anlam içi
bağlantısızlık politikası,bağlantısızlık siyaseti,yönlendirme
bağlantısız ülkeler,bloksuz ülkeler,anlam içi
bağlantı ünlüsü,bağlayıcı ünlü,yönlendirme
bağlantı ünsüzü,bağlayıcı ünsüz,yönlendirme
bağlaşık,müttefik,anlam içi
bağlaşım,eşleme,yönlendirme
bağlaşma,ittifak,anlam içi
bağlayıcı ünlü,yardımcı ünlü: al-ı-r,anlam içi
bağlayıcı ünlü,aç-ı-l-mak,anlam içi
bağlayıcı ünlü,gec-i-k-mek vb,anlam içi
bağlayıcı ünsüz,koruyucu ünsüz,anlam içi
bağlayıcı ünsüz,koruma ünsüzü,anlam içi
bağlayıcı ünsüz,kaynaştırma ünsüzü,anlam içi
bağlayıcı ünsüz,yardımcı ünsüz: okul-da-y-ım,anlam içi
bağlayıcı ünsüz,eski-y-ince vb,anlam içi
bağlı,vabeste,anlam içi
bağlı,tabi,anlam içi
bağlı,köyaltı,yönlendirme
bağlılık,merbutiyet,anlam içi
bağnaz,mutaassıp,anlam içi
bağnaz,fanatik,anlam içi
bağnazlık,taassup,anlam içi
bağnazlık,mutaassıplık,anlam içi
bağnazlık,fanatiklik,anlam içi
bağnazlık,fanatizm,anlam içi
bağrı yanık,bağrı kara,anlam içi
bağrı yufka,yufka yürekli,yönlendirme
bağ-fiil,zarf-fiil,yönlendirme
bahadırlık,baturluk,anlam içi
bahane,mazeret,anlam içi
bahar,ilkbahar,yönlendirme
baharat,bahar,anlam içi
baharatçı,baharcı,anlam içi
baharatçılık,baharcılık,anlam içi
baharatlanmak,baharlanmak,anlam içi
baharatlı,baharlı,anlam içi
bahar nezlesi,saman nezlesi,yönlendirme
bahçıvan,bağban,anlam içi
bahir,deniz,yönlendirme
bahisçi,müşterek bahisçi,yönlendirme
bahis konusu,söz konusu,yönlendirme
bahriye birliği,deniz birliği,yönlendirme
bahşediş,bağışlayış,yönlendirme
bahşetme,bağışlama,yönlendirme
bahşetmek,bağışlamak,yönlendirme
bahşiş,kahve parası,anlam içi
baht,yazgı,yönlendirme
baht,felek,anlam içi
baht,talih,anlam içi
baht,şans,yönlendirme
bahtiyar,mutlu,yönlendirme
bahtiyarlık,mutluluk,yönlendirme
bahtlı,talihli,anlam içi
bahtsız,talihsiz,anlam içi
bahtsız,bibaht,anlam içi
bahtsızca,bahtsızcasına,anlam içi
bahtsızlık,talihsizlik,anlam içi
bahusus,özellikle,yönlendirme
bakaç,vizör,yönlendirme
bakan,vekil,anlam içi
bakan,icra vekili,anlam içi
bakan,nazır,anlam içi
bakanlar kurulu,hükûmet,anlam içi
bakanlar kurulu,kabine,anlam içi
bakanlık,vekillik,anlam içi
bakanlık,nezaret,anlam içi
bakanlık,vekâlet,anlam içi
bakanlık,nazırlık,anlam içi
bakı,denetleme,yönlendirme
bakı,fal,yönlendirme
bakıcı,falcı,yönlendirme
bakıcılık,falcılık,yönlendirme
bakımcı,falcı,yönlendirme
bakımevi,kademe,yönlendirme
bakımından,itibarıyla,anlam içi
bakımından,göre,yönlendirme
bakımlı erkek,metroseksüel,anlam içi
bakım yurdu,darülaceze,anlam içi
bakıncak,nişangâh,yönlendirme
bakırsı,bakırımsı,anlam içi
bakır çalığı,bakır yeşili,yönlendirme
bakır pası,bakır yeşili,yönlendirme
bakır sülfat,göz taşı,yönlendirme
bakır taşı,malakit,yönlendirme
bakır tuzu,göz taşı,yönlendirme
bakışım,simetri,anlam içi
bakışım,tenazur,anlam içi
bakışımlı,mütenazır,anlam içi
bakışımlı,simetrili,anlam içi
bakışımlı,simetrik,anlam içi
bakışımlılık,simetriklik,anlam içi
bakışımsız,simetrisiz,anlam içi
bakışımsız,asimetrik,anlam içi
bakışımsızlık,simetrisizlik,anlam içi
bakışımsızlık,asimetri,anlam içi
bakış açısı,görüş açısı,anlam içi
bakış açısı,soluk,anlam içi
bakış açısı,zaviye,anlam içi
bakış açısı,perspektif,anlam içi
baki,ölümsüz,yönlendirme
bakire,kızoğlan,anlam içi
bakire,kızoğlankız,anlam içi
bakire,erden,anlam içi
bakirelik,erdenlik,anlam içi
bakirlik,kızlık,yönlendirme
bakiye,kalıntı,yönlendirme
baklamsı meyve,badıç,yönlendirme
bakmak,esermek,anlam içi
bakmak,geçindirmek,yönlendirme
bakmak,ilgilenmek,anlam içi
bakterisit,bakterikıran,yönlendirme
bala,yavru,yönlendirme
bala,çocuk,yönlendirme
balans,denge,yönlendirme
balar,pedavra,yönlendirme
balast,safra,yönlendirme
balayı,cicimayı,anlam içi
balçak,kabza,yönlendirme
balçak,barçak,yönlendirme
balçık,mil,anlam içi
balçık hurması,balçık inciri,anlam içi
baldır,incik,anlam içi
baldıran,ağı otu,anlam içi
baldıran,baldırgan (Conium maculatum),anlam içi
baldıran,baldırgan,anlam içi
baldırgan,şeytantersi,yönlendirme
baldırıkara,karabaldır,anlam içi
baldır kemiği,fibula kemiği,anlam içi
balena,balen,yönlendirme
balerin,balerina,anlam içi
balgam taşı,Hacıbektaş taşı,anlam içi
balgam taşı,mühresenk,anlam içi
balgam taşı,oniks,anlam içi
Balık,Balık Burcu,yönlendirme
balıkçın,deniz kırlangıcı (Sterna hirundo),anlam içi
balıketinde,balıketi,anlam içi
balık adam,dalgıç,yönlendirme
balık kartalı,deniz tavşancılı (Pandion haliaetus),anlam içi
balık yumurtası,havyar,yönlendirme
baliğ,ergen,yönlendirme
balina,balen,yönlendirme
balkadın,malkadın,anlam içi
balkadın,ebişke,anlam içi
balkadın,kurtkulağı (Clitocybe geotrapa),anlam içi
Balkarca,Karaçay-Balkar Türkçesi,yönlendirme
Balkar Türkçesi,Karaçay-Balkar Türkçesi,yönlendirme
balkır,parıltı,yönlendirme
balkır,şimşek,yönlendirme
balkonsu,balkonumsu,anlam içi
balköpüğü,krem rengi,yönlendirme
balköpüğü,bal karıncası,yönlendirme
ballı,şanslı,yönlendirme
ballıbaba,ballık (Lamiumalbum),anlam içi
ballıdarı,incir,yönlendirme
ballık,ballıbaba,yönlendirme
balon,palavra,yönlendirme
baloncu,palavracı,yönlendirme
baloncuk,kabarcık,yönlendirme
balsam,pelesenk ağacı,yönlendirme
balsam,belsem,anlam içi
balsam,pelesenk,anlam içi
baltacı,baltalı,anlam içi
baltalama,sabotaj,anlam içi
baltalama,sabote,anlam içi
baltalamak,sabote etmek,anlam içi
baltalayıcı,sabotajcı,anlam içi
baltalayıcılık,sabotajcılık,anlam içi
balya,denk,yönlendirme
balyoz,varyos,anlam içi
balzam,balsam,yönlendirme
bal dudaklı,bal dudak,anlam içi
bal mumu,mum,anlam içi
bal mumu,şem,anlam içi
bal peteği,arı dalağı,anlam içi
bal peteği,dalak,anlam içi
bambaşka,apayrı,anlam içi
bambaşka,farklı,anlam içi
bambu,Hint kamışı,anlam içi
bambu,hezaren (II) (Bambusa vulgaris),anlam içi
bamyatarlası,mezarlık,yönlendirme
banal,sıradan,yönlendirme
bandırmak,banmak,yönlendirme
bando,mızıka,anlam içi
bando,takım,yönlendirme
bandocu,mızıkacı,anlam içi
bandrol,denetim pulu,anlam içi
bani,kurucu,yönlendirme
banka cüzdanı,banka defteri,anlam içi
banka cüzdanı,mevduat defteri,anlam içi
banka kartı,ödeme kartı,anlam içi
bankiz,buzla,yönlendirme
banknot,kâğıt para,yönlendirme
banko,bankocu,anlam içi
banko,kesinlikle,yönlendirme
banlamak,bağırmak,yönlendirme
banliyö,yörekent,anlam içi
bant,izole bant,anlam içi
banyo küveti,küvet,yönlendirme
ban ağacı,sepetçi söğüdü,yönlendirme
ban yağı,Hint yağı,yönlendirme
baobap,baobap ağacı (Adansonia digitata),anlam içi
baobap ağacı,baobap,yönlendirme
bap,kapı,yönlendirme
bap,konu,yönlendirme
bar,Amerikan bar,yönlendirme
bar,pas,anlam içi
baraj ateşi,bar ateşi,anlam içi
baraj yapmak (veya kurmak),duvar yapmak,anlam içi
barakuda,deniz turnası,yönlendirme
baran,yağmur,yönlendirme
barbarca,barbarcasına,anlam içi
barbarizm,barbarlık,yönlendirme
barbata,kale korkuluğu,yönlendirme
barbun,barbunya,yönlendirme
barbunya,barbun (Mullus barbatus),anlam içi
bardacık,bardak eriği,yönlendirme
bardacık eriği,bardak eriği,yönlendirme
barhana,barhane,yönlendirme
barı,çit,yönlendirme
barındırma,ibate,anlam içi
barış,sulh,anlam içi
barış,hazar,anlam içi
barışçı,barışsever,yönlendirme
barışçıl,barışsever,yönlendirme
barışçılık,barışseverlik,yönlendirme
barışsever,sulhçu,anlam içi
barışsever,sulhsever,anlam içi
barışsever,sulhperver,anlam içi
barışseverlik,barışçıllık,anlam içi
barışseverlik,sulhçuluk,anlam içi
barışseverlik,sulhseverlik,anlam içi
barışseverlik,sulhperverlik,anlam içi
bari,hiç değilse,anlam içi
bari,hiç olmazsa,anlam içi
bari,keşke,yönlendirme
barisfer,ağır küre,yönlendirme
barit,baritin,anlam içi
barit,baryum sülfat Ba(OH)2,anlam içi
bariyer,engel,yönlendirme
barkod,çizgi im,anlam içi
barograf,basınçyazar,yönlendirme
barometre,basınçölçer,yönlendirme
barparalel,paralel bar,yönlendirme
barudi,barut rengi,yönlendirme
barutluk,barut kabağı,yönlendirme
baryum sülfat,barit,yönlendirme
bar bar,apaçık görünmek,anlam içi
bas,basso,anlam içi
basak,merdiven,yönlendirme
basamak,ayak,anlam içi
basamak,sekmen,anlam içi
basamak,evre,yönlendirme
basamak,hane,anlam içi
basamak basamak,yavaş yavaş,yönlendirme
basamak basamak,adım adım,yönlendirme
basar,göz,yönlendirme
basarna,kaldıraç,yönlendirme
basbayağı,ciddi ciddi,yönlendirme
bası,tab,anlam içi
basıcı,tabi,anlam içi
basık,kısık,yönlendirme
basılı,matbu,anlam içi
basılma,tabedilme,anlam içi
basılma,tabolunma,anlam içi
basılmak,tabedilmek,anlam içi
basılmak,tabolunmak,anlam içi
basım,basımcılık,yönlendirme
basım,tipografi,anlam içi
basımcı,matbaacı,anlam içi
basımcılık,basmacılık,anlam içi
basımcılık,matbaacılık,anlam içi
basımcılık,tabaat,anlam içi
basımevi,basmahane,anlam içi
basımevi,matbaa,anlam içi
basın,matbuat,anlam içi
basınç,tazyik,anlam içi
basınçlı su,tazyikli su,anlam içi
basın dünyası,medya camiası,anlam içi
basıölçer,manometre,anlam içi
basiret,sağgörü,anlam içi
basiret,vizyon,anlam içi
basiretli,sağgörülü,anlam içi
basiretlilik,sağgörülülük,anlam içi
basiretsiz,sağgörüsüz,anlam içi
basiretsizlik,sağgörüsüzlük,anlam içi
basit,amiyane,anlam içi
basit,yalınç,yönlendirme
basit cümle,basit tümce,anlam içi
basit cümle,yalın cümle,anlam içi
basit cümle,yalın tümce,anlam içi
basit kelime,kök kelime,yönlendirme
basit zaman,yalın zaman: geldin,anlam içi
basit zaman,gelmişsin,anlam içi
basit zaman,geliyorsun vb,anlam içi
basket,basketbol,yönlendirme
basketbol,sepet topu,anlam içi
basketbolcu,basketçi,anlam içi
basketbolculuk,basketçilik,anlam içi
baskı,yumruk,anlam içi
baskı,kuvvet,anlam içi
baskı,zor,anlam içi
baskı,pres,anlam içi
baskın,başat,anlam içi
baskın,hâkim,anlam içi
baskınlık,dominantlık,anlam içi
baskısızca,baskısızcasına,anlam içi
baskı kalıbı,matris,anlam içi
baskı resim,kazıma resim,yönlendirme
baskül,kantar,anlam içi
basma,tabetme,anlam içi
basma,matbua,anlam içi
basmacı,bohçacı,yönlendirme
basmacılık,bohçacılık,yönlendirme
basmak,tabetmek,anlam içi
basmak,kaplamak,yönlendirme
basmakalıp,beylik,anlam içi
basmakalıp,orta malı,anlam içi
basmakalıp,sloganvari,anlam içi
bastık,pestil,yönlendirme
bastırmak,gidermek,yönlendirme
bastırtmak,yenmek,anlam içi
basur,mayasıl,anlam içi
basur,hemoroit,anlam içi
basurlu,hemoroitli,anlam içi
baş,kafa,anlam içi
baş,kelle,anlam içi
baş,ser,anlam içi
baş,sarraflık hakkı,yönlendirme
Başak,Başak Burcu,yönlendirme
başaktör,başoyuncu (erkek),yönlendirme
başaktörlük,başoyunculuk,yönlendirme
başaktris,başoyuncu (kadın),yönlendirme
başaktrislik,başoyunculuk,yönlendirme
başarı,muvaffakiyet,anlam içi
başarılı,muvaffakiyetli,anlam içi
başarım,performans,yönlendirme
başarısız,muvaffakiyetsiz,anlam içi
başarısız,rate,anlam içi
başarısızlık,muvaffakiyetsizlik,anlam içi
başarmak,muvaffak olmak,anlam içi
başatlık,baskınlık,yönlendirme
başa baş,atbaşı,anlam içi
başbakan,başvekil,anlam içi
başbakanlık,başvekillik,anlam içi
başbakanlık,başvekâlet,anlam içi
başbayan,başkadın,yönlendirme
başbayi,ana bayi,yönlendirme
başçı,işçibaşı,yönlendirme
başçık,haşefe,anlam içi
başdanışman,başmüşavir,anlam içi
başdanışmanlık,başmüşavirlik,anlam içi
başdizgici,başmürettip,anlam içi
başdizgici,sermürettip,anlam içi
başdizgicilik,başmürettiplik,anlam içi
başdizgicilik,sermürettiplik,anlam içi
başeser,şaheser,yönlendirme
başgardiyan,infaz ve koruma başmemuru,yönlendirme
başgardiyanlık,infaz ve koruma başmemurluğu,yönlendirme
başgarson,şef garson,yönlendirme
başgarsonluk,şef garsonluk,yönlendirme
başhakem,başyargıcı,anlam içi
başhekim,başdoktor,anlam içi
başhekim,baştabip,anlam içi
başhekim,sertabip,anlam içi
başhekimlik,başdoktorluk,anlam içi
başhekimlik,baştabiplik,anlam içi
başhekimlik,sertabiplik,anlam içi
başı bağlı,başı kapalı,yönlendirme
başı bağlılık,başı kapalılık,yönlendirme
başı dimdik,başı dik,yönlendirme
başı dumanlı,sarhoş,yönlendirme
başı örtük,başı kapalı,yönlendirme
başı örtüklük,başı kapalılık,yönlendirme
başı örtülü,başı kapalı,yönlendirme
başı örtülülük,başı kapalılık,yönlendirme
başı yukarıda,burnu havada,yönlendirme
başka,özge,anlam içi
başka,diğer,anlam içi
başka,vesair,anlam içi
başka,gayrı,anlam içi
başka,gayri,anlam içi
başka,maada,anlam içi
başkaca,ayrıca,yönlendirme
başkafiye,başuyak,anlam içi
başkahraman,başkişi,anlam içi
başkalaşım,istihale,anlam içi
başkalaşım,metamorfizm,anlam içi
başkalaşma,istihale,anlam içi
başkalaşma,metamorfoz,anlam içi
başkalaşmak,istihale etmek,anlam içi
başkaldırma,başkaldırı,yönlendirme
başkaldırmak,isyan etmek,anlam içi
başkan,reis,anlam içi
başkan,reis bey,anlam içi
başkanlık,reislik,anlam içi
başkanlık,riyaset,anlam içi
başkası,bir başkası,anlam içi
başkası,bir diğeri,anlam içi
başkası,ötekisi,anlam içi
başkent,hükûmet merkezi,anlam içi
başkent,başşehir,anlam içi
başkent,payitaht,anlam içi
başkentli,başşehirli,anlam içi
başkentlik,başşehirlik,anlam içi
başkentlilik,başşehirlilik,anlam içi
başkilise,katedral,anlam içi
başkomutan,başkumandan,anlam içi
başkomutan,serdar,anlam içi
başkomutanlık,başkumandanlık,anlam içi
başkomutanlık,serdarlık,anlam içi
başköşe,tör,anlam içi
Başkurtça,Başkurt Türkçesi,yönlendirme
başkâtip,başyazman,anlam içi
başkâtiplik,başyazmanlık,anlam içi
başlama,iftitah,anlam içi
başlama meridyeni,başlangıç meridyeni,yönlendirme
başlama vuruşu,santra,anlam içi
başlangıç,ilk adım,anlam içi
başlangıç,bidayet,anlam içi
başlangıç,iptida,anlam içi
başlangıç,mebde,anlam içi
başlangıç meridyeni,başmeridyen,anlam içi
başlangıç noktası,başlama noktası,anlam içi
başlangıç noktası,çıkış noktası,anlam içi
başlangıç noktası,başnokta,anlam içi
başlayıcı,müptedi,anlam içi
başlı,yaralı,yönlendirme
başlık,serpuş,anlam içi
başlık,kapüşon,anlam içi
başlık,serlevha,anlam içi
başlık,başlık parası,yönlendirme
başlıklı,serlevhalı,anlam içi
başlıksız,serlevhasız,anlam içi
başmak,ayakkabı,yönlendirme
başmakale,başyazı,yönlendirme
başmakçı,ayakkabıcı,yönlendirme
başmakçılık,ayakkabıcılık,yönlendirme
başmaklık,has,anlam içi
başmal,sermaye,yönlendirme
başmuallim,başöğretmen,yönlendirme
başmuallimlik,başöğretmenlik,yönlendirme
başmuharrir,başyazar,yönlendirme
başmuharrirlik,başyazarlık,yönlendirme
başmurakıp,başdenetçi,yönlendirme
başmurakıplık,başdenetçilik,yönlendirme
başmüfettiş,başdenetmen,yönlendirme
başmüfettişlik,başdenetmenlik,yönlendirme
başoyuncu,başaktör,anlam içi
başoyuncu,başaktris,anlam içi
başoyuncu,primadonna,anlam içi
başöğretmen,müdür,anlam içi
başörtü,başörtüsü,yönlendirme
başörtüsü,bürgü,anlam içi
başörtüsü,örtme,anlam içi
başörtüsü,leçek,anlam içi
başparmak,badem parmak,anlam içi
başpiskopos,arşevek,anlam içi
başrahip,başkeşiş,anlam içi
başrahiplik,başkeşişlik,anlam içi
başrejisör,başyönetmen,yönlendirme
başrejisörlük,başyönetmenlik,yönlendirme
başsağlığı,taziye,anlam içi
başsağlığı,taziyet,anlam içi
başsızlık,erksizlik,anlam içi
baştanımaz,başkaldırıcı,yönlendirme
baştanımazlık,başkaldırıcılık,yönlendirme
baştan aşağı,tamamen,yönlendirme
baştan aşağı,baştan başa,yönlendirme
baştan başa,tamamen,yönlendirme
baştan başa,baştan sona,anlam içi
baştan başa,serapa,anlam içi
baştan sona,her zaman,yönlendirme
baştan sona,tamamen,yönlendirme
başucu noktası,semtürreis,anlam içi
başvurmak,müracaat etmek,anlam içi
başvurmak,gitmek,anlam içi
başvuru,müracaat,anlam içi
başvurucu,müracaatçı,anlam içi
başvurulmak,müracaat edilmek,anlam içi
başyapıt,şaheser,yönlendirme
başyargıcılık,başhakemlik,yönlendirme
başyaver,seryaver,anlam içi
başyazar,sermuharrir,anlam içi
başyazarlık,sermuharrirlik,anlam içi
başyemek,ana yemek,yönlendirme
baş aşağı,tepe aşağı,anlam içi
baş aşağı,tepeüstü,anlam içi
baş bıçağı,ustura,yönlendirme
baş dönmesi,vertigo,anlam içi
bataklık,aynaz,anlam içi
bataklık,azmak,anlam içi
bataklık,batağan,anlam içi
bataklık baykuşu,İshak kuşu,anlam içi
bataklık baykuşu,hak kuşu (Asio flammeus),anlam içi
bataklık çulluğu,su çulluğu (Gallinago gallinago),anlam içi
bataklık gazı,metan,yönlendirme
bataklık keteni,pamuk otu,yönlendirme
batar,zatürre,yönlendirme
batarya,pil,yönlendirme
bateri,davul,anlam içi
baterist,baterici,yönlendirme
bateristlik,batericilik,yönlendirme
batı,gün batısı,anlam içi
batı,günindi,anlam içi
batı,garp,anlam içi
batı,mağrip,anlam içi
batı,doğu karşıtı,anlam içi
batı,garbi,anlam içi
Batı,Garp,anlam içi
Batı,Doğu karşıtı,anlam içi
Batıcı,Garpçı,anlam içi
Batıcılık,Garpçılık,anlam içi
batıl,geçersiz,yönlendirme
Batılı,Garplı,anlam içi
Batılı,Mağribî,anlam içi
Batılılaşma,Garplılaşma,anlam içi
Batılılaşmak,Garplılaşmak,anlam içi
Batılılaştırılma,Garplılaştırılma,anlam içi
Batılılaştırılmak,Garplılaştırılmak,anlam içi
Batılılaştırma,Garplılaştırma,anlam içi
Batılılaştırmak,Garplılaştırmak,anlam içi
Batılılık,Garplılık,anlam içi
batıl inanç,batıl itikat,anlam içi
batın,karın,yönlendirme
batın,kuşak,yönlendirme
batırmak,bulamak,yönlendirme
batırmak,mahvetmek,yönlendirme
batı mazısı,aksedir,yönlendirme
Batı Türkçesi,Oğuz Türkçesi,yönlendirme
batkın,müflis,yönlendirme
batkınlık,müflislik,yönlendirme
batmak,kirlenmek,yönlendirme
batmak,çökmek,yönlendirme
batmak,dalamak,yönlendirme
batur,bahadır,yönlendirme
batyal,batiyal,anlam içi
bay,mösyö,anlam içi
bay,erkek,yönlendirme
bayağı,sıradan,yönlendirme
bayağı,gerçekten,yönlendirme
bayağılaşma,sıradanlaşma,anlam içi
bayağılaşmak,sıradanlaşmak,anlam içi
bayağılaştırma,sıradanlaştırma,anlam içi
bayağılaştırmak,sıradanlaştırmak,anlam içi
bayağılık,sıradanlık,anlam içi
bayağı kesir,adi kesir,anlam içi
bayan,kadın,yönlendirme
baygın,mahmur,yönlendirme
baygınlık,baygıntı,anlam içi
bayındır,ongun,anlam içi
bayındır,abat,anlam içi
bayındır,mamur,anlam içi
bayındırlaştırmak,imar etmek,anlam içi
bayındırlık,ümran,anlam içi
bayındırlık,mamurluk,anlam içi
bayındırlık,imar,anlam içi
bayır,belen,anlam içi
bayır,kıran,anlam içi
bayır,şev,anlam içi
bayır kuşu,çalı bülbülü,yönlendirme
baylanma,baylanlanma,anlam içi
baylanmak,baylanlanmak,anlam içi
baypas,köprüleme,yönlendirme
baypas,devre dışı,yönlendirme
baypas ameliyatı,köprüleme ameliyatı,yönlendirme
bayrak,öncü,yönlendirme
bayrakaltı,askerlik,yönlendirme
bayrak bilimi,veksilloloji,anlam içi
bayrak direği,gönder,anlam içi
bayrak merasimi,bayrak töreni,yönlendirme
bayram,şenlik,yönlendirme
bayramlaşma,muayede,anlam içi
bayramüstü,bayramüzeri,anlam içi
bayram ayı,şevval,yönlendirme
bayram tebriği,bayram ziyareti,yönlendirme
bayrı,kadim,yönlendirme
bayrılık,kadimlik,yönlendirme
baytar,veteriner,yönlendirme
baytarlık,veterinerlik,yönlendirme
baz,temel,yönlendirme
bazen,ara sıra,yönlendirme
bazı,ara sıra,yönlendirme
bazı bazı,ara sıra,yönlendirme
baziçe,oyun,yönlendirme
bazlama,bazlamaç,anlam içi
bazuka,roketatar,anlam içi
bebe,bebek,yönlendirme
bebek,göz bebeği,yönlendirme
becelleşme,cedelleşme,yönlendirme
becelleşmek,cedelleşmek,yönlendirme
beceri,maharet,anlam içi
becerikli,becerili,anlam içi
becerikli,maharetli,anlam içi
becerikli,mahir,anlam içi
becerikli,mahirane,anlam içi
beceriklilik,becerililik,anlam içi
beceriklilik,maharetlilik,anlam içi
beceriksiz,becerisiz,anlam içi
beceriksiz,maharetsiz,anlam içi
beceriksiz,gıygıycı,anlam içi
beceriksizce,maharetsizce,anlam içi
beceriksizlik,becerisizlik,anlam içi
beceriksizlik,aciz,anlam içi
beceriksizlik,âcizlik,anlam içi
beceriksizlik,maharetsizlik,anlam içi
bed,kötü,yönlendirme
bed,çirkin (ses),yönlendirme
bedahet,muayyenlik,yönlendirme
bedaheten,ansızın,yönlendirme
bedava,parasız,yönlendirme
bedava,bilabedel,anlam içi
bedava,bedavadan,anlam içi
bedava,bedavasına,anlam içi
bedava,bedavaya,anlam içi
bedava,beleş,anlam içi
bedava,beleşe,anlam içi
bedava,beleşten,anlam içi
bedava,cabadan,anlam içi
bedava,meccanen,anlam içi
bedavacı,beleşçi,anlam içi
bedavacı,abacı,anlam içi
bedavacı,lüpçü,anlam içi
bedavacılık,beleşçilik,anlam içi
bedavacılık,lüpçülük,anlam içi
bedbaht,bahtsız,yönlendirme
bedbaht,mutsuz,yönlendirme
bedbahtlık,mutsuzluk,yönlendirme
bedbin,kötümser,yönlendirme
bedbinleşme,kötümserleşme,yönlendirme
bedbinleşmek,kötümserleşmek,yönlendirme
bedbinleştirme,kötümserleştirme,yönlendirme
bedbinleştirmek,kötümserleştirmek,yönlendirme
bedbinlik,kötümserlik,yönlendirme
beddua,ilenç,anlam içi
beddua,kargış,anlam içi
bedel,fiyat,yönlendirme
bedel,denk,yönlendirme
bedelci,bedelli,yönlendirme
beden,gövde,anlam içi
bedence,fiziken,anlam içi
bedensel,beşerî,anlam içi
bedensel zekâ,kinestetik zekâ,anlam içi
bedenî,bedensel,yönlendirme
beden eğitimi,beden terbiyesi,anlam içi
bedii,estetik,yönlendirme
bediiyat,estetik,yönlendirme
begayet,son derece,yönlendirme
beğence,takriz,yönlendirme
beğeni,zevk,anlam içi
beğeni,gusto,anlam içi
beğeni,takdir,yönlendirme
beğenilme,popülarite,anlam içi
beğenilmek,sevilmek,anlam içi
beğenirlik,beğenirlilik,yönlendirme
beğenmek,açmak,anlam içi
behemehâl,kesinlikle,yönlendirme
beher,her bir,yönlendirme
beherglas,beher,anlam içi
behre,kısmet,yönlendirme
behresiz,kısmetsiz,yönlendirme
beis,sakınca,yönlendirme
bek,sert,yönlendirme
bek,sağlam,yönlendirme
bek,savunma oyuncusu,yönlendirme
beka,kalıcılık,yönlendirme
beka,ölümsüzlük,yönlendirme
bekas,çulluk,yönlendirme
bekinme,tıkanma,yönlendirme
bekinmek,tıkanmak,yönlendirme
bekitme,tıkama,yönlendirme
bekitme,sağlamlaştırma,yönlendirme
bekitmek,tıkamak,yönlendirme
bekitmek,sağlamlaştırmak,yönlendirme
bekleme,bekleyiverme,anlam içi
beklemek,oyalanmak,yönlendirme
bekleme odası,bekleme salonu,yönlendirme
bekleme salonu,intizar odası,anlam içi
beklenilme,beklenme,yönlendirme
beklenilmek,beklenmek,yönlendirme
beklenmedik,sıra dışı,anlam içi
beklenmemezlik,beklenmezlik,yönlendirme
bekletmek,oyalamak,yönlendirme
bekri,ayyaş,yönlendirme
bekrilik,ayyaşlık,yönlendirme
bekâr,ergen,anlam içi
bekâr,mücerret,anlam içi
bekâret,kızlık,yönlendirme
bekârhane,bekâr odası,yönlendirme
bel,işaret,yönlendirme
bel,meni,yönlendirme
bel,dürü,anlam içi
bela,beliye,anlam içi
belagat,retorik,anlam içi
belagatli,beliğ,anlam içi
belahet,alıklık,yönlendirme
belde,kasaba,yönlendirme
beledi,yerleşik,yönlendirme
belediye,uray,anlam içi
belediye,şehremaneti,anlam içi
belediye başkanı,belediye reisi,anlam içi
belediye başkanı,şehremini,anlam içi
belediye polisi,belediye zabıtası,yönlendirme
belek,kundak,yönlendirme
belemek,bulamak,yönlendirme
belemir,mavikantaron,yönlendirme
belenme,kundaklanma,yönlendirme
belenmek,kundaklanmak,yönlendirme
belenmek,bulanmak,yönlendirme
beletme,kundaklatma,yönlendirme
beletmek,kundaklatmak,yönlendirme
belge,vesika,anlam içi
belgeçleme,belgegeçerleme,yönlendirme
belgeçlemek,belgegeçerlemek,yönlendirme
belgeçletmek,belgegeçerletmek,yönlendirme
belgegeçer,belgeç,anlam içi
belgegeçer,faks,anlam içi
belgegeçerletme,belgeçletme,anlam içi
belgegeçerletme,fakslatma,anlam içi
belgegeçerletmek,fakslatmak,anlam içi
belgeleme,tevsik,anlam içi
belgelemek,tevsik etmek,anlam içi
belgelik,arşiv,yönlendirme
belgi,şiar,yönlendirme
belgin,sarih,anlam içi
belginlik,sarihlik,anlam içi
belginlik,sarahat,anlam içi
belgisiz,belirsiz,yönlendirme
belgisizlik,belirsizlik,yönlendirme
belgisiz sıfat,belirsizlik sıfatı,yönlendirme
belgisiz zamir,belirsizlik zamiri,yönlendirme
belgit,senet,yönlendirme
belgit,hüccet,anlam içi
belgit,burhan,anlam içi
beli,evet,yönlendirme
belik,bölük,anlam içi
belik,örgü,anlam içi
belinleme,benildeme,anlam içi
belinlemek,benildemek,anlam içi
belirgin,bariz,anlam içi
belirgin,sarih,anlam içi
belirginlik,sarihlik,anlam içi
belirleme,tayin,anlam içi
belirleme,tespit,anlam içi
belirleme,teşhis,anlam içi
belirlemek,tayin etmek,anlam içi
belirlemek,tespit etmek,anlam içi
belirlemek,vermek,anlam içi
belirlenim,gerektirim,anlam içi
belirlenim,determinasyon,anlam içi
belirlenimci,gerekirci,anlam içi
belirlenimci,determinist,anlam içi
belirlenimcilik,gerekircilik,anlam içi
belirlenimcilik,determinizm,anlam içi
belirlenmezci,yad gerekirci,anlam içi
belirlenmezci,indeterminist,anlam içi
belirlenmezcilik,yad gerekircilik,anlam içi
belirlenmezcilik,indeterminizm,anlam içi
belirli,belli,anlam içi
belirli,muayyen,anlam içi
belirlilik,muayyenlik,anlam içi
belirlilik,muayyeniyet,anlam içi
belirli geçmiş zaman,görülen geçmiş zaman,yönlendirme
belirli nesne,belirtili nesne,yönlendirme
belirme,tebarüz,anlam içi
belirme,tebellür,anlam içi
belirme,tecessüm,anlam içi
belirmek,tezahür etmek,anlam içi
belirmek,tebellür etmek,anlam içi
belirmek,tebarüz etmek,anlam içi
belirsiz,gayrimuayyen,anlam içi
belirsiz,vuzuhsuz,anlam içi
belirsiz,müphem,anlam içi
belirsizlik,varagele,anlam içi
belirsizlik,gayrimuayyenlik,anlam içi
belirsizlik,müphemlik,anlam içi
belirsizlik,müphemiyet,anlam içi
belirsizlik,vuzuhsuzluk,anlam içi
belirsizlik sıfatı,belgisiz sıfat: bazı,anlam içi
belirsizlik sıfatı,birkaç,anlam içi
belirsizlik sıfatı,her,anlam içi
belirsizlik sıfatı,birtakım,anlam içi
belirsizlik sıfatı,filan vb,anlam içi
belirsizlik zamiri,belgisiz zamir: bazısı,anlam içi
belirsizlik zamiri,birkaçı,anlam içi
belirsizlik zamiri,birçoğu,anlam içi
belirsizlik zamiri,azı,anlam içi
belirsizlik zamiri,herkes,anlam içi
belirsizlik zamiri,biri vb,anlam içi
belirteç,zarf,yönlendirme
belirteç,ayıraç,yönlendirme
belirten,tamlayan,yönlendirme
belirti,emare,anlam içi
belirti,nişan,anlam içi
belirti,tezahür,anlam içi
belirti,araz,anlam içi
belirti,semptom,anlam içi
belirtilen,tamlanan,yönlendirme
belirtili ad tamlaması,belirtili tamlama: Ayşe’nin kalemi,anlam içi
belirtili ad tamlaması,çiçeğin kokusu,anlam içi
belirtili ad tamlaması,bizim evimiz vb,anlam içi
belirtili nesne,sarih meful,anlam içi
belirtili tamlama,belirtili ad tamlaması,yönlendirme
belirtisiz tamlama,belirtisiz ad tamlaması,yönlendirme
belirtme,tasrih,anlam içi
belirtmek,tebarüz ettirmek,anlam içi
belirtme durumu,yükleme durumu,anlam içi
belirtme durumu,yükleme hâli,anlam içi
belirtme durumu,akuzatif: sokağ-ı (temizledi),anlam içi
belirtme durumu,ev-i (ısıttı),anlam içi
belirtme durumu,okul-u (sevdi),anlam içi
belirtme durumu,yüz-ü (yıkadı) vb,anlam içi
belit,mütearife,anlam içi
belki,belkim,anlam içi
belki,herhâlde,anlam içi
belkili,muhtemel,yönlendirme
belkili,olasılı,anlam içi
belkili,ihtimalî,anlam içi
belladonna,güzelavrat otu,yönlendirme
bellek,an,anlam içi
bellek,dağar,anlam içi
bellek,dağarcık,anlam içi
bellek,hafıza,anlam içi
bellek,yâd,anlam içi
bellek,zihin,anlam içi
bellek,kafa,yönlendirme
bellek kaybı,bellek yitimi,yönlendirme
bellek yitimi,hafıza kaybı,anlam içi
bellek yitimi,hafıza yitimi,anlam içi
bellek yitimi,amnezi,anlam içi
belleme,yapık,anlam içi
belleme,yuna,anlam içi
bellemek,öğrenmek,yönlendirme
bellemek,sanmak,yönlendirme
belletici,belletmen,yönlendirme
belletmen,belletici öğretmen,anlam içi
belli,zahir,anlam içi
belli,aşikâr,anlam içi
bellik,ayraç,yönlendirme
bel bağı,bel kemeri,yönlendirme
bel kemiği,oma,anlam içi
bel kemiği,amudufıkari,anlam içi
bembeyaz,apak,anlam içi
benci,hodpesent,anlam içi
benci,megaloman,anlam içi
bencil,kendimci,anlam içi
bencil,hodbin,anlam içi
bencil,hodkâm,anlam içi
bencilce,bencilcesine,anlam içi
bencilik,hodpesentlik,anlam içi
bencillik,kendimcilik,anlam içi
bencillik,hodbinlik,anlam içi
bencillik,hodkâmlık,anlam içi
bencillik,enaniyet,anlam içi
bende,köle,yönlendirme
benek,fakül,anlam içi
benekli kokarca,alacasansar,yönlendirme
bengi,sonsuz,yönlendirme
bengi,ölümsüz,yönlendirme
bengileşme,sonsuzlaşma,yönlendirme
bengileşme,ölümsüzleşme,yönlendirme
bengileşmek,sonsuzlaşmak,yönlendirme
bengileşmek,ölümsüzleşmek,yönlendirme
bengilik,sonsuzluk,yönlendirme
bengilik,ölümsüzlük,yönlendirme
bengi su,abıhayat,yönlendirme
benibeşer,insan,yönlendirme
beniçinci,benmerkezci,anlam içi
beniçinci,egosantrist,anlam içi
beniçincilik,benmerkezcilik,anlam içi
benimseme,tesahup,anlam içi
beniz,yüz,yönlendirme
beniâdem,insan,yönlendirme
benlik,kibir,yönlendirme
benlik ikileşmesi,duygu durumu bozukluğu,yönlendirme
bent,bağ,yönlendirme
bent,bağlam,anlam içi
benzememezlik,benzemezlik,yönlendirme
benzen,benzin,anlam içi
benzer,benzeri,anlam içi
benzer,benzeş,anlam içi
benzer,emsal,anlam içi
benzer,menent,anlam içi
benzer,misal,anlam içi
benzer,mümasil,anlam içi
benzer,müşabih,anlam içi
benzer,nazir,anlam içi
benzer,analog,anlam içi
benzer,model,anlam içi
benzer,benzeşim,yönlendirme
benzeşim,analoji,anlam içi
benzeşlik,müşabehet,anlam içi
benzeşme,temessül,anlam içi
benzeşme,asimilasyon: çarşanba > çarşamba,anlam içi
benzeşme,yurt-daş > yurttaş,anlam içi
benzeşme,sadef > sedef vb,anlam içi
benzeşmemezlik,benzeşmezlik,yönlendirme
benzeşmezlik,başkalaşma,anlam içi
benzeşmezlik,disimilasyon: çinekop > çinakop,anlam içi
benzeşmezlik,kınnap > kırnap,anlam içi
benzeşmezlik,fincan > filcan,anlam içi
benzeşmezlik,muşamma > muşamba vb,anlam içi
benzeti,benzetme,yönlendirme
benzetme,tanzir,anlam içi
benzetme,teşbih,anlam içi
benzin istasyonu,benzinlik,anlam içi
beraatizimmet,borçsuzluk,yönlendirme
beraber,bir,anlam içi
beraberlik,birliktelik,yönlendirme
berat,buluş belgesi,yönlendirme
berbat,kötü,yönlendirme
berber,erkek berberi,anlam içi
berber,perukar,anlam içi
berduş,perişan,yönlendirme
bereket,artağanlık,anlam içi
bereket,bolluk,anlam içi
bereket,feyiz,anlam içi
bereket,feyezan,anlam içi
bereket,yağmur,yönlendirme
bereketlenmek,çoğalmak,yönlendirme
bereketli,artağan,anlam içi
bereketli,mübarek,anlam içi
bereketsiz,onmadık,anlam içi
berelenmek,bertilmek,anlam içi
berenarı,şöyle böyle,yönlendirme
Bergama tatlısı,zülbiye,anlam içi
bergüzar,hatıra,yönlendirme
bergüzar,armağan,yönlendirme
berhane,barhane,anlam içi
berhudar,mutlu,yönlendirme
beribenzer,sıradan,yönlendirme
beriki,berikisi,anlam içi
berjer,berjer koltuk,anlam içi
berk,sert,yönlendirme
berk,sağlam,yönlendirme
berkime,sağlamlaşma,yönlendirme
berkimek,sağlamlaşmak,yönlendirme
berkinme,sağlamlaşma,yönlendirme
berkinmek,sağlamlaşmak,yönlendirme
berkitilme,sağlamlaştırılma,yönlendirme
berkitilmek,sağlamlaştırılmak,yönlendirme
berkitme,sağlamlaştırma,yönlendirme
berkitmek,sağlamlaştırmak,yönlendirme
berklik,sertlik,yönlendirme
berklik,sağlamlık,yönlendirme
berri,karasal,yönlendirme
bertafsil,açık olarak,anlam içi
bertik,bere,yönlendirme
bertilme,bertme,anlam içi
bertilmek,bertmek,anlam içi
berzah,kıstak,yönlendirme
besalet,yiğitlik,yönlendirme
besalet,yararlılık,yönlendirme
besbeter,beş beter,anlam içi
besihane,besi çiftliği,yönlendirme
besili,yağlı,anlam içi
besin,gıda,anlam içi
besinli,gıdalı,anlam içi
besinsiz,gıdasız,anlam içi
besinsizlik,gıdasızlık,anlam içi
besi doku,besi dokusu,anlam içi
beslek,besleme,yönlendirme
beslek,beslenen,yönlendirme
besleme,besleme kız,anlam içi
besleme,beslemelik,anlam içi
besleme,beslengi,anlam içi
beslemek,yedirmek,yönlendirme
beslemek,semirtmek,yönlendirme
beslemek,yetiştirmek,yönlendirme
beslenen,sönümsüz,yönlendirme
beslenme,tagaddi,anlam içi
beslenme,desteklenme,yönlendirme
beslenmek,desteklenmek,yönlendirme
besleyici,mugaddi,anlam içi
besmele,bismillah,anlam içi
besteci,bestekâr,anlam içi
besteci,kompozitör,anlam içi
besteci,maestro,anlam içi
bestecilik,bestekârlık,anlam içi
bestecilik,kompozitörlük,anlam içi
bestecilik,maestroluk,anlam içi
beş,penç,anlam içi
beş,ilkokul,yönlendirme
beşamel,beşamel sos,yönlendirme
beşaret,muştu,yönlendirme
beşbıyık,muşmula,yönlendirme
beşeriyet,insanlık,yönlendirme
beşeriyetçi,insancıl,yönlendirme
beşeriyetçilik,insancıllık,yönlendirme
beşerî coğrafya,insan coğrafyası,anlam içi
beşgen,muhammes,anlam içi
beşibirlik,beşibiryerde,anlam içi
beşibirlik,beşibirarada,anlam içi
beşibirlik,beşli,anlam içi
beşibirlik,beşlik,anlam içi
beşibirlik,ata beşibirlik,yönlendirme
beşikörtüsü,eşeksırtı,anlam içi
beşik kertiği,beşik kertmesi,yönlendirme
beşik kertme,beşik kertmesi,yönlendirme
beşkardeş,şamar,yönlendirme
beşleme,tahmis,yönlendirme
beşli,muhammes,anlam içi
beşli,ata beşibirlik,yönlendirme
beşli,kentet,anlam içi
beşli,kuintet,anlam içi
beşlik,ata beşibirlik,yönlendirme
beşparmak,beşpençe (Uraster),anlam içi
beşpençe,beşparmak,yönlendirme
beş paralık,bir paralık,anlam içi
bet,çokluk,yönlendirme
betik,kitap,yönlendirme
betili,figüratif,yönlendirme
betili sanat,figüratif sanat,yönlendirme
betim,tasvir,anlam içi
betimleme,tasvir,anlam içi
betimlemeci,tasvirci,anlam içi
betimlemecilik,tasvircilik,anlam içi
betimlemek,tasvir etmek,anlam içi
betimsel,betimlemeli,yönlendirme
betimsel dil bilgisi,betimlemeli dil bilgisi,yönlendirme
betisiz,nonfigüratif,yönlendirme
betisiz sanat,nonfigüratif sanat,yönlendirme
betonarme,demirli beton,anlam içi
betoniyer,betonkarar,yönlendirme
betonkarar,karmaç,anlam içi
betonkarar,beton mikseri,anlam içi
betonkarar,mikser,anlam içi
betonumsu,betonsu,yönlendirme
bet bereket,bereket,yönlendirme
bevliye,üroloji,yönlendirme
bevliyeci,ürolog,yönlendirme
bevvap,kapıcı,yönlendirme
bey,koca,yönlendirme
bey,komutan,yönlendirme
beyaban,çöl,yönlendirme
beyan,bildirme,yönlendirme
beyanat,demeç,yönlendirme
beyanname,bildirge,anlam içi
beyaz,beyaz zehir,yönlendirme
beyazımtırak,beyazımsı,yönlendirme
beyazlanma,beyazlaşma,yönlendirme
beyazlanmak,beyazlaşmak,yönlendirme
beyazlatıcı,ağartıcı,anlam içi
beyazlayıverme,ağarıverme,anlam içi
beyazlayıvermek,ağarıvermek,anlam içi
beyazsinek,sera beyazsineği (Trialeurodes vaporariorum),anlam içi
beyaz bayrak,teslim bayrağı,anlam içi
beyaz cam,televizyon,yönlendirme
beyaz perde,sinema,yönlendirme
Beyaz Rus,Beyaz Rusyalı,anlam içi
beygir,atlama beygiri,yönlendirme
beyhude,yararsız,yönlendirme
beyhude,boşuna,yönlendirme
beyhudelik,yararsızlık,yönlendirme
beyin,dimağ,anlam içi
beyin cerrahı,nöroşirürjiyen,anlam içi
beyin cerrahisi,nöroşirürji,anlam içi
beyin jimnastiği,zihin jimnastiği,yönlendirme
beyin kanaması,dimağ ihtikanı,anlam içi
beyit,ev,yönlendirme
beylik,mirî,yönlendirme
beylik,emîrlik,anlam içi
beylik,emaret,anlam içi
beylik,mirlik,anlam içi
beylik,hükûmet,yönlendirme
beynelmilel,uluslararası,yönlendirme
beynelmilelci,uluslararasıcı,yönlendirme
beynelmilelcilik,uluslararasıcılık,yönlendirme
beyyine,kanıt,yönlendirme
beyzadelik,soyluluk,yönlendirme
beyzi,oval,yönlendirme
bey erki,varsıl erki,yönlendirme
bez,çaput,anlam içi
beze,gudde,anlam içi
beze,pazı,anlam içi
bezek,süs,yönlendirme
bezekçi,nakkaş,yönlendirme
bezekleme,süsleme,yönlendirme
bezeklemek,süslemek,yönlendirme
bezekli,süslü,yönlendirme
bezelye çiçeği,ıtırşahi,yönlendirme
bezeme,süsleme,yönlendirme
bezeme,süs,yönlendirme
bezemeci,süslemeci,yönlendirme
bezemecilik,süslemecilik,yönlendirme
bezemek,süslemek,yönlendirme
bezemeli,süslü,yönlendirme
bezen,süs,yönlendirme
bezenme,süslenme,yönlendirme
bezenmek,süslenmek,yönlendirme
bezetme,süsletme,yönlendirme
bezetmek,süsletmek,yönlendirme
bezeyici,süslemeci,yönlendirme
bezgi,süs,yönlendirme
bezginlik,bezgi,anlam içi
bezir,keten tohumu,yönlendirme
bezir,bezir yağı,yönlendirme
bezirgân,tüccar,yönlendirme
bezsi,bezimsi,anlam içi
bezzaz,manifaturacı,yönlendirme
bezzazlık,manifaturacılık,yönlendirme
bıçılgan,bıçırgan,anlam içi
bıçkıevi,bıçkıhane,anlam içi
bıçkın,kabadayı,yönlendirme
bıllık bıllık,etli butlu,yönlendirme
bıngıldak,imik,anlam içi
bırakılmak,terk edilmek,anlam içi
bırakışmak,ateşkes yapmak,anlam içi
bırakışmak,mütareke yapmak,anlam içi
bırakıt,miras,yönlendirme
bırakmak,sarkıtmak,yönlendirme
bırakmak,boşamak,yönlendirme
bırakmak,koymak,yönlendirme
bırakmak,götürmek,yönlendirme
bıttım,çitlembik,yönlendirme
bızır,klitoris,yönlendirme
bibehre,kısmetsiz,yönlendirme
biberon,emzik,yönlendirme
bibersi,biberimsi,anlam içi
bibi,hala,yönlendirme
bibliyofil,kitapsever,yönlendirme
bibliyografi,kaynakça,yönlendirme
bibliyografya,kaynakça,yönlendirme
bibliyoman,kitap düşkünü,yönlendirme
bibliyomani,kitap düşkünlüğü,yönlendirme
bibliyotek,kütüphane,yönlendirme
bibliyotekçi,kütüphaneci,yönlendirme
bicik,meme,yönlendirme
bicik,meme başı,yönlendirme
biçare,çaresiz,yönlendirme
biçare,zavallı,yönlendirme
biçarelik,çaresizlik,yönlendirme
biçarelik,zavallılık,yönlendirme
biçem,üslup,yönlendirme
biçemleme,stilizasyon,anlam içi
biçim,hat,anlam içi
biçim,şekil,anlam içi
biçim,eşkâl,anlam içi
biçim,model,anlam içi
biçim,form,anlam içi
biçim,forma,anlam içi
biçim,tarz,anlam içi
biçim,format,anlam içi
biçimci,şekilci,anlam içi
biçimci,şekilperest,anlam içi
biçimci,formaliteci,anlam içi
biçimci,formalist,anlam içi
biçimcilik,şekilcilik,anlam içi
biçimcilik,şekilperestilik,anlam içi
biçimcilik,formalizm,anlam içi
biçimleme,biçimlendirme,yönlendirme
biçimleme,figürasyon,anlam içi
biçimlendirebilme,şekillendirebilme,anlam içi
biçimlendirebilmek,şekillendirebilmek,anlam içi
biçimlendirilebilme,şekillendirilebilme,anlam içi
biçimlendirilebilmek,şekillendirilebilmek,anlam içi
biçimlendiriliş,şekillendiriliş,anlam içi
biçimlendirilme,şekillendirilme,anlam içi
biçimlendirilmek,şekillendirilmek,anlam içi
biçimlendiriş,şekillendiriş,anlam içi
biçimlendirme,şekillendirme,anlam içi
biçimlendirme,formatlama,anlam içi
biçimlendirmek,biçimlemek,anlam içi
biçimlendirmek,şekillendirmek,anlam içi
biçimlendirmek,formatlamak,anlam içi
biçimlenebilme,şekillenebilme,anlam içi
biçimlenebilmek,şekillenebilmek,anlam içi
biçimleniş,şekilleniş,anlam içi
biçimleniverme,şekilleniverme,anlam içi
biçimlenivermek,şekillenivermek,anlam içi
biçimlenme,şekillenme,anlam içi
biçimlenme,şekilleşme,anlam içi
biçimlenme,formasyon,anlam içi
biçimlenmek,şekillenmek,anlam içi
biçimlenmek,şekilleşmek,anlam içi
biçimli,şekilli,anlam içi
biçimlilik,şekillilik,anlam içi
biçimsel,şekilgeç,anlam içi
biçimsel,şekilsel,anlam içi
biçimsel,şeklî,anlam içi
biçimsel,formel,anlam içi
biçimselleştirme,şekilselleştirme,anlam içi
biçimselleştirmek,şekilselleştirmek,anlam içi
biçimsellik,şekilsellik,anlam içi
biçimsellik,formellik,anlam içi
biçimsiz,şekilsiz,anlam içi
biçimsiz,yakışıksız,anlam içi
biçimsizce,şekilsizce,anlam içi
biçimsizleşebilme,şekilsizleşebilme,anlam içi
biçimsizleşebilmek,şekilsizleşebilmek,anlam içi
biçimsizleşme,şekilsizleşme,anlam içi
biçimsizleşme,deformasyon,anlam içi
biçimsizleşmek,şekilsizleşmek,anlam içi
biçimsizleşmek,deforme olmak,anlam içi
biçimsizleştirebilme,şekilsizleştirebilme,anlam içi
biçimsizleştirebilmek,şekilsizleştirebilmek,anlam içi
biçimsizleştirilme,şekilsizleştirilme,anlam içi
biçimsizleştirilmek,şekilsizleştirilmek,anlam içi
biçimsizleştirme,şekilsizleştirme,anlam içi
biçimsizleştirmek,şekilsizleştirmek,anlam içi
biçimsizlik,şekilsizlik,anlam içi
biçimsizlik,amorfluk,anlam içi
biçim bilimi,yapı bilimi,yönlendirme
biçim birimi,morfem,anlam içi
biçki dikiş yurdu,biçki yurdu,anlam içi
biçme,prizma,yönlendirme
biçmek,kestirmek,yönlendirme
bidar,uyanık,yönlendirme
bienal,yılaşırı,yönlendirme
biftek mantarı,ciğer mantarı (Fistulina hepatica),anlam içi
bigudi,sarmaç,anlam içi
bigünah,günahsız,yönlendirme
bigâne,yabancı,yönlendirme
bigâne,ilgisiz,yönlendirme
bigânelik,yabancılık,yönlendirme
bigânelik,ilgisizlik,yönlendirme
bigâne kalmak,ilgisiz kalmak,anlam içi
bihaber,habersiz,yönlendirme
biilaç,ilaçsız,yönlendirme
bikarar,kararsız,yönlendirme
bikes,kimsesiz,yönlendirme
bikeslik,kimsesizlik,yönlendirme
bikir,kızlık,yönlendirme
bilader ağacı,kaju,yönlendirme
bilahare,sonra,yönlendirme
bilaistisna,istisnasız,yönlendirme
bilakis,tersine,yönlendirme
bilanço,dengelem,anlam içi
bilavasıta,aracısız,yönlendirme
bildik,tanıdık,yönlendirme
bildiri,tebliğ,anlam içi
bildiri,manifesto,anlam içi
bildirim,tebligat,anlam içi
bildirim,ihbarname,anlam içi
bildirim,ihbariye,anlam içi
bildirim ödencesi,ihbar tazminatı,anlam içi
bildirişim,iletişim,yönlendirme
bildirme,ikrar,anlam içi
bildirme,ilam,anlam içi
bildirme,tebliğ,anlam içi
bildirme kipi,zaman,yönlendirme
bile,dahi,anlam içi
bile,üstelik,yönlendirme
bilecen,ukala,yönlendirme
bileği çarkı,küstere,anlam içi
bileği taşı,kayrak,anlam içi
bilek saati,kol saati,yönlendirme
bileme,bileğileme,anlam içi
bileme,bileyleme,anlam içi
bilemek,bileğilemek,anlam içi
bilemek,bileylemek,anlam içi
bileniş,bileğileniş,anlam içi
bileniş,bileğileyiş,anlam içi
bileniş,bileyleniş,anlam içi
bilenme,bileğilenme,anlam içi
bilenme,bileylenme,anlam içi
bilenmek,bileğilenmek,anlam içi
bilenmek,bileylenmek,anlam içi
bileşik,mürekkep,anlam içi
bileşik kap,birleşik kap,yönlendirme
bileşik kaplar,birleşik kaplar,yönlendirme
bileşim,terkip,anlam içi
bileşke,muhassala,anlam içi
bileşme,terekküp,anlam içi
bileşmek,terekküp etmek,anlam içi
bileyiş,bileyleyiş,anlam içi
bileyli,bileğili,anlam içi
bileysiz,bileğisiz,anlam içi
bilezik,kelepçe,yönlendirme
bile bile,bilerek,yönlendirme
bilfarz,söz gelişi,yönlendirme
bilfiil,fiilen,yönlendirme
bilge,hakim,anlam içi
bilgece,hakimane,anlam içi
bilgi,bili,anlam içi
bilgi,malumat,anlam içi
bilgi,haber,anlam içi
bilgi,vukuf,anlam içi
bilgici,sofist,anlam içi
bilgicilik,sofizm,anlam içi
bilgicilik,safsatacılık,anlam içi
bilgili,malumatlı,anlam içi
bilgili,malumattar,anlam içi
bilgili,malumat sahibi,anlam içi
bilgili,danişment,anlam içi
bilgin,bilim adamı,yönlendirme
bilgisayar,elektronik beyin,anlam içi
bilgisayar oyunu,video oyunu,anlam içi
bilgisiz,bilisiz,anlam içi
bilgisiz,malumatsız,anlam içi
bilgisiz,vukufsuz,anlam içi
bilgisizleşme,cahilleşme,anlam içi
bilgisizleşmek,cahilleşmek,anlam içi
bilgisizlik,bilisizlik,anlam içi
bilgisizlik,malumatsızlık,anlam içi
bilgisizlik,vukufsuzluk,anlam içi
bilgi işlem,veri işlem,anlam içi
bilgi kuramı,epistemoloji,anlam içi
bilgi şöleni,sempozyum,yönlendirme
bilhassa,özellikle,yönlendirme
bililtizam,bilerek,yönlendirme
bilim,ilim,anlam içi
bilimci,ilimci,anlam içi
bilimcilik,ilimcilik,anlam içi
bilimsel,ilmî,anlam içi
bilimsellik,ilmîlik,anlam içi
bilimsiz,ilimsiz,anlam içi
bilimsizlik,ilimsizlik,anlam içi
bilim adamı,bilim kadını,anlam içi
bilim adamı,bilim insanı,anlam içi
bilim adamı,bilimci,anlam içi
bilim adamı,ilim adamı,anlam içi
bilinç,şuur,anlam içi
bilinçaltı,şuuraltı,anlam içi
bilinçaltı,tahteşşuur,anlam içi
bilinçlendirebilme,şuurlandırabilme,anlam içi
bilinçlendirebilmek,şuurlandırabilmek,anlam içi
bilinçlendirilebilme,şuurlandırılabilme,anlam içi
bilinçlendirilebilmek,şuurlandırılabilmek,anlam içi
bilinçlendirilme,şuurlandırılma,anlam içi
bilinçlendirilmek,şuurlandırılmak,anlam içi
bilinçlendiriş,şuurlandırış,anlam içi
bilinçlendirme,şuurlandırma,anlam içi
bilinçlendirme,şuurlaştırma,anlam içi
bilinçlendirmek,şuurlandırmak,anlam içi
bilinçlendirmek,şuurlaştırmak,anlam içi
bilinçlenebilme,şuurlanabilme,anlam içi
bilinçlenebilmek,şuurlanabilmek,anlam içi
bilinçleniş,şuurlanış,anlam içi
bilinçlenme,şuurlanma,anlam içi
bilinçlenmek,şuurlanmak,anlam içi
bilinçli,şuurlu,anlam içi
bilinçlilik,şuurluluk,anlam içi
bilinçsiz,şuursuz,anlam içi
bilinçsizce,şuursuzca,anlam içi
bilinçsizleşebilme,şuursuzlaşabilme,anlam içi
bilinçsizleşebilmek,şuursuzlaşabilmek,anlam içi
bilinçsizleşme,şuursuzlaşma,anlam içi
bilinçsizleşmek,şuursuzlaşmak,anlam içi
bilinçsizlik,şuursuzluk,anlam içi
bilinç kaybı,şuur kaybı,anlam içi
bilindik,bilinen,yönlendirme
bilinemezci,laedri,anlam içi
bilinemezcilik,laedriye,anlam içi
bilinen,malum,anlam içi
bilinmedik,bilinmeyen,yönlendirme
bilinmemezlik,bilinmezlik,yönlendirme
bilinmeyen,bilinmez,anlam içi
bilinmeyen,meçhul,anlam içi
bilirkişi,eksper,anlam içi
bilisizce,bilgisizce,yönlendirme
biliş,vukuf,anlam içi
biliş,tanıdık,yönlendirme
bilişim,enformatik,anlam içi
bilişim çağı,dijital çağ,anlam içi
bilişmek,muarefesi olmak,anlam içi
bilişsel,kognitif,anlam içi
billahi,vallahi,yönlendirme
billur,kristal,anlam içi
billur,koç yumurtası,yönlendirme
billurlaşabilme,kritalleşebilme,anlam içi
billurlaşabilmek,kritalleşebilmek,anlam içi
billurlaşma,billurlanma,anlam içi
billurlaşma,kristalleşme,anlam içi
billurlaşma,kristallenme,anlam içi
billurlaşma,tebellür,anlam içi
billurlaşmak,billurlanmak,anlam içi
billurlaşmak,kristalleşmek,anlam içi
billurlaşmak,kristallenmek,anlam içi
billurlaştırabilme,kristalleştirebilme,anlam içi
billurlaştırabilmek,kristalleştirebilmek,anlam içi
billurlaştırma,kristalleştirme,anlam içi
billurlaştırmak,kristalleştirmek,anlam içi
billurlu,kristalli,anlam içi
billursu,billurumsu,anlam içi
billursu,kristaloit,anlam içi
billursu,koloit karşıtı,anlam içi
billur cisim,göz merceği,yönlendirme
bilmece,muamma,anlam içi
bilmek,sanmak,yönlendirme
bilmesinlerci,karanlıkçı,anlam içi
bilmesinlerci,obskürantist,anlam içi
bilmesinlercilik,karanlıkçılık,anlam içi
bilmezleme,teçhil,anlam içi
bilmezlemek,teçhil etmek,anlam içi
bilmezlenmek,tecahül etmek,anlam içi
bilsat,bilgileşim,yönlendirme
bilye,misket,anlam içi
bilye,zıpzıp,anlam içi
bilyon,milyar,yönlendirme
bina,yapı,yönlendirme
bina,çatı,yönlendirme
binaenaleyh,bundan dolayı,yönlendirme
bindi,destek,yönlendirme
bindirim,zam,yönlendirme
bindirim,remiks,anlam içi
bindirimli,zamlı,yönlendirme
binnetice,sonuçta,yönlendirme
binyıl,milenyum,anlam içi
bin kere,bin kez,yönlendirme
bin türlü,bin çeşit,anlam içi
biperva,pervasız,yönlendirme
bipolar bozukluk,duygu durumu bozukluğu,yönlendirme
bir,yek,anlam içi
bir,yalnızca,yönlendirme
biraz,bir derece,anlam içi
birci,tekçi,yönlendirme
bircilik,tekçilik,yönlendirme
birçoğu,çokları,anlam içi
birçok,bir dolu,anlam içi
birçok,sürü sepet,anlam içi
birçok,müteaddit,anlam içi
birden,bir defada,yönlendirme
bireşim,sentez,yönlendirme
birey,fert,anlam içi
bireyci,individüalist,anlam içi
bireyci,ferdiyetçi,anlam içi
bireycilik,ferdiyetçilik,anlam içi
bireycilik,individüalizm,anlam içi
bireysel,ferdî,anlam içi
birey oluş,ontogenez,anlam içi
birey oluş,soy oluş karşıtı,anlam içi
biricik,bir tane,anlam içi
birikim,repertuvar,anlam içi
birikimcilik,tasarrufçuluk,anlam içi
birikme,teraküm,anlam içi
birikme,kümelenme,yönlendirme
birikmek,toplanmak,yönlendirme
birikme havzası,birikim alanı,yönlendirme
birim,ünite,anlam içi
birim,vahit,anlam içi
birinci,birinci mevki,yönlendirme
Birinci Çağ,Birinci Zaman,anlam içi
Birinci Çağ,paleozoik,anlam içi
birinci mevki,birinci sınıf,anlam içi
birinci zabit,ikinci kaptan,anlam içi
birleme,tevhit,anlam içi
birleşik,müttehit,anlam içi
birleşik ad,mürekkep isim: aslanağzı,anlam içi
birleşik ad,başşehir,anlam içi
birleşik ad,kaptıkaçtı,anlam içi
birleşik ad,bilgisayar,anlam içi
birleşik ad,duvar saati vb,anlam içi
birleşik cümle,birleşik tümce,anlam içi
birleşik cümle,mürekkep cümle,anlam içi
birleşik fiil,mürekkep fiil: reddetmek,anlam içi
birleşik fiil,tedavi etmek,anlam içi
birleşik fiil,namaz kılmak,anlam içi
birleşik fiil,naz eylemek,anlam içi
birleşik fiil,içivermek,anlam içi
birleşik fiil,öleyazmak,anlam içi
birleşik fiil,kokusu çıkmak,anlam içi
birleşik fiil,hoşa gitmek,anlam içi
birleşik fiil,etekleri zil çalmak vb,anlam içi
birleşik isim,birleşik ad,yönlendirme
birleşik kelime,ateşkes,anlam içi
birleşik kelime,külbastı vb,anlam içi
birleşik makam,mürekkep makam,anlam içi
birleşik zaman,birleşik çekim,yönlendirme
birleşim,inikat,anlam içi
birleşme,vasl,anlam içi
birleşmek,kaynaşmak,anlam içi
birleştirme,tevhit,anlam içi
birleştirme,kombinasyon,anlam içi
birlik,sarı lira,yönlendirme
birlikte,hep beraber,anlam içi
birlikte,beraberinde,anlam içi
birlikte,bile,anlam içi
birlikte,yanı sıra,anlam içi
birsam,sanrı,yönlendirme
bir an önce,bir an evvel,anlam içi
bir an önce,bir gün evvel,anlam içi
bir an önce,bir gün önce,anlam içi
bir an önce,bir ayak önce,anlam içi
bir an önce,bir ayak evvel,anlam içi
bir ara,bir aralık,anlam içi
bir başınalık,tek başınalık,yönlendirme
bir bir,birer birer,yönlendirme
bir defa,bir kere,yönlendirme
bir defa,aslında,yönlendirme
bir defada,bir tahtada,anlam içi
"bir deli kuyuya bir taş atar, kırk akıllı çıkaramazmış",yapılan iş,anlam içi
bir gözeli,bir hücreli,yönlendirme
bir hamlede,çabucak,yönlendirme
bir hayli,pek çok,yönlendirme
bir hoş,bir tuhaf,anlam içi
bir hücreli,tek hücreli,anlam içi
bir kere,aslında,yönlendirme
bir kere,bir defacık,anlam içi
bir kere,bir kerecik,anlam içi
bir kere,bir yol,anlam içi
bir kerelik,bir defalık,anlam içi
bir koşu,çabucak,yönlendirme
bir lahza,bir lahzacık,anlam içi
bir nefeste,bir solukta,anlam içi
bir nice,pek çok,yönlendirme
bir sürü,pek çok,yönlendirme
"bir tepe yıkılır, bir dere dolar",birinin kaybettiğini başkası kazanır,anlam içi
bir tuhaflık,bir hoşluk,yönlendirme
bir tutamlık,bir tutam,yönlendirme
bir vakitler,bir zamanlar,yönlendirme
bir yudumluk,bir yudum,yönlendirme
bir zaman,bir vakit,anlam içi
bir zamanlar,vaktiyle,anlam içi
bir zamanlar,bir keresinde,anlam içi
bir zamanlar,vaktizamanında,anlam içi
bisiklet,çiftteker,anlam içi
bisiklet,derrace,anlam içi
bisiklet,velespit,anlam içi
bisikletçi,çifttekerci,anlam içi
bisikletçilik,çifttekercilik,anlam içi
bisturi,neşter,yönlendirme
bişi,pişi,yönlendirme
bit,kehle,anlam içi
bit,ufaklık (Pediculus),anlam içi
bitap,bitkin,yönlendirme
bitaraf,tarafsız,yönlendirme
bitaraflık,tarafsızlık,yönlendirme
bitek,verimli,yönlendirme
bitevi,tekdüze,yönlendirme
biteviye,tekdüze,yönlendirme
biteviye,muttasıl,anlam içi
biteviyelik,tekdüzelik,yönlendirme
bitey,flora,yönlendirme
bitim,son,yönlendirme
bitimli,sonlu,yönlendirme
bitimsiz,sonsuz,yönlendirme
bitimsizleştirilme,sonsuzlaştırılma,yönlendirme
bitimsizleştirilmek,sonsuzlaştırılmak,yönlendirme
bitirilmek,tamamlanmak,anlam içi
bitirimci,kumarbaz,yönlendirme
bitirimhane,kumarhane,yönlendirme
bitirim yeri,kumarhane,yönlendirme
bitirme,sonuçlandırma,yönlendirme
bitirmek,tamamlamak,anlam içi
bitirmek,sonuçlandırmak,yönlendirme
bitiş,final,anlam içi
bitişik,muttasıl,anlam içi
bitişken,iltisaki,anlam içi
bitişken dil,iltisaki dil,anlam içi
bitişme,ittisal,anlam içi
bitki,nebat,anlam içi
bitkinleşmek,dermansızlaşmak,anlam içi
bitkinlik,bitaplık,anlam içi
bitkinlik,zafiyet,anlam içi
bitkisel,nebati,anlam içi
bitkisel yağ,nebati yağ,anlam içi
bitki bilimi,nebatat,anlam içi
bitki coğrafyası,fitocoğrafya,anlam içi
bitki coğrafyası,vejetasyon coğrafyası,anlam içi
bitki çayı,bitkisel çay,anlam içi
bitki örtüsü,vejetasyon,anlam içi
bitme,finiş,anlam içi
bitmek,tükenmek,yönlendirme
bitüm,yer sakızı,anlam içi
bityeniği,kurtyeniği,anlam içi
bivefa,vefasız,yönlendirme
bivefalık,vefasızlık,yönlendirme
biyofizik,biyolojik fizik,anlam içi
biyogaz,gübre gazı,yönlendirme
biyografi,öz geçmiş,yönlendirme
biyojeografi,biyoloji coğrafyası,anlam içi
biyonik,dirim kurgusal,anlam içi
biyotop,biyolojik ortam,yönlendirme
biz,tığ,anlam içi
biz,şip (Acipenser nudiventris),anlam içi
Bizans oyunu,alavere dalavere,yönlendirme
bizatihi,kendiliğinden,yönlendirme
bizzat,şahsen,yönlendirme
blastula,morula,anlam içi
blok,yapı adası,yönlendirme
bloklamak,blok yapmak,anlam içi
blok flüt,düz flüt,yönlendirme
blok inşaat,blok nizam,yönlendirme
blöf,kurusıkı,anlam içi
blucin,kot,yönlendirme
boa,boa yılanı,yönlendirme
boa yılanı,boa (Boa constrictor),anlam içi
bobin,makara,yönlendirme
boca,rüzgâraltı,anlam içi
boca,orsa veya rüzgârüstü karşıtı,anlam içi
Boğa,Boğa Burcu,yönlendirme
boğa,kele,anlam içi
boğanak,sağanak,yönlendirme
boğanak,bora,yönlendirme
boğan otu,kurtboğan,yönlendirme
boğaz,ümük,anlam içi
boğaz,kursak,anlam içi
boğaz,kısık,anlam içi
boğazlı,iştahlı,yönlendirme
boğazsız,iştahsız,yönlendirme
boğaz tokluğuna,karın tokluğuna,yönlendirme
boğa güreşi,korida,anlam içi
boğuk,boğunuk,anlam içi
boğuklaşmak,sağırlaşmak,anlam içi
boğumlanma noktası,çıkak,anlam içi
boğumlanma noktası,mahreç,anlam içi
boğunçlu,boğucu,yönlendirme
bohçacı,bohçacı kadın,anlam içi
bok,dışkı,yönlendirme
boks,yumruk oyunu,anlam içi
boksit,korindon,yönlendirme
boksör,yumruk oyuncusu,anlam içi
boksör,boksçu,anlam içi
bok böceği,pislik böceği (Geotrupes stercorarius),anlam içi
bol,mebzul,anlam içi
bol,dar karşıtı,anlam içi
bol,kıt karşıtı,anlam içi
bolalma,bollaşma,yönlendirme
bolalmak,bollaşmak,yönlendirme
bollaşmak,genişlemek,anlam içi
bolluk,yağmur,anlam içi
bolometre,ışınımölçer,yönlendirme
Bolşeviklik,Bolşevizm,anlam içi
bol bol,bol bolamat,anlam içi
bol bol,gani gani,anlam içi
bol bulamaç,pek çok,yönlendirme
bol paça,geniş paça,yönlendirme
bombalama,bombardıman,anlam içi
bombelenme,bombeleşme,anlam içi
bombelenmek,bombeleşmek,anlam içi
bombelenmek,bombe yapmak,anlam içi
bomboş,tamtakır,anlam içi
bonbon,bonbon şekeri,anlam içi
bonkörlük,cömertlik,yönlendirme
bono,emre muharrer senet,anlam içi
bor,borak,anlam içi
borazan,borazancı,yönlendirme
borazan kuşu,agami (Psophia crepitans),anlam içi
borç,takanak,anlam içi
borç,verecek,anlam içi
borçlanma,istikraz,anlam içi
borçlanmak,istikraz etmek,anlam içi
borçlu,verecekli,anlam içi
borçlu,medyun,anlam içi
borçlu,alacaklı karşıtı,anlam içi
bordomsu,bordomtırak,anlam içi
bordo pasaport,umumi pasaport,yönlendirme
bordro,maaş bordrosu,yönlendirme
bordür,kenar taşı,anlam içi
borsa aracılığı,borsa komisyonculuğu,anlam içi
borsa aracılığı,borsa simsarlığı,anlam içi
borsa aracısı,borsa komisyoncusu,anlam içi
borsa simsarı,borsa aracısı,yönlendirme
boru,borazan,yönlendirme
boru çiçeği,çan çiçeği,yönlendirme
boru çiçeği,tatula,yönlendirme
boru çiçeğigiller,çan çiçeğigiller,yönlendirme
boru hattı,boru yolu,anlam içi
bostan korkuluğu,korkuluk,anlam içi
boş,hali,anlam içi
boş,tehi,anlam içi
boş,tıngır,anlam içi
boş,dolu (II) karşıtı,anlam içi
boş,münhal,anlam içi
boşalma,inhilal,anlam içi
boşalma,deşarj,anlam içi
boşalmak,inhilal etmek,anlam içi
boşalmak,boşanmak,yönlendirme
boşalmak,deşarj olmak,anlam içi
boşaltaç,hava boşaltma makinesi,anlam içi
boşaltaç,boşluk tulumbası,anlam içi
boşaltı,boşaltım,yönlendirme
boşaltım,ifrağ,anlam içi
boşaltma,tahliye,anlam içi
boşaltmak,çıkarmak,anlam içi
boşaltmak,kusmak,yönlendirme
boşaltma borusu,tahliye borusu,anlam içi
boşaltma hortumu,tahliye hortumu,anlam içi
boşaltma kanalı,tahliye kanalı,anlam içi
boşaltma pompası,tahliye pompası,anlam içi
boşlama,ihmal,anlam içi
boşlamak,ihmal etmek,anlam içi
boşluk,uzay boşluğu,yönlendirme
boşuna,boş yere,anlam içi
boşuna,kuru kuruya,anlam içi
boşuna,nedensiz yere,anlam içi
boşuna,yararsız yere,anlam içi
boşuna,faydasız yere,anlam içi
boşuna,sebepsiz yere,anlam içi
boşuna,gereksiz,anlam içi
boşuna,beyhude yere,anlam içi
boşuna,nafile,anlam içi
boşuna,tevekkeli,anlam içi
boşunalık,nafilelik,anlam içi
boşu boşuna,boşuna,yönlendirme
botanik,bitki bilimi,yönlendirme
botanikçi,bitki bilimci,yönlendirme
botanik bahçesi,botanik parkı,anlam içi
botanik bahçesi,nebatat bahçesi,anlam içi
boy,kamet,anlam içi
boy,uzunluk,yönlendirme
boy,kabile,anlam içi
boy,klan,anlam içi
boyalı,makyajlı,yönlendirme
boyalı basın,renkli basın,anlam içi
boyama,pentür,anlam içi
boyana,boyna,yönlendirme
boyar,boyar madde,yönlendirme
boyar madde,pigment,anlam içi
boyasız,makyajsız,yönlendirme
boylam,tul,anlam içi
boylam,tul derecesi,anlam içi
boylam,meridyen,anlam içi
boylamasına,uzunlamasına,yönlendirme
boylu boslu,boylu poslu,yönlendirme
boylu boyunca,boylu boyuna,anlam içi
boylu boyunca,tamamen,yönlendirme
boylu poslu,kırnak,anlam içi
boynuna geçirmek,zimmetine geçirmek,anlam içi
boynuzlama,süsme,anlam içi
boynuzlamak,süsmek,anlam içi
boynuzlu,troleybüs,yönlendirme
boynuzsu,boynuzumsu,anlam içi
boynu bükük,boynu eğri,anlam içi
boyuna,uzunlamasına,yönlendirme
boyunca,süresince,yönlendirme
boyunduruk,lento,anlam içi
boyunduruk,esaret,anlam içi
boyun bağı,kravat,yönlendirme
boyun borcu,farz,anlam içi
boyun borcu,vecibe,anlam içi
boyut,buut,anlam içi
boyutlu,buutlu,anlam içi
boy abdesti,gusül,anlam içi
boy aynası,endam aynası,anlam içi
boy menteşe,piyano menteşe,anlam içi
boy otu,çemen otu,anlam içi
boy otu,poy (Trigonella foenum-graecum),anlam içi
boy otu,poy,anlam içi
boy pos,boy bos,anlam içi
boy pos,kesim,anlam içi
boy pos,endam,anlam içi
boz,kül rengi,yönlendirme
bozdurabilme,bozdurtmak,anlam içi
bozdurma,bozdurtma,anlam içi
bozdurmak,bozdurtmak,anlam içi
bozgun,bozgunluk,anlam içi
bozgun,yenilgi,anlam içi
bozgun,hezimet,anlam içi
bozkır,step,anlam içi
bozkır koyunu,Asya koyunu (Ovis vignei),anlam içi
bozkır tavuğu,bağırtlak,yönlendirme
bozma,tağyir,anlam içi
bozmak,nakzetmek,anlam içi
bozuk,muhtel,anlam içi
bozuk,bozuk para,yönlendirme
bozuk,şizoit,anlam içi
bozukluk,halel,anlam içi
bozukluk,kusur,anlam içi
bozukluk,özür,anlam içi
bozukluk,defo,anlam içi
bozukluk,fesat,anlam içi
bozukluk,illet,anlam içi
bozukluk,sakamet,anlam içi
bozukluk,sekte,anlam içi
bozukluk,bozuk para,yönlendirme
bozuk para,ufaklık,anlam içi
bozuk para,ufak para,anlam içi
bozulma,infisah,anlam içi
bozulma,zeval,anlam içi
bozulmak,ekşimek,anlam içi
bozum havası,utangaçlık,yönlendirme
bozunmak,dejenere olmak,anlam içi
boz yel,lodos,yönlendirme
böbür,kibir,yönlendirme
böbürlenme,böbürtü,anlam içi
böbürlenme,şişkinlik,anlam içi
böce,böcek,yönlendirme
böcek,haşere,anlam içi
böcek,böcü,anlam içi
böcek,dinleme cihazı,yönlendirme
böcek,gizli kamera,yönlendirme
böcekhane,böceklik,yönlendirme
böcekler,haşerat,anlam içi
böcek bilimci,entomolojist,anlam içi
böcek bilimci,entomolog,anlam içi
böcek bilimi,entomoloji,anlam içi
böcek kamera,gizli kamera,yönlendirme
böcü,kurt,yönlendirme
böğrülce,börülce,yönlendirme
böğür,yamaç,yönlendirme
böğürmek,öğürmek,anlam içi
böğürtlen,diken dutu,anlam içi
böğürtlen,it üzümü,anlam içi
böğürtlen,bük (II) (Rubus caesus),anlam içi
böke,şampiyon,yönlendirme
bökelik,şampiyonluk,yönlendirme
bölge,havza,anlam içi
bölge,mıntıka,anlam içi
bölge,zon,anlam içi
bölge,nahiye,anlam içi
bölgesel,mevzii,anlam içi
bölgesel,zonal,anlam içi
bölgesel anestezi,sınırlı uyuşturma,anlam içi
bölgesel anestezi,lokal anestezi,anlam içi
bölü,taksim,anlam içi
bölük pörçük,kırpık,anlam içi
bölüm,fasıl,anlam içi
bölüm,kısım,anlam içi
bölüm,departman,anlam içi
bölüm,seksiyon,anlam içi
bölüm,kürsü,anlam içi
bölümleme,sınıflama,anlam içi
bölümleme,tasnif,anlam içi
bölümleme,tasnifleme,anlam içi
bölümleme,klasman,anlam içi
bölümlemek,sınıflamak,anlam içi
bölümlemek,tasnif etmek,anlam içi
bölümlemek,tasniflemek,anlam içi
bölümlendiriliş,sınıflandırılış,anlam içi
bölümlendirilme,sınıflandırılma,anlam içi
bölümlendirilmek,sınıflandırılmak,anlam içi
bölümlendirme,sınıflandırma,anlam içi
bölümlendirmek,sınıflandırmak,anlam içi
bölümleniş,sınıflanış,anlam içi
bölümlenme,sınıflanma,anlam içi
bölümlenmek,sınıflanmak,anlam içi
bölüngü,hizip,yönlendirme
bölünmemezlik,bölünmezlik,yönlendirme
bölünmüş yol,duble yol,anlam içi
bölüntü,hizip,yönlendirme
bölüşebilme,paylaşabilme,yönlendirme
bölüşebilmek,paylaşabilmek,yönlendirme
bölüşme,paylaşma,yönlendirme
bölüşmek,paylaşmak,yönlendirme
bölüştürebilme,paylaştırabilme,yönlendirme
bölüştürebilmek,paylaştırabilmek,yönlendirme
bölüştürme,paylaştırma,yönlendirme
bölüştürmek,paylaştırmak,yönlendirme
bölüştürülebilme,paylaştırılabilme,yönlendirme
bölüştürülebilmek,paylaştırılabilmek,yönlendirme
bölüştürülme,paylaştırılma,yönlendirme
bölüştürülmek,paylaştırılmak,yönlendirme
bölüştürüverme,paylaştırıverme,yönlendirme
bölüştürüvermek,paylaştırıvermek,yönlendirme
bölüşülebilme,paylaşılabilme,yönlendirme
bölüşülebilmek,paylaşılabilmek,yönlendirme
bölüşüm,paylaşım,yönlendirme
bölüşüverme,paylaşıverme,yönlendirme
bölüşüvermek,paylaşıvermek,yönlendirme
bön,saf,yönlendirme
bönce,safça,yönlendirme
bönleşme,saflaşma,yönlendirme
bönleşmek,saflaşmak,yönlendirme
bönlük,saflık,yönlendirme
börkenek,külah,yönlendirme
börü,kurt,yönlendirme
börülce,böğrülce (Vigna sinensis),anlam içi
börülce,karnıkara,anlam içi
böyle,bu biçimde,anlam içi
böyle,bu türlü,anlam içi
böyle,bu kabîl,anlam içi
böyle,bu kabîlden,anlam içi
böyle,bu şekilde,anlam içi
böyle,bundan böyle,yönlendirme
böylece,bu biçimde,anlam içi
böylece,böylecene,anlam içi
böylece,bu şekilde,anlam içi
böylece,öyle öyle,anlam içi
böylece,böylelikle,anlam içi
Brahmanizm,Brahmanlık,yönlendirme
brakisefal,kısa kafalı,anlam içi
branda,branda bezi,anlam içi
branş,kol,yönlendirme
Brezilya at kenesi,at kenesi (Amblyomma cajennense),anlam içi
brifing,bilgilendirme,yönlendirme
bronz,tunç,yönlendirme
broş,yaka iğnesi,yönlendirme
broşür,kitapçık,yönlendirme
Brüksel lahanası,Frenk lahanası,yönlendirme
brülör,yakmaç,anlam içi
bucak,nahiye,anlam içi
budamak,dallamak,anlam içi
Budizm,Budistlik,yönlendirme
budun,kavim,yönlendirme
budun,ırk,yönlendirme
budun,millet,yönlendirme
budunsal,etnik,yönlendirme
budun betimci,etnograf,yönlendirme
budun betimi,etnografya,yönlendirme
budun bilimci,ırk bilimci,yönlendirme
budun bilimi,ırk bilimi,yönlendirme
budun bilimsel,ırk bilimsel,yönlendirme
buğdaysı,buğdayımsı,anlam içi
buğdaysı meyve,buğdaysı tane,anlam içi
buğdaysı meyve,buğdaysı tohum,anlam içi
buğday biti,ekin biti (Sitophilus granarius),anlam içi
buğra,buğur,anlam içi
buğuevi,tephirhane,anlam içi
buğulanma,puslanmak,anlam içi
buğulanmak,puslanmak,anlam içi
buharlaşma,tebahhur,anlam içi
buharlaşmak,tebahhur etmek,anlam içi
buharlı tren,buharlı lokomotif,yönlendirme
buhran,bunalım,yönlendirme
buhran,kriz,yönlendirme
buhranlı,bunalımlı,yönlendirme
buhur,tütsü,yönlendirme
buhurdan,buhurluk,yönlendirme
buhurluk,tütsülük,anlam içi
buhurumeryem,siklamen,yönlendirme
bukağı,köstek,yönlendirme
bukalemun,kaya keleri (Chamaeleo chamaeleon),anlam içi
buke,koku,yönlendirme
bula,yenge,yönlendirme
bulak,pınar,yönlendirme
bulandırmak,karıştırmak,yönlendirme
bulanık,bulutlu,anlam içi
bulanmak,karışmak,yönlendirme
bulaş,bulaşı,yönlendirme
bulaşı,kontaminasyon,anlam içi
bulaşıcı,geçici,anlam içi
bulaşıcı,sâri,anlam içi
bulaşık,kirli,yönlendirme
bulaşık,yapışkan,yönlendirme
bulaşlı,enfekte,anlam içi
bulaşma,sıvaşma,anlam içi
bulaşma,sıvışma,anlam içi
bulaşma,bulaşı,yönlendirme
bulaşmak,sıvaşmak,anlam içi
bulaşmak,sıvışmak,anlam içi
bulaşmak,sataşmak,yönlendirme
bulaştırma,bulatma,anlam içi
bulaştırma,sıvaştırma,anlam içi
bulaştırmak,bulatmak,anlam içi
bulaştırmak,sıvaştırmak,anlam içi
bulgursu,bulgurumsu,anlam içi
bulmak,keşfetmek,yönlendirme
bulucu,kâşif,yönlendirme
bulucu,icatçı,yönlendirme
bulucu,dedektör,yönlendirme
bulunmamazlık,bulunmazlık,yönlendirme
bulunma durumu,kalma durumu,anlam içi
bulunma durumu,lokatif: okulda,anlam içi
bulunma durumu,evde,anlam içi
bulunma durumu,sokakta,anlam içi
bulunma durumu,işte vb,anlam içi
buluş,icat,anlam içi
buluşma,telaki,anlam içi
bulutsu,nebülöz,anlam içi
bumbar,mumbar,yönlendirme
bun,sıkıntı,yönlendirme
bunak,matuh,anlam içi
bunalım,bunluk,anlam içi
bunalım,kriz,anlam içi
bunalım,ruhsal çöküntü,anlam içi
bunalım,depresyon,anlam içi
bunalım,çöküntü,yönlendirme
bunalımsız,buhransız,anlam içi
bunalma,darlanma,anlam içi
bunalma,boğuntu,anlam içi
bunalmak,boğulmak,anlam içi
bunalmak,darlanmak,anlam içi
bunaltma,bayma,anlam içi
bunaltma,darlama,anlam içi
bunaltmak,boğmak,anlam içi
bunaltmak,darlamak,anlam içi
bunaltmak,sıkılamak,anlam içi
bunamak,ateh getirmek,anlam içi
bundan böyle,artık,anlam içi
bundan dolayı,bu sebeple,anlam içi
bungun,sıkıntılı,yönlendirme
bunlu,sıkıntılı,yönlendirme
bununla birlikte,bununla beraber,anlam içi
bununla birlikte,hoş,anlam içi
bununla birlikte,mamafih,anlam içi
bura,burası,anlam içi
buram buram,türüm türüm,anlam içi
burç,ökse otu,yönlendirme
Burçlar Kuşağı,Zodyak,yönlendirme
burgaç,türbülans,anlam içi
burgu,tirbuşon,anlam içi
burgulu,sarımlı,anlam içi
burhan,kanıt,yönlendirme
burjuva,kent soylu,anlam içi
burjuvaca,burjuvacasına,anlam içi
burjuvazi,kent soyluluk,anlam içi
burma,sarığıburma,yönlendirme
burma,musluk,yönlendirme
burma,kuru incir,yönlendirme
bursiyerlik,bursluluk,yönlendirme
burslu,bursiyer,anlam içi
buru,sancı,yönlendirme
burulmak,sancımak,yönlendirme
burun,koku alma organı,anlam içi
burunduruk,yavaşa,anlam içi
burunlamak,dışlamak,yönlendirme
burunluk,burunsak,yönlendirme
burunsak,burunsalık,anlam içi
buruntu,sancı,yönlendirme
burun otu,enfiye,yönlendirme
buruşuk,potur,anlam içi
buse,öpücük,yönlendirme
buutsuz,boyutsuz,yönlendirme
buyruk,emir,yönlendirme
buyruk kulu,emir kulu,yönlendirme
buyrulma,emredilme,yönlendirme
buyrulmak,emredilmek,yönlendirme
buyurabilme,emredebilme,yönlendirme
buyurabilmek,emredebilmek,yönlendirme
buyurma,emretme,yönlendirme
buyurmak,emretmek,yönlendirme
buyurmak,söylemek,yönlendirme
buyurma kipi,emir kipi,yönlendirme
buyuru,emir,yönlendirme
buyuruş,emrediş,yönlendirme
buzdolabı,soğutucu,anlam içi
buzdolabı,frijider,anlam içi
buzlu cam,televizyon,yönlendirme
buzul,glasiye,anlam içi
buzul bilimci,glasyolog,anlam içi
buzul bilimci,glasyolojist,anlam içi
buzul bilimi,glasyoloji,anlam içi
buzul bilimsel,glasyolojist,anlam içi
Buzul Çağı,Buzul Dönemi,anlam içi
Buzul Çağı,pleistosen,anlam içi
buzul taş,moren,anlam içi
buz ışığı,buz serabı,anlam içi
buz sisi,buzlu duman,yönlendirme
buz yalağı,sirk,anlam içi
bu açıdan,bundan dolayı,yönlendirme
bu arada,bu meyanda,anlam içi
bu bakımdan,bundan dolayı,yönlendirme
bu haysiyetle,bundan dolayı,yönlendirme
bu yönden,bundan dolayı,yönlendirme
bu yüzden,bundan dolayı,yönlendirme
büğelek,büve,yönlendirme
büğet,gölet,yönlendirme
bühtan,iftira,yönlendirme
bük,büklük,anlam içi
bük,böğürtlen,yönlendirme
büklüm,kıvrım,yönlendirme
büklüm büklüm,kıvrım kıvrım,yönlendirme
bükülgen,bükümlü,yönlendirme
bükülmek,bükünmek,anlam içi
bükülmek,yönelmek,yönlendirme
büküm,kıvrım,yönlendirme
büküm,insiraf,anlam içi
bükümlü,insirafi,anlam içi
bülbül,hezar (Luscinia megarhynchos),anlam içi
bülten,dergi,yönlendirme
büluğ,ergenleşme,yönlendirme
büluğ çağı,ergenlik,yönlendirme
bünye,yapı,yönlendirme
bürgü,çarşaf,yönlendirme
büro,ofis,anlam içi
büro,yazıhane,anlam içi
büro,şube,yönlendirme
büro,sekreterlik,yönlendirme
büro,yazı masası,yönlendirme
bürokrasi,kırtasiyecilik,anlam içi
bürokrat,kırtasiyeci,anlam içi
bürokrat,şekilci,anlam içi
bürokrat,formalist,anlam içi
bürudet,soğukluk,yönlendirme
bürük,çarşaf,yönlendirme
bürümcek,bürümcük,yönlendirme
bürümek,kaplamak,yönlendirme
büryan,büryan kebabı,anlam içi
büsbütün,tamamen,yönlendirme
büsbütün,iyice,yönlendirme
bütün,tam,yönlendirme
bütün,kamu,anlam içi
bütün,bilcümle,anlam içi
bütün,bilumum,anlam içi
bütün,tamam,anlam içi
bütün,umum,anlam içi
bütün,tüm,anlam içi
bütün,yekpare,anlam içi
bütün,kül,anlam içi
bütüncül,totaliter,yönlendirme
bütüncül,holistik,anlam içi
bütüncüllük,totaliterlik,yönlendirme
bütüncüllük,kapsamlılık,yönlendirme
bütüncülük,holizm,anlam içi
bütüncü ekonomi,makroekonomi,anlam içi
bütünleme,tümleme,anlam içi
bütünleme,ikmal,anlam içi
bütünleme,bütünleme sınavı,yönlendirme
bütünlemek,tamamlamak,anlam içi
bütünlemek,tümlemek,anlam içi
bütünlemek,ikmal etmek,anlam içi
bütünlemeye kalmak,ikmale kalmak,anlam içi
bütünleme sınavı,bütünleme imtihanı,anlam içi
bütünleme sınavı,ikmal,anlam içi
bütünleme sınavı,ikmal imtihanı,anlam içi
bütünleniş,tümleniş,anlam içi
bütünlenme,tümlenme,anlam içi
bütünlenmek,tamamlanmak,anlam içi
bütünlenmek,ikmal edilmek,anlam içi
bütünlenmek,tümlenmek,anlam içi
bütünler,tümler,anlam içi
bütünler,mütemmim,anlam içi
bütünler açı,bütey,anlam içi
bütünleşme,entegrasyon,anlam içi
bütünleştirilme,tamlaştırılma,anlam içi
bütünleştirilmek,tamlaştırılmak,anlam içi
bütünleştirme,tamlaştırma,anlam içi
bütünleştirmek,tamlaştırmak,anlam içi
bütünleştirme eğitimi,kaynaştırma eğitimi,yönlendirme
bütünletme,tümletme,anlam içi
bütünletmek,tamamlatmak,anlam içi
bütünletmek,tümletmek,anlam içi
bütünleyen,bütünleyici,anlam içi
bütünleyen,tümleyici,anlam içi
bütünleyicilik,tümleyicilik,anlam içi
bütünlük,tümlük,anlam içi
bütünsel,total,anlam içi
bütünsellik,totallik,anlam içi
bütün bütün,tamamen,yönlendirme
bütün bütüne,tamamen,yönlendirme
bütün bütüne,iyice,yönlendirme
büve,dızdız (Hypoderma bovis),anlam içi
büvet,gölet,yönlendirme
büyü,füsun,anlam içi
büyü,sihir,anlam içi
büyücü,efsuncu,anlam içi
büyücülük,efsunculuk,anlam içi
büyük,makro,anlam içi
büyük,küçük karşıtı,anlam içi
büyük,muhteşem,anlam içi
büyük,dışkı,yönlendirme
büyükana,nine,yönlendirme
büyükanne,nine,yönlendirme
Büyükayı,Yedigir,anlam içi
büyükbaba,dede,yönlendirme
büyükbaş,kocabaş,anlam içi
büyükelçi,sefirikebir,anlam içi
büyüklenme,kibir,anlam içi
büyüklenmek,kasılmak,anlam içi
büyüklenmek,kibirlenmek,anlam içi
büyüklük,çap,anlam içi
büyüklük,şevket,anlam içi
büyüklük hastalığı,megalomani,anlam içi
büyükpeder,dede,yönlendirme
büyükseme,büyümseme,anlam içi
büyüksemek,büyümsemek,anlam içi
büyük abdest,dışkı,yönlendirme
büyük aile,geniş aile,yönlendirme
büyük defter,defterikebir,anlam içi
büyük fotoğraf,büyük resim,yönlendirme
büyük harf,majüskül,anlam içi
büyük kalori,kilokalori,anlam içi
büyük mağaza,süpermarket,anlam içi
büyük mağaza,grosmarket,anlam içi
büyük mevlit ayı,rebiyülevvel,yönlendirme
büyük önerme,majör,anlam içi
büyük sesli uyumu,büyük ünlü uyumu,yönlendirme
büyük ünlü uyumu,damak uyumu: çocuklaşmak,anlam içi
büyük ünlü uyumu,denizcilik vb,anlam içi
büyülenme,efsunlanma,anlam içi
büyülenme,sihirlenme,anlam içi
büyülenmek,efsunlanmak,anlam içi
büyülenmek,sihirlenmek,anlam içi
büyültme,büyütme,yönlendirme
büyültmek,büyütmek,yönlendirme
büyülü,efsunlu,anlam içi
büyülü,füsunlu,anlam içi
büyülü,sihirli,anlam içi
büyülü,füsunkâr,anlam içi
büyülü,sihirkâr,anlam içi
büyülülük,sihirlilik,anlam içi
büyüme,tahaccüm,anlam içi
büyümek,yaş almak,anlam içi
büyümek,genişlemek,yönlendirme
büyüsüz,sihirsiz,anlam içi
büyüsüzlük,sihirsizlik,anlam içi
büyüteç,pertavsız,anlam içi
büyütken doku,sürgen doku,yönlendirme
büyütmek,yetiştirmek,yönlendirme
büyütürlük,aşırılaştırma,yönlendirme
büz,künk,yönlendirme
büzmek,kısmak,yönlendirme
büzüktaş,kafadar,yönlendirme
büzüşmek,ilişmek,yönlendirme
büzüşmek,kasılmak,yönlendirme
büzüşük,kırışık,yönlendirme
Bâtıniye,Bâtınilik,yönlendirme
cabadan,fazladan,yönlendirme
cadde,ana yol,yönlendirme
cafcaf,gösteriş,yönlendirme
cafcaflı,gösterişli,yönlendirme
cağ,cağlık,anlam içi
cahil,bilgisiz,yönlendirme
cahilane,bilgisizce,yönlendirme
cahilce,bilgisizce,yönlendirme
cahilcesine,bilgisizce,yönlendirme
cahiliyet,bilgisizlik,yönlendirme
cahillik,bilgisizlik,yönlendirme
caka,gösteriş,yönlendirme
cakalı,gösterişli,yönlendirme
cakasız,gösterişsiz,yönlendirme
cam,sırça,anlam içi
cam,kadeh,yönlendirme
camcı,camevi,anlam içi
camcı macunu,cam macunu,yönlendirme
camekân,vitrin,yönlendirme
camekân,camlık,anlam içi
camekân,gözlük,yönlendirme
camekânlı kutu,televizyon,yönlendirme
camevi,cam yuvası,yönlendirme
camız,manda,yönlendirme
camit,cansız,yönlendirme
cam elyafı,cam lifi,anlam içi
cam yünü,cam elyafı,yönlendirme
can,can kuşu,anlam içi
can,ruh,anlam içi
can,kişi,yönlendirme
canavar,köpek balığı,yönlendirme
canavarca,canavarcasına,anlam içi
cana yakın,sıcakkanlı,yönlendirme
cana yakınlık,sıcakkanlılık,yönlendirme
canevi,kalpgâh,anlam içi
cangıl,cengel,yönlendirme
canı tez,aceleci,yönlendirme
cani,kıyacı,anlam içi
cani,kıyıcı,anlam içi
canice,canicesine,anlam içi
canice,caniyane,anlam içi
canilik,kıyıcılık,anlam içi
canip,taraf,yönlendirme
cankurtaran,ambulans,anlam içi
cankurtaran çanı,cankurtaran düdüğü,anlam içi
cankurtaran demiri,ocaklık demiri,yönlendirme
cankurtaran salı,can salı,anlam içi
cankurtaran simidi,can simidi,anlam içi
cankurtaran yeleği,can yeleği,anlam içi
canlandırıcı,animatör,anlam içi
canlandırıcılık,animatörlük,anlam içi
canlandırma,animasyon,anlam içi
canlandırma,kişileştirme,yönlendirme
canlanma,tecessüm,anlam içi
canlanmak,yenilenmek,anlam içi
canlı,diri,anlam içi
canlı,hareketli,anlam içi
canlı,zihayat,anlam içi
canlı,dinamik,anlam içi
canlı,ateş parçası,anlam içi
canlı,canlı yayın,yönlendirme
canlıcılık,animizm,anlam içi
canlılık,fer,anlam içi
canlı özdekçi,hilozoist,anlam içi
canlı özdekçilik,hilozoizm,anlam içi
canlı yayın,naklen yayın,anlam içi
canlı yayın aracı,naklen yayın aracı,anlam içi
cansızca,cansızcasına,anlam içi
can alıcı,Azrail,yönlendirme
can arkadaşı,can dostu,yönlendirme
can dostu,candaş,anlam içi
can feda,can kurban,anlam içi
can korkusu,ölüm korkusu,yönlendirme
can tahtası,göğüs kemiği,yönlendirme
car,zar,anlam içi
carcur,fermuar,yönlendirme
cariye,halayık,anlam içi
carta,yellenme,yönlendirme
cartadak,cartadan,anlam içi
casus,dil avcısı,anlam içi
casus,çaşıt,anlam içi
casusluk,çaşıtlık,anlam içi
casusluk,espiyonaj,anlam içi
casus kamera,gizli kamera,yönlendirme
casus yazılım,siber silah,anlam içi
cavlamak,ölmek,yönlendirme
cazcı,cazbantçı,anlam içi
cazgır,fitneci,yönlendirme
cazibe,çekicilik,yönlendirme
cazibe,çekim,yönlendirme
cazibedar,çekici,yönlendirme
cazibeleşme,çekicileşme,yönlendirme
cazibeleşmek,çekicileşmek,yönlendirme
cazibeleştirme,çekicileştirme,yönlendirme
cazibeleştirmek,çekicileştirmek,yönlendirme
cazibeli,çekici,yönlendirme
cazip,çekici,yönlendirme
cazipleşebilme,çekicileşebilme,yönlendirme
cazipleşebilmek,çekicileşebilmek,yönlendirme
cazipleşme,çekicileşme,yönlendirme
cazipleşmek,çekicileşmek,yönlendirme
cazipleştirebilme,çekicileştirebilme,yönlendirme
cazipleştirebilmek,çekicileştirebilmek,yönlendirme
cazipleştirilebilme,çekicileştirilebilme,yönlendirme
cazipleştirilebilmek,çekicileştirilebilmek,yönlendirme
cazipleştirilme,çekicileştirilme,yönlendirme
cazipleştirilmek,çekicileştirilmek,yönlendirme
cazipleştirme,çekicileştirme,yönlendirme
cazipleştirmek,çekicileştirmek,yönlendirme
caziplik,çekicilik,yönlendirme
cebe,zırh,yönlendirme
cebe,silah,yönlendirme
cebelleşme,cedelleşme,yönlendirme
cebelleşmek,cedelleşmek,yönlendirme
cebin,alın,yönlendirme
cebin,korkak,yönlendirme
cebir,zorlayış,yönlendirme
cebire,süyek,anlam içi
cebire,koaptör,anlam içi
cebirsel deyim,cebirsel formül,anlam içi
cebirsel deyim,cebirsel ifade,anlam içi
Cebrail,Ruhülkudüs,anlam içi
cebren,zorla,yönlendirme
cebretmek,zorlamak,yönlendirme
cebriye,yazgıcılık,yönlendirme
cebrî,zorlama,yönlendirme
Cedi,Oğlak Burcu,yönlendirme
cedit,yeni,yönlendirme
cedre,guatr,yönlendirme
cefakâr,cefakeş,yönlendirme
cehalet,bilgisizlik,yönlendirme
cehennem,tamu,anlam içi
cehennemlik,külhan,yönlendirme
cehil,bilgisizlik,yönlendirme
cehre,iğ,yönlendirme
ceht,çaba,yönlendirme
celadet,yiğitlik,yönlendirme
celal,ululuk,yönlendirme
celal,öfke,yönlendirme
celalli,coşkun,yönlendirme
celbe,avcı çantası,yönlendirme
celep,celepçi,anlam içi
celep,iç oğlanı,yönlendirme
celeplik,celepçilik,anlam içi
celi,celi yazı,yönlendirme
celp,çağrı belgesi,yönlendirme
celpname,çağrı belgesi,yönlendirme
celp kâğıdı,çağrı belgesi,yönlendirme
celse,oturum,yönlendirme
cem,çokluk,yönlendirme
cemaziyelahir,küçük tövbe ayı,anlam içi
cemaziyelevvel,büyük tövbe ayı,anlam içi
cemaziyelevvel,geçmiş,yönlendirme
cemetmek,toplamak,yönlendirme
cemi,bütün,yönlendirme
cemiyet,dernek,yönlendirme
cemiyet,yüksek sosyete,yönlendirme
cemiyet,toplum,yönlendirme
cenabet,cünüp,yönlendirme
cenabet,cünüplük,yönlendirme
Cenabıhak,Allah,yönlendirme
cenah,taraf,yönlendirme
cenah,kanat,yönlendirme
cenaze,cenaze töreni,yönlendirme
cenaze merasimi,cenaze töreni,yönlendirme
cendere,pres,yönlendirme
cengâver,savaşçı,yönlendirme
cengâverlik,savaşçılık,yönlendirme
cenin,fetüs,anlam içi
cenk,savaş,yönlendirme
cenkçi,savaşçı,yönlendirme
cenkçilik,savaşçılık,yönlendirme
cenkleşme,savaşma,yönlendirme
cenkleşmek,savaşmak,yönlendirme
cenkleşmek,tartışmak,yönlendirme
cennet,uçmak,anlam içi
cennet,behişt,anlam içi
cennetlik,cennetmekân,anlam içi
cenubi,güney,yönlendirme
Cenubi,Güney,yönlendirme
cenup,güney,yönlendirme
Cenup,Güney,yönlendirme
Cenuplu,Güneyli,yönlendirme
cep,cep telefonu,yönlendirme
cep,çökertme,anlam içi
cepçi,yankesici,yönlendirme
cepçilik,yankesicilik,yönlendirme
cephane,mühimmat,anlam içi
cephe,alnaç,anlam içi
cep telefonu,mobil telefon,anlam içi
cep telefonu,el telefonu,anlam içi
cerahat,irin,yönlendirme
cerahatli,irinli,yönlendirme
cerahatsiz,irinsiz,yönlendirme
ceren,ceylan,yönlendirme
cereyanlı,akımlı,yönlendirme
cerh,yaralama,yönlendirme
ceride,gazete,yönlendirme
ceride,kayıt defteri,yönlendirme
ceriha,yara,yönlendirme
cerrah,operatör,anlam içi
cerrahi,şirürji,anlam içi
cerrahi maske,tıbbi maske,anlam içi
cerrahi müdahale,ameliyat,yönlendirme
cesamet,büyüklük,yönlendirme
cesaret,cüret,anlam içi
cesaretlendirme,cüretlendirme,anlam içi
cesaretlendirme,teşci,anlam içi
cesaretlendirmek,cesaret vermek,anlam içi
cesaretlendirmek,cüretlendirmek,anlam içi
cesaretlenme,cüretlenme,anlam içi
cesaretlenmek,cüretlenmek,anlam içi
cesaretli,cesur,anlam içi
cesaretli,cüretli,anlam içi
cesaretli,cüretkâr,anlam içi
cesaretlice,cüretlice,anlam içi
cesaretlilik,cesurluk,anlam içi
cesaretlilik,cüretlilik,anlam içi
cesaretsiz,cüretsiz,anlam içi
cesaretsizce,cüretsizce,anlam içi
cesaretsizlik,cüretsizlik,anlam içi
ceset,naaş,anlam içi
cesim,büyük,yönlendirme
cesim,kocaman,yönlendirme
ceste ceste,parça parça,yönlendirme
cesurane,cesurca,yönlendirme
cet,ata,yönlendirme
cetvel,çizgilik,anlam içi
cetvel,çizelge,yönlendirme
cevahir,mücevher,anlam içi
cevahirci,kuyumcu,yönlendirme
cevap,yanıt,anlam içi
cevaplama,yanıtlama,anlam içi
cevaplamak,yanıtlamak,anlam içi
cevaplandırılma,yanıtlandırılma,anlam içi
cevaplandırılmak,yanıtlandırılmak,anlam içi
cevaplandırma,yanıtlandırma,anlam içi
cevaplandırmak,yanıtlandırmak,anlam içi
cevaplanış,yanıtlanış,anlam içi
cevaplayış,yanıtlayış,anlam içi
cevaplı,yanıtlı,anlam içi
cevapsız,yanıtsız,anlam içi
cevapsızlık,yanıtsızlık,anlam içi
cevap hakkı,yanıt hakkı,anlam içi
cevaz,izin,yönlendirme
cevelan,gezinme,yönlendirme
cevher,gevher,anlam içi
cevher,mücevher,yönlendirme
cevher,töz,yönlendirme
cevir,eziyet,yönlendirme
ceviz,koz,anlam içi
cevizli sucuk,ceviz sucuğu,yönlendirme
cevizî,ceviz yeşili,yönlendirme
cevvi,atmosferik,yönlendirme
Cevza,İkizler Burcu,yönlendirme
ceylan,gazal (Gazella dorcas),anlam içi
ceylan bakışlı,ahu bakışlı,yönlendirme
ceza,ukubet,anlam içi
cezaevi,delik,anlam içi
cezaevi,demir parmaklık,anlam içi
cezaevi,içeri,anlam içi
cezaevi,hapishane,anlam içi
cezaevi,kafes,anlam içi
cezaevi,mahpus,anlam içi
cezaevi,mahpushane,anlam içi
cezaevi,mapus,anlam içi
cezaevi,mehterhane,anlam içi
cezaevi,dam,anlam içi
cezaevi,kodes,anlam içi
cezaevi,mahbes,anlam içi
cezaevi,tekke,anlam içi
cezalandırma,tecziye,anlam içi
cezalandırmak,tecziye etmek,anlam içi
ceza alanı,ceza sahası,anlam içi
ceza alanı,penaltı alanı,anlam içi
ceza alanı,penaltı sahası,anlam içi
ceza alanı,onsekiz,anlam içi
ceza atışı,ceza vuruşu,anlam içi
ceza atışı,penaltı,yönlendirme
ceza vuruşu,penaltı,yönlendirme
cezir,"alçalma, met (I) karşıtı",yönlendirme
cezire,ada,yönlendirme
cezrî,köklü,yönlendirme
cıbıl,çıplak,yönlendirme
cıbıldak,çıplak,yönlendirme
cıcık,süs,yönlendirme
cılız,sıska,yönlendirme
cılız,ince,yönlendirme
cılızlaşmak,sıskalaşmak,yönlendirme
cılızlık,sıskalık,yönlendirme
cılk,cıvık,yönlendirme
cımbar,çımbar,yönlendirme
cımbar,filiz,yönlendirme
cımbarlama,çımbarlama,yönlendirme
cımbarlamak,çımbarlamak,yönlendirme
cıncık,züccaciye,yönlendirme
cıncık,bilye,yönlendirme
cıngıl,şıngıl,yönlendirme
cırcır,çırçır,yönlendirme
cırcır,cırcır böceği,yönlendirme
cırcır,fermuar,yönlendirme
cırcır böceği,cırlak,anlam içi
cırcır böceği,cırlayık,anlam içi
cırcır böceği,çırçır,anlam içi
cırcır böceği,ocak çekirgesi (Gryllus campestris),anlam içi
cırlak,cırtlak,yönlendirme
cırmalama,tırmalama,yönlendirme
cırmalamak,tırmalamak,yönlendirme
cırnaklama,tırmalama,yönlendirme
cırnaklamak,tırmalamak,yönlendirme
cırt,cırtcırt,yönlendirme
cır cır,kaynana zırıltısı,yönlendirme
cır cır,ishal,yönlendirme
cır cır,geveze,yönlendirme
cıvmak,sekmek,yönlendirme
cıvmak,çavmak,anlam içi
cıvmak,çıvmak,anlam içi
cıyaklamak,ciyaklamak,anlam içi
cıyaklatma,ciyaklatma,anlam içi
cıyaklatmak,ciyaklatmak,anlam içi
cıyak cıyak,ciyak ciyak,anlam içi
cızbız,cızbız köfte,yönlendirme
cızık,çizgi,yönlendirme
cızıktırma,çiziktirme,yönlendirme
cızıktırmak,çiziktirmek,yönlendirme
cızıldama,cızırdama,yönlendirme
cızıldamak,cızırdamak,yönlendirme
cızıltı,cızırtı,yönlendirme
cızıltılı,cızırtılı,yönlendirme
cızırdatma,cızıldatma,anlam içi
cızırdatmak,cızıldatmak,anlam içi
cızırtısız,cızıltısız,anlam içi
cızlam,savuşma,yönlendirme
cibilliyet,yaradılış,yönlendirme
cibilliyetsiz,soysuz,yönlendirme
cibilliyetsizlik,soysuzluk,yönlendirme
cicianne,üvey anne,yönlendirme
cicili bicili,şinanay,anlam içi
cidal,savaş,yönlendirme
cidalci,savaşçı,yönlendirme
cidar,zar,yönlendirme
cidar,kenar,yönlendirme
cidden,gerçekten,yönlendirme
ciddi,önemlice,anlam içi
ciddi,becit,anlam içi
ciddi,gerçek,yönlendirme
ciddilik,ciddiyet,anlam içi
ciddiyetsiz,laubali,yönlendirme
ciddiyetsizlik,laubalilik,yönlendirme
cife,leş,yönlendirme
cife,iğrenç,yönlendirme
ciğer,iç,yönlendirme
ciğerci,ciğer kebapçısı,yönlendirme
ciğer acısı,evlat acısı,yönlendirme
ciğer mantarı,biftek mantarı,yönlendirme
ciğer yarası,evlat acısı,yönlendirme
cihan,evren,yönlendirme
cihannüma,kule,anlam içi
cihanşümul,evrensel,yönlendirme
ciharıdü,dört iki,anlam içi
cihaz,aygıt,yönlendirme
cihaz,çeyiz,yönlendirme
cihet,yön,yönlendirme
cihetiyle,yönüyle,yönlendirme
cilalamak,cila vurmak,anlam içi
cilalı,mücella,anlam içi
cilbent,evrak çantası,yönlendirme
cildiye,dermatoloji,anlam içi
cildiyeci,dermatolog,anlam içi
cilt,ten,yönlendirme
cilt,kap,anlam içi
ciltçi,mücellit,anlam içi
ciltçi,ciltevi,yönlendirme
ciltçilik,mücellitlik,anlam içi
ciltevi,mücellithane,anlam içi
ciltli,kaplı,anlam içi
cilve,işve,anlam içi
cilve,tecelli,yönlendirme
cilvebaz,cilveli,yönlendirme
cilvekâr,cilveli,yönlendirme
cilvelenmek,fıkırdamak,anlam içi
cilveleşme,fıkırtı,anlam içi
cilveli,fettan,anlam içi
cilveli,işveli,anlam içi
cilveli,işvebaz,anlam içi
cilveli,cilve kutusu,anlam içi
cilveli,şivekâr,anlam içi
cilvelilik,işvelilik,anlam içi
cilvelilik,işvebazlık,anlam içi
cilvesiz,işvesiz,anlam içi
cilvesizlik,işvesizlik,anlam içi
cima,cinsel ilişki,yönlendirme
cimri,demirhindi,anlam içi
cimri,eli sıkı,anlam içi
cimri,ekti,anlam içi
cimri,hasis,anlam içi
cimri,kısmık,anlam içi
cimri,kibritçi,anlam içi
cimri,mıhsıçtı,anlam içi
cimri,nekes,anlam içi
cimri,pinti,anlam içi
cimri,varyemez,anlam içi
cimrileşme,pintileşme,anlam içi
cimrileşmek,pintileşmek,anlam içi
cimrilik,eli sıkılık,anlam içi
cimrilik,hasislik,anlam içi
cimrilik,hisset,anlam içi
cimrilik,imsak,anlam içi
cimrilik,mıhsıçtılık,anlam içi
cimrilik,nekeslik,anlam içi
cimrilik,pintilik,anlam içi
cimrilik,varyemezlik,anlam içi
cin,ardıç rakısı,anlam içi
cinaslı,ündeşli,anlam içi
cinaslı kafiye,cinaslı uyak,anlam içi
cinaslı kafiye,ündeşli uyak,anlam içi
cinaslı mâni,ündeşli mâni,anlam içi
cinayet,kıya,anlam içi
cinlenme,öfkelenme,yönlendirme
cinlenmek,öfkelenmek,yönlendirme
cinnet,delilik,yönlendirme
cins,tür,yönlendirme
cins,soy,yönlendirme
cinsaçı,küsküt otu,yönlendirme
cinsel,cinsî,anlam içi
cinsel,eşeysel,anlam içi
cinsel,tensel,anlam içi
cinsel,seksüel,anlam içi
cinsellik,eşeysellik,anlam içi
cinsellik,seksüellik,anlam içi
cinsel ilişki,cinsî münasebet,anlam içi
cinsel ilişki,cinsel münasebet,anlam içi
cinsiyet,eşey,anlam içi
cinsiyet,cinslik,anlam içi
cinsiyet,seks,anlam içi
cinslik,tuhaflık,yönlendirme
cinsliksiz,eşeysiz,yönlendirme
cinslik bilimi,cinsellik bilimi,yönlendirme
cins adı,cins ismi: kedi,anlam içi
cins adı,nehir,anlam içi
cins adı,düşünce,anlam içi
cins adı,annelik vb,anlam içi
cins cibilliyet,soy sop,yönlendirme
cins cins,türlü türlü,yönlendirme
cins ismi,cins adı,yönlendirme
cin biber,cin biberi,yönlendirme
cin biberi,süs biberi,anlam içi
cin darısı,cin mısırı,yönlendirme
cirim,hacim,yönlendirme
cirit,cirit oyunu,anlam içi
cirit,atlı cirit,anlam içi
ciro,iş hacmi,anlam içi
cisim,tanecik,yönlendirme
cisimcik,atom taneciği,anlam içi
cisimcik,atom altı parçacığı,anlam içi
cisimlenme,tecessüm,anlam içi
cisimlenmek,tecessüm etmek,anlam içi
cismanilik,maddilik,yönlendirme
civanperçemi,kandil çiçeği (Achillea millefolium),anlam içi
civar,yöre,yönlendirme
civciv,cücük,anlam içi
ciyaklama,cıyaklama,yönlendirme
cizye,kafa vergisi,anlam içi
coşku,çalkantı,anlam içi
coşku,galeyan,anlam içi
coşku,heyecan,anlam içi
coşkulu,coşkun,anlam içi
coşkulu,hararetli,anlam içi
coşkun,vectli,anlam içi
coşkunluk,cuşiş,anlam içi
coşkunluk,cuşuhuruş,anlam içi
coşma,galeyan,anlam içi
coşmak,çağlamak,anlam içi
coşmak,galeyan etmek,anlam içi
cozurdatma,cozurtma,anlam içi
cozurdatmak,cozurtmak,anlam içi
cömert,eli açık,anlam içi
cömert,selek,anlam içi
cömert,kerem,anlam içi
cömert,kerim,anlam içi
cömert,semih,anlam içi
cömert,bonkör,anlam içi
cömertlik,bonkörlük eli açıklık,anlam içi
cömertlik,seleklik,anlam içi
cömertlik,kerem,anlam içi
cömertlik,semahat,anlam içi
cömertlik,mürüvvet,anlam içi
cuma,cuma namazı,yönlendirme
cumba,çıkma,anlam içi
cumbadak,cuppadak,anlam içi
cumbalak,takla,yönlendirme
cumhur,halk,yönlendirme
cumhur,topluluk,yönlendirme
cumhurbaşkanı,reisicumhur,anlam içi
cumhurbaşkanı,cumhur reisi,anlam içi
cumhurbaşkanlığı,riyaseticumhur,anlam içi
cumhuriyet,cumhuriyet altını,yönlendirme
cumhuriyetçi,cumhuriyetperver,anlam içi
cumhuriyetperverlik,cumhuriyetçilik,yönlendirme
cumhuriyet altını,tam altın,anlam içi
Cumhuriyet Bayramı,ulusal bayram,anlam içi
Cumhuriyet Bayramı,millî bayram,anlam içi
cumhur cemaat,cümbür cemaat,yönlendirme
cümle,tümce,anlam içi
cümle,bütün,yönlendirme
cümle,herkes,yönlendirme
cümlecik,önerme,yönlendirme
cümlesi,hepsi,yönlendirme
cümleten,hep birden,yönlendirme
cümle bilgisi,söz dizimi,anlam içi
cümle bilgisi,tümce bilgisi,anlam içi
cümle bilgisi,nahiv,anlam içi
cümle bilgisi,sentaks,anlam içi
cümle âlem,herkes,yönlendirme
cümudiye,buzul,yönlendirme
cünun,delilik,yönlendirme
cüretkâr,cüretli,yönlendirme
cürmümeşhut,suçüstü,yönlendirme
cüruf,demir boku,anlam içi
cüruf,dışık,anlam içi
cürüm,suç,yönlendirme
cüz,fasikül,yönlendirme
cüzi,tikel,yönlendirme
cüzzam,miskin hastalığı,anlam içi
cüzzam,lepra,anlam içi
çaba,gayret,anlam içi
çabasız,cehtsiz,anlam içi
çabasızca,çabasızcasına,anlam içi
çabucacık,çabucak,yönlendirme
çabucak,aceleten,anlam içi
çabucak,anında,anlam içi
çabucak,bir anda,anlam içi
çabucak,bir çırpıda,anlam içi
çabucak,bir lahzada,anlam içi
çabucak,çabukça,anlam içi
çabucak,çarçabuk,anlam içi
çabucak,hemencek,anlam içi
çabucak,hızla,anlam içi
çabucak,hızlı,anlam içi
çabucak,hızlı hızlı,anlam içi
çabucak,hoppadak,anlam içi
çabucak,müstacelen,anlam içi
çabucak,serian,anlam içi
çabucak,süratle,anlam içi
çabucak,şipşak,anlam içi
çabucak,takkadak,anlam içi
çabucak,tez beri,anlam içi
çabucak,tezce,anlam içi
çabucak,tezelden,anlam içi
çabucak,vakit kaybetmeden,anlam içi
çabucak,yellim yelalim,anlam içi
çabuk,tez,anlam içi
çabuk,yavaş karşıtı,anlam içi
çabuklaşma,aceleleşme,anlam içi
çabuklaşmak,aceleleşmek,anlam içi
çabuklaştırma,tacil,anlam içi
çabuklaştırmak,tesri etmek,anlam içi
çabukluk,acelelik,anlam içi
çabukluk,hızlılık,anlam içi
çabukluk,ivinti,anlam içi
çabukluk,sürat,anlam içi
çaçaron,yandan çarklı,anlam içi
çağ,kurun,anlam içi
çağ,vakit,anlam içi
çağ,yaş,anlam içi
çağ,dönem,anlam içi
Çağatayca,Çağatay Türkçesi,yönlendirme
çağcıl,çağdaş,yönlendirme
çağcıl,modern,anlam içi
çağcıllaşma,çağdaşlaşma,yönlendirme
çağcıllaşmak,çağdaşlaşmak,yönlendirme
çağcıllaştırma,çağdaşlaştırma,yönlendirme
çağcıllaştırmak,çağdaşlaştırmak,yönlendirme
çağcıllık,çağdaşlık,yönlendirme
çağdaş,muasır,anlam içi
çağdaş,uygarca,anlam içi
çağdaş,modern,anlam içi
çağdaşlaşma,modernleşme,anlam içi
çağdaşlaşma,muasırlaşma,anlam içi
çağdaşlaşma,modernizasyon,anlam içi
çağdaşlaşmak,modernleşmek,anlam içi
çağdaşlaşmak,muasırlaşmak,anlam içi
çağdaşlaştırma,modernleştirme,anlam içi
çağdaşlaştırma,asrileştirme,anlam içi
çağdaşlaştırma,muasırlaştırma,anlam içi
çağdaşlaştırmak,modernleştirmek,anlam içi
çağdaşlaştırmak,asrileştirmek,anlam içi
çağdaşlaştırmak,muasırlaştırmak,anlam içi
çağdaşlık,modernlik,anlam içi
çağdaşlık,muasırlık,anlam içi
çağdaşlık,modernizm,anlam içi
çağırmak,davet etmek,anlam içi
çağırmak,seslemek,anlam içi
çağırtmaç,tellal,yönlendirme
çağlar,çağlayan,yönlendirme
çağrı,çağrı cihazı,yönlendirme
çağrıcı,mübaşir,yönlendirme
çağrılma,çığrılma,anlam içi
çağrılmak,çığrılmak,anlam içi
çağrışım,tedai,anlam içi
çağrışma,çığrışma,anlam içi
çağrışmak,çığrışmak,anlam içi
çağrı belgesi,çağrı kâğıdı,anlam içi
çağ dışı,köhne,anlam içi
çak,yırtık,yönlendirme
çakal,görgüsüz,yönlendirme
çakal eriği,yaban eriği,anlam içi
çakal eriği,dağ eriği (Prunus spinosa),anlam içi
çakar,çakar lamba,anlam içi
çakar,şimşekli fener,anlam içi
çaker,köle,yönlendirme
çakı,süline,yönlendirme
çakıl,çakıl taşı,yönlendirme
çakıl taşı,çakıl kayaç,anlam içi
çakım,kıvılcım,yönlendirme
çakım,şimşek,yönlendirme
çakın,kıvılcım,yönlendirme
çakın,şimşek,yönlendirme
çakır,çakırdoğan,yönlendirme
çakır,şarap,yönlendirme
çakırdiken,deveelması (Eryngium campestre),anlam içi
çakırdoğan,tuğrul (Accipiter gentilis),anlam içi
çakma,sahte,yönlendirme
çakmak,vurmak,yönlendirme
çakmaksız,kibrit,yönlendirme
çalçene,geveze,anlam içi
çalgı,çalgı aleti,anlam içi
çalgı,saz,anlam içi
çalgı,enstrüman,anlam içi
çalgıcı,kerizci,anlam içi
çalgıç,mızrap,yönlendirme
çalgıç,çalkı,anlam içi
çalgın,çalık,anlam içi
çalgı çağanak,çengüçağanak,anlam içi
çalgı orağı,tırpan,yönlendirme
çalık,çarpık,yönlendirme
çalık kavak,sepetçi kavağı,anlam içi
çalım,poz,anlam içi
çalım,zambır,anlam içi
çalım,menzil,yönlendirme
çalımlamak,kandırmak,yönlendirme
çalımlı,pozlu,anlam içi
çalımlı,zambırlı,anlam içi
çalımsız,pozsuz,anlam içi
çalışan,personel,anlam içi
çalışan,eleman,anlam içi
çalışkan,yüğrük,anlam içi
çalışkan,gayretkeş,anlam içi
çalışma gezisi,iş gezisi,yönlendirme
çalışma günü,iş günü,yönlendirme
çalışma ruhsatı,çalışma izni,yönlendirme
çalışma saati,iş saati,anlam içi
çalıştıran,işveren,yönlendirme
çalıştırıcı,koç,anlam içi
çalıştırıcılık,koçluk,anlam içi
çalı bülbülü,ötleğen,anlam içi
çalı bülbülü,bayır kuşu (Sylvia communis),anlam içi
çalı çırpı,çepel,anlam içi
çalı dikeni,karaçalı,yönlendirme
çalı fasulyesi,sırık fasulyesi,yönlendirme
çalkağı,çalkar,yönlendirme
çalkak,çalkar,yönlendirme
çalkalama,çalkama,anlam içi
çalkalamak,çalkamak,anlam içi
çalkalatma,çalkatma,anlam içi
çalkalatmak,çalkatmak,anlam içi
çalkı,tırpan,yönlendirme
çalmak,hırsızlamak,anlam içi
çalmak,kaldırmak,anlam içi
çalmak,tüydürmek,anlam içi
çalmak,uğrulamak,anlam içi
çalmak,çelmek,yönlendirme
çamaşırhane,çamaşırlık,yönlendirme
çamçak,çapçak,anlam içi
çamurlamak,kötülemek,yönlendirme
"çam ağacından ağıl olmaz, el çocuğundan oğul olmaz",yapacağı iş,anlam içi
çam bölmesi,çam yarması,yönlendirme
çan,kampana,anlam içi
çanak,göz çukuru,yönlendirme
çanaklık,vigla,yönlendirme
çangıl çungul,çangır çungur,yönlendirme
çan çiçeği,meryemanaeldiveni,anlam içi
çan çiçeği,boru çiçeği (Campanula medium),anlam içi
çap,kutur,anlam içi
çapa,çıpa,yönlendirme
çapaçul,pasaklı,yönlendirme
çapak,kıymık,yönlendirme
çapar,postacı,yönlendirme
çaparız,paçarız,anlam içi
çapkın,gönül avcısı,anlam içi
çapkın,hovarda,anlam içi
çaplamak,çapkımak,anlam içi
çaplı,yetenekli,yönlendirme
çapmak,koşturmak,yönlendirme
çapraşık,girift,yönlendirme
çaprazlama,çaprazlamasına,anlam içi
çaprazlama,kılıçlama,anlam içi
çaprazlama,kirişleme,anlam içi
çaprazlama,makaslama,anlam içi
çaprazlama,çaprazvari,anlam içi
çapraz kafiye,çapraz uyak,anlam içi
çapraz sorgulama,çapraz sorgu,yönlendirme
çapul,plaçka,anlam içi
çapul,yağma,yönlendirme
çapulcu,plaçkacı,anlam içi
çapulculuk,plaçkacılık,anlam içi
çaput,paçavra,anlam içi
çardak,kameriye,yönlendirme
çare,umar,anlam içi
çaresiz,umarsız,anlam içi
çaresiz,ister istemez,yönlendirme
çaresizce,umarsızca,anlam içi
çaresizce,umarsızcasına,anlam içi
çaresizcesine,çaresizce,yönlendirme
çaresizleşme,umarsızlaşma,anlam içi
çaresizleşmek,umarsızlaşmak,anlam içi
çaresizleştirme,umarsızlaştırma,anlam içi
çaresizleştirmek,umarsızlaştırmak,anlam içi
çaresizlik,umarsızlık,anlam içi
çarık,çene,yönlendirme
çarka,çarha,yönlendirme
çarkacı,çarhacı,yönlendirme
çarkçı,bileyici,anlam içi
çarkıfelek,saat çiçeği (Passiflora caerulea),anlam içi
çarliston,çarliston biber,anlam içi
çarnaçar,ister istemez,yönlendirme
çarpan,çoğaltan,anlam içi
çarpan balığı,trakunya (Trachinus draco),anlam içi
çarpıcı,sansasyonel,anlam içi
çarpıcılık,sansasyonellik,anlam içi
çarpıklık,eğrilik,anlam içi
çarpılan,madrup,anlam içi
çarpılmak,uğramak,yönlendirme
çarpım,kerrat,anlam içi
çarpım cetveli,çarpım tablosu,yönlendirme
çarpım tablosu,kerrat cetveli,anlam içi
çarpışma,müsademe,anlam içi
çarpışma,sadme,anlam içi
çarpışmak,vuruşmak,anlam içi
çarpmak,darbetmek,anlam içi
çarşaflamak,çarşafa dolanmak,anlam içi
çatallaşmak,tarazlanmak,anlam içi
çatallı,pürüzlü,yönlendirme
çatal kargı,çatal zıpkın,anlam içi
çatal yürek,çatal yürekli,yönlendirme
çatana,istimbot,anlam içi
çatapat,çatpat,anlam içi
çatı,sakaf,anlam içi
çatı,süslenmek (süs-le-n-),anlam içi
çatı,bakışmak (bak-ış-) vb,anlam içi
çatı,kurgu,anlam içi
çatık,çatkın,anlam içi
çatık çehre,asık surat,yönlendirme
çatık çehrelilik,asık suratlılık,yönlendirme
çatık surat,asık surat,yönlendirme
çatık suratlılık,asık suratlılık,yönlendirme
çatık yüz,asık surat,yönlendirme
çatık yüzlülük,asık suratlılık,yönlendirme
çatır çatır,çatır çutur,anlam içi
çatışık,çelişkili,yönlendirme
çatı arası,tavan arası,yönlendirme
çatkı,sehpa,yönlendirme
çatkı,kaşbastı,anlam içi
çatlak,çatlaklık,anlam içi
çatlak,yarık,anlam içi
çatlak,fissür,anlam içi
çatma,Yörük çadırı,yönlendirme
çat pat,çatır patır,anlam içi
çat pat,çatra patra,anlam içi
çat pat,yarım yamalak,yönlendirme
çav,ses,yönlendirme
çavalye,çavela,yönlendirme
çavlan,şelale,yönlendirme
çavuş kuşu,ibibik,anlam içi
çavuş kuşu,hüthüt (Upopa epops),anlam içi
çaycı,çayhaneci,yönlendirme
çaycı,çayevi,yönlendirme
çayevi,çayhane,anlam içi
çayırlamak,çayırlanmak,yönlendirme
çayırmelikesi,keçisakalı,yönlendirme
çayır kuşu,tarla kuşu,yönlendirme
çayır mantarı,içikızıl (Agaricus bisporus),anlam içi
çayır otu,fleol (Phleum pratense),anlam içi
çaykara,kaynak,anlam içi
çaykara,pınar,anlam içi
çay ocağı,kahve ocağı,anlam içi
çay ocağı,çay kazanı,yönlendirme
çay şekeri,küp şeker,yönlendirme
çeç,teç,anlam içi
çedik,terlik,yönlendirme
çehre,yüz,yönlendirme
çehre,görünüş,yönlendirme
çehre,kimlik,yönlendirme
çehreli,yüzlü,yönlendirme
çekberi,gelberi,yönlendirme
çekçek,çekpas,yönlendirme
çekecek,kerata,anlam içi
çekelez,sincap,yönlendirme
çekememek,kıskanmak,yönlendirme
çeki,tartı,yönlendirme
çekici,kişmiri,anlam içi
çekicilik,cazibelilik,anlam içi
çekicilik,cazibedarlık,anlam içi
çekicilik,gelgel,anlam içi
çekilme,istifa,yönlendirme
çekilme,ricat,anlam içi
çekilmek,istifa etmek,anlam içi
çekilmek,ricat etmek,anlam içi
çekilmek,tartılmak,yönlendirme
çekim,tasrif,anlam içi
çekim,traksiyon,anlam içi
çekim,plan,anlam içi
çekimci,yapımcı,yönlendirme
çekimci,kameraman,yönlendirme
çekimleme,adları durum,anlam içi
çekimleme,iyelik,anlam içi
çekimleme,çokluk kategorisine göre biçimlendirme,anlam içi
çekimli,cazibeli,anlam içi
çekimölçer,gravimetre,anlam içi
çekimsenmek,istinkâf etmek,anlam içi
çekimser,müstenkif,anlam içi
çekimsizlik,ağırlıksızlık,anlam içi
çekim eki,ev-e,anlam içi
çekim eki,ev-im,anlam içi
çekim eki,ev-ler,anlam içi
çekince,rezerv,anlam içi
çekince,ihtiraz,anlam içi
çekingen,çekinik,anlam içi
çekingen,ürkek,anlam içi
çekingen,muhteriz,anlam içi
çekinik,resesif,anlam içi
çekinme,ihtiraz,anlam içi
çekinme,imtina,anlam içi
çekinme,taharrüs,anlam içi
çekirdeksel,nükleer,yönlendirme
çekirdeksiz üzüm,yuvarlak çekirdeksiz,anlam içi
çekirge kuşu,sığırcık,yönlendirme
çekişme,muaraza,anlam içi
çekişme,mübareze,anlam içi
çekişmek,itişmek,anlam içi
çekme,çekmece,yönlendirme
çekmece,göz,anlam içi
çekmek,germek,yönlendirme
çekmeli vagon,füniküler,anlam içi
çekmenli,vantuzlu,yönlendirme
çektiri,çektirme,anlam içi
çekül,şakul,anlam içi
çekül,şavul,anlam içi
çek valf,çek vana,anlam içi
Çelebiler,Çelebiyan,yönlendirme
çelik,polat,anlam içi
çelim,güç,yönlendirme
çelişik,çelişkili,yönlendirme
çelişken,çelişkili,yönlendirme
çelişki,tenakuz,anlam içi
çelişki,paradoks,anlam içi
çelişkili,çelişmeli,anlam içi
çelişkili,mütenakız,anlam içi
çelişkisiz,çelişmesiz,anlam içi
çelişmemezlik,çelişmezlik,yönlendirme
çello,viyolonsel,yönlendirme
çeltikkargası,karaleylek,yönlendirme
çember,yemeni,yönlendirme
çemberlemek,kasnaklamak,yönlendirme
çembersi,çemberimsi,yönlendirme
çember yağı,gömlek yağı,yönlendirme
çençen,geveze,yönlendirme
çenebaz,çenesi kuvvetli,anlam içi
çenebaz,çeneli,anlam içi
çenesi düşük,geveze,yönlendirme
çene kavafı,geveze,yönlendirme
çengelli iğne,kancalı iğne,anlam içi
çengelli iğne,çatallı iğne,anlam içi
çengelsi,çengelimsi,anlam içi
çengel çeneliler,yapışık çeneliler,anlam içi
çengel iğnesi,çengelli iğne,yönlendirme
çengel sakızı,kenger sakızı,yönlendirme
çengi kolu,çengi takımı,anlam içi
çentik,kertik,anlam içi
çentik,tırtık,anlam içi
çentikleme,kertikleme,anlam içi
çentiklemek,kertiklemek,anlam içi
çentikli,kertikli,anlam içi
çentikli,tırtık tırtık,anlam içi
çentiksiz,kertiksiz,anlam içi
çentilme,kertilme,anlam içi
çentilmek,kertilmek,anlam içi
çentme,kertme,anlam içi
çentmek,kertmek,anlam içi
çepeçevre,çepçevre,anlam içi
çepel,pislik,yönlendirme
çeper,zar,yönlendirme
çerağ,çırağ,anlam içi
çerağ,ışık,yönlendirme
çerçi,kırkambar,anlam içi
çerge,otağ,yönlendirme
çermik,ılıca,yönlendirme
çer çöp,süprüntü,yönlendirme
çeşit,çeşitleme,anlam içi
çeşit,makule,anlam içi
çeşit,nevi,anlam içi
çeşitleme,varyasyon,anlam içi
çeşitli,muhtelif,anlam içi
çeşitli,mütenevvi,anlam içi
çeşitlilik,izge,anlam içi
çeşitlilik,renk,anlam içi
çeşitlilik,yelpaze,anlam içi
çeşitlilik,tenevvü,anlam içi
çeşitlilik,spektrum,anlam içi
çeşme,pınar,anlam içi
çeşni,tadımlık,yönlendirme
çetin,zorlu,anlam içi
çetince,çetin,yönlendirme
çetinlik,sertlik,anlam içi
çevgen,polo,yönlendirme
çevik,tetik,anlam içi
çevik,kırnak,anlam içi
çeviri,tercüme,anlam içi
çevirici,çevirmen,yönlendirme
çeviricilik,çevirmenlik,yönlendirme
çevirim senaryosu,çekim senaryosu,yönlendirme
çeviri yazı,transkripsiyon,anlam içi
çevirme,tedvir,anlam içi
çevirme,sarma,anlam içi
çevirme,muhasara,anlam içi
çevirmek,kuşatmak,yönlendirme
çevirmen,tercüman,anlam içi
çevirmen,mütercim,anlam içi
çevirmenlik,tercümanlık,anlam içi
çevirmenlik,mütercimlik,anlam içi
çevir sesi,sinyal,anlam içi
çevir sesi,çevir sinyali,anlam içi
çevre,etraf,anlam içi
çevre,periferi,anlam içi
çevre,muhit,anlam içi
çevre,ortalık,yönlendirme
çevre,yağlık,yönlendirme
çevrelemek,kuşatmak,yönlendirme
çevren,ufuk,yönlendirme
çevre kirliliği,çevresel kirlilik,anlam içi
çevri,tevil,anlam içi
çevri,girdap,yönlendirme
çevrilemek,tevil etmek,anlam içi
çevrim içi öğrenme,elektronik öğrenme,anlam içi
çevrim içi öğrenme,e-öğrenme,anlam içi
çevrinme,tavaf,anlam içi
çevrinmek,tavaf etmek,anlam içi
çevrinti,girdap,yönlendirme
çeyiz,çeyiz çemen,anlam içi
çeyrek,çeyrek altın,yönlendirme
çeyrek altın,çeyreklik,anlam içi
çeyrek daire,köşe yayı,yönlendirme
çıban,karayanık,anlam içi
çıdam,sabır,yönlendirme
çıdam,kudret,yönlendirme
Çıfıt,Yahudi,yönlendirme
Çıfıtlık,Yahudilik,yönlendirme
çığır,patika,yönlendirme
çığır,iz,yönlendirme
çığırmak,çağırmak,yönlendirme
çığırtkan,çağırtkan,anlam içi
çığırtma,çağırtma,yönlendirme
çığırtmak,çağırtmak,yönlendirme
çığlık,feryat,anlam içi
çığlık,vaveyla,anlam içi
çıkacak,çıkma,yönlendirme
çıkak,çıkıt,anlam içi
çıkak,mahreç,anlam içi
çıkar,menfaat,anlam içi
çıkar,yarar,anlam içi
çıkarcı,çıkarsever,anlam içi
çıkarcı,menfaatçi,anlam içi
çıkarcı,menfaat düşkünü,anlam içi
çıkarcı,menfaatperest,anlam içi
çıkarcı,menfaatperver,anlam içi
çıkarcı,menfaattar,anlam içi
çıkarcılık,çıkarseverlik,anlam içi
çıkarcılık,menfaatçilik,anlam içi
çıkarcılık,menfaatperestlik,anlam içi
çıkarcılık,menfaatperverlik,anlam içi
çıkarcılık,menfaat düşkünlüğü,anlam içi
çıkarım,istidlal,anlam içi
çıkarma,emisyon,anlam içi
çıkarma,tarh,anlam içi
çıkarmak,kusmak,yönlendirme
çıkarmak,yayımlamak,yönlendirme
çıkarmak,göstermek,yönlendirme
çıkarmak,tarh etmek,anlam içi
çıkarsama,istihraç,anlam içi
çıkı,çıkın,yönlendirme
çıkıntı,çıkma,anlam içi
çıkıntı,kambur,yönlendirme
çıkış,yokuş,yönlendirme
çıkış,çıkış belgesi,yönlendirme
çıkış,sorti,anlam içi
çıkış,çıktı,yönlendirme
çıkışlı,mezun,anlam içi
çıkış çizgisi,başlangıç çizgisi,anlam içi
çıkış yeri,çıkım,anlam içi
çıkış yolu,çözüm,yönlendirme
çıkma,hamiş,anlam içi
çıkmak,yükselmek,yönlendirme
çıkmamazlık,çıkmazlık,yönlendirme
çıkma durumu,ayrılma durumu,anlam içi
çıkma durumu,uzaklaşma durumu,anlam içi
çıkma durumu,ablatif: okul-dan (geldi),anlam içi
çıkma durumu,ev-den (çıktı),anlam içi
çıkma durumu,sokak-tan (geçti),anlam içi
çıkma durumu,iş-ten (ayrıldı) vb,anlam içi
çıldırasıya,çılgınca,yönlendirme
çılgınca,çılgıncasına,anlam içi
çın,gerçek,yönlendirme
çıngar,kavga,yönlendirme
çıngı,kıvılcım,yönlendirme
çıngıl,şıngıl,yönlendirme
çıngıl,cıngıl,anlam içi
çıngıl çıngıl,çingil çingil,anlam içi
çıngırak,çıngırdak,anlam içi
çıntar,kanlıca,yönlendirme
çıplak,üryan,anlam içi
çıplak,nü,anlam içi
çıplak,cılcıbık,anlam içi
çıplak,şallak,anlam içi
çıplak,yalıncak,anlam içi
çıplaklık,cıbıldaklık,anlam içi
çıplak resim,nü,anlam içi
çıplak ücret,çıplak maaş,anlam içi
çırak,şakirt,anlam içi
çırakma,şamdan,yönlendirme
çırakma,meşale,yönlendirme
çırakman,meşale,yönlendirme
çırçıplak,çırılçıplak,yönlendirme
çırçıplaklık,çırılçıplaklık,yönlendirme
çırılçıplak,anadan doğma,anlam içi
çırılçıplak,anadan üryan,anlam içi
çırpıcı,mikser,anlam içi
çırpınma,çarpınma,anlam içi
çırpınma,çırpıntı,anlam içi
çırpınma,ihtilaç,anlam içi
çırpınmak,çarpınmak,anlam içi
çırpınmak,ihtilaç etmek,anlam içi
çıtçıt,fermejüp,anlam içi
çıtı pıtı,çıtır pıtır,anlam içi
çıtlık,çitlembik,yönlendirme
çıtpıt,çatapat,anlam içi
çıvgın,şıvgın,yönlendirme
çıyan,hain,yönlendirme
çıyanlık,hainlik,anlam içi
çızıktırmak,çiziktirmek,yönlendirme
çiçeklik,vazo,yönlendirme
çiçekli bitkiler,tohumlu bitkiler,yönlendirme
çiçeksi,çiçeğimsi,anlam içi
çiçek boyası,kırmız,yönlendirme
çiçek dürbünü,kaleydoskop,yönlendirme
çiçek tacı,tüveyç,anlam içi
çiçek tozu,polen,anlam içi
çiftçi,fellah,anlam içi
çifte,tekme,anlam içi
çifteli,uğursuz,yönlendirme
çifte nağra,nakkare,yönlendirme
çiftlemek,ikilemek,anlam içi
çiftleşmek,eşleşmek,anlam içi
çiftleşmek,karılmak,anlam içi
çiftleşmek,karınmak,anlam içi
çiftlik yumurtası,ziraat yumurtası,anlam içi
çift dikiş,çifte dikiş,anlam içi
çift kanatlılar,iki kanatlılar,anlam içi
çift parmaklılar,çift tırnaklılar,anlam içi
çift vuruş,endirekt atış,anlam içi
Çigan,Çingene,yönlendirme
çiğde,hünnap,yönlendirme
çiğdem,mahmur çiçeği (Colchicum),anlam içi
çiğin,omuz,yönlendirme
çiğindirik,omuzluk,anlam içi
çiğit,çekirdek,yönlendirme
çiğnek,yol uğrağı,yönlendirme
çiğnem,çiğnemlik,yönlendirme
çiğnemik,çiğnek,anlam içi
çiğnemlik,çiğnek,anlam içi
çiğ börek,çi börek,yönlendirme
çil,dağ tavuğu (Tetrastes bonasia),anlam içi
çil,leke,yönlendirme
çile,sıkıntı,yönlendirme
çileğimsi,çileksi,yönlendirme
çileli,sıkıntılı,yönlendirme
çilenti,serpinti,yönlendirme
çimbali,klavsen,yönlendirme
çimdik,Tatar böreği,yönlendirme
çimmek,yıkanmak,yönlendirme
çimmek,yüzmek,yönlendirme
Çingen,Çingene,yönlendirme
Çingene,Kıpti,anlam içi
Çingene,Roman,anlam içi
çinko,tutya (simgesi Zn),anlam içi
çintemani,itayağı,anlam içi
Çin çamı,mabet ağacı,yönlendirme
Çin gülü,kamelya,yönlendirme
Çin leylağı,tespih ağacı,yönlendirme
çip,yonga,anlam içi
çipo,çıpa,yönlendirme
çipura,çupra,anlam içi
çipura,çupra balığı (Sparus aurata),anlam içi
çirkef,keriz,anlam içi
çirkin,bet,anlam içi
çirkin,bed,anlam içi
çirkin,güzel karşıtı,anlam içi
çirozluk,zayıflık,yönlendirme
çise,çisenti,yönlendirme
çiseleme,çiseme,anlam içi
çiselemek,çisemek,anlam içi
çit,çeper,anlam içi
çit,yemeni,yönlendirme
çiten,çeten,yönlendirme
çitlembik,menengiç,anlam içi
çitlembik,bıttım (Celtis australis),anlam içi
çitme,çitime,anlam içi
çitmek,çitilemek,anlam içi
çitmek,çitimek,anlam içi
çivi,mıh,anlam içi
çivici,mıhçı,anlam içi
çivicilik,mıhçılık,anlam içi
çividî,çivit rengi,yönlendirme
çivileme,mıhlama,anlam içi
çivilemek,mıhlamak,anlam içi
çivilenme,mıhlanma,anlam içi
çivilenmek,mıhlanmak,anlam içi
çivileyebilme,mıhlayabilme,anlam içi
çivileyebilmek,mıhlayabilmek,anlam içi
çivileyiverme,mıhlayıverme,anlam içi
çivileyivermek,mıhlayıvermek,anlam içi
çivili,mıhlı,anlam içi
çivisiz,mıhsız,anlam içi
çiy,şebnem,anlam içi
çiy,jale,anlam içi
çizge,grafik,yönlendirme
çizgi,çizi,anlam içi
çizgi,çizik,anlam içi
çizgi,hat,anlam içi
çizgi,tahrir,anlam içi
çizgili,tahrirli,anlam içi
çiziktirme,çızıktırma,anlam içi
çobanaldatan,keçisağan (Caprimulgus europaeus),anlam içi
çobançökerten,demir dikeni,yönlendirme
çobandağarcığı,kuşekmeği,yönlendirme
çobandüdüğü,meyhaneci otu (Asarum europaeum),anlam içi
çobaniğnesi,leylekgagası (Geranium),anlam içi
çobanlama,pastoral,yönlendirme
çobansüzgeci,yoğurt otu,yönlendirme
çobantuzluğu,sarıçalı,yönlendirme
çobanüzümü,yaban mersini,yönlendirme
çoban köpeği,çomar,anlam içi
çoban köpeği,karabaş,anlam içi
Çoban Yıldızı,Çolpan,anlam içi
Çoban Yıldızı,Çulpan,anlam içi
Çoban Yıldızı,Kervankıran,anlam içi
Çoban Yıldızı,Kervan Yıldızı,anlam içi
Çoban Yıldızı,Venüs,anlam içi
Çoban Yıldızı,Zühre,anlam içi
çocuk,yavru,anlam içi
çocuk,uşak,anlam içi
çocuk,velet,anlam içi
çocuk,evlat,anlam içi
çocuk,zürriyet,anlam içi
çocukçu,çocuk doktoru,yönlendirme
çocuk bezi,bebek bezi,anlam içi
çocuk bilimci,pedolog,anlam içi
çocuk bilimi,pedoloji,anlam içi
çocuk edebiyatı,çocuk yazını,anlam içi
çocuk yuvası,yuva,yönlendirme
çocuk yuvası,yetiştirme yurdu,yönlendirme
çoğalma,fazlalaşma,anlam içi
çoğalma,ziyadeleşme,anlam içi
çoğalma,tekessür,anlam içi
çoğalmak,fazlalaşmak,anlam içi
çoğalmak,yükselmek,anlam içi
çoğalmak,ziyadeleşmek,anlam içi
çoğaltıcı,müstensih,yönlendirme
çoğaltma,çoklaştırma,anlam içi
çoğaltma,teksir,anlam içi
çoğaltma,fazlalaştırma,anlam içi
çoğaltma,ziyadeleştirme,anlam içi
çoğaltma,reprodüksiyon,anlam içi
çoğaltmak,çoğullaştırmak,anlam içi
çoğaltmak,çoklaştırmak,anlam içi
çoğaltmak,fazlalaştırmak,anlam içi
çoğaltmak,ziyadeleştirmek,anlam içi
çoğaltmak,teksir etmek,anlam içi
çoğaltma makinesi,teksir makinesi,yönlendirme
çoğul,"çokluk, teklik karşıtı",yönlendirme
çoğulcu,plüralist,anlam içi
çoğulculuk,plüralizm,anlam içi
çoğul eki,çokluk eki,yönlendirme
çoğun,genellikle,yönlendirme
çoğunluk,çokluk,anlam içi
çoğunluk,azınlık karşıtı,anlam içi
çoğunlukla,genellikle,yönlendirme
çoğu kez,genellikle,yönlendirme
çok,hayli,anlam içi
çok,az karşıtı,anlam içi
çok,fena,anlam içi
çokça,fazlaca,anlam içi
çokçu,plüralist,anlam içi
çokçuluk,plüralizm,anlam içi
çokçuluk,tekçilik karşıtı,anlam içi
çokgen,poligon,anlam içi
çokluk,çoğul,anlam içi
çokluk,kesafet,anlam içi
çokluk,kesret,anlam içi
çokluk,teklik karşıtı,anlam içi
çokluk,cem: ağaçlar,anlam içi
çokluk,biz,anlam içi
çokluk,evimiz,anlam içi
çokluk,beş elma,anlam içi
çokluk,göreceksiniz vb,anlam içi
çoklukla,genellikle,yönlendirme
çoklu zekâ kuramı,çoklu zekâ teorisi,anlam içi
çoktan,çoktandır,anlam içi
çok eşli,poligam,anlam içi
çok eşlilik,poligami,anlam içi
çok gözeli,çok hücreli,yönlendirme
çok karılılık,polijini,anlam içi
çok sesli,polifonik,anlam içi
çok seslilik,polifoni,anlam içi
çok tanrıcı,pagan,anlam içi
çok tanrıcı,payen,anlam içi
çok tanrıcı,politeist,anlam içi
çok tanrıcılık,politeizm,anlam içi
çok tanrıcılık,paganizm,anlam içi
çok terimli,polinom,anlam içi
çok uluslu,çok milletli,anlam içi
çok ulusluluk,çok milletlilik,anlam içi
çok yönlü,çok taraflı,anlam içi
çok yönlülük,çok taraflılık,anlam içi
çoluk çocuk,oğlan uşak,anlam içi
çopur,işkembe suratlı,anlam içi
çor,hastalık,yönlendirme
çor,sığır vebası,yönlendirme
çorak,çöllük,anlam içi
çorak,hamhalat,anlam içi
çorlu,hastalıklı,yönlendirme
çotuk,tevek,yönlendirme
çöğdürmek,işemek,yönlendirme
çöğüncek,tahterevalli,yönlendirme
çökel,çökelti,yönlendirme
çökelek,kesik,anlam içi
çökelek,ekşimik,anlam içi
çökelek,torak,anlam içi
çökelek,çökelti,yönlendirme
çökelme,teressüp,anlam içi
çökelme,sedimantasyon,anlam içi
çökelmek,teressüp etmek,anlam içi
çökelti,tortu,anlam içi
çökelti,toput,anlam içi
çökelti,rüsup,anlam içi
çökme,çöküntü,anlam içi
çökme,obruma,anlam içi
çökmek,çukurlaşmak,anlam içi
çökmek,obrumak,anlam içi
çökmek,çömelmek,yönlendirme
çökmek,göçmek,anlam içi
çöküm,inhitat,anlam içi
çöküntü,enkaz,anlam içi
çöküntü,kriz,anlam içi
çöküş,yıkılma,yönlendirme
çöküş,dekadans,anlam içi
çöl,sahra,anlam içi
çömçe,çemçe,anlam içi
çömelme,çömme,anlam içi
çömelmek,çömmek,anlam içi
çöp,gübür,anlam içi
çöpçü,gübürcü,anlam içi
çöpçülük,gübürcülük,anlam içi
çöpleme,marulcuk (Helloborus),anlam içi
çöplük,çöp tenekesi,anlam içi
çöplük,küllük,anlam içi
çöplük,süprüntülük,anlam içi
çöplük,gübürlük,anlam içi
çöplük,mezbele,anlam içi
çöplük,mezbelelik,anlam içi
çöp kovası,çöp sepeti,yönlendirme
çöp vergisi,çevre temizlik vergisi,yönlendirme
çörek,gato,anlam içi
çörek,kurs,yönlendirme
çörek mantarı,fesleğen mantarı (Boletus edulis),anlam içi
çörek otu,karacaot (Nigella damascena),anlam içi
çöreotu,çörek otu,yönlendirme
çörkü,sayı boncuğu,yönlendirme
çöven,sabun otu,anlam içi
çöven,helvacı kökü (Saponaria officinalis),anlam içi
çöz,mumbar,yönlendirme
çözmek,halletmek,anlam içi
çözücü,dekoder,anlam içi
çözülmek,gevşemek,anlam içi
çözülüm,dağılım,anlam içi
çözülüm,bozgun,anlam içi
çözüm,hal,anlam içi
çözümleme,analizleme,anlam içi
çözümleme,tahlil,anlam içi
çözümlemek,tahlil etmek,anlam içi
çözümlemek,analizlemek,anlam içi
çözümlemek,analiz etmek,anlam içi
çözümlemeli,çözümsel,anlam içi
çözümlemeli,tahlilî,anlam içi
çözümlenmek,analiz edilmek,anlam içi
çözümlenmek,tahlil edilmek,anlam içi
çözümleyici,tahlilci,anlam içi
çözüm yolu,hal çaresi,anlam içi
çözünmek,dağılmak,anlam içi
çözünmek,erimek,anlam içi
çözünürlük,resolüsyon,anlam içi
çubukluk,çubuk odası,anlam içi
çubuk makarna,spagetti,anlam içi
çuha çiçeği,onbiraylık,anlam içi
çuha çiçeği,tutya,anlam içi
çukur,mezar,yönlendirme
çul,giysi,yönlendirme
çulluk,bekas (Scolopax rusticola),anlam içi
çulsuz,yoksul,yönlendirme
çupra balığı,çipura,yönlendirme
çurçur,önemsiz,yönlendirme
çurlatma,hızlandırma,yönlendirme
çurlatmak,hızlandırmak,yönlendirme
çuvaldız,kıyık,anlam içi
Çuvaşça,Çuvaş Türkçesi,yönlendirme
çük,erkeklik organı,yönlendirme
çükündür,pancar,yönlendirme
çünkü,zira,anlam içi
çürük,sakat,yönlendirme
çürükçül,saprofit,anlam içi
çürüme,ufunet,anlam içi
çürümek,ufunet,anlam içi
Dadacı,Dadaist,anlam içi
Dadacılık,Dadaizm,anlam içi
dadanmak,abone olmak,anlam içi
dadı,daye,anlam içi
dadı,taya,anlam içi
dadılık,tayalık,anlam içi
dağ,cebel,anlam içi
dağarcık,repertuvar,anlam içi
dağdağalı,gürültülü patırtılı,yönlendirme
dağdağasız,gürültüsüz patırtısız,yönlendirme
dağılım,paylaşım,yönlendirme
dağılma,infisah,anlam içi
dağılma,inhilal,anlam içi
dağılmak,fesholunmak,anlam içi
dağılmak,münfesih olmak,anlam içi
dağınık,alaz taraz,anlam içi
dağıtıcı,müvezzi,anlam içi
dağıtma,tefviz,anlam içi
dağıtma,tevzi,anlam içi
dağıtmak,tevzi etmek,anlam içi
dağıtmak,ulaştırmak,yönlendirme
dağıtmak,feshetmek,anlam içi
dağlama resim,yakma resim,anlam içi
dağlama resim,pirogravür,anlam içi
dağ adamı,dağdan inme,anlam içi
dağ anası,dağlar anası,anlam içi
dağ aslanı,puma,yönlendirme
dağ bayır,kır,yönlendirme
dağ bilimi,orografya,anlam içi
dağ çayı,ada çayı,yönlendirme
dağ çileği,yaban çileği,anlam içi
dağ eriği,çakal eriği,yönlendirme
dağ kavağı,titrek kavak,yönlendirme
dağ keçisi,elik,anlam içi
dağ keçisi,yağmurca (Rupicapra tragus),anlam içi
dağ kedisi,yaban kedisi,yönlendirme
dağ lalesi,anemon (Anemone vulgaris),anlam içi
dağ merası,dağ otlağı,anlam içi
dağ oluşu,orojeni,anlam içi
dağ reyhanı,anık,yönlendirme
dağ serçesi,ağaç serçesi (Passer montanus),anlam içi
dağ servisi,sedir,yönlendirme
dağ tavuğu,çil,yönlendirme
dah,deh,yönlendirme
daha,henüz,yönlendirme
daha bir,farklı,yönlendirme
dahi,da,yönlendirme
dahletmek,sataşmak,yönlendirme
daim,daima,yönlendirme
daimî,sürekli,yönlendirme
dair,üstüne,yönlendirme
daire,oda,anlam içi
daire,ofis,anlam içi
dairesel,dairevi,anlam içi
daire kesmesi,daire dilimi,anlam içi
daktilo,yazı makinesi,yönlendirme
daktilo,daktilograf,yönlendirme
daktilo makinesi,yazı makinesi,yönlendirme
dal,kol,yönlendirme
dal,şube,anlam içi
dal,omuz,yönlendirme
dalak otu,duvarsedefi (Teucrium chamaedrys),anlam içi
dalamak,haşlamak,anlam içi
dalamak,yemek,anlam içi
dalan,lobi,yönlendirme
dalancı,lobici,yönlendirme
dalancılık,lobicilik,yönlendirme
dalavere,kolpo,anlam içi
dalavereci,taklacı,anlam içi
dalavereci,kolpocu,anlam içi
dalaverecilik,taklacılık,anlam içi
dalaverecilik,kolpoculuk,anlam içi
daldırmak,dalmak,yönlendirme
daldırma sos,dip sos,yönlendirme
dalga,hareketlilik,yönlendirme
dalgalandırma,çalkandırma,anlam içi
dalgalandırmak,çalkandırmak,anlam içi
dalgalanma,temevvüç,anlam içi
dalgalanma,sansasyon,anlam içi
dalgalanmak,çalkalanmak,anlam içi
dalgalanmak,talazlanmak,anlam içi
dalgalanmak,yüzmek,anlam içi
dalgalı,açıklı koyulu,yönlendirme
dalgalı akım,alternatif akım,anlam içi
dalga boyu,dalga uzunluğu,anlam içi
dalga dalga,açıklı koyulu,yönlendirme
dalga genliği,genlik,anlam içi
dalgıç,kurbağa adam,anlam içi
dalgıçlık,balık adamlık,anlam içi
dalgır,hare,yönlendirme
dalgündüz,güpegündüz,yönlendirme
dalınç,istiğrak,anlam içi
dalınç,meditasyon,anlam içi
dalış,plonjon,anlam içi
dalkavuk,kaytak,anlam içi
dalkavuk,yağcı,anlam içi
dalkavuk,yalaka,anlam içi
dalkavuk,yağdanlık,anlam içi
dalkavuk,yalpak,anlam içi
dalkavuk,yaltak,anlam içi
dalkavuk,yaltakçı,anlam içi
dalkavuk,kemik yalayıcı,anlam içi
dalkavuk,çanak yalayıcı,anlam içi
dalkavuk,kılbaz,anlam içi
dalkavuk,huluskâr,anlam içi
dalkavuk,mütebasbıs,anlam içi
dalkavukça,yaltakça,anlam içi
dalkavukça,huluskârane,anlam içi
dalkavukluk,kemik yalayıcılık,anlam içi
dalkavukluk,çanak yalayıcılık,anlam içi
dalkavukluk,yağcılık,anlam içi
dalkavukluk,yalakalık,anlam içi
dalkavukluk,yalpaklık,anlam içi
dalkavukluk,yaltakçılık,anlam içi
dalkavukluk,yaltaklık,anlam içi
dalkavukluk,huluskârlık,anlam içi
dalkavukluk,tabasbus,anlam içi
dalkılıç,yalın kılıç,anlam içi
dalmak,uyumak,yönlendirme
dalöğle,dalöğlen,anlam içi
daltaban,serseri,yönlendirme
daltonizm,renk körlüğü,yönlendirme
dalya,yıldız çiçeği,yönlendirme
damak uyumu,büyük ünlü uyumu,yönlendirme
damalı,kareli,yönlendirme
damarı bozuk,damarsız,anlam içi
damarlı,huysuz,yönlendirme
damar aktarma,köprüleme,yönlendirme
damat,güvey,anlam içi
damat,güveyi,anlam içi
damat,eloğlu,anlam içi
damatlık,güveyilik,anlam içi
dambıl,el ağırlığı,anlam içi
damıtıcı,imbik,yönlendirme
damıtık,mukattar,anlam içi
damıtma,taktir,anlam içi
damıtmak,imbikten geçirmek,anlam içi
damıtmak,taktir etmek,anlam içi
damıtmak,damlatmak,anlam içi
damızlık,maya,yönlendirme
damla,katre,anlam içi
damla hastalığı,nikris,anlam içi
damla hastalığı,gut,anlam içi
damla kahve,süzme kahve,yönlendirme
damla taş,sarkıt,yönlendirme
danaburnu,kök kurdu (Gryllotalpa vulgaris),anlam içi
dane,kuş yemi,yönlendirme
danışık,muvazaa,anlam içi
danışıklı,muvazaalı,anlam içi
danışma,müşavere,anlam içi
danışma,istişare,anlam içi
danışma,meşveret,anlam içi
danışma,müracaat,anlam içi
danışma,enformasyon,anlam içi
danışmak,istişare etmek,anlam içi
danışmak,müracaat etmek,anlam içi
danışmak,meşveret etmek,anlam içi
danışman,müşavir,anlam içi
danışmanlık,müşavirlik,anlam içi
dans,raks,anlam içi
dansimetre,yoğunlukölçer,yönlendirme
dantel,tentene,anlam içi
dan dun,kuru gürültü,yönlendirme
dar,sıkı,anlam içi
dar,geniş ve bol karşıtı,anlam içi
dar,daraç,anlam içi
dar,ensiz,anlam içi
dar,mikro,anlam içi
dar,ölçülü,anlam içi
darağacı,idam sehpası,anlam içi
darağacı,yağlı ilmek,anlam içi
darağacı,yağlı ip,anlam içi
darağacı,yağlı urgan,anlam içi
daralma,darlaşma,anlam içi
daralmak,darlaşmak,anlam içi
daralmak,güçleşmek,yönlendirme
daralmak,sıkışmak,yönlendirme
daralmak,bunalmak,anlam içi
daraşlık,darlık,yönlendirme
dara dar,gücün,anlam içi
darı,akdarı (Panicum miliaceum),anlam içi
darı,mısır,yönlendirme
darılmak,kakımak,anlam içi
darı darına,dar darına,anlam içi
darlık,müzayaka,anlam içi
darmadağın,darmadağınık,anlam içi
darmadağın,tarumar,anlam içi
darmadağınlık,darmadağınıklık,anlam içi
darmadağınlık,tarumarlık,anlam içi
darmaduman,karmakarışık,yönlendirme
darmadumanlık,karmakarışıklık,yönlendirme
darp,vurma,yönlendirme
darp,çarpma,yönlendirme
darp,vuruş,yönlendirme
darülfünun,üniversite,yönlendirme
darüşşifa,hastane,yönlendirme
dar boğaz,kanyon,yönlendirme
dar görüşlü,kısa görüşlü,anlam içi
dar görüşlülük,kısa görüşlülük,anlam içi
dar vakit,dar zaman,yönlendirme
datif,yönelme durumu,yönlendirme
daüssıla,yurt özlemi,yönlendirme
dava,iddia,yönlendirme
dava,sorun,yönlendirme
dava,ülkü,yönlendirme
davacı,savlayıcı,anlam içi
davacı,müddei,anlam içi
davalı,mahkemeli,anlam içi
davalı,müddeaaleyh,anlam içi
davalı,müddeialeyh,anlam içi
davet,çağrı,yönlendirme
davet,çağırma,yönlendirme
davetçi,çağrıcı,anlam içi
davetiye,çağrılık,anlam içi
davetli,çağrılı,yönlendirme
davranış,tutum,anlam içi
davranış,davranım,anlam içi
davranış,muamele,anlam içi
davranış,hareket,anlam içi
davranış bilgisi,görgü kuralları,yönlendirme
davranış çizelgesi,davranış tablosu,anlam içi
davul,tabl,anlam içi
davulcu,baterici,yönlendirme
davulculuk,batericilik,yönlendirme
dayak,sopa,anlam içi
dayak,patak,anlam içi
dayak,kötek,anlam içi
dayak arsızı,tokat arsızı,anlam içi
dayamak,yaslamak,yönlendirme
dayanak,dayanç,anlam içi
dayanak,istinatgâh,anlam içi
dayanak,mesnet,anlam içi
dayanak,dayanak noktası,anlam içi
dayanç,sabır,yönlendirme
dayandırmak,istinat ettirmek,anlam içi
dayanıklı,pek canlı,anlam içi
dayanıklı,metîn,anlam içi
dayanıklı,mukavemetli,anlam içi
dayanıklı,mukavim,anlam içi
dayanıklı,stabil,anlam içi
dayanıklı,metanetli mütehammil,anlam içi
dayanıklılık,dayanıklık,anlam içi
dayanıklılık,dayantı,anlam içi
dayanıklılık,metînlik,anlam içi
dayanıklılık,metanetlilik,anlam içi
dayanıksız,ömürsüz,anlam içi
dayanıksız,metanetsiz,anlam içi
dayanıksız,mukavemetsiz,anlam içi
dayanıksızlık,metanetsizlik,anlam içi
dayanılmaz,tahammülfersa,anlam içi
dayanım ömrü,dayanma ömrü,yönlendirme
dayanışık,mütesanit,anlam içi
dayanışma,tesanüt,anlam içi
dayanışmacı,solidarist,anlam içi
dayanışmacılık,solidarizm,anlam içi
dayanışmak,mütesanit olmak,anlam içi
dayanma,irtifak,anlam içi
dayanma,istinat,anlam içi
dayanma,metanet,anlam içi
dayanmak,gitmek,anlam içi
dayanmak,istinat etmek,anlam içi
dayanmak,mukavemet etmek,anlam içi
dayanmak,sabretmek,anlam içi
dayanmak,tahammül etmek,anlam içi
dayatışma,inatlaşma,yönlendirme
dayatışmak,inatlaşmak,yönlendirme
dayatmak,empoze etmek,anlam içi
dayı,kayırıcı,yönlendirme
dayı,kabadayı,yönlendirme
dayılık,kayırıcılık,yönlendirme
dayılık,kabadayılık,yönlendirme
dayızade,dayı oğlu,yönlendirme
daylak,çıplak,yönlendirme
daz,dazlak,yönlendirme
debagat,sepicilik,yönlendirme
debbağ,sepici,yönlendirme
debbe,güğüm,yönlendirme
debdebe,görkem,yönlendirme
debdebeli,görkemli,yönlendirme
debdebesiz,görkemsiz,yönlendirme
debriyaj,debriyaj pedalı,anlam içi
dedebörkü,turnabacağı,yönlendirme
dedektif,hafiye,anlam içi
dedektif,polis hafiyesi,anlam içi
dedektör,algıç,anlam içi
dedekülahı,turnabacağı,yönlendirme
dedelik,büyükbabalık,anlam içi
dedikodu,kov,anlam içi
dedikodu,gıybet,anlam içi
dedikodu,kılükal,anlam içi
dedikodu,laf,anlam içi
dedikoducu,kovcu,anlam içi
dedikoducu,gıybetçi,anlam içi
dedikoducu,lakırtıcı,anlam içi
dedikoduculuk,kovculuk,anlam içi
dedikoduculuk,gıybetçilik,anlam içi
dedikoduculuk,dilleklik,anlam içi
dedüksiyon,tümdengelim,yönlendirme
def,savma,yönlendirme
defa,kez,yönlendirme
defalarca,defaatle,anlam içi
defans,savunma,yönlendirme
defansif,savunmalı,yönlendirme
defaten,bir defada,yönlendirme
defetme,kovma,yönlendirme
defetme,savma,yönlendirme
defetme,savuşturma,yönlendirme
defetmek,kovmak,yönlendirme
defetmek,savmak,yönlendirme
defetmek,savuşturmak,yönlendirme
defile,giyim gösterisi,anlam içi
define,gömü,anlam içi
defineci,define avcısı,anlam içi
deflasyon,para kısıtlaması,yönlendirme
defleme,kovma,yönlendirme
defleme,savma,yönlendirme
deflemek,kovmak,yönlendirme
deflemek,savmak,yönlendirme
defleyiş,savış,yönlendirme
defne,develik (II) (Laurus nobilis),anlam içi
defolu,özürlü,anlam içi
degajman,degaj,yönlendirme
değer,fehamet,anlam içi
değer,kadir,anlam içi
değer,kıymet,anlam içi
değer,paha,anlam içi
değer,valör,anlam içi
değerbilir,kadirbilir,anlam içi
değerbilir,kadirşinas,anlam içi
değerbilir,nimetşinas,anlam içi
değerbilirlik,kadirbilirlik,anlam içi
değerbilirlik,kadirşinaslık,anlam içi
değerbilirlik,nimetşinaslık,anlam içi
değerbilmez,kadirbilmez,anlam içi
değerbilmezlik,kadirbilmezlik,anlam içi
değerleme,valüasyon,anlam içi
değerlendirilme,kıymetlendirilme,anlam içi
değerlendirilmek,kıymetlendirilmek,anlam içi
değerlendirme,kıymetlendirme,anlam içi
değerlendirmek,kıymetlendirmek,anlam içi
değerlenme,kıymetlenme,anlam içi
değerlenmek,kıymetlenmek,anlam içi
değerli,kıymetli,anlam içi
değerli,kıymettar,anlam içi
değerli,muteber,anlam içi
değerli,zikıymet,anlam içi
değerlilik,kıymetlilik,anlam içi
değerlilik,kıymettarlık,anlam içi
değersiz,kıymetsiz,anlam içi
değersiz,müptezel,yönlendirme
değersizlik,değer düşümü,anlam içi
değersizlik,kıymetsizlik,anlam içi
değgin,ilişkin,yönlendirme
değgin,ilgili,yönlendirme
değim,liyakat,yönlendirme
değimli,liyakatli,yönlendirme
değimsiz,liyakatsiz,yönlendirme
değin,dek,yönlendirme
değin,sincap,yönlendirme
değini,değinme,yönlendirme
değinmek,temas etmek,anlam içi
değirmenci,kırmacı,anlam içi
değirmi,yemeni,yönlendirme
değirmilik,yuvarlaklık,anlam içi
değiş,değişim,yönlendirme
değişik,muaddel,anlam içi
değişik,farklı,yönlendirme
değişiklik,başkalık,anlam içi
değişiklik,farklılık,yönlendirme
değişiklik,tadil,anlam içi
değişiklik önergesi,değişiklik teklifi,anlam içi
değişim,değişme,anlam içi
değişim,değiş tokuş,anlam içi
değişim,sayışma,anlam içi
değişim,takas,anlam içi
değişim,mübadele,anlam içi
değişim,trampa,anlam içi
değişim,trok,anlam içi
değişim,varyasyon,anlam içi
değişinim,mutasyon,yönlendirme
değişinimci,mutasyonist,anlam içi
değişinimcilik,mutasyonizm,anlam içi
değişke,varyant,anlam içi
değişke,modifikasyon,anlam içi
değişken,mütehavvil,anlam içi
değişken,parametre,anlam içi
değişkenlik,varyasyon,anlam içi
değişkin,muaddel,anlam içi
değişmek,tahavvül etmek,anlam içi
değişmek,mübadele etmek,anlam içi
değişmek,değiştirmek,yönlendirme
değişmemezlik,değişmezlik,yönlendirme
değiştirge,tadil teklifi,anlam içi
değiştirgeç,röle,yönlendirme
değiştirme,tebdil,anlam içi
değiştirmek,takas etmek,anlam içi
değme,herhangi bir,yönlendirme
değme,seçkin,yönlendirme
değmek,rast gelmek,anlam içi
değmek,isabet etmek,anlam içi
değnek,çevgen,anlam içi
değnekçi,kâhya,anlam içi
dehlemek,kovmak,yönlendirme
dejenerasyon,bozunum,yönlendirme
dejenere,soysuz,yönlendirme
dejenere,yoz,yönlendirme
dejenereleşme,soysuzlaşma,yönlendirme
dejenereleşme,yozlaşma,yönlendirme
dejenereleşmek,soysuzlaşmak,yönlendirme
dejenereleşmek,yozlaşmak,yönlendirme
dejenerelik,soysuzluk,yönlendirme
dejenerelik,yozluk,yönlendirme
dek,kadar,anlam içi
dek,entrika,yönlendirme
Dekartçı,Kartezyen,anlam içi
Dekartçılık,Kartezyenizm,anlam içi
deklarasyon,mal bildirimi,yönlendirme
dekolte,açık giyim,yönlendirme
dekolte,açık giyimli,yönlendirme
dekont,hesap belgesi,yönlendirme
dekor,manzara,yönlendirme
dekoratif,süsleyici,anlam içi
dekoratif,göstermelik,yönlendirme
dekoratör,iç mimar,yönlendirme
dekoratörlük,iç mimarlık,yönlendirme
dekstroz,nişasta şekeri,yönlendirme
delalet,kılavuzluk,yönlendirme
delalet,işaret,yönlendirme
delecek,delgeç,yönlendirme
delege,murahhas,anlam içi
delege,katılımcı,yönlendirme
delegelik,murahhaslık,anlam içi
delepmek,parlamak,yönlendirme
delep delep,parıl parıl,yönlendirme
delgeç,zımba,anlam içi
delgi,matkap,yönlendirme
deli,çatlak,anlam içi
deliboynuz,erguvan,yönlendirme
delice,delimsirek,anlam içi
delicesine,delice,anlam içi
delik,perforje,anlam içi
delikli,kevgir,yönlendirme
delil,kanıt,yönlendirme
delilik,çatlaklık,anlam içi
delirmek,dellenmek,anlam içi
delirmek,kaçırmak,anlam içi
delişmen,hoppa,yönlendirme
delişmenlik,hoppalık,yönlendirme
deli dolu,uçuk,anlam içi
deli dolu,uçuk kaçık,anlam içi
deli doluluk,uçuk kaçıklık,anlam içi
deli güllabicisi,güllabi,yönlendirme
deli otu,kuduz otu (Alyssum),anlam içi
delk,ovuşturma,yönlendirme
delk,sürtünme,yönlendirme
delme,yelek,yönlendirme
delta,çatal ağız,anlam içi
dem,soluk,yönlendirme
dem,içki,yönlendirme
dem,kan,yönlendirme
demagog,laf cambazı,yönlendirme
demagogluk,laf cambazlığı,yönlendirme
demagoji,laf cambazlığı,yönlendirme
deme,eyitme,anlam içi
demeç vermek,beyanat vermek,anlam içi
demek,eyitmek,anlam içi
demek,erişmek,yönlendirme
demevi,kanlı,yönlendirme
demin,demincek,anlam içi
demin,deminden,anlam içi
demir,çıpa,yönlendirme
demircik,dişbudak,yönlendirme
demirhindi,demirhindi şerbeti,yönlendirme
demirkapan,mıknatıs,yönlendirme
Demirkazık,Kutup Yıldızı,yönlendirme
demirsi,demirimsi,anlam içi
demirî,kül rengi,yönlendirme
demir dikeni,çobançökerten (Tribulus terrestris),anlam içi
demir hat,demir yolu,yönlendirme
demir korkuluk,demir parmaklık,anlam içi
demir yolu,şimendifer,anlam içi
demleme,demlendirme,anlam içi
demlemek,demlendirmek,anlam içi
demo,tanıtım ürünü,yönlendirme
demo,tanıtım sunumu,yönlendirme
demograf,nüfus bilimci,yönlendirme
demografi,nüfus bilimi,yönlendirme
demografik,nüfus bilimsel,yönlendirme
demokrasi,el erki,anlam içi
demokrasi,demokratlık,anlam içi
demonstrasyon,tanıtım sunumu,yönlendirme
demoralizasyon,moral çöküntüsü,yönlendirme
denden,denden işareti,yönlendirme
denden işareti,denden (“),anlam içi
dendroloji,ağaç bilimi,yönlendirme
dendrolojik,ağaç bilimsel,yönlendirme
denek taşı,mihenk taşı,yönlendirme
deneme,sınama,yönlendirme
denemek,tecrübe etmek,anlam içi
denemek,teşebbüs etmek,anlam içi
deneme imtihanı,deneme sınavı,yönlendirme
denetçi,kontrolcü,anlam içi
denetçi,murakıp,anlam içi
denetçi,kontrolör,anlam içi
denetçilik,kontrolcülük,anlam içi
denetçilik,murakıplık,anlam içi
denetçilik,kontrolörlük,anlam içi
denetim kurulu,denetleme kurulu,yönlendirme
denetleme,denetim,anlam içi
denetleme,teftiş,anlam içi
denetleme,murakabe,anlam içi
denetleme,kontrol,anlam içi
denetlemek,murakabe etmek,anlam içi
denetlemek,teftiş etmek,anlam içi
denetlemek,kontrol etmek,anlam içi
denetleme kurulu,teftiş heyeti,anlam içi
denetleme kurulu,teftiş kurulu,anlam içi
deney,tecrübe,anlam içi
deney,deneyim,yönlendirme
deneyci,görgücü,anlam içi
deneycilik,görgücülük,anlam içi
deneycilik,akılcılık karşıtı,anlam içi
deneyim,tecrübe,anlam içi
deneyim,eksperyans,anlam içi
deneyimlemek,tecrübe etmek,anlam içi
deneyimlenmek,tecrübe edilmek,anlam içi
deneyimli,dünya görmüş,anlam içi
deneyimli,tecrübeli,anlam içi
deneyimsiz,tecrübesiz,anlam içi
deneyimsizlik,tecrübesizlik,anlam içi
deneysel,tecrübi,anlam içi
deneyselci,eksperimantalist,anlam içi
deneyselcilik,eksperimantalizm,anlam içi
deneyüstü,transandantal,anlam içi
deneyüstücü,transandantalist,anlam içi
deneyüstücülük,mütealiye,anlam içi
deneyüstücülük,transandantalizm,anlam içi
denge,muvazene,anlam içi
dengeleme,muvazene,anlam içi
dengelenmek,terazilenmek,anlam içi
dengeleyici,stabilizatör,anlam içi
dengeli,kararlı,anlam içi
dengeli,muvazeneli,anlam içi
dengeli,stabil,anlam içi
dengesiz,kararsız,anlam içi
dengesiz,muvazenesiz,anlam içi
dengesizlik,muvazenesizlik,anlam içi
deniz,derya,anlam içi
denizaltı,tahtelbahir,anlam içi
denizanası,pelte,anlam içi
denizanası,medüz,anlam içi
denizaygırı,mors,yönlendirme
denizçakısı,süline,yönlendirme
denizgülü,deniz şakayığı (Actinia equina),anlam içi
denizgüzeli,sarıağız,yönlendirme
denizhıyarı,denizpatlıcanı (Holothuria tubulosa),anlam içi
denizhıyarları,holotüritler (Holothurion),anlam içi
denizibiği,deniz rezenesi,yönlendirme
denizkedisi,denizmaymunu (Chimaera monstrosa),anlam içi
denizköpüğü,lüle taşı,yönlendirme
denizlaleleri,denizleylakları,anlam içi
denizlaleleri,denizzambakları,anlam içi
denizlaleleri,saçyıldızları,anlam içi
denizlalesi,denizleylağı,anlam içi
denizlalesi,denizzambağı,anlam içi
denizlalesi,saçyıldızı  (Crinoidea),anlam içi
denizmaymunu,denizkedisi,yönlendirme
denizpalamudu,denizpelidi  (Balanus),anlam içi
denizpatlıcanı,denizhıyarı,yönlendirme
denizpelidi,denizpalamudu,yönlendirme
denizşakayığı,denizgülü,yönlendirme
denizşakayıkları,denizgülleri,yönlendirme
deniztilkisi,saban balığı,yönlendirme
deniz bilimi,ana deniz bilimi,anlam içi
deniz bilimi,oşinografi,anlam içi
deniz feneri,fener,anlam içi
deniz hamamı,deniz banyosu,anlam içi
deniz kazı,akbaş,yönlendirme
deniz kırlangıcı,balıkçın,yönlendirme
deniz kulağı,lagün,yönlendirme
deniz ördeği,fırtına kuşu,yönlendirme
deniz rezenesi,deniz teresi (Crithmum maritimum),anlam içi
deniz salyası,müsilaj,anlam içi
deniz tavşancılı,balık kartalı,yönlendirme
deniz teresi,deniz rezenesi,yönlendirme
deniz turnası,barakuda (Sphyraena),anlam içi
deniz yeli,imbat,yönlendirme
deniz yosunu,erişte,anlam içi
denklem,muadele,anlam içi
denklik,teadül,anlam içi
denklik,akreditasyon,anlam içi
denli,kadar,yönlendirme
deontoloji,ödev bilimi,yönlendirme
deontolojik,ödev bilimsel,yönlendirme
depar,çıkış,yönlendirme
deplasman,dış saha,yönlendirme
depo,hazne,anlam içi
depo,debboy,anlam içi
depozit,güvence akçesi,yönlendirme
depozito,güvence akçesi,yönlendirme
deprem,yer sarsıntısı,anlam içi
deprem,hareket,anlam içi
deprem,zelzele,anlam içi
depremçizer,depremölçer,yönlendirme
depremyazar,depremölçer,yönlendirme
deprem bilimci,sismolog,anlam içi
deprem bilimi,sismoloji,anlam içi
deprem merkezi,deprem ocağı,anlam içi
deprem merkezi,deprem odağı,anlam içi
deprem merkezi,hiposantır,anlam içi
deprem ortası,merkez üs,anlam içi
deprem ortası,episantır,anlam içi
depresyon,çöküntü,yönlendirme
depreşmek,nüks etmek,anlam içi
derakap,çabucak,yönlendirme
derbedercesine,derbederce,yönlendirme
derbent,geçit,yönlendirme
derç,kaydetme,yönlendirme
derebeyi,kont,anlam içi
derebeylik,feodallik,anlam içi
derebeylik,feodalite,anlam içi
derece,kadar,yönlendirme
derece,ateşölçer,yönlendirme
derece derece,kademe kademe,anlam içi
derece derece,tedricen,anlam içi
dergi,mecmua,anlam içi
dergâh,tekke,yönlendirme
dergâh,huzur,yönlendirme
derhâl,çabucak,yönlendirme
deri,dernek,yönlendirme
derin,yoğun,yönlendirme
derinlemesine,derinliğine,anlam içi
derinlemesine,uzun,anlam içi
derinlemesine,uzun boylu,anlam içi
derinleştirme,tamik,anlam içi
derinlikölçer,batimetre,anlam içi
derinlik ölçümü,batimetri,anlam içi
derinti,toplantı,yönlendirme
derinti,güruh,yönlendirme
derin dondurucu,dondurucu,anlam içi
derin uyku,deliksiz uyku,anlam içi
derin uyku,daluyku,anlam içi
derin uyku,taş uykusu,anlam içi
derişik,mütemerkiz,anlam içi
derişik,mütekâsif,anlam içi
derişik,konsantre,anlam içi
derişik,seyreltik karşıtı,anlam içi
derişme,yoğunlaşma,yönlendirme
derişmek,temerküz etmek,anlam içi
derişmek,tekâsüf etmek,anlam içi
deri altı tabaka,yağ tabakası,anlam içi
derkenar,çıkma,anlam içi
derlem,bütünce,anlam içi
derlem,korpus,anlam içi
derlem,koleksiyon,yönlendirme
derlemci,koleksiyoncu,yönlendirme
derlemcilik,koleksiyonculuk,yönlendirme
derleme,tedvin,anlam içi
derlemek,tedvin etmek,anlam içi
derleyici,derlemeci,anlam içi
derleyicilik,derlemecilik,anlam içi
derman,takat,yönlendirme
dermansız,takatsiz,yönlendirme
dermansızca,takatsizce,yönlendirme
dermansızlaşma,takatsizleşme,yönlendirme
dermansızlaşmak,takatsizleşmek,yönlendirme
dermansızlaştırma,takatsizleştirme,yönlendirme
dermansızlaştırmak,takatsizleştirmek,yönlendirme
dermansızlık,takatsizlik,yönlendirme
derme,koleksiyon,anlam içi
derme çatma,değersiz,yönlendirme
dershane,derslik,yönlendirme
derslik,sınıf,anlam içi
dert,üzüntü,yönlendirme
dert,hastalık,yönlendirme
dert,ur,yönlendirme
dert,sıkıntı,yönlendirme
dertli,yaralı,anlam içi
dertsizlik,gailesizlik,anlam içi
deruhte,üstlenme,yönlendirme
derun,iç,yönlendirme
deruni,özünlü,yönlendirme
derviş,torlak,anlam içi
dervişane,dervişçe,yönlendirme
desikatör,kurutma kabı,yönlendirme
desise,entrika,yönlendirme
deskriptif,betimlemeli,yönlendirme
despot,tiran,anlam içi
despot,zorba,yönlendirme
despotça,despotik,anlam içi
despotizm,despotluk,yönlendirme
destan,epope,anlam içi
destani,destansı,yönlendirme
destansı,destanımsı,anlam içi
destansı,epik,anlam içi
destansı,lejander,anlam içi
destar,sarık,yönlendirme
destar,örtü,yönlendirme
destarlı,sarıklı,anlam içi
deste,demet,yönlendirme
desteci,desteleyici,yönlendirme
destek,dayak,anlam içi
destek,payanda,anlam içi
destek,hamil,anlam içi
destek,yardım,yönlendirme
destekleme,tutma,anlam içi
destekleme,terviç,anlam içi
destekleme,sübvansiyon,anlam içi
destekli bütçe,konsolide bütçe,anlam içi
desteleyicilik,destecilik,anlam içi
destinasyon turizmi,nokta turizmi,yönlendirme
destroyer,muhrip,yönlendirme
destur,izin,yönlendirme
deşarj,rahatlama,yönlendirme
detant,yumuşama,yönlendirme
detaylandırılma,ayrıntılandırılma,yönlendirme
detaylandırılmak,ayrıntılandırılmak,yönlendirme
detaylandırmak,ayrıntılandırmak,yönlendirme
detaysız,ayrıntısız,yönlendirme
detaysızlık,ayrıntısızlık,yönlendirme
deva,çare,yönlendirme
devalüasyon,değer düşürümü,anlam içi
devamlılık,süreklilik,yönlendirme
devamsız,süreksiz,yönlendirme
devamsızlık,süreksizlik,yönlendirme
devasız,çaresiz,yönlendirme
deveci,sarban,anlam içi
deveci,savran,anlam içi
devecilik,sarbanlık,anlam içi
deveelması,çakırdiken,yönlendirme
develik,defne,yönlendirme
deveran,kan dolaşımı,yönlendirme
deveranıdem,kan dolaşımı,yönlendirme
deve dikeni,kangal,anlam içi
deve dikeni,karayandık,anlam içi
deve dikeni,meryemana dikeni,anlam içi
deve dikeni,peygamber dikeni,anlam içi
deve dikeni,sütlü kengel (Silybum marianum),anlam içi
devim,devinim,yönlendirme
devimli,devinimli,yönlendirme
devimsel,hareki,anlam içi
devimsel,dinamik,anlam içi
devimselcilik,gürecilik,anlam içi
devimselcilik,dinamizm,anlam içi
devimselcilik,mekanikçilik karşıtı,anlam içi
devimsiz,devinimsiz,yönlendirme
devim bilimi,dinamik,yönlendirme
devingen,hareketli,yönlendirme
devingenlik,hareketlilik,yönlendirme
devinim,hareket,anlam içi
devinmek,hareket etmek,anlam içi
devinme olayı,presesyon,anlam içi
devin duyumu,kinestezi,yönlendirme
devir,çağ,yönlendirme
devir,çevrim,anlam içi
devir,periyot,anlam içi
devirli,devrî,anlam içi
devitken,muharrik,anlam içi
devitkenlik,muharriklik,anlam içi
devlet,ülke,anlam içi
devlet,mutluluk,yönlendirme
devletleştirilme,kamulaştırılma,yönlendirme
devletleştirilmek,kamulaştırılmak,yönlendirme
devletleştirme,kamulaştırma,yönlendirme
devletleştirmek,kamulaştırmak,yönlendirme
devlet kapısı,hükûmet kapısı,anlam içi
devlet kuşu,talih kuşu,anlam içi
"devlet oğul, mal tahıl, mülk değirmen",en değerli mülk,anlam içi
devran,yazgı,yönlendirme
devre,fasıl,anlam içi
devre,çevrim,yönlendirme
devredilme,devrolma,anlam içi
devredilme,devrolunma,anlam içi
devredilmek,devrolmak,anlam içi
devredilmek,devrolunmak,anlam içi
devre voltajı,devre potansiyeli,anlam içi
devrik cümle,devrik tümce,anlam içi
devrim,ihtilal,yönlendirme
devrim,inkılap,yönlendirme
devrimci,ihtilalci,yönlendirme
devrimci,inkılapçı,yönlendirme
devrimcilik,ihtilalcilik,yönlendirme
devrimcilik,inkılapçılık,yönlendirme
devriye,kolluk,yönlendirme
devrî,çevrimsel,anlam içi
devşirmek,toplamak,anlam içi
deyi,logos,anlam içi
deyim,tabir,anlam içi
deyiş,ifade,anlam içi
deyiş,halk şiiri,yönlendirme
dezenformasyon,bilgi çarpıtma,yönlendirme
dılak,klitoris,yönlendirme
dımdızlak,çırılçıplak,yönlendirme
dırdır,dırıltı,anlam içi
dırıltı,çekişme,yönlendirme
dırlaşmak,dilleşmek,anlam içi
dış,öte,anlam içi
dış,hariç,anlam içi
dış,iç karşıtı,anlam içi
dışarı,yurt dışı,yönlendirme
dışarılı,taşralı,yönlendirme
dışarlık,taşra,yönlendirme
dışarlıklı,taşralı,yönlendirme
dışa vurum,ifade,anlam içi
dışa vurum,dış vurum,anlam içi
dışa vurumcu,dış vurumcu,anlam içi
dışa vurumcu,ekspresyonist,anlam içi
dışa vurumculuk,dış vurumculuk,anlam içi
dışa vurumculuk,ekspresyonizm,anlam içi
dışbeslenen,heterotrof,anlam içi
dışbükey,tümsekli,anlam içi
dışbükey,muhaddep,anlam içi
dışbükey,konveks,anlam içi
dışınlı,öz dışı,anlam içi
dışınlı,özünlü karşıtı,anlam içi
dışkı,kaka,anlam içi
dışkı,pislik,anlam içi
dışkı,kazurat,anlam içi
dışkı,necaset,anlam içi
dışlama,burunlama,anlam içi
dışlama,ötekileştirme,anlam içi
dışlamak,ötekileştirmek,anlam içi
dışlanma,ötekileşme,anlam içi
dışlanma,ötekileştirilme,anlam içi
dışlanmak,ötekileşmek,anlam içi
dışlanmak,ötekileştirilmek,anlam içi
dış alım,ithalat,yönlendirme
dış alımcı,ithalatçı,yönlendirme
dış alımcılık,ithalatçılık,yönlendirme
dış beslenme,heterotrofi,anlam içi
dış deri,ektoderm,anlam içi
dış evlilik,dışarıdan evlenme,anlam içi
dış evlilik,dıştan evlilik,anlam içi
dış işleri,hariciye,anlam içi
dış satım,ihracat,yönlendirme
dış satımcı,ihracatçı,yönlendirme
dış satımcılık,ihracatçılık,yönlendirme
dış ticaret açığı,cari açık,anlam içi
dış yüz,zahir,anlam içi
dızdız,büve,yönlendirme
dızlamak,soymak,yönlendirme
dialkol,glikol,yönlendirme
diaspora,kopuntu,anlam içi
dibace,ön söz,yönlendirme
dibek kafalı,kalın kafalı,yönlendirme
didaktik,öğretici,yönlendirme
didar,yüz,yönlendirme
dide,göz,yönlendirme
dideban,gümrük kolcusu,yönlendirme
dideban,gözcü,yönlendirme
didinti,didişme,yönlendirme
didişim,eristik,anlam içi
didon,didona,anlam içi
didon,züppe,yönlendirme
didona sakallı,didon sakallı,yönlendirme
difraksiyon,kırınım,yönlendirme
difteri,kuşpalazı,anlam içi
diftong,ikiz ünlü,yönlendirme
difüzyon,geçişme,yönlendirme
difüzyon,yayılım,yönlendirme
diğer,öteki,yönlendirme
diğeri,ötekisi,yönlendirme
diğerkâm,özgeci,yönlendirme
diğerkâmlık,özgecilik,yönlendirme
dijital,sayısal,yönlendirme
dijital,sanal,yönlendirme
dijital kütüphane,elektronik kütüphane,yönlendirme
dikbaşlı,dikkafalı,anlam içi
dikbaşlı,kurumlu,yönlendirme
dikbaşlılık,dikkafalılık,anlam içi
dikbaşlılık,kurumluluk,yönlendirme
dikdörtgen,mustatil,anlam içi
dikel,meni,yönlendirme
dikelmek,dikleşmek,yönlendirme
dikelmek,diklenmek,yönlendirme
dikenli meyan,acı meyan (Glycyrrhiza echinata),anlam içi
dikenli salyangoz,iskerlet (Murex),anlam içi
dikensi,dikenimsi,anlam içi
dikici,çiftçi,anlam içi
dikici,terzi,yönlendirme
dikili taş,obelisk,anlam içi
dikimevi,dikimhane,anlam içi
dikine,diklemesine,anlam içi
dikişçi,terzi,yönlendirme
dikişçilik,terzilik,yönlendirme
dikit,stalagmit,anlam içi
dikiz,gözetleme,yönlendirme
dikizci,gözetleyici,yönlendirme
dikizcilik,gözetleyicilik,yönlendirme
dikizleme,gözetleme,yönlendirme
dikizlemek,gözetlemek,yönlendirme
dikizleyebilme,gözetleyebilme,yönlendirme
dikizleyebilmek,gözetleyebilmek,yönlendirme
dikizlik,gözetleme deliği,yönlendirme
dikkatsiz,savruk,anlam içi
dikkatsizlik,savrukluk,anlam içi
dikkat toplaşımı,konsantrasyon,yönlendirme
diklenmek,dinelmek,anlam içi
dikme,fidan,yönlendirme
dikmelik,fidanlık,yönlendirme
dikotomi,ikileşim,yönlendirme
dikotomik,ikileşik,yönlendirme
diktatör,zorba,yönlendirme
diktatörlük,diktatorya,anlam içi
dikte,yazdırım,anlam içi
dil,tat alma organı,anlam içi
dil,lisan,anlam içi
dil,zeban,anlam içi
dil,kıstak,yönlendirme
dil,gönül,yönlendirme
dilatometre,genleşmeölçer,yönlendirme
dilaver,yiğit,yönlendirme
dilbasar,abeslang,anlam içi
dilek,temenni,anlam içi
dilek,murat,anlam içi
dilekçe,istida,anlam içi
dilek kipi,inşa,anlam içi
dileme,rica,anlam içi
dilemek,rica etmek,anlam içi
dilemek,arzu etmek,anlam içi
dilemma,ikilem,yönlendirme
dilenci,geda,anlam içi
dilenci,goygoycu,anlam içi
dilim,epizot,anlam içi
dilim dilim,parça parça,yönlendirme
dilinim,dilinme,yönlendirme
dillek,dedikoducu,yönlendirme
dillendirme,intak,yönlendirme
dillenmek,dile gelmek,anlam içi
dillenmek,dile düşmek,anlam içi
dilmaç,çevirmen,yönlendirme
dilmaçlık,çevirmenlik,yönlendirme
dilmek,yarmak,yönlendirme
dilsel zekâ,sözel zekâ,yönlendirme
dil bilgiselleşme,gramerleşme,anlam içi
dil bilgiselleşmek,gramerleşmek,anlam içi
dil bilgiselleştirilme,gramerleştirilme,anlam içi
dil bilgiselleştirilmek,gramerleştirilmek,anlam içi
dil bilgiselleştirme,gramerleştirme,anlam içi
dil bilgiselleştirmek,gramerleştirmek,anlam içi
dil bilgisi,gramer,anlam içi
dil bilimci,dilci,anlam içi
dil bilimci,lengüist,anlam içi
dil bilimci,filolog,anlam içi
dil bilimi,genel dil bilimi,anlam içi
dil bilimi,lisaniyat,anlam içi
dil bilimi,lengüistik,anlam içi
dil bilimi,filoloji,anlam içi
dil bilimsel,filolojik,anlam içi
dil ebesi,laf ebesi,yönlendirme
dil laboratuvarı,laboratuvar,anlam içi
dil sürçmesi,sürçülisan,anlam içi
dimdik,mum direk,anlam içi
dimmer,reosta,yönlendirme
din,kült,anlam içi
din,ilmek,yönlendirme
dinamo,üreteç,yönlendirme
dinamo,sürükleyici,yönlendirme
dinamometre,kuvvetölçer,yönlendirme
dincelmek,dinçleşmek,yönlendirme
dinceltme,dinçleştirme,yönlendirme
dinceltmek,dinçleştirmek,yönlendirme
dinç,tendürüst,anlam içi
dinç,tüvana,anlam içi
dinçlenmek,dinçleşmek,yönlendirme
dinçleşme,dincelme,anlam içi
dinçleşme,dinçlenme,anlam içi
dindar,mütedeyyin,anlam içi
dindarlık,mütedeyyinlik,anlam içi
dinginci,sekinci,anlam içi
dingincilik,sekincilik,anlam içi
dinginlik,sükûnet,anlam içi
dinleme salonu,oditoryum,anlam içi
dinlence,tatil,yönlendirme
dinlendirmek,gölgelendirmek,anlam içi
dinlenme,istirahat,anlam içi
dinlenmek,soluklanmak,anlam içi
dinlenmek,istirahat etmek,anlam içi
dinsel,dinî,yönlendirme
din dışı,ladinî,anlam içi
din erki,teokrasi,yönlendirme
dip,derin,anlam içi
dip,taban,yönlendirme
dip,kıç,yönlendirme
dipdam,cezaevi,yönlendirme
dipfriz,derin dondurucu,yönlendirme
diplomasi,diplomatlık,anlam içi
dipnot,haşiye,anlam içi
dirayet,zekâ,yönlendirme
dirayet,beceriklilik,yönlendirme
direk,sütun,yönlendirme
direksiyon,yönelteç,anlam içi
direksiyon imtihanı,direksiyon sınavı,yönlendirme
direkt,aracısız,yönlendirme
direkt,doğrudan doğruya,yönlendirme
direktif,yönerge,yönlendirme
diren,dirgen,yönlendirme
direnç,dayanırlık,anlam içi
direnç,mukavemet,anlam içi
direnç,rezistans,anlam içi
direngen,inatçı,yönlendirme
direngenlik,inatçılık,yönlendirme
direnim,inat,yönlendirme
direnim,temerrüt,yönlendirme
direnleme,dirgenleme,yönlendirme
direnlemek,dirgenlemek,yönlendirme
direnme,bekinme,anlam içi
direnmek,bekinmek,anlam içi
direnmek,inat etmek,anlam içi
direnmek,mukavemet etmek,anlam içi
direnmek,taannüt etmek,anlam içi
direşken,sebatlı,yönlendirme
direşme,sebat,yönlendirme
direy,fauna,anlam içi
dirgen,çatal,anlam içi
diri,"canlı, ölü karşıtı",yönlendirme
diri,zinde,anlam içi
diriğ,esirgeme,yönlendirme
diriksel,diril,anlam içi
diriksel ısı,diril ısı,yönlendirme
dirilik,zindelik,anlam içi
diriliş,basübadelmevt,anlam içi
dirim,yaşam,yönlendirme
dirim,yaşama gücü,yönlendirme
dirimlik,hayati,yönlendirme
dirimsel,hayati,yönlendirme
dirim bilimci,biyolog,yönlendirme
dirim bilimi,biyoloji,yönlendirme
dirim bilimsel,biyolojik,yönlendirme
dirim suyu,abıhayat,yönlendirme
dirliksiz,geçimsiz,yönlendirme
dirliksizlik,geçimsizlik,yönlendirme
dirsek,makas,anlam içi
disimilasyon,benzeşmezlik,yönlendirme
disiplin,sıkı düzen,anlam içi
disiplin,inzibat,anlam içi
disiplin,zapturapt,anlam içi
disiplin,bilim dalı,anlam içi
disiplin kurulu,inzibat meclisi,anlam içi
disk,yoğun disk,anlam içi
disko,diskotek,yönlendirme
dispanser,sağlık ocağı,yönlendirme
distribütör,dağıtıcı,yönlendirme
distribütörlük,dağıtıcılık,yönlendirme
dişbudak,demircik (Fraxinus excelsior),anlam içi
dişçi,diş hekimi,yönlendirme
dişçilik,diş hekimliği,yönlendirme
dişil,müennes,anlam içi
dişilik,müenneslik,anlam içi
dişillik,müenneslik,anlam içi
dişlenmek,tanelenmek,yönlendirme
dişli,kaya balığı,yönlendirme
diş ağrısı,odontalji,anlam içi
diş aynası,odontoskop,anlam içi
diş bademi,sakız bademi,anlam içi
diş-damak ünsüzü,diş eti-damak ünsüzü,yönlendirme
diş-dudak ünsüzü,diş eti-dudak ünsüzü,yönlendirme
diş eti-damak ünsüzü,diş-damak ünsüzü: c,anlam içi
diş eti-damak ünsüzü,ç,anlam içi
diş eti-damak ünsüzü,z,anlam içi
diş eti-damak ünsüzü,s,anlam içi
diş eti-damak ünsüzü,n,anlam içi
diş eti-damak ünsüzü,j,anlam içi
diş eti-damak ünsüzü,ş,anlam içi
diş eti-dudak ünsüzü,diş-dudak ünsüzü: f,anlam içi
diş eti-dudak ünsüzü,v,anlam içi
diş hekimi,diş doktoru,anlam içi
diş hekimi,diş tabibi,anlam içi
diş hekimliği,diş tababeti,anlam içi
diş otu,Mısır anasonu,anlam içi
diş otu,kurşun otu (Plumbago europea),anlam içi
diş taşı,küfeki,anlam içi
diş taşı,tartar,anlam içi
ditiramp,lirik şiir,yönlendirme
divan,sedir,yönlendirme
divan,meclis,yönlendirme
Divanıhümayun,padişah divanı,yönlendirme
divan sazı,meydan sazı,yönlendirme
divik,akkarınca,yönlendirme
diyabet,şeker hastalığı,yönlendirme
diyabetolog,diyabet uzmanı,yönlendirme
diyabet bilimi,diyabetoloji,anlam içi
diyagonal,köşegen,yönlendirme
diyaklaz,çatlak,yönlendirme
diyakroni,art zamanlılık,yönlendirme
diyakronik,art zamanlı,yönlendirme
diyalekt,lehçe,yönlendirme
diyalekt,ağız,yönlendirme
diyalektik,eytişim,anlam içi
diyalektik,cedel,anlam içi
diyalektolog,lehçeci,yönlendirme
diyalektoloji,lehçe bilimi,yönlendirme
diyalektolojik,lehçe bilimsel,yönlendirme
diyanet,din,yönlendirme
diyapozitif,slayt,yönlendirme
diyar,ülke,yönlendirme
diyar,yurt,anlam içi
diyastol,gevşeme,yönlendirme
diyet,kan akçesi,anlam içi
diyet,kan pahası,anlam içi
diyet,kan parası,anlam içi
diyet,kefaret,anlam içi
diyet,perhiz,anlam içi
diyet,rejim,anlam içi
diyetisyen,diyet uzmanı,yönlendirme
dizanteri,kanlı ishal,anlam içi
dizayn,tasarım,yönlendirme
dizayncı,tasarımcı,yönlendirme
dizayncılık,tasarımcılık,yönlendirme
dize,mısra,anlam içi
dizel,dizel motoru,yönlendirme
dizem,ritim,yönlendirme
dizemli,ritimli,yönlendirme
dizemsiz,ritimsiz,yönlendirme
dizge,cümle,anlam içi
dizge,manzume,anlam içi
dizge,sistem,anlam içi
dizge,meslek,anlam içi
dizgeli,sistemli,yönlendirme
dizgesel,sistemli,yönlendirme
dizgesiz,sistemsiz,yönlendirme
dizgi,tertip,anlam içi
dizgici,dizici,anlam içi
dizgici,dizmen,anlam içi
dizgici,mürettip,anlam içi
dizgicilik,mürettiplik,anlam içi
dizgi yeri,mürettiphane,anlam içi
dizi,sıra,yönlendirme
dizi,seri,anlam içi
dizi,sekans,anlam içi
dizi,paradigma,anlam içi
dizi,dizi film,yönlendirme
dizili,mürettep,anlam içi
dizim,sentagma,anlam içi
dizin,endeks,anlam içi
dizin,indeks,anlam içi
dizin,fihrist,anlam içi
dizi dizi,dizim dizim,anlam içi
dizi dizi,koşun koşun,anlam içi
dizi film,televizyon dizisi,anlam içi
dizlik,iç donu,yönlendirme
dizlik,şalvar,yönlendirme
dizüstü,dizüstü bilgisayar,yönlendirme
diz ağırşağı,diz kapağı kemiği,yönlendirme
diz kapağı kemiği,oynak kemiği,anlam içi
dogma,nas,anlam içi
dogma,inak,anlam içi
dogmacı,inakçı,anlam içi
dogmacılık,inakçılık,anlam içi
dogmacılık,dogmatizm,anlam içi
dogmatik,inaksal,anlam içi
doğa,tabiat,anlam içi
doğa,natür,anlam içi
doğa,huy,yönlendirme
doğacı,natürist,anlam içi
doğacılık,natürizm,anlam içi
doğaç,irtical,anlam içi
doğaçlama,emprovizasyon,anlam içi
doğaçlama,doğaçtan,anlam içi
doğaçlama,doğmaca,anlam içi
doğaçlama,irticalen,anlam içi
doğaçlama,irticalî,anlam içi
doğaçlama,emprovize,anlam içi
doğaçlama,tuluat,anlam içi
doğaçlamak,tuluat yapmak,anlam içi
doğaçlama tiyatro,tuluat tiyatrosu,anlam içi
doğal,tabii,anlam içi
doğal,natürel,anlam içi
doğal,saf,yönlendirme
doğalcı,tabiiyeci,anlam içi
doğalcı,tabiiyun,anlam içi
doğalcı,natüralist,anlam içi
doğalcılık,natüralizm,anlam içi
doğalcılık,tabiiye,anlam içi
doğallaşma,tabiileşme,anlam içi
doğallaşmak,tabiileşmek,anlam içi
doğallaştırma,tabiileştirme,anlam içi
doğallaştırmak,tabiileştirmek,anlam içi
doğallık,tabiilik,anlam içi
doğallık,tabiiyet,anlam içi
doğallık,natürellik,anlam içi
doğal afet,tabii afet,anlam içi
doğal afet,katastrof,anlam içi
doğal coğrafya,fiziki coğrafya,yönlendirme
doğal gaz,gaz,anlam içi
doğaötesi,fizikötesi,anlam içi
doğaötesi,metafizik,anlam içi
doğaüstü,tabiatüstü,anlam içi
doğaüstücü,tabiatüstücü,anlam içi
doğaüstücülük,tabiatüstücülük,anlam içi
doğaüstücülük,sürnatüralizm,anlam içi
doğa bilgisi,tabiat bilgisi,yönlendirme
doğa bilimci,tabiiyeci,anlam içi
doğa bilimci,tabiatçı,anlam içi
doğa bilimleri,tabiat bilimleri,anlam içi
doğa dışı,gayritabii,anlam içi
doğa kanunu,tabiat yasası,anlam içi
doğa kanunu,tabiat kanunu,anlam içi
doğa yasası,doğa kanunu,yönlendirme
doğru,savap,anlam içi
doğrucu,harbici,anlam içi
doğruculuk,harbicilik,anlam içi
doğrudan,aracısız,yönlendirme
doğrudan,elden,anlam içi
doğrudan,vasıtasız,anlam içi
doğrudan doğruya,bizzat,anlam içi
doğrulama,teyit,anlam içi
doğrulama,tasdik,anlam içi
doğrulama,konfirmasyon,anlam içi
doğrulamak,gerçeklemek,anlam içi
doğrulamak,teyit etmek,anlam içi
doğrulamak,tasdik etmek,anlam içi
doğrulanmak,gerçeklenmek,anlam içi
doğrulmak,kalkmak,anlam içi
doğrultmaç,redresör,anlam içi
doğrultu,yön,yönlendirme
doğrultu,istikamet,anlam içi
doğrulu,müstakim,anlam içi
doğrulum,yönelim,yönlendirme
doğrusal,çizgisel,anlam içi
doğrusal,lineer,anlam içi
doğrusal cebir,lineer cebir,anlam içi
doğru yol,hak yolu,anlam içi
doğu,gün doğusu,anlam içi
doğu,maşrık,anlam içi
doğu,şark,anlam içi
doğu,batı karşıtı,anlam içi
doğu,şarki,anlam içi
Doğu,Batı karşıtı,anlam içi
Doğulu,Şarklı,anlam içi
Doğululaşma,Şarklılaşma,anlam içi
Doğululaştırma,Şarklılaştırma,anlam içi
Doğululaştırmak,Şarklılaştırmak,anlam içi
Doğululuk,Şarklılık,anlam içi
doğum,tevellüt,anlam içi
doğum,veladet,anlam içi
doğumevi,doğumhane,anlam içi
doğumlu,tevellütlü,anlam içi
doğurgan,velut,anlam içi
doğurma,tevlit,anlam içi
doğurmak,vermek,anlam içi
doğurmak,doğum yapmak,anlam içi
doğurucu,üretken,anlam içi
doğuştan,yaradılıştan,yönlendirme
doğuştan,fıtri,anlam içi
doğuştancılık,fıtriye,anlam içi
doğuştancılık,nativizm,anlam içi
Doğu bilimci,Şarkiyatçı,anlam içi
Doğu bilimci,müsteşrik,anlam içi
Doğu bilimci,oryantalist,anlam içi
Doğu bilimi,Şarkiyat,anlam içi
Doğu bilimi,oryantalizm,anlam içi
Doğu Türkçesi,Çağatay Türkçesi,yönlendirme
doktor,hekim,yönlendirme
doktorluk,hekimlik,yönlendirme
doktorluk,doktorculuk,yönlendirme
doktor öğretim üyesi,yardımcı doçent doktor,anlam içi
doktrin,öğreti,yönlendirme
doku,nesiç,anlam içi
dokuma,nesiç,anlam içi
dokuma,tekstil,anlam içi
dokumacı,dokuyucu,anlam içi
dokumacılık,dokuyuculuk,anlam içi
dokumacılık,tekstil,anlam içi
dokunaklı,yakıcı,anlam içi
dokunaklı,müessir,anlam içi
dokunca,zarar,yönlendirme
dokuncalı,zararlı,yönlendirme
dokuncasız,zararsız,yönlendirme
dokundurmak,tariz etmek,anlam içi
dokunma,değinti,anlam içi
dokunma,temas,anlam içi
dokunmabana,kanser,yönlendirme
dokunmak,yordamlamak,anlam içi
dokunmak,temas etmek,anlam içi
dokunmak,ilmek,anlam içi
dokunmak,değinmek,yönlendirme
dokunmak,batmak,anlam içi
dokunulmamazlık,dokunulmazlık,yönlendirme
dokunulmazlık,masuniyet,anlam içi
dokunum,lamise,anlam içi
dokurcun,dokuztaş,yönlendirme
dokurcun,tokurcun,anlam içi
doku bilimci,histolog,anlam içi
doku bilimi,histoloji,anlam içi
doku bozukluğu,yıpranma,anlam içi
doku bozukluğu,lezyon,anlam içi
doku ekimi,implant,anlam içi
doküman,belge,yönlendirme
dokümantasyon,belgeleme,yönlendirme
dokümanter,belgesel,yönlendirme
dolama,poşu,yönlendirme
dolambaç,iç kulak,yönlendirme
dolambaç,başlık,yönlendirme
dolambaçlı,lamelif,anlam içi
dolandırıcı,ayyar,anlam içi
dolandırıcı,tokatçı,anlam içi
dolandırıcılık,ayyarlık,anlam içi
dolandırıcılık,tokatçılık,anlam içi
dolandırıcılık,ketenpere,anlam içi
dolandırma,söğüşleme,anlam içi
dolandırma,dolaştırma,yönlendirme
dolandırmak,dolaştırmak,yönlendirme
dolandırmak,dızlamak,anlam içi
dolandırmak,kıvırmak,anlam içi
dolandırmak,söğüşlemek,anlam içi
dolanım,dolaşım,anlam içi
dolanım,sirkülasyon,anlam içi
dolanım,para dolaşımı,anlam içi
dolanım,tedavül,anlam içi
dolanım,sürüm,anlam içi
dolanlı iflas,hileli iflas,yönlendirme
dolanmak,dolaşmak,yönlendirme
dolap,su dolabı,yönlendirme
dolap,dönme dolap,yönlendirme
dolap,hile,yönlendirme
dolap beygiri,bostan beygiri,anlam içi
dolaşım,sirkülasyon,anlam içi
dolaşım,kan dolaşımı,yönlendirme
dolaşma,tur,anlam içi
dolaşmak,gezinmek,yönlendirme
dolay,civar,anlam içi
dolayı,ötürü,yönlendirme
dolayısıyla,sebebiyle,yönlendirme
dolaylı,vasıtalı,anlam içi
dolaylı,bilvasıta,anlam içi
dolaylı,endirekt,anlam içi
dolaylı özne,sözde özne,yönlendirme
dolaylı tümleç,yer tamlayıcısı,anlam içi
dolaysız,vasıtasız,anlam içi
dolaysız,bilavasıta,anlam içi
doldurma,haşiv,anlam içi
doldurma,yükleme,yönlendirme
doldurmak,kaplamak,anlam içi
doldurulma,imla,anlam içi
Dolganca,Dolgan Türkçesi,yönlendirme
dolgun,balıketinde,yönlendirme
dolgunca,bol,yönlendirme
dolgun ücret,dolgun maaş,anlam içi
dolikosefal,uzun kafalı,yönlendirme
dolma biber,dolmalık biber,anlam içi
dolma kalem,stilo,anlam içi
dolmuş,meşbu,anlam içi
dolmuş,dolu,yönlendirme
dolu,kırcı,anlam içi
dolu,meşbu,anlam içi
dolu,pür,anlam içi
dolu,komple,anlam içi
dolu,boş karşıtı,anlam içi
dolu,paket,anlam içi
dolu,meşgul,anlam içi
dolunay,ayın on dördü,anlam içi
dolunay,bedir,anlam içi
dolunma,doluşulma,yönlendirme
dolunmak,doluşulmak,yönlendirme
domalan,yer mantarı,anlam içi
domalan,keme (Terfezia arenaria),anlam içi
dombay,manda,yönlendirme
domdom,domdom kurşunu,yönlendirme
domestik,iç,yönlendirme
domestik,yöresel,yönlendirme
dominant,baskın,yönlendirme
domur,kabarcık,yönlendirme
domur,tomurcuk,yönlendirme
domuz,hınzır (Susacrofa domestica),anlam içi
don,giysi,yönlendirme
don,külot,yönlendirme
donakalmak,taşlaşmak,yönlendirme
donama,süsleme,yönlendirme
donamak,süslemek,yönlendirme
donanım,tesisat,yönlendirme
donanım,armatür,anlam içi
donanma,armada,anlam içi
donanma,donanma gecesi,yönlendirme
donanma gecesi,donanma şenliği,anlam içi
donatı,teçhizat,yönlendirme
donatma,teçhiz,anlam içi
donatmak,süslemek,yönlendirme
donatmak,teçhiz etmek,anlam içi
donatmak,sövmek,yönlendirme
donatmak,azarlamak,yönlendirme
donduraç,derin dondurucu,yönlendirme
dondurma,buydurma,anlam içi
dondurmak,buydurmak,anlam içi
dondurmak,sabitlemek,yönlendirme
dondurmak,soğutmak,yönlendirme
done,veri,yönlendirme
donma,buyma,anlam içi
donmak,buymak,anlam içi
donuk,mat,yönlendirme
doru,yağız,anlam içi
doruk,zirve,anlam içi
doruk,şahika,anlam içi
doruklama,tepeleme,yönlendirme
doruk toplantısı,zirve toplantısı,anlam içi
dosdoğru,dimdik,anlam içi
dost,yâr,anlam içi
dost,düşman karşıtı,anlam içi
dostane,dostça,yönlendirme
dostça,kardeşçe,yönlendirme
dostluk,mihribanlık,anlam içi
dostluk,ülfet,anlam içi
dost düşman,herkes,yönlendirme
doyasıya,doya doya,anlam içi
doygu,rızık,anlam içi
doygun,müstağni,anlam içi
doygunluk,gönül tokluğu,anlam içi
doygunluk,istiğna,anlam içi
doygunluk,tatmin,anlam içi
doyma,doyunma,anlam içi
doyma,işba,anlam içi
doymamazlık,doymazlık,yönlendirme
doymamış yağ,doymamış yağ asidi,yönlendirme
doymazlık,açgözlülük,yönlendirme
doymuş,meşbu,anlam içi
doymuş yağ,doymuş yağ asidi,yönlendirme
doyum,işba,anlam içi
doyum,tatmin,yönlendirme
doyum,orgazm,yönlendirme
doyunmak,doymak,yönlendirme
doyurmak,tatmin etmek,anlam içi
doyurucu,inandırıcı,yönlendirme
doz,dozaj,anlam içi
dozer,yoldüzler,anlam içi
dökme,dökme yük,yönlendirme
dökmeci,dökümcü,yönlendirme
dökmecilik,dökümcülük,yönlendirme
dökmek,saçmak,yönlendirme
dökme demir,font,anlam içi
dökme demir,pik,anlam içi
dökük,dökümlü,yönlendirme
dökümevi,dökümhane,anlam içi
döküntü,bozuntu,yönlendirme
döl,soy sop,anlam içi
döl,zürriyet,anlam içi
döl,çocuk,yönlendirme
dölleme,ilkah,anlam içi
döllemek,tohumlamak,anlam içi
döllemek,ilkah etmek,anlam içi
döllenme,aşılanma,anlam içi
döllenme,ilkah,anlam içi
döllenme,tozlaşma,yönlendirme
döllenmesiz üreme,partenogenez,anlam içi
dölüt,cenin,yönlendirme
döl döş,soy sop,anlam içi
döl eşi,son,anlam içi
döl eşi,eş,anlam içi
döl eşi,meşime,anlam içi
döl eşi,etene,anlam içi
döl eşi,plasenta,anlam içi
döl yatağı,ana rahmi,anlam içi
döl yatağı,oğulduruk,anlam içi
döl yatağı,uşak yatağı,anlam içi
döl yatağı,hazne,anlam içi
döl yatağı,rahim,anlam içi
döl yatağı,karın,anlam içi
döl yatağı,meşime,anlam içi
döl yatağı,uterus,anlam içi
döl yolu,vajina,anlam içi
dömifinal,yarı final,yönlendirme
dönbaba,turnagagası,yönlendirme
döndürme,irca,anlam içi
döndürme,tahvil,anlam içi
döndürme,taklip,anlam içi
döneç,rotor,anlam içi
dönek,caygın,anlam içi
dönek,kaypak,anlam içi
dönek,kahpe,anlam içi
döneklik,kaypaklık,anlam içi
dönem,periyot,anlam içi
dönem,yarıyıl,yönlendirme
dönemeç,bük,anlam içi
dönemeç,büklüm,anlam içi
dönemeç,büküntü,anlam içi
dönemeç,kıvrım,anlam içi
dönemeç,kıvrıntı,anlam içi
dönemeç,viraj,anlam içi
dönem sonu,yarıyıl sonu,yönlendirme
dönem sonu imtihanı,yarıyıl sonu sınavı,yönlendirme
dönem sonu sınavı,yarıyıl sonu sınavı,yönlendirme
dönence,medar,anlam içi
dönence,tropika,anlam içi
dönenceli,nöbetleşe,yönlendirme
döner,döner kebap,anlam içi
döner sermaye,mütedavil sermaye,anlam içi
döngel,muşmula,yönlendirme
döngü,kısır döngü,yönlendirme
dönme,deveran,anlam içi
dönme,avdetî,anlam içi
dönme,mühtedi,anlam içi
dönüm,dekar,anlam içi
dönüşlü,mutavaat,anlam içi
dönüşlü fiil,mutavaat fiili: sevinmek,anlam içi
dönüşlü fiil,yorulmak,anlam içi
dönüşlü fiil,iyileşmek vb,anlam içi
dönüşmek,tahavvül etmek,anlam içi
dönüştürme,tahvil,anlam içi
dönüştürmek,tahvil etmek,anlam içi
dönüştürücü,trafo,anlam içi
dönüştürücü,transformatör,anlam içi
dönüştürüm,tahvil,anlam içi
dönüşüm,şekil değiştirme,anlam içi
dönüşüm,tahavvül,anlam içi
dönüşüm,transformasyon,anlam içi
dönüşümcü,transformist,anlam içi
dönüşümcülük,transformizm,anlam içi
dördül,kare,yönlendirme
dördül,rubai,yönlendirme
dördün,yarım ay,anlam içi
dördün,terbi,anlam içi
Dördüncü Çağ,Dördüncü Zaman,anlam içi
Dördüncü Çağ,antropozoik,anlam içi
dört,cihar,anlam içi
dörtgen,dörtkenar,anlam içi
dörtleme,terbi,anlam içi
dörtlü,murabba,anlam içi
dörtlü,kuartet,anlam içi
dörtlü,flaşör,anlam içi
dörtlük,kıta,anlam içi
dört dörtlük,birlik,yönlendirme
dört işlem,amalierbaa,anlam içi
döş,göğüs,yönlendirme
döşek,yatak,yönlendirme
döşeli,mefruş,anlam içi
döşem,tesisat,yönlendirme
döşemci,tesisatçı,yönlendirme
döşemcilik,tesisatçılık,yönlendirme
döşeme,mefruşat,anlam içi
döşemek,çekmek,anlam içi
döşeyici,tesisatçı,yönlendirme
döteryum,ağır hidrojen (simgesi D),anlam içi
dövme,pataklama,anlam içi
dövme,sopalama,anlam içi
dövme,yarma,yönlendirme
dövmek,benzetmek,anlam içi
dövmek,girişmek,anlam içi
dövmek,hırpalamak,anlam içi
dövmek,pataklamak,anlam içi
dövmek,silkelemek,anlam içi
dövmek,sopalamak,anlam içi
dövmek,ufalamak,anlam içi
dövmek,çırpmak,yönlendirme
dövülme,pataklanma,anlam içi
dövülme,sopalanma,anlam içi
dövülmek,pataklanmak,anlam içi
dövülmek,sopalanmak,anlam içi
dövünmek,vurunmak,anlam içi
dövüşken,vuruşkan,anlam içi
dövüşkenlik,vuruşkanlık,anlam içi
dragoman,çevirmen,yönlendirme
dram,drama,anlam içi
dramatik,acıklı,yönlendirme
dren,ark,yönlendirme
dren,akıtaç,anlam içi
drenaj sineği,lağım sineği,yönlendirme
dua,alkış,anlam içi
dua,yakarış,yönlendirme
dublaj,seslendirme,yönlendirme
dublajcı,seslendirici,yönlendirme
dublajcılık,seslendiricilik,yönlendirme
dubleks,iki katlı,yönlendirme
dublör,benzer,anlam içi
dudak,lep,anlam içi
dudak boyası,ruj,yönlendirme
dudak uyumu,küçük ünlü uyumu,yönlendirme
dudu,papağan,yönlendirme
duhuliye,giriş ücreti,yönlendirme
duhuliye kartı,giriş kartı,yönlendirme
dulda,siper,anlam içi
duluk,yüz,yönlendirme
duluk,şakak,yönlendirme
duluk,favori,yönlendirme
dumağı,nezle,yönlendirme
duman,tütün,anlam içi
duman,esrar,yönlendirme
dumanlı,sarhoş,yönlendirme
duman rengi,füme,anlam içi
dumur,körelme,yönlendirme
duraç,kaide,yönlendirme
durağan,hareketsiz,anlam içi
durağan,sabit,anlam içi
durağan sırık,tırmanma sırığı,yönlendirme
duraklama,duralama,anlam içi
duraklamak,duralamak,anlam içi
duraklamak,tereddüt etmek,anlam içi
duraklık,durgunluk,yönlendirme
duraklı dalga,kararlı dalga,anlam içi
duraksama,tereddüt,anlam içi
duraksamak,tereddüt etmek,anlam içi
duraksamalı,tereddütlü,anlam içi
duraksamasız,tereddütsüz,anlam içi
durdurma,tevkif,anlam içi
durdurmak,bastırmak,anlam içi
durdurmak,çevirmek,anlam içi
durdurmak,eğlemek,anlam içi
durdurmak,yenmek,anlam içi
durgu,sekte,yönlendirme
durgun,sakin,yönlendirme
durgun,cansız,anlam içi
durgunluk,nekahet,anlam içi
durgunluk,resesyon,anlam içi
durgun şişkinlik,stagflasyon,anlam içi
durma,vakfe,anlam içi
durmadan,dursuz duraksız,anlam içi
durmak,tevakkuf etmek,anlam içi
durmak,kesilmek,anlam içi
durmak,yaşamak,yönlendirme
duru,berrak,anlam içi
duruk,statik,anlam içi
duruk,dinamik karşıtı,anlam içi
duruk,stator,anlam içi
duruksun,kararsız,yönlendirme
durulmak,sakinleşmek,yönlendirme
duruluk,açıklık,yönlendirme
durum,yer,anlam içi
durum,vaziyet,anlam içi
durum,hâl,anlam içi
durum,hâlet,anlam içi
durum,keyfiyet,anlam içi
durum,mevki,anlam içi
durum,manzara,anlam içi
durum,pozisyon,anlam içi
durum,tavır,anlam içi
durum eki,hâl eki,anlam içi
duruşma,dava,anlam içi
duruşma,murafaa,anlam içi
duş kabini,duşa kabin,anlam içi
duş kabini,banyo kabini,anlam içi
duvak,bürük,anlam içi
duvaklı,perdeli,anlam içi
duvaklıca,imparator mantarı,yönlendirme
duvar,örek,anlam içi
duvar,cidar,anlam içi
duvar,engel,yönlendirme
duvarsedefi,dalak otu,yönlendirme
duvar dişi,ekleme dişi,anlam içi
duvar yazısı,grafiti,anlam içi
duyar,duygulu,yönlendirme
duyarga,sensör,anlam içi
duyarga,lamise,anlam içi
duyarga,anten,anlam içi
duyargalı,sensörlü,anlam içi
duyarlı,duygun,anlam içi
duyarlı,hassas,anlam içi
duyarlık,duyarlılık,yönlendirme
duyarlıklı,hassasiyetli,anlam içi
duyarlılık,duygunluk,anlam içi
duyarlılık,hassaslık,anlam içi
duyarlılık,hassasiyet,anlam içi
duygu,his,anlam içi
duygu,ihtisas,anlam içi
duygu,kalp,anlam içi
duygudaş,sempatizan,anlam içi
duygudaşlık,empati,anlam içi
duygulandırma,hislendirme,anlam içi
duygulandırmak,hislendirmek,anlam içi
duygulanım,teessür,anlam içi
duygulanış,hisleniş,anlam içi
duygulanma,hislenme,anlam içi
duygulanma,ihtisas,anlam içi
duygulanma,tahassüs,anlam içi
duygulanmak,hislenmek,anlam içi
duygulu,içli,anlam içi
duygulu,inceden,anlam içi
duygulu,hisli,anlam içi
duygululuk,hislilik,anlam içi
duygusal,hissî,anlam içi
duygusal zekâ,içsel zekâ,anlam içi
duygusuz,hissiz,anlam içi
duygusuzluk,hissizlik,anlam içi
duygu durumu bozukluğu,iki uçlu bozukluk,anlam içi
duygu durumu bozukluğu,manik depresif bozukluk,anlam içi
duyma,işitme,anlam içi
duyma,istihbar,anlam içi
duyma,sem,anlam içi
duymak,hissetmek,anlam içi
duyu,his,anlam içi
duyulan geçmiş zaman,naklî mazi: ağla-mış,anlam içi
duyulan geçmiş zaman,gel-miş vb,anlam içi
duyulmak,işitilmek,anlam içi
duyum,ihsas,anlam içi
duyumculuk,sansüalizm,anlam içi
duyum ikiliği,sinestezi,anlam içi
duyuru,car,anlam içi
duyuru,ilan,anlam içi
duyuru,anons,anlam içi
duyurum,sirküler,anlam içi
duyuru tahtası,duyurumluk,yönlendirme
duyuş,seziş,yönlendirme
duyu yitimi,anestezi,yönlendirme
düalist,ikici,yönlendirme
düalizm,ikicilik,yönlendirme
Dübbüasgar,Küçükayı,yönlendirme
Dübbüekber,Büyükayı,yönlendirme
düdüklü,düdüklü tencere,yönlendirme
düğmeleme,ilikleme,yönlendirme
düğmelemek,iliklemek,yönlendirme
düğmelenme,iliklenme,yönlendirme
düğmelenmek,iliklenmek,yönlendirme
düğüm,düğmük,anlam içi
düğüm,bilgisayar,anlam içi
düğüm,yazıcı,anlam içi
düğüm,çizici vb. birim,anlam içi
düğümcük,nodül,anlam içi
düğümlü,budaklı,yönlendirme
düğün,toy,anlam içi
düğün,cemiyet,anlam içi
düğüncü,toycu,anlam içi
düğün çiçeği,turnaayağı,anlam içi
düğün çiçeği,sütlüce (Ranunculus),anlam içi
dükkân,işletme,anlam içi
dükkân,iş yeri,anlam içi
dükkân,kumarhane,yönlendirme
düldül,at,yönlendirme
dülger balığı,peygamber balığı (Zeus faber),anlam içi
dümbelek,dümbüldek,anlam içi
dümdar,artçı,yönlendirme
dümen,yönetim,anlam içi
dümen,hile,yönlendirme
dün,geçmiş,yönlendirme
dünden bugüne,retrospektif,anlam içi
dünya,acun,anlam içi
dünya,yeryüzü,anlam içi
dünya,küre,anlam içi
dünya,âlem,anlam içi
dünya,arz,anlam içi
dünya,cihan,anlam içi
dünya,darıdünya,anlam içi
dünya,devran,anlam içi
dünya,zemin,anlam içi
dünya,çevre,yönlendirme
dünya,camia,anlam içi
dünya,diyar,anlam içi
dünyacı,seküler,anlam içi
dünyacılık,sekülarizm,anlam içi
dünyasallaşma,dünyevileşme,yönlendirme
dünyasallaşmak,dünyevileşmek,yönlendirme
dünya görüşü,felsefe,anlam içi
dünya âlem,herkes,yönlendirme
dünyevi,dünyasal,anlam içi
dünyevi,uhrevi karşıtı,anlam içi
dünyevilik,dünyasallık,anlam içi
düpedüz,açıkçası,anlam içi
dürbün,bakaç,anlam içi
dürme,gözleme,yönlendirme
dürme,lahana,yönlendirme
dürü,çeyiz,yönlendirme
dürüstlük,doğruluk,yönlendirme
düş,rüya,anlam içi
düş,imge,yönlendirme
düşey,şakuli,anlam içi
düşkü,uğraşı,yönlendirme
düşkün,tutkun,anlam içi
düşkünlerevi,bakım yurdu,yönlendirme
düşkünler yurdu,bakım yurdu,yönlendirme
düşkünlük,iptila,anlam içi
düşkünlük,nikbet,anlam içi
düşkünlük,tiryakilik,anlam içi
düşkünlük,zaaf,anlam içi
düşman,yağı,anlam içi
düşman,hasım,anlam içi
düşman,husumetli,anlam içi
düşman,dost karşıtı,anlam içi
düşmanca,husumetli,anlam içi
düşmanca,düşmancasına,anlam içi
düşmanca,husumetkâr,anlam içi
düşmanca,hasmane,anlam içi
düşmanlık,yağılık,anlam içi
düşmanlık,hasımlık,anlam içi
düşmanlık,adavet,anlam içi
düşmanlık,muhasamat,anlam içi
düşmanlık,husumet,anlam içi
düşme,sukut,anlam içi
düşmek,boylamak,anlam içi
düşmek,eksilmek,yönlendirme
düşsel,hayalî,anlam içi
düşük,düşüt,anlam içi
düşük,ceninisakıt,anlam içi
düşük,bağan,anlam içi
düşük,sakıt,anlam içi
düşün,düşünüm,anlam içi
düşün,fikir,anlam içi
düşünce,mütalaa,anlam içi
düşünce,fikir,anlam içi
düşünce,ide,anlam içi
düşünce,idea,anlam içi
düşünce,mülahaza,anlam içi
düşünce,niyet,yönlendirme
düşünce,kaygı,yönlendirme
düşünceli,fikirli,yönlendirme
düşüncesizlik,fikirsizlik,yönlendirme
düşünce alışverişi,fikir alışverişi,yönlendirme
düşünce hayatı,fikir hayatı,anlam içi
düşünce hayatı,tefekkür dünyası,anlam içi
düşündeş,oydaş,yönlendirme
düşünme,tefekkür,anlam içi
düşünmek,kurmak,anlam içi
düşünmek,muhakeme etmek,anlam içi
düşünmek,tasarlamak,yönlendirme
düşünsel,fikrî,anlam içi
düşüntülü,kurgusal,yönlendirme
düşünücü,düşünür,yönlendirme
düşünücülük,düşünürlük,yönlendirme
düşünür,mütefekkir,anlam içi
düşürülme,ıskat,anlam içi
düver,mertek,yönlendirme
düyek,iki bir,anlam içi
düz,yeksan,anlam içi
düz,doğru,anlam içi
düz,stabil,anlam içi
düz,müstevi,anlam içi
düz,düz rakı,yönlendirme
düze,doz,yönlendirme
düzeç,tesviye aleti,anlam içi
düzeçleme,tesviye,anlam içi
düzelmek,düzleşmek,yönlendirme
düzelti,tashih,anlam içi
düzelti,düzeltme,anlam içi
düzeltici,düzeltmen,yönlendirme
düzelticilik,musahhihlik,anlam içi
düzeltme,ıslahat,anlam içi
düzeltme,reform,anlam içi
düzeltmen,musahhih,anlam içi
düzeltme işareti,tarihî,anlam içi
düzeltme işareti,dinî vb,anlam içi
düzem,düzey,yönlendirme
düzem,dozaj,yönlendirme
düzen,nizam,anlam içi
düzen,sistem,anlam içi
düzen,konsept,anlam içi
düzen,tertip,anlam içi
düzen,kombinasyon,anlam içi
düzen,rejim,anlam içi
düzen,komplo,anlam içi
düzen,dolap,anlam içi
düzen,fırıldak,anlam içi
düzen,kapan,anlam içi
düzen,kapanca,anlam içi
düzen,üçkâğıt,anlam içi
düzen,akort,yönlendirme
düzenbaz,entrikacı,anlam içi
düzenbaz,dessas,anlam içi
düzenbaz,dubaracı,anlam içi
düzenbaz,kampanacı,anlam içi
düzenbazlık,entrikacılık,anlam içi
düzenbazlık,dessaslık,anlam içi
düzenbazlık,dubaracılık,anlam içi
düzence,disiplin,yönlendirme
düzenci,düzenbaz,yönlendirme
düzencilik,düzenbazlık,yönlendirme
düzenek,tertibat,anlam içi
düzenek,mekanizma,anlam içi
düzenek,sistem,anlam içi
düzenleme,tertip,anlam içi
düzenleme,organizasyon,anlam içi
düzenleme,aranjman,anlam içi
düzenleme,yapılanma,anlam içi
düzenleme,kodifikasyon,anlam içi
düzenleme,regülasyon,anlam içi
düzenlemek,tanzim etmek,anlam içi
düzenlemek,örgülemek,anlam içi
düzenlemek,yapılandırmak,anlam içi
düzenleyici,organizatör,anlam içi
düzenleyici,aranjör,anlam içi
düzenleyici,regülatör,anlam içi
düzenli,muntazam,anlam içi
düzenli,ıttıratlı,anlam içi
düzenli,sistemli,anlam içi
düzenli,metodik,anlam içi
düzenlilik,sistemlilik,anlam içi
düzensiz,tertipsiz,anlam içi
düzensiz,ıttıratsız,anlam içi
düzensiz,gayrimuntazam,anlam içi
düzensiz,gayrinizami,anlam içi
düzensiz,aritmik,anlam içi
düzensiz,sistemsiz,anlam içi
düzensizlik,ıttıratsızlık,anlam içi
düzensizlik,gayrimuntazamlık,anlam içi
düzensizlik,gayrinizamilik,anlam içi
düzen bağı,disiplin,yönlendirme
düzen teker,volan,anlam içi
düzey,seviye,anlam içi
düzey,kur,anlam içi
düzeyli,seviyeli,anlam içi
düzeysiz,seviyesiz,anlam içi
düzeysizce,seviyesizce,anlam içi
düzeysizlik,seviyesizlik,anlam içi
düzgün,muntazam,anlam içi
düzgün,biçimli,anlam içi
düzgün,rabıtalı,anlam içi
düzgün,fondöten,yönlendirme
düzgüsel,normatif,anlam içi
düzgüsüz,anormal,anlam içi
düziko,düz rakı,yönlendirme
düzlem,müstevi,anlam içi
düzlem,ortam,yönlendirme
düzleme,tesviye,yönlendirme
düzlemek,tesviye etmek,anlam içi
düzlük,alan,yönlendirme
düzme,uydurma,yönlendirme
düzme,sahte,yönlendirme
düzmece,sahte,yönlendirme
düzmeci,sahtekâr,yönlendirme
düzmecilik,sahtekârlık,yönlendirme
düzmek,uydurmak,yönlendirme
düzüm düzüm,dizim dizim,yönlendirme
düzyazı,nesir,anlam içi
düzyazı,mensur,anlam içi
düzyazı,inşa,anlam içi
düz hekimlik,pratisyenlik,yönlendirme
düz tümleç,nesne,yönlendirme
dâhi,deha,anlam içi
dâhi,öke,anlam içi
dâhice,dâhiyane,anlam içi
dâhil,iç,yönlendirme
dâhilik,deha,yönlendirme
dâhiliye,iç hastalıkları,yönlendirme
dâhiliyeci,iç hastalıkları uzmanı,yönlendirme
dâhiliye mütehassısı,iç hastalıkları uzmanı,yönlendirme
dâhilî deniz,iç deniz,yönlendirme
dâhilî harp,iç savaş,yönlendirme
dâhilî nizamname,iç tüzük,yönlendirme
dâhilî talimatname,iç yönetmelik,yönlendirme
ebabil,dağ kırlangıcı,anlam içi
ebabil,vatvat (Apus apus),anlam içi
ebat,boyut,yönlendirme
ebe,lavta,anlam içi
ebe,oyun ebesi,anlam içi
ebebulguru,bulgur,anlam içi
ebediyet,sonsuzluk,yönlendirme
ebedî,sonsuz,yönlendirme
ebedî,ölümsüz,yönlendirme
ebedîleşme,sonsuzlaşma,yönlendirme
ebedîleşme,ölümsüzleşme,yönlendirme
ebedîleşmek,sonsuzlaşmak,yönlendirme
ebedîleşmek,ölümsüzleşmek,yönlendirme
ebedîleştirme,sonsuzlaştırma,yönlendirme
ebedîleştirme,ölümsüzleştirme,yönlendirme
ebedîleştirmek,sonsuzlaştırmak,yönlendirme
ebedîleştirmek,ölümsüzleştirmek,yönlendirme
ebedîlik,sonsuzluk,yönlendirme
ebedîlik,ölümsüzlük,yönlendirme
ebekuşağı,gökkuşağı,yönlendirme
ebemkuşağı,gökkuşağı,yönlendirme
ebet,sonsuzluk,anlam içi
eblehlik,eblehleşme,anlam içi
Ebucehil karpuzu,acı dülek,anlam içi
Ebucehil karpuzu,acı elma,anlam içi
Ebucehil karpuzu,acı karpuz,anlam içi
Ebucehil karpuzu,acı kavun (Citrullus colocynthis),anlam içi
ece,kraliçe,yönlendirme
ecinni,cin,yönlendirme
ecir,sevap,yönlendirme
ecir,ücret,yönlendirme
eciş bücüş,çarpık çurpuk,anlam içi
eciş bücüş,eğri büğrü,anlam içi
ecnebi,yabancı,yönlendirme
ecnebilik,yabancılık,yönlendirme
eczacılık,ispençiyari,anlam içi
eczacı kalfası,eczacı teknisyeni,anlam içi
ecza çantası,ilk yardım çantası,anlam içi
edatlı,ilgeçli,anlam içi
edatlı tümleç,edat grubu,anlam içi
ede,ağabey,yönlendirme
edebikelam,örtmece,yönlendirme
edebiyat,yazın,anlam içi
edebiyat,gökçe yazın,anlam içi
edebiyat,literatür,anlam içi
edebiyatçı,yazıncı,anlam içi
edebiyatçı,yazın eri,anlam içi
edebiyatçılık,yazıncılık,anlam içi
edebiyat bilimi,yazın bilimi,anlam içi
edebiyat tarihi,yazın tarihi,anlam içi
edebî,yazınsal,anlam içi
edepli,uslu,yönlendirme
edepsizce,edepsizcesine,anlam içi
edepsizleşme,terbiyesizleşme,yönlendirme
edepsizleşmek,terbiyesizleşmek,yönlendirme
edepsizlik,terbiyesizlik,yönlendirme
edep yeri,etek,anlam içi
edep yeri,ut yeri,anlam içi
edep yeri,avret,anlam içi
eder,fiyat,yönlendirme
edik,lapçın,anlam içi
edilgen,pasif,anlam içi
edilgen,etken karşıtı,anlam içi
edilgen eylem,edilgen fiil,yönlendirme
edilgen fiil,edilgen eylem: yaz-ıl-mak,anlam içi
edilgen fiil,oku-n-mak,anlam içi
edilgen fiil,tanı-n-mak vb,anlam içi
edilgi,infial,anlam içi
edilgin,pasif,anlam içi
edilgin,münfail,anlam içi
edilgin,etkin karşıtı,anlam içi
edilmek,yapılmak,anlam içi
edim,amel,anlam içi
edim,ivaz,anlam içi
edimsel,fiilî,anlam içi
edimsel,aktüel,anlam içi
edimsel,gizli ve tasarımlı karşıtı,anlam içi
edimselci,aktüalist,anlam içi
edinme,iktisap,anlam içi
edinmek,iktisap etmek,anlam içi
edip,yazar,anlam içi
edisyon,bası,yönlendirme
edisyon,baskı,yönlendirme
editör,yayımcı,yönlendirme
editörlük,yayımcılık,yönlendirme
efe,zeybek,anlam içi
efe,ağabey,yönlendirme
efe,kabadayı,yönlendirme
efe,kaptan,yönlendirme
efektif,nakit para,yönlendirme
efelek,labada,yönlendirme
efelik,kabadayılık,yönlendirme
efemine,kadınsı,yönlendirme
efendi,koca,yönlendirme
efendice,efendicesine,anlam içi
efendi efendi,uslu uslu,yönlendirme
efkârıumumiye,kamuoyu,yönlendirme
efkârlı,başı dumanlı,anlam içi
eflatun,lila rengi,anlam içi
eflatun,eflatuni,anlam içi
eflatuni,platonik,yönlendirme
eflatunsu,eflatunumsu,yönlendirme
efor,güç,yönlendirme
efriz,friz,yönlendirme
efsane,söylence,anlam içi
efsanevi,menkıbevi,anlam içi
efsun,büyü,yönlendirme
efsunkâr,büyülü,yönlendirme
efsunlama,büyüleme,yönlendirme
efsunlamak,büyülemek,yönlendirme
ege,veli,yönlendirme
egemen,hükümran,anlam içi
egemenlik,buyruk,anlam içi
egemenlik,hüküm,anlam içi
egemenlik,hükümranlık,anlam içi
egemenlik,hâkimiyet,anlam içi
eglog,çoban türküsü,anlam içi
ego,ben,yönlendirme
egoist,bencil,yönlendirme
egoistlik,bencillik,yönlendirme
egoizm,bencillik,yönlendirme
egosantrik,beniçinci,yönlendirme
egosantrizm,beniçincilik,yönlendirme
egotizm,benlikçilik,yönlendirme
egzama,mayasıl,yönlendirme
egzersiz,alıştırma,yönlendirme
egzistansiyalist,varoluşçu,yönlendirme
egzistansiyalizm,varoluşçuluk,yönlendirme
egzogami,dış evlilik,yönlendirme
egzomorfizm,dış başkalaşım,yönlendirme
egzotik,yabancıl,yönlendirme
egzotizm,yabancıllık,yönlendirme
egzoz,egzoz gazı,yönlendirme
egzoz gazı,çürük gaz,anlam içi
eğe,kaburga,anlam içi
eğer,şayet,anlam içi
eğik,yalman,anlam içi
eğik,mail,anlam içi
eğik,şev,anlam içi
eğiklik,eğim,anlam içi
eğiklik,yamukluk,anlam içi
eğiklik,meyil,anlam içi
eğik çizgi,taksim,anlam içi
eğilim,meyil,anlam içi
eğilim,temayül,anlam içi
eğilim,tandans,anlam içi
eğilimli,meyyal,anlam içi
eğilimli,tandanslı,anlam içi
eğimli,meyilli,anlam içi
eğimli,meyyal,anlam içi
eğimli,mütemayil,anlam içi
eğimölçer,klinometre,anlam içi
eğin,vücut,yönlendirme
eğin,boy pos,yönlendirme
eğinik,eğik,anlam içi
eğirmen,kirmen,anlam içi
eğir kökü,eğir otu,yönlendirme
eğir otu,eğir kökü (Acorus calamus),anlam içi
eğitici,eğitsel,anlam içi
eğitici etkinlik,eğitsel etkinlik,anlam içi
eğitici film,eğitsel film,anlam içi
eğitim,terbiye,anlam içi
eğitim,eğitim bilimi,yönlendirme
eğitimci,terbiyeci,anlam içi
eğitimcilik,terbiyecilik,anlam içi
eğitimsel,terbiyevi,anlam içi
eğitimsel,pedagojik,anlam içi
eğitim bilimi,pedagoji,anlam içi
eğitim kampüsü,eğitim yerleşkesi,yönlendirme
eğitme,terbiye etme,anlam içi
eğitme,oryantasyon,anlam içi
eğitmek,terbiyelemek,anlam içi
eğitmek,terbiye etmek,anlam içi
eğitmen,köy öğretmeni,anlam içi
eğitsel oyun,eğitici oyun,yönlendirme
eğlemek,oyalamak,yönlendirme
eğlemek,avutmak,yönlendirme
eğlence,cümbüş,anlam içi
eğlence,sefahat,anlam içi
eğlence,zevk,anlam içi
eğlenceli,cümbüşlü,anlam içi
eğlendiri,atraksiyon,anlam içi
eğlenme,oyalanma,yönlendirme
eğlenmek,tevakkuf etmek,anlam içi
eğlenmek,oyalanmak,yönlendirme
eğleşme,tevakkuf,anlam içi
eğleşmek,kalmak,anlam içi
eğleşmek,tevakkuf etmek,anlam içi
eğmeç,kavis,yönlendirme
eğmeçli,kavisli,anlam içi
eğmeçli,mukavves,anlam içi
eğrelti,eğrelti otu,yönlendirme
eğrelti otu,aşkmerdiveni,anlam içi
eğrelti otu,fujer (Dryopteris filix-mas),anlam içi
eğreti,takma,yönlendirme
eğreti,üstünkörü,yönlendirme
eğretileme,istiare,yönlendirme
eğri,münhani,anlam içi
eğri,doğru karşıtı,anlam içi
eğrice,sığır sineği,yönlendirme
eğrice,saç örgüsü,yönlendirme
eğrilme,inhina,anlam içi
eğriltme,eğritmek,anlam içi
eğriltmek,eğritmek,anlam içi
eğrim,girdap,yönlendirme
eğritme,eğriltme,yönlendirme
eğri büğrü,çarpık çurpuk,anlam içi
eğri büğrü,çarpuk çurpuk,anlam içi
eğri çehre,asık surat,yönlendirme
eğri yüz,asık surat,yönlendirme
eğsi,köseği,yönlendirme
ehemmiyet,önem,yönlendirme
ehemmiyetli,önemli,yönlendirme
ehemmiyetlilik,önemlilik,yönlendirme
ehemmiyetsiz,önemsiz,yönlendirme
ehil,sahip,yönlendirme
ehil,eş,yönlendirme
ehlidil,gönül eri,yönlendirme
ehlihibre,bilirkişi,yönlendirme
ehlisalip,Haçlı,yönlendirme
ehlisünnet,sünnet ehli,yönlendirme
ehlivukuf,bilirkişi,yönlendirme
ehliyet,sürücü belgesi,yönlendirme
ehliyet,uzluk,yönlendirme
ehliyet,yeterlilik,yönlendirme
ehliyetli,yeterli,yönlendirme
ehliyetname,sürücü belgesi,yönlendirme
ehliyetname,yeterlik belgesi,yönlendirme
ehliyetsiz,yetersiz,yönlendirme
ehliyetsizlik,yetersizlik,yönlendirme
ehlizevk,zevk ehli,yönlendirme
ehlî,evcil,yönlendirme
ehlîleşme,evcilleşme,yönlendirme
ehlîleşmek,evcilleşmek,yönlendirme
ehlîleştirilme,evcilleştirilme,yönlendirme
ehlîleştirilmek,evcilleştirilmek,yönlendirme
ehlîleştirme,evcilleştirme,yönlendirme
ehlîleştirmek,evcilleştirmek,yönlendirme
ehram,piramit,yönlendirme
ehven,ucuz,yönlendirme
ehveniyet,ehvenlik,yönlendirme
ejderha,ejder,anlam içi
ejderha,dragon,anlam içi
ejder meyvesi,pitaya (Hylocereus undatus),anlam içi
ejektör,fışkırtıcı,yönlendirme
ek,takviye,anlam içi
ek,zeyil,anlam içi
ek,ilave,anlam içi
ek,ilişik,anlam içi
ek,lahika,anlam içi
ek,son ek,anlam içi
ekalliyet,azınlık,yönlendirme
ekecek,tohum,yönlendirme
ekenek,mezra,yönlendirme
ekili,mezru,anlam içi
ekim,birinci teşrin,anlam içi
ekim,ilk teşrin,anlam içi
ekim,teşrinievvel,anlam içi
ekin,firez,anlam içi
ekin,kültür,yönlendirme
ekinezya,kirpi otu (Echinacea),anlam içi
ekinoks,gün tün eşitliği,yönlendirme
ekin biti,buğday biti,yönlendirme
ekip,takım,anlam içi
ekip,grup,anlam içi
ekip,kadro,anlam içi
ekipman,takım,yönlendirme
eklektik,seçmeci,yönlendirme
eklektizm,seçmecilik,yönlendirme
eklem,mafsal,anlam içi
ekleme,ulama,anlam içi
ekleme,izafe,anlam içi
ekleme,munzam,anlam içi
eklemek,beslemek,anlam içi
eklemek,koymak,anlam içi
eklemek,ulamak,anlam içi
eklemek,ilave etmek,anlam içi
eklemeli,bitişken,yönlendirme
eklemlemek,bağdaştırmak,yönlendirme
eklem bacaklılar,eklemliler,anlam içi
eklentiler,müştemilat,anlam içi
ekmeğimsi,ekmeksi,yönlendirme
ekmek,serpmek,yönlendirme
ekmek,savuşmak,anlam içi
ekmek,atlatmak,anlam içi
ekmek,,anlam içi
ekmek,nanıaziz,anlam içi
ekmek,kazanç,anlam içi
ekmek,yemek,yönlendirme
ekmek ufağı,ekmek kırıntısı,anlam içi
ekol,okul,anlam içi
ekolali,yankılı konuşma,yönlendirme
ekolog,ekoloji uzmanı,yönlendirme
ekoloji,ekolojik ortam,yönlendirme
ekonomi,iktisat,anlam içi
ekonomi,tutum,yönlendirme
ekonomik,iktisadi,anlam içi
ekonomik,hesaplı,anlam içi
ekonomist,iktisatçı,anlam içi
ekopraksi,yansıca,yönlendirme
ekran,görüntülük,anlam içi
ekran,sinema perdesi,yönlendirme
ekran koruyucu,ekran filmi,anlam içi
eksantrik,dış merkezli,yönlendirme
eksantrik,ayrıksı,yönlendirme
eksen,mihver,anlam içi
eksen,dingil,yönlendirme
eksen,çizgi,yönlendirme
eksen oyuncu,oyun kurucu,yönlendirme
ekseri,genellikle,yönlendirme
ekseriya,genellikle,yönlendirme
ekseriyet,çoğunluk,yönlendirme
ekseriyet,çokluk,yönlendirme
ekseriyetle,genellikle,yönlendirme
ekseriyetle,çoğunlukla,yönlendirme
eksi,nakıs,anlam içi
eksi,menfi,anlam içi
eksi,negatif,anlam içi
eksi,artı karşıtı,anlam içi
eksi,eksiklik,yönlendirme
eksibe,kumul,yönlendirme
eksik,kalık,anlam içi
eksik,noksan,anlam içi
eksik,natamam,anlam içi
eksik,kem,anlam içi
eksik,muallel,anlam içi
eksiklik,kalıklık,anlam içi
eksiklik,noksan,anlam içi
eksiklik,noksanlık,anlam içi
eksiklik,nakisa,anlam içi
eksiksiz,tam,anlam içi
eksiksiz,tamam,anlam içi
eksiksiz,mükemmel,anlam içi
eksiksiz,noksansız,anlam içi
eksiksiz,tekmil,anlam içi
eksilme,tenakus,anlam içi
eksiltim,eksilti,yönlendirme
eksiltme,münakasa,anlam içi
eksiltme,tenkis,anlam içi
eksiltme,ihale,yönlendirme
eksin,anyon,yönlendirme
eksi sayı,negatif sayı,anlam içi
eksi uç,katot,anlam içi
ekskavatör,kazaratar,yönlendirme
eksperlik,uzmanlık,yönlendirme
ekspozisyon,sergileme,yönlendirme
ekstrem,uç,yönlendirme
ekstrem,sıra dışı,yönlendirme
ekstremlik,sıra dışılık,anlam içi
ekşikulak,kuzukulağı,yönlendirme
ekşime,tahammuz,anlam içi
ekşimek,mayalanmak,yönlendirme
ekşimsi,ekşimtırak,anlam içi
ekşi kiraz,vişne,yönlendirme
ekşi surat,ekşi yüz,anlam içi
ekü,avro,yönlendirme
eküri,ahırdaş,yönlendirme
Ekvator,istiva hattı,anlam içi
ekzotermik,ısıveren,yönlendirme
ek bileziği,manşon,anlam içi
ek çizgisi,ilave çizgisi,anlam içi
ek-eylem,ek-fiil,yönlendirme
ek-fiil,güzel değil-dim,anlam içi
ek-fiil,güzel değil-dir vb,anlam içi
ek-fiil çekimi,mutlu idik,anlam içi
ek-fiil çekimi,mutlu idiniz,anlam içi
ek-fiil çekimi,mutlu idiler,anlam içi
ek ödenek,ek tahsisat,anlam içi
el,dest,anlam içi
el,pençe,anlam içi
el,sahiplik,yönlendirme
el,kez,yönlendirme
el,yurt,yönlendirme
el,oba,yönlendirme
Elbasan tavası,Elbasan tava,anlam içi
elbet,tabii,yönlendirme
elbet,kuşkusuz,yönlendirme
elbet,kesinlikle,yönlendirme
elbette,tabii,yönlendirme
elbette,kuşkusuz,yönlendirme
elbette,kesinlikle,yönlendirme
elbise,giysi,yönlendirme
elbiseli,giysili,yönlendirme
elbiselik,giysilik,yönlendirme
elbisesiz,giysisiz,yönlendirme
elbise dolabı,giysi dolabı,yönlendirme
elçi,sefir,anlam içi
elçi,peygamber,yönlendirme
elçilik,sefirlik,anlam içi
elçilik,sefaret,anlam içi
elçilik,sefarethane,anlam içi
eldeci,zilyet,yönlendirme
elden düşme,ikinci el,yönlendirme
eldiven,ellik,anlam içi
elebaşı,sergerde,anlam içi
elebaşılık,sergerdelik,anlam içi
eleğimsağma,gökkuşağı,yönlendirme
elektrifikasyon,elektriklendirme,anlam içi
elektrikli soba,elektrik sobası,anlam içi
elektrik anahtarı,elektrik düğmesi,yönlendirme
elektrik feneri,el feneri,yönlendirme
elektrik fırını,elektrikli fırın,yönlendirme
elektrik saati,elektrik sayacı,yönlendirme
elektrik süpürgesi,elektrikli süpürge,yönlendirme
elektrik üreteci,üreteç,yönlendirme
elektrik zili,elektrikli zil,yönlendirme
elektro,elektrokardiyografi,yönlendirme
elektroensefalografi,beyin çizgesi yöntemi,anlam içi
elektroensefalogram,beyin çizgesi,anlam içi
elektrokardiyograf,kardiyograf,anlam içi
elektrokardiyografi,kalp çizgesi yöntemi,anlam içi
elektrokardiyografi,kardiyografi,anlam içi
elektrokardiyogram,kalp çizgesi,anlam içi
elektrokardiyogram,kardiyogram,anlam içi
elektronik içerik,e-içerik,anlam içi
elektronik imza,sayısal imza,anlam içi
elektronik imza,e-imza,anlam içi
elektronik kayıt,e-kayıt,anlam içi
elektronik müze,e-müze,anlam içi
elektronik posta,elektronik ileti,anlam içi
elektronik sözlük,e-sözlük,anlam içi
elektronik tebligat,e-tebligat,anlam içi
elektronik ticaret,e-ticaret,anlam içi
elem,keder,yönlendirme
eleman,öge,yönlendirme
eleme,eliminasyon,anlam içi
eleme,baraj maçı,anlam içi
elemek,elekten geçirmek,anlam içi
elemek,elimine etmek,anlam içi
elenmek,silkelenmek,anlam içi
eleştirel,eleştiriyel,anlam içi
eleştirel,eleştirisel,anlam içi
eleştirel,tenkitli,anlam içi
eleştirel,tenkidî,anlam içi
eleştirellik,eleştirisellik,anlam içi
eleştiri,tenkit,anlam içi
eleştiri,muaheze,anlam içi
eleştiri,kritik,anlam içi
eleştiricilik,eleştirimcilik,anlam içi
eleştiricilik,kritisizm,anlam içi
eleştirme,tenkit,anlam içi
eleştirmeci,eleştirmen,yönlendirme
eleştirmecilik,eleştirmenlik,yönlendirme
eleştirmek,tenkit etmek,anlam içi
eleştirmen,tenkitçi,anlam içi
eleştirmen,münekkit,anlam içi
eleştirmenlik,tenkitçilik,anlam içi
eleştirmenlik,münekkitlik,anlam içi
elezer,sadist,yönlendirme
elezerlik,sadistlik,yönlendirme
elgin,garip,yönlendirme
elhasıl,kısacası,yönlendirme
eliböğründe,elibelinde,yönlendirme
elifba,elifbe,anlam içi
elips,eksilti,yönlendirme
eliptik,eksiltili,yönlendirme
elit,seçkin,yönlendirme
eli açıklık,cömertlik,yönlendirme
elkızı,gelin,yönlendirme
ellilik,yarım altın,yönlendirme
ellilik,ata yarımlık,yönlendirme
elmabaş,tepeli dalgıç,yönlendirme
elmacık,elmacık kemiği,yönlendirme
elmas,elmastıraş,yönlendirme
elmek,elektronik posta,yönlendirme
eloğlu,elin oğlu,anlam içi
elöpen,kertenkele,yönlendirme
elverişli,ergonomik,anlam içi
el adamı,elin adamı,anlam içi
el işi,işleme,yönlendirme
el kantarı,kantar,yönlendirme
el kitabı,manuel,anlam içi
el ulağı,yamak,yönlendirme
el ulaklığı,yamaklık,yönlendirme
el uzluğu,ustalık,yönlendirme
el yordamıyla,el yordamı,anlam içi
em,ilaç,yönlendirme
emanet,inam,anlam içi
emanet,vedia,anlam içi
emboli,damar tıkanıklığı,yönlendirme
embriyo,oğulcuk,yönlendirme
embriyolog,embriyoloji uzmanı,yönlendirme
emcek,meme,yönlendirme
emcik,meme,yönlendirme
emekçi,proleter,anlam içi
emekleme çağı,emekleme dönemi,anlam içi
emekli,mütekait,anlam içi
emekli,tekaüt,anlam içi
emeklilik,tekaütlük,anlam içi
emekli aylığı,emekli maaşı,anlam içi
emekli aylığı,tekaüt maaşı,anlam içi
emekli aylığı,tekaüdiye,anlam içi
emekli ikramiyesi,tekaüt ikramiyesi,anlam içi
emeksiz evlat,üvey evlat,yönlendirme
emici kıllar,emici tüyler,anlam içi
emin,tehlikesiz,yönlendirme
emir,irade,anlam içi
emir,istek,yönlendirme
emirber,emir eri,yönlendirme
emircik,yalıçapkını,yönlendirme
emir eri,hizmet eri,anlam içi
emir kipi,buyurma kipi: gel,anlam içi
emir kipi,gelsin,anlam içi
emir kipi,gelin,anlam içi
emir kipi,gelsinler,anlam içi
emir subayı,yaver,anlam içi
emisyon,sürüm,yönlendirme
emlak,gayrimenkul,anlam içi
emlak,yurt,yönlendirme
emlak bürosu,emlakçı,anlam içi
emme,soğurma,yönlendirme
emmek,somurmak,yönlendirme
emmek,soğurmak,yönlendirme
emmi oğlu,amca oğlu,yönlendirme
emniyetlilik,güvenlilik,yönlendirme
emniyet ataşesi,güvenlik ataşesi,yönlendirme
emperyalist,yayılmacı,anlam içi
emperyalist,yayılımcı,anlam içi
emperyalizm,yayılmacılık,anlam içi
emperyalizm,yayılımcılık,anlam içi
emperyalizm,emperyalistlik,anlam içi
empirme,emprime,anlam içi
empresyonist,izlenimci,yönlendirme
empresyonizm,izlenimcilik,yönlendirme
emredilme,emrolunma,anlam içi
emredilmek,emrolunmak,anlam içi
emretme,emreyleme,anlam içi
emretmek,emreylemek,anlam içi
emrihak,ölüm,yönlendirme
emrivaki,oldubitti,yönlendirme
emsal,yaşıt,yönlendirme
emsal,örnek,yönlendirme
emsal,katsayı,yönlendirme
emtia,mal,yönlendirme
emzik,ibik,anlam içi
emzik,sigara ağızlığı,yönlendirme
en,genişlik,anlam içi
en,boy,anlam içi
en,uzunluk karşıtı,anlam içi
enayi,ördek,yönlendirme
enayice,enayicesine,anlam içi
encam,son,yönlendirme
endaze,ölçü,yönlendirme
endazesiz,ölçüsüz,yönlendirme
endeks,gösterge,yönlendirme
endişe,kaygı,yönlendirme
endişe,kuruntu,yönlendirme
endişe,niyet,yönlendirme
endişelenebilme,kaygılanabilme,yönlendirme
endişelenebilmek,kaygılanabilmek,yönlendirme
endişelenme,kaygılanma,yönlendirme
endişelenmek,kaygılanmak,yönlendirme
endişeli,kaygılı,yönlendirme
endişesiz,kaygısız,yönlendirme
endişesizlik,kaygısızlık,yönlendirme
endoderm,iç deri,yönlendirme
endogami,iç evlilik,yönlendirme
endokrin,iç salgı,yönlendirme
endokrinoloji,iç salgı bilimi,yönlendirme
endokrinolojik,iç salgı bilimsel,yönlendirme
endoskop,içgöreç,anlam içi
endoskopi,iç görüm,anlam içi
endoskopik ameliyat,endoskopik cerrahi,anlam içi
endotermik,ısıalan,yönlendirme
endüksiyon,tümevarım,yönlendirme
endüstri,sanayi,yönlendirme
endüstrileşme,sanayileşme,yönlendirme
endüstrileşmek,sanayileşmek,yönlendirme
endüstriyalizm,sanayicilik,yönlendirme
endüstriyel,sınai,yönlendirme
enerji,erke,anlam içi
enflasyon,para şişkinliği,anlam içi
enflasyon,parasal şişkinlik,anlam içi
enflasyon,şişkinlik,anlam içi
enflasyon,pahalılık,yönlendirme
enflüanza,grip,yönlendirme
enfraruj,kızılötesi,yönlendirme
enfüsi,öznel,yönlendirme
engebe,yüzey şekilleri,anlam içi
engebelik,arızalık,anlam içi
engebelik,engebeli arazi,anlam içi
engel,köstek,anlam içi
engel,mâni,anlam içi
engel,mahzur,anlam içi
engel,pürüz,anlam içi
engel,mânia,anlam içi
engel,kasis,anlam içi
engel,ket,anlam içi
engelleme,obstrüksiyon,anlam içi
engelli,mânialı,anlam içi
engelsiz,mâniasız,anlam içi
engel sınavı,mazeret sınavı,yönlendirme
engin,vâsi,anlam içi
engin,ingin,anlam içi
engin,münhat,anlam içi
enjektör,şırınga,anlam içi
enkaz,yıkıntı,yönlendirme
enli,geniş,yönlendirme
ensefal,beyin,yönlendirme
ensefalit,beyin yangısı,yönlendirme
enstantane,enstantane fotoğraf,anlam içi
enstrüman,mali belge,yönlendirme
enstrümantal,sözsüz,yönlendirme
enstrümantal,araç durumu,yönlendirme
entegrasyon,uyum,yönlendirme
entelekt,anlık,yönlendirme
enteresan,ilginç,anlam içi
enteresanlık,ilginçlik,anlam içi
enternasyonal,uluslararası,yönlendirme
enternasyonalci,uluslararasıcı,yönlendirme
enternasyonalcilik,uluslararasıcılık,yönlendirme
enternasyonalizm,uluslararasıcılık,yönlendirme
entomolojik,böcek bilimsel,yönlendirme
entrika,oyun,anlam içi
envaiçeşit,envaitürlü,yönlendirme
envaiçeşitli,envaitürlü,yönlendirme
envestisman,yatırım,yönlendirme
en azından,en azdan,anlam içi
epe,delici kılıç,yönlendirme
epey,epeyi,anlam içi
epey,epeyce,anlam içi
epey,epeyice,anlam içi
epidemi,salgın,yönlendirme
epiderm,üst deri,yönlendirme
epifit,üst bitken,yönlendirme
epigenez,sıralı oluş,yönlendirme
epigrafi,yazıt bilimi,yönlendirme
Epikurosçu,Epikürcü,yönlendirme
Epikurosçuluk,Epikürcülük,yönlendirme
epilog,son söz,yönlendirme
epitel,epitelyum,anlam içi
eprimek,erimek,yönlendirme
er,erkek,yönlendirme
er,nefer,anlam içi
er,koca,yönlendirme
er,erken,yönlendirme
ercecik,erkenden,yönlendirme
erdemli,yüksek,anlam içi
erdemli,efdal,anlam içi
erdemlilik,faziletlilik,anlam içi
erdişi,erselik,anlam içi
erdişi,hünsa,anlam içi
erdişi,hermafrodit,anlam içi
erdişilik,erseliklik,anlam içi
erek bilimi,teleoloji,anlam içi
eren,ermiş,yönlendirme
Erendiz,Jüpiter,yönlendirme
erganun,org,yönlendirme
ergen,erin,anlam içi
ergen,yeni yetme,anlam içi
ergenleşme,erinleşme,anlam içi
ergenleşmek,erinleşmek,anlam içi
ergenleşmek,akil baliğ olmak,anlam içi
ergenleşmek,büluğa ermek,anlam içi
ergenlik,ergenlik çağı,anlam içi
ergenlik,ilk gençlik,anlam içi
ergenlik,yeni yetmelik,anlam içi
ergilik,şilt,yönlendirme
ergime,zeveban,anlam içi
ergimek,zeveban etmek,anlam içi
ergin,reşit,anlam içi
erginleşmek,reşit olmak,anlam içi
erginlik,rüşt,anlam içi
erginlik,reşitlik,anlam içi
ergonomi,iş bilimi,yönlendirme
erguvan,deliboynuz (Cercis siliquastrum),anlam içi
erguvani,erguvan rengi,yönlendirme
erika,süpürge otu,yönlendirme
eril,müzekker,anlam içi
erillik,müzekkerlik,anlam içi
erim,menzil,yönlendirme
erim,muştu,yönlendirme
erinme,üşenme,yönlendirme
erinmek,üşenmek,yönlendirme
erişkin,kâhil,anlam içi
erişkinlik,kâhillik,anlam içi
eritmek,zayıflatmak,yönlendirme
eriyik,mahlul,anlam içi
eriyik,solüsyon,anlam içi
erk,iktidar,yönlendirme
erk,nüfuz,yönlendirme
erkeçsakalı,keçisakalı,yönlendirme
erkek,er kişi,anlam içi
erkek,kişi,anlam içi
erkek,koca,yönlendirme
erkek,mert,yönlendirme
erkeklik organı,erkeklik uzvu,anlam içi
erkeklik organı,kamış,anlam içi
erkeklik organı,maslahat,anlam içi
erkeklik organı,sik,anlam içi
erkeklik organı,yarak,anlam içi
erkeklik organı,zeker,anlam içi
erkeklik organı,babatorik,anlam içi
erkeklik organı,penis,anlam içi
erkeklik organı,fallus,anlam içi
erkeksi,erkeğimsi,anlam içi
erkeksi,maskülen,anlam içi
erkeksileşme,maskülenleşme,anlam içi
erkeksileşmek,maskülenleşmek,anlam içi
erkek tarafı,oğlan tarafı,anlam içi
erken,geç karşıtı,anlam içi
erkete,gözetleme,yönlendirme
erketeci,gözetleyici,yönlendirme
erketecilik,gözetleyicilik,yönlendirme
erketelik,gözetleyicilik,yönlendirme
erkin,liberal,yönlendirme
erkinci,liberal,yönlendirme
erkincilik,liberalizm,yönlendirme
erkinlik,liberalizm,yönlendirme
erkli,muktedir,yönlendirme
erkli,nüfuzlu,yönlendirme
erklilik,muktedirlik,yönlendirme
erklilik,nüfuzluluk,yönlendirme
erksizlik,nüfuzsuzluk,yönlendirme
erkân,yol yordam,yönlendirme
erkânıharbiyeiumumiye,genelkurmay,yönlendirme
erkânıharp,kurmay,yönlendirme
erkânıharplik,kurmaylık,yönlendirme
erlik,yiğitlik,yönlendirme
ermek,kavuşmak,yönlendirme
Ermeni,Ermenistanlı,anlam içi
ermin,kakım,yönlendirme
ermiş,veli,anlam içi
ermiş,veliyullah,anlam içi
ermişlik,velilik,anlam içi
eroinci,eroinman,anlam içi
erosal,erotik,yönlendirme
erosçuluk,erotizm,yönlendirme
erotik,kösnül,anlam içi
erotik,şehvani,anlam içi
erotik,şehevi,anlam içi
erotiklik,erosallık,anlam içi
erotizm,kösnüllük,anlam içi
erotizm,şehvaniyet,anlam içi
erozyon,itikâl,anlam içi
ersiz,kocasız,yönlendirme
ersizlik,kocasızlık,yönlendirme
erteleme,tehir,anlam içi
erteleme,tecil,anlam içi
erteleme,talik,anlam içi
ertelemek,tehir etmek,anlam içi
ertelemek,tecil etmek,anlam içi
ertelemek,talik etmek,anlam içi
ertelenmek,kalmak,anlam içi
ertesi,ferdası,anlam içi
ertesi gün hapı,ertesi sabah hapı,anlam içi
er bezi,taşak,yönlendirme
er suyu,meni,yönlendirme
esame,esami,anlam içi
esans,ruh,anlam içi
esaret,tutsaklık,yönlendirme
esas,yapı taşı,anlam içi
esas,uknum,anlam içi
esas,üs,anlam içi
esasen,zaten,yönlendirme
esasen,aslında,yönlendirme
esaslanmak,kökleşmek,yönlendirme
esas duruş,esas vaziyet,anlam içi
esatir,mitoloji,yönlendirme
esatirî,mitolojik,yönlendirme
esbabımucibe,gerekçe,yönlendirme
esef,yerinme,yönlendirme
eseflenmek,üzülmek,yönlendirme
eseme,mantık,yönlendirme
esen,salim,anlam içi
esenleme,selam,yönlendirme
esenlemek,selamlamak,yönlendirme
esenleşme,selamlaşma,yönlendirme
esenleşme,vedalaşma,yönlendirme
esenleşmek,selamlaşmak,yönlendirme
esenleşmek,vedalaşmak,yönlendirme
esenlik,selamet,anlam içi
esenlik,hastalık karşıtı,anlam içi
eser,yapıt,anlam içi
eser,iz,yönlendirme
esericedit kâğıdı,esericedit,yönlendirme
esin,ilham,anlam içi
esin,sabah yeli,yönlendirme
esindirmek,ilham etmek,anlam içi
esinlemek,ilham vermek,anlam içi
esinlenmek,mülhem olmak,anlam içi
esinti,nefha,anlam içi
esir,tutsak,yönlendirme
esir,köle,yönlendirme
esire,(kadın) tutsak,yönlendirme
esirgememezlik,esirgemezlik,yönlendirme
esirlik,tutsaklık,yönlendirme
eski,ezelî,anlam içi
eski,ihtiyar,anlam içi
eski,yeni karşıtı,anlam içi
eski,önceki,yönlendirme
eski,müstamel,anlam içi
eskiden,geçmişte,anlam içi
eskiden,zamanında,anlam içi
eskiden,evveli,anlam içi
eskiden,mukaddema,anlam içi
eskileşmek,eskimek,yönlendirme
eskimek,köhnemek,anlam içi
eskimek,yıpranmak,yönlendirme
eskimek,yaşlanmak,yönlendirme
Eskişehir taşı,lüle taşı,yönlendirme
eskitmek,yaşlandırmak,yönlendirme
eskiz,taslak,anlam içi
Eski Anadolu Türkçesi,Eski Oğuz Türkçesi,anlam içi
Eski Anadolu Türkçesi,Eski Türkiye Türkçesi,anlam içi
eskort,koruma aracı,yönlendirme
eskrim,kılıç oyunu,anlam içi
eskrimci,kılıç oyuncusu,anlam içi
esmayıhüsna,esmayışerife,anlam içi
esmer,karaca,anlam içi
esmer,yağız,anlam içi
esnaf,artizan,anlam içi
esnek,elastik,anlam içi
esnek,elastiki,anlam içi
esnek,streç,anlam içi
esneklik,elastikiyet,anlam içi
esneklik,suples,anlam içi
espri,nükte,yönlendirme
esrar,ot,anlam içi
esrar,sarıkız,anlam içi
esrar,keyif,anlam içi
esrar,mal,anlam içi
esrarengiz,gizemli,yönlendirme
esrarengizlik,gizemlilik,yönlendirme
esrarlı,gizemli,yönlendirme
esrar otu,Hint keneviri,yönlendirme
esre,kesre,anlam içi
esrik,sarhoş,yönlendirme
esriklik,sarhoşluk,yönlendirme
esrime,gaşiy,anlam içi
esrime,gaşyolma,anlam içi
esrime,vect,yönlendirme
esrimek,gaşyolmak,anlam içi
esrimek,vecde gelmek,anlam içi
estamp,oyma baskı,yönlendirme
estek köstek,falan filan,yönlendirme
estetik,güzel duyu,anlam içi
estetik,güzel duyusal,anlam içi
estetikçilik,güzel duyuculuk,anlam içi
estetikçilik,estetizm,anlam içi
esvap,giysi,yönlendirme
esvaplı,giysili,yönlendirme
esvapsız,giysisiz,yönlendirme
eş,evdeş,anlam içi
eş,hayat arkadaşı,anlam içi
eş,partner,anlam içi
eşeğimsi,eşeksi,yönlendirme
eşek,merkep,anlam içi
eşek,karakaçan,anlam içi
eşek,uzun kulaklı (Equus asinus),anlam içi
eşekçi,merkepçi,anlam içi
eşekçilik,merkepçilik,anlam içi
eşekkulağı,karakafes,yönlendirme
eşek cenneti,zindan,yönlendirme
eşek dikeni,kenger,yönlendirme
eşek hıyarı,it hıyarı,yönlendirme
eşek kafalı,kalın kafalı,yönlendirme
eşek otu,evliya otu,yönlendirme
eşik,asitane,anlam içi
eşit,müsavi,anlam içi
eşitçi,müsavatçı,anlam içi
eşitçilik,müsavatçılık,anlam içi
eşitlik,müsavilik,anlam içi
eşitlik,uygunluk,anlam içi
eşitlik,müsavat,anlam içi
eşitlik,muadelet,anlam içi
eşitlik durumu,eşitlik hâli,anlam içi
eşitsiz,müsavatsız,anlam içi
eşitsizlik,müsavatsızlık,anlam içi
eşkenar dörtgen,main,anlam içi
eşkâl,kılık,yönlendirme
eşlek,Ekvator,yönlendirme
eşleksel,Ekvatoral,yönlendirme
eşlem,kopya,yönlendirme
eşleme,senkronizasyon,anlam içi
eşme,kaynak,yönlendirme
eşsiz,bulunmaz,anlam içi
eşsiz,yekta,anlam içi
eşya,pılı pırtı,anlam içi
eşya,yük,anlam içi
eş anlamlı,müradif,anlam içi
eş anlamlı,müteradif,anlam içi
eş anlamlı,sinonim,anlam içi
eş basınç,izobar,anlam içi
eş basınç,izobar eğrisi,anlam içi
eş biçim,izomorf,anlam içi
eş biçimli,izomorfik,anlam içi
eş biçimlilik,izomorfizm,anlam içi
eş biçim birimi,alomorf: -dır-/-dir-/-dur-/-dür-/-tır-/-tir/-tur-/-tür- vb,anlam içi
eş cinsel,homoseksüel,anlam içi
eş cinsellik,homoseksüellik,anlam içi
eş değer,muadil,anlam içi
eş değerlik,muadelet,anlam içi
eş güdüm,koordinasyon,anlam içi
eş güdümcü,koordinatör,anlam içi
eş güdümcülük,koordinatörlük,anlam içi
eş güdümlü,koordine,anlam içi
eş koşma,şirk,yönlendirme
eş ölçüm,izometri,anlam içi
eş sesli,sesteş,yönlendirme
eş seslilik,sesteşlik,yönlendirme
eş sıcak,izoterm,anlam içi
eş sıcak eğrisi,izoterm eğrisi,anlam içi
eş yükselti,izohips,anlam içi
eş yükselti eğrisi,izohips eğrisi,anlam içi
eş zaman,eş sürem,anlam içi
eş zaman,senkron,anlam içi
eş zaman,asenkron karşıtı,anlam içi
eş zamanlı,eş anlı,anlam içi
eş zamanlı,eş süremli,anlam içi
eş zamanlı,senkronik,anlam içi
eş zamanlılık,eş anlılık,anlam içi
eş zamanlılık,eş süremlilik,anlam içi
eş zamanlılık,senkroni,anlam içi
eş zamanlılık,senkronizm,anlam içi
etçi,kasap,yönlendirme
etçil,etobur,yönlendirme
etçiller,etoburlar,yönlendirme
etek,eteklik,anlam içi
etek pantolon,pantolon etek,yönlendirme
eten,döl eşi,yönlendirme
eter,lokman ruhu,anlam içi
Eti,Hitit,yönlendirme
etiket,kimlik,yönlendirme
etiketlemek,yaftalamak,yönlendirme
etimolog,köken bilimci,yönlendirme
etimoloji,köken bilimi,yönlendirme
etimolojik,köken bilimsel,yönlendirme
etine dolgun,balıketinde,anlam içi
etiyoloji,neden bilimi,yönlendirme
etiyolojik,neden bilimsel,yönlendirme
Etiyopyalı,Habeş,anlam içi
Etiyopyalı,Habeşî,anlam içi
etken,faktör,anlam içi
etken,müessir,anlam içi
etkenlik,amillik,anlam içi
etken fiil,malum: kurmak,anlam içi
etken fiil,bilmek vb,anlam içi
etken madde,etkili madde,anlam içi
etki,yardım,anlam içi
etki,tesir,anlam içi
etki,rol,anlam içi
etkileme,tesir,anlam içi
etkilemek,tesir etmek,anlam içi
etkilenmek,müteessir olmak,anlam içi
etkileşimli,interaktif,anlam içi
etkileşimlilik,interaktiflik,anlam içi
etkileyici,vurucu,anlam içi
etkileyici,karizmatik,anlam içi
etkileyicilik,karizmatiklik,anlam içi
etkili,tesirli,anlam içi
etkili,müessir,anlam içi
etkili,patetik,anlam içi
etkililik,tesirlilik,anlam içi
etkililik,müessiriyet,anlam içi
etkime,tesir,anlam içi
etkimek,tesir etmek,anlam içi
etkin,faal,anlam içi
etkin,edilgin karşıtı,anlam içi
etkinci,aktivist,anlam içi
etkinleştirici,aktifleştirici,anlam içi
etkinleştirme,aktivasyon,anlam içi
etkinlik,faallik,anlam içi
etkinlik,faaliyet,anlam içi
etkisiz,kuvvetsiz,anlam içi
etkisiz,tesirsiz,anlam içi
etkisiz,nötr,anlam içi
etkisizleştirme,pasifikasyon,anlam içi
etkisizlik,tesirsizlik,anlam içi
etli ekmek,etli pide,yönlendirme
etmek,eylemek,anlam içi
etmen,faktör,anlam içi
etnik,kavmî,anlam içi
etniklik,etnisite,anlam içi
etnografya,kavmiyat,anlam içi
etnolog,ırk bilimci,yönlendirme
etnoloji,ırk bilimi,yönlendirme
etnolojik,ırk bilimsel,yönlendirme
etobur,karnivor,anlam içi
etraf,muhit,anlam içi
ettirgen fiil,ettirgen eylem,anlam içi
ettirgen fiil,faktitif: içirmek (iç-ir-),anlam içi
ettirgen fiil,yazdırmak (yaz-dır-),anlam içi
ettirgen fiil,söyletmek (söyle-t-) vb,anlam içi
etüt,ön çalışma,yönlendirme
etüt,mütalaa,anlam içi
etüt,müzakere,anlam içi
etyaran,kurlağan,anlam içi
etyememezlik,etyemezlik,yönlendirme
etyemez,vejetaryen,anlam içi
etyemezlik,vejetaryenlik,anlam içi
et kafalı,kalın kafalı,yönlendirme
et kesimi,et kırımı,anlam içi
et sineği,kül rengi et sineği,yönlendirme
et sotesi,et sote,anlam içi
ev,bark,anlam içi
ev,ev bark,anlam içi
ev,dar,anlam içi
ev,hane,anlam içi
ev,mekân,anlam içi
ev,soy,yönlendirme
evce,evcek,yönlendirme
evcikkıran,köygöçüren,yönlendirme
evcil,yabani karşıtı,anlam içi
evç,yeröte,yönlendirme
evç,günöte,yönlendirme
evdemonizm,mutçuluk,yönlendirme
evelemek gevelemek,evelemek develemek,anlam içi
eveleme develeme,eveleme geveleme,yönlendirme
everme,evlendirme,yönlendirme
evermek,evlendirmek,yönlendirme
evet,olur,anlam içi
evet,oldu,anlam içi
evet,tamam,anlam içi
evet,ya,anlam içi
evet,ha,anlam içi
evet,he,anlam içi
evet,peki,anlam içi
evet,pekiyi,anlam içi
evet,pekâlâ,anlam içi
evhamlanma,vehmetme,anlam içi
evhamlanmak,vehmetmek,anlam içi
evhamlı,kuruntulu,yönlendirme
evhamlılık,kuruntululuk,yönlendirme
evhamsız,kuruntusuz,yönlendirme
evhamsızlık,kuruntusuzluk,yönlendirme
evin,lüp,anlam içi
evin,habbe,anlam içi
evirme,evirtim,yönlendirme
evlatlık,manevi evlat,anlam içi
evlek,mandal,anlam içi
evlendirmek,yapmak,anlam içi
evlenme,izdivaç,anlam içi
evlenme,teehhül,anlam içi
evlenme,tezevvüç,anlam içi
evlenmek,izdivaç etmek,anlam içi
evlik,hanelik,yönlendirme
evlilik,dünyaevi,anlam içi
evlilik,destiizdivaç,anlam içi
evlilik dışı,gayrimeşru,anlam içi
evliya,ermiş,yönlendirme
evliyalık,ermişlik,yönlendirme
evliya otu,eşek otu (Onobrychis),anlam içi
evolüsyon,gelişme,yönlendirme
evrak,evrak kayıt,yönlendirme
evrak çantası,serviyet,anlam içi
evre,safha,anlam içi
evre,merhale,anlam içi
evre,mertebe,anlam içi
evren,kâinat,anlam içi
evren,kozmos,anlam içi
evrensel,kozmik,anlam içi
evrensel,üniversal,anlam içi
evrensellik,âlemşümullük,anlam içi
evrensellik,cihanşümullük,anlam içi
evren bilimi,uzay bilimi,yönlendirme
evren bilimsel,uzay bilimsel,yönlendirme
evren doğumu,kozmogoni,anlam içi
evren pulu,mika,yönlendirme
evrim,tekâmül,anlam içi
evsin,öneze,yönlendirme
evsiz barksız,odsuz ocaksız,anlam içi
evvel,önce,yönlendirme
evvelallah,evelallah,yönlendirme
evvelce,önceden,yönlendirme
evvelden,önceden,yönlendirme
evveli,önceki,yönlendirme
evvelki,önceki,yönlendirme
evvelki,evvelsi,anlam içi
ev halkı,evladüiyal,anlam içi
ev hanımı,ev kadını,yönlendirme
ev kadınlığı,ev hanımlığı,anlam içi
ey,hay,anlam içi
eylemlik,ad-fiil,yönlendirme
eylül,ilkgüz,anlam içi
eyvan,ayvan,anlam içi
eyyam ağası,eyyam efendisi,anlam içi
eyyam ağası,eyyam reisi,anlam içi
eza,üzüntü,yönlendirme
ezancı,müezzin,yönlendirme
ezan vakti,ezan saati,anlam içi
eza cefa,eziyet,yönlendirme
ezberleme,hıfız,anlam içi
ezberlemek,ezber etmek,anlam içi
ezberlemek,hıfzetmek,anlam içi
ezel,öncesizlik,anlam içi
ezeliyet,"ezelîlik, ebediyet karşıtı",yönlendirme
ezelî,öncesiz,yönlendirme
ezelîlik,ezeliyet,anlam içi
ezgi,haz,anlam içi
ezgi,nağme,anlam içi
ezgi,melodi,anlam içi
ezgi,şanson,anlam içi
ezgi,tempo,yönlendirme
ezgi,sıkıntı,yönlendirme
ezgili,melodik,anlam içi
ezginlik,sıkıntı,yönlendirme
ezik,pısırık,yönlendirme
eziyet,üzgü,anlam içi
eziyet,sıklet,anlam içi
eziyet,ukubet,anlam içi
eziyetli,zahmetli,anlam içi
eziyetli,üzgülü,anlam içi
eziyetsiz,zahmetsiz,anlam içi
eziyetsiz,üzgüsüz,anlam içi
ezkaza,kazara,yönlendirme
ezmek,harcamak,yönlendirme
e-arşiv,elektronik arşiv,yönlendirme
e-belge,elektronik belge,yönlendirme
e-bilet,elektronik bilet,yönlendirme
e-defter,elektronik defter,yönlendirme
e-dergi,elektronik dergi,yönlendirme
e-devlet,elektronik devlet,yönlendirme
e-devre,elektronik devre,yönlendirme
e-fatura,elektronik fatura,yönlendirme
e-gazete,elektronik gazete,yönlendirme
e-kayıt ,elektronik kayıt,yönlendirme
e-kitap,elektronik kitap,yönlendirme
e-kütüphane,elektronik kütüphane,yönlendirme
e-posta,elektronik posta,yönlendirme
faaliyet,çalışma,yönlendirme
fabl,öykünce,anlam içi
fabrika,üretimevi,anlam içi
fabrika,üretimlik,anlam içi
fabrikacı,fabrikatör,anlam içi
fabrikatörlük,fabrikacılık,yönlendirme
facia,trajedi,yönlendirme
faça,yüz,yönlendirme
fagosit,yutar hücre,yönlendirme
fagositoz,hücre yutarlığı,yönlendirme
fahişe,orospu,anlam içi
fahişe,kötü kadın,anlam içi
fahişe,mal,anlam içi
fahişe,paçoz,anlam içi
fahişelik,orospuluk,anlam içi
fahişelik,paçozluk,anlam içi
fahri,onursal,yönlendirme
fahri,gönüllü,yönlendirme
fahrilik,onursallık,yönlendirme
fahri trafik müfettişliği,trafik müfettişliği,anlam içi
faik,üstün,yönlendirme
faikiyet,üstünlük,yönlendirme
fail,özne,yönlendirme
failimuhtar,başına buyruk,yönlendirme
faiz,ürem,anlam içi
faiz,nema,anlam içi
faizci,tefeci,yönlendirme
faizcilik,tefecilik,yönlendirme
faizlendirmek,nemalandırmak,anlam içi
faiz haddi,faiz oranı,yönlendirme
fak,tuzak,yönlendirme
fakir,"yoksul, zengin karşıtı",yönlendirme
fakirleşme,yoksullaşma,yönlendirme
fakirleşmek,yoksullaşmak,yönlendirme
fakirleştirme,yoksullaştırma,yönlendirme
fakirleştirmek,yoksullaştırmak,yönlendirme
fakirlik,yoksulluk,yönlendirme
fakirlik,verimsizlik,yönlendirme
fakirlik,yetersizlik,yönlendirme
fakir kol,truvakar kol,anlam içi
fakr,yoksulluk,yönlendirme
faksimile,tıpkıbasım,yönlendirme
fakslama,belgegeçerleme,yönlendirme
fakslamak,belgegeçerlemek,yönlendirme
faktitif,ettirgen fiil,yönlendirme
fakülte,medrese,anlam içi
falan,falanca,anlam içi
falanıncı,filanıncı,anlam içi
falan festekiz,falan filan,yönlendirme
falan feşmekân,falan filan,yönlendirme
falan fıstık,falan filan,yönlendirme
falcılık,bakımcılık,anlam içi
falcılık,Taoizm,anlam içi
falez,yalı yar,yönlendirme
fallop tüpü,fallop borusu,anlam içi
falso,yanlışlık,yönlendirme
falsolu,kavisli,anlam içi
falsosuz,kavissiz,anlam içi
familya,fasile,anlam içi
fan,vantilatör,yönlendirme
fanta,dağ isketesi,anlam içi
fantastik,hayalî,yönlendirme
fantastiklik,hayalîlik,yönlendirme
fantazyalı,fantezili,yönlendirme
fantezi,fantazya,anlam içi
fantom,hayalet,yönlendirme
farazi,varsayımsal,yönlendirme
faraziye,varsayım,yönlendirme
farbasız,fırfırsız,yönlendirme
farekulağı,sıçankulağı (Anagallis),anlam içi
farekulağı,yabani mercanköşk,yönlendirme
farekuyruğu,dar testere,anlam içi
farenjit,yutak iltihabı,yönlendirme
farımak,yaşlanmak,yönlendirme
Farisi,Farsça,yönlendirme
fark,ayırt,anlam içi
fark,üstelik,yönlendirme
farklıca,ayrımlıca,anlam içi
farklılaştırma,ayrımlaştırma,anlam içi
farklılaştırmak,ayrımlaştırmak,anlam içi
farklılık,tefavüt,anlam içi
farksızca,ayrımsızca,anlam içi
farmakoloji,ilaç bilimi,yönlendirme
farmason,mason,yönlendirme
farmasonluk,masonluk,yönlendirme
fars,güldürü,yönlendirme
Farslaştırma ,Acemleştirme,yönlendirme
farta furta,fart furt,yönlendirme
fasıla,kesinti,yönlendirme
fasılalı,kesintili,yönlendirme
fasılasız,kesintisiz,yönlendirme
fasit daire,kısır döngü,yönlendirme
fasla fasla,yer yer,yönlendirme
fason,kesim,yönlendirme
fason,fason mal,anlam içi
fason üretim,fason imalat,anlam içi
fassal,karalamacı,yönlendirme
fassallık,karalamacılık,yönlendirme
faşistlik,faşizm,yönlendirme
fatalist,yazgıcı,yönlendirme
fatalite,yazgı,yönlendirme
fatalizm,yazgıcılık,yönlendirme
favori,gözde,yönlendirme
fay,kırık,anlam içi
fayda,yarar,yönlendirme
faydacı,yararcı,yönlendirme
faydacılık,yararcılık,yönlendirme
faydalanabilme,yararlanabilme,yönlendirme
faydalanabilmek,yararlanabilmek,yönlendirme
faydalanma,yararlanma,yönlendirme
faydalanmak,yararlanmak,yönlendirme
faydalı,yararlı,yönlendirme
faydalılık,yararlılık,yönlendirme
faydasız,yararsız,yönlendirme
faydasızca,yararsızca,yönlendirme
fayton,payton,anlam içi
faz,safha,anlam içi
fazilet,erdem,yönlendirme
faziletkâr,erdemli,yönlendirme
faziletli,erdemli,yönlendirme
faziletsiz,erdemsiz,yönlendirme
faziletsizlik,erdemsizlik,yönlendirme
fazla,ziyade,anlam içi
fazlasıyla,ziyadesiyle,anlam içi
fecir,tan,yönlendirme
fecir,tan kızıllığı,yönlendirme
fecrikâzip,yalancı tan,yönlendirme
fedai,serdengeçti,anlam içi
fedailik,serdengeçtilik,anlam içi
fedakâr,özverili,yönlendirme
fedakârca,özverilice,yönlendirme
fedakârcasına,özverilice,yönlendirme
fedakârlık,özveri,yönlendirme
fedakârlık,özverililik,yönlendirme
fehmetme,anlama,yönlendirme
fehva,kavram,yönlendirme
felah,kurtuluş,yönlendirme
felaket,yıkım,anlam içi
felaket,katastrof,anlam içi
felç,inme,yönlendirme
felçli,inmeli,yönlendirme
felek,gök,yönlendirme
felekiyat,gök bilimi,yönlendirme
fellek fellek,fellik fellik,yönlendirme
feminizm,kadın hareketi,anlam içi
fen,teknik,yönlendirme
fen,hile,yönlendirme
fena,kötü,yönlendirme
fena,üzücü,yönlendirme
fena,ölümlülük,yönlendirme
fenalık,kötülük,yönlendirme
fena kalpli,kötü kalpli,yönlendirme
fena kalplilik,kötü kalplilik,yönlendirme
fenoloji,belirti bilimi,yönlendirme
fenolojik,belirti bilimsel,yönlendirme
fenomen,olgu,yönlendirme
fenomen,görüngü,yönlendirme
fenomenizm,görüngücülük,yönlendirme
fenomenoloji,görüngü bilimi,yönlendirme
fenomenolojik,görüngü bilimsel,yönlendirme
fent,hile,yönlendirme
fer,güç,yönlendirme
ferah,ferahlı,anlam içi
ferahi,ucuzluk,yönlendirme
ferahlama,ferahlanma,anlam içi
ferahlamak,ferahlanmak,anlam içi
ferahlık,hafiflik,anlam içi
feraset,zekâ,yönlendirme
ferç,vulva,anlam içi
ferda,yarın,yönlendirme
ferdiyet,bireysellik,yönlendirme
ferih fahur,ferah fahur,yönlendirme
ferik,korgeneral,yönlendirme
feriklik,korgenerallik,yönlendirme
ferik elması,ferik,yönlendirme
ferman,emir,yönlendirme
ferman,yarlık,anlam içi
ferman,kaime,anlam içi
fermantasyon,mayalanma,yönlendirme
ferment,maya,yönlendirme
fertik,tamam,anlam içi
ferz,vezir,yönlendirme
fesat,hile,yönlendirme
feshedilmek,lağvedilmek,anlam içi
feshetmek,lağvetmek,anlam içi
fesih,lağıv,anlam içi
fesleğen,reyhan (Ocimum basilicum),anlam içi
fesleğen mantarı,çörek mantarı,yönlendirme
fesleğen sosu,pesto sosu,anlam içi
festival,şenlik,anlam içi
fesüphanallah,süphanallah,anlam içi
fetha,üstün,yönlendirme
fetiş,put,yönlendirme
fetişizm,tapıncakçılık,anlam içi
fetişizm,putperestlik,anlam içi
fettan,fitneci,yönlendirme
fetvahane,şeyhülislam kapısı,yönlendirme
fevk,üst,yönlendirme
fevk,yukarı,yönlendirme
fevkalade,olağanüstü,yönlendirme
fevkaladelik,olağanüstülük,yönlendirme
fevkalade hâl,olağanüstü hâl,yönlendirme
fevkalbeşer,insanüstü,yönlendirme
fevt,ölme,yönlendirme
fevvare,fıskiye,yönlendirme
feyezan,su baskını,yönlendirme
feylesof,filozof,yönlendirme
feylesofça,filozofça,yönlendirme
feylesofluk,filozofluk,yönlendirme
feyyaz,gür,yönlendirme
feza,uzay,yönlendirme
fezleke,özet,yönlendirme
fıkdan,yokluk,yönlendirme
fıkırdak,fingirdek,yönlendirme
fıkırdaklık,fingirdeklik,yönlendirme
fıkra,köşe yazısı,yönlendirme
fıkra,paragraf,yönlendirme
fıkra,omur,yönlendirme
fıkracı,köşe yazarı,yönlendirme
fıkracılık,köşe yazarlığı,yönlendirme
fıkrama,fışlama,anlam içi
fıkramak,fışlamak,anlam içi
fındıkçı,fingirdek,yönlendirme
fındıki,fındıkkabuğu,yönlendirme
fındıkkabuğu,fındık rengi,anlam içi
fındık altını,fındıki,anlam içi
fındık faresi,fındık sıçanı (Muscardinus avellanarius),anlam içi
fındık sıçanı,fındık faresi,yönlendirme
fır,fırıl fırıl,yönlendirme
fır,piç,yönlendirme
fırdolayı,çepeçevre,yönlendirme
fırfır,farba,anlam içi
fırfır,farbala,anlam içi
fırfırlı,farbalalı,anlam içi
fırfırlı,farbalı,anlam içi
fırfırsız,farbalasız,anlam içi
fırıldak çiçeği,çarkıfelek,yönlendirme
fırka,parti,yönlendirme
fırka,tümen,yönlendirme
fırkacı,partici,yönlendirme
fırkacılık,particilik,yönlendirme
fırlama,piç,yönlendirme
fırlatmak,savurmak,yönlendirme
fırsat,vesile,anlam içi
fırsat,okazyon,anlam içi
fırsatçı,oportünist,anlam içi
fırsatçılık,oportünizm,anlam içi
fırtına kuşu,deniz ördeği (Thalassidroma pelagica),anlam içi
fır fır,fırıl fırıl,yönlendirme
fısıldamak,fıslamak,anlam içi
fısıltı,fısırtı,anlam içi
fıskiye,fışkırık,anlam içi
fıstıki,fıstık rengi,yönlendirme
fıs fıs,fısıl fısıl,yönlendirme
fışkırtmak,püskürtmek,anlam içi
fıştaklama,fiştekleme,yönlendirme
fıştaklamak,fişteklemek,yönlendirme
fış fış,fışır fışır,yönlendirme
fıtık,kavlıç,anlam içi
fıtık,yarımlık,anlam içi
fıtrat,yaradılış,yönlendirme
fıtraten,yaradılışça,yönlendirme
fidan biti,yaprak biti,yönlendirme
fideizm,inancılık,yönlendirme
fidye,kurtulmalık,anlam içi
fidye,fidyeinecat,anlam içi
fihrist,içindekiler,yönlendirme
fihrist,katalog,yönlendirme
fiil,eylem,yönlendirme
fiilimsi,eylemsi,anlam içi
fiiliyat,gerçekleştirilen işler,anlam içi
fiilî,eylemli,yönlendirme
fiil cümlesi,eylem tümcesi,anlam içi
fiil çekimi,fiil tasrifi,anlam içi
fiil çekimi,sarf,anlam içi
fiil çekimi,siga,anlam içi
fiilî hizmet zammı,yıpranma payı,yönlendirme
fikir,kuruntu,yönlendirme
fikirsiz,düşüncesiz,anlam içi
fikir hürriyeti,düşünce özgürlüğü,yönlendirme
fikir teatisi,fikir alışverişi,yönlendirme
fikrisabit,saplantı,yönlendirme
fiks menü,tek liste,yönlendirme
fiktif,saymaca,yönlendirme
filan,falan,yönlendirme
filan falan,falan filan,yönlendirme
filateli,pulculuk,yönlendirme
filateli zarf,ilk gün zarfı,yönlendirme
fildişi,fildişi rengi,anlam içi
filhakika,gerçekten,yönlendirme
filigran,suyolu,yönlendirme
filika,cankurtaran sandalı,yönlendirme
filiz,sürgün,anlam içi
filiz,ışkın,anlam içi
filiz,eşkin,anlam içi
filizî,filiz rengi,yönlendirme
filmci,sinemacı,yönlendirme
filmci,hileci,yönlendirme
filmcilik,sinemacılık,yönlendirme
filogenez,soy oluş,yönlendirme
filoksera,asma biti,yönlendirme
filozof,felsefeci,anlam içi
filtre,süzgeç,yönlendirme
filvaki,gerçekten,yönlendirme
filyasyon,temas takibi,yönlendirme
final,yarıyıl sonu sınavı,yönlendirme
finalist,erekçi,yönlendirme
finalizm,erekçilik,yönlendirme
final imtihanı,yarıyıl sonu sınavı,yönlendirme
final sınavı,yarıyıl sonu sınavı,yönlendirme
fingirdek,kaynaşık,anlam içi
fingirdek,yelli,anlam içi
finiş,varış,yönlendirme
fino,esrar,yönlendirme
firar,kaçma,yönlendirme
firavun faresi,kuyruksüren (Herpestes ichneumon),anlam içi
firavun inciri,Frenk inciri,yönlendirme
fire,ağırlık yitimi,yönlendirme
firuze,turkuaz,yönlendirme
fiskos sehpası,fiskos masası,anlam içi
fiş,makbuz,anlam içi
fişeklik,kargılık,anlam içi
fişeklik,kütüklük,yönlendirme
fit,ödeşme,yönlendirme
fitneci,karıştırıcı,anlam içi
fitneci,fitne fücur,anlam içi
fitneci,fitne kumkuması,anlam içi
fitnecilik,karıştırıcılık,anlam içi
fitre,fıtır sadakası,anlam içi
fiyaka,gösteriş,yönlendirme
fiyakacı,gösterişçi,yönlendirme
fiyakalı,gösterişli,yönlendirme
fiyasko,katastrof,anlam içi
fiyat,hediye,anlam içi
fiyat,kemal,anlam içi
fiyat,paha,anlam içi
fiyatlı,pahalı,yönlendirme
fiyonk,fiyongo,anlam içi
fizibilite,yapılabilirlik,yönlendirme
fiziki,fiziksel,yönlendirme
fiziksel mesafe,korunma mesafesi,anlam içi
fizik tedavi,fizyoterapi,anlam içi
fizyolog,fizyolojist,yönlendirme
fizyoterapist,fizik tedavi uygulayıcısı,yönlendirme
flama,alev,anlam içi
Flaman kuşu,flamingo,yönlendirme
flamingo,Flaman kuşu (Phoenicopterus ruber),anlam içi
flandra balığı,kurdele balığı,yönlendirme
flaş bellek,taşınır bellek,yönlendirme
flavta,flüt,yönlendirme
fleol,çayır otu,yönlendirme
floresan,florışıl,yönlendirme
floresans,florışı,yönlendirme
florin,gulden,anlam içi
florya,yelve (Chloris chloris),anlam içi
flöre,dürtücü kılıç,yönlendirme
flurcun,kocabaş,yönlendirme
fobi,yılgı,anlam içi
fok,ayı balığı (Phoca),anlam içi
folk,halk,yönlendirme
folklor,halk bilimi,yönlendirme
folklorcu,halk bilimci,yönlendirme
folklorik,halk bilimsel,yönlendirme
folklorist,halk bilimci,yönlendirme
folk müziği,halk müziği,yönlendirme
folyo kâğıdı,folyo,anlam içi
fonem,ses birimi,yönlendirme
fonetik,ses bilgisi,yönlendirme
fonksiyon,işlev,yönlendirme
fonksiyonalizm,işlevcilik,yönlendirme
fonksiyonel,işlevsel,yönlendirme
fonksiyonellik,işlevsellik,yönlendirme
fonograf,gramofon,yönlendirme
fonolit,sesli taş,yönlendirme
fonolog,ses bilimci,yönlendirme
fonoloji,ses bilimi,yönlendirme
fonolojik,ses bilimsel,yönlendirme
formasyon,pedagojik formasyon,yönlendirme
formatlatma,biçimlendirtme,yönlendirme
formatlatmak,biçimlendirtmek,yönlendirme
formel,resmî,yönlendirme
formen,ustabaşı,yönlendirme
formik asit,karınca asidi,anlam içi
fors,gösterişlilik,yönlendirme
fors,gidon,yönlendirme
forseps,tutçek,yönlendirme
forum,toplu tartışma,yönlendirme
forvet,ileri uç oyuncusu,yönlendirme
forvet,ileri uç,yönlendirme
foseptik,lağım çukuru,yönlendirme
fosil,müstehase,anlam içi
fosil,taşıl,anlam içi
fosilleşme,taşıllaşma,anlam içi
fosilleşmek,taşıllaşmak,anlam içi
fosilli,taşıllı,anlam içi
foto,fotoğraf,yönlendirme
fotoğraf,resim,anlam içi
fotoğraf,suret,anlam içi
fotoğraf,görünüm,yönlendirme
fotoğrafçı,fotoğrafhane,yönlendirme
fotokimya,fotoşimi,anlam içi
fotokopi,tıpkıçekim,anlam içi
fotometre,ışıkölçer,yönlendirme
fotometri,ışık ölçümü,yönlendirme
fotosfer,ışık yuvarı,yönlendirme
fototaksi,ışığa göçüm,yönlendirme
fototaktizm,ışığa göçüm,yönlendirme
fototropizm,ışığa doğrulum,yönlendirme
fragman,tanıtma filmi,yönlendirme
fraksiyon,hizip,yönlendirme
Fransız,Fransalı,anlam içi
Fransızca,Frenkçe,anlam içi
frekans,sıklık,yönlendirme
frengi,yenirce,anlam içi
frengi,sifilis,anlam içi
Frenk inciri,Hint inciri (Opuntia ficus-indica),anlam içi
frenlemek,gemlemek,anlam içi
frigorifik,soğutucu,yönlendirme
frikik,serbest vuruş,yönlendirme
friksiyon,ovma,yönlendirme
fruktoz,meyve şekeri,yönlendirme
fuaye,dinlenmelik,yönlendirme
fujer,eğrelti otu,yönlendirme
fukara,yoksul,yönlendirme
fukara,zavallı,yönlendirme
fukaralık,yoksulluk,yönlendirme
fukaralık,zavallılık,yönlendirme
fukara babası,fakir fukara babası,yönlendirme
fulya,soğan çiçeği,anlam içi
fulya,zerrin (Narcissus jonquilla),anlam içi
funda,süpürge otu,yönlendirme
fundamentalist,kökten dinci,yönlendirme
fundamentalizm,kökten dincilik,yönlendirme
futa,kik,anlam içi
futbolcu,topçu,anlam içi
füru,alt soy,yönlendirme
fütursuzca,fütursuzcasına,anlam içi
fütürist,gelecekçi,yönlendirme
fütürizm,gelecekçilik,yönlendirme
fütürolog,gelecek bilimci,yönlendirme
fütüroloji,gelecek bilimi,yönlendirme
fütürolojik,gelecek bilimsel,yönlendirme
füzen,kömür kalem,yönlendirme
füzyon,kaynaşma,yönlendirme
fâni,ölümlü,yönlendirme
fâni,insan,yönlendirme
fânilik,ölümlülük,yönlendirme
fâni dünya,ölümlü dünya,yönlendirme
gabavet,kalın kafalılık,yönlendirme
gabi,kalın kafalı,yönlendirme
gabilik,kalın kafalılık,yönlendirme
gabyacı,gabyar,anlam içi
gacır gacır,gacır gucur,yönlendirme
gaddar,kıyak,anlam içi
gaddar,kıyıcı,anlam içi
gaddarca,gaddarcasına,anlam içi
gaddarca,insafsızca,anlam içi
gaddarlık,kıyıcılık,anlam içi
gadir,gadirlik,anlam içi
gadir,kıygı,anlam içi
gaf,pot,anlam içi
gagaburun,gagalı,anlam içi
gagalı memeli,ornitorenk (Ornithorhynchus anatinus),anlam içi
Gagavuzca,Gagavuz Türkçesi,yönlendirme
gaip,üçüncü kişi,yönlendirme
gala,ilk gösterim,yönlendirme
galaksi,gök ada,yönlendirme
galat,yanılma,yönlendirme
galatıhis,yanılsama,yönlendirme
galatımeşhur,yaygın yanlış,anlam içi
galebe,yengi,yönlendirme
galebe,üstünlük,yönlendirme
galeyan,kaynama,yönlendirme
galibiyet,yengi,yönlendirme
galsame,solungaç,yönlendirme
gam,kaygı,yönlendirme
gam,skala,anlam içi
gambot,topçeker,yönlendirme
gamlanma,kaygılanma,yönlendirme
gamlanmak,kaygılanmak,yönlendirme
gamlı,kaygılı,yönlendirme
gamlılık,kaygılılık,yönlendirme
gammaz,ispiyoncu,yönlendirme
gammazlama,ispiyonlama,yönlendirme
gammazlamak,ispiyonlamak,yönlendirme
gammazlanma,ispiyonlanma,yönlendirme
gammazlanmak,ispiyonlanmak,yönlendirme
gammazlık,ispiyonculuk,yönlendirme
gamsız,kaygısız,yönlendirme
gamsız,tasasız,anlam içi
gamsızlık,kaygısızlık,yönlendirme
ganimet,şikâr,anlam içi
garabet,tuhaflık,yönlendirme
garantör,güvenceci,anlam içi
garantörlük,güvencecilik,anlam içi
garazkâr,garazlı,yönlendirme
Garbi,Batı,yönlendirme
gardırop,giysi dolabı,yönlendirme
gardıropçu,giydirici,yönlendirme
gardıropçuluk,giydiricilik,yönlendirme
gardiyan,infaz ve koruma memuru,yönlendirme
gardiyanlık,infaz ve koruma memurluğu,yönlendirme
gariplik,tuhaflık,yönlendirme
garnitür,bezenti,yönlendirme
gasba uğramak,gasbedilmek,anlam içi
gaseyan,kusma,yönlendirme
gasil,ölü yıkama,yönlendirme
gassal,ölü yıkayıcı,yönlendirme
gastroenterolog,sindirim bilimci,yönlendirme
gastroenteroloji,sindirim bilimi,yönlendirme
gastronom,küvet,yönlendirme
gato,pasta,yönlendirme
gaybubet,yokluk,yönlendirme
gayret,mücahede,anlam içi
gayrete gelmek,canlanmak,anlam içi
gayrı,gayri,anlam içi
gayriahlaki,töre dışı,yönlendirme
gayriciddi,laubali,yönlendirme
gayriihtiyari,istem dışı,yönlendirme
gayriinsani,insanlık dışı,yönlendirme
gayriiradi,irade dışı,yönlendirme
gayrikabil,imkânsız,yönlendirme
gayrikanuni,yasa dışı,yönlendirme
gayrimahdut,sınırsız,yönlendirme
gayrimenkul,taşınmaz,yönlendirme
gayrimeşru,yasa dışı,yönlendirme
gayrimeşruluk,yasa dışılık,yönlendirme
gayrimeşru çocuk,piç,yönlendirme
gayrimümkün,imkânsız,yönlendirme
gayrisafi,karışık,yönlendirme
gayrisıhhi,sağlıksız,yönlendirme
gayritabii,sıra dışı,yönlendirme
gayritabiilik,sıra dışılık,yönlendirme
gayya kuyusu,gayya,anlam içi
gayz,hınç,yönlendirme
gayzer,kaynaç,yönlendirme
gayzerit,kaynaç taşı,yönlendirme
gaz,gaz yağı,yönlendirme
gaz,gaz lambası,yönlendirme
gazal,ceylan,yönlendirme
gazap,öfke,yönlendirme
Gaziantep,Antep,anlam içi
Gaziantepli,Antepli,anlam içi
Gazianteplilik,Anteplilik,anlam içi
gazlamak,kaçmak,yönlendirme
gazlı bez,gaz bezi,anlam içi
gazometre,gazölçer,yönlendirme
gazometri,gaz ölçümü,yönlendirme
gaz sayacı,doğal gaz sayacı,anlam içi
gaz sobası,gaz yağı sobası,anlam içi
gaz yağı,taş yağı,anlam içi
gebe,yüklü,anlam içi
gebe,iki canlı,anlam içi
gebertebilme,öldürebilme,yönlendirme
gebertebilmek,öldürebilmek,yönlendirme
gebertilme,öldürülme,yönlendirme
gebertilmek,öldürülmek,yönlendirme
gebertme,öldürme,yönlendirme
gebertmek,öldürmek,yönlendirme
gebre otu,kebere,anlam içi
gebre otu,kapari (Capparis spinosa),anlam içi
gece,tün,anlam içi
gece,şeb,anlam içi
gece,geceleyin,yönlendirme
gecekondu,kondu,anlam içi
gecekonducu,konducu,anlam içi
gecesefası,akşamsefası,yönlendirme
gece kıyafeti,tuvalet,anlam içi
gece kıyafeti,abiye,anlam içi
gece kıyafeti,gecelik,yönlendirme
gece kuşu,yarasa,yönlendirme
gecikme,teehhür,anlam içi
gecikme,rötar,anlam içi
gecikmeli,tehirli,anlam içi
gecikmeli,rötarlı,anlam içi
gecikmesiz,tehirsiz,anlam içi
gecikmesiz,rötarsız,anlam içi
geciktirme,tavik,anlam içi
geciktirme,tehir,anlam içi
geciktirmek,tehir etmek,anlam içi
geçdoğan,postmatüre,anlam içi
geçe,yaka,yönlendirme
geçende,geçenlerde,yönlendirme
geçer,makbul,anlam içi
geçer,geçer not,yönlendirme
geçerleme,konfirmasyon,anlam içi
geçerlemek,konfirme etmek,anlam içi
geçerli,meri,anlam içi
geçerli,muteber,anlam içi
geçerlik,geçerlilik,yönlendirme
geçerlilik,valör,anlam içi
geçersizlik,hükümsüzlük,anlam içi
geçer değer,kotasyon,anlam içi
geçici,gelgeç,anlam içi
geçici,muvakkat,anlam içi
geçici,palyatif,anlam içi
geçici,kalıcı karşıtı,anlam içi
geçicilik,muvakkatlik,anlam içi
geçici pasaport,pembe pasaport,anlam içi
geçim,maişet,anlam içi
geçimlik,nafaka,yönlendirme
geçim derdi,geçim sıkıntısı,yönlendirme
geçim sıkıntısı,geçim zorluğu,anlam içi
geçinmek,taslamak,yönlendirme
geçirgen,geçirimli,anlam içi
geçirgenlik,geçirimlilik,anlam içi
geçirmek,vurmak,yönlendirme
geçiş,intikal,anlam içi
geçişim,hulul,anlam içi
geçişim,ozmoz,anlam içi
geçişim,intikal,anlam içi
geçişli,müteaddi: sevmek (okuma-yı sevmek),anlam içi
geçişli,görmek (ev-i görmek),anlam içi
geçişli,içmek (süt-ü içmek) vb,anlam içi
geçişme,hulul,anlam içi
geçişme,ozmoz,anlam içi
geçişmek,tedahül etmek,anlam içi
geçişsiz,lazım: gülmek,anlam içi
geçişsiz,ağlamak,anlam içi
geçişsiz,düşmek,anlam içi
geçişsiz,gitmek,anlam içi
geçişsiz,barışmak vb,anlam içi
geçiştirici,palyatif,anlam içi
geçiş üstünlüğü,geçiş önceliği,anlam içi
geçit resmi,geçit töreni,yönlendirme
geçit töreni,resmigeçit,anlam içi
geçkin,geçmiş,yönlendirme
geçme,mürur,anlam içi
geçmek,konu olmak,anlam içi
geçmek,işlemek,anlam içi
geçmek,sona ermek,anlam içi
geçmelik,müruriye,anlam içi
geçmemezlik,geçmezlik,yönlendirme
geçmiş,mazi,anlam içi
geçmişi kandilli,geçmişi kınalı,yönlendirme
geçmiş zaman,mazi: Ali geldi,anlam içi
geda,yoksul,yönlendirme
gedik,rahne,anlam içi
gedik,imtiyaz,anlam içi
gedikli,müdavim,yönlendirme
geğirme,teftih,anlam içi
gelberi,tırmık,yönlendirme
gelecek,istikbal,anlam içi
gelecek,müstakbel,anlam içi
gelecekçilik,fütüristlik,anlam içi
gelenek,örf,anlam içi
gelenek,tradisyon,anlam içi
gelenekleşme,ananeleşme,anlam içi
gelenekleşmek,ananeleşmek,anlam içi
gelenekli,ananeli,anlam içi
gelenekli,geleneksel,yönlendirme
geleneksel,anadan görme,anlam içi
geleneksel,tradisyonel,anlam içi
geleneksel,kökleşik,yönlendirme
gelen geçen,gelen giden,yönlendirme
gelgelelim,ille velakin,anlam içi
gelgit,metcezir,anlam içi
gelincik,gün gülü (Papaver rhoeas),anlam içi
gelinfeneri,kuş kirazı,yönlendirme
gelin abla,yenge,yönlendirme
gelin böceği,uğur böceği,yönlendirme
gelin mantarı,sinek mantarı,yönlendirme
gelin otu,güveyfeneri,yönlendirme
gelir,varidat,anlam içi
gelir,irat,anlam içi
geliş,vürut,anlam içi
gelişigüzel,rastgele,anlam içi
gelişigüzel,lalettayin,anlam içi
gelişigüzel,üstünkörü,yönlendirme
gelişim,inkişaf,anlam içi
gelişkin,mütekâmil,anlam içi
gelişme,inkişaf,anlam içi
gelişme,neşvünema,anlam içi
gelişme,tekâmül,anlam içi
gelişmek,neşvünema bulmak,anlam içi
gelişmek,inkişaf etmek,anlam içi
gelmek,türemek,yönlendirme
gelmek,uymak,yönlendirme
gemi,sefine,anlam içi
gemilik,tersane,yönlendirme
gencecik,gepegenç,anlam içi
gencecik,gepegencecik,anlam içi
gencelme,gençleşme,yönlendirme
gencelmek,gençleşmek,yönlendirme
genç,dinç,anlam içi
genç,toy,anlam içi
gençlik,şebabet,anlam içi
gene,yine,yönlendirme
genel,umumi,anlam içi
genelev,kırmızıfener,anlam içi
genelev,kerhane,anlam içi
genelev,umumhane,anlam içi
genelev,babilhane,anlam içi
genelge,tamim,anlam içi
genelge,sirküler,anlam içi
genelleme,tamim,anlam içi
genellemek,tamim etmek,anlam içi
genellemek,belirlemek karşıtı,anlam içi
genelleşme,umumileşme,anlam içi
genelleşme,taammüm,anlam içi
genelleşmek,umumileşmek,anlam içi
genelleşmek,taammüm etmek,anlam içi
genelleştirilme,umumileştirilme,anlam içi
genelleştirilmek,umumileştirilmek,anlam içi
genelleştirme,umumileştirme,anlam içi
genelleştirme,tamim,anlam içi
genelleştirmek,umumileştirmek,anlam içi
genellik,umumiyet,anlam içi
genellik,umumilik,anlam içi
genellikle,umumiyetle,anlam içi
genelmek,genişlemek,yönlendirme
genel af,umumi af,anlam içi
genel ağ,siber uzay,anlam içi
genel ağ,siber âlem,anlam içi
genel anestezi,genel uyuşturma,anlam içi
genel coğrafya,umumi coğrafya,anlam içi
genel görünüm,panorama,anlam içi
genel görünümlü,panoramik,anlam içi
genel kurul,umumi heyet,anlam içi
genel kurul,genel kurul toplantısı,yönlendirme
genel müdür,umum müdür,anlam içi
genel müdürlük,umum müdürlük,anlam içi
genel sekreter,genel yazman,anlam içi
genel sekreter,umumi kâtip,anlam içi
genel sekreterlik,genel yazmanlık,anlam içi
genel uygunluk bildirimi,umum mutabakat beyannamesi,anlam içi
genetik,kalıtım bilimi,yönlendirme
geniş,gen,anlam içi
geniş,vâsi,anlam içi
geniş,makro,anlam içi
geniş,dar karşıtı,anlam içi
genişleme,genelme,anlam içi
genişleme,tevessü,anlam içi
genişletme,tevsi,anlam içi
genişlik,genlik,anlam içi
genişlik,vüsat,anlam içi
genişlik,"en (I), boy karşıtı",yönlendirme
geniş mezhepli,mezhebi geniş,yönlendirme
geniş mezheplilik,mezhebi genişlik,yönlendirme
genitif,ilgi durumu,yönlendirme
genizsil,genzel,anlam içi
genizsil,nazal,anlam içi
genosit,soykırım,yönlendirme
gensoru,istizah,anlam içi
gerçeğe aykırı,gerçek dışı,yönlendirme
gerçeğe aykırılık,gerçek dışılık,yönlendirme
gerçek,gerçeklik,yönlendirme
gerçek,doğruluk,yönlendirme
gerçekçi,realist,anlam içi
gerçekçilik,realizm,anlam içi
gerçekçilik,realistlik,anlam içi
gerçekleme,teyit,anlam içi
gerçeklemek,teyit etmek,anlam içi
gerçeklenmek,teyit edilmek,anlam içi
gerçekleşme,tahakkuk,anlam içi
gerçekleşmek,tahakkuk etmek,anlam içi
gerçekleştirme,temin,anlam içi
gerçekleştirme,realizasyon,anlam içi
gerçekleştirmek,yapmak,anlam içi
gerçekleştirmek,ortaya koymak,anlam içi
gerçekleştirme görevlisi,gerçekleştirme memuru,anlam içi
gerçeklik,hakikilik,anlam içi
gerçeklik,sahihlik,anlam içi
gerçeklik,şeniyet,anlam içi
gerçeklik,realite,anlam içi
gerçeklik,reellik,anlam içi
gerçekten,harbiden,anlam içi
gerçekten,sahi,anlam içi
gerçekten,sahiden,anlam içi
gerçeküstü,sürreal,anlam içi
gerçeküstü,sürrealite,anlam içi
gerçeküstücü,sürrealist,anlam içi
gerçeküstücülük,sürrealizm,anlam içi
gerçek dışı,hilafıhakikat,anlam içi
gerçek dışı,irrealist,anlam içi
gerçi,vâkıâ,anlam içi
gerdanlık,kılade,anlam içi
gerdek,zifaf,anlam içi
gereç,materyal,anlam içi
gereğince,uyarınca,anlam içi
gereğince,mucibince,anlam içi
gereğince,usulünce,anlam içi
gereğince,usulü dairesinde,anlam içi
gerek,lüzum,anlam içi
gerek,ister,anlam içi
gerek,icap,anlam içi
gerek,lazım,anlam içi
gerekçe,mucip sebep,anlam içi
gerekçe,lazıme,anlam içi
gerekli,lüzumlu,anlam içi
gerekli,mukteza,anlam içi
gerekli,muktezi,anlam içi
gerekli,zaruri,anlam içi
gereklik,iktiza,anlam içi
gereklilik,lüzumluluk,anlam içi
gereklilik,zarurilik,anlam içi
gereklilik,zorunluluk,yönlendirme
gerekme,iktiza,anlam içi
gerekmek,gerek olmak,anlam içi
gerekmek,lazım olmak,anlam içi
gerekmek,icap etmek,anlam içi
gerekmek,iktiza etmek,anlam içi
gereksemek,ihtiyaç duymak,anlam içi
gereksemek,muhtaç olmak,anlam içi
gereksinim,ihtiyaç,anlam içi
gereksiz,kıvır zıvır,anlam içi
gereksiz,lüzumsuz,anlam içi
gereksiz,zait,anlam içi
gereksizlik,lüzumsuzluk,anlam içi
gereksiz yere,lüzumsuz yere,anlam içi
gerektirme,istilzam,anlam içi
gerektirmek,icap ettirmek,anlam içi
gerektirmek,istilzam etmek,anlam içi
gerektirmek,mucip olmak,anlam içi
gerelti,perde,yönlendirme
gergi,perde,yönlendirme
gerginlik,yüklülük,anlam içi
geri,"arka, ileri karşıtı",yönlendirme
geriatri,yaşlılık bilimi,yönlendirme
gerici,mürteci,anlam içi
gerici,ilerici karşıtı,anlam içi
gericilik,irtica,anlam içi
gericilik,mürtecilik,anlam içi
gerileme,ricat,anlam içi
gerilim,tansiyon,anlam içi
gerilim,tevettür,anlam içi
gerilim,potansiyel farkı,anlam içi
gerilim,voltaj,anlam içi
gerilimölçer,tansiyometre,anlam içi
gerilim ölçümü,tansiyometri,anlam içi
gerilme,tevettür,anlam içi
gerilmek,kasılmak,yönlendirme
gerisin geri,gerisin geriye,anlam içi
geriz,lağım,yönlendirme
geri bildirim,dönüt,anlam içi
geri çekilme,ricat,anlam içi
geri hizmet,ikmal,anlam içi
geri hizmet,lojistik,anlam içi
geri kalmış,az gelişmiş,yönlendirme
geri kalmışlık,az gelişmişlik,yönlendirme
geri plan,arka plan,yönlendirme
geri zekâlı,gerzek,anlam içi
Germanofil,Almansever,yönlendirme
germek,uzatmak,anlam içi
getiri,yarar,yönlendirme
getiri,kâr,yönlendirme
getiri,kazanç,yönlendirme
getirim,rant,anlam içi
getirimci,rantiye,anlam içi
getirimci,rantçı,anlam içi
getirtmek,celbetmek,anlam içi
getto,Yahudi mahallesi,anlam içi
geven,keven (Astragalus),anlam içi
geveze,ayran ağızlı,anlam içi
geveze,lafçı,anlam içi
geveze,lafazan,anlam içi
geveze,zevzek,anlam içi
geveze,lakırtı ebesi,anlam içi
geveze,lakırtı kavafı,anlam içi
geveze,lakırtıcı,anlam içi
geveze,mavracı,anlam içi
geveze,boşboğaz,yönlendirme
gevezelenme,zevzeklenme,anlam içi
gevezelenmek,zevzeklenmek,anlam içi
gevezelik,yeşillik,anlam içi
gevezelik,zevzeklik,anlam içi
gevezelik,lafazanlık,anlam içi
gevezelik,mavra,anlam içi
gevşeme,relaks,anlam içi
gezdirmek,taşımak,yönlendirme
gezegen,seyyare,anlam içi
gezegen,planet,anlam içi
gezeğen,gezenti,yönlendirme
gezelemek,gezinmek,yönlendirme
gezen tavuk yumurtası,köy yumurtası,yönlendirme
gezgin,gezmen,anlam içi
gezgin,seyyah,anlam içi
gezginci,gezici,yönlendirme
gezginlik,seyyahlık,anlam içi
gezi,seyahat,anlam içi
gezici,seyyar,yönlendirme
gezimcilik,Aristotelesçilik,yönlendirme
gezinti,teferrüç,anlam içi
gezinti,tenezzüh,anlam içi
gezinti yeri,seyranlık,anlam içi
gezinti yeri,promönat,anlam içi
gezlemek,nişan almak,anlam içi
gezme,seyran,anlam içi
gezmek,bulunmak,yönlendirme
gezmek,görmek,anlam içi
gıcıklamak,kuşkulandırmak,yönlendirme
gıcır,yeni,yönlendirme
gıcırı bükme,zoraki,yönlendirme
gıcır gıcır,yepyeni,yönlendirme
gıcır gıcır,gıcırtı,yönlendirme
gıdık,gıdı,anlam içi
gıpta,imrenme,yönlendirme
gırnatacılık,klarnetçilik,yönlendirme
gırtlak,ümük,anlam içi
gırtlak,imik,anlam içi
gıyap,yitiklik,anlam içi
gıygıycı,kemancı,yönlendirme
gibi,imişçesine,anlam içi
gibi,kadar,anlam içi
gibi,üzere,anlam içi
gibisi,benzeri,yönlendirme
gicişmek,gidişmek,anlam içi
gider,masraf,anlam içi
giderek,gittikçe,yönlendirme
gide gide,gittikçe,yönlendirme
gidiş geliş,trafik,yönlendirme
gidon,yönelteç,yönlendirme
gine,yine,yönlendirme
girift,girişik,anlam içi
giriftlik,girişiklik,anlam içi
girimlik,giriş kartı,yönlendirme
giriş,methal,anlam içi
girişik bezeme,girift tezyinat,anlam içi
girişik tümce,girişik cümle,yönlendirme
girişim,teşebbüs,anlam içi
girişimci,müteşebbis,anlam içi
girişimölçer,interferometre,anlam içi
girişim ölçme,interferometri,anlam içi
girişken,girişkin,anlam içi
girişkenlik,girişkinlik,anlam içi
girişlik,girizgâh,yönlendirme
girişme,teşebbüs,anlam içi
giriş kartı,serbest kart,anlam içi
giriş katı,yer katı,anlam içi
giriş katı,zemin katı,anlam içi
giriş ücreti,girmelik,anlam içi
girme,intisap,anlam içi
girmek,kaçmak,anlam içi
girmek,sığmak,yönlendirme
girmek,katılmak,yönlendirme
girmek,bulaşmak,yönlendirme
girmek,yüklenmek,yönlendirme
gişe,şalter,anlam içi
gitarcı,gitarist,anlam içi
gitgide,gittikçe,yönlendirme
gitmek,gidedurmak,anlam içi
gitmek,uzanmak,anlam içi
gitmek,ölmek,yönlendirme
gitmek,satılmak,yönlendirme
gitmek,yapmak,yönlendirme
gitmek,yuvarlanmak,anlam içi
gittikçe,git git,anlam içi
gittikçe,yavaş yavaş,anlam içi
gittikçe,tedricen,anlam içi
giyecek,giysi,yönlendirme
giyim,giysi,yönlendirme
giyim kuşam,üst baş,yönlendirme
giyinmek,giymek,yönlendirme
giyit,giysi,yönlendirme
giymek,kuşanmak,anlam içi
giysi,üst,anlam içi
giysi,kılık kıyafet,anlam içi
giysi,kıyafet,anlam içi
giysi,libas,anlam içi
giysi,ruba,anlam içi
giysi,urba,anlam içi
giysisizlik,elbisesizlik,anlam içi
giysisizlik,esvapsızlık,anlam içi
giysisizlik,libassızlık,anlam içi
giysisizlik,urbasızlık,anlam içi
giysi dolabı,esvap dolabı,anlam içi
giz,sır,yönlendirme
gizem,sır,yönlendirme
gizemci,mistik,anlam içi
gizemcilik,mistisizm,anlam içi
gizemcilik,mistiklik,anlam içi
gizemsel,mistik,anlam içi
gizemsellik,mistiklik,anlam içi
gizil,potansiyel,yönlendirme
gizil güç,potansiyel,anlam içi
gizleme,kamuflaj,anlam içi
gizlemek,peçelemek,anlam içi
gizlemek,kamufle etmek,anlam içi
gizlenmek,saklanmak,anlam içi
gizli,mahfi,anlam içi
gizli,edimsel karşıtı,anlam içi
gizli,kapalı,anlam içi
gizli,mahrem,anlam içi
gizli,mestur,anlam içi
gizli,mesture,anlam içi
gizli,nihan,anlam içi
gizli,muzlim,anlam içi
gizli,zımni,anlam içi
gizlice,el altından,anlam içi
gizlice,uğrun,anlam içi
gizlice,zuladan,anlam içi
gizlicilik,okültizm,anlam içi
gizlilik,mahremiyet,anlam içi
gizli celse,gizli duruşma,yönlendirme
gizli celse,"kapalı oturum, açık celse karşıtı",yönlendirme
gizli oturum,"kapalı oturum, açık oturum karşıtı",yönlendirme
glasnost,açıklık politikası,yönlendirme
glasyolojik,buzul bilimsel,yönlendirme
glayöl,kuzgunkılıcı,yönlendirme
glikol,dialkol (CH2OH-CH2OH),anlam içi
glikoz,üzüm şekeri (C6H12O6),anlam içi
global,küresel,yönlendirme
global,toptan,yönlendirme
globalleşme,küreselleşme,yönlendirme
globalleşmek,küreselleşmek,yönlendirme
globalleştirme,küreselleştirme,yönlendirme
globalleştirmek,küreselleştirmek,yönlendirme
globallik,küresellik,yönlendirme
glokom,karasu,yönlendirme
goji berry,kurt üzümü,yönlendirme
gonca,tomurcuk,anlam içi
Gotik,Gotça,yönlendirme
goygoy,hoygoygoy,anlam içi
goygoycu,şakşakçı,yönlendirme
goygoycu,hoygoygoycu,anlam içi
goygoyculuk,hoygoygoyculuk,anlam içi
göbek,poyra,yönlendirme
göbek,kuşak,yönlendirme
göbek bağı,kordon,anlam içi
göç,taşınma,anlam içi
göç,hicret,anlam içi
göç,muhaceret,anlam içi
göç,nakil,anlam içi
göçebe,göçer,anlam içi
göçebe,göçkün,anlam içi
göçebelik,göçerlik,anlam içi
göçerkonar,konargöçer,yönlendirme
göçermek,göçürmek,yönlendirme
göçmek,ölmek,yönlendirme
göçmen,muhacir,anlam içi
göçmenlik,muhacirlik,anlam içi
göçü,toprak kayması,yönlendirme
göçüm,taksi,anlam içi
göçüşme,sarımsak > sarmısak vb,anlam içi
göden,göden bağırsağı,anlam içi
göden,rektum,anlam içi
göden,işkembe,yönlendirme
göğüs,sine,anlam içi
göğüs,sırt karşıtı,anlam içi
göğüs,meme,yönlendirme
göğüs boşluğu,göğüs kovuğu,anlam içi
göğüs boşluğu,göğüs çukuru,anlam içi
göğüs kemiği,iman tahtası,anlam içi
gök,uzay,yönlendirme
gök,gök kubbe,anlam içi
gök,sema,anlam içi
gökbalina,mavibalina,yönlendirme
gökçe,semavi,anlam içi
gökçül,semavi,anlam içi
gökdelen,göktırmalayan,anlam içi
gökdelen,gök tırmalayıcı,anlam içi
gökevi,yıldızlık,anlam içi
gökevi,planetaryum,anlam içi
gökkuşağı,gelinkuşağı,anlam içi
gökkuşağı,meryemanakuşağı,anlam içi
gökkuşağı,yağmurkuşağı,anlam içi
göknar,köknar,yönlendirme
göksel,semavi,anlam içi
Göktürk,Köktürk,yönlendirme
Göktürkçe,Köktürk Türkçesi,yönlendirme
Göktürk alfabesi,Köktürk alfabesi,yönlendirme
Göktürk harfleri,Köktürk alfabesi,yönlendirme
Göktürk Türkçesi,Köktürk Türkçesi,yönlendirme
Gökyolu,Samanyolu,yönlendirme
gök bilimci,yıldız bilimci,anlam içi
gök bilimi,yıldız bilimi,anlam içi
gök bilimi,heyet,anlam içi
gök gürlemesi,gök gürültüsü,anlam içi
gök kandil,kör kandil,yönlendirme
gök taşı,şimşek taşı,anlam içi
gök taşı,uzay taşı,anlam içi
gök taşı,meteor,anlam içi
gök taşı,meteor taşı,anlam içi
gök taşı,meteorit,anlam içi
gök yakut,safir,anlam içi
gölcük,gölet,yönlendirme
gölek,gölet,yönlendirme
gölge,saye,anlam içi
gölge,silüet,anlam içi
gölgelik,sayeban,anlam içi
gölgelik,pergola,anlam içi
gölge balığı,taş levreği,anlam içi
gölge balığı,minakop,anlam içi
gölge balığı,kötek balığı (Umbrina cirhosa),anlam içi
gölge mutfak,hayalet mutfak,anlam içi
gölge mutfak,bulut mutfak,anlam içi
göl ayağı,gideğen,anlam içi
gömgök,masmavi,yönlendirme
gömlek,işlik,anlam içi
gömlek,kombinezon,anlam içi
gömlek yağı,kavram yağı,anlam içi
gömme,tedfin,anlam içi
gömme,kül çöreği,anlam içi
gömmek,defnetmek,anlam içi
gömme dolap,yerli dolap,anlam içi
gömülü,metfun,anlam içi
gömüt,mezar,yönlendirme
gömütlük,mezarlık,yönlendirme
gön,kösele,yönlendirme
gönder,üvendire,yönlendirme
gönderme,irsal,anlam içi
göndermek,yollamak,anlam içi
göndermek,irsal etmek,anlam içi
gönderme belgesi,irsaliye,anlam içi
gönenç,refah,anlam içi
gönençli,müreffeh,anlam içi
gönençli,refahlı,anlam içi
gönençlilik,müreffehlik,anlam içi
gönenmek,sevinmek,anlam içi
gönenmek,abat olmak,anlam içi
gönül,içeri,anlam içi
gönül,yürek,anlam içi
gönül,kalp,anlam içi
gönül,istek,yönlendirme
gönül,sine,yönlendirme
gönül borcu,minnet,anlam içi
gönül borcu,minnettarlık,anlam içi
gönül borcu,şükran,anlam içi
gönül borçlusu,minnettar,yönlendirme
gönül rahatlığı,huzur,anlam içi
gönül rahatlığı,itminan,anlam içi
gönül yarası,yürek yarası,anlam içi
gönül yarası,dil yarası,anlam içi
gönül yarası,kalp yarası,anlam içi
gördek,acı balık,yönlendirme
göre,gereğince,anlam içi
göre,bakarak,anlam içi
görece,göreceli,anlam içi
görev,işlev,yönlendirme
görev,vazife,anlam içi
görev,misyon,anlam içi
görevcilik,işlevcilik,yönlendirme
görevdaşlık,sinerji,anlam içi
görevlendirilmek,vazifelendirilmek,anlam içi
görevlendirilmek,tavzif edilmek,anlam içi
görevlendirme,tavzif,anlam içi
görevlendirmek,vazifelendirmek,anlam içi
görevlendirmek,tavzif etmek,anlam içi
görevlenme,tavzif,anlam içi
görevli,vazifeli,anlam içi
görevli,işyar,anlam içi
görevli,memur,yönlendirme
görevlilik,memurluk,anlam içi
görevselcilik,işlevcilik,yönlendirme
görev şehidi,görev kurbanı,anlam içi
görgü,terbiye,anlam içi
görgü,tecrübe,anlam içi
görgüsüz,kaba saba,anlam içi
görgü kuralları,muaşeret adabı,anlam içi
görkem,ihtişam,anlam içi
görkem,tantana,anlam içi
görkem,şatafat,anlam içi
görkem,şaşaa,anlam içi
görkemli,ihtişamlı,anlam içi
görkemli,muhteşem,anlam içi
görkemli,mutantan,anlam içi
görkemli,şaşaalı,anlam içi
görkemli,şatafatlı,anlam içi
görkemli,tantanalı,anlam içi
görkemlilik,muhteşemlik,anlam içi
görkemsiz,ihtişamsız,anlam içi
görkemsizlik,ihtişamsızlık,anlam içi
görkemsizlik,şatafatsızlık,anlam içi
görme,rüyet,anlam içi
görme,müşahede,anlam içi
görmez,görme engelli,yönlendirme
görme gözesi,görme hücresi,yönlendirme
görmüşlük duygusu,görmüşlük hissi,anlam içi
görmüşlük duygusu,dejavu,anlam içi
görsel-işitsel,odyovizüel,anlam içi
görü,nezaret,anlam içi
görülen geçmiş zaman,-di’li geçmiş zaman: al-dı,anlam içi
görülen geçmiş zaman,bil-di,anlam içi
görülen geçmiş zaman,saç-tı,anlam içi
görülen geçmiş zaman,seç-ti vb,anlam içi
görüngü,numen karşıtı,anlam içi
görüngücü,olaycı,anlam içi
görüngücü,fenomenist,anlam içi
görüngücülük,olaycılık,anlam içi
görüngü bilimi,olay bilimi,anlam içi
görüngü bilimsel,olay bilimsel,anlam içi
görünme,teberrüz,anlam içi
görünmek,gözükmek,anlam içi
görünmemezlik,görünmezlik,yönlendirme
görüntü,manzara,yönlendirme
görünüm,zevahir,anlam içi
görünüm,vizyon,anlam içi
görünüm,görünüş,yönlendirme
görünüş,manzara,anlam içi
görünüşte,sureta,anlam içi
görünüşte,zahirde,anlam içi
görünüşte,zahiren,anlam içi
görüş,kanaat,anlam içi
görüş,konsept,anlam içi
görüşme,konuşma,anlam içi
görüşmek,müzakere etmek,anlam içi
görüşülmek,müzakere edilmek,anlam içi
gösterge,işaret,anlam içi
gösterge,icmal,anlam içi
gösterge,indeks,anlam içi
gösterge,belirtke,anlam içi
gösterge,müşir,anlam içi
gösterge,indikatör,anlam içi
gösterge bilimi,im bilimi,anlam içi
gösterge bilimi,semiyoloji,anlam içi
gösterge bilimi,semiyotik,anlam içi
gösteri,nümayiş,anlam içi
gösteri,şov,anlam içi
gösterici,nümayişçi,anlam içi
gösterici,yansıtım aygıtı,yönlendirme
göstericilik,nümayişçilik,anlam içi
gösterim,projeksiyon,anlam içi
gösterim,vizyon,anlam içi
gösterim,seans,anlam içi
gösteriş,alengir,anlam içi
gösteriş,hökelek,anlam içi
gösteriş,polim,anlam içi
gösteriş,tumturak,anlam içi
gösterişçi,polimci,anlam içi
gösterişçilik,fiyakacılık,anlam içi
gösterişli,hökelekli,anlam içi
gösterişli,sunturlu,anlam içi
gösterişli,tumturaklı,anlam içi
gösterişli,müşekkel,anlam içi
gösterişlilik,fiyakalılık,anlam içi
gösterişsiz,fiyakasız,anlam içi
gösterişsiz,şansız,anlam içi
gösterişsiz,mütevazı,anlam içi
gösterişsizlik,fiyakasızlık,anlam içi
gösteri adamı,şovmen,anlam içi
gösterme,teşhir,anlam içi
göstermeci,ut açıcı,anlam içi
göstermeci,teşhirci,anlam içi
göstermecilik,ut açıcılık,anlam içi
göstermecilik,teşhircilik,anlam içi
göstermecilik,eksibisyonizm,anlam içi
göstermelik,numune,anlam içi
gösterme hastalığı,büyüklük hastalığı,yönlendirme
gösterme parmağı,işaret parmağı,yönlendirme
gösterme sıfatı,işaret sıfatı,yönlendirme
gösterme zamiri,işaret zamiri,yönlendirme
göt,kıç,yönlendirme
götün götün,geri geri,yönlendirme
götürmek,öldürmek,yönlendirme
götürmek,vardırmak,yönlendirme
götürü,kabala,anlam içi
götürü,zarar,yönlendirme
göveri,sebze,yönlendirme
gövermek,yeşermek,yönlendirme
gövermek,morarmak,yönlendirme
göverti,sebze,yönlendirme
göverti,morluk,yönlendirme
göz,çeşm,anlam içi
göz,oda,yönlendirme
göz,kaynak,yönlendirme
göz,nazar,yönlendirme
gözaltı,gözetim,anlam içi
gözaltı,nezaret,anlam içi
gözaltı,denetleme,yönlendirme
gözcü,gözetmen,yönlendirme
gözcü,göz doktoru,yönlendirme
göze,hücre,yönlendirme
göze,pınar,yönlendirme
gözeler arası,hücreler arası,yönlendirme
gözene,gözlük,anlam içi
gözenek,mesame,anlam içi
gözetici,sürveyan,anlam içi
gözetim,nezaret,anlam içi
gözetleniş,dikizleniş,anlam içi
gözetlenme,dikizlenme,anlam içi
gözetlenmek,dikizlenmek,anlam içi
gözetletme,dikizletme,anlam içi
gözetletmek,dikizletmek,anlam içi
gözetleyiş,dikizleyiş,anlam içi
gözetmek,himaye etmek,anlam içi
gözetmek,kovmak,anlam içi
gözetmek,kayırmak,yönlendirme
gözevi,göz yuvası,yönlendirme
göze bilimi,hücre bilimi,yönlendirme
göze göz,kısasa kısas,yönlendirme
göze yutarlığı,hücre yutarlığı,yönlendirme
gözlem,müşahede,anlam içi
gözlem,rasat,anlam içi
gözlemci,müşahit,anlam içi
gözlemci,rasıt,anlam içi
gözlemci,teleskop,yönlendirme
gözlemcilik,rasatçılık,anlam içi
gözleme,tarassut,anlam içi
gözlemek,intizar etmek,anlam içi
gözlemek,gözlemlemek,anlam içi
gözlemek,tarassut etmek,anlam içi
gözlemevi,rasathane,anlam içi
gözlemevi,observatuvar,anlam içi
gözlemlemek,müşahede etmek,anlam içi
gözlükçü,optik,anlam içi
gözlükçü,optikçi,anlam içi
gözlüklü yılan,kobra,yönlendirme
gözü pek,korkusuz,yönlendirme
gözü sulu,sulu gözlü,yönlendirme
gözü sululuk,sulu gözlülük,yönlendirme
gözü tok,gözü gönlü tok,anlam içi
gözü tok,kanık,anlam içi
gözü tok,tokgözlü,anlam içi
gözyaşı,yaş,anlam içi
göz akı,sert tabaka,anlam içi
göz bağı,illüzyon,anlam içi
göz bilimi,oftalmoloji,anlam içi
göz boncuğu,nazar boncuğu,yönlendirme
göz erimi,ufuk,yönlendirme
göz etçiği,göz memesi,anlam içi
göz pınarı,gözyaşı pınarı,anlam içi
göz taşı,bakır tuzu (CuSO4),anlam içi
graben,çöküntü hendeği,yönlendirme
grafik bilgi,infografik,anlam içi
grafik tasarımcılığı,grafikçilik,anlam içi
grafik tasarımcılığı,grafikerlik,anlam içi
grafik tasarımcısı,grafikçi,anlam içi
grafik tasarımcısı,grafiker,anlam içi
grafolog,yazı bilimci,yönlendirme
grafoloji,yazı bilgisi,yönlendirme
grafoloji,yazı bilimi,yönlendirme
gramağırlık,gramkuvvet,yönlendirme
gramofon,sesyazar,anlam içi
gravür,çukur baskı,anlam içi
gravyer,gravyer peyniri,yönlendirme
greçka,karabuğday,yönlendirme
gres,makine yağı,yönlendirme
gres yağı,makine yağı,yönlendirme
grev,iş bırakımı,anlam içi
grevci,iş bırakımcı,anlam içi
greyfurt,kızmemesi (Citrus decumana),anlam içi
greyfurt,kızmemesi,anlam içi
gri,kül rengi,yönlendirme
gril,ızgara,yönlendirme
grimsi,grimtırak,anlam içi
grip,paçavra hastalığı,anlam içi
grip,İspanyol nezlesi,anlam içi
grizumetre,grizuölçer,yönlendirme
gri pasaport,hizmet pasaportu,yönlendirme
grup,küme,anlam içi
grup,takım,anlam içi
grup,kategori,yönlendirme
grup,öbek,yönlendirme
guatr,guşa,anlam içi
guguk,guguk kuşu,yönlendirme
guguklu,guguklu saat,yönlendirme
guguk kuşu,guguk (Cuculus canorus),anlam içi
gugu çiçeği,hüsnüyusuf,yönlendirme
gurbet,gurbetlik,anlam içi
gurk,kuluçka,yönlendirme
gurlama,guruldama,yönlendirme
gurlamak,guruldamak,yönlendirme
gurme,tatbilir,anlam içi
gurur,kurum,yönlendirme
gurur,kibir,yönlendirme
gururlu,kibirli,yönlendirme
gurursuz,azametsiz,anlam içi
gübre,kemre,anlam içi
gübreleme,kemreleme,anlam içi
gübrelemek,kemrelemek,anlam içi
gübrelik,kemrelik,anlam içi
gücenik,muğber,anlam içi
güceniklik,kırıklık,anlam içi
gücenmek,içerlemek,anlam içi
gücenmek,kırılmak,anlam içi
gücük ay,şubat,yönlendirme
güç,meşakkatli,anlam içi
güç,kolay karşıtı,anlam içi
güç,zor,yönlendirme
güç,kuvvet,anlam içi
güçlü,yavuz,anlam içi
güçlü,kudretli,anlam içi
güçlük,zorluk,yönlendirme
güçlük,zahmet,anlam içi
güçlük,meşakkat,anlam içi
güçlükle,bin bela,anlam içi
güçlükle,ite kaka,anlam içi
güçlükle,öle dirile,anlam içi
güçlükle,zor,anlam içi
güçlükle,zorlukla,anlam içi
güçlükle,zar zor,anlam içi
güçlükle,zor bela,anlam içi
güçlükle,zoru zoruna,anlam içi
güçlülük,pehlivanlık,anlam içi
güçsüz,sökel,anlam içi
güç kaynağı,enerji kaynağı,anlam içi
güdeleme,motivasyon,anlam içi
güdü,saik,anlam içi
güdüm,idare,anlam içi
güdüm bilimi,sibernetik,yönlendirme
güfte,söz,anlam içi
güfteci,söz yazarı,yönlendirme
güherçile,potasyum nitrat (KNO3),anlam içi
güldeste,seçki,yönlendirme
güldürü,mudhike,anlam içi
güldürü,komedi,anlam içi
güldürü,komedya,anlam içi
güldürücü,komik,yönlendirme
güleç,mütebessim,anlam içi
güler yüzlü,beşuş,anlam içi
güler yüzlülük,beşuşluk,anlam içi
gülibrişim,ipek ağacı,yönlendirme
güllabi,güllabici,anlam içi
gülme,hande,anlam içi
gülme,kahkaha,yönlendirme
gülmece,mizah,anlam içi
gülmece,humor,anlam içi
gülmece,ironi,anlam içi
gülmeceli,mizahi,anlam içi
gülücük,tebessüm,anlam içi
gülük,hindi,yönlendirme
gülümseme,tebessüm,anlam içi
gülünç,komik,yönlendirme
gülünç,tuhaf,anlam içi
gülünçleşme,komikleşme,anlam içi
gülünçleşmek,komikleşmek,anlam içi
gülünçlük,komiklik,anlam içi
gülüş,hande,anlam içi
gül böceği,altın böcek,yönlendirme
gümbürdemek,ölmek,yönlendirme
gümrahlık,bolluk,anlam içi
gümrahlık,sıklık,anlam içi
gümrahlık,gürlük,anlam içi
gümrük kapısı,sınır kapısı,anlam içi
gümüş,sim,anlam içi
gümüş,arjante (simgesi Ag),anlam içi
gümüş,arjante,anlam içi
gümüşi,gümüş rengi,yönlendirme
gümüşi akasya,mimoza,yönlendirme
gümüşsü,gümüşümsü,anlam içi
gümüş balığı,aterina (Atherina presbyter),anlam içi
gün,güneş,yönlendirme
gün,gündüz,yönlendirme
gün,ruz,anlam içi
günah,yazık,anlam içi
günahkâr,günahlı,anlam içi
günahsız,yazıksız,anlam içi
günbegün,günden güne,yönlendirme
günce,günlük,yönlendirme
güncek,şemsiye,yönlendirme
güncel,gündeş,anlam içi
güncelik,günlük,yönlendirme
güncelleşme,aktüelleşme,anlam içi
güncelleşmek,aktüelleşmek,anlam içi
güncelleştirme,aktüelleştirme,anlam içi
güncelleştirmek,aktüelleştirmek,anlam içi
güncellik,aktüellik,anlam içi
gündelik,vazife,anlam içi
gündelik,yevmiye,anlam içi
gündelik,yevmi,anlam içi
gündelikçi,günlükçü,anlam içi
gündelikçi,yevmiyeci,anlam içi
gündelikçilik,yevmiyecilik,anlam içi
gündelikli,yevmiyeli,anlam içi
gündem,ruzname,anlam içi
günden güne,gün günden,anlam içi
gündeş,çağdaş,yönlendirme
gündüzlü,yatısız,anlam içi
gündüzlü,nehari,anlam içi
gündüzsefası,kahkaha çiçeği,yönlendirme
güneğik,hindiba,yönlendirme
güneş,şems,anlam içi
güneşleme,güneşlenme,yönlendirme
güneşlemek,güneşlenmek,yönlendirme
güneşlik,siperlik,yönlendirme
güneştopu,Acem lalesi,yönlendirme
güneş enerjisi,güneş kolektörü,anlam içi
güneş hayvancıkları,günsüler,anlam içi
Güneş tacı,korona,anlam içi
Güneş tutulması,gün tutulması,anlam içi
Güneş tutulması,küsuf,anlam içi
güney,lodosluk,anlam içi
güney,kuzey karşıtı,anlam içi
güney karamanı,güney karaman koyunu,anlam içi
güney küre,güney yarım küre,yönlendirme
güne doğrulum,yönelim,yönlendirme
günlerce,günler günü,anlam içi
günlü,tarihli,yönlendirme
günlük,jurnal,anlam içi
günlük,muhtıra,anlam içi
günlük ağacı,sigala,anlam içi
günlük ağacı,sığla (Liquidambar orientalis),anlam içi
günlük defter,yevmiye defteri,anlam içi
günsüz,erkendoğan,yönlendirme
günü,kıskançlık,yönlendirme
günübirliğine,günübirlik,yönlendirme
günücü,kıskanç,yönlendirme
günücülük,kıskançlık,yönlendirme
günüleme,kıskanma,yönlendirme
günülemek,kıskanmak,yönlendirme
günün adamı,zamane adamı,anlam içi
gün batımı,gurup,anlam içi
gün gülü,gelincik,yönlendirme
gün ortası,öğle,yönlendirme
günâşık,ayçiçeği,yönlendirme
gün tün eşitliği,ılım,anlam içi
güpür,kumaş,yönlendirme
güreşçi,pehlivan,anlam içi
güreşçilik,pehlivanlık,anlam içi
güreşme,yıkışma,anlam içi
güreşmek,yıkışmak,anlam içi
gürgen,karagürgen (Carpinus betulus),anlam içi
gürlük,verimlilik,yönlendirme
gürültü,kavara,anlam içi
gürültücü,velveleci,anlam içi
gürültücü,kavaracı,anlam içi
gürültücülük,velvelecilik,anlam içi
gürültücülük,kavaracılık,anlam içi
gürültülü,tangırtılı,anlam içi
gürültülü patırtılı,şamatalı,anlam içi
gürültü patırtı,hengâm,anlam içi
gürültü patırtı,kıyamet,anlam içi
gürültü patırtı,şamata,anlam içi
gürültü patırtı,takatuka,anlam içi
gürül gürül,yalap yalap,anlam içi
güven,emniyet,anlam içi
güven,itimat,anlam içi
güvence,inanca,anlam içi
güvence,teminat,anlam içi
güvence,garanti,anlam içi
güvenceli,garantili,anlam içi
güvencesiz,garantisiz,anlam içi
güvencesizlik,garantisizlik,anlam içi
güvenilir,itimatlı,anlam içi
güvenilirlik,güvenirlik,anlam içi
güvenilirlik,kredibilite,anlam içi
güvenli,emin,anlam içi
güvenlik,emniyet,anlam içi
güvenlik şeridi,emniyet şeridi,anlam içi
güvenmek,itimat etmek,anlam içi
güvenmek,yaslanmak,anlam içi
güvensiz,itimatsız,anlam içi
güvensizlik,emniyetsizlik,anlam içi
güvensizlik,itimatsızlık,anlam içi
güven mektubu,itimat mektubu,anlam içi
güven mektubu,itimatname,anlam içi
güveyfeneri,gelin otu (Physalis alkekengi),anlam içi
güvez,güvezî,anlam içi
güya,sözde,yönlendirme
güz,sonbahar,yönlendirme
güzel,mis,anlam içi
güzel,güzellik kraliçesi,yönlendirme
güzelavrat otu,belladonna (Atropa belladonna),anlam içi
güzelhatun çiçeği,nergis zambağı,yönlendirme
güzellik,hüsün,anlam içi
güzel güzel,tatlı tatlı,yönlendirme
güzel sanatlar,sanayiinefise,anlam içi
güzel yazı sanatı,hüsnühat,anlam içi
güzel yazı sanatı,kaligrafi,anlam içi
güzide,seçkin,yönlendirme
güz çiğdemi,acı çiğdem,yönlendirme
gâvurca,gâvurcasına,anlam içi
"ğ, Ğ",küçük dil ünsüzü,anlam içi
hab,uyku,yönlendirme
habaset,kötülük,yönlendirme
habbe,zerre,yönlendirme
haber,çav,anlam içi
haber,selen,anlam içi
haber,yüklem,yönlendirme
haberci,ulak,anlam içi
haberci,karakulak,yönlendirme
haberdar,haberli,yönlendirme
haberleşme,iletişme,anlam içi
haberleşme,muhabere,anlam içi
haberleşme,enformasyon,anlam içi
haberleşme,iletişim,yönlendirme
haberleşme,yazışma,yönlendirme
haberleşmek,iletişmek,anlam içi
haberleşmek,muhabere etmek,anlam içi
habersizce,habersiz,anlam içi
habersizce,gizlice,anlam içi
habersizlik,bihaberlik,anlam içi
haber kipi,zaman,yönlendirme
habip,sevgili,yönlendirme
hacet,ihtiyaç,anlam içi
hacet,gereklilik,anlam içi
hacet,lüzum,anlam içi
hacet kapısı,hacet penceresi,anlam içi
hacet yeri,tuvalet,yönlendirme
hacılarkuşağı,gökkuşağı,yönlendirme
Hacılaryolu,Samanyolu,yönlendirme
Hacıyolu,Samanyolu,yönlendirme
hacı fışfış,hacı fitil,anlam içi
hacı fışfış,hacı kandil,anlam içi
hacim,oylum,anlam içi
hacim,sıygı,anlam içi
hacimli,oylumlu,anlam içi
hacimlice,oylumluca,anlam içi
hacimsiz,oylumsuz,anlam içi
hacir,kısıt,yönlendirme
hacizli,mahcuz,anlam içi
haç,istavroz,anlam içi
haç,put,anlam içi
haç,salip,anlam içi
had,sınır,yönlendirme
had,terim,yönlendirme
haddizatında,aslında,yönlendirme
hademe,hizmetli,yönlendirme
hademelik,hizmetlilik,yönlendirme
hadım,abelardize,anlam içi
hadım ağası,harem ağası,yönlendirme
hadi,haydi,yönlendirme
hadis,hadisişerif,anlam içi
hadise,olay,yönlendirme
hadiseli,olaylı,yönlendirme
hadisene,haydisene,yönlendirme
hadisesiz,olaysız,yönlendirme
hafakan,afakan,anlam içi
hafızlık mektebi,hafızlık okulu,yönlendirme
hafi,gizli,yönlendirme
hafif,yeğni,anlam içi
hafif,ağır karşıtı,anlam içi
hafifleme,yeğnilme,anlam içi
hafiflemek,yeğnilmek,anlam içi
hafifleşmek,kolaylaşmak,yönlendirme
hafifleşmek,yavaşlamak,yönlendirme
hafifleştirilme,hafifletilme,yönlendirme
hafifleştirilmek,hafifletilmek,yönlendirme
hafifleştirme,hafifletme,yönlendirme
hafifleştirmek,hafifletmek,yönlendirme
hafifletici sebep,hafifletici neden,anlam içi
hafifletme,yeğniltme,anlam içi
hafifletme,tahfif,anlam içi
hafifletmek,yeğniltmek,anlam içi
hafifletmek,tahfif etmek,anlam içi
hafiflik,yeğnilik,anlam içi
hafifseme,yeğnileme,anlam içi
hafifseme,yeğniseme,anlam içi
hafifseme,istihfaf,anlam içi
hafifsemek,yeğnilemek,anlam içi
hafifsemek,yeğnisemek,anlam içi
hafifsemek,istihfaf etmek,anlam içi
hafif güverte,tente güvertesi,anlam içi
hafif raylı sistem,modern dekovil,anlam içi
hafif sıklet,horoz ağırlık,anlam içi
hafif sıklet,horoz sıklet,anlam içi
hafi celse,kapalı oturum,yönlendirme
hafriyat,kazı,anlam içi
haftalıkçı,haftalıklı,anlam içi
hafta arası,hafta içi,yönlendirme
hail,engel,yönlendirme
hain,mayası bozuk,anlam içi
haince,haincesine,anlam içi
hainlik,hıyanet,yönlendirme
hak,pay,yönlendirme
hak,kazı,anlam içi
Hakaniye Türkçesi,Karahanlı Türkçesi,yönlendirme
hakaret,tahkir,anlam içi
Hakasça,Hakas Türkçesi,yönlendirme
hakem,yargıcı,anlam içi
hakemlik,yargıcılık,anlam içi
hakem heyeti,yargıcılar kurulu,anlam içi
hakem heyeti,jüri,anlam içi
hakikat,gerçek,yönlendirme
hakikat,gerçeklik,yönlendirme
hakikat,gerçekten,yönlendirme
hakikaten,gerçekten,yönlendirme
hakikatli,vefakâr,yönlendirme
hakikatsiz,vefasız,yönlendirme
hakikatsizlik,vefasızlık,yönlendirme
hakiki,gerçek,yönlendirme
hakkaniyet,nasfet,anlam içi
hakketme,kakma,yönlendirme
hakketmek,kakmak,yönlendirme
hakkıhıyar,seçme hakkı,yönlendirme
hakkıhuzur,huzur hakkı,yönlendirme
hakkımüktesep,kazanılmış hak,yönlendirme
hakkında,üzerine,anlam içi
hakkında,için,anlam içi
hakkısükût,sus payı,yönlendirme
hakkıyla,iyice,anlam içi
hakkâk,kakmacı,yönlendirme
haklı,muhik,anlam içi
hakperest,haksever,yönlendirme
hakperestlik,hakseverlik,yönlendirme
haksızca,haksızcasına,anlam içi
hakşinas,haktanır,yönlendirme
hakşinaslık,haktanırlık,yönlendirme
Hak dini,Müslümanlık,yönlendirme
hak ediş,istihkak,anlam içi
hak kısıtlaması,hak ihlali,yönlendirme
hak kuşu,bataklık baykuşu,yönlendirme
hal,eritme,yönlendirme
Halaçça,Halaç Türkçesi,yönlendirme
halalık,bibilik,anlam içi
halas,kurtuluş,yönlendirme
halaskâr,kurtarıcı,yönlendirme
hala oğlu,halazade,anlam içi
hale,ağıl,anlam içi
halef,ardıl,anlam içi
halef,selef karşıtı,anlam içi
halelendirme,halkalandırma,anlam içi
halelendirmek,halkalandırmak,anlam içi
Halep çıbanı,Şark çıbanı,yönlendirme
haliç,körfez,yönlendirme
halifelik,hilafet,anlam içi
halis,saf,yönlendirme
halisane,içtenlikle,yönlendirme
halis muhlis,tam anlamıyla,yönlendirme
halk,kamu,anlam içi
halk,yaratma,yönlendirme
halkamsı kıkırdak,yüzüksü kıkırdak,anlam içi
halkçı,popülist,anlam içi
halkçılık,popülizm,anlam içi
halkoyu,kamuoyu,yönlendirme
halk bilimi,halkiyat,anlam içi
halk matinesi,halk günü,yönlendirme
halk oylaması,plebisit,anlam içi
halk oylaması,referandum,anlam içi
halk ozanı,halk şairi,anlam içi
halk ozanı,saz şairi,anlam içi
halk ozanlığı,saz şairliği,anlam içi
halk şairliği,halk ozanlığı,yönlendirme
ham,idmansız,yönlendirme
hamal,sırtçı,anlam içi
hamal,taşıyıcı,anlam içi
hamal,yükçü,anlam içi
hamaliye,hamallık,yönlendirme
hamallık,sırtçılık,anlam içi
hamallık,taşıyıcılık,anlam içi
hamallık,yükçülük,anlam içi
hamam,ısıdam,anlam içi
hamam,sıcak,anlam içi
hamaylı,hamayıl,yönlendirme
Hamel,Koç Burcu,yönlendirme
hamhalat,görgüsüz,yönlendirme
hami,koruyucu,yönlendirme
hamile,gebe,yönlendirme
hamilelik,gebelik,yönlendirme
hamiyetli,hamiyetperver,anlam içi
hamlaç,üfleç,yönlendirme
hamlecilik,atılımcılık,yönlendirme
hamlık,idmansızlık,yönlendirme
hamule,yük,yönlendirme
hamurcu,hamurkâr,anlam içi
hamurculuk,hamurkârlık,anlam içi
hamursu,hamurumsu,anlam içi
hamur tahtası,senit,anlam içi
hanay,sofa,yönlendirme
hançere,gırtlak,yönlendirme
hançer çiçeği,Latin çiçeği,yönlendirme
handikap,engel,yönlendirme
handiyse,neredeyse,yönlendirme
hane,göz,anlam içi
hanende,şarkıcı,yönlendirme
hanendelik,şarkıcılık,anlam içi
hanendelik,okuyuculuk,anlam içi
hangi,ne,anlam içi
hanım,bayan,anlam içi
hanım,hatun,anlam içi
hanım,leydi,anlam içi
hanım,harem,anlam içi
hanımanne,kaynana,yönlendirme
hanım böceği,uğur böceği,yönlendirme
hap,komprime,anlam içi
hapır hupur,hapır hapır,anlam içi
hapis,cezaevi,anlam içi
hapis,hapishane,anlam içi
hapis,mahpus,yönlendirme
haploloji,hece tekleşmesi,yönlendirme
hapsedilmek,kapatılmak,anlam içi
hapsedilmek,tıkılmak,anlam içi
hapsetmek,kapamak,yönlendirme
hara,hare,yönlendirme
harabat,meyhane,yönlendirme
harabe,yıkı,anlam içi
harabe,kalıntı,yönlendirme
haram,yasak,yönlendirme
harami,haydut,yönlendirme
haramilik,haydutluk,yönlendirme
haramzade,piç,yönlendirme
harap,yıkkın,anlam içi
harap,viran,anlam içi
haraplık,yıkkınlık,anlam içi
haraplık,harabi,anlam içi
haraplık,harabilik,anlam içi
haraplık,harabiyet,anlam içi
hararet,sıcaklık,yönlendirme
harbe,harbi,yönlendirme
harbiye,harp okulu,yönlendirme
harcama,sarf,anlam içi
harcamak,sarf etmek,anlam içi
harcırah,yolluk,yönlendirme
hardal,siyah hardal (Brassica nigra),anlam içi
hardalsı,hardalımsı,anlam içi
hare,meneviş,anlam içi
harekeleme,harekelendirme,anlam içi
harekelemek,harekelendirmek,anlam içi
hareketli,oynak,anlam içi
hareketli,müteharrik,anlam içi
hareketli,mobilize,anlam içi
hareket hastalığı,taşıt tutması,anlam içi
harelenme,menevişlenme,anlam içi
harelenmek,menevişlenmek,anlam içi
hareli,menevişli,anlam içi
harem ağası,tavaşi,anlam içi
haresiz,menevişsiz,anlam içi
Harezmce,Harezm Türkçesi,yönlendirme
harf,kod,anlam içi
harfitarif,tanımlık,yönlendirme
harfi harfine,harfiyen,anlam içi
harharalı,horultulu,yönlendirme
harıldamak,yanmak,yönlendirme
harın,obur,yönlendirme
harikulade,olağanüstü,yönlendirme
harikuladelik,olağanüstülük,yönlendirme
harir,ipek,yönlendirme
haritacı,kartograf,anlam içi
haritacılık,kartografi,anlam içi
haritacılık,kartografya,anlam içi
harlatma,harlandırma,anlam içi
harlatmak,harlandırmak,anlam içi
harmani,harmaniye,anlam içi
harmanlık,harman yeri,yönlendirme
harmoni,uyum,yönlendirme
harnup,keçiboynuzu,yönlendirme
harp,savaş,yönlendirme
hars,kültür,yönlendirme
hartuç,kartuş,yönlendirme
has,özgü,yönlendirme
has,saf,yönlendirme
hasbihâl,sohbet,yönlendirme
hasbilik,gönüllülük,yönlendirme
hasebiyle,sebebiyle,yönlendirme
haset,kıskançlık,yönlendirme
haset,kıskanç,yönlendirme
hasetçi,kıskanç,yönlendirme
hasetlenme,kıskanma,yönlendirme
hasetlenmek,kıskanmak,yönlendirme
hasetli,kıskanç,yönlendirme
hasetlik,kıskançlık,yönlendirme
hasılat,ürün,yönlendirme
hasılat,gelir,yönlendirme
hasılı,kısacası,yönlendirme
hasılıkelam,kısacası,yönlendirme
hasır demir,hasır çelik,yönlendirme
hasır otu,su kamışı,anlam içi
hasır otu,kofa,anlam içi
hasır otu,kiliz,anlam içi
hasır otu,kova (II) (Typha),anlam içi
hasiyet,özellik,yönlendirme
hasret,özlem,yönlendirme
hasretli,özlemli,yönlendirme
hasretlilik,özlemlilik,yönlendirme
hasretsiz,özlemsiz,yönlendirme
hasretsizlik,özlemsizlik,yönlendirme
hassa,özellik,yönlendirme
hassas,keskin,anlam içi
hassaten,özellikle,yönlendirme
hasta,rahatsız,anlam içi
hasta,sayrı,anlam içi
hasta,sökel,anlam içi
hasta,pestil,anlam içi
hastalanmak,rahatsızlanmak,anlam içi
hastalanmak,hasta olmak,anlam içi
hastalık,rahatsızlık,anlam içi
hastalık,sayrılık,anlam içi
hastalık,illet,anlam içi
hastalık,maraz,anlam içi
hastalık,maraza,anlam içi
hastalık,zor,anlam içi
hastalık,esenlik karşıtı,anlam içi
hastalıklı,öksürüklü,anlam içi
hastalıklı,mariz,anlam içi
hastane,sayrılarevi,anlam içi
hastane,şifahane,anlam içi
hasut,kıskanç,yönlendirme
haşır haşır,haşır huşur,yönlendirme
haşmet,görkem,yönlendirme
haşmetli,görkemli,yönlendirme
haşmetlilik,görkemlilik,yönlendirme
hat,yazı,yönlendirme
hat,kanal,yönlendirme
hata,yanlış,yönlendirme
hata,yanlışlık,yönlendirme
hatalı yürüme,steps,anlam içi
hatıra,yadigâr,anlam içi
hatıra defteri,anı defteri,yönlendirme
hatırlatıverme,anımsatıverme,yönlendirme
hatırlatıvermek,anımsatıvermek,yönlendirme
hatırlı,saygın,yönlendirme
hatır hatır,hatır hutur,yönlendirme
hatime,son,yönlendirme
hatime,son söz,yönlendirme
hatip,konuşmacı,yönlendirme
hatiplik,konuşmacılık,yönlendirme
hatmi,ağaçküpesi (Althaea officinalis),anlam içi
hatta,velev ki,anlam içi
hatun,kadın,yönlendirme
hav,ülger,anlam içi
hava,gökyüzü,yönlendirme
hava,esinti,yönlendirme
hava,üslup,yönlendirme
hava,çekicilik,yönlendirme
havadar,yeleken,anlam içi
havadar,yeleç,anlam içi
havai,uçarı,anlam içi
havai,yeleme,anlam içi
havale,havalename,anlam içi
havalı,havadar,anlam içi
havalı,çalımlı,yönlendirme
havali,yöre,yönlendirme
havalimanı,hava meydanı,anlam içi
havan,havan topu,yönlendirme
havari,yardımcı,yönlendirme
hava atışı,başlama atışı,anlam içi
hava bilgisi,meteoroloji,yönlendirme
hava değişimi,hava tebdili,anlam içi
hava değişimi,tebdilihava,anlam içi
hava deliği,nefeslik,anlam içi
hava durumu,hava şartları,anlam içi
hava gazı sayacı,gaz sayacı,yönlendirme
hava gemisi,zeplin,anlam içi
hava haritası,sinoptik harita,anlam içi
hava kesesi,yüzme kesesi,anlam içi
hava küre,hava yuvarı,yönlendirme
hava parası,peştamallık,anlam içi
hava raporu,hava tahmini,yönlendirme
hava taşı,gök taşı,yönlendirme
hava taşıtı,hava aracı,anlam içi
hava ulaşımı,hava yolu ulaşımı,yönlendirme
havlama,ürüme,anlam içi
havlamak,ürümek,anlam içi
havlu,silgi,anlam içi
havra,sinagog,yönlendirme
havsala,leğen,yönlendirme
havuç,pürçekli,anlam içi
havuç,yeregeçen (Daucus carota),anlam içi
Havva,Havva Ana,anlam içi
havvaanaeli,fatmaanaeli,anlam içi
havvaanaeli,meryemanaeli,anlam içi
havvaanaeli,mercananaeli (Anastatica hierochuntia),anlam içi
havza,tekne,anlam içi
haya,taşak,yönlendirme
hayal,imge,anlam içi
hayal,hülya,anlam içi
hayal,gölge,anlam içi
hayal,görüntü,yönlendirme
hayalbaz,Karagözcü,yönlendirme
hayalci,ütopist,anlam içi
hayalci,karagözcü,yönlendirme
hayalci,hayalperest,anlam içi
hayalci,hayalperver,anlam içi
hayalcilik,hayalperestlik,anlam içi
hayalcilik,hayalperverlik,anlam içi
hayalet,görüntü,anlam içi
hayalî,ütopik,anlam içi
hayalî,Karagözcü,yönlendirme
hayal dünyası,hayal âlemi,anlam içi
hayal gücü,muhayyile,anlam içi
hayal gücü,imgelem,yönlendirme
hayal kırıklığı,inkisarıhayal,anlam içi
hayal kırıklığı,sukutuhayal,anlam içi
hayat,yaşam,yönlendirme
hayat,yaşantı,yönlendirme
hayat,yazgı,yönlendirme
hayatağacı,soyağacı,yönlendirme
hayati,yaşamsal,anlam içi
hayatiyet,yaşarlık,anlam içi
hayat dolu,yaşam dolu,anlam içi
hayat hikâyesi,hayat öyküsü,anlam içi
hayat kadını,kaldırım çiçeği,anlam içi
hayat kavgası,hayat mücadelesi,yönlendirme
hayat mücadelesi,yaşam kavgası,anlam içi
hayat sigortası,yaşam güvencesi,anlam içi
hayat sigortası,yaşam sigortası,anlam içi
hayat standardı,yaşam standardı,anlam içi
hayat tarzı,yaşayış biçimi,anlam içi
haydamak,dehlemek,anlam içi
haydi,haydi haydi,yönlendirme
haydut,şaki,anlam içi
haydutluk,şakilik,anlam içi
haydutluk,şekavet,anlam içi
hayırhah,hayırsever,yönlendirme
hayırhahlık,hayırseverlik,yönlendirme
hayırperver,hayırsever,yönlendirme
hayırsever,iyicil,anlam içi
hayırsever,vergili,anlam içi
hayırsever,yardımsever,anlam içi
hayırseverlik,yardımseverlik,anlam içi
hayırseverlik,hayırperverlik,anlam içi
hayıt,ayıt,yönlendirme
haykırı,haykırma,yönlendirme
haykırış,haykırma,yönlendirme
haymana,tembel,yönlendirme
haymana mandası,haymana öküzü,yönlendirme
haymatlos,vatansız,yönlendirme
haysiyet,saygınlık,yönlendirme
haysiyet,öz saygı,yönlendirme
haysiyetiyle,sebebiyle,yönlendirme
haysiyetli,onurlu,yönlendirme
haysiyetsiz,onursuz,yönlendirme
haysiyetsizlik,onursuzluk,yönlendirme
haysiyet divanı,onur kurulu,yönlendirme
hayvanat,hayvan bilimi,yönlendirme
hayvanca,hayvani,anlam içi
hayvanca,hayvancasına,anlam içi
hayvancağız,hayvancık,anlam içi
hayvani,hayvansal,yönlendirme
hayvaniyet,hayvanlık,yönlendirme
hayvani yağ,hayvansal yağ,yönlendirme
hayvansı,hayvanımsı,anlam içi
hayvan bilimci,zoolog,anlam içi
hayvan bilimi,zooloji,anlam içi
hayâ,utanma,yönlendirme
hayâsızca,hayâsızcasına,anlam içi
hazakat,uzluk,yönlendirme
hazan,sonbahar,yönlendirme
Hazarca,Hazar Türkçesi,yönlendirme
hazcı,hedonist,anlam içi
hazcılık,hedonizm,anlam içi
hazık,usta,yönlendirme
hazım,sindirim,yönlendirme
hazır,müheyya,anlam içi
hazırlama,istihzar,anlam içi
hazırlamak,kotarmak,anlam içi
hazırlamak,kurmak,anlam içi
hazırlık,tedarik,anlam içi
hazırlık,hazırlık sınıfı,yönlendirme
hazırlıklı,tedarikli,anlam içi
hazırlıksız,tedariksiz,anlam içi
hazırlık dönemi,hazırlık devresi,anlam içi
hazin,hüzünlü,yönlendirme
hazine,hazne,anlam içi
hazine,kaynak,yönlendirme
hazmetmek,sindirmek,yönlendirme
hazzetme,hoşlanma,yönlendirme
hazzetmek,hoşlanmak,yönlendirme
heccav,yergici,yönlendirme
hece,seslem,anlam içi
hece,hece ölçüsü,yönlendirme
hece ölçüsü,parmak hesabı,anlam içi
hece ölçüsü,hece vezni,anlam içi
hece taşı,mezar taşı,yönlendirme
hece yutumu,hece tekleşmesi,yönlendirme
hedef,nişangâh,anlam içi
hedef,uğur,anlam içi
hekim,tabip,anlam içi
hekimlik,tabiplik,anlam içi
hela,tuvalet,yönlendirme
hele,özellikle,yönlendirme
helecan,kalp çarpıntısı,yönlendirme
helezoni,sarmal,yönlendirme
helezonlu,sarmal,yönlendirme
helikopter pisti,heliport,anlam içi
helisel,sarmal,yönlendirme
helmintoloji,kurt bilimi,yönlendirme
helvacı kabağı,kestane kabağı (Cucurbita maxima),anlam içi
helvacı kökü,çöven,yönlendirme
hematit,kan taşı,yönlendirme
hematolog,kan bilimci,yönlendirme
hematoloji,kan bilimi,yönlendirme
hemen,çabucak,yönlendirme
hemencecik,çabucak,yönlendirme
hemhudut,sınırdaş,yönlendirme
hempa,omuzdaş,yönlendirme
hemşehri,memleketli,yönlendirme
hemşehrilik,memleketlilik,yönlendirme
hemşire,şvester,anlam içi
hendese,geometri,yönlendirme
hendesi,geometrik,yönlendirme
hengâm,zaman,yönlendirme
hengâme,gürültü patırtı,yönlendirme
hentbol,el topu,anlam içi
hepatit,sarılık,yönlendirme
hepsi,cemi cümlesi,anlam içi
hepsi,topu,anlam içi
hepten,tamamen,yönlendirme
herbivor,otobur,yönlendirme
hercai,yeltek,anlam içi
hercai,gelgeç,anlam içi
hercai menekşe,alacamenekşe (Viola tricolor),anlam içi
herek,sırık,yönlendirme
herekleme,sırıklama,yönlendirme
hereklemek,sırıklamak,yönlendirme
herhâlde,yalım,anlam içi
herhâlde,herhâl,anlam içi
herkes,cemi cümle,anlam içi
herkes,yediden yetmişe,anlam içi
herkes,yedi mahalle,anlam içi
herkes,yedi düvel,anlam içi
hermetik,yalıtımlı,yönlendirme
her daim,her zaman,yönlendirme
her gün,günde,anlam içi
her zaman,her dem,anlam içi
hesabi,hesapçı,yönlendirme
hesap,hesap pusulası,anlam içi
hesapçılık,hesabilik,anlam içi
hesaplı,hesaplıca,anlam içi
hesaplı,tutumlu,yönlendirme
hesapsız,ölçüsüz,anlam içi
hesapsız,plansız,anlam içi
hesapsız,tutumsuz,yönlendirme
hesap günü,kıyamet,yönlendirme
hesap özeti,ekstre,anlam içi
heves,istek,yönlendirme
heveskâr,istekli,yönlendirme
heveskârlık,isteklilik,yönlendirme
hevesleniş,istekleniş,yönlendirme
heveslenme,isteklenme,yönlendirme
heveslenmek,isteklenmek,yönlendirme
hevesli,istekli,yönlendirme
hevessiz,isteksiz,yönlendirme
heyecan,teheyyüç,anlam içi
heyecanlandırma,tehyiç,anlam içi
heyecanlı,müteheyyiç,anlam içi
heyelan,toprak kayması,yönlendirme
heyet,kurul,yönlendirme
heyetiyle,tamamen,yönlendirme
heykel,yontu,anlam içi
heykel,statü,anlam içi
heykelci,heykeltıraş,anlam içi
heykelci,yontucu,anlam içi
heykelcilik,heykeltıraşlık,anlam içi
heykelcilik,yontuculuk,anlam içi
hezar,bülbül,yönlendirme
hezaren,saray çiçeği,yönlendirme
hezaren,bambu,yönlendirme
hezeyan,saçmalama,yönlendirme
hezeyan,sayıklama,yönlendirme
hezeyan,sabuklanma,yönlendirme
hıfız,saklama,yönlendirme
hıfzıssıhha,sağlık bilgisi,yönlendirme
hınzır,domuz,yönlendirme
hınzırca,hınzırcasına,anlam içi
hınzırlık,muziplik,yönlendirme
hırıldaşma,hırlaşma,yönlendirme
hırıldaşmak,hırlaşmak,yönlendirme
hırıltı,harhara,anlam içi
hırıltılı,harharalı,anlam içi
hırızmalı,hızmalı,yönlendirme
hırpalamak,örselemek,yönlendirme
hırs,öfke,yönlendirme
hırsız,uğru,anlam içi
hırsızca,hırsızcasına,anlam içi
hırsızlık,sirkat,anlam içi
hırsızlık,uğruluk,anlam içi
hırsız anahtarı,maymuncuk,yönlendirme
hırslı,muhteris,anlam içi
hırslı,öfkeli,yönlendirme
hırslılık,muhterislik,anlam içi
hırtapoz,zıpır,yönlendirme
hırtapozluk,zıpırlık,yönlendirme
hısım,yan soy,anlam içi
hısımlık,karabet,anlam içi
hışım,öfke,yönlendirme
hıyanet,hıyanetlik,anlam içi
hıyar,salatalık,anlam içi
hıyarağa,hıyarağası,yönlendirme
hıyarşembe,Hint hıyarı (Cassia fistula),anlam içi
hız,sürat,anlam içi
hızlı,seri,anlam içi
hızlı,süratli,anlam içi
hızlı,şiddetli,anlam içi
hızlılık,süratlilik,anlam içi
hızlı akın,hızlı hücum,yönlendirme
hızma,hırızma,anlam içi
hızölçer,takograf,anlam içi
hızölçer,takometre,anlam içi
hızölçer,takigraf,anlam içi
hibritleşme,melezleşme,yönlendirme
hicap,utanma,yönlendirme
hicap,perde,yönlendirme
hiciv,yergi,yönlendirme
hicviye,yergi,yönlendirme
hiççi,nihilist,yönlendirme
hiççilik,nihilizm,yönlendirme
hiçlik,yokluk,anlam içi
hiddet,öfke,yönlendirme
hiddetlendirme,öfkelendirme,yönlendirme
hiddetlendirmek,öfkelendirmek,yönlendirme
hiddetleniş,öfkeleniş,yönlendirme
hiddetlenme,öfkelenme,yönlendirme
hiddetlenmek,öfkelenmek,yönlendirme
hiddetli,öfkeli,yönlendirme
hiddetlilik,öfkelilik,yönlendirme
hiddetsizlik,öfkesizlik,yönlendirme
hidiv,vezir,yönlendirme
hidrofil,sucul,yönlendirme
hidrofil,su böceği,yönlendirme
hidrofobi,su korkusu,yönlendirme
hidrofor,subasar,yönlendirme
hidrografi,su bilgisi,yönlendirme
hidrojen,müvellidülma (simgesi H),anlam içi
hidrokarbon,hidrokarbür,anlam içi
hidroklorik asit,tuz ruhu (HCl),anlam içi
hidrolog,su bilimci,yönlendirme
hidroloji,su bilimi,yönlendirme
hidrometre,suölçer,yönlendirme
hidrosfer,su yuvarı,yönlendirme
hidroterapi,su tedavisi,yönlendirme
higrofil,nemcil,yönlendirme
higrometre,nemölçer,yönlendirme
higroskop,nemçeker,yönlendirme
higroskopik,nemçeker,yönlendirme
higrostat,nemdenetir,yönlendirme
higrotropizm,neme yönelim,yönlendirme
hijyen,sağlık bilgisi,yönlendirme
hijyen,temiz,yönlendirme
hijyenik,sağlıklı,yönlendirme
hijyenik,temiz,yönlendirme
hikâye,boy,anlam içi
hikâye,öykü,anlam içi
hikâye,çıkış özeti,anlam içi
hikâye,epikriz,anlam içi
hikâyeci,öykücü,anlam içi
hikâyecilik,öykücülük,anlam içi
hilaf,yalan,yönlendirme
hilal,yeni ay,anlam içi
hilat,kaftan,yönlendirme
hile,oyun,anlam içi
hile,nakış,anlam içi
hilebaz,hileci,yönlendirme
hileci,dolmacı,anlam içi
hileci,oyuncu,anlam içi
hileci,hilekâr,anlam içi
hileci,kaltaban,anlam içi
hilecilik,dolmacılık,anlam içi
hilecilik,hilebazlık,anlam içi
hilecilik,hilekârlık,anlam içi
hilkat,yaradılış,yönlendirme
hilkaten,yaradılışça,yönlendirme
himayeci,korumacı,yönlendirme
himayecilik,korumacılık,yönlendirme
himayesiz,korumasız,yönlendirme
himen,kızlık zarı,yönlendirme
hindi,keloğlan,anlam içi
hindi,mısırtavuğu (Meleagris gallopavo),anlam içi
hindiba,karakavuk (Cichorium endivia),anlam içi
Hindistan cevizi,narcıl (Cocos nucifera),anlam içi
hinlik,kurnazlık,anlam içi
hinterlant,arkabahçe,yönlendirme
Hint bademi,kakao,yönlendirme
Hint baklası,Hint yağı ağacı,yönlendirme
Hint biberi,kırmızıbiber,yönlendirme
Hint cevizi,muskat (Myristica fragrans),anlam içi
Hint cevizi,Hindistan cevizi,anlam içi
Hint cevizi,muskat,anlam içi
Hint domuzu,kobay,yönlendirme
Hint fıstığı,kürkas,yönlendirme
Hint fulü,Mısır fulü (Nelubrium),anlam içi
Hint hıyarı,hıyarşembe,yönlendirme
Hint inciri,Frenk inciri,yönlendirme
Hint irmiği,sagu,yönlendirme
Hint keneviri,esrar otu (Cannabis sativa),anlam içi
Hint kertenkelesi,iguana,yönlendirme
Hint kestanesi,at kestanesi,yönlendirme
Hint kirazı,mango (Mangifera domestica),anlam içi
Hint kobrası,kobra,yönlendirme
Hint leylağı,oya ağacı,yönlendirme
Hint safranı,zerdeçal,yönlendirme
Hint yağı ağacı,kene otu,anlam içi
Hint yağı ağacı,kene ağacı,anlam içi
Hint yağı ağacı,Hint baklası (Ricinus communis),anlam içi
hiperaktif,aşırı etkin,anlam içi
hiperaktivite,aşırı etkinlik,anlam içi
hipertansiyon,yüksek kan basıncı,anlam içi
hipnotist,hipnozcu,yönlendirme
hipnotizma,hipnoz,yönlendirme
hipnotizmacı,hipnozcu,yönlendirme
hipnotizmacılık,hipnozculuk,yönlendirme
hipnoz,uyutum,anlam içi
hipopotam,su aygırı,yönlendirme
hipopotamgiller,su aygırıgiller,yönlendirme
hipostaz,uknum,anlam içi
hipotetik,varsayımsal,yönlendirme
hipotez,varsayım,yönlendirme
his,sezme,yönlendirme
hisse,pay,yönlendirme
hisse,tutam,yönlendirme
hissedar,paydaş,anlam içi
hissedar,aksiyoner,anlam içi
hissedilmek,hissolunmak,anlam içi
hissedilmek,sezilmek,yönlendirme
hisseli,paydaşlı,anlam içi
hisseli,paylı,anlam içi
hissettirmek,sezdirmek,anlam içi
hisse senedi,pay senedi,anlam içi
hissikablelvuku,önsezi,yönlendirme
hissiselim,sağduyu,yönlendirme
histeri,isteri,anlam içi
histerik,isterik,anlam içi
histolojik,doku bilimsel,yönlendirme
hiş,hişt,yönlendirme
hit,liste başı,yönlendirme
hitabe,söylev,yönlendirme
hitap,seslenme,anlam içi
hiyeroglif,resim yazı,yönlendirme
hizipçilik,klikçilik,anlam içi
hizmetkâr,uşak,yönlendirme
hizmetkârlık,uşaklık,yönlendirme
hizmetli,odacı,anlam içi
hizmetli,müstahdem,anlam içi
hizmetlilik,müstahdemlik,anlam içi
hizmet akdi,iş sözleşmesi,yönlendirme
hobi,uğraşı,yönlendirme
hoca,öğretmen,yönlendirme
hokka,mürekkeplik,anlam içi
hokkabazlık,hokka oyunu,anlam içi
hol,sofa,yönlendirme
Hollanda kavağı,akkavak,yönlendirme
holotüritler,denizhıyarları,yönlendirme
homonim,sesteş,yönlendirme
homurdanmak,homurdamak,anlam içi
hoppa,ağırbaşlı karşıtı,anlam içi
hopurdatma,höpürdetme,yönlendirme
hopurdatmak,höpürdetmek,yönlendirme
Horasanca,Horasan Türkçesi,yönlendirme
horgörülü,horgörücü,anlam içi
horgörülülük,horgörücülük,anlam içi
horlama,horuldayış,anlam içi
horlamak,horuldamak,anlam içi
horlamak,hor görmek,anlam içi
horozcuk otu,yaban teresi (Lepidium campestre),anlam içi
horozlaşma,kabadayılaşma,yönlendirme
horozlaşmak,kabadayılaşmak,yönlendirme
horozsu,horozumsu,anlam içi
horoz akıllı,horoz kafalı,anlam içi
horoz mantarı,yumurta mantarı,anlam içi
horoz mantarı,kazayağı mantarı,anlam içi
horoz mantarı,sarıkız,anlam içi
horoz mantarı,tavuk mantarı (Cantharellus cibarius),anlam içi
hortlak,zombi,anlam içi
horultu,harhara,anlam içi
hoşgörü,müsamaha,anlam içi
hoşgörü,tolerans,anlam içi
hoşgörücü,hoşgörülü,yönlendirme
hoşgörücülük,hoşgörülülük,yönlendirme
hoşgörülü,müsamahalı,anlam içi
hoşgörülü,müsamahakâr,anlam içi
hoşgörülü,toleranslı,anlam içi
hoşgörürlük,hoşgörülülük,yönlendirme
hoşgörüsüz,müsamahasız,anlam içi
hoşgörüsüz,toleranssız,anlam içi
hoşgörüsüzlük,müsamahasızlık,anlam içi
hoşgörüsüzlük,toleranssızlık,anlam içi
hoşkuran,tilkikuyruğu (Amaranthus lividus),anlam içi
hoşlanma,teveccüh,yönlendirme
hoşlanmak,hoşlaşmak,anlam içi
hoşluk,letafet,anlam içi
hoşnutsuzluk,sızıltı,anlam içi
hoş kokulu,aromalı,anlam içi
hoş kokulu,aromatik,anlam içi
höpürtü,höpürdek,anlam içi
Hristiyan,İsevi,anlam içi
Hristiyan,Nasrani,anlam içi
Hristiyanlaşma,tanassur,anlam içi
Hristiyanlık,İsevilik,anlam içi
Hristiyanlık,Nasranilik,anlam içi
Hristo teyeli,kazayağı,yönlendirme
hububat,tahıl,yönlendirme
hudut,sınır,yönlendirme
hudutlandırma,sınırlama,yönlendirme
hudutlandırmak,sınırlamak,yönlendirme
hudutlu,sınırlı,yönlendirme
hudutsuz,sınırsız,yönlendirme
hudut boyu,sınır boyu,yönlendirme
hudut dışı,sınır dışı,yönlendirme
hukşat,çengel atış,yönlendirme
hukuk,tüze,anlam içi
hukukçu,tüzeci,anlam içi
hukukçuluk,tüzecilik,anlam içi
hukuki,hukuksal,anlam içi
hukuki,tüzel,anlam içi
hukukilik,hukuksallık,anlam içi
hukukilik,tüzellik,anlam içi
humma,sıtma nöbeti,yönlendirme
humus,nohut,yönlendirme
hun,kan,yönlendirme
hunhar,kasap,yönlendirme
hunharca,hunharcasına,anlam içi
hunharlık,kasaplık,yönlendirme
hunriz,kanlı,yönlendirme
hurma,hurma ağacı,yönlendirme
hurma ağacı,hurma (Phoenix dactylifera),anlam içi
hususi,özel,yönlendirme
hususiyet,özellik,yönlendirme
husye,taşak,yönlendirme
huşunet,sertlik,yönlendirme
huşunet,kırıcılık,yönlendirme
huşunet,kabalık,yönlendirme
huy,şime,anlam içi
huy,tab,anlam içi
huy,tabiat,anlam içi
huylanma,kuşkulanma,yönlendirme
huylanmak,kuşkulanmak,yönlendirme
huylu,kuşkulu,yönlendirme
huysuzluk,kapris,anlam içi
huzur,rahat,yönlendirme
huzur,makam,yönlendirme
huzur,kat,anlam içi
huzurevi,yaşlılar yurdu,anlam içi
huzursuz,rahatsız,anlam içi
huzursuzluk,kaynaşma,anlam içi
hücre bilimi,sitoloji,anlam içi
hücre duvarı,hücre çeperi,anlam içi
hücum,saldırı,yönlendirme
hükmi,tüzel,yönlendirme
hükmi şahsiyet,tüzel kişilik,yönlendirme
hüküm,yargı,yönlendirme
hüküm,karar,yönlendirme
hükümdar,yabgu,anlam içi
hükümlü,mahkûm,anlam içi
hükümlülük,mahkûmluk,anlam içi
hükümlülük,mahkûmiyet,anlam içi
hükümsüz,geçersiz,anlam içi
hükûmet,hükûmet konağı,yönlendirme
hükûmet konağı,paşa kapısı,anlam içi
hülasa,özet,yönlendirme
hülasa,öz,yönlendirme
hülasaten,kısaca,yönlendirme
hümanist,insancıl,yönlendirme
hümanizm,insancıllık,yönlendirme
hümanizma,insancıllık,yönlendirme
hümayun,mutlu,yönlendirme
hüngür hüngür,zarıl zarıl,anlam içi
hüngür hüngür,zırıl zırıl,anlam içi
hüngür hüngür,zari zari,anlam içi
hünnap,çiğde (Zizyphus jujuba),anlam içi
hür,özgür,yönlendirme
hürlük,özgürlük,yönlendirme
hürmet,saygı,yönlendirme
hürmetkâr,saygılı,yönlendirme
hürmetkârane,saygılıca,yönlendirme
hürmetli,saygılı,yönlendirme
hürmetlice,saygılıca,yönlendirme
hürmetsiz,saygısız,yönlendirme
hürmetsizlik,saygısızlık,yönlendirme
hürriyet,özgürlük,yönlendirme
hürriyetçi,özgürlükçü,yönlendirme
hürriyetçilik,özgürlükçülük,yönlendirme
hürriyetperver,özgürlükçü,yönlendirme
hürriyetsiz,özgürlüksüz,yönlendirme
hürriyetsizlik,özgürlüksüzlük,yönlendirme
hür teşebbüs,özel sektör,yönlendirme
hüsnühâl,iyi hâl,yönlendirme
hüsnühâl kâğıdı,iyi hâl belgesi,yönlendirme
hüsnüniyet,iyi niyet,yönlendirme
hüsnüyusuf,gugu çiçeği (Dianthus barbatus),anlam içi
hüsran,batkı,anlam içi
hüsran,zarar,yönlendirme
hüthüt,çavuş kuşu,yönlendirme
hüviyet,kimlik,yönlendirme
hüviyet cüzdanı,kimlik,yönlendirme
hüzme,ışık demeti,yönlendirme
hüzün,melankoli,anlam içi
hüzünlülük,hazinlik,anlam içi
hâk,toprak,yönlendirme
hâkim,yargıç,yönlendirme
hâkimlik,yargıçlık,yönlendirme
hâkimlik,baskınlık,yönlendirme
hâl,takat,yönlendirme
hâlbuki,oysa,yönlendirme
hâletiruhiye,ruhsal durum,yönlendirme
hâlsiz,takatsiz,yönlendirme
hâlsizce,takatsizce,yönlendirme
hâlsizleşme,takatsizleşme,yönlendirme
hâlsizleşmek,takatsizleşmek,yönlendirme
hâlsizlik,takatsizlik,yönlendirme
hâlâ,hâlen,anlam içi
hâlâ,henüz,anlam içi
ığrıp,ırıp,anlam içi
ıkına sıkına,ıkına tıkına,anlam içi
ıkına sıkına,ıklaya sıklaya,anlam içi
ılgım,serap,yönlendirme
ılgıncar,kuş kirazı,yönlendirme
ılıca,kaplıca,anlam içi
ılıcak,ılıkça,yönlendirme
ılıkçıl,mezoterm,anlam içi
ılıklaştırmak,ılıtmak,anlam içi
ılım,ölçülülük,yönlendirme
ılımak,ılınmak,yönlendirme
ılıman,mutedil,anlam içi
ılımlı,ölçülü,anlam içi
ılımlı,mutedil,anlam içi
ılımlı,itidalli,anlam içi
ılımlılık,mutedillik,anlam içi
ıra,karakter,yönlendirme
ırak,uzak,yönlendirme
ırakgörür,teleskop,yönlendirme
ıraklaşma,uzaklaşma,yönlendirme
ıraklaşmak,uzaklaşmak,yönlendirme
ıraklık,uzaklık,yönlendirme
ıraksama,uzaksama,yönlendirme
ıraksamak,uzaksamak,yönlendirme
ıralamak,karakterize etmek,anlam içi
ırama,uzaklaşma,yönlendirme
ıramak,uzaklaşmak,yönlendirme
ırgalanmak,sallanmak,anlam içi
ırgamak,sallamak,yönlendirme
ırganma,sallanma,yönlendirme
ırganmak,sallanmak,yönlendirme
ırgat,rençper,anlam içi
ırgatlık,rençperlik,anlam içi
ırk,soy,yönlendirme
ırkçı,rasist,anlam içi
ırkçılık,rasizm,anlam içi
ırki,ırksal,anlam içi
ırk bilimi,ırkiyat,anlam içi
ırmak,nehir,anlam içi
ırmak roman,nehir roman,anlam içi
ırzına geçmek,becermek,anlam içi
ırzına geçmek,tecavüz etmek,anlam içi
ısıdenetir,termostat,anlam içi
ısıl,termik,anlam içi
ısın,kalori,yönlendirme
ısınma ısısı,öz ısı,anlam içi
ısıölçer,kalorimetre,anlam içi
ısırgın,isilik,yönlendirme
ısırmak,yemek,anlam içi
ısıtma,teshin,anlam içi
ısıtma,sıtma,yönlendirme
ısı kuşak,sıcak kuşak,yönlendirme
ısı ölçümü,kalorimetri,anlam içi
ısı tedavisi,termoterapi,anlam içi
ısı yuvarı,termosfer,anlam içi
ıslah,iyileştirme,yönlendirme
ıslahatçı,düzeltmeci,yönlendirme
ıslahatçılık,düzeltmecilik,yönlendirme
ıslahevi,ıslahhane,anlam içi
ıslak,yaş,anlam içi
ıslama,ıslatma,yönlendirme
ıslamak,ıslatmak,yönlendirme
ısmarlama,sipariş,anlam içi
ısmarlamak,sipariş etmek,anlam içi
ısmarlamak,sipariş vermek,anlam içi
ıssız,yaban,anlam içi
ıssız,tenha,anlam içi
ıssızlaşmak,tenhalaşmak,anlam içi
ıstılah,terim,yönlendirme
ışık,ziya,anlam içi
ışık,nur,anlam içi
ışık,şavk,anlam içi
ışıklı,ışıl,anlam içi
ışıklı,nurlu,anlam içi
ışıklı,nurani,anlam içi
ışıklı,ziyalı,anlam içi
ışıklı,ziyadar,anlam içi
ışıkölçer,pozometre,anlam içi
ışıksız,ziyasız,anlam içi
ışıksızlık,ziyasızlık,anlam içi
ışık bacası,ışıklık,anlam içi
ışık değneği,ışık demeti,yönlendirme
ışık küre,ışık yuvarı,yönlendirme
ışılama,ışıldama,yönlendirme
ışılamak,ışıldamak,yönlendirme
ışıldak,projektör,anlam içi
ışıldatma,ışılatma,anlam içi
ışıldatmak,ışılatmak,anlam içi
ışıltılı,ışıl ışıl,anlam içi
ışıma,radyasyon,yönlendirme
ışın,şua,anlam içi
ışınım,radyasyon,yönlendirme
ışınölçer,radyometre,anlam içi
ışıntı,spot,anlam içi
ışıntı lambası,spot lambası,anlam içi
ışın bilimci,radyolog,anlam içi
ışın bilimi,radyoloji,anlam içi
ışın etkin,radyoaktif,yönlendirme
ışın etkinlik,radyoaktivite,yönlendirme
ışın tedavisi,şua tedavisi,anlam içi
ıştır,yaban pazısı (Chenopodium urbicum),anlam içi
ıtır,ıtır çiçeği,yönlendirme
ıtırlı,ıtri,anlam içi
ıtırşahi,kokulu bezelye,anlam içi
ıtırşahi,nazende çiçeği,anlam içi
ıtırşahi,İstanbul nazendesi (Lathyrus odoratus),anlam içi
ıtır çiçeği,ıtır (Pelargonium radicula),anlam içi
ızdırap,keder,yönlendirme
ızdıraplı,kederli,yönlendirme
ızdırapsızlık,kedersizlik,yönlendirme
ıztırar,zorunluluk,yönlendirme
ıztırari,zorunlu,yönlendirme
iade,iadeli,yönlendirme
iadeli,iadeli taahhütlü,yönlendirme
iane,yardım,yönlendirme
iare,ödünç,yönlendirme
ibadet,namaz niyaz,anlam içi
ibadet,taat,anlam içi
ibadetgâh,mabet,yönlendirme
ibadethane,mabet,yönlendirme
ibdai,özgün,yönlendirme
ibis,Mısır turnası (İbis aethiopica),anlam içi
ibiş,şapşal,yönlendirme
iblis,şeytan,yönlendirme
iblisane,şeytanca,yönlendirme
ibne,homoseksüel,anlam içi
ibrikçi,ibriktar,anlam içi
ibriktarlık,ibrikçilik,yönlendirme
ibrişim kurdu,ipek böceği,yönlendirme
icap,olumlama,yönlendirme
icat etmek,bulmak,anlam içi
icazet,izin,yönlendirme
icazet,onay,yönlendirme
icazet,diploma,yönlendirme
icazetname,diploma,yönlendirme
icmal,özet,yönlendirme
icra,yürütme,yönlendirme
iç,dış karşıtı,anlam içi
iç,yürek,anlam içi
içbükey,obruk,anlam içi
içbükey,mukaar,anlam içi
içerik,muhteva,anlam içi
içerik,mazruf,anlam içi
içerik,zımni,anlam içi
içerikli,muhtevalı,anlam içi
içerme,tazammun,anlam içi
içerme,ihtiva,anlam içi
içermek,ihtiva etmek,anlam içi
içermek,tazammun etmek,anlam içi
içe kapanık,içine kapanık,anlam içi
içe kapanıklık,içine kapanıklık,anlam içi
içe yöneliklik,otizm,yönlendirme
içgüdü,insiyak,anlam içi
içgüdü,sevkitabii,anlam içi
içgüdülü,içgüdüsel,yönlendirme
içgüdüsel,insiyaki,anlam içi
içikızıl,çayır mantarı,yönlendirme
içim,içiş,anlam içi
içindekiler,münderecat,anlam içi
için için,gizli gizli,yönlendirme
içki,tütsü,anlam içi
içkin,mündemiç,anlam içi
içki masası,içki sofrası,yönlendirme
içki âlemi,içki sefası,anlam içi
içlem,tazammun,anlam içi
içlenmek,kahrolmak,yönlendirme
içlilik,duygululuk,anlam içi
içli dışlı,sıkı fıkı,anlam içi
içli dışlı,yağlı ballı,anlam içi
içme,içmece,anlam içi
içrek,bâtıni,anlam içi
içrek,ezoterik,anlam içi
içrek,dışrak karşıtı,anlam içi
içreklik,bâtınilik,anlam içi
içreklik,ezoterizm,anlam içi
içsel,dâhilî,anlam içi
içten,ılım ılım,anlam içi
içten,içtenlikli,anlam içi
içten,kalpten,anlam içi
içten,yürekten,anlam içi
içten,kalbî,anlam içi
içten,samimi,anlam içi
içten,derinden,anlam içi
içten,sargın,anlam içi
içten,kalben,anlam içi
içtenlik,samimilik,anlam içi
içtenlik,samimiyet,anlam içi
içtenlikle,candan yürekten,anlam içi
içtenlikle,canıgönülden,anlam içi
içtenlikle,canıyürekten,anlam içi
içtenlikle,samimiyetle,anlam içi
içtenliksiz,içtensiz,anlam içi
içtenliksiz,samimiyetsiz,anlam içi
içtenliksizlik,içtensizlik,anlam içi
içtenliksizlik,samimiyetsizlik,anlam içi
içtepi,tepi,yönlendirme
içtima,kavuşum,yönlendirme
içtima,toplantı,yönlendirme
içtimai,toplumsal,yönlendirme
içtimailik,toplumsallık,yönlendirme
içtimaiyat,toplum bilimi,yönlendirme
içtimaiyatçı,toplum bilimci,yönlendirme
içtinap,sakınma,yönlendirme
içyüz,bâtın,anlam içi
içyüz,mahiyet,anlam içi
içyüz,zamir,anlam içi
iç bölge,hinterlant,anlam içi
iç bulantısı,gaseyan,anlam içi
iç cümle,iç tümce,anlam içi
iç denetim,denetişim,anlam içi
iç evlilik,içten evlilik,anlam içi
iç görümlü,endoskopik,yönlendirme
iç güveyisi,iç güveyi,anlam içi
iç harp,iç savaş,yönlendirme
iç itim,zerk,yönlendirme
iç itme,zerk,yönlendirme
iç itmek,zerk etmek,yönlendirme
iç lastik,şambrel,anlam içi
iç mimari,iç mimarlık,yönlendirme
iç uyak,iç kafiye,yönlendirme
idam,idam cezası,yönlendirme
idam cezası,ölüm,anlam içi
idam cezası,ölüm cezası,anlam içi
idare,yönetim,anlam içi
idare,tutum,yönlendirme
idare,yetinme,yönlendirme
idareci,yönetici,yönlendirme
idarecilik,yöneticilik,yönlendirme
idareli,tutumlu,yönlendirme
idaresiz,tutumsuz,yönlendirme
idaresizlik,tutumsuzluk,yönlendirme
idare kandili,idare lambası,anlam içi
idare kandili,şinanay,anlam içi
idari,yönetimsel,yönlendirme
iddia,sav,anlam içi
iddianame,savca,anlam içi
ideal,ülkü,yönlendirme
ideal,ülküsel,yönlendirme
ideal,uygun,yönlendirme
idealist,ülkücü,yönlendirme
idealizm,ülkücülük,yönlendirme
idealleştirmek,idealize etmek,anlam içi
idefiks,saplantı,yönlendirme
identik,özdeş,yönlendirme
ideogram,kavram yazı,yönlendirme
idiyopati,kapan duygu,yönlendirme
idman,çalışım,anlam içi
idman,hazırlık çalışması,anlam içi
idman,talim,anlam içi
idmanlılık,antrenmanlılık,anlam içi
idrar,sidik,anlam içi
idrar,küçük abdest,anlam içi
idrar,küçük,anlam içi
idrar torbası,idrar kesesi,anlam içi
idrar zoru,sidik zoru,anlam içi
ifa,ödeme,yönlendirme
iffet,namus,yönlendirme
iffetli,sili,anlam içi
iffetli,afif,anlam içi
iffetli,afife,anlam içi
iffetsiz,malın gözü,anlam içi
iffetsiz,silisiz,anlam içi
iffetsizlik,silisizlik,anlam içi
ifildemek,ürpermek,yönlendirme
iflah,onma,anlam içi
iflas,batkı,anlam içi
iflas etmek,batmak,anlam içi
ifna,tüketme,yönlendirme
ifraz,salgı,yönlendirme
ifsat,kargaşalık,yönlendirme
iftar,iftar vakti,yönlendirme
iftar,iftar yemeği,yönlendirme
iftariye,iftarlık,yönlendirme
iftariyelik,iftarlık,yönlendirme
iftar vakti,iftar zamanı,anlam içi
iftihar,övünme,yönlendirme
iftihar listesi,övünç çizelgesi,yönlendirme
iftira,kara,anlam içi
iftiracı,karalamacı,yönlendirme
iftiracılık,karalamacılık,yönlendirme
iftitah tekbiri,başlama tekbiri,anlam içi
iguana,Hint kertenkelesi (Iguana tuberculara),anlam içi
iğ,iğ iplik,yönlendirme
iğdiş etmek,burmak,anlam içi
iğdiş etmek,enemek,anlam içi
iğdiş ettirmek,burdurmak,anlam içi
iğdiş ettirmek,enetmek,anlam içi
iğfal,tecavüz etme,anlam içi
iğnedenlik,iğnelik,yönlendirme
iğnelik,iğne yastığı,anlam içi
iğnelik,iğnedan,anlam içi
iğnelik,iğnedanlık,anlam içi
iğne deliği,iğneyurdu,anlam içi
iğrenç,müstekreh,anlam içi
iğrengen,iğrengeç,anlam içi
iğrenme,iğrenti,anlam içi
iğrenmek,istikrah etmek,anlam içi
ihale,tefviz,anlam içi
ihata,kuşatma,yönlendirme
ihbarcı,muhbir,yönlendirme
ihbarcılık,muhbirlik,yönlendirme
ihmal,savsaklama,anlam içi
ihmal,savsama,anlam içi
ihmalci,ihmalkâr,yönlendirme
ihmalcilik,ihmalkârlık,yönlendirme
ihmalkâr,savsak,anlam içi
ihracatçı,ihraççı,anlam içi
ihsan,lütuf,yönlendirme
ihsan,iyilik,yönlendirme
ihsas,sezdirme,anlam içi
ihsas,ima,anlam içi
ihtar,uyarı,yönlendirme
ihtarname,protesto,anlam içi
ihtikâr,vurgunculuk,yönlendirme
ihtikârcılık,vurgunculuk,yönlendirme
ihtilam,düş azması,yönlendirme
ihtimal,olasılık,anlam içi
ihtimaliyet hesabı,olasılık hesabı,yönlendirme
ihtimaller hesabı,olasılık hesabı,yönlendirme
ihtimalî,muhtemel,yönlendirme
ihtimam,özen,yönlendirme
ihtira,türetme,anlam içi
ihtiram,saygı,yönlendirme
ihtiram birliği,tören birliği,yönlendirme
ihtiram duruşu,saygı duruşu,yönlendirme
ihtiram kıtası,tören birliği,yönlendirme
ihtiras,tutku,yönlendirme
ihtiraslı,tutkulu,yönlendirme
ihtirassız,tutkusuz,yönlendirme
ihtisas,uzmanlaşma,yönlendirme
ihtisas,uzmanlık,yönlendirme
ihtişamlılık,görkemlilik,yönlendirme
ihtiyar,"yaşlı (I), genç karşıtı",yönlendirme
ihtiyar,seçme,yönlendirme
ihtiyari,seçimlik,yönlendirme
ihtiyarlama,yaşlanma,yönlendirme
ihtiyarlamak,yaşlanmak,yönlendirme
ihtiyarlayış,yaşlanış,yönlendirme
ihtiyarlık,yaşlılık,yönlendirme
ihtiyarlık sigortası,yaşlılık sigortası,yönlendirme
ihtiyarsız,irade dışı,yönlendirme
ihtiyar heyeti,ihtiyar meclisi,anlam içi
ihtiyat,sakınma,anlam içi
ihtiyat,yedek,anlam içi
ihtiyati tedbir,ihtiyat tedbiri,yönlendirme
ihtiyatkâr,ihtiyatlı,yönlendirme
ihtiyatlı,sakıngan,anlam içi
ihtizaz,titreşme,yönlendirme
ihtizaz,titreşim,yönlendirme
ikametgâh ilmühaberi,yerleşim belgesi,yönlendirme
ikametgâh kâğıdı,yerleşim belgesi,yönlendirme
ikaz,uyarı,yönlendirme
ikaz,uyandırma,yönlendirme
ikbal,odalık,yönlendirme
iki,dü,anlam içi
ikibuçukluk,tümlük,anlam içi
ikibuçukluk,gremse,anlam içi
ikibuçukluk,ata ikibuçukluk,yönlendirme
ikide bir,ikide birde,anlam içi
ikilem,kıyasımukassem,anlam içi
ikilem,çıkmazlık,anlam içi
ikili,düet,anlam içi
ikili,ikili bahis,yönlendirme
ikilik,tefrika,anlam içi
ikincil,yan,anlam içi
ikincil,tali,anlam içi
ikincil,sekunder,anlam içi
ikinci ferik,tümgeneral,yönlendirme
ikinci sınıf,ikinci mevki,yönlendirme
ikinci yarı,ikinci devre,anlam içi
ikindi,ikindi ezanı,yönlendirme
ikindi,ikindi namazı,yönlendirme
ikindiüstü,ikindiye doğru,yönlendirme
ikindiüzeri,ikindiye doğru,yönlendirme
ikircik,kuşku,yönlendirme
ikircik,kararsızlık,yönlendirme
ikirciklenme,kuşkulanma,yönlendirme
ikirciklenmek,kuşkulanmak,yönlendirme
ikircikli,kuşkucu,yönlendirme
ikircikli,kararsız,yönlendirme
ikirciklik,kuşkuculuk,yönlendirme
ikirciklik,kararsızlık,yönlendirme
ikircim,kuşku,yönlendirme
ikircim,kararsızlık,yönlendirme
ikircimli,kuşkucu,yönlendirme
ikircimli,kararsız,yönlendirme
ikircimlik,kuşkuculuk,yönlendirme
ikircimlik,kararsızlık,yönlendirme
ikiyüzlü,yüze gülücü,anlam içi
ikiyüzlü,yalabık,anlam içi
ikiyüzlü,riyakâr,anlam içi
ikiyüzlü,mürai,anlam içi
ikiyüzlülük,yüze gülücülük,anlam içi
ikiyüzlülük,riya,anlam içi
ikiyüzlülük,riyakârlık,anlam içi
ikiyüzlülük,mürailik,anlam içi
ikizleşme,ünsüz ikizleşmesi,yönlendirme
ikiz anlamlı,ikizli,anlam içi
iki anlamlı,ikircil,yönlendirme
iki cinslikli,iki eşeyli,yönlendirme
iki yaşamlı,iki yaşayışlı,anlam içi
iki yaşamlılar,iki yaşayışlılar,anlam içi
iklim,ülke,yönlendirme
iklimleme,iklimlendirme,anlam içi
ikona,ikon,anlam içi
ikrah,tiksinme,yönlendirme
ikrahlık,tiksinti,yönlendirme
ikramcı,mükrim,anlam içi
iktidar,cinsel güç,yönlendirme
iktifa,yetinme,yönlendirme
iktiran,yaklaşma,yönlendirme
iktisat,tutum,yönlendirme
il,vilayet,anlam içi
il,yurt,yönlendirme
ilaç,daru,anlam içi
ilaç,ot,anlam içi
ilah,tanrı,yönlendirme
ilahe,tanrıça,yönlendirme
ilahi,tanrısal,anlam içi
ilahi,lahuti,anlam içi
ilahi,rahmani,anlam içi
ilahiyat,tanrı bilimi,yönlendirme
ilahiyatçı,tanrı bilimci,yönlendirme
ilanihaye,sonsuz,yönlendirme
ilan panosu,duyurumluk,yönlendirme
ilan tahtası,duyurumluk,yönlendirme
ilbay,vali,yönlendirme
ilçe,kaymakamlık,anlam içi
ilçe,kaza,anlam içi
ilçebay,kaymakam,yönlendirme
ilelebet,sürgit,anlam içi
ilenme,kargıma,anlam içi
ilenme,kargışlama,anlam içi
ilenme,inkisar,anlam içi
ilenme,intizar,anlam içi
ilenmek,beddua etmek,anlam içi
ilenmek,kargımak,anlam içi
ilenmek,kargışlamak,anlam içi
ilenmek,intizar etmek,anlam içi
ilerici,terakkiperver,anlam içi
ilerici,gerici karşıtı,anlam içi
ilericilik,terakkiperverlik,anlam içi
ileri görüş,vizyon,anlam içi
ileri uç oyuncusu,hücumcu,anlam içi
ileri uç oyuncusu,hücum oyuncusu,anlam içi
ileri uç oyuncusu,muhacim,anlam içi
ilerleme,terakki,anlam içi
ilerleme,tefeyyüz,anlam içi
ilerlemek,terakki etmek,anlam içi
ileti,mesaj,anlam içi
iletim,ısı yayımı,yönlendirme
iletişim,muhabere,anlam içi
iletişim araçları,yayın organı,anlam içi
iletişim araçları,medya,anlam içi
iletişim ortamı,medya,anlam içi
iletişim uzmanı,iletişimci,anlam içi
iletişim uzmanlığı,iletişimcilik,anlam içi
iletken,nâkil,anlam içi
iletken,yalıtkan karşıtı,anlam içi
iletki,mastara,anlam içi
ilgeç,edat,yönlendirme
ilgeçli tümleç,edatlı tümleç,yönlendirme
ilgi,taalluk,anlam içi
ilgileme,teyelleme,yönlendirme
ilgilemek,teyellemek,yönlendirme
ilgilendirmek,ırgalamak,anlam içi
ilgili,müntesip,anlam içi
ilgili,müteallik,anlam içi
ilgililik,alakadarlık,anlam içi
ilgililik,alakalılık,anlam içi
ilgisiz,kayıtsız,anlam içi
ilgisiz,lakayıt,anlam içi
ilgisizcesine,ilgisizce,yönlendirme
ilgisizlik,kayıtsızlık,anlam içi
ilgisizlik,lakayıtlık,anlam içi
ilgisizlik,lakaydi,anlam içi
ilgi durumu,genitif: kitab-ın (kapağı),anlam içi
ilgi durumu,ev-in (damı),anlam içi
ilgi durumu,araba-nın (sileceği),anlam içi
ilgi durumu,okul-un (kapısı),anlam içi
ilgi durumu,yüz-ün (rengi) vb,anlam içi
ilhak,katma,yönlendirme
ilhan,imparator,yönlendirme
ilhanlık,imparatorluk,anlam içi
ilinek,araz,anlam içi
ilinti,ilişki,yönlendirme
ilinti,teyel,yönlendirme
ilintileme,teyelleme,yönlendirme
ilintilemek,teyellemek,yönlendirme
ilişik,ilişki,yönlendirme
ilişki,münasebet,anlam içi
ilişki,rabıta,anlam içi
ilişki,temas,anlam içi
ilişkili,münasebetli,anlam içi
ilişkin,merbut,anlam içi
ilişkin,müteallik,anlam içi
ilk,öncel,anlam içi
ilk,son karşıtı,anlam içi
ilkbahar,erken bahar,anlam içi
ilkbahar,evvel bahar,anlam içi
ilkbahar,ilkyaz,anlam içi
ilkbahar,nevbahar,anlam içi
ilke,umde,anlam içi
ilke,prensip,anlam içi
ilke,öge,yönlendirme
ilke,mebde,anlam içi
ilkel,ilkelce,anlam içi
ilkel,iptidai,anlam içi
ilkel,primitif,anlam içi
ilkelci,primitivist,anlam içi
ilkelcilik,primitivizm,anlam içi
ilkellik,iptidailik,anlam içi
ilkellik,primitiflik,anlam içi
ilkokul,ilk mektep,anlam içi
ilkokul,iptidai,anlam içi
ilkokul,iptidai mektep,anlam içi
ilk gösteri,prömiyer,anlam içi
ilk gün zarfı,özel gün zarfı,anlam içi
ilk önce,ilkten,anlam içi
ilk örnek,prototip,anlam içi
ilk planda,başlangıçta,yönlendirme
ilk yardım,sıhhi imdat,anlam içi
ilk yarı,ilk devre,anlam içi
illaki,illa,yönlendirme
ille,illa,yönlendirme
illegal,yasa dışı,yönlendirme
illegallik,yasa dışılık,yönlendirme
illet,neden,yönlendirme
illiyet,nedensellik,yönlendirme
illiyet,illiyet bağı,yönlendirme
illüstrasyon,resimleme,yönlendirme
illüzyon,yanılsama,yönlendirme
illüzyonist,göz bağıcı,yönlendirme
illüzyonizm,göz bağıcılık,yönlendirme
illî,nedensel,yönlendirme
ilmek,ilmik,anlam içi
ilmekleme,ilmikleme,anlam içi
ilmeklemek,ilmiklemek,anlam içi
ilmikli,ilmekli,yönlendirme
ilmiksiz,ilmeksiz,yönlendirme
ilmühaber,alındı kâğıdı,anlam içi
iltica,sığınma,yönlendirme
iltica hakkı,sığınma hakkı,yönlendirme
iltihabi,iltihaplı,yönlendirme
iltihak,katılma,yönlendirme
iltihap,yangı,anlam içi
iltihap,enflamasyon,anlam içi
iltihaplanma,yangılanma,anlam içi
iltihaplanmak,yangılanmak,anlam içi
iltihaplı,yangılı,anlam içi
iltihapsız,yangısız,anlam içi
iltimas,kayırma,yönlendirme
iltimasçı,kayırıcı,yönlendirme
iltimasçılık,kayırıcılık,yönlendirme
iltizam,kesenek,yönlendirme
iltizamcı,kesenekçi,yönlendirme
ilzam,susturma,anlam içi
im,işaret,yönlendirme
ima,işaretleme,anlam içi
imaj,imge,yönlendirme
imal,yapım,yönlendirme
imalathane,yapımevi,anlam içi
imamet,imamlık,yönlendirme
imamkayığı,tabut,yönlendirme
imamsuyu,rakı,yönlendirme
iman,inanç,yönlendirme
imaniye,inancılık,yönlendirme
imanlı,itikatlı,anlam içi
imanlı,mümin,anlam içi
imansız,inançsız,yönlendirme
imansızlık,inançsızlık,yönlendirme
imarethane,imaret,anlam içi
imdi,şimdi,yönlendirme
imgelem,imajinasyon,anlam içi
imgeleme,tahayyül,anlam içi
imitasyon,taklit,yönlendirme
imkânsızlık,gayrikabillik,anlam içi
imkânsızlık,gayrimümkünlük,anlam içi
imla kılavuzu,yazım kılavuzu,yönlendirme
imleç,kaydedici,anlam içi
imleç,kürsör,anlam içi
imleme,ima,anlam içi
imlemek,ima etmek,anlam içi
immoral,töretanımaz,yönlendirme
immoralizm,töretanımazlık,yönlendirme
immünolojik,bağışıklık bilimsel,yönlendirme
immünolojist,bağışıklık bilimci,yönlendirme
imparator mantarı,duvaklıca (Amanita caesarea),anlam içi
imrenme,imrenti,anlam içi
imrenme,özenç,anlam içi
imrenmek,gıpta etmek,anlam içi
imtihan,sınav,yönlendirme
imtihansız,sınavsız,yönlendirme
imtiyazlıca,ayrıcalıklıca,yönlendirme
imtiyazlılık,ayrıcalıklılık,yönlendirme
imtiyazsızca,ayrıcalıksızca,yönlendirme
imtizaç,uyum,yönlendirme
imtizaçlı,uyumlu,yönlendirme
imtizaçsız,uyumsuz,yönlendirme
imtizaçsızlık,uyumsuzluk,yönlendirme
in,insan,yönlendirme
inancı,fideist,anlam içi
inanç,itikat,anlam içi
inançlı,inanlı,anlam içi
inançlı,itikatlı,anlam içi
inançsız,inansız,anlam içi
inançsız,itikatsız,anlam içi
inançsızlık,inansızlık,anlam içi
inançsızlık,itikatsızlık,anlam içi
inat,inatçı,yönlendirme
inatçı,pek başlı,anlam içi
inatçı,muannit,anlam içi
inatçılık,inatlık,anlam içi
inatçılık,anutluk,anlam içi
inatçılık,muannitlik,anlam içi
inayet,lütuf,yönlendirme
ince,narin,anlam içi
ince,kalın karşıtı,anlam içi
ince,zayıf,yönlendirme
inceden,ince yapılı,yönlendirme
inceleme,tetkik,anlam içi
incelemek,tetkik etmek,anlam içi
inceleyici,müdekkik,anlam içi
incelik,kibarlık,anlam içi
incelik,letafet,anlam içi
incelik,ayrıntı,yönlendirme
incelmek,zayıflamak,yönlendirme
inceltici,tiner,anlam içi
inceltmek,seyreltmek,yönlendirme
inceltme işareti,düzeltme işareti,yönlendirme
ince ağrı,verem,yönlendirme
ince ayrım,çalar,anlam içi
ince ayrım,nüans,anlam içi
ince hastalık,verem,yönlendirme
ince iş,nakış,yönlendirme
ince ses,tiz ses,anlam içi
ince ses,yüksek ses,anlam içi
ince ünlü,ön ünlü: e,anlam içi
ince ünlü,i,anlam içi
ince ünlü,ö,anlam içi
ince ünlü,ü,anlam içi
incir,tin,anlam içi
incir,yemiş,anlam içi
incirlik,yemişlik,anlam içi
incitmebeni,kanser,yönlendirme
incitmek,kıtlamak,anlam içi
inci çiçeği,müge (Convallaria majalis),anlam içi
inci taşı,perlit,anlam içi
inç,parmak,anlam içi
inç,pus,anlam içi
indifa,püskürme,yönlendirme
indinde,yanında,yönlendirme
indirgeme,irca,anlam içi
indirgeme,redüksiyon,anlam içi
indirgemek,irca etmek,anlam içi
indirim,tenzilat,anlam içi
indirimli,tenzilatlı,anlam içi
indirme,tenzil,anlam içi
ineç,"tekne, yukaç karşıtı",yönlendirme
inek,sarıkız,anlam içi
inek,ibne,yönlendirme
infaz,uygulama,anlam içi
infaz,yürütüm,anlam içi
infiratçı,yalnızcı,yönlendirme
infiratçılık,yalnızcılık,yönlendirme
informel eğitim,sargın eğitim,yönlendirme
ingin,nezle,yönlendirme
inginlik,inhitat,anlam içi
inhibitör,engelleyici,yönlendirme
inhidam,yıkılma,yönlendirme
inhiraf,sapma,yönlendirme
inhisar,tekel,yönlendirme
inhisarcı,tekelci,yönlendirme
inhisarcılık,tekelcilik,yönlendirme
ini,kayınbirader,yönlendirme
inikâs,yansı,yönlendirme
inikâs,yankı,yönlendirme
inilti,enin,anlam içi
inisiyatif,öncecilik,yönlendirme
inişli çıkışlı,inişli yokuşlu,anlam içi
inkıbaz,keder,yönlendirme
inkıbaz,kabız,yönlendirme
inkısam,parçalanma,yönlendirme
inkisar,kırılma,yönlendirme
inkâr,yadsıma,anlam içi
inleme,inildeme,anlam içi
inlemek,inildemek,anlam içi
inme,nüzul,anlam içi
inme,sekte,anlam içi
inme,paralizi,anlam içi
inme,apopleksi,anlam içi
inmek,vurmak,yönlendirme
inmek,yıkılmak,yönlendirme
inmek,ağmak,yönlendirme
inmeli,mefluç,anlam içi
inmeli,nüzullü,anlam içi
inovasyon,yenileşim,yönlendirme
inovatif,yenileşimci,yönlendirme
insafsızca,insafsızcasına,anlam içi
insan,âdem,anlam içi
insan,insanoğlu,anlam içi
insanca,insani,anlam içi
insanca,insancasına,anlam içi
insancı,insancıl,yönlendirme
insancıllık,insancılık,anlam içi
insancıllık,hümanistlik,anlam içi
insanımsılar,insansılar,yönlendirme
insaniçincilik,insanmerkezcilik,yönlendirme
insaniyet,insanlık,yönlendirme
insaniyetli,mürüvvetli,anlam içi
insaniyetsiz,mürüvvetsiz,anlam içi
insaniyetsizlik,mürüvvetsizlik,anlam içi
insanmerkezci,insaniçinci,anlam içi
insanmerkezci,antroposantrist,anlam içi
insansı,insanımsı,anlam içi
insansılık,insanımsılık,anlam içi
insansız araç,insansız hava aracı,yönlendirme
insan biçimci,antropomorfist,anlam içi
insan hâli,insanlık hâli,yönlendirme
insan kendini beğenmese çatlar,bu,anlam içi
insicam,tutarlılık,yönlendirme
insicamlı,tutarlı,yönlendirme
insicamlılık,tutarlılık,yönlendirme
insicamsız,tutarsız,yönlendirme
insicamsızlık,tutarsızlık,yönlendirme
inşa,yapım,yönlendirme
inşaat,yapım,anlam içi
integrasyon,integralleme,yönlendirme
internet,genel ağ,yönlendirme
intiba,izlenim,yönlendirme
intibah,uyanma,yönlendirme
intibah,uyanış,yönlendirme
intibak,uyum,yönlendirme
intihap,seçme,yönlendirme
intihap,seçim,yönlendirme
intihar bombacısı,canlı bomba,yönlendirme
intikal,öteleme,yönlendirme
intikam,öç,yönlendirme
intisap,kapılanma,yönlendirme
intizamsız,karışık,yönlendirme
intizamsızlık,karışıklık,yönlendirme
inzimam,katılma,yönlendirme
ip,iplik,yönlendirme
ipeğimsi,ipeksi,yönlendirme
ipeka,altın kökü,yönlendirme
ipek ağacı,ipek gülü,anlam içi
ipek ağacı,gülibrişim (Albizia julibrissin),anlam içi
ipek böceği,ibrişim kurdu (Bombyx mori),anlam içi
ipek matı,ipeksi mat,yönlendirme
ipham,kapalılık,yönlendirme
ipliksi,ipliğimsi,anlam içi
iplik iplik,yol yol,yönlendirme
iplik solucanlar,ipsi solucanlar,yönlendirme
ipotek,tutu,yönlendirme
ipotekli,tutulu,yönlendirme
ipsiler,ipsi solucanlar,yönlendirme
ipsiz,ipsiz sapsız,yönlendirme
iptidaları,önceleri,yönlendirme
ipucu,iz,anlam içi
ip merdiven,örcin,anlam içi
irade,istenç,anlam içi
iradeci,istenççi,anlam içi
iradeci,iradi,anlam içi
iradeci,volontarist,anlam içi
iradecilik,istenççilik,anlam içi
iradecilik,iradiye,anlam içi
iradecilik,volontarizm,anlam içi
iradeli,istençli,anlam içi
iradelilik,istençlilik,anlam içi
iradesiz,istençsiz,anlam içi
iradesizce,istençsizce,anlam içi
iradesizlik,istençsizlik,anlam içi
iradesizlik,gayriiradilik,anlam içi
irade dışı,istenç dışı,anlam içi
irade dışı,iradesiz,anlam içi
irade dışı,istençsiz,anlam içi
irade kaybı,irade yitimi,yönlendirme
irade yitimi,istenç yitimi,anlam içi
irat,söyleme,yönlendirme
irfan,kültür,yönlendirme
iri,müşekkel,anlam içi
iri,ince karşıtı,anlam içi
iri,yapılı,yönlendirme
irin,ufunet,anlam içi
irinlenme,iltihaplanma,anlam içi
irinlenme,cerahatlenme,anlam içi
irinlenmek,iltihaplanmak,anlam içi
irinlenmek,cerahatlenmek,anlam içi
iri kıyım,iri yapılı,yönlendirme
iri yarı,iri yapılı,yönlendirme
irkilteç,kalp pili,yönlendirme
irkinti,irkilti,yönlendirme
irrasyonalist,akıl dışıcı,yönlendirme
irredantizm,kurtarımcılık,yönlendirme
irs,kalıtım,yönlendirme
irsiyet,kalıtım,yönlendirme
irsî,kalıtımsal,yönlendirme
irtibatlılık,bağlantılılık,yönlendirme
irtifa,yükseklik,yönlendirme
irtifa,yükselti,yönlendirme
irtihal,ölüm,yönlendirme
irtikâp,yiyicilik,yönlendirme
irtisam,iz düşümü,yönlendirme
is,sürme,yönlendirme
isal,ulaştırma,yönlendirme
isfendan,akçaağaç,yönlendirme
ishal,sürgün,anlam içi
ishal,ötürük,anlam içi
ishal,iç sürme,anlam içi
ishal,linet,anlam içi
ishal,kabız karşıtı,anlam içi
isimlilik,adlılık,yönlendirme
isimsizlik,adsızlık,yönlendirme
isim gövdesi,ad gövdesi,yönlendirme
isim hakkı,patent hakkı,anlam içi
isim tamlaması,ad tamlaması,yönlendirme
iskambil,iskambil kâğıdı,yönlendirme
iskambil kâğıdı,kart,anlam içi
iskambil kâğıdı,kâğıt,anlam içi
iskambil kâğıdı,oyun kâğıdı,anlam içi
iskelet,kadit,anlam içi
iskelet,teşrih,anlam içi
iskele kuşu,yalıçapkını,yönlendirme
iskerlet,dikenli salyangoz,yönlendirme
iskonto,indirim,yönlendirme
iskonto,kırdırma,yönlendirme
iskontolu,indirimli,yönlendirme
iskontosuz,indirimsiz,yönlendirme
iskân,yurtlandırma,yönlendirme
iskân,yurtlanma,yönlendirme
iskân,yerleşim,yönlendirme
islim,istim,yönlendirme
ismet,sililik,anlam içi
ismet,temizlik,yönlendirme
ispalya,sırık,yönlendirme
ispat,kanıt,yönlendirme
ispat,kanıtlama,yönlendirme
ispat,tanıtlama,yönlendirme
ispatlama,kanıtlama,yönlendirme
ispatlama,tanıtlama,yönlendirme
ispatlamak,kanıtlamak,yönlendirme
ispatlamak,tanıtlamak,yönlendirme
ispatlanış,kanıtlanış,yönlendirme
ispatlanış,tanıtlanış,yönlendirme
ispatlanma,kanıtlanma,yönlendirme
ispatlanma,tanıtlanma,yönlendirme
ispatlanmak,kanıtlanmak,yönlendirme
ispatlanmak,tanıtlanmak,yönlendirme
ispatlayabilme,kanıtlayabilme,yönlendirme
ispatlayabilme,tanıtlayabilme,yönlendirme
ispatlayabilmek,kanıtlayabilmek,yönlendirme
ispatlayabilmek,tanıtlayabilmek,yönlendirme
ispatlayış,kanıtlayış,yönlendirme
ispatlayış,tanıtlayış,yönlendirme
ispatlı,kanıtlı,yönlendirme
ispatlı,tanıtlı,yönlendirme
ispermeçet balinası,kadırga balığı,anlam içi
ispermeçet balinası,kaşalot (Physeter catodon),anlam içi
ispirtoluk,ispirto ocağı,anlam içi
ispit,jant,yönlendirme
ispiyon,ispiyonlama,anlam içi
ispiyon,gammazlama,anlam içi
ispritizma,ruhçuluk,yönlendirme
ispritizmacı,ruhçu,yönlendirme
ispritizmacılık,ruhçuluk,yönlendirme
israf,savurganlık,anlam içi
istatistik,sayımlama,anlam içi
istatistik,sayım bilimi,anlam içi
istatistikçi,sayımlamacı,anlam içi
istatistiksel,sayımlamalı,anlam içi
istatistiksel,istatistiki,anlam içi
istavrit azmanı,ton balığı,yönlendirme
istek,kasıt,anlam içi
istek,özenç. meram,anlam içi
istek,talep,anlam içi
isteka,bilardo sopası,anlam içi
isteka,istika,yönlendirme
isteklendirici,teşvikçi,anlam içi
isteklendirici,teşvikkâr,anlam içi
isteklendirme,heveslendirme,anlam içi
isteklendirme,teşvik,anlam içi
isteklendirmek,heveslendirmek,anlam içi
isteklendirmek,teşvik etmek,anlam içi
isteklendirmek,motive etmek,anlam içi
istekli,talipli,anlam içi
istekli,talepkâr,anlam içi
istekli,müştehi,anlam içi
isteklilik,arzululuk,anlam içi
isteklilik,heveslilik,anlam içi
isteklilik,talepkârlık,anlam içi
isteksiz,arzusuz,anlam içi
isteksiz,isteksizce,yönlendirme
isteksizce,arzusuzca,anlam içi
isteksizce,hevessizce,anlam içi
isteksizlik,arzusuzluk,anlam içi
isteksizlik,hevessizlik,anlam içi
istek kipi ,oturunuz,anlam içi
istek kipi ,oturabilir miyim vb,anlam içi
istem,isteme,yönlendirme
istem dışılık,gayriihtiyarilik,anlam içi
istenilme,istenme,yönlendirme
istenilmek,istenmek,yönlendirme
istenme,arzulanma,anlam içi
istenmek,arzulanmak,anlam içi
istenmeyen kişi,istenmeyen adam,anlam içi
isteşmek,flört etmek,anlam içi
istetme,arzulatma,anlam içi
istetmek,arzulatmak,anlam içi
isteyiş,arzulayış,anlam içi
istiare,ödünçleme,yönlendirme
istibat,uzaksama,yönlendirme
istical,ivedilik,yönlendirme
isticvap,sorgulama,yönlendirme
istidat,yetenek,yönlendirme
istidatlı,yetenekli,yönlendirme
istidatsız,yeteneksiz,yönlendirme
istif,stok,yönlendirme
istifa,istifaname,anlam içi
istifade,yararlanma,yönlendirme
istifçi,stokçu,yönlendirme
istifçilik,stokçuluk,anlam içi
istifham,soru,yönlendirme
istifra,kusma,yönlendirme
istihbar,öğrenme,yönlendirme
istihbarat servisi,gizli servis,anlam içi
istihkâm,istihkâmcılık,anlam içi
istihlak,tüketim,yönlendirme
istihsal,üretim,yönlendirme
istikamet,yön,yönlendirme
istikra,tümevarım,yönlendirme
istikrah,tiksinme,yönlendirme
istikrar,stabilizasyon,anlam içi
istikrarlı,stabilize,anlam içi
istikrarsızlık,zikzak,yönlendirme
istimara,ölçme,yönlendirme
istimna,mastürbasyon,yönlendirme
istimrar,süreklilik,yönlendirme
istintak,sorgu,yönlendirme
istismar,sömürme,yönlendirme
istismarcı,sömürücü,yönlendirme
istisna,kural dışılık,yönlendirme
istisnai,istisnalı,anlam içi
istisnasızca,ayrıksızca,anlam içi
istisnasızlık,ayrıksızlık,anlam içi
istişare heyeti,danışma kurulu,yönlendirme
isyan,başkaldırı,yönlendirme
isyancı,başkaldırıcı,yönlendirme
isyancılık,başkaldırıcılık,yönlendirme
isyankâr,başkaldırıcı,yönlendirme
isyankârlık,başkaldırıcılık,yönlendirme
işaret,sim,anlam içi
işaret parmağı,şehadet parmağı,anlam içi
işaret parmağı,salavat parmağı,anlam içi
işaret sıfatı,gösterme sıfatı: Bu kitap,anlam içi
işaret sıfatı,şu adam,anlam içi
işaret sıfatı,o çocuk vb,anlam içi
işçibaşılık,başçılık,anlam içi
işetmek,çiş yaptırmak,anlam içi
işgal,uğraştırma,yönlendirme
işgaliye,işgaliye resmi,anlam içi
işgal eylemek,işgal etmek,yönlendirme
işgüder,maslahatgüzar,yönlendirme
işgüderlik,maslahatgüzarlık,yönlendirme
işitmek,duymak,anlam içi
işitme kesesi,otosist,anlam içi
işitme taşı,otolit,anlam içi
işitsel zekâ ,müziksel zekâ,anlam içi
işitsel zekâ ,ritmik zekâ,anlam içi
işittirmek,duyurmak,anlam içi
işkembesi geniş,işkembesiz,anlam içi
işkence,azap,anlam içi
işkil,kuşku,yönlendirme
işkillendirme,kuşkulandırma,yönlendirme
işkillendirmek,kuşkulandırmak,yönlendirme
işkillenme,kuşkulanma,yönlendirme
işkillenmek,kuşkulanmak,yönlendirme
işkilli,kuşkucu,yönlendirme
işkillilik,kuşkuculuk,yönlendirme
işkine,taş balığı,yönlendirme
işkolik,işsever,yönlendirme
işlem,prosedür,anlam içi
işlemci,merkezî işlem birimi,anlam içi
işlemek,nakışlamak,anlam içi
işlemek,nüfuz etmek,anlam içi
işlemek,nakşetmek,yönlendirme
işlemek,çalışmak,anlam içi
işlememezlik,işlemezlik,yönlendirme
işletmeci,operatör,anlam içi
işletmek,çalıştırmak,anlam içi
işletmen,operatör,anlam içi
işletmenlik,operatörlük,anlam içi
işlev,izlev,anlam içi
işleyim,sanayi,yönlendirme
işlik ,atölye,yönlendirme
işlik ,gömlek,yönlendirme
işporta,sergi,anlam içi
iştah,iştiha,anlam içi
iştahlı,müştehi,anlam içi
işte,nah,anlam içi
işteş çatı,müşareket: görüşmek (gör-üş-mek),anlam içi
işteş çatı,koşuşmak (koş-uş-mak) vb,anlam içi
işteş fiil,müşareket fiili: gülüşmek,anlam içi
işteş fiil,öpüşmek,anlam içi
iştikak,türeme,yönlendirme
iştira,satın alma,yönlendirme
iştirak,paydaşlık,yönlendirme
iştirak,paydaşlık etme,anlam içi
iştirak,ortaklık,yönlendirme
iştirakçi,katılımcı,yönlendirme
iştiyak,özleme,yönlendirme
işveren,patron,anlam içi
işyar,memur,yönlendirme
iş akdi,iş sözleşmesi,yönlendirme
iş birliği,teşrikimesai,anlam içi
iş gezisi,iş seyahati,anlam içi
iş güç,uğraş,yönlendirme
iş merkezi,plaza,anlam içi
iş yeri,ofis,anlam içi
it,köpek,yönlendirme
itaatkâr,itaatli,yönlendirme
itaatli,muti,anlam içi
itaatlilik,itaatkârlık,anlam içi
italik,eğik yazı,yönlendirme
ita emri,verile emri,yönlendirme
iteklemek,itelemek,yönlendirme
itenek,piston,yönlendirme
itfa,söndürme,yönlendirme
itfa,sönüm,yönlendirme
itfaiye,itfaiye aracı,yönlendirme
itfaiyeci,yangıncı,anlam içi
itfaiyecilik,yangıncılık,anlam içi
ithafname,ithaf yazısı,yönlendirme
itham,suçlama,yönlendirme
itibar,saygınlık,yönlendirme
itibar,kredi,anlam içi
itibari,saymaca,yönlendirme
itibarlı,saygın,yönlendirme
itidal,ölçülülük,yönlendirme
itidal,soğukkanlılık,yönlendirme
itidal sahibi,soğukkanlı,yönlendirme
itila,yücelme,yönlendirme
itila,yükselme,yönlendirme
itina,özen,yönlendirme
itinalı,özenli,yönlendirme
itinalıca,özenlice,yönlendirme
itinalılık,özenlilik,yönlendirme
itinasız,özensiz,yönlendirme
itinasızca,özensizce,yönlendirme
itinasızlık,özensizlik,yönlendirme
itirazcı,muteriz,anlam içi
itki,tepi,yönlendirme
itlenmek,itleşmek,anlam içi
itmam,tamamlama,yönlendirme
it hıyarı,karga düleği (Ecballium elaterium),anlam içi
it üzümü,tilki üzümü (Solanum nigrum),anlam içi
ivaz,ödün,yönlendirme
ivazlı,ödünlü,yönlendirme
ivazlılık,ödünlülük,yönlendirme
ivazsız,ödünsüz,yönlendirme
ivazsızca,ödünsüzce,yönlendirme
ivazsızlık,ödünsüzlük,yönlendirme
ivedilik,müstaceliyet,anlam içi
ivmek,acele etmek,anlam içi
ivmelenmek,hız kazanmak,anlam içi
iye,sahip,yönlendirme
iye,veli,yönlendirme
iyelik,sahiplik,yönlendirme
iyi,kötü karşıtı,anlam içi
iyice,pekçe,anlam içi
iyice,sıkı sıkıya,anlam içi
iyicil,iyi huylu,yönlendirme
iyicillik,iyi huyluluk,yönlendirme
iyiden iyiye,domuzuna,anlam içi
iyileşmek,salah bulmak,anlam içi
iyileştirme,rehabilitasyon,anlam içi
iyileştirme,rehabilite,anlam içi
iyileştirmek,tedavi etmek,anlam içi
iyileştirmek,ıslah etmek,anlam içi
iyilik,salah,anlam içi
iyilik,kerem,anlam içi
iyilik,nimet,anlam içi
iyilikbilmez,ekmeği dizinde,anlam içi
iyilikbilmez,tuz ekmek düşmanı,anlam içi
iyilik güzellik,iyilik sağlık,yönlendirme
iyimser,nikbin,anlam içi
iyimser,optimist,anlam içi
iyimser,kötümser karşıtı,anlam içi
iyimserlik,nikbinlik,anlam içi
iyimserlik,optimizm,anlam içi
iyi kalpli,iyi yürekli,anlam içi
iyi kötü,şöyle böyle,yönlendirme
iyi niyet,sağistem,anlam içi
iyi niyet,hüsnüzan,anlam içi
iyon,yükün,anlam içi
iyonlanma,iyonlaşma,yönlendirme
iyon yuvarı,iyonosfer,anlam içi
iz,nişan,anlam içi
iz,nişane,anlam içi
iz,yer,anlam içi
izahlı,açıklamalı,yönlendirme
izam,yollama,yönlendirme
izcilik,keşşaflık,anlam içi
izin,müsaade,anlam içi
izin,ruhsat,anlam içi
izinsiz,izinsiz cezası,yönlendirme
izinsiz cezası ,izinsiz,anlam içi
izlek,patika,yönlendirme
izlem,strateji,anlam içi
izlemci,stratejist,anlam içi
izleme,takip,anlam içi
izlemek,takip etmek,anlam içi
izlemek,seyretmek,anlam içi
izlence,program,yönlendirme
izlenmek,takip edilmek,anlam içi
izleyici,seyirci,anlam içi
izolasyon,yalıtım,yönlendirme
izolatör,yalıtkan,yönlendirme
izzet,ululuk,yönlendirme
izzetinefis,öz saygı,yönlendirme
izzetüikbal,saygınlık,yönlendirme
iz düşümü,projeksiyon,yönlendirme
iz düşümü,mürtesem,anlam içi
İdris ağacı,mahlep (Prunus mahaleb),anlam içi
İkinci Çağ,İkinci Zaman,anlam içi
İkizler,İkizler Burcu,yönlendirme
İngiliz ipi,İngiliz sicimi,yönlendirme
İskandinav,İskandinavyalı,anlam içi
İskoçya ipliği,fildekoz,anlam içi
İslam,Müslümanlık,yönlendirme
İslamiyet,Müslümanlık,yönlendirme
İslamlık,Müslümanlık,yönlendirme
İslam gizemciliği,tasavvuf,yönlendirme
İslam hukuku,şeriat,yönlendirme
İslav,Slav,yönlendirme
İslavca,Slavca,yönlendirme
İslavist,Slavist,yönlendirme
İslavistik,Slavistik,yönlendirme
İsloven,Sloven,yönlendirme
İspanyol,İspanyalı,anlam içi
İstanbul lalesi,Osmanlı lalesi,anlam içi
İstanbul nazendesi,ıtırşahi,yönlendirme
İtalyan,makarnacı,anlam içi
jakoben,tepeden inmeci,yönlendirme
jakobenizm,tepeden inmecilik,yönlendirme
jakuzi,sağlık havuzu,yönlendirme
jaluzi,şerit perde,yönlendirme
janjan,yanardöner,yönlendirme
janr,tarz,yönlendirme
janr,tür,yönlendirme
Japon hurması,Trabzon hurması,yönlendirme
Japon kaktüsü,sütleğen,yönlendirme
jenerasyon,kuşak,yönlendirme
jeneratör,üreteç,yönlendirme
jenerik,tanıtma adı,yönlendirme
jenerik,tanıtma yazısı,yönlendirme
jenosit,soykırım,yönlendirme
jeodezi,yer ölçümü,yönlendirme
jeolog,yer bilimci,yönlendirme
jeoloji,yer bilimi,yönlendirme
jeolojik,yer bilimsel,yönlendirme
jeomorfolog,yüzey bilimci,yönlendirme
jeomorfoloji,yüzey bilimi,yönlendirme
jeosantrik,yermerkezci,yönlendirme
jeosantrizm,yermerkezcilik,yönlendirme
jeotropizma,yere yönelim,yönlendirme
jet,tepkili uçak,anlam içi
jet motoru,tepkili motor,anlam içi
jigolo,tokmakçı,anlam içi
jigololuk,tokmakçılık,anlam içi
jilet,tıraş bıçağı,anlam içi
jimnastik,kültürfizik,anlam içi
jimnastik,kadınlarda yer alıştırmaları,anlam içi
jimnastik,eşit olmayan çubuklar,anlam içi
jimnastik,barfiks,anlam içi
jinekoloji,kadın hastalıkları,yönlendirme
jön,jönprömiye,anlam içi
Jüpiter,Müşteri,anlam içi
jüpon,iç etek,yönlendirme
jüri,seçiciler kurulu,yönlendirme
kaba,yoz,anlam içi
kabahatli,töhmetli,anlam içi
kabak,kabak kemane,yönlendirme
kabakulak,kabaşiş,anlam içi
kabakulak otu,lohusa otu,yönlendirme
kabak kafalı,dazlak,anlam içi
kabak kemane,kemane,anlam içi
kabalacı,kabalist,anlam içi
kabalaşma,odunlaşma,anlam içi
kabalaşmak,odunlaşmak,anlam içi
kaban,tepe,yönlendirme
kabarcık,kabartı,yönlendirme
kabarıklık,şişkinlik,anlam içi
kabarma,met,anlam içi
kabarmak,börtlemek,anlam içi
kabartma,gofre,anlam içi
kabartma,rölyef,anlam içi
kabartma tozu,kabartıcı,anlam içi
kaba saba,özensiz,yönlendirme
kaba yel,lodos,yönlendirme
kabız,peklik,anlam içi
kabız,kabızlık,anlam içi
kabız,ishal karşıtı,anlam içi
kabız,ölme,yönlendirme
kabil,olanaklı,yönlendirme
kabiliyet,yetenek,yönlendirme
kabiliyetli,yetenekli,yönlendirme
kabiliyetsiz,yeteneksiz,yönlendirme
kabiliyetsizlik,yeteneksizlik,yönlendirme
kabin,kabine,anlam içi
kabine,tuvalet,yönlendirme
kabristan,mezarlık,yönlendirme
kabuk,kavkı,anlam içi
kabuklu bit,koşnil,yönlendirme
kabuksu,kabuğumsu,anlam içi
kabuksu,kışri,anlam içi
kabul salonu,kabul yeri,anlam içi
kabul töreni,kabul resmi,anlam içi
kabul töreni,resmikabul,anlam içi
kabul töreni,resepsiyon,anlam içi
kabul yeri,resepsiyon,anlam içi
kabza,tutak,anlam içi
kabza,sap,anlam içi
kabzımal,sebze meyve toptancısı,anlam içi
kabzımallık,sebze meyve toptancılığı,anlam içi
kaçak,kaçıntı,anlam içi
kaça kaç,kaç kaç,yönlendirme
kaçık,zıvanasız,anlam içi
kaçınmak,kaçmak,anlam içi
kaçmak,firar etmek,anlam içi
kaçmak,savuşmak,anlam içi
kaçmak,sıvışmak,anlam içi
kadar,kadarınca,anlam içi
kadem,uğur,yönlendirme
kademhane,tuvalet,yönlendirme
kademli,uğurlu,yönlendirme
kademsiz,uğursuz,yönlendirme
kademsizlik,uğursuzluk,yönlendirme
kadın,hatun kişi,anlam içi
kadın,nisa,anlam içi
kadın,zen,anlam içi
kadınca,kadıncasına,anlam içi
kadıncıl,zampara,yönlendirme
kadınnine,nine,yönlendirme
kadınsı,kadınımsı,anlam içi
kadınsı,nisai,anlam içi
kadınsı,feminen,anlam içi
kadınsılaşma,feminenleşme,anlam içi
kadınsılaşmak,feminenleşmek,anlam içi
kadıntuzluğu,sarıçalı,yönlendirme
kadın milleti,karı milleti,anlam içi
kadife,velur,anlam içi
kadife çiçeği,topkadife (Tagetes),anlam içi
kadir,muktedir,yönlendirme
Kadirilik,Kadiriye,anlam içi
kadran,ölçek,yönlendirme
kafa,zekâ,anlam içi
kafa,zihin,anlam içi
kafa,zihniyet,anlam içi
kafa,kafadar,yönlendirme
kafadan çatlak ,kafadan sakat,yönlendirme
kafadan kontak,kafadan sakat,yönlendirme
kafadan sakatlık,kafadan çatlaklık,anlam içi
kafadan sakat ,kafadan çatlak,anlam içi
kafadan sakat ,kafadan kontak,anlam içi
kafadan sakat ,kafası çatlak,anlam içi
kafadan sakat ,kafası kontak (kimse),anlam içi
kafadar,baştaş,anlam içi
kafadar,kafadaş,anlam içi
kafadar,kafa dengi,anlam içi
kafadarlık,baştaşlık,anlam içi
kafadarlık,kafadaşlık,anlam içi
kafası çatlak,kafadan sakat,yönlendirme
kafası dumanlı,sarhoş,yönlendirme
kafası kontak,kafadan sakat,yönlendirme
kafa karışıklığı ,zihin karışıklığı,yönlendirme
kafa koçanı,nüfus cüzdanı,yönlendirme
kafa kâğıdı,nüfus cüzdanı,yönlendirme
kafa vergisi ,cizye,yönlendirme
kafes,şimşirlik,yönlendirme
kafiye,uyak,anlam içi
kafiyelendirilme,uyaklandırılma,anlam içi
kafiyelendirilmek,uyaklandırılmak,anlam içi
kafiyelendirme,uyaklandırma,anlam içi
kafiyelendirmek ,uyaklandırmak,anlam içi
kafiyeleniş ,uyaklanış,anlam içi
kafiyelenme,uyaklanma,anlam içi
kafiyelenmek,uyaklanmak,anlam içi
kafiyeli,uyaklı,anlam içi
kafiyeli,mukaffa,anlam içi
kafiyelilik,uyaklılık,anlam içi
kafiyesiz,uyaksız,anlam içi
kafiyesizlik,uyaksızlık,anlam içi
kafiye düzeni ,uyak düzeni,anlam içi
kafiye örgüsü ,uyak örgüsü,anlam içi
kafiye şeması ,uyak şeması,anlam içi
kağnı,kağnı arabası,anlam içi
kağşamak,yaşlanmak,yönlendirme
kahir ekseriyet,ezici çoğunluk,yönlendirme
kahkaha fırtınası,kahkaha tufanı,yönlendirme
kahpe,kalleş,anlam içi
kahpe felek,kambur felek,anlam içi
kahraman,yiğit,anlam içi
kahramanca,kahramancasına,anlam içi
kahramanca,yiğitçe,anlam içi
Kahramankazan,Kazan,anlam içi
Kahramankazanlı,Kazanlı,anlam içi
Kahramankazanlılık,Kazanlılık,anlam içi
kahramanlaşma,yiğitleşme,anlam içi
kahramanlaşmak,yiğitleşmek,anlam içi
kahramanlık,yiğitlik,anlam içi
Kahramanmaraş,Maraş,anlam içi
Kahramanmaraşlı,Maraşlı,anlam içi
Kahramanmaraşlılık,Maraşlılık,anlam içi
kahve,kahvehane,yönlendirme
kahvehane,tahmishane,anlam içi
kahve ağabeyi,kahve ağası,yönlendirme
kaide,taban,anlam içi
kaide,tabanlık,anlam içi
kaide,kalça,yönlendirme
kaime,kâğıt para,yönlendirme
kaju,Amerikan elması (Anacardium occidentale),anlam içi
kakalamak,kakmak,yönlendirme
kakao,Hint bademi (Theobroma cacao),anlam içi
kakılma,hakkedilme,anlam içi
kakılmak,hakkedilmek,anlam içi
kakım,ermin (Mustela erminea),anlam içi
kakınç,öfke,yönlendirme
kakırdamak,kurumak,yönlendirme
kakırdamak,ölmek,yönlendirme
kakışma,ses uyumsuzluğu,yönlendirme
kakmacılık,hakkâklik,anlam içi
kaknem,sıska,yönlendirme
kakofoni,ses uyumsuzluğu,yönlendirme
kaktüs,atlas çiçeği (Cactus),anlam içi
kal,söz,yönlendirme
kalaba,kalabalık,yönlendirme
kalabalık,yoğunluk,anlam içi
kalafat,kalafatçı,yönlendirme
kalamata,kalamata zeytini,anlam içi
kalan,mütebaki,anlam içi
kalas,ağaç,anlam içi
kalas,kereste,anlam içi
kalay,küfür,yönlendirme
kalaylamak,sövmek,yönlendirme
kalça kemiği,oma,anlam içi
kaldıraç,manivela,anlam içi
kaldırımcı,kaldırım işçisi,yönlendirme
kaldırım süpürgesi,hayat kadını,yönlendirme
kaldırım yosması,hayat kadını,yönlendirme
kaldırma,tahammül,yönlendirme
kaldırmak,yükseltmek,yönlendirme
kaldırmak,toplamak,yönlendirme
kaldırmak,uyandırmak,yönlendirme
kaldırmak,saklamak,anlam içi
kaldırmak,kaçırmak,yönlendirme
kaldırtıverme,kaldırıverme,yönlendirme
kaldırtıvermek,kaldırıvermek,yönlendirme
kale,kermen,anlam içi
kaleci,file bekçisi,anlam içi
kalecilik,file bekçiliği,anlam içi
kalembek,yalancı öd ağacı,anlam içi
kalemşor,kalem savaşçısı,yönlendirme
kalem açacağı,kalemtıraş,yönlendirme
kalem kalem,birer birer,yönlendirme
kalem kavgası,polemik,anlam içi
kalem kutusu,kalemlik,anlam içi
kalensöve,yüksük,yönlendirme
kalıcı,"sürekli, geçici karşıtı",yönlendirme
kalıç,orak,yönlendirme
kalımlı,ölümsüz,yönlendirme
kalımlılık,ölümsüzlük,yönlendirme
kalımsız,ölümlü,yönlendirme
kalınlaştırma,kalınlatma,anlam içi
kalınlaştırmak,kalınlatmak,anlam içi
kalıntı,tortu,anlam içi
kalın kafa,kalın kafalı,yönlendirme
kalın kafalı,odunağa,anlam içi
kalın kafalı,odun kafalı,anlam içi
kalın kafalı,et kafa,anlam içi
kalın kafalı,kaz kafalı,anlam içi
kalın kafalı,mankafa,anlam içi
kalın kafalı,öküz kafalı,anlam içi
kalın kafalı,taş kafa,anlam içi
kalın kafalı,taş kafalı,anlam içi
kalın kafalılık,dibek kafalılık,anlam içi
kalın kafalılık,odun kafalılık,anlam içi
kalın kafalılık,eşek kafalılık,anlam içi
kalın kafalılık,et kafalılık,anlam içi
kalın kafalılık,kaz kafalılık,anlam içi
kalın kafalılık,mankafalık,anlam içi
kalın kafalılık,öküz kafalılık,anlam içi
kalın kafalılık,taş kafalılık,anlam içi
kalın ünlü,art ünlü: a,anlam içi
kalın ünlü,ı,anlam içi
kalın ünlü,o,anlam içi
kalın ünlü,u,anlam içi
kalıp,patron,yönlendirme
kalıplamak,kalıba vurmak,anlam içi
kalıplanmak,kalıba vurulmak,anlam içi
kalıplaştırma,kalınlatma,anlam içi
kalıplaştırmak,kalınlatmak,anlam içi
kalıplı,kalıplıca,anlam içi
kalıp sabun ,katı sabun,anlam içi
kalıtçılık,mirasçılık,yönlendirme
kalıtım,soya çekim,anlam içi
kalıtım,veraset,anlam içi
kalıtımsal,kalıtsal,anlam içi
kalıtım bilimi,gen bilimi,anlam içi
kalibrasyon,ölçümleme,yönlendirme
kalifikasyon,niteliklilik,yönlendirme
kalifiye,nitelikli,yönlendirme
kalifiye eleman ,nitelikli işçi,yönlendirme
kalifiye işçi,nitelikli işçi,yönlendirme
kalinis,su tavuğu,yönlendirme
kalite,nitelik,yönlendirme
kaliteli,nitelikli,yönlendirme
kalitesiz,niteliksiz,yönlendirme
kalitesizlik,niteliksizlik,yönlendirme
kalkan,kalkan balığı (Scophtalmus maximus),anlam içi
kalkan balığı,kalkan,yönlendirme
kalkan bezi,tiroit bezi,yönlendirme
kalkınmak,zenginleşmek,yönlendirme
kalkışma,başkaldırı,yönlendirme
kalkışmak,başkaldırmak,yönlendirme
kalleşlik,orospuluk,anlam içi
kalleşlik,puştluk,anlam içi
kalmak,yaşamak,yönlendirme
kalmak,yetinmek,yönlendirme
kalmak,sınırlanmak,yönlendirme
kalmalı tümleç,bulunmalı tümleç,yönlendirme
kalomel,tatlı sülümen,yönlendirme
kalp,yürek,anlam içi
kalp,kalp hastalığı,yönlendirme
kalplık,sahtelik,yönlendirme
kalpsiz,merhametsiz,yönlendirme
kalpsizlik,merhametsizlik,yönlendirme
kalp ağrısı,yürek ağrısı,anlam içi
kalp çarpıntısı,halecan,anlam içi
kalp krizi,kalp aksesi,anlam içi
kalp pili ,irkilteç,anlam içi
kalp sektesi,sekteikalp,anlam içi
kalseduan,Kadıköy taşı,yönlendirme
kaltaban,namussuz,yönlendirme
kaltaban,yalancı,yönlendirme
Kalvencilik,Kalvenizm,anlam içi
kam,şaman,yönlendirme
kama,takoz,anlam içi
kambriyen öncesi,prekambriyen,anlam içi
kambur,kambur zambur,anlam içi
kambur,ütü yastığı,yönlendirme
kamelya,Japon gülü,anlam içi
kamelya,Çin gülü (Camellia japonica),anlam içi
kamer,Ay,yönlendirme
kamera,kameraman,yönlendirme
kameriye,gazebo,anlam içi
kamga,yonga,yönlendirme
kamış,kargı (Phragmites australis),anlam içi
kamış,pipet,yönlendirme
kampüs,yerleşke,yönlendirme
kamulaştırabilme,devletleştirebilme,anlam içi
kamulaştırabilmek,devletleştirebilmek,anlam içi
kamulaştırma,istimlak,anlam içi
kamulaştırmak,istimlak etmek,anlam içi
kamulaştırmak,özelleştirmek karşıtı,anlam içi
kamuoyu,umumi efkâr,anlam içi
kamus,sözlük,yönlendirme
kamu hizmeti,amme hizmeti,anlam içi
kamu idaresi,kamu yönetimi,yönlendirme
kamu kesimi,kamu sektörü,anlam içi
kamu personeli,kamu görevlisi,yönlendirme
kamu tanrıcı,tüm tanrıcı,yönlendirme
kamu tanrıcılık,tüm tanrıcılık,yönlendirme
kamu yararı,menafiiumumiye,anlam içi
kamyonet,pikap,anlam içi
kan,soy,yönlendirme
kanaat,yetinme,yönlendirme
kanaatkâr,kanık,anlam içi
kanaatkâr,kanaatli,anlam içi
kanaatkâr,yetingen,anlam içi
kanaatkârlık,kanaatlilik,anlam içi
kanaatkârlık,kanıklık,anlam içi
kanaatkârlık,yetingenlik,anlam içi
kanalcık,kanalet,anlam içi
kanalizasyon,lağım döşemi,anlam içi
kanalizasyon sineği ,lağım sineği,yönlendirme
kanama,nezif,anlam içi
kanara,kesimevi,yönlendirme
kandela,mum,yönlendirme
kandırma,kekleme,anlam içi
kandırmak,yemek,anlam içi
kandırmak,ikna etmek,anlam içi
kandırmak,keklemek,anlam içi
kandil,yağ kandili,anlam içi
kandil,kandil gecesi,yönlendirme
kandil,kör kandil,yönlendirme
kandilli,kör kandil,yönlendirme
kandilli selam,kandilli temenna,anlam içi
kandil çiçeği,civanperçemi,yönlendirme
kanıklanma,yetinme,yönlendirme
kanıklanmak,yetinmek,yönlendirme
kanıtlamak,ispat etmek,anlam içi
kanıtlandırma,ispatlandırma,anlam içi
kanıtlandırmak,ispatlandırmak,anlam içi
kanıtsız,ispatsız,anlam içi
kanıtsızlık,ispatsızlık,anlam içi
kankırmızı,kankızıl,anlam içi
kanlıca,çıntar (Lactarius deliciosus),anlam içi
kanlı Ay tutulması ,kızıl Ay tutulması,yönlendirme
kanmak,doymak,anlam içi
kanmamazlık,kanmazlık,yönlendirme
kanserolojik,kanser bilimsel,yönlendirme
kanser bilimi,kanseroloji,anlam içi
kansız,soysuz,yönlendirme
kansızlık,soysuzluk,yönlendirme
kansız ameliyat,laparoskopik ameliyat,yönlendirme
kantar kabağı,su kabağı,yönlendirme
kanun,yasa,yönlendirme
kanuncu,kanuni,anlam içi
kanuni,yasal,yönlendirme
kanuni,yasalı,yönlendirme
kanunilik ilkesi ,yasallık ilkesi,yönlendirme
kanuniyet,yasalaşma,yönlendirme
kanunlaşma,yasalaşma,yönlendirme
kanunlaşmak,yasalaşmak,yönlendirme
kanunlaştırılma,yasalaştırılma,yönlendirme
kanunlaştırılmak,yasalaştırılmak,yönlendirme
kanunlaştırma,yasalaştırma,yönlendirme
kanunlaştırmak,yasalaştırmak,yönlendirme
kanunsuz,yasasız,yönlendirme
kanunsuzluk,yasasızlık,yönlendirme
kanun dışı,yasa dışı,yönlendirme
kanun koyucu,yasa koyucu,yönlendirme
kanun koyuculuk,yasa koyuculuk,yönlendirme
kanun sözcüsü,yasa sözcüsü,yönlendirme
kanun tasarısı,yasa tasarısı,yönlendirme
kanun teklifi,yasa teklifi,yönlendirme
kanyak,konyak,yönlendirme
kan aktarımı,kan nakli,anlam içi
kan basıncı,tansiyon,anlam içi
kan kanseri,lösemi,anlam içi
kan kırmızı,kan kırmızısı,yönlendirme
kan kırmızısı ,kan kırmızı,anlam içi
kap,kapak,yönlendirme
kapaklık,kapak taşı,yönlendirme
kapalı garaj ,kapalı otopark,yönlendirme
kapalı otopark ,kapalı garaj,anlam içi
kapalı oturum,gizli celse,anlam içi
kapalı oturum,gizli oturum,anlam içi
kapalı oturum,açık oturum karşıtı,anlam içi
kapama,metres,yönlendirme
kapamak,örtmek,anlam içi
kapanık,kaçınık,yönlendirme
kapari,gebre otu,yönlendirme
kapasite,sığa,anlam içi
kapasite,yetenek,yönlendirme
kapatma,metres,yönlendirme
kapatmak,kilitlemek,anlam içi
kapela,şapka,yönlendirme
kapı,portal,yönlendirme
kapılmak,sürüklenmek,yönlendirme
kapı komşu,kapı karşı komşu,anlam içi
kapı kâhyası,kapı kethüdası,yönlendirme
kapı mandalı,kargaburnu,anlam içi
kapı mandalı,tırkaz,anlam içi
kapital,sermaye,yönlendirme
kapitalist,sermayeci,yönlendirme
kapitalizm,sermayecilik,yönlendirme
kapkara,simsiyah,anlam içi
kaplam,kapsam,anlam içi
kaplam,şümul,anlam içi
kaplama,istila,anlam içi
kaplamak,istila etmek,anlam içi
kaplamak,kuşatmak,anlam içi
kaplamak,örtmek,anlam içi
kaplamak,sarmak,anlam içi
kaplamak,tutmak,anlam içi
kaplanboğan,kurtboğan,yönlendirme
kaplan böcek,uyuz sineği (Cicindela campestris),anlam içi
kaplıca,siyez buğdayı,yönlendirme
kaplumbağa,tosbağa (Testudo),anlam içi
kapora,güvenmelik,yönlendirme
kapsam,şümul,anlam içi
kapsamak,şamil olmak,anlam içi
kapsamını genişletmek,şümullendirmek,anlam içi
kapsamlı,şümullü,anlam içi
kapsamlılık,şümullülük,anlam içi
kaptan,kaptan pilot,yönlendirme
kaptanıderya,kaptan paşa,anlam içi
kaptan köprüsü,kaptan köşkü,yönlendirme
kaptan köşkü,köprü üstü,anlam içi
kapuçin,Latin çiçeği,yönlendirme
kaput,prezervatif,yönlendirme
kapuz,kanyon,yönlendirme
Kapya biberi ,Kapya biber,anlam içi
Kapya biber ,Kapya biberi,yönlendirme
kap kacak,kap,anlam içi
kara,toprak,anlam içi
kara,siyah,anlam içi
kara,ak,anlam içi
kara,beyaz karşıtı,anlam içi
kara,leke,yönlendirme
karaağaç,narven (Ulmus),anlam içi
karaasma,lohusa otu,yönlendirme
karabalık,tatlısu kayası,yönlendirme
karabasan,kâbus,anlam içi
karabaş,rahip,yönlendirme
karabet,yakınlık,yönlendirme
karabuğday,greçka (Fagopyrum Esculentum),anlam içi
karaburçak,küşne (Ervum ervilla),anlam içi
karacaot,çörek otu,yönlendirme
karacı,karalamacı,yönlendirme
karacılık,karalamacılık,yönlendirme
karaçalı,çalı dikeni (Paliurus spinosa),anlam içi
Karaçayca,Karaçay-Balkar Türkçesi,yönlendirme
Karaçay-Balkar Türkçesi ,Balkarca,anlam içi
Karaçay-Balkar Türkçesi ,Balkar Türkçesi,anlam içi
Karaçay-Balkar Türkçesi ,Karaçayca,anlam içi
Karaçay-Balkar Türkçesi ,Karaçay Türkçesi,anlam içi
Karaçay-Balkar Türkçesi ,Malkarca,anlam içi
Karaçay-Balkar Türkçesi ,Malkar Türkçesi,anlam içi
Karaçay Türkçesi ,Karaçay-Balkar Türkçesi,yönlendirme
karaçöpleme,Noel gülü (Helleborus niger),anlam içi
karafa,karaf,anlam içi
karafa,karafaki,anlam içi
karafatma,ağılı böcek (Carabus),anlam içi
Karagözcü,hayalci,anlam içi
karagül,karakul,yönlendirme
karagürgen,gürgen,yönlendirme
karağı,gece körlüğü,yönlendirme
Karahanlıca,Karahanlı Türkçesi,yönlendirme
Karahanlı Türkçesi ,Karahanlıca,anlam içi
Karahanlı Türkçesi ,Hakaniye Türkçesi,anlam içi
karahumma,tifo,yönlendirme
Karaim,Karay,yönlendirme
Karaimce,Karay Türkçesi,yönlendirme
Karaim Türkçesi ,Karay Türkçesi,yönlendirme
karakabarcık,şarbon,yönlendirme
karakafes,eşekkulağı (Symphytum),anlam içi
Karakalpakça,Karakalpak Türkçesi,yönlendirme
Karakalpak Türkçesi ,Karakalpakça,anlam içi
karakarga,kuzgun,yönlendirme
karakavuk,hindiba,yönlendirme
karakavza,yaban havucu,yönlendirme
karakeçi,kıl keçisi,yönlendirme
karakter,öz yapı,anlam içi
karakter,seciye,anlam içi
karakter,ruh,anlam içi
karakteristik,tipik,anlam içi
karakutu,sırdaş,anlam içi
karalama,müsvedde,anlam içi
karalamacılık,müfterilik,anlam içi
karalamak,karamak,anlam içi
karalama defteri,müsvedde defteri,anlam içi
karaleylek,çeltik kargası (Ciconia nigra),anlam içi
karaltı,karartı,yönlendirme
Karamanlı Türkçesi,Karamanlıca,anlam içi
karamela,karamel,yönlendirme
karanlık,zulmet,anlam içi
karanlık,muzlim,anlam içi
karanlık,karışık,yönlendirme
karanlıkçı ,bilmesinlerci,yönlendirme
Karapapak,Terekeme,anlam içi
Karapapakça,Karapapak Türkçesi,yönlendirme
Karapapak Türkçesi ,Karapapakça,anlam içi
Karapapak Türkçesi ,Terekemece,anlam içi
Karapapak Türkçesi ,Terekeme Türkçesi,anlam içi
karar,mahkeme kararı,anlam içi
kararlama,tahminî,yönlendirme
kararlama,tahminen,yönlendirme
kararlaştırmak,tayin etmek,anlam içi
kararlılık,istikrar,anlam içi
kararsız,tereddütlü,anlam içi
kararsız,mütereddit,anlam içi
kararsızlık,ikirciklilik,anlam içi
kararsızlık,tereddüt,anlam içi
karartı,siyahlık,yönlendirme
karartı,leke,yönlendirme
karartmak,yakmak,anlam içi
karasakız,zift,yönlendirme
karavide,kerevit,yönlendirme
karayanık,şarbon,yönlendirme
Karayca,Karay Türkçesi,yönlendirme
karayemiş,taflan,yönlendirme
Karay Türkçesi ,Karaimce,anlam içi
Karay Türkçesi ,Karayca,anlam içi
kara baht,kara yazı,yönlendirme
kara bahtlı,bahtlı karşıtı,anlam içi
kara boya,sülfürik asit,yönlendirme
kara bulut,nimbus,anlam içi
kara elmas,karbonado,anlam içi
kara fırın,taş fırın,anlam içi
kara haber,kötü haber,anlam içi
kara iklimi,karasal iklim,anlam içi
kara kehribar,Oltu taşı,yönlendirme
kara kış,zemheri,anlam içi
kara sevda,malihülya,anlam içi
kara sevda,melankoli,anlam içi
kara sevdalı,melankolik,anlam içi
kara tahta,yazboz tahtası,anlam içi
kara tahta,tahta,anlam içi
kara yazı,kara talih,anlam içi
kara yazı,ak yazı karşıtı,anlam içi
kara yer,toprak,yönlendirme
kara yosunu,temriye,anlam içi
karboksilik,karboksilli,yönlendirme
karbonat,sodyum bikarbonat,yönlendirme
karbonhidrat,karbohidrat,anlam içi
karbon dönemi,karbonifer,anlam içi
kardeş,karındaş,anlam içi
kardeşlik,karındaşlık,anlam içi
kardeşlik,uhuvvet,anlam içi
kardeşlik,yakın dost,anlam içi
kare,murabba,anlam içi
kareli,satrançlı,anlam içi
kargaşa,kaos,anlam içi
kargaşa,mahşer,anlam içi
karga düleği,it hıyarı,yönlendirme
kargı,kamış,yönlendirme
kargış,"beddua, alkış karşıtı",yönlendirme
kargışlı,ilençli,yönlendirme
kargo,kargo paketi,anlam içi
kargo paketi ,kargo,yönlendirme
karha,ülser,yönlendirme
karı,kadın,yönlendirme
karılmak,karışmak,anlam içi
karıma,yaşlanma,yönlendirme
karımak,yaşlanmak,yönlendirme
karıncaezmez,karıncaincitmez,anlam içi
karınca kaderince,karınca kararınca,yönlendirme
karınca kararınca,karınca kadarınca,anlam içi
karından bacaklılar,karından ayaklılar,anlam içi
karın zarı,periton,anlam içi
karın zarı yangısı,karın zarı iltihabı,anlam içi
karın zarı yangısı,peritonit,anlam içi
karısı köylü,karım köylü,anlam içi
karışık,mağşuş,anlam içi
karışıklık,gayrisafilik,anlam içi
karışıklık,teşevvüş,anlam içi
karışım,mahlut,anlam içi
karışma,müdahale,anlam içi
karıştırma,teşviş,anlam içi
karı ağızlı,karısı ağızlı,anlam içi
karı ağızlılık,karısı ağızlılık,anlam içi
karı kız milleti,kadın milleti,yönlendirme
karı milleti ,kadın milleti,yönlendirme
kari,okuyucu,yönlendirme
karikatür,taslak,anlam içi
karikatürcü,çizer,anlam içi
karikatürcü,karikatürist,anlam içi
karikatürcülük,çizerlik,anlam içi
karikatürcülük,karikatüristlik,anlam içi
karizma,etkileyicilik,yönlendirme
karkas,karkas et,yönlendirme
karkas et ,karkas,anlam içi
karma,muhtelit,anlam içi
karma,kompozit,anlam içi
karmaç burgaç ,karmakarışık,yönlendirme
karmakarış,karmakarışık,yönlendirme
karmakarışık,müşevveş,anlam içi
karmakarışık,karmaç burgaç,anlam içi
karmaşık,sofistike,anlam içi
karnabahar,karnabit (Brassica oleracea botrytis),anlam içi
karnabit,karnabahar,yönlendirme
karnavalsı,karnavalımsı,yönlendirme
karnaval maskesi,maskara,anlam içi
karnıyarık,kıstırma,anlam içi
karnıyarık,karnıyarık otu,yönlendirme
karnıyarık otu ,karnıyarık (Plantago asiatica),anlam içi
karo,orya,anlam içi
karpit,karpit lambası,yönlendirme
karpuz,lamba karpuzu,yönlendirme
karpuzsu,karpuzumsu,anlam içi
karpuz lamba ,lamba karpuzu,yönlendirme
karşı,ön,anlam içi
karşı,yamaç,anlam içi
karşı,mukabil,anlam içi
karşılama,istikbal,anlam içi
karşılamak,istikbal etmek,anlam içi
karşılamak,tekabül etmek,anlam içi
karşılaşma,müsabaka,anlam içi
karşılaşma,maç,anlam içi
karşılaştırma,mukayese,anlam içi
karşılaştırma,tatbik,anlam içi
karşılaştırmak,mukayese etmek,anlam içi
karşılaştırmalı,mukayeseli,anlam içi
karşılaştırmalı edebiyat,mukayeseli edebiyat,anlam içi
karşılık,mukabele,anlam içi
karşılık,ivaz,anlam içi
karşılıklı,ivazlı,anlam içi
karşılıklı,mütekabil,anlam içi
karşılıklı,zikzak,anlam içi
karşılıklı,mukabil,anlam içi
karşılıksız,ivazsız,anlam içi
karşın,rağmen,anlam içi
karşın,mukabil,anlam içi
karşıt,ters,anlam içi
karşıt,zıt,anlam içi
karşıtlı,tezatlı,anlam içi
karşıtlık,zıddiyet,anlam içi
karşıtlık,mübayenet,anlam içi
karşıtlık,tezat,anlam içi
karşıtlık,zıtlık,anlam içi
karşıt anlamlı,zıt anlamlı: aşağı yukarı,anlam içi
karşıt anlamlı,ileri geri,anlam içi
karşıt anlamlı,siyah beyaz,anlam içi
karşıt anlamlı,dar geniş,anlam içi
karşıt anlamlı,büyük küçük vb.,anlam içi
karşı akın,karşı atak,yönlendirme
karşı gelim,karşıtlık,yönlendirme
karşı görüş,karşı düşünce,anlam içi
karşı karşıya,yüz yüze,anlam içi
karşı karşıya,yüzbeyüz,anlam içi
karşı karşıya,vicahen,anlam içi
karşı olum,tekabül,anlam içi
kart,körpe karşıtı,anlam içi
kart,yaşlı,yönlendirme
kart,kartvizit,anlam içi
kart,kartpostal,yönlendirme
kartaloş,kartaloz,anlam içi
kartaloşça,kartalozca,anlam içi
karton,imza kartonu,anlam içi
kartotek,kartoteks,anlam içi
kart horoz ,kart zampara,yönlendirme
kart zampara ,kart horoz,anlam içi
kar beyaz,kar beyazı,anlam içi
kar beyazı ,kar beyaz,yönlendirme
kar kuyusu,karlık,anlam içi
kasa,sandık,anlam içi
kasaba kurnazlığı,köylü kurnazlığı,yönlendirme
kasacı,vezneci,yönlendirme
kasadar,kasiyer,yönlendirme
kasaphane,kesimevi,yönlendirme
kasaplık,etçilik,anlam içi
kasavet,sıkıntı,yönlendirme
kasavetli,sıkıntılı,yönlendirme
kasavetsiz,sıkıntısız,yönlendirme
kaset,kutucuk,anlam içi
kasık biti,kırkayak (Phthirus pubis),anlam içi
kasık çatlağı,kasık fıtığı,yönlendirme
kasılma,takallüs,anlam içi
kasılmak,takallüs etmek,anlam içi
kasım,ikinci teşrin,anlam içi
kasım,son teşrin,anlam içi
kasım,teşrinisani,anlam içi
kasımpatı,krizantem (Chrysanthemum),anlam içi
kaslı,adali,anlam içi
kasmak,kısaltmak,yönlendirme
kasten,bilerek,yönlendirme
kastor,kunduz,yönlendirme
kaşalot,ispermeçet balinası,yönlendirme
kaşar,kaşar peyniri,anlam içi
kaşıkçı kuşu,pelikan,yönlendirme
kaşkariko,yalan,yönlendirme
kaşmer,soytarı,yönlendirme
kaşmerlik,soytarılık,yönlendirme
kat,katman,anlam içi
kat,tabaka,anlam içi
kat,makam,yönlendirme
katabolizma,yadımlama,yönlendirme
katalitik,katalitik soba,yönlendirme
katar,tren,yönlendirme
katarakt,perde,anlam içi
katçı,kat görevlisi,yönlendirme
kategori,ulam,anlam içi
katı,"sert, yumuşak karşıtı",yönlendirme
katı,sıkı,anlam içi
katı,sulp,anlam içi
katı,taşlık,yönlendirme
katılaşma,tasallüp,anlam içi
katılım,iştirak,anlam içi
katılma,katışma,anlam içi
katılma,iştirak,anlam içi
katılmak,katışmak,anlam içi
katılmak,iştirak etmek,anlam içi
katılmak,iltihak etmek,anlam içi
katır kutur,katur kutur,anlam içi
katışık,mahlut,anlam içi
katışıksız,saf,yönlendirme
katışmaç,agrega,anlam içi
katı sabun ,kalıp sabun,yönlendirme
katı yumurta,lop yumurta,yönlendirme
katı yürekli,merhametsiz,yönlendirme
kati,kesin,yönlendirme
katileşme,kesinleşme,yönlendirme
katileşmek,kesinleşmek,yönlendirme
katkı,yardım,anlam içi
katkı,pay,anlam içi
katkısız,sağ,anlam içi
katlama,yufka,anlam içi
katlanma,katlantı,anlam içi
katlanma,tahammül,yönlendirme
katliam,kırım,yönlendirme
katma,zammetme,anlam içi
katmak,vermek,anlam içi
katmak,zammetmek,anlam içi
katman,tabaka,anlam içi
katmanlı,tabakalı,anlam içi
katman bulut,stratus,anlam içi
katma bütçe,mülhak bütçe,anlam içi
kat kat,katbekat,anlam içi
kat kat,üst üste,yönlendirme
kat yuvarı,stratosfer,anlam içi
kauçuk,kauçuk ağacı,anlam içi
kauçuk,lastik ağacı (Ficus elastica),anlam içi
kaurit tutkalı,üre,yönlendirme
kavasya,acı ağaç,yönlendirme
kavat,pezevenk,yönlendirme
kavga,mücadele,yönlendirme
kavgacı,dalaşkan,anlam içi
kavgalı,nizalı,anlam içi
kavgasız,nizasız,anlam içi
kavi,sıkıca,yönlendirme
kavil,söz,yönlendirme
kavil,sözleşme,yönlendirme
kavileşme,sağlamlaşma,yönlendirme
kavileşmek,sağlamlaşmak,yönlendirme
kavileştirme,sağlamlaştırma,yönlendirme
kavileştirmek,sağlamlaştırmak,yönlendirme
kavilleşme,sözleşme,yönlendirme
kavilleşmek,sözleşmek,yönlendirme
kavram,konsept,anlam içi
kavram,nosyon,anlam içi
kavram,tutam,yönlendirme
kavramcı,konseptüalist,anlam içi
kavram yağı ,gömlek yağı,yönlendirme
kavranılma,kavranma,yönlendirme
kavranılmak,kavranmak,yönlendirme
kavrayış,zihin,anlam içi
kavruk,zayıf,yönlendirme
kavşak,munsap,anlam içi
kavşak,yol ayrımı,yönlendirme
kavuk,idrar torbası,yönlendirme
kavunsu,kavunumsu,anlam içi
kavurma,sızgıt,anlam içi
kavuşma,muvasala,anlam içi
kavuşma,telaki,anlam içi
kavuşma,vasl,anlam içi
kavuşma,visal,anlam içi
kavuştak,nakarat,yönlendirme
kay,yağmur,yönlendirme
kay,kusma,yönlendirme
kaya,kayaç,yönlendirme
kayaç,külte,anlam içi
kayaç,sahre,anlam içi
kayaç,porfir,anlam içi
kayağan,kaypak,anlam içi
kayağan taş,kayrak,anlam içi
kayak,ski,anlam içi
kayarlamak,sövmek,yönlendirme
kaya balığı,tokmakbaş (Gobius gobius),anlam içi
kaya hanisi,lagos,yönlendirme
kaya keleri,bukalemun,yönlendirme
kaybetme,yitirme,anlam içi
kaydedilmek,yazılmak,anlam içi
kaydetmek,not etmek,anlam içi
kaygan,zıypak,anlam içi
kaygana,kaşık dökmesi,anlam içi
kaygı,tasa,anlam içi
kaygı,küşüm,anlam içi
kaygılanabilme,tasalanabilme,anlam içi
kaygılanabilmek,tasalanabilmek,anlam içi
kaygılandırma,tasalandırma,anlam içi
kaygılandırma,endişelendirme,anlam içi
kaygılandırma,gamlandırma,anlam içi
kaygılandırmak,tasalandırmak,anlam içi
kaygılandırmak,endişelendirmek,anlam içi
kaygılandırmak,gamlandırmak,anlam içi
kaygılanış,tasalanış,anlam içi
kaygılanma,tasalanma,anlam içi
kaygılanma,küşümlenme,anlam içi
kaygılanmak,tasalanmak,anlam içi
kaygılanmak,küşümlenmek,anlam içi
kaygılı,tasalı,anlam içi
kaygılı,mağmum,anlam içi
kaygılıca,endişelice,anlam içi
kaygılıca,gamlıca,anlam içi
kaygılılık,endişelilik,anlam içi
kaygısız,tasasız,anlam içi
kaygısız,serazat,anlam içi
kaygısızca,tasasızca,anlam içi
kaygısızca,endişesizce,anlam içi
kaygısızca,gamsızca,anlam içi
kaygısızlık,tasasızlık,anlam içi
kaygı bozukluğu ,anksiyete,anlam içi
kayın,kayınbirader,yönlendirme
kayınbaba,kaynata,yönlendirme
kayıngiller,palamutlular,anlam içi
kayınlık,kayınbiraderlik,yönlendirme
kayınpeder,kaynata,yönlendirme
kayınvalide,kaynana,yönlendirme
kayıp,zayi,anlam içi
kayıp ilanı ,zayi ilanı,anlam içi
kayırıcı,piston,anlam içi
kayırıcı,torpil,anlam içi
kayırmak,himmet etmek,anlam içi
kayırmak,iltimas etmek,anlam içi
kayısı,sarıerik,anlam içi
kayışkıran,sabankıran (Onosis spinosa),anlam içi
kayıt,şart,yönlendirme
kayıtım,rücu,anlam içi
kayıtlama,takyit,anlam içi
kayıtlamak,takyit etmek,anlam içi
kaymakam,yarbay,anlam içi
kaymak bağlamak (veya tutmak),kaymaklanmak,anlam içi
kaymak kâğıdı,kuşe,yönlendirme
kaymak tabakası,kaymak takımı,anlam içi
kaymak taşı,su mermeri,anlam içi
kayme,kâğıt para,yönlendirme
kaynanalık,kayınvalidelik,anlam içi
kaynar,kaynarca,yönlendirme
kaynarca,kaynak,yönlendirme
kaynaştırma eğitimi ,bütünleştirme eğitimi,anlam içi
kaynaştırma ünsüzü ,bağlayıcı ünsüz,yönlendirme
kaynatalık,kayınbabalık,anlam içi
kaynatalık,kayınpederlik,anlam içi
kayra,lütuf,yönlendirme
kayracı,providansiyalist,anlam içi
kayracılık,providansiyalizm,anlam içi
kayşa,toprak kayması,yönlendirme
kaytarıcı,kaytarmacı,anlam içi
kaytarmacılık,kaytarıcılık,yönlendirme
kayyımlık,kayyumluk,anlam içi
kayyım ,kayyum,anlam içi
kayyum,kayyım,yönlendirme
kaza,yargı,yönlendirme
kazaen,kazara,yönlendirme
Kazakça,Kazak Türkçesi,yönlendirme
Kazak Türkçesi ,Kazakça,anlam içi
kazanç,temettü,anlam içi
kazanç,yarar,yönlendirme
kazandırmak,vermek,anlam içi
kazara,tesadüfen,yönlendirme
kazaratar,kazmaç,anlam içi
kazayağı mantarı ,horoz mantarı,yönlendirme
kaza dairesi,yargı çevresi,yönlendirme
kaza kırım ekibi,kaza kırım heyeti,anlam içi
kaza kırım heyeti ,kaza kırım ekibi,yönlendirme
kazıklamak,oymak,anlam içi
kazıklanmak,oyulmak,anlam içi
kazıklı humma,tetanos,yönlendirme
kazıl,sicim,anlam içi
kazıma,kürtaj,yönlendirme
kaziye,önerme,yönlendirme
kazulet,kocaman,yönlendirme
kebapçı yedeği ,zırh,yönlendirme
kebze,kürek kemiği,yönlendirme
keçelenme,keçeleşme,yönlendirme
keçelenmek,keçeleşmek,yönlendirme
keçi,inatçı,yönlendirme
keçiboynuzu,harnup (Ceratonia siliqua),anlam içi
keçisağan,çobanaldatan,yönlendirme
keçisakalı,keçisedefi (Cistus creticus),anlam içi
keçisakalı,çayırmelikesi (Spiraea aruncus),anlam içi
keçisedefi,keçisakalı,yönlendirme
keçi yemişi,yaban mersini,yönlendirme
keçi yolu,patika,yönlendirme
kederlenmek,mükedder olmak,anlam içi
kederli,mükedder,anlam içi
kedersiz,ızdırapsız,anlam içi
kedi,pisik (Felis domesticus),anlam içi
kedi nanesi,yaban sümbülü (Nepeta cataria),anlam içi
kedi uykusu ,şekerleme,yönlendirme
kefal,topbaş balık (Mugil cephalus),anlam içi
kefalet,kefillik,anlam içi
kefeki,küfeki,yönlendirme
kefen,kefen bezi,anlam içi
kefen,yakasız gömlek,anlam içi
kefen,yakasız mintan,anlam içi
kefenci,zorba,yönlendirme
kefenleme,tekfin,anlam içi
kefenlemek,tekfin etmek,anlam içi
kehanet,ön deyi,anlam içi
kehanet,prediksiyon,anlam içi
Kehkeşan,Samanyolu,yönlendirme
kehribar,samankapan,anlam içi
kehribar,kılkapan,anlam içi
keke,kekeme,yönlendirme
kekeç,kekeme,yönlendirme
kekelemek,teklemek,anlam içi
kekelik,kekemelik,yönlendirme
kekemelik,rekâket,anlam içi
kel,keleş,anlam içi
kel,yağır,anlam içi
kelam,söz,yönlendirme
kelamıkibar,özdeyiş,yönlendirme
Kelam-ı Kadim,Kur'an,yönlendirme
kelebekler,pul kanatlılar,yönlendirme
kelem,lahana,yönlendirme
kelepir,okazyon,anlam içi
keler,keler balığı (Rhina squatina),anlam içi
keler balığı,keler,yönlendirme
kelime,söz,anlam içi
kelime,sözcük,anlam içi
kelime,lügat,anlam içi
kelimesiz,sözsüz,yönlendirme
kelimesi kelimesine,motamot,anlam içi
kelime hazinesi,söz varlığı,yönlendirme
kelime kadrosu,söz varlığı,yönlendirme
kelime karışıklığı,söz karışıklığı,yönlendirme
kelime türü,sıfat,anlam içi
kelime türü,zamir,anlam içi
kelime türü,zarf,anlam içi
kelime türü,edat,anlam içi
kelime türü,bağlaç,anlam içi
kelime türü,ünlem,anlam içi
kelime türü,fiil.,anlam içi
kelime vurgusu,sözcük vurgusu,anlam içi
kelli felli,kerli ferli,anlam içi
kemal,olgunluk,yönlendirme
kemancı,kemani,anlam içi
kemankeş,okçu,yönlendirme
keman yayı,arşe.,anlam içi
keme,domalan,yönlendirme
kemençe,kemançe,anlam içi
kement,laso,anlam içi
kemer,tümsekli,yönlendirme
kemer bağlama,kuşak bağlama,yönlendirme
kemiksi,kemiğimsi,anlam içi
kemik bilimci,osteolog,anlam içi
kemik bilimi,osteoloji,anlam içi
kemik erimesi,osteoporoz,anlam içi
kemirgenler,kemiriciler,anlam içi
kemiyet,nicelik,yönlendirme
kenar,yaka,anlam içi
kenar,lep,anlam içi
kenar,yan,yönlendirme
kenar mahalle,kenar semt,anlam içi
kenar taşı ,bordür,yönlendirme
kendi,zat,anlam içi
kendiliğinden,tabiatıyla,anlam içi
kendiliğinden,spontane,anlam içi
kendiliğindenlik,spontaneizm,anlam içi
kendince,kendisince,anlam içi
kendine has,kendine özgü,yönlendirme
kendine mahsus,kendine özgü,yönlendirme
kendir,kenevir,yönlendirme
kendi beslek,özbeslenen,yönlendirme
kendi kendine,tek başına,yönlendirme
kendi kendine,kendiliğinden,yönlendirme
kene,sakırga,anlam içi
kenef,tuvalet,yönlendirme
kenevir,kendir (Cannabis sativa),anlam içi
kengel,kenger,yönlendirme
kengel sakızı,kenger sakızı,yönlendirme
kenger,kengel (Cynara cardunculus),anlam içi
kent,şehir,yönlendirme
kentçi,şehirci,yönlendirme
kentçilik,şehircilik,yönlendirme
kentler arası,şehirler arası,yönlendirme
kentleşme,şehirleşme,yönlendirme
kentleşmek,şehirleşmek,yönlendirme
kentli,şehirli,yönlendirme
kentlileşme,şehirlileşme,yönlendirme
kentlileşmek,şehirlileşmek,yönlendirme
kepenek,pervane,yönlendirme
kerahet,tiksinme,yönlendirme
kerahet vakti,vaktikerahet,anlam içi
kerem,soyluluk,yönlendirme
kerem sahibi,keremli,anlam içi
kerevit,tatlısu ıstakozu,anlam içi
kerevit,karavide (Potamobius fluviatilis),anlam içi
kerim,soylu,yönlendirme
keriz,lağım,yönlendirme
keriz ,kumar,yönlendirme
keriz ,aptal,anlam içi
kerkes,akbaba,yönlendirme
kerki,keser,yönlendirme
kerkinmek,sarkıntılık etmek,anlam içi
kerteleme,tedriç,anlam içi
kertenkele,elöpen (Lacertus),anlam içi
kerti,kerte,yönlendirme
kesedar,vekilharç,anlam içi
kesek,tezek,yönlendirme
kesel,tembellik,yönlendirme
kesen,sekant,anlam içi
kesenekçi,kesimci,anlam içi
kesenekçi,mültezim,anlam içi
kesenekçilik,kesimcilik,anlam içi
kesenekçilik,iltizamcılık,anlam içi
kesenekçilik,mültezimlik,anlam içi
kesici,stoper,yönlendirme
kesif,sık,yönlendirme
kesilmek,katolunmak,anlam içi
kesilmek,makaslanmak,yönlendirme
kesim,sektör,anlam içi
kesim,boy bos,yönlendirme
kesimevi,kesimhane,anlam içi
kesimevi,salhane,anlam içi
kesinlik,katiyet,anlam içi
kesinlikle,yüzde yüz,anlam içi
kesinlikle,evelallah,anlam içi
kesinlikle,her hâlde,anlam içi
kesinlikle,her hâlükârda,anlam içi
kesinlikle,katiyetle,anlam içi
kesinlikle,illa,anlam içi
kesinlikle,katiyen,anlam içi
kesinlikle,kesin,anlam içi
kesinlikle,kesinkes,anlam içi
kesinlikle,muhakkak,anlam içi
kesinlikle,mutlak,anlam içi
kesinlikle,mutlaka,anlam içi
kesinti,inkıta,anlam içi
kesintisiz,layenkati,anlam içi
kesit,kesim,yönlendirme
kesit,makta,anlam içi
keski,tırnak,anlam içi
keskin,kıvrak,yönlendirme
keskin,zampara,yönlendirme
kesme,kat,anlam içi
kesme,maktu,anlam içi
kesme,kesme işareti,yönlendirme
kesme,akçakesme (Phillyrea latifolia),anlam içi
kesme,lokum,yönlendirme
kesmek,katetmek,anlam içi
kesmek,boğazlamak,anlam içi
kesmek,susmak,yönlendirme
kesme imi,kesme işareti,yönlendirme
kesme işareti,apostrof ( ’ ),anlam içi
kesme şeker,küp şeker,yönlendirme
kesp,kazanma,yönlendirme
kestane,kestane rengi,yönlendirme
kestanecik,prostat,yönlendirme
kestane kabağı,helvacı kabağı,yönlendirme
kestane kargası,alakarga,yönlendirme
kestane rengi,maron,anlam içi
kestirim,tahmin,yönlendirme
kestirme,tahmin,yönlendirme
kestirmece,tahminî,yönlendirme
kestirmek,tahmin etmek,anlam içi
kestirmek,şekerleme yapmak,anlam içi
keş,esrarkeş,yönlendirme
keşif,tahmin,anlam içi
keşif kolu,keşşaf,anlam içi
keşik,nöbet,yönlendirme
keşiş,rahip,yönlendirme
keşişhane,manastır,yönlendirme
keşke,keşkem,anlam içi
keşke,keşki,anlam içi
keşkül,keşkülüfukara,anlam içi
keşşaf,izci,yönlendirme
keten tohumu,zeyrek,anlam içi
kethüda,kâhya,anlam içi
ketumiyet,ağzı sıkılık,yönlendirme
ketumluk,ağzı sıkılık,yönlendirme
keven,geven,yönlendirme
kevgir,ilistir,anlam içi
keyfince,gönlünce,anlam içi
keyfiyet,nitelik,yönlendirme
keyfi yerinde,keyfi yolunda,anlam içi
keyif,sağlık,yönlendirme
keyifli,neşeli,yönlendirme
keyifsiz,rahatsız,anlam içi
keyifsiz,neşesiz,yönlendirme
kez,kere,anlam içi
kez,sefer,anlam içi
kez,yol,anlam içi
keza,kezalik,anlam içi
kezzap,nitrik asit,yönlendirme
kıç,kaba et,anlam içi
kıç,kaba but,anlam içi
kıç,popo,anlam içi
kıç,toto,anlam içi
kıç,makat,anlam içi
kıç,mabat,anlam içi
kıç,küfe,anlam içi
kıçın kıçın,geri geri,yönlendirme
kığ,kığı,anlam içi
kıkırdamak,ölmek,yönlendirme
kılağı,zağ,anlam içi
kılağıcı ,zağcı,anlam içi
kılağılama,zağlama,anlam içi
kılağılamak,zağlamak,anlam içi
kılağılı,zağlı,anlam içi
kılağısız,zağsız,anlam içi
kılavuz,rehber,anlam içi
kılavuz,delil,anlam içi
kılavuz,mürşit,anlam içi
kılavuz,kılavuz gemisi,yönlendirme
kılavuz,kılavuz kaptan,yönlendirme
kılavuzluk,rehberlik,anlam içi
kılçıklı,pürüzlü,yönlendirme
kılçıksız,pürüzsüz,yönlendirme
kılgı,uygulama,yönlendirme
kılgılı,uygulamalı,yönlendirme
kılgın,uygulamalı,yönlendirme
kılgısal,uygulamalı,yönlendirme
kılıbık,karısı köylü,anlam içi
kılıbık,kazak karşıtı,anlam içi
kılıcına,kılıçlama,anlam içi
kılıç,tığ,anlam içi
kılıç kuşanma,kılıç alayı,anlam içi
kılıf,zarf,anlam içi
kılıklı,kıyafetli,anlam içi
kılıksız,kıyafetsiz,anlam içi
kılıksız,süfli,anlam içi
kılıksızlık,kıyafetsizlik,anlam içi
kılık kıyafet,kalıp kıyafet,anlam içi
kılık kıyafet düşkünü,kıyafet düşkünü,anlam içi
kılı kılına,ucu ucuna,yönlendirme
kılkıran,saçkıran,yönlendirme
kılsız,kelek,anlam içi
kımıldama,kımıldanma,anlam içi
kımıldama,kıpırdama,anlam içi
kımıldama,kıpırdanma,anlam içi
kımıldama,kıprama,anlam içi
kımıldamak,kımıldanmak,anlam içi
kımıldamak,kıpırdamak,anlam içi
kımıldamak,kıpırdanmak,anlam içi
kımıldamak,kıpramak,anlam içi
kımıldanış,kıpırdanış,anlam içi
kımıldatma,kıpırdatma,anlam içi
kımıldatmak,kıpırdatmak,anlam içi
kımıldayış,kıpırdayış,anlam içi
kımıldayış,kıprayış,anlam içi
kımıltı,kıpırtı,yönlendirme
kımıltısızca ,kıpırtısızca,yönlendirme
kımıl kımıl,kıpır kıpır,yönlendirme
kınalı,yapıncak,yönlendirme
kınalı yapıncak,yapıncak,yönlendirme
kınama,melamet,anlam içi
kınama,takbih,anlam içi
kınama,tayip,anlam içi
kınamak,takbih etmek,anlam içi
Kıpçakça,Kıpçak Türkçesi,yönlendirme
Kıpçak Türkçesi ,Kıpçakça,anlam içi
Kıpçak Türkçesi ,Kumanca,anlam içi
Kıpçak Türkçesi ,Kuman Türkçesi,anlam içi
kıpırtılı,kımıltılı,anlam içi
kıpırtılı,kıprayışlı,anlam içi
kıpırtısız,kımıltısız,anlam içi
kıpırtısız,kıprayışsız,anlam içi
kıpırtısızca,kımıltısızca,anlam içi
kıpırtısızlık,kımıltısızlık,anlam içi
kıpmak,kırpmak,anlam içi
kır,sahra,anlam içi
kıraat,okuma,yönlendirme
kıraathane,kahvehane,yönlendirme
kıran,ölet,anlam içi
kıray,yolkesen,yönlendirme
kırbaç kurdu,trikosefal (Trichuris trichiura),anlam içi
kırgınlık,iç burukluğu,anlam içi
kırgınlık,kırıklık,anlam içi
Kırgızca,Kırgız Türkçesi,yönlendirme
Kırgız Türkçesi ,Kırgızca,anlam içi
kırık,münkesir,anlam içi
kırık,kırıntı,yönlendirme
kırık,melez,yönlendirme
kırıkçı,sınıkçı,anlam içi
kırıkçılık,sınıkçılık,anlam içi
Kırımçakça ,Kırımçak Türkçesi,yönlendirme
Kırımçak Türkçesi ,Kırımçakça,anlam içi
Kırım Tatarcası ,Kırım Tatar Türkçesi,yönlendirme
Kırım Tatar Türkçesi ,Kırım Tatarcası,anlam içi
kırıntı,parçacık,anlam içi
kırıntı,iz,yönlendirme
kırışık,kırışıklık,anlam içi
kırkayak,kasık biti,yönlendirme
kırkıcı,kırkımcı,anlam içi
kırkıcılık,kırkımcılık,anlam içi
kırkıntı,kırpıntı,yönlendirme
kırklık,kırk para,yönlendirme
kırlangıç,kırlangıç bayrak,yönlendirme
kırlık,kırsal,yönlendirme
kırma,nakız,anlam içi
kırma,pile,yönlendirme
kırma,melez,yönlendirme
kırmak,yaralamak,anlam içi
kırmalı,pileli,yönlendirme
kırmasız,pilesiz,yönlendirme
kırmızıbiber,Türk biberi,anlam içi
kırmızımtırak,kırmızımsı,yönlendirme
kırmızı oy,karşı oy,anlam içi
kırmızı pasaport,geçici pasaport,yönlendirme
kırmız madeni,madenkırmız,yönlendirme
kırpma,kırpım,anlam içi
kırsal alan,kırsal bölge,yönlendirme
kırsal bölge,kırsal kesim,anlam içi
kırsal kesim ,kırsal bölge,yönlendirme
kırsal mazot,kırsal motorin,anlam içi
kısa,kesik,anlam içi
kısa,uzun karşıtı,anlam içi
kısaca,kısadan,anlam içi
kısaca,hülasa,anlam içi
kısacık,kısarak,anlam içi
kısaltım,taksir,anlam içi
kısaltma,taksir,anlam içi
kısaltmalı kelime,kısaltma ad,yönlendirme
kısaltma ad ,kısaltmalı kelime,anlam içi
kısaltma ad ,TÖMER (Türkçe Öğretim Merkezi),anlam içi
kısasa kısas,kana kan,anlam içi
kısasa kısas,dişe diş,anlam içi
kısa çizgi,tire,anlam içi
kısa çizgi,( - ),anlam içi
kısımlık,bölümlük,yönlendirme
kısıntı,kısma,anlam içi
kısır,yoz,anlam içi
kısır,steril,anlam içi
kısırlaştırma,vasektomi,anlam içi
kısır döngü,kapsayıcı karşıtı,anlam içi
kısıt,kısıtlılık,anlam içi
kısıt,kısıtlama,anlam içi
kısıtlamak,kısıt altına almak,anlam içi
kısıtlamak,hacir altına almak,anlam içi
kısıtlı,mahcur,anlam içi
kıskaç,kısaç,anlam içi
kıskaçlama,kısaçlama,anlam içi
kıskaçlamak,kısaçlamak,anlam içi
kıskaç gözlük,kelebek gözlük,yönlendirme
kıskançlık,hasetçilik,anlam içi
kıskançlık,hasutluk,anlam içi
kıskanılma,günülenme,anlam içi
kıskanılmak,günülenmek,anlam içi
kıskanmak,haset etmek,anlam içi
kısmak,kıstırmak,yönlendirme
kısmet,nasip,anlam içi
kısmetli,nasipli,anlam içi
kısmetsiz,nasipsiz,anlam içi
kısmetsizlik,nasipsizlik,anlam içi
kısmi,tikel,anlam içi
kıstas,ölçüt,yönlendirme
kıstırmak,sıkıştırmak,anlam içi
kış,şita,anlam içi
kışır,kabuk,yönlendirme
kışkırtı,kışkırtma,yönlendirme
kışkırtıcı,kışkırtmacı,anlam içi
kışkırtıcı,muharrik,anlam içi
kışkırtıcı,tahrikçi,anlam içi
kışkırtıcı,ajitatör,anlam içi
kışkırtıcı,provokatör,anlam içi
kışkırtıcılık,kışkırtmacılık,anlam içi
kışkırtıcılık,muharriklik,anlam içi
kışkırtıcılık,tahrikçilik,anlam içi
kışkırtıcılık,provakatörlük,anlam içi
kışkırtıcı ajan,kışkırtmacı ajan,anlam içi
kışkırtma,tahrik,anlam içi
kışkırtma,provokasyon,anlam içi
kışkırtmak,tahrik etmek,anlam içi
kışkışlamak,uzaklaştırmak,yönlendirme
Kış Dönencesi,Oğlak Dönencesi,yönlendirme
kıta,tane,yönlendirme
kıtal,savaş,yönlendirme
kıtasal,kıtavi,anlam içi
kıtavi ,kıtasal,yönlendirme
kıta sahanlığı,şelf,anlam içi
kıtır,yalan,yönlendirme
kıtlama,kırtlama,anlam içi
kıtlık,kesat,anlam içi
kıvamlı,özlü,anlam içi
kıvanç,övünme,yönlendirme
kıvanç,sevinç,yönlendirme
kıvançlanma,övünme,yönlendirme
kıvançlanmak,övünmek,yönlendirme
kıvanmak,memnun olmak,anlam içi
kıvılcım,şerare,anlam içi
kıvırcık,kıvırcık marul,yönlendirme
kıvırcık,kıvırcık koyun,anlam içi
kıvrakça,kıvrak kıvrak,anlam içi
kıvrım,kıvrıntı,anlam içi
kıyafetli,giysili,yönlendirme
kıyafetsiz,giysisiz,yönlendirme
kıyafetsizlik,giysisizlik,yönlendirme
kıyam,başkaldırı,yönlendirme
kıyamet,kıyamet günü,anlam içi
kıyamet,mahşer günü,anlam içi
kıyas,oranlama,anlam içi
kıyas,örnekseme,yönlendirme
kıyas,tasım,yönlendirme
kıyaslanmak,karşılaştırılmak,anlam içi
kıygı,zulüm,yönlendirme
kıygın,mağdur,yönlendirme
kıygınlık,mağdurluk,yönlendirme
kıyı,periferi,anlam içi
kıyı,sahil,yönlendirme
kıyıcı ,cani,yönlendirme
kıyıcı ,gaddar,yönlendirme
kıyıdaş,sahildar,anlam içi
kıyıda bucakta,kıyıda köşede,yönlendirme
kıyın,zulüm,yönlendirme
kıyı çizgisi ,sahil çizgisi,anlam içi
kıyı dili,kıyı kordonu,anlam içi
kıyı dili,sahil kordonu,anlam içi
kıyı kordonu ,kıyı dili,yönlendirme
kıyı seyri,sahil seyri,anlam içi
kıyye,okka,yönlendirme
kızaklamak,kızak yapmak,anlam içi
kızarmak,alarmak,anlam içi
kızartı,kızıllık,anlam içi
kızdırmak,öfkelendirmek,yönlendirme
kızevi,kız tarafı,yönlendirme
kızgın,mütehevvir,anlam içi
kızgınlık,öfke,yönlendirme
kızılağaç,kızılsöğüt (Alnus),anlam içi
kızılca kıyamet,kızıl kıyamet,anlam içi
kızılcık,kiren (Cornus mas),anlam içi
kızılımsı,kızılımtırak,anlam içi
kızıllık,kızarı,anlam içi
kızılötesi,kızılaltı,anlam içi
kızılsı,kızılımsı,yönlendirme
kızılsöğüt,kızılağaç,yönlendirme
kızıltuygun ,saz delicesi,yönlendirme
kızılyaprak,koyun otu,anlam içi
kızılyaprak,fıtık otu,anlam içi
kızılyaprak,kuzu pıtrağı (Agrimonia eupatorium),anlam içi
kızılyara,şirpençe,yönlendirme
kızılyörük,yılancık,yönlendirme
kızıl Ay tutulması ,kanlı Ay tutulması,anlam içi
kızışmak,kösnülmek,anlam içi
kızkaçıran,kızkovalayan,anlam içi
kızlık,üvey kız,yönlendirme
kızmak,öfkelenmek,yönlendirme
kız kardeş,hemşire,anlam içi
kız kardeş,şvester,anlam içi
ki,kim,anlam içi
kibarca,kibarcasına,anlam içi
kibernetik,sibernetik,yönlendirme
kibirlenme,tekebbür,anlam içi
kibirli,mütekebbir,anlam içi
kibirlilik,mütekebbirlik,anlam içi
kibrit,kükürt,yönlendirme
kifayet,yeterlilik,yönlendirme
kifayetli,yeterli,yönlendirme
kifayetsiz,yetersiz,yönlendirme
kifayetsizlik,yetersizlik,yönlendirme
kiklon,siklon,yönlendirme
kile,ölçek,anlam içi
kilitlenmek,odaklanmak,yönlendirme
kilit nokta,kilit mevki,anlam içi
kilo,kilogram,yönlendirme
kilogram,kilo (kg),anlam içi
kilogramağırlık,kilogramkuvvet,anlam içi
kimlik,kimlik belgesi,anlam içi
kimlik,kimlik kartı,anlam içi
kimlik,tanıtma kartı,anlam içi
kimsesiz,öksüz,anlam içi
kimsesiz,sahipsiz,anlam içi
kimsesizlik,öksüzlük,anlam içi
kimya,uyum,yönlendirme
kimyacı,kimyager,anlam içi
kimyacılık,kimyagerlik,anlam içi
kimyasal,kimyevi,anlam içi
kimyasal tedavi,kemoterapi,anlam içi
kimya doğrulumu,şimiotropizm,anlam içi
kimya göçümü,şimiotaksi,anlam içi
kimyoni,kimyon rengi,yönlendirme
kin,garaz,anlam içi
kinci,kindar,yönlendirme
kindar,kinli,anlam içi
kindarlık,kinlilik,anlam içi
kinematik,sinematik,anlam içi
kinestetik zekâ ,bedensel zekâ,yönlendirme
kinestezi,hareket duyumu,anlam içi
kinik,sinik,yönlendirme
kinin,kinin sülfatı,anlam içi
kip,konuşan,anlam içi
kir,kir pas,anlam içi
kir,pasak,anlam içi
kira,icar,anlam içi
kiracı,müstecir,anlam içi
kiralama,isticar,anlam içi
kiralık katil,tetikçi,anlam içi
kiraz domates,misket domates,anlam içi
kiraz domates,çeri,anlam içi
kiraz domates,çeri domates,anlam içi
kira kontratı,kira sözleşmesi,yönlendirme
kireçsi,kirecimsi,anlam içi
kireç taşı,kalker,anlam içi
kireç taşı,kils,anlam içi
kiren,kızılcık,yönlendirme
Kiril alfabesi,Kiril,anlam içi
kiriş,tendon,anlam içi
kirletmek,pislemek,anlam içi
kirletmek,lekelemek,yönlendirme
kirli,pis,anlam içi
kirli,murdar,anlam içi
kirli,mülevves,anlam içi
kirlilik,pislik,anlam içi
kirlilik,necaset,anlam içi
kirpik,müjgân,anlam içi
kirpi otu ,ekinezya,yönlendirme
kist,kitle,anlam içi
kisve,kılık kıyafet,yönlendirme
kişi,şahıs,anlam içi
kişi,şahsiyet,anlam içi
kişi,zat,anlam içi
kişi,nefer,anlam içi
kişi,nüfus,anlam içi
kişileştirme,teşhis,anlam içi
kişileştirme,teşhis ve intak,anlam içi
kişilik,şahsiyet,anlam içi
kişilik,yabanlık,yönlendirme
kişilikli,şahsiyet sahibi,anlam içi
kişilikli,şahsiyetli,anlam içi
kişiliksiz,şahsiyetsiz,anlam içi
kişilik dışı,gayrişahsi,anlam içi
kişioğlu,insan,yönlendirme
kişisel,şahsi,anlam içi
kişisel,zatî,anlam içi
kişisellik,şahsilik,anlam içi
kişiye özel,zata mahsus,anlam içi
kişizade,soylu,yönlendirme
kişi başına,adam başına,yönlendirme
kişi eki,güzel-sin vb,anlam içi
kişi zamiri,şahıs zamiri,anlam içi
kitabe,yazıt,yönlendirme
kitabet,sekreterlik,yönlendirme
kitabet,kompozisyon,yönlendirme
kitabe taşı ,tabla taşı,yönlendirme
kitaplık,kütüphane,anlam içi
kitaplık bilimci,kütüphaneci,yönlendirme
kitaplık bilimi,kütüphanecilik,yönlendirme
kitap ehli,ehlikitap,anlam içi
kitle,kütle,anlam içi
kitle bağışıklığı ,sürü bağışıklığı,anlam içi
kitle bağışıklığı ,toplumsal bağışıklık,anlam içi
kitle haberleşmesi,kitle iletişimi,yönlendirme
kitle turizmi,mas turizm,anlam içi
kitre,kestere,anlam içi
kivi,apteriks (Apteryx australis),anlam içi
klakson,korna,yönlendirme
klarnet,gırnata,anlam içi
klarnetçi,gırnatacı,anlam içi
klas,sınıf,yönlendirme
klasik,kökleşik,yönlendirme
klasör,sıralaç,anlam içi
klavsen,çembalo,anlam içi
klik,hizip,yönlendirme
klikçi,hizipçi,yönlendirme
klikleme,tıklama,yönlendirme
kliklemek,tıklamak,yönlendirme
klikleşme,hizipleşme,yönlendirme
klikleşmek,hizipleşmek,yönlendirme
klima,iklimleme cihazı,anlam içi
klimatolog,iklim bilimci,yönlendirme
klimatoloji,iklim bilimi,yönlendirme
klinik,seririyat,anlam içi
klişeleşmek,kalıplaşmak,anlam içi
klorik,klorik asit,yönlendirme
klorik asit,klorik (HCIO3),anlam içi
klorometri,klorölçer,yönlendirme
kloroz,sarıcalık,anlam içi
klostrofobi,kapalı yer korkusu,yönlendirme
klüz,kanyon,yönlendirme
koalisyon,ortak yönetim,anlam içi
koalisyon,koalisyon hükûmeti,yönlendirme
kobay,Hint domuzu (Cavia porcellus),anlam içi
kobra,Hint kobrası (Naja),anlam içi
koca,zevç,anlam içi
koca,kocaman,yönlendirme
koca,yaşlı,yönlendirme
kocabaş,flurcun (Cocothraustes coccothraustes),anlam içi
kocabaş,şeker pancarı,yönlendirme
kocabaşı,muhtar,yönlendirme
kocalma,yaşlanma,yönlendirme
kocalmak,yaşlanmak,yönlendirme
kocaltma,kocatma,anlam içi
kocaltmak,kocatmak,anlam içi
kocama,yaşlanma,yönlendirme
kocamak,yaşlanmak,yönlendirme
kocaoğlan,ayı,yönlendirme
koca yemiş,sandal ağacı (Arbutus unedo),anlam içi
Koç,Koç Burcu,yönlendirme
koçak,yürekli,yönlendirme
koçak,cömert,yönlendirme
koçaklama,yiğitleme,anlam içi
koçan,mısır koçanı,yönlendirme
koçboynuzu,elibelinde,yönlendirme
kod adı,kod ismi,anlam içi
kohezyon,yakınlık derecesi,yönlendirme
kok,kok kömürü,anlam içi
kokak ağaç,kokar ağaç,yönlendirme
kokar ağaç,aylandız (Ailanthus glandulosa),anlam içi
koket,hoppa,yönlendirme
koketlik,hoppalık,yönlendirme
kokmak,kokuşmak,yönlendirme
kokmuş,kokuşuk,anlam içi
kokmuş,müteaffin,anlam içi
kokoroz,mısır,yönlendirme
kokteyl,karışım,yönlendirme
kokulu bezelye ,ıtırşahi,yönlendirme
kokulu kiraz,İdris ağacı,yönlendirme
kokuölçer,odorimetre,anlam içi
kokuşma,infisah,anlam içi
kokuşmak,sasımak,anlam içi
kokuşmak,taaffün etmek,anlam içi
kokuşmak,tefessüh etmek,anlam içi
kol,kısım,anlam içi
kol,şube,anlam içi
kol,sıra,yönlendirme
kol,kanat,yönlendirme
kola,kolalama,yönlendirme
kolaj,kesyap,yönlendirme
kolancı,yedekçi,yönlendirme
kolancılık,yedekçilik,yönlendirme
kolan balığı,mersin balığı,yönlendirme
kolay,asan,anlam içi
kolay,kolaylık,yönlendirme
kolay,kolayca,yönlendirme
kolayca,kolay kolay,anlam içi
kolayca,asan,anlam içi
kolayda,el altında,anlam içi
kolayda mal ,kolayda ürün,yönlendirme
kolayda ürün ,kolayda mal,anlam içi
kolaylaştırma,teshil,anlam içi
kolaylık,asanlık,anlam içi
kolaylık,suhulet,anlam içi
kolaylıkla,kolayına,anlam içi
kolaylıkla,asanlıkla,anlam içi
kolaylıkla,rahatlıkla,anlam içi
kolaylıkla,tez beri,anlam içi
kolcu,muhafız,yönlendirme
kolçak,pazubent,yönlendirme
koledok,öd kanalı,yönlendirme
koleksiyoncu,koleksiyoner,anlam içi
koleksiyonculuk,koleksiyonerlik,anlam içi
kolektif,ortaklaşa,yönlendirme
kolektifleşme,ortaklaşma,yönlendirme
kolektifleştirmek,ortaklaştırmak,yönlendirme
kolektif ortaklık,kolektif şirket,anlam içi
kolektivist,ortaklaşacı,yönlendirme
kolektivizm,ortaklaşacılık,yönlendirme
kolektör,toplaç,yönlendirme
kolesterin,kolesterol,yönlendirme
kolluk,manşet,yönlendirme
kolluk,kol,anlam içi
kolluk,karakol,anlam içi
kolluk,kulluk,anlam içi
kolokyum,konuşu,yönlendirme
kolombiyum,niyobyum,yönlendirme
kolon,sütun,yönlendirme
koloni,sömürge,yönlendirme
kolonyalı mendil,ıslak mendil,anlam içi
kolonyalist,sömürgeci,yönlendirme
kolorimetre,renkölçer,yönlendirme
kolorimetri,renk ölçme,yönlendirme
koltuk,koltuklanma,yönlendirme
koltuk,kayırma,yönlendirme
koltuk,genelev,yönlendirme
koltuklama,kompliman,anlam içi
koltuklamak,pohpohlamak,yönlendirme
koltuklanmak,pohpohlanmak,anlam içi
koltukluk,subra,anlam içi
kol kemiği,pazı kemiği,anlam içi
kol kemiği,karaca kemiği,anlam içi
komandit ortaklık,komandit şirket,anlam içi
komando,komando er,anlam içi
komedyacı,komedyen,yönlendirme
komiser,hükûmet komiseri,yönlendirme
komiser,saha komiseri,yönlendirme
komisyon,simsariye,anlam içi
komisyoncu,simsar,anlam içi
komisyonculuk,simsarlık,anlam içi
komodin,komot,anlam içi
kompetan,uzman,yönlendirme
kompleks,karmaşık,yönlendirme
kompleks,kuruluşlar bütünü,yönlendirme
kompleks,duygu karmaşası,yönlendirme
komplikasyon,karmaşıklık,yönlendirme
komplike,karmaşık,yönlendirme
komplo,tuzak,yönlendirme
kompozisyon,tahrir,anlam içi
kompresör,sıkmaç,anlam içi
komprime,sıkıt,anlam içi
komşu,mücavir,anlam içi
komuta,kumanda,anlam içi
komutan,kumandan,anlam içi
komutan,mir,anlam içi
komutanlık,kumandanlık,anlam içi
komünikasyon,iletişim,yönlendirme
komünist,kızıl,anlam içi
komünistlik,komünizm,yönlendirme
konak,konakçı,yönlendirme
konaklamak,inmek,anlam içi
konaklamak,kalmak,anlam içi
kondansatör,sığaç,anlam içi
kondansatör,yoğunlaç,anlam içi
kondansatör,meksefe,anlam içi
kondom,prezervatif,yönlendirme
kondor,tepeli akbaba,yönlendirme
konduculuk,gecekonduculuk,yönlendirme
konfeksiyon mağazası,giyimevi,yönlendirme
konferans,konuşma,anlam içi
konferansçı,konuşmacı,yönlendirme
konferansçılık,konuşmacılık,yönlendirme
konfigürasyon,yapılandırma,yönlendirme
konformizm,uymacılık,yönlendirme
konglomera,yığışım,yönlendirme
kongre,kurultay,yönlendirme
koni,mahrut,anlam içi
konik,mahruti,anlam içi
konjonktivit,göz zarı yangısı,yönlendirme
konjonktür,geçerli durum,yönlendirme
konkasör,kırma makinesi,yönlendirme
konkav,içbükey,yönlendirme
konkordato,anlaşmalı iflas,yönlendirme
konkre,somut,yönlendirme
konkur,yarışma,yönlendirme
konma,vaz,anlam içi
konsa,taşlık,yönlendirme
konsantrasyon,yoğunlaşma,anlam içi
konsantrasyon,derişim,anlam içi
konsantre,yoğun,yönlendirme
konsensüs,uzlaşma,yönlendirme
konseptüalizm,kavramcılık,yönlendirme
konservatör,tutucu,yönlendirme
konsey,kurul,yönlendirme
konsinye satış,satasıya,yönlendirme
konsol,oyun konsolu,yönlendirme
konsolidasyon,süreletme,yönlendirme
konsolos,şehbender,anlam içi
konsoloshane,konsolosluk,yönlendirme
konsolosluk,şehbenderlik,anlam içi
konson,ünsüz,yönlendirme
konsonant,ünsüz,yönlendirme
konsorsiyum,şirketler birliği,yönlendirme
konstrüksiyon,yapı,yönlendirme
konstrüksiyon,yapım,yönlendirme
konstrüktivizm,kurmacılık,yönlendirme
konsulto,konsültasyon,yönlendirme
kontak lens,lens,yönlendirme
konteyner,taşımalık,yönlendirme
kontra,kontrplak,yönlendirme
kontraksiyon,ünlü kaynaşması,yönlendirme
kontrast,karşıt,yönlendirme
kontrast,karşıtlık,yönlendirme
kontrat,sözleşme,yönlendirme
kontratak,karşı atak,yönlendirme
kontratlı,sözleşmeli,yönlendirme
kontratsız,sözleşmesiz,yönlendirme
kontrbas,kontrbasçı,yönlendirme
kontrgerilla,gladyo,anlam içi
kontrol,yoklama,yönlendirme
konu,mevzu,anlam içi
konu,süje,anlam içi
konu,husus,anlam içi
konu,laf,anlam içi
konu,sermaye,anlam içi
konuk,misafir,anlam içi
konuk,mihman,anlam içi
konukçu,mihmandar,anlam içi
konukçuluk,mihmandarlık,anlam içi
konukevi,misafirhane,anlam içi
konukluk,misafirlik,anlam içi
konuksever,misafirperver,anlam içi
konukseverlik,misafirperverlik,anlam içi
konulma,vazolunma,anlam içi
konulmak,vazolunmak,anlam içi
konulu,mevzulu,anlam içi
konum,pozisyon,anlam içi
konum,konuş,anlam içi
konum,yer,anlam içi
konum,vaziyet,anlam içi
konum,lokasyon,anlam içi
konumlama,yerleştirme,yönlendirme
konumlamak,yerleştirmek,yönlendirme
konumlandırmak,yerleştirmek,yönlendirme
konusuz,mevzusuz,anlam içi
konuşkan,lakırtıcı,anlam içi
konuşma,musahabe,anlam içi
konuşmacı,konuşucu,anlam içi
konuşma çizgisi,uzun çizgi,yönlendirme
konuşma güçlüğü,söz yitimi,anlam içi
konuşma korkusu,tutukluk,yönlendirme
konuşuculuk,konuşmacılık,yönlendirme
konut,mesken,anlam içi
konut,ikametgâh,anlam içi
konut,ön doğru,yönlendirme
konut belgesi,yerleşim belgesi,yönlendirme
konut kredisi,emlak kredisi,anlam içi
konveksiyon,ısı yayımı,yönlendirme
konvektör,ısıyayar,yönlendirme
konvertibilite,çevrilgenlik,yönlendirme
konvertibl,çevrilgen,yönlendirme
konvertisör,röle,yönlendirme
konveyör,taşıyıcı,yönlendirme
konvoy,kafile,anlam içi
koparmak,kapmak,anlam içi
kopmak,kurtulmak,yönlendirme
kopya,asıl karşıtı,anlam içi
kopya,klon,anlam içi
kopyalama,klonlama,anlam içi
kopyalamak,klonlamak,anlam içi
kopya kalemi,sabit kalem,anlam içi
kordon,kıyı dili,yönlendirme
koridor,geçenek,anlam içi
korkak,kansız,anlam içi
korkak,ödlek,anlam içi
korkak,tabansız,anlam içi
korkak,mütevehhim,anlam içi
korkaklık,tavşanlık,anlam içi
korkaklık,kansızlık,anlam içi
korkaklık,ödleklik,anlam içi
korkaklık,tabansızlık,anlam içi
korkmak,korkulmak,anlam içi
korkuluk,küpeşte,yönlendirme
korkunç,müthiş,anlam içi
korluk,mangal,yönlendirme
kornea,saydam tabaka,yönlendirme
korner bayrağı ,köşe bayrağı,yönlendirme
korner çizgisi ,köşe çizgisi,yönlendirme
korner direği,köşe direği,yönlendirme
korporasyon,lonca,yönlendirme
korsan,deniz hırsızı,anlam içi
korse,sargaç,anlam içi
kort,tenis sahası,anlam içi
kort,tenis kortu,anlam içi
korteks,beyin kabuğu,yönlendirme
koruma,muhafaza,anlam içi
koruma,sıyanet,anlam içi
koruma,vikaye,anlam içi
koruma,koruma görevlisi,anlam içi
korumak,muhafaza etmek,anlam içi
korumak,vikaye etmek,anlam içi
korumak,sıyanet etmek,anlam içi
korumak,himaye etmek,anlam içi
korunma mesafesi ,fiziksel mesafe,yönlendirme
koruyucu,muhafız,anlam içi
koruyucu,kollayıcı,anlam içi
koruyucu,kalkan,anlam içi
koruyuculuk,kollayıcılık,anlam içi
koruyuculuk,himaye,anlam içi
koskoca,muazzam,anlam içi
koşaç,bildirme eki,yönlendirme
koşma,koşu,anlam içi
koşmak,seyirtmek,anlam içi
koşnil,kabuklu bit (Coccus coeti),anlam içi
koşul,şart,yönlendirme
koşullandırma,şartlandırma,yönlendirme
koşullandırmak,şartlandırmak,yönlendirme
koşullanma,şartlanma,yönlendirme
koşullanmak,şartlanmak,yönlendirme
koşullu,şartlı,yönlendirme
koşullu tepke,şartlı refleks,yönlendirme
koşulsuz,şartsız,yönlendirme
koşulsuz tepke,şartsız refleks,yönlendirme
koşum,koşum takımı,anlam içi
koşuntu,tayfa,yönlendirme
koşuşmak,koşuşturmak,yönlendirme
koşuşturma,koşuşma,anlam içi
koşut,paralel,yönlendirme
koşutçu,paralelist,anlam içi
koşutçuluk,paralelizm,anlam içi
koşutlaştırma,paralelleştirme,anlam içi
koşutlaştırmak,paralelleştirmek,anlam içi
koşutluk,paralellik,anlam içi
koşu bandı,yürüyüş bandı,anlam içi
kota,sınırlama,yönlendirme
kotlamak,numaralamak,anlam içi
kotlet,pirzola,yönlendirme
Kova,Kova Burcu,yönlendirme
kova,hasır otu,yönlendirme
kovabilme,defedebilme,anlam içi
kovabilmek,defedebilmek,anlam içi
kovalamak,kovmak,yönlendirme
kovan,kapçık,anlam içi
kovan otu,oğul otu,yönlendirme
kovmak,savmak,anlam içi
kovulma,defedilme,anlam içi
kovulmak,defedilmek,anlam içi
kovulmak,sepetlenmek,anlam içi
kovuluş,defediliş,anlam içi
kovuş,defediş,anlam içi
kovuş,defleyiş,anlam içi
kovuşturma,takibat,anlam içi
kovuşturma,takip,anlam içi
kovuşturmak,takip etmek,anlam içi
koyak,vadi,yönlendirme
koymak,vazetmek,anlam içi
koyu,kıpkızıl,anlam içi
koyulaşmak,koyulmak,anlam içi
koyulaşmak,kıvamlanmak,yönlendirme
koyun,kucak,yönlendirme
koyungözü,margarit (Matricaria parthenium),anlam içi
koyut,ön doğru,yönlendirme
koyuverme,koyverme,anlam içi
koyu mavi,okyanus mavisi,anlam içi
koyvermek,koyuvermek,yönlendirme
koza,kozalak,anlam içi
kozak,kozalak,yönlendirme
kozalaklılar,iğne yapraklılar,anlam içi
kozalaksı,kozalağımsı,anlam içi
kozmoloji,uzay bilimi,yönlendirme
kozmolojik,uzay bilimsel,yönlendirme
kozmonot,uzay adamı,yönlendirme
koz helva,koz helvası,anlam içi
kök,kök sap,yönlendirme
kökboyası,kızılboya,anlam içi
kökboyası,kızılkök,anlam içi
kökboyası,yumurtakökü (Rubia tinctorum),anlam içi
köken,menşe,anlam içi
köken,orijin,anlam içi
kökenli,menşeli,anlam içi
köken belgesi,menşe şehadetnamesi,anlam içi
kökertmek,köklemek,yönlendirme
köknar,göknar (Abies),anlam içi
köknar sakızı,köknar reçinesi,anlam içi
kökten,radikal,anlam içi
köktenci,radikal,anlam içi
köktencilik,kökçülük,anlam içi
köktencilik,radikalizm,anlam içi
kökten sürme,soylu,anlam içi
kökteş,başlık,anlam içi
kökteş,başlangıç,anlam içi
kökteş,başkan gibi,anlam içi
Köktürkçe,Köktürk Türkçesi,yönlendirme
Köktürk alfabesi ,Göktürk harfleri,anlam içi
Köktürk alfabesi ,Göktürk alfabesi,anlam içi
Köktürk alfabesi ,Köktürk harfleri,anlam içi
Köktürk alfabesi ,Orhun alfabesi,anlam içi
Köktürk harfleri ,Köktürk alfabesi,yönlendirme
Köktürk Türkçesi ,Göktürkçe,anlam içi
Köktürk Türkçesi ,Göktürk Türkçesi,anlam içi
Köktürk Türkçesi ,Köktürkçe,anlam içi
Köktürk Türkçesi ,Orhun Türkçesi,anlam içi
kök bilgisi,köken bilimi,yönlendirme
kök kelime ,basit kelime,anlam içi
kök kelime ,yalın kelime: baş,anlam içi
kök kelime ,ev,anlam içi
kök kelime ,gel-,anlam içi
kök kelime ,inek,anlam içi
kök kırmızısı,kök boyası,yönlendirme
kök kurdu,danaburnu,yönlendirme
köle,kul,anlam içi
köle,memluk,anlam içi
kölelik,kulluk,yönlendirme
kömür,kara elmas,anlam içi
kömürsü,kömürümsü,anlam içi
kömüş,manda,yönlendirme
köpek,kapik,anlam içi
köpek,it  (Canis familiaris),anlam içi
köpek balığı,canavar (Mustelus mustelus),anlam içi
köpek sarımsağı,yabani sarımsak,yönlendirme
köpek üzümü,it üzümü,yönlendirme
köprü yol,viyadük,anlam içi
köpürmek,feveran etmek,anlam içi
kör,görme engelli,yönlendirme
köre,karınca yuvası,yönlendirme
körelmek,dumura uğramak,anlam içi
körlemesine ,körü körüne,yönlendirme
körlenmek,körleşmek,yönlendirme
körleşme,körlenme,anlam içi
körletmek,körlemek,anlam içi
körlük,görme engellilik,yönlendirme
körpe,taze,anlam içi
körpe,taravetli,anlam içi
körpe,terütaze,anlam içi
körpe,kart karşıtı,anlam içi
körpelik,taravet,anlam içi
körükçü,körükleyici,yönlendirme
körüklemek,ajite etmek,anlam içi
körükleyici,ajitatör,anlam içi
körüklü,körüklü otobüs,yönlendirme
körü körüne,körlemesine,anlam içi
kör alan,kör nokta,yönlendirme
kör kurşun,serseri kurşun,yönlendirme
kör nokta,ölü açı,anlam içi
kör nokta,ölü nokta,anlam içi
kör sıçan,köstebek,yönlendirme
kösem,kösemen,yönlendirme
kösemenlik,kılavuzluk,anlam içi
kösnü,şehvet,yönlendirme
kösnülme,kızışma,yönlendirme
köstebek,sokur,anlam içi
köstebek,yer sıçanı,anlam içi
köstebek,kör sıçan (Talpa),anlam içi
köstek,künde,yönlendirme
köstere,küstere,anlam içi
köşe,zaviye,anlam içi
köşe,büküç,anlam içi
köşe,korner,anlam içi
köşebent,L demiri,anlam içi
köşegen,kutur,anlam içi
köşeli ayraç,köşeli parantez,anlam içi
köşe atışı,köşe vuruşu,yönlendirme
köşe bayrağı ,korner bayrağı,anlam içi
köşe bucak,ocak bucak,anlam içi
köşe çizgisi ,korner çizgisi,anlam içi
köşe direği,köşe gönderi,anlam içi
köşe dönücü,köşe dönmeci,anlam içi
köşe dönücülük,köşe dönmecilik,anlam içi
köşe gönderi ,köşe direği,yönlendirme
köşe vuruşu,korner,anlam içi
köşe vuruşu,korner atışı,anlam içi
köşe vuruşu,korner vuruşu,anlam içi
köşe yayı ,çeyrek daire,anlam içi
köşk,kasır,anlam içi
kötek balığı,gölge balığı,yönlendirme
kötü,bet,anlam içi
kötü,yaş,anlam içi
kötü,yavuz,anlam içi
kötü,iyi karşıtı,anlam içi
kötücül,kötü huylu,yönlendirme
kötülük,kemlik,anlam içi
kötülük,seyyie,anlam içi
kötülük,şenaat,anlam içi
kötülük,şer,anlam içi
kötülükçü,şerir,anlam içi
kötülükçülük,şerirlik,anlam içi
kötümser,karamsar,anlam içi
kötümser,meyus,anlam içi
kötümser,pesimist,anlam içi
kötümser,iyimser karşıtı,anlam içi
kötümserleşme,karamsarlaşma,anlam içi
kötümserleşmek,karamsarlaşmak,anlam içi
kötümserleştirme,karamsarlaştırma,anlam içi
kötümserleştirmek,karamsarlaştırmak,anlam içi
kötümserleştirmek,benbinleştirmek,anlam içi
kötümserlik,karamsarlık,anlam içi
kötümserlik,meyusiyet,anlam içi
kötümserlik,pesimizm,anlam içi
kötümserlik,pesimistlik,anlam içi
kötürüm,oturak,anlam içi
kötü göz,kem göz,yönlendirme
köy,köylük yer,anlam içi
köy,köy yeri,anlam içi
köy,karye,anlam içi
köyaltı,köy bağlısı,anlam içi
köydeş,köylü,anlam içi
köygöçüren,evcikkıran (Amanita phalloides),anlam içi
köylü,rustai,anlam içi
köy ihtiyar heyeti,köy ihtiyar meclisi,anlam içi
köy muhtarı,muhtar,yönlendirme
köy odası,oda,anlam içi
köy öğretmeni ,eğitmen,yönlendirme
köy yumurtası ,gezen tavuk yumurtası,anlam içi
kraliçe arı ,arı beyi,yönlendirme
kraliyet,krallık,yönlendirme
kramp,kasınç,anlam içi
krampon,tutmalık,anlam içi
krater,yanardağ ağzı,yönlendirme
kravat,medeniyet yuları,anlam içi
kreasyon,yaratım,yönlendirme
kreatör,yaratımcı,yönlendirme
kreditör,krediaçan,yönlendirme
krem,krem rengi,yönlendirme
krema,kaymak,yönlendirme
krematoryum,yakmalık,yönlendirme
krem rengi,açık saman rengi,anlam içi
krem rengi,bal sarısı,anlam içi
krepe balyaj ,ombre,anlam içi
krepon,krepon kâğıdı,yönlendirme
kreş,yuva,yönlendirme
krezol,lizol,anlam içi
kriko,kaldırıcı,anlam içi
kriminoloji,suç bilimi,yönlendirme
kriminolojik,suç bilimsel,yönlendirme
kripto,saklı yazı,yönlendirme
kristalize zekâ ,akışkan zekâ,yönlendirme
kristallendirilme,billurlaştırılma,yönlendirme
kristallendirilmek,billurlaştırılmak,yönlendirme
kristallendirme,billurlandırma,yönlendirme
kristallendirmek,billurlandırmak,yönlendirme
kristalleşebilme,billurlaşabilme,yönlendirme
kristalleşebilmek,billurlaşabilmek,yönlendirme
kriter,ölçüt,yönlendirme
kritik,nazik,yönlendirme
krizantem,kasımpatı,yönlendirme
krizolit,zebercet,yönlendirme
kromatik,renkser,yönlendirme
kromosfer,renk yuvarı,yönlendirme
kronik,süreğen,yönlendirme
kronik,vakayiname,anlam içi
kronograf,süreyazar,yönlendirme
kronoloji,zaman bilimi,yönlendirme
kronoloji,zaman dizini,yönlendirme
kronolojik,zaman bilimsel,yönlendirme
kronolojik,zaman dizinsel,yönlendirme
kronometre,süreölçer,yönlendirme
ksilolojik,odun bilimsel,yönlendirme
kuaför,kadın berberi,anlam içi
kubbe,kümbet,anlam içi
kubbe,tak,anlam içi
Kubbealtı,Divanhane,anlam içi
kucaklamak,kuçmak,anlam içi
kucaklamak,sarmak,anlam içi
kucaklaşma,kuçuşma,anlam içi
kucaklaşmak,kuçuşmak,anlam içi
kudas,liturya,anlam içi
kudema,eskiler,yönlendirme
kudretten,yaradılıştan,yönlendirme
kudret hamamı,ılıca,yönlendirme
kuduz böceği,kunduz böceği (Cantharis),anlam içi
kuduz otu,deli otu,yönlendirme
kukumav,kukumav kuşu,yönlendirme
kukumav kuşu,kukumav (Athene noctua),anlam içi
kul,karavaş,yönlendirme
kulağı kirişte,kulağı tetikte,anlam içi
kulakdavulu,kulak zarı,yönlendirme
kulak kepçesi,sayvan,anlam içi
kulampara,oğlancı,yönlendirme
kulamparalık,oğlancılık,yönlendirme
kulis faaliyeti,kulis çalışması,anlam içi
kullanılmak,yemek,anlam içi
kullanım,tasarruf,yönlendirme
kullanışlı,ergonomik,anlam içi
kullanma,istimal,anlam içi
kulluk,ubudiyet,anlam içi
kuluçkalık,kuluçkahane,anlam içi
kuluçkalık,inkübatör,anlam içi
kuluçka devresi ,kuluçka dönemi,yönlendirme
kuluçka devri,kuluçka dönemi,yönlendirme
kuluçka dönemi,kuluçka devresi,anlam içi
kulüp,spor kulübü,yönlendirme
kul kâhyası,kul kethüdası,anlam içi
kuma,ortak,anlam içi
Kuman,Kıpçak,yönlendirme
Kumanca,Kıpçak Türkçesi,yönlendirme
Kuman Türkçesi ,Kıpçak Türkçesi,yönlendirme
kumar,oyun,anlam içi
kumar,keriz,anlam içi
kumarbaz,kumarcı,anlam içi
kumarbazlık,kumarcılık,anlam içi
kumarbazlık,bitirimcilik,anlam içi
kumaşlı terzi,tüccar terzi,anlam içi
kumbara,humbara,yönlendirme
kumbaracı,humbaracı,yönlendirme
kumbarahane,humbarahane,yönlendirme
kumla,plaj,yönlendirme
kumlu,kumsal,anlam içi
kumluk,kumsal,yönlendirme
kumpir,patates,yönlendirme
kumsal,kumbaşı,anlam içi
kumsal,plaj,yönlendirme
Kumukça,Kumuk Türkçesi,yönlendirme
Kumuk Türkçesi ,Kumukça,anlam içi
kum otu,uyuz otu,yönlendirme
kum taşı,kuvarsit,anlam içi
kunduz,kastor (Castor fiber),anlam içi
kunduz böceği,kuduz böceği,yönlendirme
kupa,yürek,anlam içi
kupür,kesik,yönlendirme
kurak,yağışsız,yönlendirme
kuraklık,yağışsızlık,yönlendirme
kural,kaide,anlam içi
kural,nizam,anlam içi
kural,usul,anlam içi
kurala aykırı,kural dışı,yönlendirme
kurala aykırılık,kıyasa muhalefet,anlam içi
kuralcı,kaideci,anlam içi
kuralcılık,kaidecilik,anlam içi
kuralcı dil bilgisi ,ayarlayıcı dil bilgisi,yönlendirme
kurallı,kaideli,anlam içi
kurallı,kıyasi,anlam içi
kurallı cümle,kurallı tümce,anlam içi
kuralsız,kaidesiz,anlam içi
kuralsızlık,kaidesizlik,anlam içi
kural dışı,müstesna,anlam içi
kural dışı,şaz,anlam içi
kural dışılık,müstesnalık,anlam içi
kuram,nazariyat,anlam içi
kuram,nazariye,anlam içi
kuram,teori,anlam içi
kuramcı,nazariyatçı,anlam içi
kuramcı,nazariyeci,anlam içi
kuramcı,teorisyen,anlam içi
kuramcılık,nazariyatçılık,anlam içi
kuramcılık,nazariyecilik,anlam içi
kuramcılık,teorisyenlik,anlam içi
kuramsal,nazari,anlam içi
kuramsal,teorik,anlam içi
kuramsal,uygulamalı karşıtı,anlam içi
kurbağalar,kuyruksuzlar,anlam içi
kurban ayı ,zilhicce,yönlendirme
kurcalamak,karıştırmak,anlam içi
kurdele balığı,şerit balığı,anlam içi
kurdele balığı,flandra balığı (Cepola rubescens),anlam içi
kurdeşen,ürtiker,anlam içi
kurgu,spekülasyon,anlam içi
kurgu,montaj,anlam içi
kurgucu,montajcı,anlam içi
kurguculuk,montajcılık,anlam içi
kurgulama,montajlama,anlam içi
kurgulamak,montajlamak,anlam içi
kurgulanma,montajlanma,anlam içi
kurgulanmak,montajlanmak,anlam içi
kurgusal,spekülatif,anlam içi
kurma,ihdas,anlam içi
kurma,prefabrik,yönlendirme
kurmacı,konstrüktivist,anlam içi
kurmak,monte etmek,anlam içi
kurmak,tesis etmek,anlam içi
kurnaz,hin,anlam içi
kurnaz,hinoğlu,anlam içi
kurnazca,kurnazcasına,anlam içi
kurnazca,ustalıkla,anlam içi
kurnazlaşmak,tilkileşmek,anlam içi
kurra,kurra hafızı,yönlendirme
kurra hafızı ,kurra,anlam içi
kurşunsu,kurşunumsu,anlam içi
kurşun otu,diş otu,yönlendirme
kurt,börü (Canis lupus),anlam içi
kurtarıcı,kurtarma aracı,yönlendirme
kurtarıcılık,halaskârlık,anlam içi
kurtarımcı,irredantist,anlam içi
kurtarma,tahlis,anlam içi
kurtboğan,itboğan,anlam içi
kurtboğan,kaplanboğan (Aconitum napellus),anlam içi
kurtçuk,sürfe,anlam içi
kurtçuk,larva,anlam içi
kurtkulağı,balkadın,yönlendirme
kurtluca,meşecik,anlam içi
kurtluca,yer meşesi,anlam içi
kurtluca,yer palamudu,anlam içi
kurtluca,yer pelidi,anlam içi
kurtluca,susarımsağı,anlam içi
kurtluca,lohusa otu,yönlendirme
kurtpençesi,çıyancık,anlam içi
kurtpençesi,kurttırnağı (Polygonum bistorta),anlam içi
kurttırnağı,kurtpençesi,yönlendirme
kurtuluş,necat,anlam içi
kurtuluş,reha,anlam içi
kurtuluş,selamet,yönlendirme
kurt bilimci,helmintolog,anlam içi
kurt mantarı,toz mantarı,anlam içi
kurt mantarı,duman mantarı,anlam içi
kurt mantarı,puf mantarı,anlam içi
kurt mantarı,osuruk mantarı  (Lycoperdon),anlam içi
kuru,sıska,yönlendirme
kuru,kuru fasulye,yönlendirme
kurucu,müessis,anlam içi
kurultay,genel kongre,anlam içi
kurultay,umumi kongre,anlam içi
kuruluş,tesis,anlam içi
kurum,müessese,anlam içi
kurumak,soğulmak,anlam içi
kurumak,soruşmak,anlam içi
kurumlaşma,müesseseleşme,anlam içi
kurumlaşmak,müesseseleşmek,anlam içi
kuruntu,vesvese,anlam içi
kuruntu,şüphe,anlam içi
kuruntu,vehim,anlam içi
kuruntucu,kuruntulu,yönlendirme
kuruntuculuk,kuruntululuk,yönlendirme
kuruntulu,vehimli,anlam içi
kuruntulu,vesveseci,anlam içi
kuruntulu,vesveseli,anlam içi
kuruntulu,mütevehhim,anlam içi
kuruntulu,müvesvis,anlam içi
kuruntululuk,vehimlilik,anlam içi
kuruntusuz,vesvesesiz,anlam içi
kuruşu kuruşuna,kuruş kuruş,anlam içi
kurutaç,kurutma kabı,yönlendirme
kuru gürültü,tantana,anlam içi
kuru kahveci,tahmisçi,anlam içi
kuru söz,kuru laf,yönlendirme
kuru tarım,kuru ziraat,anlam içi
kuru temizleyici,lekeci,anlam içi
Kur'an,Kur’an-ı Kerim,anlam içi
Kur'an-ı Kerim,Kur'an,yönlendirme
kusma,kayetme,anlam içi
kusmak,kayetmek,anlam içi
kusmak,istifra etmek,anlam içi
kusmuk,kusuntu,anlam içi
kusurlu,taksirli,anlam içi
kusursuz,mükemmel,anlam içi
kuşak,küre kuşağı,anlam içi
kuşak,nesil,anlam içi
kuşanmak,takmak,anlam içi
kuşatmak,sarmak,anlam içi
kuşatmak,abluka etmek,anlam içi
kuşatmak,ablukaya almak,anlam içi
kuşatmak,ihata etmek,anlam içi
kuşatmak,muhasara etmek,anlam içi
kuşe,kuşe kâğıdı,anlam içi
kuşe,papyekuşe,anlam içi
kuşekmeği,çobandağarcığı (Thlaspi),anlam içi
kuşku,şüphe,anlam içi
kuşku,acaba,anlam içi
kuşku,güman,anlam içi
kuşku,şek,anlam içi
kuşku,küşüm,anlam içi
kuşkucu,pimpirik,anlam içi
kuşkucu,pimpirikli,anlam içi
kuşkucu,şüpheci,anlam içi
kuşkucu,septik,anlam içi
kuşkuculuk,ikirciklilik,anlam içi
kuşkuculuk,şüphecilik,anlam içi
kuşkuculuk,septisizm,anlam içi
kuşkulanabilme,şüphelenebilme,anlam içi
kuşkulandırma,şüphelendirme,anlam içi
kuşkulandırmak,şüphelendirmek,anlam içi
kuşkulanma,pirelenme,anlam içi
kuşkulanma,küşümlenme,anlam içi
kuşkulanma,şüphelenme,anlam içi
kuşkulanmak,pirelenmek,anlam içi
kuşkulanmak,küşümlenmek,anlam içi
kuşkulanmak,şüphelenmek,anlam içi
kuşkulu,şüpheli,anlam içi
kuşkululuk,şüphelilik,anlam içi
kuşkusuz,şüphesiz,anlam içi
kuşkusuz,zahir,anlam içi
kuşkusuz,lacerem,anlam içi
kuşkusuz,pekâla,anlam içi
kuşkusuzluk,şüphesizlik,anlam içi
kuş kirazı,gelinfeneri (Cerasus padus),anlam içi
kuş uçuşu,kuş uçumu,anlam içi
kuş uykusu,tavşan uykusu,yönlendirme
kut,mutluluk,yönlendirme
kutan,saka kuşu,yönlendirme
kutlama,kutlulama,anlam içi
kutlama,tebrik,anlam içi
kutlama,tesit,anlam içi
kutlamak,kutlulamak,anlam içi
kutlamak,tebrik etmek,anlam içi
kutlamak,tesit etmek,anlam içi
kutlu,uğurlu,yönlendirme
kutsal,kutsi,anlam içi
kutsal,mübarek,anlam içi
kutsal,lahut,anlam içi
kutsallaştırma,kutsileştirme,anlam içi
kutsallaştırmak,kutsamak,anlam içi
kutsallaştırmak,kutsileştirmek,anlam içi
kutsallık,kutsiyet,anlam içi
kutsallık,mukaddeslik,anlam içi
kutsama,takdis,anlam içi
kutsamak,takdis etmek,anlam içi
kutuplanma,polarizasyon,anlam içi
Kutup Yıldızı,Kuzey Yıldızı,anlam içi
kuvertür,örtü,yönlendirme
kuvöz,yaşanak,anlam içi
kuvvet,tüvan,anlam içi
kuvvet,nüfuz,yönlendirme
kuvvet,"üs (I): 2x2x2=23 denkleminde, 3 sayısı 2'nin kuvvetini gösterir",yönlendirme
kuyruklu,akrep,yönlendirme
kuyruklular,urodel,anlam içi
kuyruklu yıldız,kirlikartopu,anlam içi
kuyruksallayan,yont kuşu (Motacilla),anlam içi
kuyruksüren,firavun faresi,yönlendirme
kuyruk sokumu,pöçük,anlam içi
kuyruk sokumu kemiği,uca,anlam içi
kuyruk sokumu kemiği,pöç,anlam içi
kuyumcu,mücevherci,anlam içi
kuyumculuk,mücevhercilik,anlam içi
kuyumculuk,cevahircilik,anlam içi
kuzey,şimal,anlam içi
kuzey,güney karşıtı,anlam içi
kuzey,şimalî,anlam içi
Kuzey,Şimalî,anlam içi
Kuzey,Şimal,anlam içi
Kuzeyli,Şimalli,anlam içi
kuzey küre,kuzey yarım küre,yönlendirme
kuzey rüzgârı ,poyraz,yönlendirme
kuzey yarım küre ,kuzey küre,anlam içi
kuzgun,karakarga (Corvus corax),anlam içi
kuzgunkılıcı,glayöl (Gladiolus illyricus),anlam içi
kuzucak,kuzucuk,yönlendirme
kuzukulağı,ekşikulak (Rumex acetosa),anlam içi
kuzukulağı asidi,oksalik,yönlendirme
kuzuluk,kuzu kapı,yönlendirme
kuzuluk kapısı,kuzu kapı,yönlendirme
kuzu dişi,peynir dişi,yönlendirme
kuzu dolması,kuzu sarması,anlam içi
kuzu kapısı,kuzu kapı,yönlendirme
kuzu kapı ,kuzuluk,anlam içi
kuzu kapı ,kuzu kapısı,anlam içi
kuzu kapı ,kuzuluk kapısı,anlam içi
kuzu kapı ,yavru kapı,anlam içi
kuzu pıtrağı,kızılyaprak,yönlendirme
kuzu sarması ,kuzu dolması,yönlendirme
küçücük,küçümencik,anlam içi
küçücük,ufacıcık,anlam içi
küçücük,ufacık,anlam içi
küçük,ufak tefek büyük karşıtı,anlam içi
küçüksemek,küçümsemek,yönlendirme
küçük ay,şubat,yönlendirme
küçük Hindistan cevizi,Hint cevizi,yönlendirme
küçük mevlit ayı,rebiyülahir,yönlendirme
küçük parmak,serçe parmak,yönlendirme
küçük sesli uyumu,küçük ünlü uyumu,yönlendirme
küçük şalgam,yağ şalgamı (Brassica rapa),anlam içi
küçük ünlü uyumu,okul,anlam içi
küçük ünlü uyumu,ördek,anlam içi
küçük ünlü uyumu,koruyucuların vb.,anlam içi
küçülmek,ufalmak,anlam içi
küçültme,tasgir,anlam içi
küçümseme,küçükseme,anlam içi
küçümsemek,küçük görmek,anlam içi
küf,pas,yönlendirme
küfran,nankörlük,yönlendirme
küfretme,sövme,yönlendirme
küfretmek,sövmek,yönlendirme
küfür,sövgü,anlam içi
küfürbaz,sövgücü,anlam içi
küfürbaz,sövücü,anlam içi
küfürbazlık,ağzı bozukluk,anlam içi
küfürbazlık,sövgücülük,anlam içi
küfürbazlık,sövücülük,anlam içi
kükürt,sülf (simgesi S),anlam içi
kükürtsü,kükürdümsü,anlam içi
külahsı,külahımsı,yönlendirme
külçe,külte,anlam içi
külhanbeyi,külhani,anlam içi
külhanbeyi,tulumbacı,anlam içi
külhanbeylik,apaşlık,anlam içi
külli,tümel,yönlendirme
külliyen,tamamen,yönlendirme
külliyetli,pek çok,yönlendirme
küllük,tabla,anlam içi
küllük,kül tablası,anlam içi
küllük,sigara tablası,anlam içi
küllük ağzı,külhanbeyi ağzı,yönlendirme
kültür,tarım,yönlendirme
kültürel,ekinsel,anlam içi
kültür ortamı,besi yeri,yönlendirme
kültür sarayı,kültür merkezi,yönlendirme
kültür sitesi,kültür merkezi,yönlendirme
kül rengi,demir rengi,anlam içi
kül rengi et sineği,et sineği (Sartophaga carnaria),anlam içi
kümelenme,toplanma,anlam içi
kümelenme,kümülasyon,anlam içi
kümeli,kümülatif,anlam içi
küme ayraç,küme parantez,anlam içi
küme bulut,kümülüs,anlam içi
küme parantez ,küme ayraç,yönlendirme
künh,öz,yönlendirme
künk,pöhrenk,anlam içi
küpeşte,parapet,anlam içi
küpe çiçeği,küpeli,anlam içi
kürek,kürek cezası,yönlendirme
kürelemek,küremek,yönlendirme
küresel,kürevi,anlam içi
küresel salgın ,pandemi,anlam içi
kürsü,sandalye,yönlendirme
kürsü başkanı,bölüm başkanı,yönlendirme
kürsü hocası,kürsü şeyhi,anlam içi
kürtaj,küretaj,anlam içi
kürtün,palan,yönlendirme
kürüme,küreme,yönlendirme
kürümek,küremek,yönlendirme
küseğen,küstüm otu,yönlendirme
küskün,küstüm otu,yönlendirme
küskünlük,küsü,anlam içi
küsküt,küsküt otu,yönlendirme
küsküt otu ,bağboğan,anlam içi
küsküt otu ,cinsaçı,anlam içi
küsküt otu ,küsküt,anlam içi
küsküt otu ,şeytansaçı (Cuscuta),anlam içi
küstüm otu,küskün (Mimosa pudica),anlam içi
küşne,karaburçak,yönlendirme
kütük,nüfus kütüğü,yönlendirme
kütük,kütük demir,yönlendirme
kütüphane,kitabevi,anlam içi
kütüphanecilik,bibliyotekçilik,anlam içi
kâfi,yeter,yönlendirme
kâfur,kâfuru,anlam içi
kâğıt,menkul kıymetler,yönlendirme
kâğıt,kâğıt para,yönlendirme
kâğıtsı,kâğıdımsı,anlam içi
kâğıt ağacı,kâğıt dutu,yönlendirme
kâğıt dutu,kâğıt ağacı (Broussenetia papyrifera),anlam içi
kûhi,ıssız,yönlendirme
kâhinlik,kehanet,yönlendirme
kâinat,herkes,yönlendirme
kâkül,perçem,anlam içi
kâmil,olgun,yönlendirme
kânunusani,ocak,yönlendirme
kâr,yarar,yönlendirme
kâr,ticaret,anlam içi
kârgir,kâgir,yönlendirme
kâr payı,temettü hissesi,anlam içi
kâtibiadil,noter,yönlendirme
kâtip,sekreter,yönlendirme
kâtiplik,sekreterlik,yönlendirme
labada,efelek (Rumex patientia),anlam içi
laciverttaş,lapislazuli,anlam içi
lacivert pasaport,umumi pasaport,yönlendirme
lades,lades oyunu,anlam içi
laf,söz,yönlendirme
laf ebeliği,dil ebeliği,anlam içi
laf ebeliği,söz ebeliği,anlam içi
laf ebesi,söz ebesi,anlam içi
lagos,grida,anlam içi
lagos,lakoz (Epinephelus aeneus),anlam içi
lağım,sıçan yolu,anlam içi
lağım sineği ,drenaj sineği,anlam içi
lağım sineği ,kanalizasyon sineği (Psychodidae),anlam içi
lağvolmak,fesholmak,yönlendirme
lağvolunma,fesholunma,yönlendirme
lağvolunmak,fesholunmak,yönlendirme
lahana,kelem (Brassica oleracea),anlam içi
lahos,lagos,yönlendirme
lahuraki,lahuri,anlam içi
laiklik,laisizm,anlam içi
lain,lanetli,yönlendirme
lak,laka,anlam içi
lakacılık,lakçılık,yönlendirme
lakçı,lakacı,anlam içi
lakırtı,söz,yönlendirme
lakonik,veciz,yönlendirme
lakoz,lagos,yönlendirme
laktoz,süt şekeri (C12H12O11),anlam içi
lalettayin,sıradan,yönlendirme
lamacı,lamaist,anlam içi
lamacılık,lamaizm,anlam içi
lambada,lambada dansı,anlam içi
lamba karpuzu,karpuz lamba,anlam içi
lamekân,mekânsız,yönlendirme
lan,ulan,yönlendirme
lanetleme,telin,anlam içi
langırt,masa futbolu,anlam içi
langırt makinesi ,langırt masası,anlam içi
langırt masası ,langırt makinesi,yönlendirme
langır lungur,langur lungur,anlam içi
langur lungur ,langır lungur,yönlendirme
lapacılık,tembellik,yönlendirme
laparoskopik ameliyat ,kansız ameliyat,anlam içi
laparoskopik ameliyat ,laparoskopik cerrahi,anlam içi
laparoskopik cerrahi ,laparoskopik ameliyat,yönlendirme
Lapon,Laponyalı,anlam içi
lastikli söz,lastikli lakırtı,anlam içi
lastik ağacı,kauçuk,yönlendirme
laşe,leş,yönlendirme
latife,şaka,yönlendirme
latifeci,şakacı,yönlendirme
Latin,Latin halkları,yönlendirme
Latin alfabesi ,Latin harfleri,anlam içi
Latin çiçeği,kapuçin (Tropeoalum),anlam içi
Latin harfleri,Latin alfabesi,yönlendirme
laubalilik,gayriciddilik,anlam içi
laubaliyane,saygısızca,yönlendirme
lav,püskürtü,anlam içi
lavabo,tuvalet,yönlendirme
lavta,tutçek,yönlendirme
layık,müstahak,anlam içi
layiha,tasarı,yönlendirme
lazım,geçişsiz,yönlendirme
lazımlık,ördek,yönlendirme
lazut,mısır,yönlendirme
lebalep,silme,yönlendirme
lebalep,tıklım tıklım,yönlendirme
lebdeğmez,dudakdeğmez,anlam içi
legallik,yasallık,yönlendirme
leğen,teşt,anlam içi
Leh,Polonyalı,yönlendirme
lejitimist,meşruiyetçi,yönlendirme
leke,şaibe,anlam içi
lekecilik,taşizm,anlam içi
lekeli humma,tifüs,yönlendirme
leksikograf,sözlükçü,yönlendirme
leksikografi,sözlükçülük,yönlendirme
leksikolog,sözcük bilimci,yönlendirme
leksikoloji,sözcük bilimi,yönlendirme
lektör,okutman,yönlendirme
lektörlük,okutmanlık,yönlendirme
lenf,lenfa,anlam içi
lenfoma,lenf kanseri,anlam içi
lenf kanseri ,lenfoma,yönlendirme
Leninci,Leninist,anlam içi
Lenincilik,Leninizm,anlam içi
leopar,pars,yönlendirme
lerzan,titrek,yönlendirme
lerze,titreme,yönlendirme
leşker,ordu,yönlendirme
Letçe,Letonca,yönlendirme
levanten,tatlısu Frengi,anlam içi
levent,uzun,yönlendirme
levha,tablo,yönlendirme
levha,tabela,yönlendirme
leylaki,leylak rengi,yönlendirme
leylekgagası,çobaniğnesi,yönlendirme
leyli,yatılı,yönlendirme
leyli meccani,parasız yatılı,yönlendirme
lezbiyen,sevici,yönlendirme
lezbiyenizm,sevicilik,yönlendirme
lezbiyenlik,sevicilik,yönlendirme
libaslı,giysili,yönlendirme
libassız,giysisiz,yönlendirme
liberal,liberalist,anlam içi
liberal,hoşgörülü,yönlendirme
liberalizm,serbestlik,anlam içi
liberalizm,devletçilik,anlam içi
liberalizm,toplumculuk karşıtı,anlam içi
liberalizm,liberasyon,anlam içi
lider,önder,yönlendirme
lider,reis,anlam içi
liderlik,önderlik,yönlendirme
liet,şarkı,yönlendirme
lif,tel,yönlendirme
likidasyon,tasfiye,yönlendirme
likit,sıvı,yönlendirme
likit,nakit,yönlendirme
likit gaz ,sıvılaştırılmış petrol gazı,yönlendirme
likit petrol gazı ,sıvılaştırılmış petrol gazı,yönlendirme
lime,parça,yönlendirme
limit,sınır,yönlendirme
limitet,sınırlı,yönlendirme
limitet ortaklık,limitet şirket,anlam içi
limnoloji,göl bilimi,yönlendirme
limnolojik,göl bilimsel,yönlendirme
limon,sulu zırtlak,anlam içi
limoni,limon rengi,yönlendirme
limonluk,sera,yönlendirme
limonluk,limon bahçesi,anlam içi
limonsu,limonumsu,anlam içi
limon asidi,limon tuzu,yönlendirme
limon kabuğu,limonu çevreleyen kabuk,anlam içi
limon tozu,limon tuzu,yönlendirme
lineer cebir ,doğrusal cebir,yönlendirme
liparit,riyolit,yönlendirme
lipom,yağ uru,yönlendirme
lira,teklik,anlam içi
lira,cumhuriyet altını,yönlendirme
lira,sarı lira,yönlendirme
liralık,sarı lira,yönlendirme
liste,dizelge,anlam içi
literatür,kaynak,yönlendirme
litografya,taş basması,yönlendirme
litoloji,taş bilimi,yönlendirme
litolojik,taş bilimsel,yönlendirme
litosfer,taş yuvarı,yönlendirme
liva,sancak,yönlendirme
liva,tugay,yönlendirme
liva,tuğgeneral,yönlendirme
liyakatsizlik,değimsizlik,anlam içi
logaritma cetveli ,logaritma tablosu,yönlendirme
logaritma tablosu,logaritma cetveli,anlam içi
logo,imlek,yönlendirme
loğ,loğ taşı,anlam içi
loğ,yuvgu,anlam içi
loğ,yuvak,anlam içi
loğ taşı ,loğ,yönlendirme
lohusa otu,zeravent (Aristolochia),anlam içi
lojik,mantıklı,yönlendirme
lojik,mantık,yönlendirme
lojistik,modern mantık,yönlendirme
lokal,dernekevi,yönlendirme
lokal anestezi ,bölgesel anestezi,yönlendirme
lokanta,restoran,anlam içi
lokatif,bulunma durumu,yönlendirme
lokavt,iş bıraktırımı,anlam içi
lokma,sokum,anlam içi
lokma,lokma tatlısı,yönlendirme
lokma göz,patlak göz,yönlendirme
lokma gözlü,patlak gözlü,yönlendirme
lokum,latilokum,anlam içi
lolo,lololo,anlam içi
longoz,subasar,yönlendirme
lop,löp,anlam içi
lopur,löpür,anlam içi
lopur lopur,löpür löpür,anlam içi
lop et,löp et,anlam içi
lop lop,löp löp,anlam içi
lot,tutam,yönlendirme
löp et ,lop et,yönlendirme
luti,oğlancı,yönlendirme
lutr,su samuru,yönlendirme
lügat,sözlük,yönlendirme
lügatçi,sözlükçü,yönlendirme
lügatçilik,sözlükçülük,yönlendirme
lüks,lüks lambası,anlam içi
lüks mevki,birinci mevki,yönlendirme
lüle lüle,kıvrım kıvrım,yönlendirme
lüle taşı,aktaş,anlam içi
lüle taşı,patal,anlam içi
lüle taşı,magnezit,anlam içi
lüle taşı,manyezit,anlam içi
lütfetmek,vermek,yönlendirme
lütfetmek,söylemek,yönlendirme
lütfeyleme,verme,yönlendirme
lütfeylemek,vermek,yönlendirme
lüzucet,yapışkanlık,yönlendirme
lüzucetli ,yapışkan,yönlendirme
lüzuci,yapışkan,yönlendirme
lüzumlu lüzumsuz,gerekli gereksiz,yönlendirme
lüzumsuzca,gereksizce,yönlendirme
lüzumsuz adam,lüzumsuz insan,yönlendirme
lüzumsuz insan ,lüzumsuz adam,anlam içi
maalesef,maatteessüf,anlam içi
maaşsız,aylıksız,yönlendirme
mabet,tapınak,anlam içi
mabet ağacı,Çin çamı (Ginkgo biloba),anlam içi
mabude,tanrıça,yönlendirme
Macar,Macaristanlı,anlam içi
macera,serüven,anlam içi
macera,sergüzeşt,anlam içi
maceracı,serüvenci,anlam içi
maceracı,sergüzeştçi,anlam içi
maceracı,maceraperest,anlam içi
maceracılık,maceraperestlik,anlam içi
maceracılık,serüvencilik,anlam içi
maceracılık,sergüzeştçilik,anlam içi
maceralı,serüvenli,anlam içi
macerasız,serüvensiz,anlam içi
maça,pik,anlam içi
madam,madama,anlam içi
madde,özdek,anlam içi
maddeci,özdekçi,anlam içi
maddecilik,özdekçilik,anlam içi
maddecilik,materyalistlik,anlam içi
maddesel,maddi,yönlendirme
maddi,özdeksel,anlam içi
maddi,manevi karşıtı,anlam içi
maddilik,maddesellik,anlam içi
maddilik,maddiyet,anlam içi
madem,mademki,anlam içi
madensi,madenimsi,anlam içi
madenî,madensel,anlam içi
maden cevheri,maden filizi,anlam içi
maden kömürü,taş kömürü,yönlendirme
maden ocağı,maden kuyusu,anlam içi
madenî para,demir para,anlam içi
madenî para,sikke,anlam içi
madenî yün,maden yünü,yönlendirme
maestro,orkestra şefi,yönlendirme
maestroluk,orkestra şefliği,yönlendirme
mafevk,üst,yönlendirme
magazinel,magazinsel,yönlendirme
magmatik,magmasal,anlam içi
mağara,in,anlam içi
mağduriyet,mağdurluk,yönlendirme
mağrurane,mağrurca,yönlendirme
mağrurca,mağrurcasına,anlam içi
mahallî seçim,yerel seçim,yönlendirme
mahcubane,mahcupça,yönlendirme
mahcubiyet,utangaçlık,yönlendirme
mahcup,utangaç,yönlendirme
mahcupluk,utangaçlık,yönlendirme
mahdum,oğul,yönlendirme
mahdut,sayılı,yönlendirme
mahir,usta,anlam içi
mahiyet,özlük,anlam içi
mahiyet,vasıf,anlam içi
mahkeme,yargı yeri,anlam içi
mahkeme,yargıevi,anlam içi
mahkeme,mahkeme kapısı,anlam içi
mahkeme,yargılama,yönlendirme
mahkeme masrafı,dava gideri,yönlendirme
mahkûm,mecbur,anlam içi
mahlas,takma ad,yönlendirme
mahlep,İdris ağacı,yönlendirme
mahluk,yaratık,yönlendirme
mahmul,yüklem,yönlendirme
mahmur çiçeği,çiğdem,yönlendirme
mahmuzlamak,topuklamak,anlam içi
mahpus,mapus,anlam içi
mahrama,makrama,anlam içi
mahreç,payda,yönlendirme
mahrem,sırdaş,yönlendirme
mahrukat,yakacak,yönlendirme
mahsul,ürün,yönlendirme
mahsul,verim,yönlendirme
mahsuldar,verimli,yönlendirme
mahsus,özgü,yönlendirme
mahsus,münhasır,anlam içi
mahsus,özel,yönlendirme
mahsus,özellikle,yönlendirme
mahsus,şakadan,yönlendirme
mahzun,üzgün,yönlendirme
mahzunane,mahzunca,yönlendirme
mahzur,sakınca,yönlendirme
mahzurlu,sakıncalı,yönlendirme
maiyet,tevabi,anlam içi
makam,mansıp,anlam içi
makam,post,anlam içi
makam,makam odası,yönlendirme
makam,ziyaret yeri,anlam içi
makam arabası,makam otomobili,anlam içi
makam ödeneği,makam tazminatı,yönlendirme
makas,sındı,anlam içi
makasçı,makastar,anlam içi
makaslı böcek,yereşeği (Lucanius),anlam içi
makas hakkı,makas payı,yönlendirme
Makedon,Makedonyalı,anlam içi
makineli,makineli tüfek,yönlendirme
makro,"büyük, mikro karşıtı",yönlendirme
makro,"geniş, mikro karşıtı",yönlendirme
maksi,uzun,yönlendirme
maksi,uzun etek,yönlendirme
maksimal,maksimum,yönlendirme
maksi etek,uzun etek,yönlendirme
maktu fiyat,kesin fiyat,yönlendirme
makule,ulam,yönlendirme
makyaj yapmak,makyajlamak,anlam içi
Makyavelcilik,Makyavelizm,anlam içi
Makyavelist,Makyavelci,yönlendirme
malakâr,ustukacı,anlam içi
malakâri,ustuka,anlam içi
malarya,sıtma,yönlendirme
malca,malen,anlam içi
malgama,amalgam,anlam içi
mali,finansal,anlam içi
mali,parasal,yönlendirme
malihülya,kuruntu,yönlendirme
malik,sahip,yönlendirme
malikâne,yurtluk,anlam içi
maliyet fiyatı,doğal fiyat,anlam içi
maliyet fiyatı,normal fiyat,anlam içi
mali belge,mali senet,anlam içi
Malkar,Balkar,yönlendirme
Malkarca,Karaçay-Balkar Türkçesi,yönlendirme
Malkar Türkçesi ,Karaçay-Balkar Türkçesi,yönlendirme
Maltız,Maltalı,yönlendirme
malul,sökel,anlam içi
maluliyet,sakatlık,yönlendirme
malullük,sakatlık,yönlendirme
malum,etken fiil,yönlendirme
mal beyanı,mal bildirimi,yönlendirme
mal varlığı,mamelek,anlam içi
manalı,manalıca,anlam içi
manasızcasına,anlamsızca,yönlendirme
manda,su sığırı,anlam içi
manda,kömüş (Buffelus),anlam içi
mandacı,mandater,anlam içi
mandal ,sofra bezi,yönlendirme
manevi,ruhani,anlam içi
manevi,maddi karşıtı,anlam içi
manevra,tatbikat,yönlendirme
manevra fişeği,manevra mermisi,anlam içi
manevra mermisi ,manevra fişeği,yönlendirme
mangal kömürü,odun kömürü,yönlendirme
mangan,manganez,yönlendirme
manganez,mangan (simgesi Mn),anlam içi
mangır,para,yönlendirme
mangiz,para,yönlendirme
mango,Hint kirazı,yönlendirme
manifatura,yırtım,anlam içi
manifaturacı,yırtımcı,anlam içi
manifaturacılık,yırtımcılık,anlam içi
Manihaizm,Manicilik,yönlendirme
manipülatör,yönlendirici,yönlendirme
manita,sevgili,yönlendirme
manita,manitacılık,yönlendirme
manşon,el kürkü,anlam içi
mantar,mantar hastalığı,yönlendirme
mantarımsı,mantarsı,yönlendirme
mantar bilimci,mikolog,anlam içi
mantar hastalığı,küflüce,anlam içi
mantar meşesi,sezü  (Quercus suber),anlam içi
mantıkça,mantıken,anlam içi
mantıki,mantıklı,yönlendirme
mantıklı,mantıksal,anlam içi
mantıklılık,mantıksallık,anlam içi
mantıksal zekâ ,sayısal zekâ,yönlendirme
mantıksızcasına,mantıksızca,yönlendirme
manyetik kartuş,manyetik kaset,anlam içi
manzara,tablo,yönlendirme
manzume,şiir,yönlendirme
mapushane,cezaevi,yönlendirme
maraba,ortakçı,yönlendirme
marangoz balığı,testere balığı,yönlendirme
maranta,ararot kamışı (Maranta arundinaca),anlam içi
marazi,sayrıl,anlam içi
mareşal,müşir,anlam içi
mareşallik,müşirlik,anlam içi
margarit,koyungözü,yönlendirme
marina,yat limanı,yönlendirme
marj,pay,yönlendirme
markaj,tutma,yönlendirme
markalaşmak,marka olmak,anlam içi
markka,mark,anlam içi
Marksçı,Marksist,anlam içi
Marksçılık,Marksizm,anlam içi
Mars,Merih,anlam içi
marsıvan ayısı,marsıvan eşeği,yönlendirme
marşandiz,yük treni,yönlendirme
martaval,palavra,yönlendirme
martavalcı,palavracı,yönlendirme
martavalcılık,palavracılık,yönlendirme
marulcuk,çöpleme,yönlendirme
maruzat,sunuş,anlam içi
mas,soğurma,yönlendirme
masa,düzlek yapı,yönlendirme
masalsı,masalımsı,anlam içi
masaüstü,masaüstü bilgisayar,yönlendirme
masaüstü bilgisayar ,masaüstü,anlam içi
masa futbolu ,langırt,yönlendirme
masa tenisi,masa topu,anlam içi
masa tenisi,pinpon,anlam içi
masif,som,yönlendirme
maskara,şebek,anlam içi
maskot,uğurluk,yönlendirme
mason locası,loca,anlam içi
massetme,soğurma,yönlendirme
massetmek,soğurmak,yönlendirme
mastar,ad-fiil,yönlendirme
mastı çiçeği,öküzgözü,yönlendirme
mastika,sakız rakısı,yönlendirme
mastor,mastur,anlam içi
masturi,mastori,yönlendirme
mastürbasyon,onanizm,anlam içi
masumane,masumca,yönlendirme
masumca,masumcasına,anlam içi
masumiyet,masumluk,yönlendirme
maşalamak,maşa yapmak,anlam içi
maşerî,toplumsal,yönlendirme
matador,boğa güreşçisi,yönlendirme
matafora,ocaklık punteli,yönlendirme
matara,suluk,yönlendirme
matem,yas,yönlendirme
matematik,riyaziye,anlam içi
matematikçi,riyaziyeci,anlam içi
matematikçi,matematisyen,anlam içi
matematiksel,riyazi,anlam içi
matematiksel zekâ ,sayısal zekâ,yönlendirme
matemli,yaslı,yönlendirme
materyalist,maddeci,yönlendirme
materyalizm,maddecilik,yönlendirme
matine,gündüz gösterimi,yönlendirme
matizlik,sarhoşluk,yönlendirme
matris,dizey,anlam içi
matruş,tıraşlı,yönlendirme
maun,akaju (Swietenia mahagoni),anlam içi
mavera,öte,yönlendirme
maveraileşmek ,uhrevileşmek,yönlendirme
maveraileşme ,uhrevileşme,yönlendirme
mavi,mai,anlam içi
mavibalina,gökbalina. (Balaenoptera musculus),anlam içi
mavikantaron,peygamber çiçeği,anlam içi
mavikantaron,acımık (Centaurea cyanus),anlam içi
mavimtırak,mavimsi,yönlendirme
mayalanma,tahammür,anlam içi
mayhoş,limoni,yönlendirme
mayi,sıvı,yönlendirme
maymun,primat,anlam içi
maymuncuk,tavşan anahtarı,anlam içi
maymunlar,primatlar,anlam içi
maymunsu,maymunumsu,anlam içi
mayt ,akar,yönlendirme
mazarrat,zarar,yönlendirme
mazbata,tutanak,yönlendirme
mazeret,özür,yönlendirme
mazeretli,mazur,anlam içi
mazeret imtihanı ,mazeret sınavı,yönlendirme
mazeret sınavı ,engel sınavı,anlam içi
mazeret sınavı ,mazeret imtihanı,anlam içi
mazgal,mazgal deliği,yönlendirme
mazgal deliği ,mazgal,anlam içi
mazgal dişi ,mazgal siperi,yönlendirme
mazgal siperi ,mazgal dişi,anlam içi
mazi,geçmiş zaman,yönlendirme
maznun,sanık,yönlendirme
mazoşist,özezer,yönlendirme
mazoşizm,özezerlik,yönlendirme
mazruf,zarflı,yönlendirme
mazuryum,teknetyum,yönlendirme
mealen,anlamca,yönlendirme
mebde,kaynak,yönlendirme
mebiz,yumurtalık,yönlendirme
meblağ,tutar,yönlendirme
mecal,takat,yönlendirme
mecalsiz,takatsiz,yönlendirme
mecalsizleşme,takatsizleşme,yönlendirme
mecalsizleşmek,takatsizleşmek,yönlendirme
mecalsizleştirme,takatsizleştirme,yönlendirme
mecalsizleştirmek,takatsizleştirmek,yönlendirme
mecalsizlik,takatsizlik,yönlendirme
mecaz,metafor,anlam içi
mecazımürsel,ad aktarması,anlam içi
mecbur,eli mahkûm,anlam içi
mecburi,zorunlu,yönlendirme
mecburiyet,zorunluluk,yönlendirme
mecburiyet,yükümlülük,yönlendirme
meccani,parasız,yönlendirme
meclis,sahne,yönlendirme
meclup,tutkun,yönlendirme
mecmu,toplam,yönlendirme
mecnunane,mecnunca,yönlendirme
mecnunca,mecnuncasına,anlam içi
mecra,yatak,yönlendirme
mecruh,yaralı,yönlendirme
medeni,uygar,yönlendirme
medenice ,uygarca,yönlendirme
medenileşme,uygarlaşma,yönlendirme
medenileşmek,uygarlaşmak,yönlendirme
medenileştirme,uygarlaştırma,yönlendirme
medenileştirmek,uygarlaştırmak,yönlendirme
medenilik,uygarlık,yönlendirme
medeniyet,uygarlık,yönlendirme
medeniyetçi,uygarlıkçı,yönlendirme
medeniyetçilik,uygarlıkçılık,yönlendirme
medeniyet yuları ,kravat,yönlendirme
medeni nikâh,resmî nikâh,yönlendirme
medih,övme,yönlendirme
mefhum,kavram,yönlendirme
mefkûre,ülkü,yönlendirme
meftun,vurgun,yönlendirme
meftuniyet,tutkunluk,yönlendirme
meftunluk,tutkunluk,yönlendirme
meful,tümleç,yönlendirme
megakent,megapol,anlam içi
meğer,meğerse,anlam içi
meğer,meğersem,anlam içi
meğersem ,meğer,yönlendirme
mehil,önel,anlam içi
mehter,mehter takımı,yönlendirme
mehteran bölüğü ,mehter takımı,yönlendirme
mehterhane,mehter takımı,yönlendirme
mehter musikisi,mehter müziği,yönlendirme
mehter takımı,mehteran bölüğü,anlam içi
mehter takımı,nakkarhane,anlam içi
mekanikçilik,mekanizm,anlam içi
mekanikçilik,devimselcilik karşıtı,anlam içi
mekik,uzay gemisi,yönlendirme
mektep,okul,yönlendirme
mektepli,öğrenci,yönlendirme
mektep çocuğu,öğrenci,yönlendirme
mektep kaçağı,okul kaçağı,yönlendirme
mektup,name,anlam içi
mektup,varakpare,anlam içi
mekân,uzay,yönlendirme
mekân zarfı,yer zarfı,yönlendirme
melal,usanç,yönlendirme
melce,sığınak,yönlendirme
melek,ferişte,anlam içi
meleke,yeti,yönlendirme
melez,hibrit,anlam içi
melez,metis,anlam içi
melezleşmek,hibritleşmek,anlam içi
melezlik,kırmalık,anlam içi
melisa,oğul otu,yönlendirme
meltem,briz,anlam içi
melul,üzgün,yönlendirme
melun,lanetli,yönlendirme
mel mel,bel bel,yönlendirme
memat,ölüm,yönlendirme
memba,kaynak,yönlendirme
memecik,memecik zeytini,yönlendirme
memecik zeytini ,memecik,anlam içi
memişhane,tuvalet,yönlendirme
memleha,tuzla,yönlendirme
memleket,ülke,yönlendirme
memleket,yurt,anlam içi
memleketler arası,uluslararası,yönlendirme
memleketli,toprak,anlam içi
memleketli,yerdeş,anlam içi
memnu,yasak,yönlendirme
memnuiyet,yasaklık,yönlendirme
memnuluk,yasaklık,yönlendirme
memnuniyetle,memnunlukla,anlam içi
memnu meyve,yasak meyve,yönlendirme
memnu mıntıka,yasak bölge,yönlendirme
memur,yükümlü,yönlendirme
memuriyet,memurluk,yönlendirme
men,yasaklama,yönlendirme
menajer,yönetici,yönlendirme
mendil yaka ,şal yaka,yönlendirme
menedilmek,yasaklanmak,yönlendirme
menetmek,yasaklamak,yönlendirme
menevişleme,hareleme,yönlendirme
menevişlemek,harelemek,yönlendirme
menevişsiz ,haresiz,yönlendirme
menfa,sürgün,yönlendirme
menfi,olumsuz,yönlendirme
menfur,tiksindirici,yönlendirme
mengene,pres,yönlendirme
menhus,uğursuz,yönlendirme
meni,sperm,anlam içi
meni,sperma,anlam içi
menkul,taşınır,yönlendirme
menolunmak,yasaklanmak,yönlendirme
menopoz,yaş dönümü,anlam içi
menopoz,âdetgörmezlik,anlam içi
mensubiyet,mensupluk,yönlendirme
mensur şiir,şiirce,anlam içi
menşur,prizma,yönlendirme
menteşe,reze,anlam içi
mentörlük,yönderlik,yönlendirme
menus,öğür,yönlendirme
menü,yemek listesi,yönlendirme
menzilci,menzil emini,yönlendirme
menzil beygiri ,menzil atı,anlam içi
menzil emini ,menzilci,anlam içi
mera,otlak,yönlendirme
meraklı,mütecessis,anlam içi
meram,istek,yönlendirme
merasim,tören,yönlendirme
merasimli,törenli,yönlendirme
merasimsiz,törensiz,yönlendirme
merasim kılıcı ,tören kılıcı,yönlendirme
mercan,mercan balığı (Corallium rubrum),anlam içi
mercan,mercan balığı (Pagrus pagrus),anlam içi
mercananaeli,havvaanaeli,yönlendirme
mercanköşk,şile,anlam içi
mercanköşk,yayla kekiği,anlam içi
mercanköşk,merzengûş (Origanum majorana),anlam içi
mercan balığı,mercan,yönlendirme
mercek,lens,anlam içi
mercimek,yasmık,anlam içi
merdiven,badal,anlam içi
merdivenimsi,merdivensi,yönlendirme
merdiven korkuluğu,tırabzan,anlam içi
meret,uğursuz,yönlendirme
merhaba,selam,yönlendirme
merhametsiz,katı kalpli,anlam içi
merhametsiz,taş yürekli,anlam içi
merhametsiz,taş kalpli,anlam içi
merhametsizce,merhametsizcesine,anlam içi
merhametsizce,kalpsizce,anlam içi
merhametsizlik,katı yüreklilik,anlam içi
merhametsizlik,katı kalplilik,anlam içi
merhametsizlik,taş yüreklilik,anlam içi
merhametsizlik,taş kalplilik,anlam içi
merhum,rahmetli,anlam içi
merhum,rahmetlik,anlam içi
merhume,rahmetli,anlam içi
merhume,rahmetlik,anlam içi
meridyen çemberi,öğlen çemberi,anlam içi
meridyen düzlemi,öğlen,anlam içi
meridyen düzlemi,nısfınnehar,anlam içi
merinos koyunu,merinos,yönlendirme
meristem,sürgen doku,yönlendirme
merkez,özek,anlam içi
merkez,polis karakolu,yönlendirme
merkezci,merkeziyetçi,yönlendirme
merkezcilik,merkeziyetçilik,yönlendirme
merkeziyet,merkeziyetçilik,yönlendirme
merkeziyetçi,üniter,anlam içi
merkezkaç,santrifüj,anlam içi
merkezleme,merkezleştirme,yönlendirme
merkezlemek,merkezleştirmek,yönlendirme
merkezlenmek,temerküz etmek,anlam içi
merkezî işlem birimi ,işlemci,yönlendirme
merkezî yönetim,merkezî idare,anlam içi
Merkür,Utarit,anlam içi
mermersi,mermerimsi,anlam içi
mersin,mersin ağacı,anlam içi
mersin,sazak (Myrtus communis),anlam içi
mersin balığı,kolan balığı (Acipenser sturio),anlam içi
mert,yiğit,yönlendirme
mertlik,yiğitlik,yönlendirme
meryemana asması,akasma,yönlendirme
merzengûş,mercanköşk,yönlendirme
mesafe,resmiyet,anlam içi
mesafe,uzaklık,yönlendirme
mesaha,yüz ölçümü,yönlendirme
mesane,idrar torbası,yönlendirme
mesela,söz gelişi,yönlendirme
mesele,sorun,yönlendirme
mesele,problem,yönlendirme
meselesizlik,sorunsuzluk,yönlendirme
meserret,sevinç,yönlendirme
meskenet,yoksulluk,yönlendirme
Mesket Türkleri,Ahıska Türkleri,yönlendirme
meskûn mahal,yerleşim merkezi,yönlendirme
meslek,öğreti,yönlendirme
mesleki,mesleksel,anlam içi
mesrur,sevinçli,yönlendirme
mest,sarhoş,yönlendirme
mesudane,mesutça,yönlendirme
mesul,sorumlu,yönlendirme
mesuliyet,sorumluluk,yönlendirme
mesuliyetli,sorumlu,yönlendirme
mesuliyetsiz,sorumsuz,yönlendirme
mesuliyetsizlik,sorumsuzluk,yönlendirme
mesut,mutlu,yönlendirme
meşale,yanarca,anlam içi
meşe palamudu,palamut,yönlendirme
meşgale,uğraşı,yönlendirme
meşguliyet,uğraş,yönlendirme
meşhur,ünlü,yönlendirme
meşhurluk,ünlülük,yönlendirme
meşhut suç,suçüstü,yönlendirme
meşihat,şeyhlik,yönlendirme
meşihat,şeyhülislamlık,yönlendirme
meşru,yasal,yönlendirme
meşruiyet,meşruluk,yönlendirme
meşrut,şartlı,yönlendirme
meşruten tahliye,şartlı tahliye,yönlendirme
meşum,uğursuz,yönlendirme
met,"kabarma, cezir karşıtı",yönlendirme
meta,sermaye,yönlendirme
metal,maden,anlam içi
metalik,madenî,yönlendirme
metaloit,metalsi,yönlendirme
metalsi,madensi,anlam içi
metalürjik,metal bilimsel,yönlendirme
metal bilimi,metalürji,anlam içi
metan,bataklık gazı (CH4),anlam içi
metanetli,dayanıklı,yönlendirme
metanol,odun ruhu,yönlendirme
metapsişik,ruhötesi,yönlendirme
metatez,göçüşme,yönlendirme
metazori,zorla,yönlendirme
meteliksiz,züğürt,yönlendirme
meteliksizlik,züğürtlük,yönlendirme
meteorolog,hava tahmincisi,yönlendirme
methetmek,övmek,yönlendirme
methiye,övgü,yönlendirme
metin,tekst,anlam içi
metodik,yöntemli,yönlendirme
metodoloji,yöntem bilimi,yönlendirme
metodolojik,yöntem bilimsel,yönlendirme
metot,yöntem,yönlendirme
metotlu,yöntemli,yönlendirme
metotsuz,yöntemsiz,yönlendirme
metotsuzluk,yöntemsizlik,yönlendirme
metres,mantinota,anlam içi
metres,zamazingo,anlam içi
metres,zamkinos,anlam içi
metre sistemi,metrik sistem,anlam içi
metrik,ölçümlü,yönlendirme
metro,yer altı treni,anlam içi
metroloji,ölçü bilimi,yönlendirme
mevcudiyet,varlık,yönlendirme
mevcudiyet,varoluş,yönlendirme
mevduat,tevdiat,anlam içi
mevduat,yatırım,yönlendirme
mevhibeiilahiye,Tanrı vergisi,yönlendirme
mevize,vaaz,yönlendirme
mevize,öğüt,yönlendirme
mevki,yer,yönlendirme
mevki,makam,yönlendirme
mevkuf,tutuklu,yönlendirme
mevkufiyet,tutukluluk,yönlendirme
mevkut,süreli,yönlendirme
mevkute,süreli yayın,yönlendirme
Mevlâna şekeri ,peynir şekeri,anlam içi
mevsim,sezon,anlam içi
mevsim,sürem,anlam içi
mevsimlik,mevsimsel,anlam içi
mevsimlik,sezonluk,anlam içi
mevsuf,tamlanan,yönlendirme
mevsuk,sağlam,yönlendirme
mevt,ölüm,yönlendirme
mevzi,yer,yönlendirme
mevzii,yerel,yönlendirme
mevzubahis,söz konusu,yönlendirme
mevzun,ölçülü,yönlendirme
mey,şarap,yönlendirme
meyan,meyan kökü,yönlendirme
meyan kökü,meyan (I) (Glycyrrhiza glabra),anlam içi
meydan muharebesi,meydan savaşı,yönlendirme
meyhaneci otu,çobandüdüğü,yönlendirme
meyillenmek ,meyletmek,yönlendirme
meyletme,temayül,anlam içi
meyletmek,meyillenmek,anlam içi
meymenet,uğur,yönlendirme
meymenetli,uğurlu,yönlendirme
meymenetlilik,uğurluluk,yönlendirme
meymenetsiz,uğursuz,yönlendirme
meymenetsizce,uğursuzca,yönlendirme
meymenetsizlik,uğursuzluk,yönlendirme
meyus,üzgün,yönlendirme
meyusiyet,üzüntü,yönlendirme
meyve,yemiş,anlam içi
meyve,ürün,yönlendirme
meyveci,yemişçi,anlam içi
meyvedar,meyveli,yönlendirme
meyvehoş,kuru yemiş,yönlendirme
meyveli,yemişli,anlam içi
meyvelik,yemişlik,anlam içi
meyve şekeri,levüloz,anlam içi
meyyit,ölü,yönlendirme
mezar,kara toprak,anlam içi
mezar,kara yer,anlam içi
mezar,kabir,anlam içi
mezar,sin,anlam içi
mezar,ebedî istirahatgâh,anlam içi
mezar,makber,anlam içi
mezar,metfen,anlam içi
mezaristan,mezarlık,yönlendirme
mezar soygunculuğu,kefen soyuculuk,anlam içi
mezar soygunculuğu,nebbaşlık,anlam içi
mezar soyguncusu,ölü soyucu,anlam içi
mezar soyguncusu,kefen soyucu,anlam içi
mezar soyguncusu,nebbaş,anlam içi
mezbaha,kesimevi,yönlendirme
mezgit,tavuk balığı (Gadus merlangus),anlam içi
mezhebî,mezhepsel,yönlendirme
mezhep,öğreti,yönlendirme
mezhepsel ,mezhebî,anlam içi
mezoderm,orta deri,yönlendirme
mezosfer,orta yuvar,yönlendirme
mezozoik,İkinci Çağ,yönlendirme
mezun,yetkili,anlam içi
mezuniyet,yetki,yönlendirme
mezura,mezür,anlam içi
mezür,ölçü,yönlendirme
mıhbaşı ,mıhtepesi (Marasmius oreades),anlam içi
mıhçı ,çivici,yönlendirme
mıhtepesi ,mıhbaşı,yönlendirme
mıknatısi,manyetik,yönlendirme
mıknatısiyet,mıknatıslık,yönlendirme
mırıldanma,mırlanma,anlam içi
mırıldanmak,mırlanmak,anlam içi
mırın kırın,nazlanma,yönlendirme
mısdak,ölçüt,yönlendirme
mısır,lazut (Zea mays),anlam içi
mısırtavuğu,hindi,yönlendirme
Mısır baklası,termiye,yönlendirme
Mısır fulü,Hint fulü,yönlendirme
mısır koçanı ,koçan,anlam içi
Mısır turnası,ibis,yönlendirme
Mısır yasemini,yasemin,yönlendirme
mıskal,musikar,anlam içi
mızıkçı,oyunbozan,yönlendirme
mızıkçılık,oyunbozanlık,yönlendirme
mızıldanma,mızırdanma,yönlendirme
mızıldanmak,mızırdanmak,yönlendirme
mızırdanma,sızıldanma,anlam içi
mızırdanmak,sızıldanmak,anlam içi
mızmızlanmak,mızmızlık etmek,anlam içi
mızrap,tezene,anlam içi
mızrap,zahme,anlam içi
mızrap,pena,anlam içi
mide,karın,anlam içi
mide,işkembe,anlam içi
midi,orta,yönlendirme
migren,yarım baş ağrısı,yönlendirme
miğfer,tolga,anlam içi
mihenk,mihenk taşı,yönlendirme
mihnet,sıkıntı,yönlendirme
mihrak,odak,yönlendirme
mihver,önemli,yönlendirme
mikoloji,mantar bilimi,yönlendirme
mikrobik,mikroplu,yönlendirme
mikrokredi,işçelik,yönlendirme
mikrometre,mikron,yönlendirme
mikrop,intan,anlam içi
mikroplu,intani,anlam içi
mikropsuzlaştırma,sterilleştirme,anlam içi
mikropsuzlaştırmak,sterilleştirmek,anlam içi
miktar,nicelik,yönlendirme
mikâp,küp,yönlendirme
milattan önce,kablelmilat,anlam içi
milattan sonra,badelmilat,anlam içi
milföy,milföy hamuru,yönlendirme
milim,milimetre,yönlendirme
milimi milimine,tamamen,yönlendirme
millet,ulus,anlam içi
milletçe,ulusça,anlam içi
milletlerarası,uluslararası,yönlendirme
milletlerarasıcı,uluslararasıcı,yönlendirme
milletlerarasıcılık,uluslararasıcılık,yönlendirme
milletlerarasılaşma ,uluslararasılaşma,yönlendirme
milletlerarasılaştırılmak ,uluslararasılaştırılmak,yönlendirme
milletlerarası hakem ,uluslararası hakem,yönlendirme
milletleşebilmek ,uluslaşabilmek,anlam içi
milletleşebilme ,uluslaşabilme,anlam içi
milletsever,ulussever,anlam içi
milletseverlik,ulusseverlik,anlam içi
milletsiz ,ulussuz,anlam içi
millettaş,ulustaş,anlam içi
milletvekili,saylav,anlam içi
milletvekili,mebus,anlam içi
milletvekili,vekil,anlam içi
milletvekili,parlamenter,anlam içi
milletvekili dokunulmazlığı ,yasama dokunulmazlığı,yönlendirme
milletvekilliği,mebusluk,anlam içi
milletvekilliği,parlamenterlik,anlam içi
milliyetçi,ulusçu,anlam içi
milliyetçi,ulusalcı,anlam içi
milliyetçi,milliyetsever,anlam içi
milliyetçi,milliyetperver,anlam içi
milliyetçi,nasyonalist,anlam içi
milliyetçilik,ulusçuluk,anlam içi
milliyetçilik,ulusalcılık,anlam içi
milliyetçilik,milliyetseverlik,anlam içi
milliyetçilik,milliyetperverlik,anlam içi
milliyetçilik,nasyonalizm,anlam içi
millî,ulusal,anlam içi
millîleşme,ulusallaşma,anlam içi
millîleşmek,ulusallaşmak,anlam içi
millîleştirilme,ulusallaştırılma,anlam içi
millîleştirilmek,ulusallaştırılmak,anlam içi
millîleştirmek,ulusallaştırmak,anlam içi
millîlik,ulusallık,anlam içi
millîlik,milliyet,anlam içi
millî bayram ,Cumhuriyet Bayramı,yönlendirme
millî değer,ulusal değer,anlam içi
millî eğitim,ulusal eğitim,anlam içi
millî ekonomi,ulusal ekonomi,anlam içi
millî ekonomi,millî iktisat,anlam içi
millî gelir,ulusal gelir,anlam içi
millî güvenlik,ulusal güvenlik,anlam içi
millî hüviyet,millî kimlik,yönlendirme
millî irade,ulusal irade,anlam içi
millî kimlik,ulusal kimlik,anlam içi
millî marş,ulusal marş,anlam içi
Millî Misak,Misakımillî,yönlendirme
millî müdafaa,millî savunma,yönlendirme
millî park,ulusal park,anlam içi
millî savunma,ulusal savunma,anlam içi
millî takım,ulusal takım,anlam içi
millî varlık,ulusal varlık,anlam içi
mimari,mimarlık,yönlendirme
mimari,yapı,yönlendirme
mimoza,gümüşi akasya (Mimosa),anlam içi
minakop,gölge balığı (umbrina cirrosa),yönlendirme
mineral bilimci,minerolog,anlam içi
mineral bilimi,maden bilimi,anlam içi
mineral bilimi,mineroloji,anlam içi
minerolojik,mineral bilimsel,yönlendirme
minerolojik,maden bilimsel,yönlendirme
minicik,küçücük,yönlendirme
minimal,minimum,yönlendirme
minimini,küçücük,yönlendirme
mink,vizon,yönlendirme
minkale,iletki,yönlendirme
minnettarane,minnettarca,yönlendirme
minnettarlık,şükran,anlam içi
minör,küçük önerme,yönlendirme
minüskül,küçük harf,yönlendirme
minval,tarz,yönlendirme
miras,kalıt,anlam içi
miras,tereke,anlam içi
mirasçı,kalıtçı,anlam içi
mirasçı,vâris,anlam içi
mirliva,tuğgeneral,yönlendirme
mirlivalık,tuğgenerallik,yönlendirme
mis,misk,anlam içi
misal,örnek,yönlendirme
misil,kat,yönlendirme
misilleme,kısasa kısas,yönlendirme
misket,misket üzümü,yönlendirme
misket bombası ,salkım bombası,anlam içi
misket üzümü,mis üzümü (Vitis rotundifolia),anlam içi
miskince,miskinane,anlam içi
miskinhane,miskinler tekkesi,yönlendirme
miskinlik,meskenet,anlam içi
mis üzümü,misket üzümü,yönlendirme
mit,mitos,anlam içi
mitoz,karyokinez,yönlendirme
miyar,ölçüt,yönlendirme
miyokart,kalp kası,yönlendirme
mizaç,huy,yönlendirme
mizaçsız,keyifsiz,yönlendirme
mizahsı,mizahımsı,anlam içi
mizan,terazi,yönlendirme
mizan,ölçü,yönlendirme
mizan,sağlama,yönlendirme
mizanpaj,sayfalama,yönlendirme
mizansen,düzentileme,yönlendirme
mizansen,düzenti,yönlendirme
mizantrop,merdümgiriz,yönlendirme
mobilya,möble,anlam içi
mobilyalı,möbleli,anlam içi
mobilyasız,möblesiz,anlam içi
moda,nevzuhur,anlam içi
model,örnek,anlam içi
model,manken,yönlendirme
model,prototip,anlam içi
modelaj,oylumlama,yönlendirme
modem,çevirge,yönlendirme
modül,parça,yönlendirme
modüler,parçalı,yönlendirme
Moldovalı,Moldovan,anlam içi
molekül,madde,anlam içi
moloz,inşaat atığı,anlam içi
monadizm,monatçılık,yönlendirme
monarşi,tek erklik,anlam içi
monarşist,tek erkçi,anlam içi
monarşizm,tek erkçilik,anlam içi
monatçı,monadist,anlam içi
monist,tekçi,yönlendirme
monitör,göstergeç,yönlendirme
monizm,tekçilik,yönlendirme
monoblok,tekgövde,yönlendirme
monogam,tek eşli,yönlendirme
monogami,tek eşlilik,yönlendirme
monopol,tekel,yönlendirme
monoteist,tek tanrıcı,yönlendirme
monoteizm,tek tanrıcılık,yönlendirme
monoton,tekdüze,yönlendirme
monotonlaşma,tekdüzeleşme,yönlendirme
monotonlaşmak,tekdüzeleşmek,yönlendirme
monotonlaştırma,tekdüzeleştirme,yönlendirme
monotonlaştırmak,tekdüzeleştirmek,yönlendirme
monotonluk,tekdüzelik,yönlendirme
mont,montgomer,anlam içi
montaj,monte,anlam içi
moral,maneviyat,anlam içi
morartı,morluk,yönlendirme
moratoryum,erteletim,yönlendirme
morfoloji,yapı bilimi,yönlendirme
morfoloji,biçim bilgisi,yönlendirme
morfolojik,yapı bilimsel,yönlendirme
morötesi,ultraviyole,anlam içi
mors,denizaygırı (Odobenus rosmarus),anlam içi
Mors,Mors alfabesi,yönlendirme
mortlamak,ölmek,yönlendirme
morto,ölü,yönlendirme
moruklaşma,yaşlanma,yönlendirme
moruklaşmak,yaşlanmak,yönlendirme
morumsu,morumtırak,anlam içi
Moskof,Rus,yönlendirme
Moskofluk,Rusluk,yönlendirme
motif,örge,anlam içi
motivasyon,isteklendirme,yönlendirme
motivasyon,güdüleme,yönlendirme
motor,motosiklet,yönlendirme
motorin,mazot,yönlendirme
motorlu paraşüt ,paramotor,anlam içi
motorlu tren,mototren,anlam içi
motor yağı,yağ,anlam içi
muaheze,kınama,yönlendirme
muallel,sakat,yönlendirme
muallim,öğretmen,yönlendirme
muallime,(kadın) öğretmen,yönlendirme
muallimlik,öğretmenlik,yönlendirme
muamele,işlem,yönlendirme
muammalı,tekinsiz,yönlendirme
muammalı,bilmeceli,yönlendirme
muannit,İnatçı,yönlendirme
muattar,ıtırlı,yönlendirme
muavenet,yardım,yönlendirme
muavin,yardımcı,yönlendirme
muavin,şoför muavini,yönlendirme
muayene,sağlık muayenesi,anlam içi
muazzez,yüce,yönlendirme
mubassır,sürveyan,anlam içi
mucit,yaratıcı,yönlendirme
mucize,tansık,anlam içi
mucizeli,mucizevi,anlam içi
mucur,mıcır,yönlendirme
muço,miço,yönlendirme
muflon,yaban koyunu,yönlendirme
mugalata,yanıltmaca,yönlendirme
muganni,şarkıcı,yönlendirme
muhabbet,sevgi,yönlendirme
muhabbet,yârenlik,yönlendirme
muhabbet tellalı,pezevenk,yönlendirme
muhabere memuru,telgrafçı,yönlendirme
muhafaza,saklama,yönlendirme
muhafazakâr,tutucu,yönlendirme
muhafazakârlık,tutuculuk,yönlendirme
muhakeme,yargılama,yönlendirme
muhakeme,usa vurma,yönlendirme
muhakeme usulü,yargı yolu,yönlendirme
muhakkik,soruşturmacı,yönlendirme
Muhammedî,Müslüman,yönlendirme
muharip,savaşçı,yönlendirme
muharrem,matem ayı,anlam içi
muhasara,kuşatma,yönlendirme
muhasebeci,sayman,yönlendirme
muhasebecilik,saymanlık,yönlendirme
muhasip,sayman,yönlendirme
muhasiplik,saymanlık,yönlendirme
muhatara,tehlike,yönlendirme
muhatara,zarar,yönlendirme
muhataralı,tehlikeli,yönlendirme
muhayyerlik,seçme hakkı,yönlendirme
muhkem,sağlam,yönlendirme
muhrik,yakıcı,yönlendirme
muhtar,mahalle muhtarı,anlam içi
muhtar,özerk,yönlendirme
muhtariyet,özerklik,yönlendirme
muhtekir,vurguncu,yönlendirme
muhtemel,olası,anlam içi
muhtemel,olasılı,anlam içi
muhtemel,ihtimalli,anlam içi
muhtemel,mümkün,anlam içi
muhtemelen,ihtimalen,anlam içi
muhterem,saygıdeğer,yönlendirme
muhteremlik,saygıdeğerlik,yönlendirme
muhteris,açgözlü,yönlendirme
muhterislik,açgözlülük,yönlendirme
muhtıra,memorandum,anlam içi
muhtıra,nota,anlam içi
muhtıra,andıç,yönlendirme
muin,yardımcı,yönlendirme
mukaddem,önceki,yönlendirme
mukaddem,öncül,yönlendirme
mukaddes,kutsal,yönlendirme
mukaddime,ön söz,yönlendirme
mukallit,taklitçi,yönlendirme
mukarenet,yaklaşma,yönlendirme
mukarenet,yakınlık,yönlendirme
mukarenet,uygunluk,yönlendirme
mukassi,sıkıntılı,yönlendirme
mukataa,kesim,yönlendirme
mukavele,sözleşme,yönlendirme
mukaveleli,sözleşmeli,yönlendirme
mukavelename,sözleşme,yönlendirme
mukavelesiz,sözleşmesiz,yönlendirme
mukavves,kavisli,yönlendirme
mukavvi,güçlendirici,yönlendirme
mukayeseli edebiyat ,karşılaştırmalı edebiyat,yönlendirme
mukayyet,kayıtlı,yönlendirme
mukoza,sümük doku,yönlendirme
muktesit,tutumlu,yönlendirme
multimedya,çoklu ortam,yönlendirme
multivizyon,çoklu gösterim,yönlendirme
mum,şem,anlam içi
mumbar dolması ,mumbar,anlam içi
mumbar dolması ,şirden dolması,anlam içi
mumluk,şamdan,yönlendirme
munis,sıcakkanlı,yönlendirme
munis,uysal,yönlendirme
murabaha,tefecilik,yönlendirme
murabahacı,tefeci,yönlendirme
murabahacılık,tefecilik,yönlendirme
murabıt,marabut,yönlendirme
murahhas aza,murahhas üye,yönlendirme
murana,şakıt  (Muraena),anlam içi
murdarilik,omurilik,yönlendirme
musalla,namazgâh,yönlendirme
musandıra,yüklük,yönlendirme
musanna,sanatlı,yönlendirme
musanna,uydurma,yönlendirme
musanna,yapıntılı,yönlendirme
musavver,resimli,yönlendirme
Musevi,Yahudi,yönlendirme
Musevilik,Yahudilik,yönlendirme
Mushaf,Kur'an,yönlendirme
Mushaf-ı Şerif,Kur'an,yönlendirme
musibet,uğursuz,yönlendirme
musiki,müzik,yönlendirme
muska,hamayıl,anlam içi
muskat ,Hint cevizi,yönlendirme
musluk,lavabo,yönlendirme
muşamba,linolyum,yönlendirme
muştu,sava,anlam içi
muştu,müjde,anlam içi
muştucu,savacı,anlam içi
muştucu,müjdeci,anlam içi
muştulama,müjdeleme,anlam içi
muştulama,tebşir,anlam içi
muştulamak,müjdelemek,anlam içi
muştulanma,müjdelenme,anlam içi
muştulanmak,müjdelenmek,anlam içi
muştulu,müjdeli,anlam içi
muştuluk,müjde,anlam içi
muştuluk,müjdelik,anlam içi
mut,mutluluk,yönlendirme
muta,veri,yönlendirme
muta,muta nikâhı,yönlendirme
mutabakat,uzlaşma,yönlendirme
mutabakat,uygunluk,yönlendirme
mutabakat,uyum,yönlendirme
mutabık,uygun,yönlendirme
mutariza,yay ayraç,yönlendirme
mutasarrıf,sancak beyi,yönlendirme
mutasarrıflık,sancak,yönlendirme
mutasavvıf,İslam gizemcisi,anlam içi
mutasavvıf,sufi,anlam içi
mutavaat fiili,dönüşlü fiil,yönlendirme
mutçu,evdemonist,anlam içi
muteber,saygın,yönlendirme
mutena,seçkin,yönlendirme
mutlak,salt,yönlendirme
mutlak,saltık,anlam içi
mutlakçı,saltçı,yönlendirme
mutlakçılık,saltçılık,yönlendirme
mutlakiyet,saltçılık,yönlendirme
mutlak değer,salt değer,yönlendirme
mutlak nem,salt nem,yönlendirme
mutlak sıcaklık,salt sıcaklık,yönlendirme
mutlak sıfır,salt sıfır,yönlendirme
mutlu,saadetli,anlam içi
mutluluk,saadet,anlam içi
mutluluk,saadetlilik,anlam içi
mutsuz,saadetsiz,anlam içi
mutsuz,kara bahtlı,yönlendirme
mutsuzluk,saadetsizlik,anlam içi
muttarit,tekdüze,yönlendirme
muvacehe,yüzleşme,yönlendirme
muvafakatname,muvafakat belgesi,yönlendirme
muvafakat belgesi ,muvafakatname,anlam içi
muvafık,uygun,yönlendirme
muvakkit,kronometre,anlam içi
muvasala,ulaşım,yönlendirme
muzaffer,utkulu,anlam içi
muzafferane,muzafferce,yönlendirme
muzafferlik,utkululuk,anlam içi
muzır,zararlı,yönlendirme
muzır neşriyat ,muzır yayın,yönlendirme
muzır yayın,muzır neşriyat,anlam içi
muzip,takılgan,anlam içi
muziplik,takılganlık,anlam içi
muzlim,uğursuz,yönlendirme
muzumsu,muzsu,yönlendirme
mübarek,uğurlu,yönlendirme
mübayaa,satın alma,yönlendirme
mücadele,savaş,anlam içi
mücadele,savaşım,anlam içi
mücadeleci,savaşımcı,anlam içi
mücadelecilik,savaşımcılık,anlam içi
mücbir,zorlayıcı,yönlendirme
mücerret,soyut,yönlendirme
mücevher mahfazası,mücevher kutusu,yönlendirme
mücrim,suçlu,yönlendirme
müdafaa,savunma,yönlendirme
müdafaaname,savunma,yönlendirme
müdafi,savunucu,yönlendirme
müdahil,katılan,anlam içi
müdavim,devamcı,anlam içi
müdavimlik,devamcılık,anlam içi
müddeiumumi,savcı,yönlendirme
müddeiumumilik,savcılık,yönlendirme
müddet,süre,yönlendirme
müddetli,süreli,yönlendirme
müddetsiz,süresiz,yönlendirme
müdebbir,tedbirli,yönlendirme
müdrike,anlık,yönlendirme
müdrir,idrar söktürücü,yönlendirme
müdüriyet,müdürlük,yönlendirme
müdür muavini,müdür yardımcısı,yönlendirme
müeddep,uslu,yönlendirme
müezzinlik,ezancılık,anlam içi
müfettiş,denetmen,anlam içi
müfret,teklik,yönlendirme
müfteri,karalamacı,yönlendirme
müge,inci çiçeği,yönlendirme
mühimsemezlik,önemsemezlik,yönlendirme
mühlet,vade,yönlendirme
mühliye,mülhiye,yönlendirme
mühtedilik,dönmelik,yönlendirme
mühür,kaşe,anlam içi
mühürleme,temhir,anlam içi
mühür beyti,karalama beyti,anlam içi
mühür beyti,imza beyti,anlam içi
mükemmeliyet,mükemmellik,yönlendirme
mükerrer,tekrarlı,yönlendirme
müktesep hak,kazanılmış hak,yönlendirme
mükâfatlandırıcı,ödüllendirici,yönlendirme
mülahham,şişman,yönlendirme
mülakat,röportaj,yönlendirme
mülazım,teğmen,yönlendirme
mülevven,renkli,yönlendirme
mülhiye,mühliye (Corchorus olitorius),anlam içi
mülk,ülke,yönlendirme
mülkiyet,sahiplik,yönlendirme
mülteci,sığınmacı,yönlendirme
mültefit,iltifatkâr,yönlendirme
mümas,teğet,yönlendirme
mümbit,verimli,yönlendirme
mümessil,temsilci,yönlendirme
mümessillik,temsilcilik,yönlendirme
mümin,Müslüman,yönlendirme
mümtaz,seçkin,yönlendirme
münakalat,ulaştırma,yönlendirme
münakale,ulaşım,yönlendirme
münakaşa,tartışma,yönlendirme
münakaşalı,tartışmalı,yönlendirme
münasebetsiz,uygunsuz,yönlendirme
münasebetsiz,ters,yönlendirme
münebbih,uyarıcı,yönlendirme
münferiden,tek başına,yönlendirme
münhasır,sınırlı,yönlendirme
münteha,son,yönlendirme
müntehap,seçilmiş,yönlendirme
müntehap,seçme,yönlendirme
müntehip,seçmen,yönlendirme
mürdüm,mürdüm eriği,yönlendirme
mürdümük,akburçak (Lathyrus sativus),anlam içi
mürekkep balığı,sübye (Sepia officinalis),anlam içi
mürekkep cümle ,birleşik cümle,yönlendirme
mürekkep fiil ,birleşik fiil,yönlendirme
mürekkep isim ,birleşik ad,yönlendirme
mürekkep makam ,birleşik makam,yönlendirme
mürekkep zaman ,birleşik çekim,yönlendirme
müruruzaman,süre aşımı,yönlendirme
müsademe,uğraşma,yönlendirme
müsadere,zor alım,yönlendirme
müsamahakârlık,hoşgörülülük,yönlendirme
müsamahasızca,hoşgörüsüzce,yönlendirme
müseccel,sicilli,anlam içi
müsekkin,sakinleştirici,yönlendirme
müselles,üçgen,yönlendirme
müselles,üçlü,yönlendirme
müsellesat,trigonometri,yönlendirme
müsemmen,sekizli,yönlendirme
Müslim,Müslüman,yönlendirme
Müslüman,Müselman,anlam içi
Müslümanlaştırma,İslamlaştırma,anlam içi
Müslümanlaştırmak,İslamlaştırmak,anlam içi
müsmir,verimli,yönlendirme
müspet ilimler,pozitif bilimler,yönlendirme
müsrif,tutumsuz,yönlendirme
müsriflik,tutumsuzluk,yönlendirme
müstahsil,üretici,yönlendirme
müstahzar,preparat,anlam içi
müstantik,sorgu yargıcı,yönlendirme
müstantiklik,sorgu yargıçlığı,yönlendirme
müstear,takma,yönlendirme
müstebit,zorba,yönlendirme
müstebitlik,zorbalık,yönlendirme
müstehlik,tüketici,yönlendirme
müstemleke,sömürge,yönlendirme
müstemlekeci,sömürgeci,yönlendirme
müstemlekecilik,sömürgecilik,yönlendirme
müstensih,teksir makinesi,yönlendirme
müstevli,salgın,yönlendirme
müşahhas,somut,yönlendirme
müşareket,işteş çatı,yönlendirme
müşareket fiili,işteş fiil,yönlendirme
müşfik,sevecen,yönlendirme
müşkül,zor,yönlendirme
müşkül,zorluk,yönlendirme
müşkül,sorun,yönlendirme
müşkülleşme,zorlaşma,yönlendirme
müşkülleşmek,zorlaşmak,yönlendirme
müşkülpesent,güçbeğenir,yönlendirme
müşkülpesent,titiz,yönlendirme
müştak,kökteş,yönlendirme
müştak,türev,yönlendirme
müşteki,şikâyetçi,yönlendirme
müteaddi,geçişli,yönlendirme
müteahhit,yüklenici,yönlendirme
mütecaviz,saldırgan,yönlendirme
müteessir,üzüntülü,yönlendirme
mütegallibe,zorba,yönlendirme
mütehammil,dayanıklı,yönlendirme
mütehassıs,uzman,yönlendirme
mütehassıslık,uzmanlık,yönlendirme
mütekabiliyet,karşılıklılık,yönlendirme
mütemadi,sürekli,yönlendirme
mütemadiyen,sürekli,yönlendirme
mütemmim,tümleç,yönlendirme
müteselsil,zincirleme,yönlendirme
müteverrim,veremli,yönlendirme
müteyakkız,uyanık,yönlendirme
müvellidülhumuza,oksijen,yönlendirme
müvellidülma,hidrojen,yönlendirme
müverrih,tarihçi,yönlendirme
müvesvislik,kuruntululuk,yönlendirme
müzakere,oylaşma,anlam içi
müzikçi,müzisyen,yönlendirme
müzikçilik,müzisyenlik,yönlendirme
müziksel zekâ ,işitsel zekâ,yönlendirme
müzik bilimci,müzikolog,anlam içi
müzik bilimi,müzikoloji,anlam içi
müzmin,süreğen,yönlendirme
müzminleşme,süreğenleşme,yönlendirme
müzminleşmek,süreğenleşmek,yönlendirme
müzminleştirme,süreğenleştirme,yönlendirme
müzminleştirmek,süreğenleştirmek,yönlendirme
müzminlik,süreğenlik,yönlendirme
naçar,çaresiz,anlam içi
nadim,pişman,anlam içi
nadir,turfa,anlam içi
nadir,seyrek,yönlendirme
nadiren,seyrek,yönlendirme
nahırcı,sığırtmaç,yönlendirme
nahif,zayıf,yönlendirme
nakdî ceza,para cezası,yönlendirme
nakıs,noksan,anlam içi
nakışçı,nakkaş,anlam içi
nakil vasıtası,taşıt,yönlendirme
nakkare,çifte nakkare,anlam içi
nakliyat,taşımacılık,yönlendirme
nakliyatçı,taşımacı,yönlendirme
nakliyatçılık,Taşımacılık,yönlendirme
nakliyeci,taşımacı,yönlendirme
nakliyecilik,taşımacılık,yönlendirme
naklî mazi,duyulan geçmiş zaman,yönlendirme
Nakşibendi,Nakşi,anlam içi
Nakşibendilik,Nakşilik,anlam içi
nal,nalça,anlam içi
nalın,takunya,yönlendirme
nalıncı,takunyacı,yönlendirme
nalıncılık,takunyacılık,yönlendirme
nalınlı,takunyalı,yönlendirme
nam,ün,yönlendirme
namağlup,yenilgisiz,yönlendirme
namahrem,yabancı,yönlendirme
namaz,salat,anlam içi
namazlık,seccade,yönlendirme
namaz bezi,namaz örtüsü,yönlendirme
namdar,ünlü,yönlendirme
namlı,ünlü,yönlendirme
namuslu,namuskâr,anlam içi
namusluluk,namuskârlık,anlam içi
namussuzca,namussuzcasına,anlam içi
namus belası,ar belası,anlam içi
namus sözü,şeref sözü,anlam içi
namünasip,uygunsuz,yönlendirme
namüsait,elverişsiz,anlam içi
namütenahi,sonsuz,yönlendirme
namütenahilik,sonsuzluk,yönlendirme
nanay,yok,yönlendirme
nankör,iyilikbilmez,yönlendirme
nankörce,nankörcesine,anlam içi
nankörlük,küfranlık,anlam içi
narcıl,Hindistan cevizi,yönlendirme
narenciye,turunçgiller,yönlendirme
narenç,turunç,yönlendirme
nargile tütünü,tömbeki,yönlendirme
narin,nazenin,anlam içi
narkotik,uyuşturucu,yönlendirme
narkozcu,narkozitör,anlam içi
narval,nar balinası (Monodon monoceros),anlam içi
narven,karaağaç,yönlendirme
nar balinası,narval,yönlendirme
nasıl,nice,anlam içi
nasırlanma,nasırlaşma,yönlendirme
nasırlanmak,nasırlaşmak,yönlendirme
nasiplilik,kısmetlilik,yönlendirme
natürmort,ölüdoğa,anlam içi
navigatör,yolbil,yönlendirme
nazar boncuğu,uğur boncuğu,anlam içi
nazende çiçeği ,ıtırşahi,yönlendirme
nazım,şiir,yönlendirme
nazik,tetik,anlam içi
nazikâne,nazikçe,yönlendirme
Nazist,Hitlerci,anlam içi
Nazizm,Hitlercilik,anlam içi
nazlı,nazende,anlam içi
nazlı,nazenin,anlam içi
nazlı,nazik,anlam içi
ne,nasıl,yönlendirme
ne,neden,yönlendirme
nebati yağ ,bitkisel yağ,yönlendirme
nedamet,pişmanlık,yönlendirme
neden,sebep,yönlendirme
neden,niçin,yönlendirme
nedeniyle,sebebiyle,yönlendirme
nedenli,sebepli,yönlendirme
nedenli,niçinli,yönlendirme
nedense,her nasılsa,anlam içi
nedense,her ne hikmetse,anlam içi
nedense,her nedense,anlam içi
nedensiz,sebepsiz,yönlendirme
nedensiz,niçinsiz,yönlendirme
nedensizlik,sebepsizlik,yönlendirme
nedensiz yere ,boşuna,yönlendirme
neden bilimi,sebep bilimi,anlam içi
neden bilimsel,sebep bilimsel,anlam içi
nedret,azlık,anlam içi
nedret,seyreklik,anlam içi
nefes,soluk,yönlendirme
nefesi kuvvetli,nefesi keskin,anlam içi
nefesli,üflemeli,yönlendirme
nefesli sazlar,üflemeli sazlar,yönlendirme
nefes borusu,soluk borusu,yönlendirme
nefes darlığı,soluk darlığı,anlam içi
nefes nefese,soluk soluğa,yönlendirme
nefis müdafaası,nefsi müdafaa,anlam içi
nefiy,sürgün,anlam içi
nefiy,olumsuzluk,yönlendirme
nefiy,yadsıma,yönlendirme
nefret,tiksinme,yönlendirme
nefsani,nefsî,yönlendirme
neft,neft yağı,anlam içi
nefyedilmek,sürülmek,anlam içi
negatif,olumsuz,yönlendirme
negatif,"eksi, pozitif karşıtı",yönlendirme
nekre,nükteci,yönlendirme
nekrelik,nüktecilik,yönlendirme
nekrofil,ölü sevici,yönlendirme
nekrofili,ölü sevicilik,yönlendirme
nem,rutubet,anlam içi
nemalanmak,nasiplenmek,yönlendirme
Nemçe,Nemse,anlam içi
neme lazım,neme gerek,anlam içi
neme lazımcı,neme gerekçi,anlam içi
neme lazımcılık,neme gerekçilik,anlam içi
nemlendirme,rutubetlendirme,anlam içi
nemlendirmek,rutubetlendirmek,anlam içi
nemlenme,rutubetlenme,anlam içi
nemlenmek,rutubetlenmek,anlam içi
nemli,rutubetli,anlam içi
nemli,ratıp,anlam içi
nemli,kuru karşıtı,anlam içi
nemlilik,rutubetlilik,anlam içi
nene,nine,yönlendirme
neolojizm,türenti,yönlendirme
neon,neon lambası,yönlendirme
neoplazma,ur,yönlendirme
neredeyse,az daha,anlam içi
neredeyse,bayağı,anlam içi
neredeyse,kıl payı,anlam içi
nergis zambağı,güzelhatun çiçeği (Amaryllis),anlam içi
nervürlü demir,nervürlü çelik,yönlendirme
nesep,soy,yönlendirme
nesne,parça,anlam içi
nesne,obje,anlam içi
nesnel,objektif,anlam içi
nesnel,öznel karşıtı,anlam içi
nesnelci,objektivist,anlam içi
nesnelcilik,objektivizm,anlam içi
nesnellik,objektiflik,anlam içi
nesnellik,objektivite,anlam içi
nesne grubu,nesne öbeği,yönlendirme
neşe,şetaret,anlam içi
neşeli,pürneşe,anlam içi
net,safi,anlam içi
netice,sonuç,yönlendirme
neticelendirme,sonuçlandırma,yönlendirme
neticelendirmek,sonuçlandırmak,yönlendirme
neticeleniş,sonuçlanış,yönlendirme
neticelenme,sonuçlanma,yönlendirme
neticelenmek,sonuçlanmak,yönlendirme
neticesiz,sonuçsuz,yönlendirme
neticesizlik,sonuçsuzluk,yönlendirme
nevazil,nezle,yönlendirme
nevaziş,nüvaziş,anlam içi
nevazişli,nüvazişli,anlam içi
nevmit,umutsuz,yönlendirme
nevrasteni,sinir argınlığı,anlam içi
nevropat,sinir hastası,yönlendirme
nevroz,sinirce,anlam içi
nevruz,nevruz otu,yönlendirme
nevruz otu,nevruz (Linaria vulgaris),anlam içi
nezafet,temizlik,yönlendirme
nezaket,naziklik,anlam içi
nezaret,nezarethane,yönlendirme
nezaretli,manzaralı,anlam içi
nezaretsiz,manzarasız,anlam içi
nezle,tumağı,anlam içi
nezle,çaputlama,anlam içi
nezle,zükâm,anlam içi
nezle otu,pisik otu,yönlendirme
nez hâli,hâletinez,anlam içi
nice,birçok,yönlendirme
nicel,kantitatif,anlam içi
nicelik,kantite,anlam içi
nicelik,ulam,yönlendirme
niçin,neye,anlam içi
niçin,niye,anlam içi
nida,ünlem,yönlendirme
nihayet,son,yönlendirme
nihayetinde,sonunda,yönlendirme
nikap,peçe,anlam içi
nikâh,evlilik akdi,anlam içi
ninelik,büyükannelik,anlam içi
nisaiye,kadın hastalıkları,yönlendirme
nisanbalığı,nisan bir,yönlendirme
nisan bir şakası,nisan bir,yönlendirme
nispet eki,kurşunî,anlam içi
nispet eki,gümüşî vb,anlam içi
nispet i'si,nispet eki,yönlendirme
nisyan,unutma,yönlendirme
nişan,devlet nişanı,yönlendirme
nişancı,tevkici,anlam içi
nişancı,tuğrakeş,anlam içi
nişancılık,tuğrakeşlik,anlam içi
nişane,nişangâh,yönlendirme
nişanlamak,nişan koymak,anlam içi
nişanlılık,yavukluluk,anlam içi
nişan halkası,nişan yüzüğü,yönlendirme
nite,nasıl,yönlendirme
nitel,kalitatif,anlam içi
nitelendirilme,vasıflandırılma,anlam içi
nitelendirilmek,vasıflandırılmak,anlam içi
nitelendirme,vasıflandırma,anlam içi
nitelendirmek,vasıflandırmak,anlam içi
nitelenme,vasıflanma,anlam içi
nitelenmek,vasıflanmak,anlam içi
nitelik,vasıf,anlam içi
nitelik,renk,anlam içi
nitelik,ulam,yönlendirme
nitelikli,vasıflı,anlam içi
nitelikli,muttasıf,anlam içi
niteliklilik,kalitelilik,anlam içi
niteliklilik,vasıflılık,anlam içi
nitelikli işçi,kalifiye eleman,anlam içi
nitelikli işçi,vasıflı işçi,anlam içi
niteliksiz,vasıfsız,anlam içi
niteliksizlik,vasıfsızlık,anlam içi
nitrik asit,kezzap (HNO3),anlam içi
nitrojen,azot,yönlendirme
niyabet,naiplik,yönlendirme
niyet,plan,yönlendirme
niyobyum,kolombiyum (simgesi Nb),anlam içi
nizamname,tüzük,yönlendirme
nobran,nadan,anlam içi
nobranca,nadanca,anlam içi
nobranlık,nadanlık,anlam içi
Noel gülü,karaçöpleme,yönlendirme
Nogayca,Nogay Türkçesi,yönlendirme
Nogay Türkçesi ,Nogayca,anlam içi
nohudi,nohut rengi,yönlendirme
nokta,nöbetçi,yönlendirme
noktalama,tenkit,anlam içi
noktalama işareti,nokta,anlam içi
noktalama işareti,virgül,anlam içi
noktalama işareti,noktalı virgül,anlam içi
noktalama işareti,iki nokta,anlam içi
noktalama işareti,üç nokta,anlam içi
noktalama işareti,soru işareti,anlam içi
noktalama işareti,ünlem işareti,anlam içi
nominal,saymaca,yönlendirme
norm,düzgü,anlam içi
normal,olağan,anlam içi
normalüstü,sıra dışı,yönlendirme
nostalji,geçmişseverlik,anlam içi
nostalji,gündedün,anlam içi
notalama,notasyon,anlam içi
noter,noterlik,anlam içi
not döküm belgesi ,transkript,anlam içi
nöbetleşe,münavebeli,anlam içi
nöbetleşme,münavebe,anlam içi
nöroloji,sinir bilimi,yönlendirme
nörolojik,sinir bilimsel,yönlendirme
nörotik karakter,nörotik kişilik,anlam içi
nötr,tarafsız,yönlendirme
nuhuset,uğursuzluk,yönlendirme
numune,örnek,yönlendirme
numunelik,örneklik,yönlendirme
nuruaynım,gözümün nuru,yönlendirme
nuruçeşmim,gözümün nuru,yönlendirme
nurudidem,gözümün nuru,yönlendirme
nutuk,söylev,yönlendirme
nübüvvet,peygamberlik,yönlendirme
nüfus,popülasyon,anlam içi
nüfus cüzdanı,nüfus kâğıdı,anlam içi
nüfus cüzdanı,nüfus tezkeresi,anlam içi
nüfus kesafeti,nüfus yoğunluğu,yönlendirme
nüfuzsuz,erksiz,anlam içi
nükteci,nüktedan,anlam içi
nükteli,nüktedan,anlam içi
nükûl,vazgeçme,yönlendirme
nüsha,sayı,yönlendirme
nütasyon,üğrüm,yönlendirme
nüvaziş ,nevaziş,yönlendirme
objektif,"nesnel, subjektif karşıtı",yönlendirme
obsidiyen,cam kaya,yönlendirme
obskürantizm,bilmesinlercilik,yönlendirme
obtüratör,örtücü,yönlendirme
oburca,oburcasına,anlam içi
ocak,ocaklık,anlam içi
ocak,şömine,yönlendirme
ocak,ikinci kânun,anlam içi
ocak,son kânun,anlam içi
ocaklık,mutfak,yönlendirme
ocaklık punteli ,matafora,anlam içi
ocak çekirgesi ,cırcır böceği,yönlendirme
odacılık,hizmetlilik,yönlendirme
odak,fokus,anlam içi
odaklama,fokuslama,anlam içi
odaklamak,fokuslamak,anlam içi
odaklama aygıtı ,odaklayıcı,yönlendirme
odaklama cihazı ,odaklayıcı,yönlendirme
odaklanma,fokuslanma,anlam içi
odaklanmak,fokuslanmak,anlam içi
odaklanmak,odaklaşmak,anlam içi
odaklayıcı,odaklama aygıtı,anlam içi
odaklayıcı,odaklama cihazı,anlam içi
oda hizmetçisi ,vale,anlam içi
odontolog,diş cerrahı,anlam içi
odsuz,ateşsiz,yönlendirme
odunsu damarlar,odun damarları,yönlendirme
odunumsu,odunsu,yönlendirme
odun bilimi,ksiloloji,anlam içi
odun damarları ,odunsu damarlar,anlam içi
odun kafalı ,kalın kafalı,yönlendirme
odun kurdu ,tahta kurdu,yönlendirme
odun ruhu ,metanol,anlam içi
oftalmolog,göz bilimci,yönlendirme
oftalmolojik,göz bilimsel,yönlendirme
Oğlak,Oğlak Burcu,yönlendirme
oğlan,(iskambilde) bacak,yönlendirme
oğlancılık,lutilik,anlam içi
oğlancılık,livata,anlam içi
oğlanevi,erkekevi,anlam içi
oğul,zade,anlam içi
oğulcuk,rüşeym,anlam içi
oğulluk,üvey oğul,yönlendirme
oğul otu,melisa (Melissa officinalis),anlam içi
Oğuzca,Oğuz Türkçesi,yönlendirme
Oğuz Türkçesi ,Oğuzca,anlam içi
Oğuz Türkçesi ,Batı Türkçesi,anlam içi
oje,tırnak cilası,anlam içi
okaliptus,sıtma ağacı (Eucalyptus globulus),anlam içi
okar,telli balıkçıl,yönlendirme
okçuluk,kemankeşlik,anlam içi
okkalamak,pohpohlamak,yönlendirme
oklama,dart,yönlendirme
okluk,okdanlık,anlam içi
okluk,sadak,anlam içi
oksalik,oksalik asit,anlam içi
oksidiyon taşı,Oltu taşı,yönlendirme
oksijen,müvellidülhumuza (simgesi O),anlam içi
oksitleme,ekşime,anlam içi
oksitleme,yükseltgeme,anlam içi
oksitlemek,yükseltgemek,anlam içi
oksitlenme,yükseltgenme,anlam içi
oksitlenmek,yükseltgenmek,anlam içi
oksiyür,sivrikuyruk,yönlendirme
okşama,okşantı,anlam içi
okşamak,sevmek,anlam içi
okşamak,sıvazlamak,anlam içi
okumak,okuntu göndermek,anlam içi
okuma saati,okuma vakti,anlam içi
okunmak,okunulmak,yönlendirme
okur,okuyucu,yönlendirme
okuyucu,şarkıcı,yönlendirme
okuyucu,türkücü,yönlendirme
okyanus,umman,anlam içi
olabildiğince,hayli,anlam içi
olabilir,olur,anlam içi
olabilirlik,olurluk,anlam içi
olabilirlik,mümkünlük,anlam içi
olağan dışı,sıra dışı,yönlendirme
olağan dışılık,sıra dışılık,yönlendirme
olamamazlık,olamazlık,yönlendirme
olamaz,olanaksız,anlam içi
olanca,son,anlam içi
olası,mümkün,yönlendirme
olasıcı,probabilist,anlam içi
olasıcılık,probabilizm,anlam içi
olay,vaka,anlam içi
olay çıkarmak,hadise çıkarmak,anlam içi
olay yapmak,sorun çıkarmak,anlam içi
oldu,başüstüne,yönlendirme
oldubitti,olupbitti,anlam içi
oldubittiye getirmek,emrivaki yapmak,anlam içi
olduğu gibi,aynen,anlam içi
oldukça,olabildiğince,yönlendirme
oldum bittim,oldum olası,yönlendirme
oldum olası,oldum olasıya,anlam içi
oldurmak,olgunlaştırmak,yönlendirme
oleik,oleik asit,yönlendirme
olgu,vakıa,anlam içi
olgucu,pozitivist,anlam içi
olguculuk,pozitivizm,anlam içi
olgun,pişkin,anlam içi
olgunlaşma,tekemmül,anlam içi
olgunlaşma,tekâmül,anlam içi
olgunlaşmak,tekemmül etmek,anlam içi
olgunlaştırmak,pişirmek,anlam içi
olgunluk,kâmillik,anlam içi
olgunluk,tamlık,anlam içi
olgunluk çağı,olgunluk yaşı,anlam içi
oligarşi,takım erki,anlam içi
olivin,peridot,anlam içi
olmamazlık,olmazlık,yönlendirme
Oltu kebabı,cağ kebabı,anlam içi
Oltu kebabı,yatık döner,anlam içi
olumlu,müspet,anlam içi
olumlu,pozitif,anlam içi
olumluluk,müspetlik,anlam içi
olumlu eylem,olumlu fiil,yönlendirme
olumlu fiil,olumlu eylem: Söylemiş,anlam içi
olumlu fiil,yazacak vb,anlam içi
olumlu tümce,olumlu cümle,yönlendirme
olumsuzluk,menfilik,anlam içi
olumsuz eylem,olumsuz fiil,yönlendirme
olumsuz fiil,olumsuz eylem: Söylememeliydi,anlam içi
olumsuz fiil,hastalanmaz,anlam içi
olumsuz fiil,gelmeyince,anlam içi
olumsuz fiil,yorgun değildir gibi,anlam içi
olumsuz tümce,olumsuz cümle,yönlendirme
oluş,vuku,anlam içi
oluş,tekevvün,anlam içi
oluşma,oluş,anlam içi
oluşma,tekevvün,anlam içi
oluşma,teşekkül,anlam içi
oluşmak,teşekkül etmek,anlam içi
oluşum,teşekkül,anlam içi
oluşum,teşkil,anlam içi
ombre,krepe balyaj,yönlendirme
omurga,belkemiği,yönlendirme
omuzdaşlık,ayaktaşlık,anlam içi
omuzdaşlık,tesanüt,anlam içi
omuzdaşlık,hempalık,anlam içi
omuz başı,yanı başı,yönlendirme
onama,tasvip,anlam içi
onamak,tasvip etmek,anlam içi
onarıcı,tamirci,anlam içi
onarım,tamirat,anlam içi
onarım,tamir,anlam içi
onarım,renovasyon,anlam içi
onarmak,tamir etmek,anlam içi
onarmak,restore etmek,anlam içi
onay,tasdik,anlam içi
onaylama,tasdikleme,anlam içi
onaylama,konfirmasyon,anlam içi
onaylama,sertifikasyon,anlam içi
onaylamak,tasdik etmek,anlam içi
onaylamak,tasdiklemek,anlam içi
onaylanış,tasdikleniş,anlam içi
onaylanma,tasdiklenme,anlam içi
onaylanmak,tasdiklenmek,anlam içi
onaylanmak,tasdik edilmek,anlam içi
onaylatılma,tasdikletilme,anlam içi
onaylatılmak,tasdikletilmek,anlam içi
onaylatma,tasdikletme,anlam içi
onaylatmak,tasdikletmek,anlam içi
onaylatmak,tasdik ettirmek,anlam içi
onaylattırılma,tasdiklettirilme,anlam içi
onaylattırılmak,tasdiklettirilmek,anlam içi
onaylı,tasdikli,anlam içi
onaylı,musaddak,anlam içi
onaysız,tasdiksiz,anlam içi
ondalık,komisyon,anlam içi
ondalık,öşür,yönlendirme
ondalık sistem,desimal,anlam içi
ongun,mutlu,yönlendirme
ongun,uğurlu,yönlendirme
ongun,totem,anlam içi
onguncu,totemci,yönlendirme
ongunculuk,totemcilik,yönlendirme
ongunluk,mutluluk,yönlendirme
onlarca,pek çok,yönlendirme
onma,şifa,anlam içi
onmak,salah bulmak,anlam içi
onmak,mutlu olmak,anlam içi
onmak,mesut olmak,anlam içi
onmak,şifa bulmak,anlam içi
onmak,felah bulmak,anlam içi
onomatope,yansımalı kelime,yönlendirme
ontoloji,varlık bilimi,yönlendirme
onur,şeref,yönlendirme
onurlandırma,şereflendirme,yönlendirme
onurlandırmak,şereflendirmek,yönlendirme
onurlanma,şereflenme,yönlendirme
onurlanmak,şereflenmek,yönlendirme
onurlu,şerefli,yönlendirme
onursal,fahri (başkanlık,anlam içi
onursal,üyelik,anlam içi
onursal,profesörlük vb. ünvan),anlam içi
onursuz,şerefsiz,yönlendirme
onursuzluk,şerefsizlik,yönlendirme
onur belgesi,şeref belgesi,yönlendirme
onur kıtası,tören birliği,yönlendirme
onur üyesi,şeref üyesi,yönlendirme
on binlerce,pek çok,yönlendirme
opal,panzehir taşı,anlam içi
operasyon,dizi eylem,yönlendirme
opsiyon,bekletme süresi,yönlendirme
opsiyon,seçenek,yönlendirme
opsiyon,ek gün,yönlendirme
opsiyon,ek süre,yönlendirme
optik kaydırma,zum,anlam içi
optimist,"iyimser, pesimist karşıtı",yönlendirme
optimum,uygun değer,yönlendirme
ora,orası,anlam içi
orak ayı,temmuz,yönlendirme
orak böceği,ağustos böceği,yönlendirme
oran,nispet,anlam içi
oran,rasyo,anlam içi
oran,orantı,yönlendirme
oranla,nispetle,anlam içi
oranla,nispeten,anlam içi
oranlı,nispetli,anlam içi
oranlı,mütevazin,anlam içi
oransız,nispetsiz,anlam içi
oransızlık,nispetsizlik,anlam içi
orantı,tenasüp,anlam içi
orantı,orta,anlam içi
orantılı,mütenasip,anlam içi
ordubozan,oyunbozan,yönlendirme
ordubozan,varis,yönlendirme
ordubozanlık,oyunbozanlık,yönlendirme
organ,örgen,anlam içi
organ,uzuv,anlam içi
organik,örgensel,anlam içi
organik,uzvi,anlam içi
organik kimya,uzvi kimya,anlam içi
organik tarım,ekolojik tarım,anlam içi
organizma,uzviyet,anlam içi
organ aktarımı,organ nakli,yönlendirme
organ nakli,transplantasyon,anlam içi
Orhun alfabesi ,Köktürk alfabesi,yönlendirme
Orhun Türkçesi ,Köktürk Türkçesi,yönlendirme
orijinal,özgün,yönlendirme
orijinal,otantik,yönlendirme
orijinalite,özgünlük,yönlendirme
orijinallik,özgünlük,yönlendirme
orkinos,ton balığı,yönlendirme
ormancı,orman muhafaza memuru,anlam içi
orman kuşağı,orman dizisi,anlam içi
orman sineği ,at sineği,yönlendirme
ornatmak,ikame etmek,anlam içi
ornitolog,kuş bilimci,yönlendirme
ornitoloji,kuş bilimi,yönlendirme
ornitorenk,gagalı memeli,yönlendirme
orospu çocuğu,orostopol,anlam içi
orsa,rüzgârüstü,anlam içi
orsa,boca veya rüzgâraltı karşıtı,anlam içi
orta,vasat,anlam içi
ortaç,sıfat-fiil,yönlendirme
ortak,şerik,anlam içi
ortak,partner,anlam içi
ortak,müşterek,anlam içi
ortakçılık,marabacılık,anlam içi
ortaklaşa,ortakça,anlam içi
ortaklaşa,müştereken,anlam içi
ortaklaşmak,kolektifleşmek,anlam içi
ortaklaştırma,kolektifleştirme,anlam içi
ortaklık,müşareket,anlam içi
ortaklık,şeriklik,anlam içi
ortaklık,şirket,anlam içi
ortalama,vasati,anlam içi
ortalık,piyasa,anlam içi
ortam,zemin,anlam içi
ortam,platform,anlam içi
ortaöğretim,orta tedrisat,anlam içi
orta ağırlık,orta sıklet,anlam içi
orta dalga,küçük dalga,anlam içi
Orta Doğu,Orta Şark,anlam içi
orta hizmeti,orta işi,yönlendirme
orta malı,hayat kadını,yönlendirme
orta mektep,ortaokul,yönlendirme
orta nokta,nokta,anlam içi
orta yuvarlak,santra,anlam içi
orta yuvarlak,santra yuvarlağı,anlam içi
ortoklaz,ortoz,anlam içi
oruçlu,niyetli,anlam içi
oruç açmak,iftar etmek,anlam içi
oryantasyon,uyumlanma,yönlendirme
oryantiring,yönbul,yönlendirme
Osmanlı,Osmani,anlam içi
Osmanlıca,Osmanlı Türkçesi,yönlendirme
osteolojik,kemik bilimsel,yönlendirme
osuruk mantarı ,kurt mantarı,yönlendirme
otalamak,otamak,yönlendirme
otarmak,otlatmak,yönlendirme
otçul,otobur,yönlendirme
otçullar,otoburlar,anlam içi
otçulluk,otoburluk,yönlendirme
otist,otizmli,yönlendirme
otistik,otizmli,yönlendirme
otlak,salmalık,anlam içi
otlak,örü,anlam içi
otoban,otoyol,yönlendirme
otobiyografi,öz yaşam öyküsü,yönlendirme
otobur,bitkicil,anlam içi
otodidakt,öz öğrenimli,yönlendirme
otodrag,kalkış yarışı,yönlendirme
otojestiyon,öz yönetim,yönlendirme
otokontrol,öz denetim,yönlendirme
otokritik,öz eleştiri,yönlendirme
otomasyon,özişler,yönlendirme
otomatik,otomatikman,yönlendirme
otonom,özerk,yönlendirme
otonomi,özerklik,yönlendirme
otopark,park yeri,anlam içi
otopark,park,anlam içi
otopsi,ölü açımı,anlam içi
otorite,sulta,anlam içi
otorite,velayet,anlam içi
otoriter,otoriteli,yönlendirme
ototrof,özbeslenen,yönlendirme
ototrofi,öz beslenme,yönlendirme
otsu,otsul,anlam içi
oturak,taban,anlam içi
oturak,ördek,yönlendirme
oturma,kuut,anlam içi
oturmalık,subasman,anlam içi
oturma duvarı,oturmalık,yönlendirme
oturmuş,stabil,anlam içi
oturum,seksiyon,anlam içi
oturum,seans,yönlendirme
oval,yumurtamsı,anlam içi
oval,söbe,anlam içi
oy,rey,anlam içi
oyalanmak,meşgul olmak,anlam içi
oya ağacı,Hint leylağı (Lagerstromeia indica),anlam içi
oydaş,fikirdeş,anlam içi
oydaşlık,düşündeşlik,anlam içi
oylumsuzluk,hacimsizlik,yönlendirme
oynanmak,sergilenmek,anlam içi
oynaşlık,aşna fişnelik,anlam içi
oysa,oysaki,anlam içi
oyulgalama,oyulgama,anlam içi
oyulgalamak,oyulgamak,anlam içi
oyun,temsil,anlam içi
oyun,piyes,anlam içi
oyuncu,aktör,anlam içi
oyuncu,aktris,anlam içi
oyunluk,sahne,yönlendirme
oyun konsolu ,konsol,anlam içi
oyun sahası,oyun alanı,yönlendirme
oy pusulası,oy kâğıdı,anlam içi
ozan,şair,yönlendirme
ozanca,şairane,yönlendirme
ozanlaşma,şairleşme,yönlendirme
ozanlaşmak,şairleşmek,yönlendirme
ozanlık,şairlik,yönlendirme
ozansı,şairimsi,yönlendirme
ozansılık,şairimsilik,yönlendirme
ozonlayıcı,ozonlama cihazı,yönlendirme
ozonometre,ozonölçer,yönlendirme
ozonosfer,ozon yuvarı,yönlendirme
o bakımdan,bundan dolayı,yönlendirme
o biçimde ,öyle,yönlendirme
o biçimde ,öylece,yönlendirme
o saat,o saatte,anlam içi
o sırada,o aralık,anlam içi
o şekilde ,öyle,yönlendirme
o şekilde ,öylece,yönlendirme
öbek,küme,yönlendirme
öbür,öteki,yönlendirme
öbürkü,öteki,yönlendirme
öbürü,öteki,yönlendirme
öcü,umacı,anlam içi
öd,safra,yönlendirme
öd,öd ağacı,yönlendirme
ödeme,tediye,anlam içi
ödemek,tediye etmek,anlam içi
ödemek,tazmin etmek,anlam içi
ödemek,ifa etmek,anlam içi
ödence davası,tazminat davası,yönlendirme
ödenek,tahsisat,anlam içi
ödev,vazife,anlam içi
ödevcil,vazifeşinas,anlam içi
ödevlendirilmek,vazifelendirilmek,anlam içi
ödevlendirmek,vazifelendirmek,anlam içi
ödevli,vazifeli,anlam içi
ödül,mükâfat,anlam içi
ödüllendirme,mükâfatlandırma,anlam içi
ödüllendirmek,mükâfatlandırmak,anlam içi
ödün,ödünleme,anlam içi
ödün,taviz,anlam içi
ödüncü,tavizci,anlam içi
ödüncü,tavizkâr,anlam içi
ödünlemek,taviz vermek,anlam içi
ödünsüz,tavizsiz,anlam içi
öd ağacı,öd (II) (Aquilaria agallocha),anlam içi
öd kesesi,safra kesesi,yönlendirme
öfkelendirme,cinlendirme,anlam içi
öfkelendirmek,cinlendirmek,anlam içi
öfkeli,cinli,anlam içi
öfkeli,pürhiddet,anlam içi
öfkesiz,hiddetsiz,anlam içi
öge,unsur,anlam içi
öge,uzuv,anlam içi
öğle,öğlen,anlam içi
öğle,öğle vakti,anlam içi
öğle,nısfınnehar,anlam içi
öğle,zeval,anlam içi
öğle,öğle ezanı,yönlendirme
öğle,öğle namazı,yönlendirme
öğlende,öğleyin,yönlendirme
öğleüstü,öğleye doğru,yönlendirme
öğleüzeri,öğleye doğru,yönlendirme
öğle paydosu,öğle tatili,yönlendirme
öğle tatili,öğle arası,anlam içi
öğle vakti,öğleyin,anlam içi
öğle vakti,öğlende,anlam içi
öğrencelik,simülatör,yönlendirme
öğrenci,okul çocuğu,anlam içi
öğrenci,şakirt,anlam içi
öğrenci,talebe,anlam içi
öğrenci,tilmiz,anlam içi
öğrencilik,talebelik,anlam içi
öğrencilik,tilmizlik,anlam içi
öğrenci yurdu,talebe yurdu,anlam içi
öğrenilen geçmiş zaman ,duyulan geçmiş zaman,yönlendirme
öğrenim,tahsil,anlam içi
öğrenimli,tahsilli,anlam içi
öğrenim belgesi,sertifika,anlam içi
öğreticilik,didaktiklik,anlam içi
öğretim,talim,anlam içi
öğretim,tedrisat,anlam içi
öğretim programı,ders programı,anlam içi
öğretim programı,müfredat,anlam içi
öğretim programı,müfredat programı,anlam içi
öğretim yılı,eğitim öğretim yılı,yönlendirme
öğretme,tedris,anlam içi
öğretmen,muallime,anlam içi
öğüt,nasihat,anlam içi
öğütçü,nasihatçi,anlam içi
öğütçü,vaiz,yönlendirme
öğütlemek,nasihat etmek,anlam içi
ökçe,topuk,anlam içi
ökçeli,topuklu,anlam içi
ökse kuşu,saka kuşu,yönlendirme
ökse otu,burç (II) (Viscum album),anlam içi
öküzdili,sığırdili,yönlendirme
öküzgözü,arnika (Arnica montana),anlam içi
öküz kafalı ,kalın kafalı,yönlendirme
öküz soğuğu,sitteisevir,anlam içi
ölçü,numara,anlam içi
ölçü,ölçüt,yönlendirme
ölçü,vezin,anlam içi
ölçülü,endazeli,anlam içi
ölçülü,muvazeneli,anlam içi
ölçülü,vezinli,anlam içi
ölçümleme,ölçülüleme,anlam içi
ölçümlemek,ölçülülemek,anlam içi
ölçünmek,teemmül etmek,anlam içi
ölçüsüz,muvazenesiz,anlam içi
ölçüsüz,pek çok,yönlendirme
ölçüsüz,vezinsiz,anlam içi
öldürme,katil,anlam içi
öldürmek,nallamak,anlam içi
öldürmek,tepelemek,anlam içi
ölesiye,ölürcesine,anlam içi
ölme,uful,anlam içi
ölmek,yürümek,anlam içi
ölmek,zıbarmak,anlam içi
ölmek,cartayı çekmek,anlam içi
ölmek,zartayı çekmek,anlam içi
ölmemezlik,ölmezlik,yönlendirme
ölmez,ölümsüz,yönlendirme
ölmezleştirme,ölümsüzleştirme,yönlendirme
ölmezleştirmek,ölümsüzleştirmek,yönlendirme
ölmezlik,ölümsüzlük,yönlendirme
ölmez çiçek,sarıçiçek,anlam içi
ölmez çiçek,altın otu  (Helichrysum),anlam içi
ölü,diri karşıtı,anlam içi
ölü,mevta,anlam içi
ölü,müteveffa,anlam içi
ölüevi,cenazeevi,anlam içi
ölüevi,yasevi,anlam içi
ölük,hâlsiz,anlam içi
ölülük,cansızlık,anlam içi
ölüm,son,anlam içi
ölüm,ebedî uyku,anlam içi
ölüm,son yolculuk,anlam içi
ölüm,vefat,anlam içi
ölümcül,ölümsek,anlam içi
ölümlü,insan,yönlendirme
ölümlük dirimlik,ölümlük kalımlık,yönlendirme
ölümlük kalımlık ,ölümlük dirimlik,anlam içi
ölümlülük,kalımsızlık,anlam içi
ölümsüz,layemut,anlam içi
ölümsüzleştirebilme,ebedîleştirebilme,anlam içi
ölümsüzleştirebilmek,ebedîleştirebilmek,anlam içi
ölümsüzleştirilme,ebedîleştirilme,anlam içi
ölümsüzleştirilmek,ebedîleştirilmek,anlam içi
ölümsüzlük,bakilik,anlam içi
ölüm dirim,ölüm kalım,yönlendirme
ölüm kalım ,ölüm dirim,anlam içi
ölüm sessizliği,ölü sessizliği,anlam içi
ölüm sükûtu,ölüm sessizliği,yönlendirme
ölüsü kandilli,ölüsü kınalı,anlam içi
ölü aşı ,ölü yemeği,yönlendirme
ölü mevsim,ölü sezon,anlam içi
ölü saat,ölü zaman,anlam içi
ölü salı,tabut,yönlendirme
ölü yemeği,ölü aşı,anlam içi
ölü yıkayıcılığı,gassallık,anlam içi
ömür boyu,ömür boyunca,anlam içi
ömür boyu,yaşam boyu,anlam içi
ömür boyu,yaşam boyunca,anlam içi
ömür boyu,hayat boyu,anlam içi
ön,uğur,anlam içi
ön,arka karşıtı,anlam içi
önce,sonra karşıtı,anlam içi
önceci,inisiyatif,anlam içi
önceden,peşinen,anlam içi
önceki,sabık,anlam içi
öncel,önder,yönlendirme
öncel,"selef, ardıl karşıtı",yönlendirme
önceleme,lanse,anlam içi
öncelemek,takdim etmek,anlam içi
öncelemek,lanse etmek,anlam içi
önceleri,evvelleri,anlam içi
öncelik,evvellik,anlam içi
öncelik,rüçhan,anlam içi
öncelik,takaddüm,anlam içi
öncelleme sürati ,sezinleme sürati,anlam içi
öncel metin ,araç metin,anlam içi
öncü,pişdar,anlam içi
öncü,artçı karşıtı,anlam içi
öncülük,önderlik,yönlendirme
önder,şef,anlam içi
önemli,mühim,anlam içi
önemli,stratejik,anlam içi
önemlilik,mühimlik,anlam içi
önemseme,mühimseme,anlam içi
önemsemek,önem vermek,anlam içi
önemsemek,mühimsemek,anlam içi
önemsememezlik,önemsemezlik,yönlendirme
önemsiz,ufak çapta,anlam içi
önemsiz,yarım yırtık,anlam içi
önemsizlik,ehemmiyetsizlik,anlam içi
önerge,takrir,anlam içi
öneri,teklif,anlam içi
önerme,teklif,yönlendirme
önermek,teklif etmek,anlam içi
önlem,tedbir,anlam içi
önlem almak,tedbir almak,anlam içi
önlük,iş önlüğü,anlam içi
önlük,prostela,anlam içi
önünde sonunda,eninde sonunda,anlam içi
önünde sonunda,evvel ahir,anlam içi
ön ad,küçük ad,anlam içi
ön ad,sıfat,yönlendirme
ön alım,şufa,anlam içi
ön alım hakkı,şufa hakkı,anlam içi
ön deyi,ön söz,yönlendirme
ön gösterim,ilk gösterim,yönlendirme
ön koşul,ön şart,yönlendirme
ön proje,avanproje,anlam içi
ön ses türemesi,protez: limon > ilimon,anlam içi
ön ses türemesi,avlu > havlu vb,anlam içi
ön söz,sunuş,anlam içi
ön söz,söz başı,anlam içi
ön ünlü ,ince ünlü,yönlendirme
ön yargı,peşin yargı,anlam içi
ön yargı,peşin fikir,anlam içi
ön yargı,peşin hüküm,anlam içi
öpücük,öpüş,anlam içi
ördek,badik (Anas),anlam içi
örenlik,ören yeri,anlam içi
ören yeri ,örenlik,yönlendirme
örfi idare,sıkıyönetim,yönlendirme
örgü,örme,anlam içi
örgün eğitim,formel eğitim,anlam içi
örgüt,teşekkül,anlam içi
örgüt,teşkilat,anlam içi
örgütçü,teşkilatçı,anlam içi
örgütçülük,teşkilatçılık,anlam içi
örgütleme,teşkil,anlam içi
örgütleme,teşkilatlandırma,anlam içi
örgütlemek,teşkilatlandırmak,anlam içi
örgütlemek,organize etmek,anlam içi
örgütlendirilme,teşkilatlandırılma,anlam içi
örgütlendirilmek,teşkilatlandırılmak,anlam içi
örgütleniş,teşkilatlanış,anlam içi
örgütlenme,teşkilatlanma,anlam içi
örgütlenmek,teşkilatlanmak,anlam içi
örgütlü,teşkilatlı,anlam içi
örgütsel çalışma ,örgütsel faaliyet,yönlendirme
örgütsel faaliyet ,örgütsel çalışma,anlam içi
örgütsüz,teşkilatsız,anlam içi
örk,örük,anlam içi
örneğin,söz gelişi,yönlendirme
örnekseme,analoji: animasyon / atmasyon,anlam içi
örnekseme,susamak / çaysamak,anlam içi
örnekseme,otomatik / zikirmatik,anlam içi
örnekseme,benimsemek / küçümsemek vb,anlam içi
örselenme,travma,yönlendirme
örtü,serviyet,anlam içi
örtük anlamlı ,alt anlamlı,yönlendirme
örtük anlam ,alt anlam,yönlendirme
örtülü,müphem,anlam içi
örtülü anlamlı ,alt anlamlı,yönlendirme
örtülü anlam ,alt anlam,yönlendirme
örtülü ödenek,tahsisatımesture,anlam içi
örtü pensi ,serviyet pensi,anlam içi
örük,saç örgüsü,yönlendirme
örümce,örümcek,yönlendirme
örümcek,örümce (Araneae),anlam içi
örümcek,yürüteç,yönlendirme
örümcek kafalı,kafası örümcekli,anlam içi
örüşük kafiye ,örüşük uyak,anlam içi
örüşük uyak,örüşük kafiye,yönlendirme
östaki,östaki borusu,yönlendirme
östaki borusu,östaki tüpü,anlam içi
öşürcü,aşarcı,anlam içi
öşürcülük,aşarcılık,anlam içi
ötanazi,ölme hakkı,yönlendirme
öte,beri karşıtı,anlam içi
öteden beriden,şuradan buradan,anlam içi
ötekileştirme ,dışlama,yönlendirme
ötre,zamme,anlam içi
ötümlü,tonlu,yönlendirme
ötümlüleşme,tonlulaşma,yönlendirme
ötümlüleşmek,tonlulaşmak,yönlendirme
ötümlülük,tonluluk,yönlendirme
ötümlü ünsüz,tonlu ünsüz,yönlendirme
ötümsüz,tonsuz,yönlendirme
ötümsüzleşme,tonsuzlaşma,yönlendirme
ötümsüzleşmek,tonsuzlaşmak,yönlendirme
ötümsüzlük,tonsuzluk,yönlendirme
ötümsüz ünsüz,tonsuz ünsüz,yönlendirme
ötüm ,ton,yönlendirme
ötürü,naşi,anlam içi
övgücü,övücü,anlam içi
övgücülük,övücülük,anlam içi
övme,sena,anlam içi
övme,sitayiş,anlam içi
övmek,yermek karşıtı,anlam içi
övünç,övünme,yönlendirme
övünme,tefahür,anlam içi
övünme,temeddüh,anlam içi
övünmek,iftihar etmek,anlam içi
öykünme,taklit,yönlendirme
öykünmeci,taklitçi,yönlendirme
öyle,o biçimde,anlam içi
öyle,o şekilde,anlam içi
öylece,o biçimde,anlam içi
öylece,o şekilde,anlam içi
öylece,öylelikle,yönlendirme
öylesine,öylemesine,anlam içi
öylesine,usulden,anlam içi
öylesine,üstünkörü,yönlendirme
öyleyse,o hâlde,anlam içi
öz,iç,anlam içi
öz,nefis,anlam içi
öz,derun,anlam içi
öz,ruh,anlam içi
öz,varoluş karşıtı,anlam içi
öz,zübde,anlam içi
öz,ekstre,anlam içi
öz,saf,yönlendirme
Özbekçe,Özbek Türkçesi,yönlendirme
Özbek Türkçesi ,Özbekçe,anlam içi
özdeksel,"maddi, tinsel karşıtı",yönlendirme
özden,timüs,yönlendirme
özdeyiş,vecize,anlam içi
özdeyiş,aforizm,anlam içi
özdeyiş,motto,anlam içi
öze,özgü,yönlendirme
özek doku,parankima,anlam içi
özel,spesiyal,anlam içi
özel,zatî,anlam içi
özel,resmî karşıtı,anlam içi
özellik,mahsusluk,anlam içi
özellik,spesiyalite,anlam içi
özellikle,başta,anlam içi
özellikle,hususen,anlam içi
özellikle,hususuyla,anlam içi
özellikle,mahsusen,anlam içi
özellikle,münhasıran,anlam içi
özellikle,tahsisen,anlam içi
özel ad,özel isim: Ahmet,anlam içi
özel ad,Ankara,anlam içi
özel ad,Kızılırmak,anlam içi
özel ad,Özbek,anlam içi
özel ad,Türkçe vb.,anlam içi
özel girişim,özel sektör,yönlendirme
özel gün zarfı ,ilk gün zarfı,yönlendirme
özel hayat,öz yaşam,anlam içi
özel hayat,özel yaşam,anlam içi
özel isim,özel ad,yönlendirme
özel kalem,özel kalem müdürü,yönlendirme
özel kalem müdürü ,özel kalem,anlam içi
özel sektör,özel teşebbüs,anlam içi
özel ulak,ekspres,anlam içi
özenç,istek,yönlendirme
özendirici ,teşvikçi,anlam içi
özendirici ,teşvikkâr,anlam içi
özendirme,teşvik,anlam içi
özendirme,promosyon,anlam içi
özendirmek,teşvik etmek,anlam içi
özenli,tirendaz,anlam içi
özenmek,itina etmek,anlam içi
özen göstermek,itina etmek,anlam içi
özerklik,otonomluk,anlam içi
özet,telhis,anlam içi
özetlemek,hülasa etmek,anlam içi
özgeci,özgecil,anlam içi
özgülük,mahsusluk,anlam içi
özgül ağırlık,dansite,anlam içi
özgür,serbest,anlam içi
özgürce,özgürcesine,anlam içi
özgürlükçülük,hürriyetperverlik,anlam içi
özlem,özlenti,anlam içi
özlem,tahassür,anlam içi
özleştirme,tasfiye,anlam içi
özleştirmeci,tasfiyeci,anlam içi
özleştirmecilik,tasfiyecilik,anlam içi
özlük işleri,zat işleri,anlam içi
öznel,subjektif,anlam içi
öznel,nesnel karşıtı,anlam içi
öznelci,subjektivist,anlam içi
öznelcilik,subjektivizm,anlam içi
öznellik,subjektiflik,anlam içi
öznellik,subjektivite,anlam içi
özne grubu,özne öbeği,yönlendirme
özsever,narsist,anlam içi
özseverlik,narsistlik,anlam içi
özseverlik,narsisizm,anlam içi
özümleme,temessül,anlam içi
özümleme,temsil,anlam içi
özümleme,yadımlama karşıtı,anlam içi
özümleme,özümseme,yönlendirme
özümlemek,temsil etmek,anlam içi
özümlemek,özümsemek,yönlendirme
özümlenme,özümsenme,yönlendirme
özümseme,içselleştirme,anlam içi
özümsemek,içselleştirmek,anlam içi
özümsenmek,özümlenmek,anlam içi
özünlü,zatî,anlam içi
özünlü,dışınlı karşıtı,anlam içi
özüt,ekstre,anlam içi
özveren,özverili,yönlendirme
özverilice ,fedakârca,anlam içi
özverilice ,fedakârcasına,anlam içi
öz belirtim,selfdeterminasyon,anlam içi
öz devim,özişler,yönlendirme
öz geçmiş,hayat hikâyesi,anlam içi
öz geçmiş,hayat öyküsü,anlam içi
öz geçmiş,hâl tercümesi,anlam içi
öz geçmiş,tercümeihâl,anlam içi
öz öğrenim,otodidaktik,anlam içi
öz su,usare,anlam içi
padıl ,yandan çarklı,yönlendirme
pagoda,stupa,anlam içi
pahalandırma,pahalılaştırma,anlam içi
pahalandırmak,pahalılaştırmak,anlam içi
pahalanma,pahalılanma,anlam içi
pahalanma,pahalılaşma,anlam içi
pahalanmak,pahalılanmak,anlam içi
pahalanmak,pahalılaşmak,anlam içi
pahalı,ucuz karşıtı,anlam içi
pak,temiz,yönlendirme
paketlemek,atlatmak,anlam içi
paklama,temizleme,yönlendirme
paklamak,temizlemek,yönlendirme
paklanma,temizlenme,yönlendirme
paklanmak,temizlenmek,yönlendirme
paklık,temizlik,yönlendirme
palamar parası,palamar resmi,anlam içi
palamut,sivri (Pelamys sarda),anlam içi
palamut,pelit,anlam içi
palanga,caraskal,anlam içi
palas,saray,anlam içi
palavra,mavra,anlam içi
palavracı,tıraşçı,anlam içi
palavracı,uydurmacı,anlam içi
palavracı,mavracı,anlam içi
palavracılık,balonculuk,anlam içi
palavracılık,tıraşçılık,anlam içi
palavracılık,uydurmacılık,anlam içi
pala bıyık,pala bıyıklı,yönlendirme
paleontoloji,taşıl bilimi,yönlendirme
paleontolojik,taşıl bilimsel,yönlendirme
palet,tırtıl,anlam içi
paluze ,pelte,yönlendirme
pamukçuk,kandidoz,anlam içi
pamuk helvası,pamuk şekeri,anlam içi
pamuk otu,bataklık keteni (Eriophorum),anlam içi
pamuk taşı,traverten,yönlendirme
pancar,çükündür (Beta vulgaris),anlam içi
panç işi ,panç nakışı,anlam içi
panç nakışı ,panç işi,yönlendirme
pandemi,küresel salgın,yönlendirme
pandomim,sözsüz oyun,yönlendirme
panduf ,pantufla,yönlendirme
pandül,sarkaç,yönlendirme
panik,ürkü,anlam içi
pansumancı,tımarcı,anlam içi
panteist,tüm tanrıcı,yönlendirme
panteizm,tüm tanrıcılık,yönlendirme
panter,pars,yönlendirme
pantufla,panduf,anlam içi
pantufla,pandif,anlam içi
Panturanizm,Turancılık,yönlendirme
Pantürkizm,Türkçülük,yönlendirme
panzehir,tiryak,anlam içi
papatya,yoğurt çiçeği (Matricaria chamomilla),anlam içi
papaya,papaya ağacı,yönlendirme
papaya ağacı,papaya (Carica papaya),anlam içi
papaz,peder,anlam içi
papaz,rua,anlam içi
papel,para,yönlendirme
papelci,zarfçı,yönlendirme
papelcilik,zarfçılık,yönlendirme
papyon,papyon kravat,anlam içi
para,nakit,anlam içi
para,tıkır,anlam içi
para,tıngır,anlam içi
parabol,yarı kübik,anlam içi
paradigma,değerler dizisi,yönlendirme
parafazi,söz karışıklığı,yönlendirme
parafeleme,paraflama,yönlendirme
parafelemek,paraflamak,yönlendirme
paragöz,paragözlü,anlam içi
paragözlük,paragözlülük,anlam içi
paraketa,paragat,anlam içi
paralamak,parçalamak,yönlendirme
paralanmak,parçalanmak,yönlendirme
paralel,muvazi,anlam içi
paralel,mütevazi,anlam içi
paralel,paralel bar,yönlendirme
paralel bar ,paralel,anlam içi
paralel bar ,barparalel,anlam içi
parametreli,parametrik,anlam içi
paramotor ,motorlu paraşüt,yönlendirme
parasal,nakdî,anlam içi
parasal,akçasal,anlam içi
parasız,zil,anlam içi
parasız,müft,anlam içi
parasızlık,uyuzluk,anlam içi
parasızlık,meccanilik,anlam içi
parasızlık,müzayaka,anlam içi
paraşüt birlikleri,paraşütçü birlikler,yönlendirme
paravan,paravana,anlam içi
parazitolojik,asalak bilimsel,yönlendirme
para canlısı,paragöz,yönlendirme
para kısıtlayıcı,deflatör,anlam içi
parça,pare,anlam içi
parça,şerha,anlam içi
parça,uzuv,anlam içi
parça,tane,yönlendirme
parça,pasaj,yönlendirme
parçacık,partikül,anlam içi
parçacıklı,partiküllü,anlam içi
parça bölük,çimdik çimdik,anlam içi
parça bölük,parça pürçük,anlam içi
parça parça,lime lime,anlam içi
parça parça,pare pare,anlam içi
parça parça,şerha şerha,anlam içi
parça parça,şerham şerham,anlam içi
pare,tane,yönlendirme
parıldamak,parlamak,anlam içi
parıltı,ışılak,anlam içi
parıltı,şaşaa,anlam içi
parıltı,şimşek,anlam içi
parıltı,şule,anlam içi
parıltılı,şaşaalı,anlam içi
parıltısız,şaşaasız,anlam içi
parke,parke taşı,yönlendirme
parkmetre,park sayacı,anlam içi
parkmetre,park saati,anlam içi
parkmetre,parkometre,anlam içi
parlak,ışılak,anlam içi
parlaklık,revnak,anlam içi
parlama,delepme,anlam içi
parlama noktası,alevlenme noktası,yönlendirme
parlamentarizm,parlamenter sistem,yönlendirme
pars,pelenk (Panthera pardus),anlam içi
parselasyon,parselleme,yönlendirme
parşömen,tirşe,anlam içi
parti,tutam,yönlendirme
parti,kelepir,anlam içi
partici,partizan,anlam içi
particilik,partizanlık,anlam içi
partisip,sıfat-fiil,yönlendirme
partner,partöner,anlam içi
pasaklı,etekserpen,anlam içi
Pasifik ateş çemberi ,ateş çemberi,yönlendirme
Paskalya,Paskalya Yortusu,yönlendirme
Paskalya Yortusu ,Paskalya,anlam içi
paslandırma,oksidasyon,anlam içi
paslandırmak,paslatmak,anlam içi
paslanma,oksidasyon,anlam içi
paslanmamazlık,paslanmazlık,yönlendirme
paso,sürekli,yönlendirme
pasör,pasçı,yönlendirme
pastacı,pastane,yönlendirme
pastel,pastel boya,yönlendirme
pastel boya,pastel kalem,anlam içi
pastra,pişti,yönlendirme
pataklayabilme,dövebilme,yönlendirme
pataklayabilmek,dövebilmek,yönlendirme
patavatsız,sözünübilmez,anlam içi
patent,buluş belgesi,yönlendirme
patinaj,buz pateni,yönlendirme
patlak,yarık,anlam içi
patlak,yırtık,anlam içi
patlak göz,patlak gözlü,yönlendirme
patlayıcı ünsüz,süreksiz ünsüz: <i>b,anlam içi
patlayıcı ünsüz,p,anlam içi
patlayıcı ünsüz,c,anlam içi
patlayıcı ünsüz,ç,anlam içi
patlayıcı ünsüz,d,anlam içi
patlayıcı ünsüz,t,anlam içi
patlayıcı ünsüz,g,anlam içi
patlayıcı ünsüz,k</i>,anlam içi
pattadak,pattadan,anlam içi
pay,üleş,anlam içi
pay,sehim,anlam içi
payansız,sonsuz,anlam içi
paydaşlık,hissedarlık,yönlendirme
paylaşabilme,üleşebilme,anlam içi
paylaşabilmek,üleşebilmek,anlam içi
paylaşılma,bölüşülme,anlam içi
paylaşılma,üleşilme,anlam içi
paylaşılmak,bölüşülmek,anlam içi
paylaşılmak,üleşilmek,anlam içi
paylaşımcı,bölüşümcü,anlam içi
paylaşımcılık,bölüşümcülük,anlam içi
paylaşıverme,üleşiverme,anlam içi
paylaşıvermek,üleşivermek,anlam içi
paylaşma,kırışmaca,anlam içi
paylaşma,üleşme,anlam içi
paylaşmak,üleşmek,anlam içi
paylaştırabilme,üleştirebilme,anlam içi
paylaştırabilmek,üleştirebilmek,anlam içi
paylaştırılabilme ,bölüştürülebilme,anlam içi
paylaştırılabilme ,üleştirilebilme,anlam içi
paylaştırma,üleştirme,anlam içi
paylaştırma,taksim,anlam içi
paylaştırma,tevzi,anlam içi
paylaştırmak,üleştirmek,anlam içi
paylaştırmak,taksim etmek,anlam içi
paylaştırmak,tevzi etmek,anlam içi
pazar,piyasa,anlam içi
Peçenekçe,Peçenek Türkçesi,yönlendirme
Peçenek Türkçesi ,Peçenekçe,anlam içi
peçete,peşkir,anlam içi
pedagog,eğitim bilimci,yönlendirme
pedagojik,eğitim bilimsel,yönlendirme
pedagojik formasyon ,yetişim,anlam içi
pedagojik formasyon ,formasyon,anlam içi
pederşahilik,ataerkillik,yönlendirme
pedoloji,toprak bilimi,yönlendirme
pedolojik,çocuk bilimsel,yönlendirme
pedolojik,toprak bilimsel,yönlendirme
pehlivanane,pehlivanca,yönlendirme
pehpehleme,pohpohlama,yönlendirme
pehpehlemek,pohpohlamak,yönlendirme
pekitme,tekit,yönlendirme
pek çok,bir araba,anlam içi
pek çok,bir küme,anlam içi
pek çok,bir tabur,anlam içi
pek çok,bir tomar,anlam içi
pek çok,bir yığın,anlam içi
pek çok,tomarla,anlam içi
pek çok,tomar tomar,anlam içi
pekâlâ,kuşkusuz,yönlendirme
pek yüzlü,utanmaz,yönlendirme
peleme,pereme,yönlendirme
pelenk,pars,yönlendirme
pelesenk,pelesenk ağacı,yönlendirme
pelesenk ağacı,balsam (Commiphora opobalsamum),anlam içi
pelikan,kaşıkçı kuşu (Pelecanus onocrotalus),anlam içi
pelin,pelin otu,anlam içi
pelin,acı pelin,anlam içi
pelin,akpelin (Artemisia absinthium),anlam içi
pelte,paluze,anlam içi
pembemtırak,pembemsi,yönlendirme
pencere,temek,yönlendirme
pençeli,güçlü,yönlendirme
pense,pens,anlam içi
pepe,pepeme,anlam içi
pepelik,pepemelik,anlam içi
perdeci,perdedar,anlam içi
perdecilik,perdedarlık,anlam içi
perdeli,namuslu,anlam içi
perdeli pilav,perde pilavı,yönlendirme
perdesi yırtık,perdesi sıyrık,anlam içi
perde pilavı ,perdeli pilav,anlam içi
perestiş,tapınma,yönlendirme
pericik,peri hastalığı,yönlendirme
perişani ,perişanlık,yönlendirme
perişanlık,perişani,anlam içi
periyodik,süreli,yönlendirme
periyodik,süreli yayın,yönlendirme
perki,tatlısu levreği,yönlendirme
permanant,perma,yönlendirme
permanganat,potasyum permanganat,yönlendirme
persenk,pelesenk,yönlendirme
perspektif,görünge,yönlendirme
peruka,takma saç,yönlendirme
pervane,uskur,anlam içi
pervane,semahçı,yönlendirme
pervane balığı,ay balığı,yönlendirme
pervasızca,pervasızcasına,anlam içi
pervasızca,bodoslama,anlam içi
pes,pest,anlam içi
pes,tiz karşıtı,anlam içi
pesimist,"kötümser, optimist karşıtı",yönlendirme
pesto sosu ,fesleğen sosu,yönlendirme
peşin,tirink,anlam içi
peşin,veresiye karşıtı,anlam içi
peşin,spot,yönlendirme
petrografi,taş bilimi,yönlendirme
pey,güvenmelik,yönlendirme
peyda,peydah,anlam içi
peygamber,yalavaç,anlam içi
peygamberane,peygamberce,yönlendirme
peygambervari,peygamberce,yönlendirme
peygamber balığı,dülger balığı,yönlendirme
peyk,uydu,yönlendirme
peyklik,uyduluk,yönlendirme
peynirsi,peynirimsi,anlam içi
peynir şekeri,Mevlâna şekeri,yönlendirme
pey akçesi,ön ödeme,yönlendirme
pezevenk,dümbük,anlam içi
pezevenk,godoş,anlam içi
pezevenk,teres,anlam içi
pezevenk,astik,anlam içi
pezevenk,dasnik,anlam içi
pezevenklik,dümbüklük,anlam içi
pezevenklik,godoşluk,anlam içi
pezevenklik,kavatlık,anlam içi
pezevenklik,muhabbet tellallığı,anlam içi
pınar,kaynak,yönlendirme
pırpırı,pirpiri,anlam içi
pısırık,girgin karşıtı,anlam içi
pısırıklık,püsürüklük,anlam içi
pısmak,sinmek,yönlendirme
pıstırma,sindirme,yönlendirme
piç,veledizina,anlam içi
piknik alanı,piknik yeri,anlam içi
piliç,ferik,yönlendirme
pilot,tayyareci,anlam içi
pilot,uçman,anlam içi
pilot,uçucu,anlam içi
pilotluk,uçuculuk,anlam içi
pilot kabini,pilot köşkü,anlam içi
pilot kabini,kokpit,anlam içi
pir,guru,anlam içi
piramidimsi,piramitsi,yönlendirme
pirekapan,pire otu,yönlendirme
pire otu,Oltu otu,anlam içi
pire otu,pirekapan (Tanacetum coccineum),anlam içi
pirosfer,ateş küre,yönlendirme
pirüpak,tertemiz,yönlendirme
pisi,pisi balığı,yönlendirme
pisik,kedi,yönlendirme
pisik otu,nezle otu (Nepeta racemosa),anlam içi
pisi balığı,pisi (II) (Limanda limanda),anlam içi
piskoposhane,piskoposluk,yönlendirme
pislemek,pisletmek,yönlendirme
pislik böceği,bok böceği,yönlendirme
pis lakırtı,pis söz,yönlendirme
pişeğen,pişkin,yönlendirme
pişek,pişkin,yönlendirme
pişim,pişirim,yönlendirme
pişkin,utanmaz,yönlendirme
pişpirik,pişti,yönlendirme
pitaya,ejder meyvesi,yönlendirme
pitoresk,resimsi,yönlendirme
piyade,piyon,yönlendirme
piyasa bedeli,piyasa fiyatı,yönlendirme
piyasa değeri,piyasa fiyatı,yönlendirme
plak,plaka,yönlendirme
plaket,onurluk,yönlendirme
planlı büyüme,planlı kalkınma,anlam içi
planya,planya tezgâhı,yönlendirme
plastik ameliyat,plastik cerrahi,yönlendirme
platinsi,platinimsi,yönlendirme
Platonculuk,Platonizm,anlam içi
pli,pile,yönlendirme
plili,pileli,yönlendirme
plise,pileli,yönlendirme
plisiz,pilesiz,yönlendirme
plütokrasi,varsıl erki,yönlendirme
plüviyometre,yağışölçer,yönlendirme
podösüet,süet,yönlendirme
podyum,sahne,anlam içi
pogrom,soykırım,yönlendirme
polargı,polarıcı,yönlendirme
polarimetre,polarölçer,yönlendirme
polarizasyon,polarma,yönlendirme
polemik,söz dalaşı,yönlendirme
poliandri,çok kocalılık,yönlendirme
polifonik,çok yönlü,yönlendirme
poligon,atış poligonu,yönlendirme
polim,polüm,anlam içi
polimeri,polimerlik,yönlendirme
polisiye,polislik,yönlendirme
politik,siyasal,yönlendirme
politika,siyaset,anlam içi
politika,siyasa,anlam içi
politikacı,siyasi,anlam içi
politikacı,siyasetçi,anlam içi
Polonez,Polonyalı,yönlendirme
Polonyalı,Lehistanlı,anlam içi
Polonyalı,Polak,anlam içi
pompaj,pompalama,yönlendirme
pompalı,pompalı tüfek,yönlendirme
ponton,tombaz,yönlendirme
ponza,sünger taşı,yönlendirme
ponza taşı,sünger taşı,yönlendirme
pop,pop müzik,yönlendirme
popülarite,tutulma,yönlendirme
pop müzik,hafif müzik,anlam içi
pop müzik,popüler müzik,anlam içi
porno,pornografi,anlam içi
porsuk,porsuk ağacı,yönlendirme
porsuk ağacı,porsuk (II) (Taxus baccata),anlam içi
porsuma,pörsüme,yönlendirme
porsumak,pörsümek,yönlendirme
portakalsı,portakalımsı,yönlendirme
portakal bahçesi,portakallık,anlam içi
portakal rengi,portakali,anlam içi
porte,dizek,anlam içi
portör,taşıyıcı,yönlendirme
pos,pos cihazı,yönlendirme
posalanma,tortulanma,yönlendirme
posalanmak,tortulanmak,yönlendirme
posta,vardiya,yönlendirme
posta kutusu,elektronik posta kutusu,yönlendirme
postulat,ön doğru,yönlendirme
post kavgası,yorgan kavgası,anlam içi
pos cihazı,pos makinesi,anlam içi
poşet,torba,yönlendirme
poşet çay,sallama çay,anlam içi
poşet çay,daldırma çay,anlam içi
potasyum hidroksit,potas kostik (KOH),anlam içi
potasyum nitrat,güherçile,yönlendirme
potas kostik,potasyum hidroksit,yönlendirme
potpuri,karmaca,yönlendirme
poyraz,kuzey rüzgârı,anlam içi
poyraz,şimal rüzgârı,anlam içi
pozisyon,statü,yönlendirme
pozitif,"olumlu, negatif karşıtı",yönlendirme
pozitif film,kopya film,anlam içi
pörsük,porsuk,anlam içi
pörsüklük,porsukluk,anlam içi
pösteki mantarı,söbelen,yönlendirme
pötikare,pitikare,anlam içi
pragmacı,pragmatist,anlam içi
prangabent,pranga mahkûmu,anlam içi
pratik,uygulamalı,yönlendirme
pratik,uygulama,yönlendirme
pratik,teamül,anlam içi
pratisyen,düz hekim,anlam içi
prefabrik konut,prefabrik ev,anlam içi
prehistorya,tarih öncesi,yönlendirme
prematüre,erkendoğan,yönlendirme
presbiteryenlik,presbiteryenizm,anlam içi
prezantasyon,tanıtma,yönlendirme
problem,sorun,yönlendirme
problematik,sorunsal,yönlendirme
problemli,sorunlu,yönlendirme
problemlilik,sorunluluk,yönlendirme
problemsiz,sorunsuz,yönlendirme
problemsizlik,sorunsuzluk,yönlendirme
prodüksiyon,üretim,yönlendirme
prodüktivite,üretkenlik,yönlendirme
prodüktör,üretici,yönlendirme
program,ders programı,yönlendirme
projektör,yansıtım aygıtı,yönlendirme
proletarya,emekçi sınıfı,yönlendirme
prolog,ön deyiş,yönlendirme
propaganda,yaymaca,anlam içi
propagandacı,propagandist,anlam içi
propagandist,tanıtıcı,yönlendirme
proses,süreç,yönlendirme
prospektüs,tanıtmalık,yönlendirme
protez,takma,yönlendirme
protez,ön ses türemesi,yönlendirme
protokol,tören düzeni,anlam içi
provokatörlük,kışkırtıcılık,yönlendirme
psikanaliz,ruhsal çözümleme,anlam içi
psikanaliz,ruhi çözümleme,anlam içi
psikanalizci,psikanalist,anlam içi
psikiyatr,ruh hekimi,anlam içi
psikiyatr,ruh doktoru,anlam içi
psikiyatri,ruh hekimliği,anlam içi
psikolog,ruh bilimci,anlam içi
psikolog,ruhiyatçı,anlam içi
psikoloji,ruh bilimi,anlam içi
psikoloji,ruhiyat,anlam içi
psikolojik,ruh bilimsel,anlam içi
psikolojik,ruhsal,yönlendirme
psikolojizm,ruh bilimcilik,anlam içi
psikometri,ruh ölçümü,yönlendirme
puanlamak,puan vermek,anlam içi
pudralık,pudriyer,anlam içi
pufla,pumba,anlam içi
pulcu,pul koleksiyoncusu,anlam içi
pulcu,filatelist,anlam içi
pul koleksiyonculuğu,pulculuk,yönlendirme
puma,dağ aslanı (Feis concolor),anlam içi
pupa,kıç,anlam içi
pusarık,serap,yönlendirme
pusat,araç gereç,yönlendirme
pusmak,sinmek,yönlendirme
pusula,tezkere,anlam içi
put,tapıncak,anlam içi
pülverizasyon,püskürtüm,yönlendirme
pülverizatör,püskürteç,yönlendirme
pünez,raptiye,yönlendirme
pürçek,zülüf,anlam içi
pürçek,pürçük,anlam içi
püren,süpürge otu,yönlendirme
pürist,arıtmacı,yönlendirme
pürizm,arıtmacılık,yönlendirme
pürtelaş,telaşlı,yönlendirme
pürüzalır,rayba,anlam içi
püskürteç,püskürtme makinesi,anlam içi
püskürük taş,püskürük külte,yönlendirme
püsürlü,pürüzlü,anlam içi
püsürsüz,pürüzsüz,anlam içi
pütürlü,pürüzlü,anlam içi
pütürlü,pürtüklü,anlam içi
rabıt edatı,bağlaç,yönlendirme
radde,kerte,yönlendirme
radyatör,petek,yönlendirme
radyoaktivite,radyo etkinliği,anlam içi
radyobiyoloji,radyofizyoloji,anlam içi
radyofonik piyes,radyo oyunu,yönlendirme
radyotelefon,telsiz telefon,yönlendirme
radyotelgraf,telsiz telgraf,yönlendirme
radyoterapi,ışın tedavisi,yönlendirme
raf,sergen,anlam içi
rahatlama,relaks,anlam içi
raket,vuraç,anlam içi
rakı meclisi,rakı âlemi,anlam içi
rakiplik,rekabet,yönlendirme
Ramazan Bayramı,Şeker Bayramı,anlam içi
rambursman,geri ödeme,yönlendirme
randevu,termin,anlam içi
randıman,verim,yönlendirme
randımanlı,verimli,yönlendirme
rantabilite,verimlilik,yönlendirme
rantabl,verimli,anlam içi
rantabl,getirimli,anlam içi
rantçılık,getirimcilik,yönlendirme
rasatçı,gözlemci,yönlendirme
rast,tesadüf,yönlendirme
rastgele,lalettayin,anlam içi
rastık,sürme,yönlendirme
rastlamak,rast gelmek,anlam içi
rastlamak,tesadüf etmek,anlam içi
rastlantısallık,tesadüfilik,anlam içi
rastlaşmak,tesadüf etmek,anlam içi
rasyonalite,aklilik,yönlendirme
rasyonalizasyon,aklileştirme,yönlendirme
rasyonel,ölçülü,anlam içi
rasyonel,ussal,anlam içi
rasyonel,hesaplı,anlam içi
rayiç bedel,piyasa fiyatı,yönlendirme
rayiç fiyat,piyasa fiyatı,yönlendirme
reaksiyon,tepki,yönlendirme
reaksiyon,tepkime,yönlendirme
reasürans,ikili sigorta,yönlendirme
reddetmek,reddeylemek,anlam içi
reddeyleme,reddetme,yönlendirme
reel,gerçek,yönlendirme
reel kesim,reel sektör,anlam içi
refakatçi,eşlikçi,anlam içi
referans,tavsiye mektubu,yönlendirme
referans,kaynak,yönlendirme
referans,tavsiye,yönlendirme
refleks,tepke,anlam içi
reformcu,düzeltmeci,yönlendirme
reformculuk,düzeltmecilik,yönlendirme
reformist,düzeltmeci,yönlendirme
refüj,orta kaldırım,yönlendirme
regülatör,ayarlayıcı,yönlendirme
rehber,turist rehberi,yönlendirme
rehber öğretmen,uygulama öğretmeni,yönlendirme
rehine,tutak,anlam içi
reis efendi,reisülküttap,yönlendirme
rejisörlük,yönetmenlik,anlam içi
reji kolculuğu,tütün kolculuğu,yönlendirme
reji kolcusu,tütün kolcusu,yönlendirme
reji odası,rejisörlük odası,anlam içi
rekabetçi,kompetitif,anlam içi
rektifiye,motor yenileme,yönlendirme
remiz,simge,yönlendirme
renkli,renkli film,yönlendirme
renkli devrim,kadife devrim,anlam içi
renk körlüğü,akromatopsi (Akromatopsi),anlam içi
renk yuvarı,renk küre,anlam içi
reorganizasyon,yeniden düzenleme,yönlendirme
resim,tören,yönlendirme
resimce,emoji,anlam içi
resimleme,resimlendirme,anlam içi
resimlemek,resimlendirmek,anlam içi
resim sehpası,ressam sehpası,yönlendirme
resmen,devletçe,anlam içi
resmî,teklifli,anlam içi
resmîlik,resmiyet,anlam içi
resmîlik,formellik,anlam içi
resmî dil,devlet dili,anlam içi
resmî elbise,resmî giysi,yönlendirme
resülmal,sermaye,yönlendirme
reşme makinesi,reşme,yönlendirme
reva,uygun,yönlendirme
revaç,sürüm,yönlendirme
revakiye,stoacılık,yönlendirme
revalüasyon,değer katma,yönlendirme
revani,revani tatlısı,anlam içi
reviş,üslup,yönlendirme
revizyoncu,revizyonist,anlam içi
revizyonculuk,revizyonizm,anlam içi
reyhan,fesleğen,yönlendirme
rezalet,rezillik,yönlendirme
rezede,rezede çiçeği (Reseda luteola),anlam içi
rezede çiçeği,rezede,yönlendirme
rezidans,saray konut,yönlendirme
rezilce,rezilcesine,anlam içi
rezonans,titreşim,yönlendirme
rıza,onam,anlam içi
rızık,azık,anlam içi
ricat,vazgeçme,yönlendirme
rimel,maskara,anlam içi
rina,tırpana,yönlendirme
rindane,rintçe,yönlendirme
risale,kitapçık,yönlendirme
risk,riziko,anlam içi
ritim,tartım,anlam içi
ritimli,tartımlı,anlam içi
ritimsiz,tartımsız,anlam içi
ritmik,ritimli,yönlendirme
ritmik zekâ,işitsel zekâ,yönlendirme
rivayet,söylenti,yönlendirme
riyakârane,riyakârca,yönlendirme
riyakârca,riyakârcasına,anlam içi
robotik ameliyat,robotik cerrahi,anlam içi
Romanist,Romanolog,yönlendirme
romansı,romanımsı,anlam içi
romantik,coşumcu,anlam içi
romantizm,coşumculuk,anlam içi
Romanyalı,Rumen,yönlendirme
rot kolu,rot mili,anlam içi
roze,gül şarabı,anlam içi
rölyefli,kabartmalı,yönlendirme
Rönesans,uyanış,anlam içi
röntgenci,dikizci,anlam içi
röntgencilik,dikizcilik,anlam içi
Rubik küpü,zekâ küpü,yönlendirme
ruh,tin,anlam içi
ruh,duygu,yönlendirme
ruhani,"manevi, cismani karşıtı",yönlendirme
ruhanilik,manevilik,yönlendirme
ruhbanlık,ruhbaniyet,anlam içi
ruhen,ruhça,anlam içi
ruhi,ruhsal,yönlendirme
ruhiyatçılık,psikologluk,yönlendirme
ruhi hâlet,ruhsal durum,yönlendirme
ruhsal,tinsel,anlam içi
ruhsal,spiritüel,anlam içi
ruhsal durum,duygu durumu,anlam içi
ruhsat,ruhsatname,yönlendirme
ruh göçü,tenasüh,anlam içi
ruh göçü,reenkarnasyon,anlam içi
ruh hastalığı,akıl hastalığı,yönlendirme
ruh hâleti,ruhsal durum,yönlendirme
ruh hâli,ruhsal durum,yönlendirme
rumuz,simge,yönlendirme
Rum ateşi,grejuva,anlam içi
ruznamçe,ruzname,anlam içi
ruznamçeci,ruznameci,anlam içi
rücu,cayma,anlam içi
rücu,tersinme,anlam içi
rüçhan,üstünlük,yönlendirme
rütbe,paye,anlam içi
rütbe indirimi,tenzilirütbe,anlam içi
rüya,hayal,anlam içi
rüzgâraltı,"boca, orsa karşıtı",yönlendirme
rüzgârüstü,"orsa, boca karşıtı",yönlendirme
saat,sayaç,yönlendirme
saat çiçeği,çarkıfelek,yönlendirme
sabah,sabah ezanı,yönlendirme
sabaha doğru,sabaha karşı,anlam içi
sabahlama,şafaklama,anlam içi
sabahlamak,şafaklamak,anlam içi
sabahleyin,sabahtan,anlam içi
sabah namazı,sabah,anlam içi
sabah yeli,saba,anlam içi
sabah yeli,saba rüzgârı,anlam içi
sabankıran,kayışkıran,yönlendirme
saban balığı,deniztilkisi (Alopias vulpes),anlam içi
saban kulağı,kulak,anlam içi
sabıkasız,temiz,anlam içi
sabır küpü,zekâ küpü,yönlendirme
sabit fikir,saplantı,yönlendirme
sabretme,sabreyleme,anlam içi
sabretmek,sabreylemek,anlam içi
sacayağı,ocak sehpası,anlam içi
sacayağı,sacayak,anlam içi
sacayağı,üçayak,anlam içi
sac ekmeği,serme,anlam içi
saçak bulut,tüy bulut,anlam içi
saçak bulut,sirrus,anlam içi
saçıntı,döküntü,anlam içi
saçma,serpme,yönlendirme
saçma,saçma sapan,anlam içi
saçma,abuk,anlam içi
saçma,abuk subuk,anlam içi
saçma,abidik gubidik,anlam içi
saçma,pestenkerani,anlam içi
saçma,vahi,anlam içi
saçmalama,abuklama,anlam içi
saçmalamak,abuklamak,anlam içi
saçmalaşmak,abuklaşmak,anlam içi
saçmalaştırma,abuklaştırma,anlam içi
saçmalaştırmak,abuklaştırmak,anlam içi
saçmalık,abukluk,anlam içi
saçmalık,abuk subukluk,anlam içi
saçmalık,vahilik,anlam içi
saçmalık,absürtlük,anlam içi
saçyıldızı,denizlalesi,yönlendirme
sadakatli,sadık,anlam içi
sadakatlilik,sadıklık,anlam içi
sadaret,sadrazamlık,yönlendirme
sade,süssüz,yönlendirme
sade,şekersiz,anlam içi
sadece,yalnız,anlam içi
sadeleştirmek,yalınlaştırmak,anlam içi
sadeyağ,tereyağı,yönlendirme
sadıkane,sadıkça,yönlendirme
sadır,sadrazam,yönlendirme
sadik,sadist,yönlendirme
sadistlik,sadizm,anlam içi
sadme,sarsıntı,yönlendirme
sadrazam,veziriazam,anlam içi
saf,sıra,yönlendirme
saf,som,anlam içi
saf,safderun,anlam içi
saf,safdil,anlam içi
safça,safdilli,anlam içi
safça,avanakçasına bönce,anlam içi
safça,böncesine,anlam içi
safça,safçasına,anlam içi
safça,safiyane,anlam içi
saffet,temizlik,yönlendirme
saffet,saflık,yönlendirme
safiyet,saflık,yönlendirme
saflaşmak,avanaklaşmak,anlam içi
saflaşmak,saf tutmak,anlam içi
saflık,safderunluk,anlam içi
saflık,safdillik,anlam içi
saflık,safdillilik,anlam içi
safran,zafran,anlam içi
safran rengi,safran sarısı,yönlendirme
saftaronluk,saftiriklik,yönlendirme
saftirik,saftaron,anlam içi
saftiriklik,saftoriklik,anlam içi
saftorik,saftirik,yönlendirme
sağalmak,iyileşmek,anlam içi
sağaltıcı,tedavici,yönlendirme
sağaltım,terapi,anlam içi
sağımlı,sağmal,yönlendirme
sağır kef,sağır nun,anlam içi
sağlamak,temin etmek,anlam içi
sağlamlaştırma,tahkim,anlam içi
sağlamlaştırma,takviye,anlam içi
sağlamlaştırma,tarsin,anlam içi
sağlamlaştırma,teşdit,anlam içi
sağlamlaştırmak,pekiştirmek,anlam içi
sağlamlık,kavilik,anlam içi
sağlık,sıhhat,anlam içi
sağlıkevi,sağlık ocağı,yönlendirme
sağlıklama,sanitasyon,anlam içi
sağlıklı,sıhhatli,anlam içi
sağlıklılık,sıhhatlilik,anlam içi
sağlıksal,hijyenik,anlam içi
sağlıksız,sıhhatsiz,anlam içi
sağlıksızlık,sıhhatsizlik,anlam içi
sağlıksızlık,gayrisıhhilik,anlam içi
sağmal,sütlü,anlam içi
sağyağ,tereyağı,yönlendirme
sağ açıklık,gök boylamı,anlam içi
sağ esen,sağlıkla,yönlendirme
sağ para,sağlam para,yönlendirme
sağ salim,sağ selamet,anlam içi
sahabe,ashabıkiram,anlam içi
Sahaca,Yakut Türkçesi,yönlendirme
saha amiri,saha komiseri,yönlendirme
Saha Türkçesi,Yakut Türkçesi,yönlendirme
sahife,sayfa,yönlendirme
sahil çizgisi,kıyı çizgisi,yönlendirme
sahipsiz,iyesiz,anlam içi
sahleplik,saleplik,yönlendirme
sahne,görüntü,yönlendirme
sahte,uydurma,yönlendirme
sahteci,sahtekâr,yönlendirme
sahtecilik,sahtekârlık,yönlendirme
sahur yemeği,er ekmeği,anlam içi
saik,sebep,yönlendirme
saika,sebep,yönlendirme
sairfilmenam,uyurgezer,yönlendirme
sak,uyanık,yönlendirme
sak,sap,yönlendirme
saka,sucu,anlam içi
saka,saka kuşu,yönlendirme
sakağı,ruam,anlam içi
sakar meke,yaban kazı,yönlendirme
sakatatçı,sakatçı,anlam içi
saka kuşu,ökse kuşu (Carduelis cardelis),anlam içi
sakıncasız,mahzursuz,anlam içi
sakınganlık,ihtiyatlılık,yönlendirme
sakınım,ihtiyat,anlam içi
sakınım,tedbir,anlam içi
sakınma,tahaffuz,anlam içi
sakınma,tevakki,anlam içi
sakınmak,içtinap etmek,anlam içi
sakıntı,ihtiyat,anlam içi
sakız,ciklet,anlam içi
sakız,sakız ağacı,yönlendirme
sakız ağacı,sakız (Pistacia lentiscus),anlam içi
sakil,sıkıntılı,anlam içi
sakin,sakince,anlam içi
sakin,sessiz,yönlendirme
sakin,sinirsiz,anlam içi
sakinleme,sakinleşme,yönlendirme
sakinlemek,sakinleşmek,yönlendirme
sakinlik,durgunluk,anlam içi
sakinlik,sessizlik,anlam içi
sakinlik,dinginlik,anlam içi
sakinlik,sükûnet,anlam içi
sakkarometre,sakkarozölçer,yönlendirme
saklamak,hıfzetmek,anlam içi
saklamak,muhafaza etmek,anlam içi
saklı,mahfuz,anlam içi
saklı,hafi,anlam içi
saklık,uyanıklık,yönlendirme
saksağan,alakarga (Pica pica),anlam içi
salacak,teneşir,yönlendirme
salahiyetlilik,yetkililik,yönlendirme
salak,saloz,anlam içi
salaklaşma,salozlaşma,anlam içi
salaklaşmak,salozlaşmak,anlam içi
salamandra,semender,yönlendirme
Salarca,Salar Türkçesi,yönlendirme
saldırgan,sataşkan,anlam içi
saldırgan,agresif,anlam içi
saldırı,taarruz,anlam içi
saldırı,tecavüz,anlam içi
saldırma,tehacüm,anlam içi
saldırmak,salmak,anlam içi
saldırmamazlık,saldırmazlık,yönlendirme
saldırmazlık antlaşması,saldırmazlık paktı,yönlendirme
salep,sahlep (Orchis),anlam içi
salep,sahlep,anlam içi
salık,tavsiye,yönlendirme
salınım,raks,anlam içi
salkımak,pörsümek,anlam içi
salkım bombası,misket bombası,yönlendirme
sallama,poşet çay,yönlendirme
sallamak,sallayıvermek,anlam içi
sallamak,sarsmak,yönlendirme
sallanma,tezelzül,anlam içi
sallanmak,kımıldamak,anlam içi
sallanmak,titremek,anlam içi
sallanmak,oyalanmak,anlam içi
sallanmak,savsaklanmak,anlam içi
salmak,bırakmak,anlam içi
salmak,sürmek,yönlendirme
salmak,uğratmak,yönlendirme
salmak,sarkıtmak,yönlendirme
salmak,koyuvermek,yönlendirme
salon futbolu,futsal,anlam içi
salozluk,salaklık,yönlendirme
salpa,sarkık,yönlendirme
salpa,salpak,anlam içi
saltanat,sultanlık,anlam içi
sam,sam yeli,yönlendirme
samani,saman rengi,yönlendirme
Samanuğrusu,Samanyolu,yönlendirme
saman kâğıdı,teksir kâğıdı,anlam içi
saman rengi,saman sarısı,anlam içi
samut,suskun,yönlendirme
san,ünvan,yönlendirme
san,ün,yönlendirme
sanal ortam,interaktif ortam,anlam içi
sanal sohbet,siber sohbet,anlam içi
sanat,zanaat,yönlendirme
sanatçı,sanat eri,anlam içi
sanatçı,sanatkâr,anlam içi
sanatçılık,sanatkârlık,anlam içi
sanatkârane,sanatkârca,yönlendirme
sanatsal,sanatlık,anlam içi
sanat adamı,sanatçı,yönlendirme
sanayi,uran,anlam içi
sancılı,sıkıntılı,yönlendirme
sancımak,burmak,anlam içi
sancı otu,tüylü dalak otu,yönlendirme
sandal,sandalet,yönlendirme
sandal ağacı,koca yemiş,yönlendirme
sandık gözlemcisi,sandık müşahidi,anlam içi
sanem,put,yönlendirme
sangılamak,sersemleşmek,anlam içi
sangılamak,şaşkınlaşmak,anlam içi
sanı,zan,anlam içi
sanı,zehap,anlam içi
sanılma,zannedilme,anlam içi
sanılma,zannolunma,anlam içi
sanılmak,zannedilmek,anlam içi
sanılmak,zannolunmak,anlam içi
sanki,sankim,anlam içi
sanki,sözüm ona,anlam içi
sanma,zannetme,anlam içi
sanma,zanneyleme,anlam içi
sanmak,zannetmek,anlam içi
sanmak,zanneylemek,anlam içi
sanmak,farz etmek,anlam içi
sanrı,varsanı,anlam içi
sanrı,halüsinasyon,anlam içi
Sanskrit,Sanskritçe,anlam içi
sansür,sıkı denetim,anlam içi
santim,santimetre,yönlendirme
santimetre,santim (cm),anlam içi
santral,santralci,yönlendirme
santralci,telefoncu,anlam içi
santrfor,orta uç oyuncusu,yönlendirme
santrifüj,santrifüjör,anlam içi
santurcu,santuri,anlam içi
sapan,kuş lastiği,anlam içi
sapıtmak,şaşırmak,yönlendirme
saplantılı,sabit fikirli,anlam içi
saptama,tespit,anlam içi
saptamak,tespit etmek,anlam içi
saptırıcı,spekülatif,anlam içi
saptırma,spekülasyon,anlam içi
sara,tutarık,anlam içi
sara,tutarak,anlam içi
sara,tutarga,anlam içi
sara,epilepsi,anlam içi
sarahaten,sarahatle,anlam içi
saralı,tutarıklı,anlam içi
saray çiçeği,hezaren (I) (Delphinium),anlam içi
sardalya,ateş balığı (Sardina Pilchardus),anlam içi
sarf,biçim bilgisi,yönlendirme
sarfınazar,vazgeçme,yönlendirme
sarfiyat,harcama,anlam içi
sarfiyat,masraf,anlam içi
sargı,sargı bezi,yönlendirme
sarhoş,demci,anlam içi
sarhoş,kafası bulutlu,anlam içi
sarhoş,kafası iyi,anlam içi
sarhoş,kafası kıyak,anlam içi
sarhoş,sermest,anlam içi
sarhoşlaşmak,sarhoş olmak,anlam içi
sarhoşluk,mestlik,anlam içi
sarhoşluk,sermestlik,anlam içi
sarhoşluk,sermestî,anlam içi
sarıağı,zifin (Rhododendron luteun),anlam içi
sarıağız,denizgüzeli (Sciaena aquilla),anlam içi
sarıasma,sarıcık (Oriolus oriolus),anlam içi
sarıca,yaban arısı,yönlendirme
sarıcık,sarıasma,yönlendirme
sarıçalı,amberbaris (Berberis vulgaris),anlam içi
sarılgan,sarmaşan,anlam içi
sarılık,karaciğer yangısı,anlam içi
sarımsak hardalı,sarımsak otu,yönlendirme
sarımsak otu,sarımsak hardalı (Alliaria petolata),anlam içi
sarımtırak,sarımsı,yönlendirme
sarısabır,azvay (Aloe vera),anlam içi
sarı benek,sarı nokta,anlam içi
sarı lira,ata lira,anlam içi
Sarı Uygurca,Sarı Uygur Türkçesi,yönlendirme
sarı yağ,tereyağı,yönlendirme
sarkaç,rakkas,anlam içi
sarkık,sölpük,anlam içi
sarkıntılık,tasallut,anlam içi
sarkıt,stalaktit,anlam içi
sarma,zarf,anlam içi
sarmak,tedirgin etmek,anlam içi
sarmal,helezonik,anlam içi
sarmal kafiye,sarma kafiye,yönlendirme
sarmal metot,sarmal yöntem,yönlendirme
sarma kafiye,sarma uyak,anlam içi
sarma kafiye,sarmal uyak,anlam içi
sarpın,silo,anlam içi
sarrafiye,sarraflık hakkı,yönlendirme
sarsım,tedirginlik,yönlendirme
sarsıntı,travma,anlam içi
sarsmak,oynatmak,anlam içi
sarsmak,silkelemek,anlam içi
sarsmak,titretmek,anlam içi
sasımak,tefessüh etmek,anlam içi
sathi,yüzeysel,yönlendirme
sathileşme,yüzeyselleşme,yönlendirme
sathileşmek,yüzeyselleşmek,yönlendirme
sathileştirme,yüzeyselleştirme,yönlendirme
sathileştirmek,yüzeyselleştirmek,yönlendirme
sathilik,yüzeysellik,yönlendirme
satı,satış,anlam içi
satıcı,vandöz,anlam içi
satıh,yüzey,yönlendirme
satım,satış,yönlendirme
satın almacı,mübayaacı,anlam içi
satın almacılık,mübayaacılık,anlam içi
satın almak,iştira etmek,anlam içi
satın almak,mübayaa etmek,anlam içi
satır kıyması,zırh kıyması,yönlendirme
satır satır,tamamen,yönlendirme
satış,bey,anlam içi
satış bedeli,satış fiyatı,yönlendirme
satış merkezi,satış sarayı,anlam içi
satış mukavelesi,satış sözleşmesi,yönlendirme
satış sözleşmesi,satış şartnamesi,anlam içi
satlıcan,zatülcenp,yönlendirme
satmak,taslamak,yönlendirme
satranç,şatranç,anlam içi
satrap,vali,anlam içi
Satürn,Sekendiz,anlam içi
Satürn,Zühal,anlam içi
sav,tez,yönlendirme
savaşçı,savaşkan,anlam içi
savaşçılık,savaşkanlık,anlam içi
savaşmak,muharebe etmek,anlam içi
savaş gemisi,harp gemisi,anlam içi
savılma,tardedilme,anlam içi
savılma,tardolunma,anlam içi
savılmak,tardedilmek,anlam içi
savılmak,tardolunmak,anlam içi
savma,tardetme,anlam içi
savmak,tardetmek,anlam içi
savmak,atlatmak,anlam içi
savmak,savuşturmak,anlam içi
savruk,tutumsuz,yönlendirme
savsaklamak,sallamak,anlam içi
savsaklanmak,ihmal edilmek,anlam içi
savunma,savunu,anlam içi
savunmak,müdafaa etmek,anlam içi
savunmalık,tedafüi,anlam içi
savunma oyuncusu,savunmacı,anlam içi
savunucu,savunma oyuncusu,yönlendirme
savurgan,tutumsuz,yönlendirme
savurganca,tutumsuzca,yönlendirme
savurganlık,tutumsuzluk,yönlendirme
savurmak,israf etmek,anlam içi
saydam,şeffaf,yönlendirme
saydamlaşma,şeffaflaşma,anlam içi
saydamlaşmak,şeffaflaşmak,anlam içi
saydamlaştırma,şeffaflaştırma,anlam içi
saydamlaştırmak,şeffaflaştırmak,anlam içi
saydamlık,şeffaflık,anlam içi
saygılılık,hürmetkârlık,anlam içi
saygınlık,prestij,anlam içi
saygısızca,hürmetsizce,anlam içi
sayı,skor,anlam içi
sayılabilme,addolunabilme,anlam içi
sayılabilmek,addolunabilmek,anlam içi
sayılma,addedilme,anlam içi
sayım,tadat,anlam içi
sayımlama,sayılama,anlam içi
sayımsız,sayısız,yönlendirme
sayısal,numerik,anlam içi
sayısallaşma,dijitalleşme,anlam içi
sayısallaşmak,dijitalleşmek,anlam içi
sayısallaştırma,dijitalleştirme,anlam içi
sayısallaştırmak,dijitalleştirmek,anlam içi
sayısallık,dijitallik,anlam içi
sayısal dönüşüm,dijital dönüşüm,yönlendirme
sayısal zekâ,mantıksal zekâ,anlam içi
sayısal zekâ,matematiksel zekâ,anlam içi
sayışmak,takas etmek,anlam içi
sayı boncuğu,abak,anlam içi
sayı göstergesi,sayı levhası,anlam içi
sayı göstergesi,skor tabelası,anlam içi
saykallamak,cilalamak,anlam içi
saylama,seçme,yönlendirme
saylamak,seçmek,yönlendirme
sayma,tadat,anlam içi
sayrımsama,temaruz,anlam içi
sayrımsamak,temaruz etmek,anlam içi
sazak,mersin,yönlendirme
sazcı,sazende,anlam içi
saz delicesi,kızıltuygun (Circus aeruginosus),anlam içi
sebatkâr,sebatlı,yönlendirme
sebatlılık,direşkenlik,anlam içi
sebatlılık,sebatkârlık,anlam içi
sebep,vesile,anlam içi
sebepli sebepsiz,nedenli nedensiz,anlam içi
sebepsiz,bilasebep,anlam içi
sebil,sebilhane,anlam içi
sebze,sebzevat,anlam içi
sebze,zerzevat,anlam içi
sebzeci,zerzevatçı,anlam içi
sebzecilik,zerzevatçılık,anlam içi
seçenek,şık,anlam içi
seçenekli,alternatifli,anlam içi
seçeneklilik,alternatiflilik,anlam içi
seçeneksiz,alternatifsiz,anlam içi
seçeneksizlik,alternatifsizlik,anlam içi
seçici kurul,seçiciler kurulu,yönlendirme
seçimlik ders,seçmeli ders,yönlendirme
seçkinlik,mümtazlık,anlam içi
seçme,seleksiyon,anlam içi
seçmecilik,eklektiklik,anlam içi
seçmeli,selektif,anlam içi
seçmeli yemek,alakart,anlam içi
seçmen kütüğü,seçmen listesi,yönlendirme
seçmesiz yemek,tabildot,anlam içi
seda,ses,yönlendirme
sedalı,tonlu,yönlendirme
sedalılaşmak,tonlulaşmak,yönlendirme
sedalılık,tonluluk,yönlendirme
sedasız,tonsuz,yönlendirme
sedasızlaşmak,tonsuzlaşmak,yönlendirme
sedasızlık,tonsuzluk,yönlendirme
sedef,sedef hastalığı,yönlendirme
sedefçi,sedefkâr,anlam içi
sedefçilik,sedefkârlık,anlam içi
sedefsi,sedefimsi,anlam içi
sedimantasyon,tortulaşma,yönlendirme
sedir,dağ servisi (Cedrus),anlam içi
sedye,teskere,anlam içi
sefahat,uçarılık,yönlendirme
seferî durum,seferî hâl,anlam içi
sefih,uçarı,yönlendirme
sefilane,sefilce,yönlendirme
seğirdim yolu,seğirdim yeri,anlam içi
seğirme,seğrime,anlam içi
seğirmek,seğrimek,anlam içi
seher,seher vakti,anlam içi
seki,taraça,anlam içi
seki,set,anlam içi
seki,teras,anlam içi
seki,sekil,yönlendirme
sekileme,teraslama,anlam içi
sekilemek,teraslamak,anlam içi
sekmen,tabure,yönlendirme
seksolog,cinsellik bilimci,yönlendirme
seksoloji,cinsellik bilimi,yönlendirme
seksolojik,cinsellik bilimsel,yönlendirme
sektirmek,sekitmek,anlam içi
sekülarist,dünyacı,yönlendirme
sel,su taşkını,anlam içi
selamlamak,selam vermek,anlam içi
Selçuki,Selçuklu,yönlendirme
sele,sere,yönlendirme
selef,öncel,anlam içi
selef,halef karşıtı,anlam içi
sele zeytini,sele,anlam içi
selfie,özçekim,yönlendirme
seloteyp,selobant,anlam içi
selvi,servi,yönlendirme
sem,zehir,yönlendirme
semavi,ulvi,anlam içi
sembol,simge,yönlendirme
sembolik,simgesel,yönlendirme
sembolist,simgeci,yönlendirme
sembolizm,simgecilik,yönlendirme
sembolleşme,simgeleşme,yönlendirme
sembolleşmek,simgeleşmek,yönlendirme
sembolleştirme,simgeleştirme,yönlendirme
sembolleştirmek,simgeleştirmek,yönlendirme
semen,semizlik,yönlendirme
semender,salamandra (Salamandra),anlam içi
semere,verim,yönlendirme
semereli,verimli,yönlendirme
semirmek,beslemek,anlam içi
semiz,şişman,yönlendirme
semiz,tavlı,anlam içi
semizlemek,semirmek,anlam içi
semizlik,tav,anlam içi
semizot,semizotu,yönlendirme
semizotu,pirpirim,anlam içi
semizotu,semizot (Portulaca oleracea),anlam içi
sempati,sıcakkanlılık,yönlendirme
sempatik,sıcakkanlı,yönlendirme
senarist,senaryocu,yönlendirme
senaryoculuk,senaristlik,anlam içi
sendikacı,sendikalist,anlam içi
sendikacılık,sendikalizm,anlam içi
sendrom,belirge,yönlendirme
senkron,"eş zaman, asenkron karşıtı",yönlendirme
senozoik,Üçüncü Çağ,yönlendirme
sentaktik,söz dizimsel,yönlendirme
sepelemek,serpelemek,anlam içi
sepetçi söğüdü,sorgun (Salix viminalis),anlam içi
sepici,tabak,anlam içi
sepici,tabakçı,anlam içi
sepicilik,tabaklık,anlam içi
sepicilik,tabakçılık,anlam içi
sepileme,tabaklama,anlam içi
sepilemek,tabaklamak,anlam içi
sepilenme,tabaklanma,anlam içi
sepilenmek,tabaklanmak,anlam içi
sepili,tabaklı,anlam içi
sepil sepil,yavaş yavaş,yönlendirme
septisemi,kan zehirlenmesi,yönlendirme
ser,sera,yönlendirme
sera,tavhane,anlam içi
sera beyazsineği ,beyazsinek,yönlendirme
serbestî,serbestlik,yönlendirme
serbest bölge,serbest mıntıka,anlam içi
serbest muhasebeci,serbest muhasebeci mali müşavir,yönlendirme
serbest muhasebecilik,serbest muhasebeci mali müşavirlik,yönlendirme
serbest muhasebeci mali müşavir,mali müşavir,anlam içi
serbest muhasebeci mali müşavirlik,mali müşavirlik,anlam içi
serbest piyasa ekonomisi,serbest ekonomi,anlam içi
seremoni,tören,yönlendirme
Seretan,Yengeç Burcu,yönlendirme
sergen,vitrin,yönlendirme
sergievi,sergi salonu,anlam içi
sergileme,teşhir,anlam içi
sergilemek,teşhir etmek,anlam içi
sergilik,stant,anlam içi
serhat,sınır boyu,yönlendirme
serigrafi,ipek baskı,yönlendirme
serinkanlı,soğukkanlı,yönlendirme
serinkanlılık,soğukkanlılık,yönlendirme
serinlemek,serinleşmek,anlam içi
serinleşmek,serinlik vermek,anlam içi
serinletmek,serinlik vermek,anlam içi
seri üretim,seri imalat,anlam içi
sermayeci,anamal sahibi,anlam içi
sermayeci,sermayedar,anlam içi
sermestane,sarhoşça,yönlendirme
serpiştirmek,serpmek,anlam içi
serpme,serpme ağ,anlam içi
serpme,tepeden inme,anlam içi
sersemce,sersemcesine,anlam içi
serseri kurşun,maganda kurşunu,anlam içi
sert,pek,anlam içi
sert,katı,anlam içi
sert,yumuşak karşıtı,anlam içi
sert,sıkı,anlam içi
sert,tonsuz,yönlendirme
sertelmek,sertleşmek,yönlendirme
sertlenmek,sertleşmek,anlam içi
sertleşme,ereksiyon,anlam içi
sertleşme,tonsuzlaşma,yönlendirme
sertleşmek,katılaşmak,anlam içi
sertleşmek,tonsuzlaşmak,yönlendirme
sertlik,şiddet,anlam içi
sertlik,tonsuzluk,yönlendirme
sert ünsüz,"tonsuz ünsüz: ç, f, h, k, p, s, ş, t",yönlendirme
servi,servi ağacı (Cupressus sempenvirens),anlam içi
servis,bu işin yapıldığı yer,anlam içi
servis arabası,servis aracı,anlam içi
servis takımı,yemek takımı,yönlendirme
serviyet pensi,örtü pensi,yönlendirme
servi ağacı,servi,yönlendirme
serzeniş,yakınma,yönlendirme
ses,ün,anlam içi
ses,avaze,anlam içi
sesçil alfabe,fonetik alfabe,anlam içi
sesçil yazım,sesçil imla,anlam içi
sesçil yazım,fonetik imla,anlam içi
seslendirmek,kaydetmek,anlam içi
seslenmek,ünlemek,anlam içi
seslenmek,hitap etmek,anlam içi
sesli,ünlü,yönlendirme
sesli uyumu,ünlü uyumu,yönlendirme
sessiz,ünsüz,yönlendirme
sessizce,sessizcesine,anlam içi
sessizlik,sükût,anlam içi
sessizlik,tıs,anlam içi
sessiz uyumu,ünsüz uyumu,yönlendirme
ses aleti,ses aygıtı,yönlendirme
ses kakışması,ses uyumsuzluğu,yönlendirme
ses yönetmeni,tonmayster,anlam içi
sevecen,şefkatli,anlam içi
sevecenlik,şefkat,anlam içi
sevecenlik,şefkatlilik,anlam içi
sevecenlik,müşfiklik,anlam içi
sevici,ablacı,anlam içi
sevicilik,ablacılık,anlam içi
sevimli,şirin,anlam içi
sevimlilik,şirinlik,anlam içi
sevimsizleşme,antipatikleşme,anlam içi
sevimsizleşmek,antipatikleşmek,anlam içi
sevimsizlik,antipatiklik,anlam içi
sevinç,sürur,anlam içi
sevinçli,şen,yönlendirme
Sevir,Boğa Burcu,yönlendirme
sevkülceyş,strateji,yönlendirme
sevmek,gönül vermek,anlam içi
seyir,temaşa,anlam içi
seyis,at bakıcısı,yönlendirme
seyislik,at bakıcılığı,yönlendirme
Seylani,Seylan taşı,yönlendirme
seylap,su baskını,yönlendirme
seyran,gezinme,yönlendirme
seyrek,binde bir,anlam içi
seyrek,bayramdan bayrama,anlam içi
seyrek,bayramda seyranda,anlam içi
seyrekleşme,seyrelme,anlam içi
seyrekleşmek,seyrelmek,anlam içi
seyrekleştirme,seyreltme,anlam içi
seyrekleştirmek,seyreltmek,anlam içi
seyreklik,nadirlik,anlam içi
seyrüsefer,trafik,yönlendirme
seyyar,portatif,yönlendirme
seyyar kablo,uzatma kablosu,yönlendirme
seyyar satıcı,gezdirici,anlam içi
Sezar mantarı,imparator mantarı,yönlendirme
sezdirmek,sezindirmek,anlam içi
sezgi,sezi,anlam içi
sezgili,sezgisel,anlam içi
sezinleme sürati,öncelleme sürati,yönlendirme
sezü,mantar meşesi,yönlendirme
sıcakkanlılık,sempatiklik,anlam içi
sıcaklık,suhunet,anlam içi
sıcaklıkölçer,termometre,anlam içi
sıcak harp,sıcak savaş,yönlendirme
sıçandişi,antika işi,yönlendirme
sıçankulağı,farekulağı,yönlendirme
sıfat,ön ad: beyaz (ev),anlam içi
sıfat,güzel (çocuk),anlam içi
sıfat,beş (gün),anlam içi
sıfat,bu (kitap) vb,anlam içi
sıfat-fiil,partisip: yak-acak (odun),anlam içi
sıfat-fiil,oku-y-an (öğrenci),anlam içi
sıfat-fiil,geliş-me-miş (ülke) vb,anlam içi
sığın,alageyik,yönlendirme
sığınık,sığınmacı,yönlendirme
sığınmak,iltica etmek,anlam içi
sığırcı,sığırtmaç,yönlendirme
sığırcık,çekirge kuşu (Sturnus vulgaris),anlam içi
sığırdili,öküzdili (Anchusa officinalis),anlam içi
sığırdili,cönk,yönlendirme
sığırgözü,öküzgözü,yönlendirme
sığırtmaç,sığır çobanı,anlam içi
sığırtmaçlık,nahırcılık,anlam içi
sığır sineği,eğrice (II) (Tabanus bovinus),anlam içi
sığır şeridi,tenya,yönlendirme
sığır tenyası,tenya,yönlendirme
sığla,günlük ağacı,yönlendirme
sıkça,sık sık,anlam içi
sıkı,tıkız,anlam içi
sıkı,gevşek olmayan,anlam içi
sıkılamak,sıkıştırmak,yönlendirme
sıkılgan,utangaç,yönlendirme
sıkılmamazlık,sıkılmazlık,yönlendirme
sıkılmaz,utanmaz,yönlendirme
sıkılmazlık,utanmazlık,yönlendirme
sıkıntı,bungunluk,anlam içi
sıkıntı,zor,anlam içi
sıkıntı,karanlık,anlam içi
sıkıntısız,bunsuz,anlam içi
sıkıntısız,sancısız,anlam içi
sıkıntısızlık,kasavetsizlik,anlam içi
sıkıştırmak,tıkmak,anlam içi
sıkıştırmak,tutuşturmak,yönlendirme
sıkı denetimci,sansürcü,yönlendirme
sıkı denetimcilik,sansürcülük,yönlendirme
sıkı sıkıya,sımsıkı,yönlendirme
sıkmak,üzmek,anlam içi
sıkmak,zorlamak,anlam içi
sıkmalık portakal,sıkma portakal,anlam içi
sıla özlemi,yurt özlemi,yönlendirme
sıla sigası,zarf-fiil,yönlendirme
sımsıcak,sıpsıcak,anlam içi
sınamak,denemek,anlam içi
sınamak,tecrübe etmek,anlam içi
sınamak,imtihan etmek,anlam içi
sındırmak,sindirmek,yönlendirme
sınıfsız,lümpen,anlam içi
sınıf öğretmeni,sınıf muallimi,anlam içi
sınıf öğretmenliği,sınıf muallimliği,anlam içi
sınır,uç,anlam içi
sınırdaşlık,hemhudutluk,anlam içi
sınırlamak,sınırlandırmak,anlam içi
sınırsız,hadsiz,anlam içi
sınırsızlık,hadsizlik,anlam içi
sınırsızlık,hudutsuzluk,anlam içi
sınırsızlık,gayrimahdutluk,anlam içi
sınır boyu,uç,anlam içi
sır,raz,anlam içi
sıralama,tertip,anlam içi
sıralı cümle,sıralı tümce,anlam içi
sırasız,düzensiz,anlam içi
sırat,sırat köprüsü,yönlendirme
sırça köşk,sırça saray,anlam içi
sırdaş,cankulağı,anlam içi
sırıkla atlama,sırıkla yüksek atlama,yönlendirme
sırılsıklam,sırsıklam,anlam içi
sırıtmak,sırtarmak,anlam içi
sırsıklam âşık,sırılsıklam âşık,yönlendirme
sırtlan,yeleli kurt (Hyaena),anlam içi
sıska,eneze,anlam içi
sıtma ağacı,okaliptus,yönlendirme
sıtma sivrisineği,anofel (Anopheles maculipennis),anlam içi
sıvalama,sıvama,yönlendirme
sıvalamak,sıvamak,yönlendirme
sıvama,silme,yönlendirme
sıvı,akar,anlam içi
sıvılaştırılmış petrol gazı,likit petrol gazı,anlam içi
sıvılaştırılmış petrol gazı,likit gaz,anlam içi
sıvışmak,tüymek,anlam içi
sıvı gaz,sıvılaştırılmış petrol gazı,yönlendirme
sıyrık,sıyrıntı,anlam içi
sızdırma,sızırma,anlam içi
sızdırmak,sızırmak,anlam içi
sızıcı ünsüz,sürekli ünsüz,anlam içi
sızıltı,sızlanma,yönlendirme
sızlanma,tazallüm,anlam içi
sızlanmak,yakınmak,anlam içi
sızlanmak,şikâyet etmek,anlam içi
sızlanmak,şekva etmek,anlam içi
sızlanmak,tazallüm etmek,anlam içi
sicilli,sabıkalı,anlam içi
siderit,sideroz,yönlendirme
sidik borusu,idrar borusu,yönlendirme
sidik kavuğu,idrar torbası,yönlendirme
sidik söktürücü,idrar söktürücü,yönlendirme
sidik torbası,idrar torbası,yönlendirme
sidik yolu,idrar yolu,yönlendirme
siftahlamak,siftah etmek,anlam içi
sigara,cigara,anlam içi
sigaralık,sigara ağızlığı,yönlendirme
sigara tabakası,sigara kutusu,anlam içi
siğil,tavukgötü,anlam içi
siklamen,meryemanakandili,anlam içi
siklamen,tavşankulağı (Cyclamen coum),anlam içi
siklamen,siklamen rengi,yönlendirme
sikmek,bellemek,anlam içi
silecek,silgeç,anlam içi
silecek,silgiç,anlam içi
sili,temiz,yönlendirme
sililik,temizlik,yönlendirme
sililik,iffetlilik,yönlendirme
silindir,üstüvane,anlam içi
silindir,silindir makinesi,anlam içi
silindir,silindir şapka,yönlendirme
silindirik,silindirsel,yönlendirme
silkelenmek,silkinmek,yönlendirme
silsileimeratip,rütbe sıralaması,yönlendirme
simge,timsal,anlam içi
simgeleştirilme,sembolleştirilme,anlam içi
simgeleştirilmek,sembolleştirilmek,anlam içi
simgesellik,semboliklik,anlam içi
simit fırını,simitçi fırını,anlam içi
simultane,anında,yönlendirme
simülasyon,öğrence,anlam içi
sinagog,Yahudi tapınağı,anlam içi
sincabi,sincap rengi,yönlendirme
sincap,çekelez (Sciurus vulgaris),anlam içi
sindirim aygıtı,sindirim sistemi,yönlendirme
sindirmek,pıstırmak,anlam içi
sinek,cibin,anlam içi
sinek,ispati,anlam içi
sinekçil,sinekyutan (Muscicapa),anlam içi
sinekyutan,sinekçil,yönlendirme
sinek ağırlık,sinek sıklet,yönlendirme
sinek mantarı,deli mantar,anlam içi
sinek mantarı,gelin mantarı (Amanita muscaria),anlam içi
sinemacılık,sinematografi,anlam içi
sinema endüstrisi,sinema sanayisi,anlam içi
sinerji,artı güç,yönlendirme
sinir,asap,anlam içi
sinirlenmek,feveran etmek,anlam içi
sinirlilik,sinir bozukluğu,anlam içi
sinirlilik,asap bozukluğu,anlam içi
sinirsel,nevrotik,anlam içi
sinir harbi,sinir savaşı,yönlendirme
sinizm,kinizm,anlam içi
sinle,mezarlık,yönlendirme
sinlik,mezarlık,yönlendirme
sinme,pısma,anlam içi
sinsice,sinsi sinsi,anlam içi
siper,siperlik,yönlendirme
siretünnebevi,siretünnebi,yönlendirme
sirke,bit sirkesi,anlam içi
sirken,yabani ıspanak,anlam içi
sirken,yalancı ıspanak,anlam içi
sirken,tel ıspanak (Chenopodium album),anlam içi
sismograf,depremölçer,yönlendirme
sismolojik,deprem bilimsel,yönlendirme
sistematik,sistemli,yönlendirme
sistemlilik,sistematiklik,anlam içi
sistemlilik,dizgelilik,anlam içi
sitil,çitil,anlam içi
sitolojik,hücre bilimsel,yönlendirme
sitrik asit,limon tuzu,yönlendirme
sivil,sivil polis,yönlendirme
sivil idare,sivil yönetim,yönlendirme
sivil toplum örgütü,sivil toplum kuruluşu,yönlendirme
sivri,palamut,yönlendirme
sivrileşmek,sivrilmek,yönlendirme
sivrilme,temeyyüz,anlam içi
sivrilmek,temeyyüz etmek,anlam içi
sivri akıllı,sivri fikirli,anlam içi
siyah,"kara (II), ak, beyaz karşıtı",yönlendirme
siyahımtırak,siyahımsı,yönlendirme
siyahi,zenci,yönlendirme
siyah hardal,hardal,yönlendirme
siyah pasaport,diplomatik pasaport,yönlendirme
siyakusibak,sibakusiyak,anlam içi
Siyam ikizleri,Siyam ikizi,anlam içi
siyasal,siyasi,anlam içi
siyasallık,siyasilik,anlam içi
siyasallık,politiklik,anlam içi
siyasi parti,siyasal parti,anlam içi
siya siya,yavaş yavaş,yönlendirme
siyek,üretra,anlam içi
siyez buğdayı,kaplıca (II) (Triticum monococcum),anlam içi
siyim siyim,siyem siyem,anlam içi
siyim siyim,süyüm süyüm,anlam içi
slash,eğik çizgi,yönlendirme
slayt,diya,anlam içi
slip,ödeme belgesi,yönlendirme
Slovak,Slovakyalı,anlam içi
Sloven,Slovenyalı,anlam içi
smaç,küt,anlam içi
smaçör,kütör,anlam içi
snobizm,züppelik,yönlendirme
snop,züppe,yönlendirme
snopluk,züppelik,yönlendirme
soda,çamaşır sodası,yönlendirme
sodyum bikarbonat,karbonat (NaHCO3),anlam içi
sodyum florit,sodyum florür,yönlendirme
sodyum florür,sodyum florit (NaF),anlam içi
sodyum hidroksit,sut kostik (NaOH),anlam içi
sodyum klorür,tuz,yönlendirme
sofra,sofra tahtası,yönlendirme
sofra bezi,mandal,anlam içi
sofra bezi,sofra örtüsü,anlam içi
soğansı,soğanımsı,anlam içi
Soğdca,Soğdakça,anlam içi
soğrulma,soğurulma,yönlendirme
soğrulmak,soğurulmak,yönlendirme
soğrumsama,yüze soğurma,yönlendirme
soğuk,ilgisiz,anlam içi
soğuk,antipatik,anlam içi
soğukkanlı,telaşsız,anlam içi
soğuklaşmak,soğumak,yönlendirme
soğukluk,antipati,anlam içi
soğuk dalgası,soğuk hava dalgası,yönlendirme
soğuk harp,soğuk savaş,yönlendirme
soğurma,absorbe,anlam içi
soğurmak,absorbe etmek,anlam içi
soğurulmak,absorbe olmak,anlam içi
soğutmaç,soğutucu,yönlendirme
sokak kadını,sokak kızı,anlam içi
soket,soket çorap,yönlendirme
sokmak,tıkmak,anlam içi
solaryum,güneşletici,yönlendirme
solipsizm,tekbencilik,yönlendirme
solist,solocu,anlam içi
solistlik,soloculuk,anlam içi
soluk,uçuk,anlam içi
solukluk,şnorkel,anlam içi
soluk borusu,trake,anlam içi
soluk borusu,trakeit,anlam içi
soluk soluğa,gürsoluk,anlam içi
solunum,teneffüs,anlam içi
solunum aygıtı,solunum sistemi,yönlendirme
solunum aygıtı,solunum cihazı,yönlendirme
solunum cihazı,ventilatör,anlam içi
som,somon balığı,yönlendirme
somnambulizm,uyurgezerlik,yönlendirme
somon,somon balığı,yönlendirme
somon balığı,somon (Salmo salar),anlam içi
somurma,soruma,anlam içi
somurmak,sorumak,anlam içi
somurtkan,sorutkan,anlam içi
somurtkan,suratsız,anlam içi
somurtkan,abusülvecih,anlam içi
somurtmak,surat asmak,anlam içi
somut,soyut karşıtı,anlam içi
somutluk,müşahhaslık,anlam içi
somut ad,somut isim: ev,anlam içi
somut ad,deniz,anlam içi
somut ad,ışık,anlam içi
somut ad,ses gibi,anlam içi
somut isim,somut ad,yönlendirme
son,ilk karşıtı,anlam içi
sonbahar,bağ bozumu,anlam içi
sondaj,sondalama,yönlendirme
sondajcı,sondalamacı,yönlendirme
sondalamacılık,sondajcılık,anlam içi
sonra,önce karşıtı,anlam içi
sonradan,muahharen,anlam içi
sonradan görme,sonradan görmüş,yönlendirme
sonradan görmelik,sonradan görmüşlük,yönlendirme
sonrasız,sonsuz,yönlendirme
sonrasızlık,sonsuzluk,yönlendirme
sonsuz,tükenmez,anlam içi
sonsuzlaşma,bitimsizleşme,anlam içi
sonsuzlaşmak,bitimsizleşmek,anlam içi
sonsuzlaştırabilme,ebedîleştirebilme,anlam içi
sonsuzlaştırabilmek,ebedîleştirebilmek,anlam içi
sonsuzlaştırılma,ebedîleştirilme,anlam içi
sonsuzlaştırılmak,ebedîleştirilmek,anlam içi
sonsuzlaştırma,bitimsizleştirme,anlam içi
sonsuzlaştırmak,bitimsizleştirmek,anlam içi
sonsuzluk,bitimsizlik,anlam içi
sonsuzluk,payansızlık,anlam içi
sonuç,skor,anlam içi
sonuçlama,sonuçlandırma,yönlendirme
sonuçlamak,sonuçlandırmak,yönlendirme
sonuçlandırabilme,neticelendirebilme,anlam içi
sonuçlandırabilmek,neticelendirebilmek,anlam içi
sonuçlandırılma,neticelendirilme,anlam içi
sonuçlandırılmak,neticelendirilmek,anlam içi
sonuçlandırmak,intaç etmek,anlam içi
sonuçlanmak,intaç edilmek,anlam içi
sonuç karşılaşması,sonuç yarışması,yönlendirme
son adam,libero,anlam içi
son birim,marjinal,anlam içi
son çeyrek,dördüncü çeyrek,anlam içi
son derece,son kerte,anlam içi
son kertede,sonuçta,yönlendirme
son söz,son deyiş,anlam içi
son vazife,son görev,yönlendirme
sorguç,tuğ,anlam içi
sorguç,tepelik,anlam içi
sorgun,sepetçi söğüdü,yönlendirme
sorgu hâkimi,sorgu yargıcı,yönlendirme
sorgu kutusu,arama çubuğu,anlam içi
sorgu kutusu,arama kutusu,anlam içi
sormak,sual etmek,anlam içi
soru,sual,anlam içi
sorum,sorumluluk,yönlendirme
sorumluluk,uhde,anlam içi
sorumsuzca,mesuliyetsizce,anlam içi
sorun,sıkıntı,anlam içi
sorunlu,meseleli,anlam içi
sorunsuz,meselesiz,anlam içi
soruşturma,tahkik,anlam içi
soruşturma,tahkikat,anlam içi
soruşturmacı,soruşturucu,anlam içi
soruşturmacılık,soruşturuculuk,anlam içi
soruşturmacılık,muhakkiklik,anlam içi
sosyal,toplumsal,yönlendirme
sosyalist,toplumcu,yönlendirme
sosyalizasyon,toplumsallaştırma,yönlendirme
sosyalizm,toplumculuk,yönlendirme
sosyalleşebilme,toplumsallaşabilme,yönlendirme
sosyalleşebilmek,toplumsallaşabilmek,yönlendirme
sosyalleşme,toplumsallaşma,yönlendirme
sosyalleşmek,toplumsallaşmak,yönlendirme
sosyalleştirme,toplumsallaştırma,yönlendirme
sosyalleştirmek,toplumsallaştırmak,yönlendirme
sosyal bünye,sosyal yapı,yönlendirme
sosyal faaliyet,sosyal etkinlik,yönlendirme
sosyal hayat,sosyal yaşam,anlam içi
sosyal mesafe,fiziksel mesafe,yönlendirme
sosyal tabaka,sosyal sınıf,anlam içi
sosyal tabaka,toplumsal tabaka,anlam içi
sosyal tabakalaşma,toplumsal tabakalaşma,anlam içi
sosyal yapı,toplumsal yapı,anlam içi
sosyetik,asortik,anlam içi
sosyolog,toplum bilimci,yönlendirme
sosyoloji,toplum bilimi,yönlendirme
soy,sülale,anlam içi
soy,uruk,anlam içi
soy,tür,yönlendirme
soya,soya fasulyesi (Soia hispida),anlam içi
soyadı,soy ismi,anlam içi
soyağacı,soy kütüğü,anlam içi
soya fasulyesi,soya,yönlendirme
soya loru,soya eti,yönlendirme
soylu,asaletli,anlam içi
soyluluk,asaletlilik,anlam içi
soysuzlaşma,tefessüh,anlam içi
soysuzlaşma,dejenerasyon,anlam içi
soysuzlaşmak,tefessüh etmek,anlam içi
soysuzlaşmak,dejenere olmak,anlam içi
soyut,somut karşıtı,anlam içi
soyutçu,abstraksiyonist,anlam içi
soyutlama,tecrit,anlam içi
soyutlama,abstraksiyon,anlam içi
soyut ad,soyut isim: akıl,anlam içi
soyut ad,hayal,anlam içi
soyut ad,sevgi,anlam içi
soyut ad,ülkü vb,anlam içi
soyut isim,soyut ad,yönlendirme
soyut sanat,abstre sanat,anlam içi
soy oluş,birey oluş karşıtı,anlam içi
soy sop,hasep nesep,anlam içi
soy yapısı,genotip,anlam içi
söbelen,pösteki mantarı (Coprinus comatus),anlam içi
sömürgeci,kolonizatör,anlam içi
sömürgecilik,kolonyalizm,anlam içi
sömürgecilik,kolonizatörlük,anlam içi
sömürgeleşme,müstemlekeleşme,anlam içi
sömürgeleşmek,müstemlekeleşmek,anlam içi
sömürgeleştirme,müstemlekeleştirme,anlam içi
sömürgeleştirmek,müstemlekeleştirmek,anlam içi
sömürgen,sömürücü,yönlendirme
sönümlemek,itfa etmek,anlam içi
sörf,yelken kayağı,anlam içi
sövme,küfrediş,anlam içi
sövme,küfür,anlam içi
sövüşmek,küfürleşmek,yönlendirme
söylenilmek,söylenmek,yönlendirme
söyleşi,sohbet,anlam içi
söyleyiş,telaffuz,yönlendirme
sözcük türü,kelime türü,yönlendirme
sözde,sözüm ona,anlam içi
sözlendirici,seslendirici,yönlendirme
sözlendiricilik,seslendiricilik,yönlendirme
sözleşme,kavletme,anlam içi
sözleşmek,kavletmek,anlam içi
sözlü,şifahi,anlam içi
sözlü,oral,anlam içi
sözlü,yazılı karşıtı,anlam içi
sözlük bilgisi,sözlükçülük,yönlendirme
sözlük birimi,leksik birimi,anlam içi
sözlü edebiyat,şifahi edebiyat,anlam içi
sözsüz,çalgısal,anlam içi
sözün kısası,kısacası,yönlendirme
söz dağarcığı,söz varlığı,yönlendirme
söz düellosu,söz yarışı,anlam içi
söz gelimi,söz gelişi,yönlendirme
söz gelişi,söz misali,anlam içi
söz gelişi,temsil,anlam içi
söz gelişi,söz temsili,anlam içi
söz gösterisi,tolkşov,anlam içi
söz kesimi,sözlenme,yönlendirme
söz konusu,bahis mevzusu,anlam içi
söz varlığı,söz hazinesi,anlam içi
söz varlığı,sözcük hazinesi,anlam içi
söz varlığı,vokabüler,anlam içi
spektroskop,tayfölçer,yönlendirme
spektroskopi,tayf ölçümü,yönlendirme
spekülasyon,vurgunculuk,yönlendirme
spekülatör,vurguncu,yönlendirme
spermatozoit,tohum,anlam içi
spesifik,özellikli,yönlendirme
spesiyalist,uzman,yönlendirme
spiritüalist,ruhçu,yönlendirme
spiritüalizm,ruhçuluk,yönlendirme
sponsor,destekleyici,yönlendirme
sponsorluk,destekleyicilik,yönlendirme
sporcu,sportmen,anlam içi
spor araba,spor otomobil,anlam içi
spot,tanıtımcık,yönlendirme
sprey,püskürtücü,yönlendirme
standardizasyon,standartlaşma,yönlendirme
standart,ölçün,anlam içi
standart,ölçünlü,anlam içi
standart,tek biçim,anlam içi
standart,tek tip,anlam içi
standartlaştırmak,tek tipleştirilmek,anlam içi
standartlaştırmak,tek tipleştirmek,anlam içi
standart dil,ölçünlü dil,yönlendirme
stat,stadyum,yönlendirme
statü,tüzük,yönlendirme
steno,stenografi,anlam içi
steno,stenograf,anlam içi
stereofoni,stereo,anlam içi
steril,arınık,yönlendirme
sterilizasyon,arınıklık,yönlendirme
sterilize,arınık,yönlendirme
sterlin,paunt,anlam içi
stetoskop,dinleme cihazı,yönlendirme
stil,tarz,yönlendirme
stil,üslup,yönlendirme
stilist,giyimçizer,yönlendirme
stok,yığılım,anlam içi
stok,yığımlık,yönlendirme
stopaj,ön kesinti,yönlendirme
stratejik,izlemsel,yönlendirme
stres,ruhsal gerilim,yönlendirme
su,sutaş,yönlendirme
suare,gece gösterimi,yönlendirme
subjektif,"öznel, objektif karşıtı",yönlendirme
sucul,hidrofilik,anlam içi
suçlama,töhmet,anlam içi
suçluluk,mücrimlik,anlam içi
suçluluk duygusu,suçluluk hissi,anlam içi
suçsuz,masum,anlam içi
suçüstü mahkemesi,meşhut cürümler mahkemesi,anlam içi
sugötürmez,sözgötürmez,anlam içi
sularında,raddelerinde,anlam içi
sulu gözlü,sulu göz,anlam içi
sulu tarım,sulu ziraat,anlam içi
sulu yemek,tencere yemeği,anlam içi
sumaymuncuğu,sumaymunu,yönlendirme
sunak,altar,anlam içi
suni çim,yapay çim,anlam içi
suni çim saha,yapay çim saha,anlam içi
suni tahta,sunta,yönlendirme
sunma,takdim,anlam içi
sunmak,arz etmek,anlam içi
sunmak,takdim etmek,anlam içi
sunmak,tutmak,anlam içi
sunucu,takdimci,anlam içi
sunuculuk,takdimcilik,anlam içi
sunulmak,arz edilmek,anlam içi
sunulmak,arz olunmak,anlam içi
sunulmak,takdim edilmek,anlam içi
sunulmak,takdim olunmak,anlam içi
sup,supangle,yönlendirme
supap,sibop,anlam içi
susam,süsen,yönlendirme
suskun,sükûti,anlam içi
suskunluk,sükûtilik,anlam içi
susmalık,sus payı,yönlendirme
susturmak,ilzam etmek,anlam içi
sus payı,sükût hakkı,anlam içi
sutaş,suyolu,anlam içi
sut kostik,sodyum hidroksit,yönlendirme
suvat,sıvat,anlam içi
su aygırı,hipopotam (Hippopotamus),anlam içi
su baldıranı,su rezenesi (Cicuta virosa),anlam içi
su baskını,taşkın,anlam içi
su biti,su piresi,yönlendirme
su böceği,hidrofil (Hydrophilus caraboides),anlam içi
su çulluğu,bataklık çulluğu,yönlendirme
su düzeyi,su seviyesi,anlam içi
su hattı,su kesimi,yönlendirme
su kabağı,testi kabağı (Lagenaria vulgaris),anlam içi
su keteni,yaban keteni (Eupatorium cannabinum),anlam içi
su küre,su yuvarı,yönlendirme
su piresi,su biti (Daphnia pulex),anlam içi
su rezenesi,su baldıranı,yönlendirme
su saati,su sayacı,yönlendirme
su samuru,lutr (Lutra),anlam içi
su tavuğu,kalinis (Fulica atra),anlam içi
su terazisi,kabarcıklı düzeç,anlam içi
su terazisi,terazi,anlam içi
su terazisi,tesviyeruhu,anlam içi
sübyancı,pedofil,anlam içi
sübyancılık,pedofili,anlam içi
sübye,mürekkep balığı,yönlendirme
süğme,süvme,anlam içi
süğmek,süvmek,anlam içi
süje,özne,yönlendirme
sükûnet,sükûn,anlam içi
sülf,kükürt,yönlendirme
sülfürleme,kükürtleme,yönlendirme
süline,denizçakısı (Solen),anlam içi
sülüngiller,tavukgiller,anlam içi
sümüksü,sümüğümsü,anlam içi
süngercilik,sünger avcılığı,yönlendirme
süngersi,süngerimsi,anlam içi
sünger avcısı,süngerci,anlam içi
sünnet,sünnet düğünü,yönlendirme
süpürge,elektrikli süpürge,yönlendirme
süpürge çalısı,süpürge otu,yönlendirme
süpürge otu,püren (Erica),anlam içi
süreç,vetire,anlam içi
süreğen,akut karşıtı,anlam içi
sürekli,kalıcı,anlam içi
sürekli,temelli,anlam içi
sürekli,sızıcı,yönlendirme
süreklilik,daimîlik,anlam içi
süreklilik,daimlik,anlam içi
süreksiz ünsüz,patlayıcı ünsüz,yönlendirme
sürek avı,sürgün avı,anlam içi
sürer durum,statüko,yönlendirme
Süreyya,Ülker,yönlendirme
süre sonu,vade bitimi,anlam içi
süre sonu,vade sonu,anlam içi
sürgü,tırkaz,anlam içi
sürgü,sürme,anlam içi
sürgü,tapan,anlam içi
sürme,tehcir,yönlendirme
sürme,tutya,anlam içi
sürmedan,sürmelik,yönlendirme
sürmek,nefyetmek,anlam içi
sürnatüralist,doğaüstücü,yönlendirme
sürpriz,şaşırtı,anlam içi
sürücü,şoför,anlam içi
sürücü,taşıtçı,anlam içi
sürücülük,şoförlük,anlam içi
sürüklemek,sürümek,anlam içi
sürüm,versiyon,anlam içi
sürü bağışıklığı,kitle bağışıklığı,yönlendirme
süs,ziynet,anlam içi
süsen,susam (İris germanica),anlam içi
süsleme,tezyin,anlam içi
süslemeci,bezekçi,anlam içi
süslemecilik,süsleme sanatları,yönlendirme
süslemek,tezyin etmek,anlam içi
sütana,sütanne,yönlendirme
sütanalık,sütannelik,yönlendirme
sütanne,sütnine,anlam içi
sütannelik,sütninelik,anlam içi
sütlaç,sütlü,anlam içi
sütleğen,Japon kaktüsü (Euphorbia),anlam içi
sütlüce,düğün çiçeği,yönlendirme
sütlü kengel,deve dikeni,yönlendirme
sütsüz,kart,anlam içi
sütun,üstüvane,anlam içi
sütümsü,sütsü,yönlendirme
süt asidi,laktik asit,yönlendirme
süt beyaz,süt beyazı,anlam içi
süt şekeri,laktoz,yönlendirme
süzek,süzgeç,yönlendirme
süzgeç kâğıdı,süzme kâğıdı,yönlendirme
süzgün,süzük,anlam içi
süzmek,taramak,anlam içi
süzme kahve,filtre kahve,anlam içi
süzme kâğıdı,filtre kâğıdı,anlam içi
süzme yoğurt,kese yoğurdu,anlam içi
süzme yoğurt,torba yoğurdu,anlam içi
şahıs eki,kişi eki,yönlendirme
şahit,tanık,yönlendirme
şahitli,tanıklı,yönlendirme
şahitlik,tanıklık,yönlendirme
şahitsiz,tanıksız,yönlendirme
şahlanmak,şaha kalkmak,anlam içi
şahniş,şahnişin,yönlendirme
şahsiyetlilik,kişiliklilik,yönlendirme
şahsiyetsizlik,kişiliksizlik,yönlendirme
şairanelik,ozansılık,anlam içi
şakacıktan,şakadan,yönlendirme
şakıma,şakrama,anlam içi
şakımak,şakramak,anlam içi
şakımak,terennüm etmek,anlam içi
şakıt,murana,yönlendirme
şakşakçı,zilli bebek,anlam içi
şakullemek,şavullamak,anlam içi
şalgam,şalgam suyu,yönlendirme
şalter,şalt,anlam içi
şalupa,şalopa,anlam içi
şal yaka,mendil yaka,anlam içi
şaman,bakşı,anlam içi
Şamani,Şamanist,yönlendirme
Şamanizm,Şamanlık,yönlendirme
şamarlamak,şamar atmak,anlam içi
şambaba,şambabası,anlam içi
şampiyona,şampiyonluk,yönlendirme
şan,ün,yönlendirme
şanlı,ünlü,yönlendirme
Şanlıurfa,Urfa,anlam içi
Şanlıurfalı,Urfalı,anlam içi
Şanlıurfalılık,Urfalılık,anlam içi
şansız,ünsüz,yönlendirme
şanson,şarkı,yönlendirme
şanssızlık,talihsizlik,anlam içi
şans oyunu,talih oyunu,anlam içi
şantiye,yapı yeri,anlam içi
şapka,düzeltme işareti,yönlendirme
şapka işareti,düzeltme işareti,yönlendirme
şarap,mül,anlam içi
şarıldamak,şarlamak,anlam içi
şarıl şarıl,şar şar,anlam içi
Şark,Doğu,yönlendirme
Şarkçı,Doğucu,yönlendirme
Şarkçılık,Doğuculuk,yönlendirme
Şarki,Doğu,yönlendirme
Şarklılaşmak,Doğululaşmak,yönlendirme
Şark çıbanı,Urfa çıbanı,anlam içi
şartlandırılma,koşullandırılma,anlam içi
şartlandırılmak,koşullandırılmak,anlam içi
şartlanış,koşullanış,anlam içi
şartsızlık,koşulsuzluk,anlam içi
şaşaasız,görkemsiz,yönlendirme
şaşalamak,şaşırmak,anlam içi
şaşırmak,tanlamak,anlam içi
şaşırmak,şaşmak,anlam içi
şaşırmak,tuhaflaşmak,anlam içi
şaşırmak,hayret etmek,anlam içi
şaşırtmak,şaşkınlaşmak,yönlendirme
şaşkınca,şaşkıncasına,anlam içi
şaşma,taaccüp,anlam içi
şaşmamazlık,şaşmazlık,yönlendirme
şatafatlılık,görkemlilik,yönlendirme
şatafatsız,görkemsiz,yönlendirme
şayia,duyultu,anlam içi
şeamet,uğursuzluk,yönlendirme
şecere,soyağacı,yönlendirme
şedit,şiddetli,yönlendirme
şeffaf,transparan,anlam içi
şeffaflaştırılma,saydamlaştırılma,yönlendirme
şeffaflaştırılmak,saydamlaştırılmak,yönlendirme
şehadet,tanıklık,yönlendirme
şehadetname,diploma,yönlendirme
şehir,site,anlam içi
şehircilik,urbanizm,anlam içi
şehirlilik,kentlilik,anlam içi
şehir efsanesi,kent efsanesi,anlam içi
şehitlik,meşhet,anlam içi
şehvetli,kösnülü,anlam içi
şehvetli,şehvani,anlam içi
şeker,şeker hastalığı,yönlendirme
şekerciboyası,Amerikan üzümü (Phytolacca americana),anlam içi
şekerimsi,şekersi,yönlendirme
şekerleme,kedi uykusu,anlam içi
şekilkes,şekilgeç,anlam içi
şekilperestlik,biçimcilik,yönlendirme
şekil bilgisi,biçim bilgisi,yönlendirme
şekva,şikâyet,yönlendirme
şekvacı,şikâyetçi,yönlendirme
şelale,kaskat,anlam içi
şenlik,şetaret,anlam içi
şenlikli,şetaretli,anlam içi
şenliksiz,eğlencesiz,anlam içi
şen şakrak,şen şatır,anlam içi
şerbet,şurup,anlam içi
şerbet,şire,anlam içi
şerbetçi,şurupçu,anlam içi
şerbetçilik,şurupçuluk,anlam içi
şerbetleme,şuruplama,anlam içi
şerbetlemek,şuruplamak,anlam içi
şerbetlenme,şuruplanma,anlam içi
şerbetlenmek,şuruplanmak,anlam içi
şerbetli,şuruplu,anlam içi
şerbetli,şireli,anlam içi
şerbetsiz,şurupsuz,anlam içi
şerbetsiz,şiresiz,anlam içi
şereflendirme,onurlandırış,anlam içi
şeref kıtası,tören birliği,yönlendirme
şeref konuğu,şeref misafiri,anlam içi
şerit,tenya,yönlendirme
şeritgiller,şeritler,yönlendirme
şetim,sövme,yönlendirme
şeytanca,iblisçe,anlam içi
şeytanca,şeytancasına,anlam içi
şeytanca,şeytani,anlam içi
şeytanet,şeytanlık,yönlendirme
şeytanmasası,mantar kaya,anlam içi
şeytansaçı,küsküt otu,yönlendirme
şeytansı,şeytanımsı,anlam içi
şeytantersi,baldırgan (Ferula assa-foetida),anlam içi
şeytan elması,tatula,yönlendirme
şıldır şıldır,şırıl şırıl,yönlendirme
şıpıdık,şıpşıp,anlam içi
şıra,şire,anlam içi
şırlağan,susam yağı,yönlendirme
Şia,Şiilik,yönlendirme
şiddet,hız,yönlendirme
şiddetlenmek,hızlanmak,anlam içi
şiddetlenmek,azışmak,anlam içi
şiddetli,zorlu,anlam içi
şifahi,"sözlü, tahrirî karşıtı",yönlendirme
şifre,kod,anlam içi
şifreleme,kriptografi,anlam içi
şiirsi,şiirimsi,anlam içi
şikemperver,boğazına düşkün,yönlendirme
şikemperverlik,boğazına düşkünlük,yönlendirme
şikâyet,yakınma,anlam içi
şikâyet kutusu,yakınma kutusu,anlam içi
şimdilerde,bugünlerde,yönlendirme
şimendifer,tren,yönlendirme
Şintoculuk,Şintoizm,anlam içi
şip,biz,yönlendirme
şipşak,alamünit (fotoğraf),anlam içi
şipşak,şipşakçı,yönlendirme
şipşakçı,alaminütçü,anlam içi
şipşakçılık,alaminüt fotoğrafçılık,anlam içi
şirden dolması,mumbar dolması,yönlendirme
şist,kil taşı,yönlendirme
şiş,şişlik,anlam içi
şişko,şişman,yönlendirme
şişman,kilolu,anlam içi
şişmanlamak,toplanmak,anlam içi
şoför okulu,sürücü kursu,yönlendirme
şom,uğursuz,yönlendirme
Şorca,Şor Türkçesi,yönlendirme
şoset,soket çorap,yönlendirme
şöhret,ün,yönlendirme
şöhretli,ünlü,yönlendirme
şöhretsiz,ünsüz,yönlendirme
şölen,ziyafet,yönlendirme
şömiz,gömlek,yönlendirme
şövale,ressam sehpası,yönlendirme
şöyle,şu biçimde,anlam içi
şöyle,şu şekilde,anlam içi
şöylece,şu biçimde,anlam içi
şöylece,şu şekilde,anlam içi
şöylesine,gelişigüzel,anlam içi
şöylesine,öylesine,anlam içi
şöyle bir,üstünkörü,yönlendirme
şu,şurası,anlam içi
şura,şurası,anlam içi
şu açıdan,şundan dolayı,yönlendirme
şu bakımdan,şundan dolayı,yönlendirme
şu yönden,şundan dolayı,yönlendirme
şu yüzden,şundan dolayı,yönlendirme
şükretme,şükreyleme,anlam içi
şükretmek,şükreylemek,anlam içi
şüphelenebilmek,kuşkulanabilmek,yönlendirme
şüpheleniş,kuşkulanış,yönlendirme
taahhüt,üstenme,anlam içi
taahhüt,üstlenme,anlam içi
taammüden,bilerek,yönlendirme
taba,tütün rengi,anlam içi
tababet,tıp,yönlendirme
tabaka,sınıf,yönlendirme
tabaka,sigara tabakası,yönlendirme
tabakasız,katmansız,yönlendirme
taban,zemin,anlam içi
taban,tavan karşıtı,anlam içi
taban,temel,yönlendirme
taban,burun,anlam içi
taban,gözlükçü,anlam içi
taban,kavur-mak vb,anlam içi
tabanlık,travers,anlam içi
tabiat,zevk,anlam içi
tabiat taklidi,yansımalı kelime,yönlendirme
tabiiyet,uyrukluk,yönlendirme
tabiiyetli,uyruklu,yönlendirme
tabiiyetsiz,uyruksuz,yönlendirme
tabiiyetsizlik,uyruksuzluk,yönlendirme
tabildot,"seçmesiz yemek, alakart karşıtı",yönlendirme
tablacılık,tablakârlık,anlam içi
tablakâr,tablacı,yönlendirme
tabla taşı,kitabe taşı,anlam içi
tablet,tablet bilgisayar,yönlendirme
tabu,tekinsiz,anlam içi
tabut,sal,anlam içi
tabut,dört kollu,anlam içi
tabya,tabiye,anlam içi
tacir,tüccar,yönlendirme
taç,iklil,anlam içi
taç yaprağı,taç yaprak,yönlendirme
taflan,karayemiş ağacı,anlam içi
taflan,karayemiş (Prunus laurocerasus),anlam içi
tagallüp,zorbalık,yönlendirme
tağşiş,katıştırma,anlam içi
tahakkuk memuru,gerçekleştirme görevlisi,yönlendirme
taharet borusu,taharet çubuğu,anlam içi
taharri memuru,sivil polis,yönlendirme
taharrüş etmek,irkilmek,yönlendirme
tahassun,sığınma,anlam içi
tahinî,tahin rengi,yönlendirme
tahlil,analiz,anlam içi
tahlilcilik,çözümleyicilik,yönlendirme
tahlisiye,tahlisiye sandalı,yönlendirme
tahmin,oranlama,anlam içi
tahrif,değiştirme,anlam içi
tahrik,kımıldatma,anlam içi
tahril,tahrir,yönlendirme
tahrilli,tahrirli,yönlendirme
tahsildar,vergici,anlam içi
tahsildarlık,alımcılık,anlam içi
tahsildarlık,vergicilik,anlam içi
tahta,tarh,anlam içi
tahtakurusu,tahta biti (Cimex lectularius),anlam içi
tahtalı,tahtalı güvercin,yönlendirme
tahtalıköy,mezarlık,yönlendirme
tahta biti,tahtakurusu,yönlendirme
tahta göğüs,tahta göğüslü,yönlendirme
tahta kurdu,odun kurdu (Anobium punctatum),anlam içi
tahta perde,tahta havale,anlam içi
tahta perde,taraba,anlam içi
tahvil,obligasyon,anlam içi
takatsizce,mecalsizce,anlam içi
takatsizleştirme,hâlsizleştirme,anlam içi
takatsizleştirmek,hâlsizleştirmek,anlam içi
takat sınırı,dayanma gücü,yönlendirme
takdim,tanıtma,yönlendirme
takdim,tanıştırma,yönlendirme
takdimci,tanıtmacı,yönlendirme
takdimcilik,tanıtmacılık,yönlendirme
takdir,takdirname,yönlendirme
takdir hakkı,takdir yetkisi,anlam içi
takım,sigara ağızlığı,yönlendirme
takım,takım elbise,yönlendirme
takıntı,obsesyon,anlam içi
takıntılı,obsesif,anlam içi
takıntılılık,obsesiflik,anlam içi
takır takır,takır tukur,anlam içi
takızafer,zafer takı,yönlendirme
taklacı,taklacı güvercin,yönlendirme
taklidî kelime,yansımalı kelime,yönlendirme
taklitçilik,öykünmecilik,anlam içi
taklit etmek,öykünmek,anlam içi
takmak,tınmak,anlam içi
takma ad,takma isim,anlam içi
takma ayak,takma bacak,anlam içi
takma saç,peruk,anlam içi
takoz,telfin,yönlendirme
taktik,tabiye,anlam içi
takunyasız,nalınsız,anlam içi
takva,züht,anlam içi
talaş böreği,talaş kebabı,anlam içi
talil,tümdengelim,yönlendirme
talimhane,eğitim alanı,yönlendirme
talkın,telkin,anlam içi
tallahi,vallahi,yönlendirme
tam,tıpkı,yönlendirme
tam,iyice,anlam içi
tamamen,ağız ağıza,anlam içi
tamamen,bütünüyle,anlam içi
tamamen,iyice,anlam içi
tamamen,sıkı sıkı,anlam içi
tamamen,tam tamına,anlam içi
tamamen,tamamı tamamına,anlam içi
tamamen,tamamıyla,anlam içi
tamamen,tamı tamına,anlam içi
tamamen,tastamam,anlam içi
tamamen,tekmil,anlam içi
tamamen,temelli,anlam içi
tamamen,tepeden ayağa,anlam içi
tamamen,tepeden tırnağa,anlam içi
tamamen,top,anlam içi
tamamen,tümden,anlam içi
tamamen,tümüyle,anlam içi
tamamiyet,tamlık,yönlendirme
tamamlama,tamlama,anlam içi
tamamlamak,tamlamak,anlam içi
tamlama,terkip: Evin kapısı,anlam içi
tamlama,bizim evimiz,anlam içi
tamlama,karlı dağlar vb,anlam içi
tamlamalı,terkipli,anlam içi
tamlayan durumu,ilgi durumu,yönlendirme
tamlayıcı,tamlayan,yönlendirme
tam anlamıyla,tam manasıyla,anlam içi
tam kafiye,tam uyak,anlam içi
tam tarife,indirimsiz,yönlendirme
tan,tan kızıllığı,yönlendirme
tanı,tanılama,anlam içi
tanı,teşhis,anlam içi
tanıdık,tanış,anlam içi
tanıklılık,şahitlilik,anlam içi
tanıksızlık,şahitsizlik,anlam içi
tanık tepe,şahit tepe,anlam içi
tanılmak,tanınmak,yönlendirme
tanım,tarif,anlam içi
tanımlamak,tarif etmek,anlam içi
tanınma,tanılma,anlam içi
tanınmış,ünlü,yönlendirme
tanıtım,lansman,anlam içi
tanıtım gösterisi,tanıtım sunumu,yönlendirme
tanıtlamak,ispat etmek,anlam içi
tanıtlandırma,ispatlandırma,anlam içi
tanıtlandırmak,ispatlandırmak,anlam içi
tanıtmak,takdim etmek,anlam içi
tanıtmak,prezante etmek,anlam içi
tanıtmalık,tarife,anlam içi
tanıtmalık,tanıtma yazısı,yönlendirme
tanıtsız,ispatsız,anlam içi
tanıtsızlık,ispatsızlık,anlam içi
tanı kiti,test kiti,anlam içi
tanin,tınlama,yönlendirme
taninli,tınlamalı,yönlendirme
tanrıcı,teist,anlam içi
tanrıcılık,teizm,anlam içi
tanrılık,uluhiyet,anlam içi
tanrısallık,uluhiyet,anlam içi
tanrısız,mülhit,anlam içi
tanrısızlık,allahsızlık,yönlendirme
tanrıtanımamazlık,tanrıtanımazlık,yönlendirme
tanrı bilimci,teolog,anlam içi
tanrı bilimcilik,ilahiyatçılık,anlam içi
tanrı bilimi,teoloji,anlam içi
tantanasız,görkemsiz,yönlendirme
Taoizm,Taoculuk,yönlendirme
tapa,tıpa,anlam içi
tapalama,tıpalama,anlam içi
tapalamak,tıpalamak,anlam içi
tapalanma,tıpalanma,anlam içi
tapalanmak,tıpalanmak,anlam içi
tapalı,tıpalı,anlam içi
tapasız,tıpasız,anlam içi
tapıklamak,tapışlamak,anlam içi
tapıklamak,tıpışlamak,yönlendirme
tapucu,tapu memuru,yönlendirme
tapu kütüğü,tapu sicili,anlam içi
taraça,teras,yönlendirme
tarak,tırmık,anlam içi
taraklamak,taramak,anlam içi
tarçıni,tarçın rengi,yönlendirme
tarhana,tarhana çorbası,yönlendirme
tarım,ziraat,anlam içi
tarımcı,ziraatçı,anlam içi
tarımcılık,ziraatçılık,anlam içi
tarımsal,zirai,anlam içi
tarihî,tarihsel,yönlendirme
tarihîlik,tarihsellik,yönlendirme
tarihî maddeci,tarihsel özdekçi,yönlendirme
tarihî maddecilik,tarihsel özdekçilik,yönlendirme
tarihî roman,tarihsel roman,anlam içi
tariz,taşlama,yönlendirme
tarla faresi,tarla sıçanı (Microtus arvalis),anlam içi
tarla kuşu,turgay (Alauda arvensis),anlam içi
tarla sıçanı,tarla faresi,yönlendirme
tartar,şarap tortusu,yönlendirme
tartışmak,münakaşa etmek,anlam içi
tarz,usul,anlam içi
tarz,üslup,anlam içi
tarz,ambiyans,anlam içi
tarz,konsept,anlam içi
tasannu,yapmacık,anlam içi
tasarım,tasavvur,anlam içi
tasarımcılık,tasar çizimcilik,anlam içi
tasarımlı,dizaynlı,anlam içi
tasarımlı,edimsel karşıtı,anlam içi
tasarımsız,dizaynsız,anlam içi
tasarrufçu,birikimci,yönlendirme
tasar çizim,tasarım,yönlendirme
tasar çizimci,tasarımcı,yönlendirme
tasdikletebilme,onaylatabilme,yönlendirme
tasdikletebilmek,onaylatabilmek,yönlendirme
tasdiklettirme,onaylattırma,yönlendirme
tasdiklettirmek,onaylattırmak,yönlendirme
tasdikleyebilme,onaylayabilme,yönlendirme
tasdikleyebilmek,onaylayabilmek,yönlendirme
tasımlama,tasmim,anlam içi
tasımlamak,tasmim etmek,anlam içi
tasni,uydurma,yönlendirme
tasvirî,betimlemeli,yönlendirme
tasvir fiili,tasvirî fiil: gelebilmek,anlam içi
tasvir fiili,gidivermek,anlam içi
tasvir fiili,yapadurmak,anlam içi
tasvir fiili,bakakalmak,anlam içi
tasvir fiili,öleyazmak vb,anlam içi
tasvirî dil bilgisi,betimlemeli dil bilgisi,yönlendirme
tasvirî fiil,tasvir fiili,yönlendirme
taşımacılık,nakliyatçılık,anlam içi
taşınabilir,taşınır,yönlendirme
taşınır ev,konteyner ev,anlam içi
taşınmamazlık,taşınmazlık,yönlendirme
taşınmazlık,gayrimenkullük,anlam içi
taşıt,nakil aracı,anlam içi
taşkıran,taşkıran otu,yönlendirme
taşkıran otu,taşkıran (Saxifraga),anlam içi
taşra,dışarılık,anlam içi
taşsı,taşımsı,anlam içi
taş balığı,işkine (Sciaena umbra),anlam içi
taş baskı,taş basması,yönlendirme
Taş Devri,Taş Çağı,anlam içi
taş ekmek,taş fırın ekmeği,yönlendirme
taş küre,taş yuvarı,yönlendirme
tat,tatlılık,yönlendirme
Tatarca,Tatar Türkçesi,yönlendirme
tatarcık,yakarca (Phlebotomus),anlam içi
tatbik,uygulama,yönlendirme
tatbikat,uygulama,yönlendirme
tatbikatçı,uygulayıcı,yönlendirme
tatbikî,uygulamalı,yönlendirme
tatlısu levreği,perki (Perca fluviatilis),anlam içi
tatlı bela,tatlı kaçık,anlam içi
tatlı dil,tatlı söz,anlam içi
tatlı dilli,tatlı sözlü,anlam içi
tatlı dillilik,tatlı sözlülük,anlam içi
tatula,boru çiçeği (Datura stramonium),anlam içi
tat alma duyusu,tat duyusu,anlam içi
tavan aralığı,tavan arası,yönlendirme
tavizcilik,ödüncülük,yönlendirme
tavizkârlık,ödüncülük,yönlendirme
tavsiye mektubu,tavsiyename,anlam içi
tavşan,tavşan atlet,yönlendirme
tavşankulağı,siklamen,yönlendirme
tavşan dudak,yarık dudak,anlam içi
tavukkarası,gece körlüğü,yönlendirme
tavuk balığı,mezgit,yönlendirme
tavuk mantarı,horoz mantarı,yönlendirme
tavus,tavus kuşu,yönlendirme
tavus kuşu,tavus (Pavo),anlam içi
tavus yeşili,zümrüt yeşili,yönlendirme
tayfa,uşak,anlam içi
tayyar,uçucu,yönlendirme
tayyare,uçak,yönlendirme
taze,kuru karşıtı,anlam içi
tazelemek,tekrarlamak,yönlendirme
taze fasulye,yeşil fasulye,anlam içi
taze soğan,yeşil soğan,anlam içi
taze soğan,gök soğan,anlam içi
tazim,ululama,yönlendirme
taziz,ululama,yönlendirme
tazminat,ödence,anlam içi
tebaa,uyruk,yönlendirme
tebrik,tebrik kartı,yönlendirme
tecahülüarif,bilmezlikten gelme,yönlendirme
tecahülüarifane,bilmezlikten gelme,yönlendirme
tecrübelilik,deneyimlilik,yönlendirme
tecrübesizce,deneyimsizce,yönlendirme
tecrübi,deneyimsel,yönlendirme
teçhizat,araç gereç,yönlendirme
tedavi,iyileştirme,anlam içi
tediye emri,ödeme emri,yönlendirme
tedviren görevlendirme,tedviren atama,anlam içi
teeddüp,utanma,yönlendirme
teeyyüt,gerçeklenme,yönlendirme
teferruatsız,ayrıntısız,yönlendirme
tefeyyüz,feyzalma,yönlendirme
teğmenlik,mülazımlık,anlam içi
tehlikesiz,muhatarasız,anlam içi
tekçilik,çokçuluk karşıtı,anlam içi
tekdüze,tek örnek,anlam içi
teker,tekerlek,yönlendirme
tekerlekli,tekerli,anlam içi
tekerlekli kayak,asfalt kayağı,anlam içi
tekerlekli koltuk,tekerlekli sandalye,yönlendirme
tekerrür,tekrarlanma,yönlendirme
teker teker,teker tüker,anlam içi
teker teker,tane tane,anlam içi
teke tek,yeke yek,anlam içi
tekil,teklik,yönlendirme
tekinsiz,uğursuz,anlam içi
tekinsiz,muammalı (kişi,anlam içi
tekinsiz,yer),anlam içi
tekleşme,ünsüz tekleşmesi,yönlendirme
teklik,çoğul,anlam içi
teklik,çokluk karşıtı: öğrenci,anlam içi
teklik,ev-i-m,anlam içi
teklik,gel-di-m vb,anlam içi
tekmil,tekmil haberi,yönlendirme
tekne,ineç,anlam içi
tekne,kemer karşıtı,anlam içi
teknetyum,mazuryum (simgesi Tc),anlam içi
teknik,uygulayım,yönlendirme
teknikçi,teknik adam,anlam içi
teknikçi,teknisyen,anlam içi
teknikçi,tekniker,anlam içi
teknokent,teknopark,anlam içi
teknoloji,uygulayım bilimi,anlam içi
tekrarlamak,tekrar etmek,anlam içi
tekrarlanabilme,yinelenebilme,anlam içi
tekrarlanabilmek,yinelenebilmek,anlam içi
tekrarlatabilme,yineletebilme,anlam içi
tekrarlatabilmek,yineletebilmek,anlam içi
tekrarlayabilme,yineleyebilme,anlam içi
tekrarlayabilmek,yineleyebilmek,anlam içi
tekrarsız,yinelemesiz,anlam içi
tek başına,bir başına,anlam içi
tek başına,yalnız,anlam içi
tek ders imtihanı,tek ders sınavı,yönlendirme
tek eşli,tek evli,anlam içi
tek eşlilik,tek evlilik,anlam içi
tek parmaklılar,tek tırnaklılar,anlam içi
tek taraflı,tek yanlı,anlam içi
tek taraflı,tek yönlü,anlam içi
tek taraflılık,tek yanlılık,anlam içi
tel,telgraf,yönlendirme
telaffuz,sesletim,anlam içi
telaffuz,artikülasyon,anlam içi
telaro,ip iskelesi,yönlendirme
telaş,telaşe,anlam içi
telaşe müdürü,telaşe nazırı,anlam içi
telaşlanmak,telaş etmek,anlam içi
telcik,lifçik,anlam içi
telefon kabini,telefon kulübesi,yönlendirme
telekinezi,uza devim,yönlendirme
telekomünikasyon,uz iletişim,anlam içi
teleme,teleme peyniri,yönlendirme
teleolojik,erek bilimsel,yönlendirme
telepati,uza duyum,anlam içi
Teleütçe,Teleüt Türkçesi,yönlendirme
televizyon,televizyon alıcısı,anlam içi
telif,uzlaştırma,yönlendirme
telif,telif hakkı,yönlendirme
telif hakkı,röyalti,anlam içi
tellaliye,tellallık,yönlendirme
telli çalgılar,telli sazlar,yönlendirme
telyazı,telgraf,yönlendirme
tel ıspanak,sirken,yönlendirme
tel zımba,zımba,anlam içi
tem,tema,yönlendirme
tema,ana konu,anlam içi
temas,münasebet,anlam içi
tembelce,tembelcesine,anlam içi
tembih,uyarım,yönlendirme
temdit,uzatma,yönlendirme
temeddün,uygarlaşma,yönlendirme
temel,zemin,anlam içi
temel cümle,temel tümce,anlam içi
temel taşı,ana direk,anlam içi
temiz,tahir,anlam içi
tempo,vuruş,anlam içi
temren,başak,anlam içi
ten,vücut,yönlendirme
tenafür,ses uyumsuzluğu,yönlendirme
tenasül,üreme,yönlendirme
teneşir,teneşir tahtası,anlam içi
teneşir horozu,teneşir kargası,anlam içi
tenkil,uzaklaştırma,yönlendirme
tenteneli,dantelli,yönlendirme
tentenesiz,dantelsiz,yönlendirme
tenzilatsız,indirimsiz,yönlendirme
tepeleme,tepelemesine,anlam içi
tepeli akbaba,kondor (Vultur gryphus),anlam içi
tepeli dalgıç,elmabaş (Podiceps cristatus),anlam içi
tepeli tarla kuşu,tepeli toygar,anlam içi
tepetakla,tepetaklak,anlam içi
tepik,tekme,yönlendirme
tepiklemek,tekmelemek,anlam içi
tepkime,teamül,anlam içi
tepme,tekme,yönlendirme
terapi,tedavi,yönlendirme
terapist,tedavici,yönlendirme
teraslanma,sekilenme,yönlendirme
teraslanmak,sekilenmek,yönlendirme
teravih,teravih namazı,anlam içi
Terazi,Terazi Burcu,yönlendirme
terazi,vezne,anlam içi
terbiyeli,uslu,yönlendirme
terbiyesizce,terbiyesizcesine,anlam içi
terebentin,terementi,anlam içi
terek,vizyer,anlam içi
Terekemece,Karapapak Türkçesi,yönlendirme
Terekeme Türkçesi,Karapapak Türkçesi,yönlendirme
tergal,terilen,yönlendirme
terk,vazgeçme,yönlendirme
terkip,tamlama,yönlendirme
terkipsiz,tamlamasız,yönlendirme
terminoloji,terimler dizgesi,yönlendirme
terminoloji,terim bilimi,yönlendirme
termiye,delice bakla,anlam içi
termiye,gâvur baklası,anlam içi
termiye,koyun baklası,anlam içi
termiye,kurt baklası,anlam içi
termiye,yaban baklası,anlam içi
termiye,Yahudi baklası (Lupinus termis),anlam içi
termoelektrik çifti,termoelektrik pil,anlam içi
termograf,sıcaklıkyazar,yönlendirme
terör,yıldırı,anlam içi
terör,tedhiş,anlam içi
terörist,yıldırıcı,anlam içi
terörist,yıldırmacı,anlam içi
terörist,terörcü,anlam içi
terörist,tedhişçi,anlam içi
terörizm,yıldırıcılık,anlam içi
terörizm,yıldırmacılık,anlam içi
terörizm,terörcülük,anlam içi
terörizm,tedhişçilik,anlam içi
tersiyer,üçüncül,yönlendirme
ters pers,yalan yanlış,yönlendirme
ters yüz,ters yüzü,anlam içi
terzi,terzihane,anlam içi
tesadüfi,rastlantısal,yönlendirme
teselsül,zincirleme,yönlendirme
teselsül,sıra,anlam içi
teselsül,silsile,anlam içi
tesisatçılık,döşeyicilik,anlam içi
teslis,üçleme,anlam içi
tespih ağacı,tespih çalısı,anlam içi
tespih ağacı,Çin leylağı (Melia azedarach),anlam içi
testere balığı,marangoz balığı (Pristis pristis),anlam içi
testis,taşak,yönlendirme
testi kabağı,su kabağı,yönlendirme
teşekkür,teşekkürname,yönlendirme
teşkilatlanabilme,örgütlenebilme,yönlendirme
teşkilatlanabilmek,örgütlenebilmek,yönlendirme
teşkilatlandırma,örgütlendirme,yönlendirme
teşkilatlandırmak,örgütlendirmek,yönlendirme
teşkilatsızlık,örgütsüzlük,yönlendirme
teşvikçi,özendirici,yönlendirme
teşvikkâr,özendirici,yönlendirme
teşyi,uğurlama,yönlendirme
tevahhuş,ürkme,yönlendirme
tevhit,tek tanrıcılık,yönlendirme
teyze,anne yarısı,anlam içi
teyzezade,teyze oğlu,yönlendirme
tezkire,şuara tezkiresi,yönlendirme
tezlik eylemi,tezlik fiili,yönlendirme
tezlik fiili,tezlik eylemi: açıvermek,anlam içi
tezlik fiili,yapıvermek vb,anlam içi
tez vakit,tez vakitte,yönlendirme
tıkaçlı,tıkamalı,anlam içi
tıkama,berkitme,anlam içi
tıkamak,berkitmek,anlam içi
tıkanma,bekiniş,anlam içi
tıkız,tıknaz,yönlendirme
tıklım tıklım,tıklım tıkış,anlam içi
tıngırdamak,tıngıldamak,anlam içi
tıngırdatmak,tıngıldatmak,anlam içi
tını,tınnet,anlam içi
tıpatıp,tastamam,anlam içi
tıpatıp,tıpkısının aynısı,anlam içi
tıpatıp,aynısının tıpkısı,anlam içi
tıpatıp,tıpkı tıpkısına,anlam içi
tıpatıp,tıpkısı tıpkısına,anlam içi
tıpkısı,aynısı,yönlendirme
tıraşlamak,yontmak,anlam içi
tıraş bıçağı,ustura,yönlendirme
tırıs tırıs,tırıs pırıs,anlam içi
tırkazlatmak,sürgületmek,anlam içi
tırmalama,cırmaklama,anlam içi
tırmalamak,tırnaklamak,anlam içi
tırmalamak,tırmıklamak,anlam içi
tırmalamak,cırmaklamak,anlam içi
tırmananlar,tırmanıcılar,yönlendirme
tırnak,tırnak işareti,yönlendirme
tırnaklık,tırnak yeri,yönlendirme
tırnak işareti,çift tırnak işareti,anlam içi
tırpana,rina (Raja batis),anlam içi
tırtılsı,tırtılımsı,anlam içi
Tibet sığırı,yak,yönlendirme
ticaret,tecim,anlam içi
ticarethane,tecimevi,anlam içi
ticari ataşe,ticaret ataşesi,yönlendirme
tiftik,moher,anlam içi
tikel,tümel karşıtı,anlam içi
tiksindirici,tiksinç,anlam içi
tilkikuyruğu,hoşkuran,yönlendirme
tilki uykusu,tavşan uykusu,yönlendirme
tilki üzümü,it üzümü,yönlendirme
tinsel,"ruhsal, özdeksel karşıtı",yönlendirme
tinselci,ruhçu,yönlendirme
tinselcilik,ruhçuluk,yönlendirme
tipi,kar fırtınası,yönlendirme
tipografi,tipografya,anlam içi
tiraj,baskı sayısı,yönlendirme
tirildemek,titremek,yönlendirme
tiril tiril,tertemiz,yönlendirme
tiril tiril,tir tir,yönlendirme
tiritlenme,tiritleşme,yönlendirme
tiritlenmek,tiritleşmek,yönlendirme
tiroit,tiroit bezi,yönlendirme
titizlenme,titizleşme,anlam içi
titizlenmek,titizleşmek,anlam içi
titr,ünvan,yönlendirme
titrek kavak,dağ kavağı (Populus tremula),anlam içi
titrem,ton,yönlendirme
titreşim,vibrasyon,anlam içi
titreşimli,vibrasyonlu,anlam içi
titreşimli,tonlu,yönlendirme
titreşimsiz,tonsuz,yönlendirme
titreşmek,ihtizaz etmek,anlam içi
tofu,soya eti,yönlendirme
tokgözlü,"gözü tok, açgözlü karşıtı",yönlendirme
tokgözlülük,gözü tokluk,yönlendirme
tokmakbaş,kaya balığı,yönlendirme
toleranslılık,hoşgörülülük,yönlendirme
tombik,tombilya,anlam içi
tomruk,tomurcuk,yönlendirme
tomruk,tutukevi,yönlendirme
tomurcuklanmak,tomurmak,yönlendirme
ton,ötüm,anlam içi
tonla,tonlarca,yönlendirme
tonlulaşma,sedalılaşma,anlam içi
tonlu ünsüz,yumuşak sessiz,anlam içi
tonlu ünsüz,sedalı ünsüz,anlam içi
tonsuzlaşma,sedasızlaşma,anlam içi
tonsuz ünsüz,sert sessiz,anlam içi
tonsuz ünsüz,sert ünsüz,anlam içi
tonsuz ünsüz,sedasız ünsüz,anlam içi
Tonya yağı,Trabzon yağı,anlam içi
ton balığı,orkinos (Thunnus),anlam içi
topak,toparlak,anlam içi
toparlak,yuvarlak,anlam içi
topbaş balık,kefal,yönlendirme
topkadife,kadife çiçeği,yönlendirme
toplama,cemetme,anlam içi
toplama,icma,anlam içi
toplama,cem,anlam içi
toplama kampı,temerküz kampı,anlam içi
toplanma,tekâsüf,anlam içi
toplanmak,toplaşmak,anlam içi
toplardamar,vena,anlam içi
toplardamar,verit,anlam içi
toplu,kombine,anlam içi
topluluk,toplum,anlam içi
topluluk,zümre,anlam içi
topluluk,ansambl,anlam içi
topluluk adı,topluluk ismi: ordu,anlam içi
topluluk adı,orman,anlam içi
topluluk adı,sınıf,anlam içi
topluluk adı,sürü,anlam içi
topluluk adı,katar vb,anlam içi
topluluk ismi,topluluk adı,yönlendirme
toplumculuk,sosyalistlik,anlam içi
toplumculuk,liberalizm karşıtı,anlam içi
toplumiçincilik,toplummerkezcilik,yönlendirme
toplummerkezci,toplumiçinci,anlam içi
toplumsallık,sosyallik,anlam içi
toplumsal bağışıklık,kitle bağışıklığı,yönlendirme
toplum bilimi,toplumsal bilim,anlam içi
toplum bilimsel,sosyolojik,anlam içi
toplu çalışım,toplu çalışma,yönlendirme
topoğrafik harita,topoğrafya haritası,yönlendirme
toprak,türap,anlam içi
toprakbastı,ayakbastı parası,yönlendirme
toprak bilimci,pedolog,anlam içi
top zambak,zambak,yönlendirme
tor,yabani,anlam içi
torakçı,torlukçu,anlam içi
torakçılık,torlukçuluk,anlam içi
torba,taşak,yönlendirme
torbada keklik,çantada keklik,yönlendirme
torba çay,poşet çay,yönlendirme
toreador,boğa güreşçisi,yönlendirme
torero,boğa güreşçisi,yönlendirme
torpido,torpido gözü,anlam içi
torpido,torpido bot,yönlendirme
torpido,torpil,yönlendirme
torpil balığı,uyuşturan balığı (Raia torpedo),anlam içi
tortulaşma,tortullaşma,anlam içi
tortulaşmak,tortullaşmak,anlam içi
tosbağa,kaplumbağa,yönlendirme
totemcilik,totemizm,anlam içi
toy,ziyafet,yönlendirme
toyga,toyga çorbası,yönlendirme
toygar,tarla kuşu,yönlendirme
tozarma,tozlaşma,yönlendirme
tozarmak,tozlaşmak,yönlendirme
tozlanma,tozlaşma,yönlendirme
tozuma,tozma,yönlendirme
tozumak,tozmak,yönlendirme
tökezlemek,tökezmek,anlam içi
tömbeki,nargile tütünü (Nicotiana persica),anlam içi
törel,töreli,anlam içi
törel,töresel,anlam içi
törellik,ahlakilik,yönlendirme
tören kılıcı,merasim kılıcı,anlam içi
töre cinayeti,namus cinayeti,anlam içi
töre dışıcı,ahlak dışıcı,anlam içi
töre dışıcı,amoralist,anlam içi
töskürü,geri geri,yönlendirme
tövbekâr,tövbeli,yönlendirme
Trabzon hurması,Japon hurması (Diospyros kaki),anlam içi
trafik akımı,trafik akışı,yönlendirme
trafik müfettişi,fahri trafik müfettişi,yönlendirme
tragedya,trajedi,yönlendirme
trakunya,çarpan balığı,yönlendirme
trankilizan,sakinleştirici,yönlendirme
transfer,para aktarımı,yönlendirme
transkript,not döküm belgesi,yönlendirme
transliterasyon,harf çevirisi,anlam içi
transparan elbise,transparan giysi,yönlendirme
transparan giysi,transparan kıyafet,anlam içi
transplantasyon,bitki nakli,yönlendirme
transport,taşımacılık,yönlendirme
trans yağ asidi,trans yağ,anlam içi
trapez,trapezci,yönlendirme
travmatoloji,sarsıntı bilimi,yönlendirme
travmatolojik,sarsıntı bilimsel,yönlendirme
triboloji,sürtünme bilimi,yönlendirme
tribün,sekilik,anlam içi
trikosefal,kırbaç kurdu,yönlendirme
tripleks,üç katlı,yönlendirme
triportör,üçteker,anlam içi
trol,trolcü,yönlendirme
troleybüs,telli otobüs,anlam içi
trombosit,kan pulcuğu,yönlendirme
tropika,tropikal kuşak,yönlendirme
tropikal bitki,tropik bitki,anlam içi
tropikal bölge,tropikal kuşak,yönlendirme
troyka,üçlü,yönlendirme
truvakar,fakir kol,yönlendirme
tsunami,dev dalga,yönlendirme
tu,tuh,yönlendirme
tuğra,tura,anlam içi
tuğrul,çakırdoğan,yönlendirme
tuğyan,taşkınlık,yönlendirme
tuhafiye,tuhaf,anlam içi
tuhafiyeci,tuhafçı,anlam içi
tul,uzunluk,yönlendirme
tulani,uzunlamasına,yönlendirme
tuluk,tulum,yönlendirme
tulum,tüp,yönlendirme
tulumcuk,kırbacık,anlam içi
tulumlular,tulumsular,anlam içi
tunç kafiye,tunç uyak,anlam içi
tundra,kutup bozkırı,anlam içi
tungsten,volfram,yönlendirme
turalamak,turlamak,yönlendirme
Turancı,Panturanist,anlam içi
Turani,Turanlı,yönlendirme
turgay,tarla kuşu,yönlendirme
turkuaz,turkuaz mavisi,anlam içi
turkuaz,turkuaz yeşili,anlam içi
turnabacağı,dedekülahı (Macrolepiota procera),anlam içi
turnagagası,dönbaba (Geranium robertianum),anlam içi
turp otu,yaban turpu,yönlendirme
turuncumsu,turuncumtırak,anlam içi
turunç,narenç (Citrus aurantium amara),anlam içi
tutacak,tutaç,anlam içi
tutacak,tutak,anlam içi
tutamaç,tutamak,anlam içi
tutanak,tutulga,anlam içi
tutanak,zabıt varakası,anlam içi
tutarlık,tutarlılık,yönlendirme
tutmak,markaja almak,anlam içi
tutsak,esire,anlam içi
tutsak pazarı,esir pazarı,anlam içi
tutuk,tutuklu,yönlendirme
tutukevi,tevkifhane,anlam içi
tutuklama,tevkif,anlam içi
tutuklamak,tevkif etmek,anlam içi
tutukluluk,mevkufluk,anlam içi
tutulmak,markaja alınmak,anlam içi
tutulmamazlık,tutulmazlık,yönlendirme
tutulmuş para,bloke para,anlam içi
tutulum,ekliptik,anlam içi
tutulu satış,tutsat,anlam içi
tutum,tasarruf,anlam içi
tutuşmak,telaşlanmak,yönlendirme
tutya,çinko,yönlendirme
Tuvaca,Tuva Türkçesi,yönlendirme
tuvalet,abdesthane,anlam içi
tuz,sodyum klorür (NaCl),anlam içi
tuzla,tuzlak,yönlendirme
tuzsu,tuzumsu,anlam içi
tuz ruhu,hidroklorik asit,yönlendirme
tüberküloz,verem,yönlendirme
tüccar,tecimen,anlam içi
tüfek,delikli demir,anlam içi
tüh,tü,anlam içi
tükenmemezlik,tükenmezlik,yönlendirme
tükenmez,tükenmez kalem,yönlendirme
tüketici,üretici karşıtı,anlam içi
tüketim,üretim karşıtı,anlam içi
tüm,tümsek,yönlendirme
tümbek,tümsek,yönlendirme
tümel,tikel karşıtı,anlam içi
tümevarım,tümdengelim karşıtı,anlam içi
tümler açı,tümey,anlam içi
tümleşik,bütünleşik,yönlendirme
tümleyiş,bütünleyiş,yönlendirme
tümlük,ata ikibuçukluk,yönlendirme
tümör,ur,yönlendirme
tümörlenmek,urlaşmak,yönlendirme
tümörleşme,urlaşma,yönlendirme
tümörleşmek,urlaşmak,yönlendirme
tümsekleşme,tümselme,anlam içi
tümsekleşmek,tümselmek,anlam içi
tünekleme,tüneme,yönlendirme
tüneklemek,tünemek,yönlendirme
tüp,fallop tüpü,yönlendirme
tür,kabîl,anlam içi
tür,zümre,anlam içi
tür,türlü,yönlendirme
türedi,zıpçıktı,anlam içi
türedi,çıtırbom,anlam içi
türemiş kelime,türemiş sözcük: gezi (gez-i),anlam içi
türemiş kelime,görgü (gör-gü),anlam içi
türemiş kelime,gözlük (göz-lük),anlam içi
türemiş kelime,verim (ver-im) vb,anlam içi
türemiş sözcük,türemiş kelime,yönlendirme
türenti,neolojizm: imtihan > sınav,anlam içi
türenti,ihtiyaç > gereksinim vb,anlam içi
türetme,iştikak: göz-lük-çü,anlam içi
türetme,söyle-n-ti,anlam içi
türetme,sev-gi vb,anlam içi
türev,müştak (I): sev-gi,anlam içi
türev,sev-in-mek,anlam içi
türev,göz-lük vb,anlam içi
Türkçe,Türki,anlam içi
Türkçe,Türkiye Türkçesi,yönlendirme
Türkçü,Pantürkist,anlam içi
Türkiyat,Türklük bilimi,yönlendirme
Türkiyatçı,Türklük bilimci,yönlendirme
Türklük bilgisi,Türklük bilimi,yönlendirme
Türkmence,Türkmen Türkçesi,yönlendirme
Türkolog,Türklük bilimci,yönlendirme
Türkoloji,Türklük bilimi,yönlendirme
türlü türlü,her türlü,anlam içi
tütsülemek,tütsü yapmak,anlam içi
tüylü dalak otu,yayla yavşanı (Teucrium polium),anlam içi
tüy ağırlık,tüy sıklet,yönlendirme
tüzel kişi,hükmi şahıs,anlam içi
tâbii,tâbiin,yönlendirme
ucun ucun,ucu ucuna,yönlendirme
ucun ucun,yavaş yavaş,yönlendirme
ucuz,pahalı karşıtı,anlam içi
ucuzca,ucuzuna,anlam içi
ucu ucuna,zoru zoruna,anlam içi
uç,periferi,anlam içi
uçan daire,ufo,anlam içi
uçkurluk,uçkur çubuğu,anlam içi
uçuç böceği,uğur böceği,yönlendirme
uçurmak,uçurtmak,anlam içi
uçuş,pervaz,anlam içi
udi,utçu,anlam içi
ufaklık,bit,yönlendirme
ufaktan ufağa,ufaktan ufaktan,anlam içi
ufak tefek,küçük,anlam içi
ufaltılmak,küçültülmek,anlam içi
ufaltmak,küçültmek,anlam içi
ufuk çizgisi,ufuk hattı,anlam içi
uğur,sur,anlam içi
uğurlama,yolculama,anlam içi
uğurlamak,yolculamak,anlam içi
uğurlamak,teşyi etmek,anlam içi
uğursuzluk,şomluk,anlam içi
uğur böceği,uçuç böceği (Coccinella septempunctata),anlam içi
uhrevi,maverai,anlam içi
uhrevi,dünyevi karşıtı,anlam içi
uhrevileşme,maveraileşme,anlam içi
uhrevileşmek,maveraileşmek,anlam içi
Ukraynalı,Ukrayn,anlam içi
ulama,vasl: art arda,anlam içi
ulama,ayırt etmek vb,anlam içi
ulan,ülen,anlam içi
ultrason,yansılanım,anlam içi
ulusallaştırma,millîleştirme,yönlendirme
ulusal basın,ulusal medya,anlam içi
ulusal dil,millî dil,yönlendirme
ulusal hakem,millî hakem,yönlendirme
uluslararasıcı,enternasyonalist,anlam içi
uluslararasılaşma,milletlerarasılaşma,anlam içi
uluslararasılaşmak,milletlerarasılaşmak,anlam içi
uluslararasılaştırılma,milletlerarasılaştırılma,anlam içi
uluslararasılaştırılmak,milletlerarasılaştırılmak,anlam içi
uluslararasılaştırma,milletlerarasılaştırma,anlam içi
uluslararasılaştırmak,milletlerarasılaştırmak,anlam içi
uluslararası hakem,milletlerarası hakem,anlam içi
uluslaşabilme,milletleşebilme,yönlendirme
uluslaşabilmek,milletleşebilmek,yönlendirme
uluslaşma,milletleşme,yönlendirme
uluslaşmak,milletleşmek,yönlendirme
uluslaştırma,milletleştirme,yönlendirme
uluslaştırmak,milletleştirmek,yönlendirme
ulussuz,milletsiz,yönlendirme
ulussuzluk,milletsizlik,yönlendirme
ulustaşlık,millettaşlık,yönlendirme
umu,umut,yönlendirme
umumi vekâletname,genel vekâletname,yönlendirme
umursamazca,umursamazcasına,anlam içi
umut,ümit,anlam içi
umutlanabilme,ümitlenebilme,anlam içi
umutlanabilmek,ümitlenebilmek,anlam içi
umutlandırma,ümitlendirme,anlam içi
umutlandırmak,ümitlendirmek,anlam içi
umutlanma,ümitlenme,anlam içi
umutlanmak,ümitlenmek,anlam içi
umutlu,ümitli,anlam içi
umutlu,ümitvar,anlam içi
umutluluk,ümitlilik,anlam içi
umutsuz,ümitsiz,anlam içi
umutsuzca,ümitsizce,anlam içi
umutsuzlanma,ümitsizlenme,anlam içi
umutsuzlanmak,ümitsizlenmek,anlam içi
umutsuzluk,ümitsizlik,anlam içi
umut kapısı,ümit kapısı,anlam içi
umut kırıklığı,ümit kırıklığı,anlam içi
ur,Çingene ahtapotu,anlam içi
urbalı,giysili,yönlendirme
urbasız,giysisiz,yönlendirme
urlaşma,tümörlenme,anlam içi
Urumca,Urum Türkçesi,yönlendirme
usa vurma,uslamlama,anlam içi
usa vurma,anlık,yönlendirme
uslamlamak,usa vurmak,yönlendirme
uslu,yaramaz karşıtı,anlam içi
ussallaştırma,aklileştirme,yönlendirme
ussallık,aklilik,yönlendirme
ustaca,ustalıkla,anlam içi
ustaca,ustacasına,anlam içi
usul,üst soy,yönlendirme
usulca,usul,yönlendirme
usulcacık,usul,yönlendirme
usulcacık,usullacık,anlam içi
usuldan,usul,yönlendirme
us dışıcı,akıl dışıcı,yönlendirme
utanç,utanma,yönlendirme
utanç duygusu,utanma duygusu,yönlendirme
utangaç,utangan,anlam içi
utanmak,mahcup olmak,anlam içi
utanmamazlık,utanmazlık,yönlendirme
utanmazca,arlanmazca,anlam içi
utanmazca,utanmazcasına,anlam içi
utanmazlık,arlanmazlık,anlam içi
utanma duygusu,arlılık,anlam içi
utanma duygusu,ut,anlam içi
uyaklandırmak,kafiyelendirmek,yönlendirme
uyaklanış,kafiyeleniş,yönlendirme
uyak düzeni,kafiye düzeni,yönlendirme
uyak örgüsü,kafiye örgüsü,yönlendirme
uyak şeması,kafiye şeması,yönlendirme
uyanıklık,yakaza,anlam içi
uyarılmak,uyandırılmak,yönlendirme
uyarlama,adapte etme,anlam içi
uyarlamak,intibak ettirmek,anlam içi
uyarlamak,adapte etmek,anlam içi
uyarlanmak,adapte olunmak,anlam içi
uyarlık,uyumluluk,yönlendirme
uyarma,ihtar,anlam içi
uyarmak,ikaz etmek,anlam içi
uydurma,şişirme haber,yönlendirme
uydurma,uyduruk,anlam içi
uydurmasyoncu,uydurmacı,yönlendirme
uydurmasyonculuk,uydurmacılık,yönlendirme
uygar,sivilize,anlam içi
uygarca,medenice,anlam içi
uygarlaştırıcı,medenileştirici,anlam içi
uygarlaştırılma,medenileştirilme,anlam içi
uygarlaştırılmak,medenileştirilmek,anlam içi
uygulama,uygu,anlam içi
uygulamak,tatbik etmek,anlam içi
uygulamalı,kuramsal karşıtı,anlam içi
Uygurca,Eski Uygur Türkçesi,yönlendirme
Uygurca,Uygur Türkçesi,yönlendirme
Uygur harfleri,Uygur alfabesi,yönlendirme
uykusu derin,uykusu ağır,yönlendirme
uyku semesi,uyku sersemi,yönlendirme
uyku seti,uyku takımı,yönlendirme
uylaşım,uzlaşma,yönlendirme
uylaşma,uzlaşma,yönlendirme
uylaşmak,uzlaşmak,yönlendirme
uylaştırılma,uzlaştırılma,yönlendirme
uylaştırılmak,uzlaştırılmak,yönlendirme
uyluk kemiği,femur,anlam içi
uymaca,uzlaşma,yönlendirme
uymacı,konformist,anlam içi
uymak,riayet etmek,anlam içi
uymak,imtisal etmek,anlam içi
uyrukluluk,tabiiyetlilik,anlam içi
uyumak,zıbarmak,anlam içi
uyumlu,uyarlı,anlam içi
uyumluluk,uyarlılık,anlam içi
uyumsuz,asenkron,anlam içi
uyuntu,uyuşuk,yönlendirme
uyuşma,uzlaşma,yönlendirme
uyuşmak,imtizaç etmek,anlam içi
uyuşmak,uzlaşmak,yönlendirme
uyuşmamazlık,uyuşmazlık,yönlendirme
uyuşturan balığı,torpil balığı,yönlendirme
uyuşturmak,uzlaştırmak,yönlendirme
uyuşturulmak,uzlaştırılmak,yönlendirme
uyuşum,uyuşurluk,anlam içi
uyutumcu,hipnozcu,yönlendirme
uyutumculuk,hipnozculuk,yönlendirme
uyuz böcekleri,uyuz böceğigiller,anlam içi
uyuz otu,kum otu (Scabiosa rotata),anlam içi
uyuz sineği,kaplan böcek,yönlendirme
uz,becerikli,anlam içi
uz,mahir,anlam içi
uzak,yakın karşıtı,anlam içi
uzaklanmak,uzaklaşmak,yönlendirme
uzaksamak,istibat etmek,anlam içi
uzak akraba,uzaktan akraba,anlam içi
Uzak Doğu,Uzak Şark,anlam içi
uzak göçüşme,lanet > nalet,anlam içi
uzak göçüşme,zerdali > zeldari vb,anlam içi
uzak metatez,uzak göçüşme,yönlendirme
uzatmak,atmak,anlam içi
uzatmalı çavuş,uzman çavuş,yönlendirme
uzatma bölümü,uzatma dakikası,yönlendirme
uzatma işareti,düzeltme işareti,yönlendirme
uzatma penaltısı,temdit penaltısı,anlam içi
uzay istasyonu,uzay üssü,anlam içi
uzgören,uzgörür,yönlendirme
uzlaşı,uzlaşma,yönlendirme
uzlaşma,uzlaşım,anlam içi
uzlaşmak,mutabık kalmak,anlam içi
uzlaşmamazlık,uzlaşmazlık,yönlendirme
uzlaştırma,uylaştırma,anlam içi
uzlaştırmak,uylaştırmak,anlam içi
uzmanlık,kompetanlık,anlam içi
uzman doktor,uzman hekim,anlam içi
uzun,kısa karşıtı,anlam içi
uzunluk,en karşıtı,anlam içi
uzun hikâye,uzun öykü,anlam içi
uzun kulaklı,eşek,yönlendirme
uzun sesli,uzun ünlü,yönlendirme
uzun ünlü,ağlamak (a:lamak) vb,anlam içi
uzun vokal,uzun ünlü,yönlendirme
uzun yol sürücüsü,uzun yol şoförü,anlam içi
üç,se,anlam içi
üçleme,triloji,anlam içi
üçlü,trio,anlam içi
Üçüncü Çağ,Üçüncü Zaman,anlam içi
üçüncü mevki,üçüncü sınıf,anlam içi
üç adım atlama,üç adım,anlam içi
üç buutlu,üç boyutlu,yönlendirme
üç ders imtihanı,üç ders sınavı,yönlendirme
üç durum yasası,üç hâl kanunu,anlam içi
üflemek,üfürmek,anlam içi
üflemeli sazlar,üflemeli çalgılar,anlam içi
üleşilebilme,paylaşılabilme,yönlendirme
üleşilebilmek,paylaşılabilmek,yönlendirme
üleştirilebilme,paylaştırılabilme,yönlendirme
üleştirilebilmek,paylaştırılabilmek,yönlendirme
üleştirilme,paylaştırılma,yönlendirme
üleştirilmek,paylaştırılmak,yönlendirme
üleştiriverme,paylaştırıverme,yönlendirme
üleştirivermek,paylaştırıvermek,yönlendirme
Ülker,Peren,anlam içi
Ülker,Pervin,anlam içi
ülke açmak,fethetmek,anlam içi
ümitleniş,umutlanış,yönlendirme
ümit dünyası,umut dünyası,yönlendirme
ünlem,Kardeşim!,anlam içi
ünlem,Canım! vb,anlam içi
ünlem,ünlem işareti,yönlendirme
ünlem işareti,ünlem (!),anlam içi
ünlü,vokal (II): a,anlam içi
ünlü,e,anlam içi
ünlü,ı,anlam içi
ünlü,i,anlam içi
ünlü,o,anlam içi
ünlü,ö,anlam içi
ünlü,u,anlam içi
ünlü,ü,anlam içi
ünlülük,namdarlık,anlam içi
ünlülük,şöhretlilik,anlam içi
ünlü benzeşmesi,ünlü uyumu,yönlendirme
ünlü harf,ünlü,yönlendirme
ünlü kaynaşması,ne için > niçin,anlam içi
ünsüzlük,şöhretsizlik,anlam içi
ünsüz harf,ünsüz,yönlendirme
ünsüz ikizleşmesi,ikizleşme: döşek > döşşek,anlam içi
ünsüz ikizleşmesi,eşek > eşşek,anlam içi
ünsüz ikizleşmesi,sakız > sakkız,anlam içi
ünsüz ikizleşmesi,otuz > ottuz vb,anlam içi
ünsüz tekleşmesi,tekleşme: kassap > kasap,anlam içi
ünsüz tekleşmesi,sarraç > saraç vb,anlam içi
ünsüz uyumu,sessiz uyumu: açık-ça,anlam içi
ünsüz uyumu,sepet -te,anlam içi
ünsüz uyumu,bıç-kı vb,anlam içi
üretici,tüketici karşıtı,anlam içi
üretim,tüketim karşıtı,anlam içi
ürkek,ürkekçe,anlam içi
ürkmek,tevahhuş etmek,anlam içi
üryani eriği,üryani,anlam içi
üs,5 ise tabandır,anlam içi
üst,alt karşıtı,anlam içi
üstadane,üstatça,yönlendirme
üsteleme,tekit,anlam içi
üstelemek,tekit etmek,anlam içi
üstelemek,depreşmek,anlam içi
üstelemek,nüks etmek,anlam içi
üstelemek,inzimam etmek,anlam içi
üstenci,yüklenici,yönlendirme
üstencilik,yüklenicilik,yönlendirme
üstenmek,taahhüt etmek,anlam içi
üstlenmek,yüklenmek,anlam içi
üstlenmek,deruhte etmek,anlam içi
üstüne,üzerine,anlam içi
üstünkörü,baştan savma,anlam içi
üstünkörü,yalan yanlış,anlam içi
üstünkörü,üstten,anlam içi
üstünkörü,yalapşap,anlam içi
üstünlük,faiklik,anlam içi
üstünlük duygusu,üstünlük hissi,anlam içi
üstünlük duygusu,üstünlük karmaşası,anlam içi
üstünlük duygusu,üstünlük kompleksi,anlam içi
üstü kapalı,eskülabi,anlam içi
üst üste,arka arkaya,yönlendirme
üşenç,üşengeçlik,yönlendirme
üşengeç,üşengen,anlam içi
üşengeçlik,üşengenlik,anlam içi
üşengeçlik,tekâsül,anlam içi
üşme,üşüşme,yönlendirme
üşmek,üşüşmek,yönlendirme
üşürme,saldırtma,yönlendirme
üşürmek,saldırtmak,yönlendirme
üşütmek,soğuk almak,anlam içi
ütmek,utmak,anlam içi
ütmek,yutmak,anlam içi
ütü masası,ütü tahtası,anlam içi
üvey ana,üvey anne,yönlendirme
üvey baba,cicibaba,anlam içi
üvey çocuk,üvey evlat,yönlendirme
üye,uzuv,anlam içi
üye aidatı,üyelik aidatı,yönlendirme
üzeri,üst,yönlendirme
üzme,tazip,anlam içi
üzüm şekeri,glikoz,yönlendirme
üzünç,üzüntü,yönlendirme
üzünçlü,üzüntülü,yönlendirme
üzüntü,burkuntu,anlam içi
üzüntü,teessür,anlam içi
vadeli hesap,vadeli mevduat,anlam içi
vadesiz hesap,vadesiz mevduat,anlam içi
vahdetivücut,varlık birliği,yönlendirme
vahim,vahametli,anlam içi
vahit,tek,yönlendirme
vahşi,yabani,yönlendirme
vahşice,vahşicesine,anlam içi
vahşice,vahşiyane,anlam içi
vahşileşme,yabanileşme,yönlendirme
vahşileşmek,yabanileşmek,yönlendirme
vahşileştirme,yabanileştirme,yönlendirme
vahşileştirmek,yabanileştirmek,yönlendirme
vahşilik,yabanilik,yönlendirme
vahşi hayvan,yabani hayvan,yönlendirme
vakfiye,vakıfname,yönlendirme
vale,oda hizmetçisi,yönlendirme
valf,vana,yönlendirme
valilik,vilayet,anlam içi
vallahi,valla,anlam içi
vallahi,vallaha,anlam içi
vallahi billahi,vallahi tallahi,anlam içi
Vandalizm,Vandallık,yönlendirme
vantrilok,karnından konuşan,yönlendirme
vantuz,çekmen,anlam içi
varak,varaka,anlam içi
varış çizgisi,bitiş çizgisi,anlam içi
variyet,zenginlik,yönlendirme
variyetli,zengin,yönlendirme
varlık,popülasyon,anlam içi
varlıklı,zengin,yönlendirme
varlıklılık,zenginlik,yönlendirme
varlık nedeni,varlık sebebi,yönlendirme
varma,vusul,anlam içi
varmak,vasıl olmak,anlam içi
varoluş,öz karşıtı,anlam içi
varsayılmak,farz olunmak,anlam içi
varsaymak,farz etmek,anlam içi
varsıllık,zenginlik,yönlendirme
varsıl erki,zengin erki,anlam içi
varyasyon,varyete,anlam içi
var gücüyle,var kuvvetiyle,anlam içi
vasıfsız işçi,niteliksiz işçi,yönlendirme
vasıta,taşıt,yönlendirme
vasıta hâli,araç durumu,yönlendirme
vasilik,vesayet,anlam içi
vasiyet,vasiyetname,yönlendirme
vasl,ulama,yönlendirme
vatani görev,vatani vazife,anlam içi
vatansızlık,haymatlosluk,anlam içi
vatvat,ebabil,yönlendirme
vatvat,yarasa,yönlendirme
vazgeçme,geri çekilme,anlam içi
vazgeçme,vazgelme,anlam içi
vazgeçmek,vazgelmek,anlam içi
vazife kurbanı,görev şehidi,yönlendirme
vazife şehidi,görev şehidi,yönlendirme
veba,taun,anlam içi
vefakâr,vefalı,anlam içi
vefat ilmühaberi,ölüm kâğıdı,yönlendirme
vejetasyon,ur,yönlendirme
vekillik,asalet karşıtı,anlam içi
vektör,yöney,anlam içi
vekâlet,vekillik,yönlendirme
velayet,velilik,yönlendirme
velhasıl,kısacası,yönlendirme
velhasılıkelam,kısacası,yönlendirme
velut,verimli,yönlendirme
vere,vire,yönlendirme
verecek,"borç, alacak karşıtı",yönlendirme
verecekli,"borçlu, alacaklı karşıtı",yönlendirme
vergili,verimli,yönlendirme
vergili,verici,yönlendirme
vergi yükümlüsü,vergi mükellefi,anlam içi
veri,data,anlam içi
verici,donör,anlam içi
verimkâr,verimli,yönlendirme
verimlilik,biteklik,anlam içi
verimlilik,verimkârlık,anlam içi
verimlilik,mümbitlik,anlam içi
verimsiz,semeresiz,anlam içi
verme,lütfetme,anlam içi
vermek,uçlanmak,anlam içi
vesikalık,vesikalık fotoğraf,yönlendirme
vesikalık fotoğraf,vesika fotoğrafı,anlam içi
vesikalık fotoğraf,vesikalık resim,anlam içi
vesselam,kısacası,yönlendirme
vesvesecilik,kuruntululuk,yönlendirme
vesveselilik,kuruntululuk,yönlendirme
vesvesesizlik,kuruntusuzluk,yönlendirme
veteriner,veteriner hekim,anlam içi
veteriner hekimliği,veterinerlik,yönlendirme
vetire,tarz,yönlendirme
veya,veyahut,anlam içi
vezaret,vezirlik,yönlendirme
vezin,tartı,yönlendirme
vezinli,tartılı,yönlendirme
vezinsiz,tartısız,yönlendirme
vezneci,veznedar,anlam içi
veznecilik,veznedarlık,anlam içi
ve benzeri,vesaire,anlam içi
vırıldama,vırlama,anlam içi
vırıldamak,vırlamak,anlam içi
vırt zırt,ikide bir,yönlendirme
vızıldama,vızlama,anlam içi
vızıldamak,vızlamak,anlam içi
vibrasyon tecridi,titreşim önleyici,yönlendirme
vicdansızca,vicdansızcasına,anlam içi
vidanjör,boşaltıcı,yönlendirme
video,videoteyp,yönlendirme
virajlı,dönemeçli,yönlendirme
virajsız,dönemeçsiz,yönlendirme
virman,para aktarımı,yönlendirme
viskozite,ağdalılık,yönlendirme
vitir,vitir namazı,yönlendirme
viyolacı,viyolonist,anlam içi
viyolonselci,çellist,anlam içi
viyolonselci,viyolonselist,anlam içi
vizon,mink (Mustela vison),anlam içi
vizyon,ülkü,yönlendirme
vokal,ünlü,yönlendirme
vokal uyumu,ünlü uyumu,yönlendirme
voleybol,uçan top,anlam içi
volfram,tungsten (simgesi W),anlam içi
voli,vurgun,yönlendirme
vurdumduymamazlık,vurdumduymazlık,yönlendirme
vurdumduymaz,duvar yüzlü,anlam içi
vurguncu,ihtikârcı,anlam içi
vurgunculuk,spekülatörlük,anlam içi
vurmalı sazlar,vurmalı çalgılar,anlam içi
vurmalı sazlar,perküsyon,anlam içi
vurucu güç,vurucu tim,anlam içi
vücut dili,beden dili,yönlendirme
vücut ısısı,vücut sıcaklığı,yönlendirme
vüsat,uzam,yönlendirme
vârislik,mirasçılık,yönlendirme
yabancı,el,anlam içi
yabancı,yad,anlam içi
yabancı,yadırgı,anlam içi
yabancılaşmak,bigâne düşmek,anlam içi
yabancıllık,egzotiklik,anlam içi
yabancı saha,dış saha,yönlendirme
yabanıl,yabansı,yönlendirme
yabanıl,yabani (bitki),yönlendirme
yabanıl,yabani (hayvan),yönlendirme
yabanıllaşma,yabanileşme,yönlendirme
yabanıllaşmak,yabanileşmek,yönlendirme
yabani,yabanıl,anlam içi
yabani,evcil karşıtı,anlam içi
yabani enginar,kenger,yönlendirme
yabani gül,yaban gülü,yönlendirme
yabani marul,yağ marulu (Lactuca serriola),anlam içi
yabani mercanköşk,farekulağı (Origanum vulgare),anlam içi
yabani sarımsak,köpek soğanı,anlam içi
yabani turp,yaban turpu,yönlendirme
yaban arısı,sarıca (Vespa vulgaris),anlam içi
yaban fesleğeni,yer fesleğeni,yönlendirme
yaban gülü,yabani gül (Rosa canina),anlam içi
yaban havucu,karakavza (Pastinaca sativa),anlam içi
yaban inciri,yabani incir,anlam içi
yaban kazı,sakar meke (Anser anser),anlam içi
yaban kedisi,dağ kedisi. (Felis silvestris),anlam içi
yaban keteni,su keteni,yönlendirme
yaban koyunu,muflon (Ovis ammon),anlam içi
yaban mersini,çobanüzümü (Vaccinium myrtillus),anlam içi
yaban pancarı,pazı,yönlendirme
yaban pazısı,ıştır,yönlendirme
yaban sümbülü,kedi nanesi,yönlendirme
yaban tavşanı,ada tavşanı,yönlendirme
yaban teresi,horozcuk otu,yönlendirme
yaban turpu,eşek turpu,anlam içi
yaban turpu,yabani turp (Raphanus raphanistrum),anlam içi
yadımlama,özümleme karşıtı,anlam içi
yadsımak,inkâr etmek,anlam içi
yağlı kâğıt,pişirme kâğıdı,yönlendirme
yağma,talan,anlam içi
yağmalama,talanlama,anlam içi
yağmalamak,talanlamak,anlam içi
yağmalanma,talanlanma,anlam içi
yağmalanmak,talanlanmak,anlam içi
yağmur,yağar,anlam içi
yağmur,yağış,anlam içi
yağmur,rahmet,anlam içi
yağmurca,dağ keçisi,yönlendirme
yağmurluk,trençkot,anlam içi
yağmurluk,empermeabl,anlam içi
yağmurölçer,yağışölçer,yönlendirme
yağmur kuşu,altın yağmurcun (Charadrius fluvialis),anlam içi
yağmur taşı,yada taşı,yönlendirme
yağrın,kürek kemiği,yönlendirme
yağsı,yağımsı,anlam içi
yağ bezi,yağ bezleri,yönlendirme
yağ lambası,yağ kandili,yönlendirme
yağ marulu,yabani marul,yönlendirme
yağ şalgamı,küçük şalgam,yönlendirme
yağ tulumu,yağ fıçısı,anlam içi
yağ tulumu,yağ küpü,anlam içi
Yahudi Almancası,Yiddiş,anlam içi
Yahudi baklası,termiye,yönlendirme
Yahudi ebegümeci,mülhiye,yönlendirme
Yahudi tavlası,kız tavlası,yönlendirme
yahut,veya,yönlendirme
yak,Tibet öküzü,anlam içi
yak,Tibet sığırı (Bos grunniens),anlam içi
yaka,semt,yönlendirme
yaka,sahil,yönlendirme
yakalamak,derdest etmek,anlam içi
yakalamak,sobelemek,anlam içi
yakalamak,tutturmak,yönlendirme
yakalanmak,tutulmak,anlam içi
yakarca,tatarcık,yönlendirme
yakarış,yakarı,anlam içi
yakarış,münacat,anlam içi
yakarma,tazarru,anlam içi
yakarmak,yalvarmak,anlam içi
yakınlaşma,yakınlama,anlam içi
yakınlaşmak,yaklaşmak,anlam içi
yakınlaşmak,yakınlamak,anlam içi
yakınlık,ünsiyet,anlam içi
yakınlık eylemi,yaklaşma fiili,yönlendirme
yakınlık fiili,yaklaşma fiili,yönlendirme
yakınmak,sızlamak,anlam içi
yakıntı,şikâyet,yönlendirme
Yakın Doğu,Yakın Şark,anlam içi
yakışık,uygunluk,yönlendirme
yakışıksızlık,uygunsuzluk,anlam içi
yakıştırmak,uydurmak,yönlendirme
yakıştırmak,yormak,anlam içi
yaklaşık,takribî,anlam içi
yaklaşma,yakınlama,anlam içi
yaklaşma,iktirani mukarenet,anlam içi
yaklaşmak,yakınlamak,anlam içi
yaklaşma eylemi,yaklaşma fiili,yönlendirme
yaklaşma fiili,yakınlık fiili: düşeyazmak,anlam içi
yaklaşma fiili,öleyazmak vb,anlam içi
yaklaştırma,takrip,anlam içi
Yakut,Saha,anlam içi
Yakutça,Yakut Türkçesi,yönlendirme
yalabık,şimşek,yönlendirme
yalabık,parıltılı,yönlendirme
yalabımak,parıldamak,yönlendirme
yalamuk,soymuk,yönlendirme
yalan,şorolop,anlam içi
yalan,uydurma,yönlendirme
yalancı,sahte,yönlendirme
yalancıktan,yalandan,yönlendirme
yalancı akasya,akasya,yönlendirme
yalancı dolma,zeytinyağlı dolma,anlam içi
yalancı dünya,yalan dünya,yönlendirme
yalancı safran,papağanyemi,anlam içi
yalancı safran,aspur (Carthamus tinctorius),anlam içi
yalancı tanık,yalancı şahit,anlam içi
yalandan,sureta,anlam içi
yalandan,üstünkörü,yönlendirme
yalanlama,tekzip,anlam içi
yalanlamak,tekzip etmek,anlam içi
yalan dolan,hile hurda,anlam içi
yalap şalap,üstünkörü,yönlendirme
yaldızlama,tezhip,anlam içi
yalgın,serap,yönlendirme
yalı,sahil,yönlendirme
yalıçapkını,iskele kuşu (Alcedo atthis),anlam içi
yalın,süssüz,yönlendirme
yalınlık,sadelik,anlam içi
yalın durum,yalın hâl,anlam içi
yalın durum,mücerret,anlam içi
yalın durum,nominatif,anlam içi
yalın kelime,kök kelime,yönlendirme
yalın kılıç,tek başına,yönlendirme
yalıtıcı,yalıtkan,yönlendirme
yalıtım,yalıtma,anlam içi
yalıtım,tecrit,anlam içi
yalıtkan,iletken karşıtı,anlam içi
yalıtmak,izole etmek,anlam içi
yalıtmak,tecrit etmek,anlam içi
yalman,sarp,yönlendirme
yalnız,yalnızca,yönlendirme
yalnızca,tek,anlam içi
yalnızca,sırf,anlam içi
yalnızca,salt,anlam içi
yalnız başına,tek başına,yönlendirme
yalpak,uçurum,anlam içi
yalpı,yamaç,yönlendirme
yaltaklanmak,dalkavukluk etmek,anlam içi
yaltaklanmak,tabasbus etmek,anlam içi
yalvaç,peygamber,yönlendirme
yalvaçlık,peygamberlik,yönlendirme
yamaç,bögür,anlam içi
yamaç,yan,yönlendirme
yamaç paraşütü,parapent,anlam içi
yamalanmak,yamanmak,anlam içi
yamuk yumuk,yamru yumru,yönlendirme
yamyam,yabani,yönlendirme
yamyaş,sırılsıklam,yönlendirme
yan,profil,anlam içi
yan,taç,yönlendirme
yanardağ,volkan,anlam içi
yanaşık nizam,yanaşık düzen,yönlendirme
yanaşma,tutma,anlam içi
yanay,profil,anlam içi
yana yana,tekrar tekrar,yönlendirme
yandan çarklı,padıl,anlam içi
yandaş,yanlı,anlam içi
yandaş,tarafçı,anlam içi
yandaş,taraflı,anlam içi
yandaş,taraftar,anlam içi
yandaşlık,yanlılık,anlam içi
yandaşlık,tarafçılık,anlam içi
yandaşlık,taraflılık,anlam içi
yandaşlık,taraftarlık,anlam içi
yangın söndürücü,söndürücü,anlam içi
yanık,kavruk,anlam içi
yanıkara,şarbon,yönlendirme
yanılmak,sürçmek,yönlendirme
yanıltı,sehiv,anlam içi
yanıltıcı,paralojik,anlam içi
yanıltıcı,sofistike,anlam içi
yanıltmaca,yanıltmaç,anlam içi
yanıltmak,şaşırtmak,anlam içi
yanında,nispetle,anlam içi
yanıt,reaksiyon,anlam içi
yanıtlanma,cevaplanma,yönlendirme
yanıtlanmak,cevaplanmak,yönlendirme
yanıtlayabilme,cevaplayabilme,yönlendirme
yanıtlayabilmek,cevaplayabilmek,yönlendirme
yankesici,arpacı,anlam içi
yankesici,cep faresi,anlam içi
yankesici,tırtıkçı,anlam içi
yankesicilik,arpacılık,anlam içi
yankesicilik,tırtıkçılık,anlam içi
yankı,eko,anlam içi
yankılı,akisli,anlam içi
yankılı,ekolu,anlam içi
yankısız,akissiz,anlam içi
yankısız,ekosuz,anlam içi
yanlışlık,sakamet,anlam içi
yanlışlıkla,sehven,yönlendirme
yansı,refleks,yönlendirme
yansılama,yansıma,yönlendirme
yansılamak,yansımak,yönlendirme
yansıma,yansınım,anlam içi
yansıma,yansımalı kelime,yönlendirme
yansımalı kelime,onomatope: horlamak,anlam içi
yansımalı kelime,güm güm,anlam içi
yansımalı kelime,şırıltı,anlam içi
yansımalı kelime,vızıldamak,anlam içi
yansımalı kelime,par par yanmak vb,anlam içi
yansıtaç,yansıtıcı,yönlendirme
yansıtıcı,reflektör,anlam içi
yansıtılma,aksettirilme,anlam içi
yansıtılmak,aksettirilmek,anlam içi
yansıtım aygıtı,projeksiyon cihazı,anlam içi
yansıtım aygıtı,projeksiyon makinesi,anlam içi
yansız,tarafsız,yönlendirme
yansız,nötr,anlam içi
yansızlaştırma,nötralizasyon,anlam içi
yansızlık,tarafsızlık,yönlendirme
yansızlık,nötralizm,anlam içi
yan atışı,taç atışı,yönlendirme
yan cümle,yan tümce,anlam içi
yan etki,yan tesir,anlam içi
yan rol,yardımcı rol,anlam içi
yan yan,yanlamasına,yönlendirme
yan yan,ucun ucun,yönlendirme
yan yana,borda bordaya,anlam içi
yapağı,yapak,anlam içi
yapakçı,yapağıcı,yönlendirme
yapakçılık,yapağıcılık,yönlendirme
yapay,yapma,anlam içi
yapay,bileşimli,anlam içi
yapay,suni,anlam içi
yapay,tasni,anlam içi
yapay,sentetik,anlam içi
yapay,doğal karşıtı,anlam içi
yapay,yapmacık,yönlendirme
yapayalnız,yapyalnız,anlam içi
yapaylık,sunilik,anlam içi
yapay böbrek,suni böbrek,anlam içi
yapay dil,yapma dil,anlam içi
yapay ipek,suni ipek,anlam içi
yapay kalp,suni kalp,anlam içi
yapay solunum,suni solunum,anlam içi
yapay solunum,suni teneffüs,anlam içi
yapay solunum,hayat öpücüğü,anlam içi
yapı,strüktür,anlam içi
yapı,örgü,anlam içi
yapıcı,olumlu,yönlendirme
yapılmak,çıkmak,anlam içi
yapım,özümleme,yönlendirme
yapım,prodüksiyon,anlam içi
yapımcı,prodüktör,anlam içi
yapımcı,programcı,anlam içi
yapım eki,gör-üş-mek,anlam içi
yapım eki,dön-üş-tür-mek vb,anlam içi
yapıntı,tasni,anlam içi
yapısal,strüktürel,anlam içi
yapısal,konstrüktif,anlam içi
yapısalcı,strüktüralist,anlam içi
yapısalcılık,strüktüralizm,anlam içi
yapısalcılık,yapısal dil bilimi,anlam içi
yapışkan,lüzucetli,anlam içi
yapışkan,yapıştırıcı,yönlendirme
yapı bilgisi,biçim bilgisi,yönlendirme
yapma,"yapmacık, sahici karşıtı",yönlendirme
yapmacık,yapma,anlam içi
yapmacık,sahte,anlam içi
yapmacık,suni,anlam içi
yapmacık,zahirî,anlam içi
yapmacık,sofistike,anlam içi
yapmacıksız,samimi,anlam içi
yapmak,uygulamak,anlam içi
yapmak,ifa etmek,anlam içi
yapmak,üretmek,yönlendirme
yapmak,olmak,yönlendirme
yapma gübre,suni gübre,yönlendirme
yapma uydu,suni peyk,anlam içi
yapracık,yaprakçık,yönlendirme
yaprak,varak,anlam içi
yaprak kurdu,yaprak böceği,yönlendirme
yaprak sarması,sarma,yönlendirme
yaprak sigarası,puro,anlam içi
yaprak sigarası,sigar,anlam içi
yaptırım,müeyyide,anlam içi
yar,uçurum,yönlendirme
yara,ülser,anlam içi
yaradılış,tıynet,anlam içi
yaradılıştan,anadan doğma,anlam içi
yaradılıştan,taban,anlam içi
yaradılıştan,maderzat,anlam içi
yarak,silah,yönlendirme
yaramazlaşmak,yaramaz olmak,anlam içi
yararcı,pragmatik,anlam içi
yararcılık,pragmacılık,anlam içi
yararcılık,pragmatiklik,anlam içi
yararcılık,pragmatizm,anlam içi
yararlandırılma,faydalandırılma,anlam içi
yararlandırılmak,faydalandırılmak,anlam içi
yararlandırma,faydalandırma,anlam içi
yararlandırmak,faydalandırmak,anlam içi
yararlanılabilme,faydalanılabilme,anlam içi
yararlanılabilmek,faydalanılabilmek,anlam içi
yararlanılma,faydalanılma,anlam içi
yararlanılmak,faydalanılmak,anlam içi
yararlanış,faydalanış,anlam içi
yararlanmak,istifade etmek,anlam içi
yararlanmak,uçlanmak,anlam içi
yararlı,yarayışlı,anlam içi
yararlı,istifadeli,anlam içi
yararlı,nafi,anlam içi
yararlı,müfit,anlam içi
yararlık,yararlılık,yönlendirme
yararsız,yarayışsız,anlam içi
yararsız,istifadesiz,anlam içi
yararsız,nafile,anlam içi
yararsızlık,faydasızlık,anlam içi
yararsızlık,yarayışsızlık,anlam içi
yararsızlık,nafilelik,anlam içi
yarasa,vatvat (Vespertilio),anlam içi
yaraşık,yaraşma,yönlendirme
yaraştırma,tensip,anlam içi
yaraştırmak,tensip etmek,anlam içi
yaratı,yaratım,yönlendirme
yaratıcı,kreatif,anlam içi
yarayışlılık,yararlılık,yönlendirme
yara bere,ezik,anlam içi
yardımcı doçent,doktor öğretim üyesi,yönlendirme
yardımcı eylem,yardımcı fiil,yönlendirme
yardımcı fiil,yardımcı eylem: arz etmek,anlam içi
yardımcı fiil,naz eylemek,anlam içi
yardımcı fiil,namaz kılmak,anlam içi
yardımcı fiil,adam olmak,anlam içi
yardımcı fiil,söylemiş olmak vb,anlam içi
yardımcı hakem,yan hakem,anlam içi
yardımcı hakem,yan yargıcı,anlam içi
yardımcı hakem,yardımcı yargıcı,anlam içi
yardımcı hakemlik,yardımcı yargıcılık,anlam içi
yardımcı ünlü,bağlayıcı ünlü,yönlendirme
yardımcı ünsüz,bağlayıcı ünsüz,yönlendirme
yardımlaşma,teavün,anlam içi
yargılama,anlık,yönlendirme
yargılama gideri,dava gideri,yönlendirme
yargılama usulü,yargı usulü,anlam içi
yargı çevresi,yargı alanı,anlam içi
yargı erki,yargı gücü,yönlendirme
yarı,nısıf,anlam içi
yarı,nim,anlam içi
yarı,devre arası,yönlendirme
yarıcı,ortakçı,yönlendirme
yarıcılık,ortakçılık,yönlendirme
yarıçap,nısıf kutur,anlam içi
yarılmak,patlamak,anlam içi
yarımlık,yarım altın,yönlendirme
yarımlık,ata yarımlık,yönlendirme
yarımlık,kasık fıtığı,yönlendirme
yarım ağızla,yarım ağız,anlam içi
yarım ayak,gömme ayak,anlam içi
yarım baş ağrısı,yarımca,anlam içi
yarım kafiye,yarım uyak,anlam içi
yarım yamalak,üstünkörü,yönlendirme
yarış,yarışma,yönlendirme
yarış,rekabet,yönlendirme
yarışçı,müsabık,anlam içi
yarışım,yarışma,yönlendirme
yarışımcı,yarışmacı,yönlendirme
yarışlık,pist,yönlendirme
yarışma,müsabaka,anlam içi
yarışma,rekabet,yönlendirme
yarışmacı,müsabık,anlam içi
yarışmak,rekabet etmek,anlam içi
yarış arabası,yarış otomobili,anlam içi
yarıyıl,sömestir,anlam içi
yarıyıl sonu imtihanı,yarıyıl sonu sınavı,yönlendirme
yarı alan,yarı saha,anlam içi
yarı asalak,yarım asalak,yönlendirme
yarı final,yarı son,anlam içi
yarı küre,yarım küre,yönlendirme
yarlıgamak,mağfiret etmek,anlam içi
yarma çorbası,yarma aşı,anlam içi
yarma saldırısı,yarma harekâtı,yönlendirme
yarma taarruzu,yarma harekâtı,yönlendirme
yasaklamak,yasak etmek,anlam içi
yasaklı yayın,yasak yayın,yönlendirme
yasal,legal,anlam içi
yasallık,kanunilik,anlam içi
yasallık ilkesi,kanunilik ilkesi,anlam içi
yasama,teşri,anlam içi
yasamalı,teşrii,anlam içi
yasama dokunulmazlığı,milletvekili dokunulmazlığı,anlam içi
yasama dokunulmazlığı,teşrii masuniyet,anlam içi
yasama gücü,yasama hakkı,anlam içi
yasama gücü,yasama yetkisi,anlam içi
yasama gücü,yasama kuvveti,anlam içi
yasama gücü,teşrii kuvvet,anlam içi
yasama gücü,teşri kuvveti,anlam içi
yasama kurulu,parlamento,yönlendirme
yasama meclisi,parlamento,yönlendirme
yasama organı,parlamento,yönlendirme
yasa dışılık,kanun dışılık,anlam içi
yasa dışılık,gayrikanunilik,anlam içi
yasa koyucu,vazııkanun,anlam içi
yasa önerisi,yasa teklifi,yönlendirme
yasa tasarısı,kanun layihası,anlam içi
yasemin,Mısır yasemini (Jasminum),anlam içi
yaslama,yastama,anlam içi
yaslamak,yastamak,anlam içi
yaslılık,matemlilik,anlam içi
yassı,piyata,anlam içi
yassılanma,yassılaşma,yönlendirme
yassılanmak,yassılaşmak,yönlendirme
yassılma,yassılaşma,yönlendirme
yassılmak,yassılaşmak,yönlendirme
yassıltma,yassılaştırma,yönlendirme
yassıltmak,yassılaştırmak,yönlendirme
yaş,sin,anlam içi
yaş,"ıslak, kuru (I) karşıtı",yönlendirme
yaş,taze,anlam içi
yaş,zor,yönlendirme
yaşa,yaşasın,anlam içi
yaşa,ole,anlam içi
yaşa,oley,anlam içi
yaşam,ömür,anlam içi
yaşama çabası,yaşam savaşı,anlam içi
yaşama çabası,yaşama savaşı,anlam içi
yaşama çabası,yaşama uğraşısı,anlam içi
yaşam biçimi,hayat tarzı,yönlendirme
yaşam düzeyi,hayat düzeyi,anlam içi
yaşam düzeyi,hayat seviyesi,anlam içi
yaşam felsefesi,hayat felsefesi,yönlendirme
yaşam koşulları,hayat şartları,yönlendirme
yaşam öyküsü,öz geçmiş,yönlendirme
yaşasın,"yaşa, kahrolsun karşıtı",yönlendirme
yaşın yaşın,gizli gizli,yönlendirme
yaşlanma,moruklama,anlam içi
yaşlanmak,moruklamak,anlam içi
yaşlı,ak saçlı,anlam içi
yaşlı,ihtiyar,anlam içi
yaşlılık bilimi,gerontoloji,anlam içi
yataklı,yataklı vagon,yönlendirme
yataklık,karyola,anlam içi
yatar koltuk,pulman,yönlendirme
yatay,ufki,anlam içi
yatık yazı,eğik yazı,yönlendirme
yatırım,plasman,anlam içi
yatırmak,uyutmak,yönlendirme
yatışmak,sakinleşmek,yönlendirme
yatıştırıcı,sakinleştirici,yönlendirme
yatıştırmak,sakinleştirmek,yönlendirme
yatkın,yatık,yönlendirme
yatkınlık,mümarese,anlam içi
yatsı,yatsı ezanı,yönlendirme
yatsı,yatsı namazı,yönlendirme
yavan,katıksız,yönlendirme
yavaş,çabuk karşıtı,anlam içi
yavaş,ağır aksak,anlam içi
yavaşça,usulca,anlam içi
yavaşça,usulcana,anlam içi
yavaşça,usuldan,anlam içi
yavaşçacık,usulcacık,yönlendirme
yavaşlama,ahesteleşme,anlam içi
yavaşlamak,ahesteleşmek,anlam içi
yavaş yavaş,fıstıki makamla,anlam içi
yavaş yavaş,öyle öyle,anlam içi
yavaş yavaş,perde perde,anlam içi
yavaş yavaş,ufak ufak,anlam içi
yavaş yavaş,usul usul,anlam içi
yaver,yardımcı,yönlendirme
yavru,kuzu,anlam içi
yavrucağız,yavrucak,yönlendirme
yavrucak,yavrucuk,anlam içi
yavru kapı,kuzu kapı,yönlendirme
yavşan,yavşan otu,yönlendirme
yavşan otu,yavşan (Artemisia),anlam içi
yavuklama,nişanlama,yönlendirme
yavuklamak,nişanlamak,yönlendirme
yavuklanma,nişanlanma,yönlendirme
yavuklanmak,nişanlanmak,yönlendirme
yavuklu,nişanlı,yönlendirme
yavuklu,sözlü,yönlendirme
yavuklu,sevgili,yönlendirme
yavuz,iyi,yönlendirme
yavuzlanmak,kabadayılaşmak,yönlendirme
yavuzlaşmak,kabadayılaşmak,yönlendirme
Yay,Yay Burcu,yönlendirme
yay,zemberek,yönlendirme
yaya,piyade,anlam içi
yaya,yayan,yönlendirme
yayan,tabanvay,anlam içi
yaya kaldırımı,kaldırım,anlam içi
yaya kaldırımı,tretuvar,anlam içi
yayçizer,pergel,yönlendirme
yaygaracı,vayvaycı,anlam içi
yaygaracılık,vayvaycılık,anlam içi
yaygaracılık,şirretlik,yönlendirme
yaygı,savan,anlam içi
yayılma,intişar,anlam içi
yayılma,tevessü,anlam içi
yayılma,metastaz,anlam içi
yayılmak,serilmek,yönlendirme
yayılmak,otlamak,yönlendirme
yayılmak,serpilmek,anlam içi
yayım,neşir,anlam içi
yayımcı,naşir,anlam içi
yayımcı,tabi,anlam içi
yayımcılık,naşirlik,anlam içi
yayımcılık,tabilik,anlam içi
yayımlamak,neşretmek,anlam içi
yayımlanma,neşredilme,anlam içi
yayımlanma,neşrolunma,anlam içi
yayımlanmak,neşredilmek,anlam içi
yayımlanmak,neşrolunmak,anlam içi
yayın,neşriyat,anlam içi
yayın,yapıt,anlam içi
yayın,program,anlam içi
yayınım,yayınma,yönlendirme
yayınispi,nispet eki,yönlendirme
yayınlamak,yayımlamak,yönlendirme
yayla,yaylak,anlam içi
yayla,plato,anlam içi
yaylak,otlak,yönlendirme
yayla çiçeği,ölmez çiçek,yönlendirme
yayla gülü,ölmez çiçek,yönlendirme
yayla salatası,yeşil salata,yönlendirme
yayla yavşanı,tüylü dalak otu,yönlendirme
yaylı,yaylı araba,anlam içi
yaylım,otlak,yönlendirme
yaylım ateşi,salvo,anlam içi
yaylı sazlar,yaylı çalgılar,anlam içi
yayma,tevsi,anlam içi
yaymak,yazmak,anlam içi
yaymak,vermek,anlam içi
yay ayraç,mutariza “( )”,anlam içi
yazanak,rapor,yönlendirme
yazar,kalem erbabı,anlam içi
yazar,musannif,anlam içi
yazar,müellif,anlam içi
yazar,kalem,anlam içi
yazar,yazıcı,anlam içi
yazar,muharrir,anlam içi
yazarlık,muharrirlik,anlam içi
yazar hakkı,telif hakkı,yönlendirme
yazdırmak,kaydettirmek,yönlendirme
yazgı,yazı,anlam içi
yazgı,kader,anlam içi
yazgı,ezelî takdir,anlam içi
yazgı,kader çizgisi,anlam içi
yazgı,mukadderat,anlam içi
yazgı,takdiriilahi,anlam içi
yazgı,tecelli,anlam içi
yazgıcı,kaderci,anlam içi
yazgıcılık,kadercilik,anlam içi
yazı,makale,yönlendirme
yazı,ova,yönlendirme
yazıhane,yazı masası,yönlendirme
yazıklanma,teessüf,anlam içi
yazıklanmak,teessüf etmek,anlam içi
yazılı,muharrer,anlam içi
yazılı,sözlü karşıtı,anlam içi
yazılı,yazılı sınav,yönlendirme
yazılı,nominal,anlam içi
yazılım dizgesi,yazılım sistemi,yönlendirme
yazılı imtihan,yazılı sınav,yönlendirme
yazılı sınav,yazılı yoklama,anlam içi
yazılma,kaydolma,anlam içi
yazılmak,kaydolmak,anlam içi
yazım,imla,anlam içi
yazın bilimci,edebiyat bilimci,yönlendirme
yazın dili,edebî dil,yönlendirme
yazışma,muhabere,anlam içi
yazı karakteri,font,anlam içi
yazı kurulu,tahrir heyeti,anlam içi
yazma,tahrir,anlam içi
yazma,yazma nüsha,anlam içi
yazma,kabakulak,yönlendirme
yazmak,kaydetmek,yönlendirme
yazman,sekreter,yönlendirme
yazmanlık,sekreterlik,yönlendirme
Yaz Dönencesi,Yengeç Dönencesi,yönlendirme
yedek,redif,yönlendirme
yedek akçe,ihtiyat akçesi,anlam içi
yedek lastik,yedek teker,anlam içi
yedek lastik,stepne,anlam içi
Yedikızkardeş,Ülker,yönlendirme
yedinci sanat,sinema,yönlendirme
yedi göbek,yedi cet,anlam içi
yegâne,tek,yönlendirme
yeğ,müreccah,anlam içi
yeğin,şiddetli,yönlendirme
yeğin,üstün,yönlendirme
yeğinlik,şiddet,yönlendirme
yeğleme,tercih,anlam içi
yeğlemek,yeğ tutmak,anlam içi
yeğlemek,tercih etmek,anlam içi
yeğlik,rüçhan,anlam içi
yekdiğeri,ötekisi,yönlendirme
yeknesak,tekdüze,yönlendirme
yeknesaklık,tekdüzelik,yönlendirme
yekten,durup dururken,yönlendirme
yekûn,toplam,yönlendirme
yel,rüzgâr,yönlendirme
yele,perçem,anlam içi
yelek,telek,yönlendirme
yeleli kurt,sırtlan,yönlendirme
yelken,yelkenli,yönlendirme
yelken kulak,yelken kulaklı,yönlendirme
yelkesen,yelkıran,anlam içi
yelkesen,rüzgârlık,anlam içi
yellenme,kavara,anlam içi
yellenme,osuruk,anlam içi
yellenme,zarta,anlam içi
yellenmek,osurmak,anlam içi
yelli,rüzgârlı,yönlendirme
yellim yepelek,yel yeperek,yönlendirme
yelölçer,rüzgârölçer,anlam içi
yelpik,nefes darlığı,yönlendirme
yelve,florya,yönlendirme
yel yeperek,yel yepelek,anlam içi
yem,yeygi,anlam içi
yem,rüşvet,yönlendirme
yemek,taam,anlam içi
yemek,lokma,anlam içi
yemek,manca,anlam içi
yemek,kemirmek,yönlendirme
yemekaltı,ordövr,anlam içi
yemek odası,yemek salonu,anlam içi
yemek odası,salamanje,anlam içi
yemeni,kalavra,anlam içi
yeminli mali müşavir,yeminli muhasebeci,anlam içi
yeminli mali müşavirlik,yeminli muhasebecilik,anlam içi
yemlik,rüşvet,yönlendirme
Yengeç,Yengeç Burcu,yönlendirme
yengeç,seretan,anlam içi
yengi,zafer,anlam içi
yeni,eski karşıtı,anlam içi
yeniden kurma,rekonstrüksiyon,anlam içi
yeniden tasarımlama,restitüsyon,anlam içi
yenidoğan servisi,yenidoğan ünitesi,yönlendirme
yenidünya,Malta eriği,anlam içi
yenik,mağlup,anlam içi
yenileme,restorasyon,anlam içi
yenilgi,mağlubiyet,anlam içi
yenilik,teceddüt,anlam içi
yenilik,yenileşim,yönlendirme
yenilikçi,ceditçi,anlam içi
yenilikçilik,ceditçilik,anlam içi
yenilmek,kaybetmek,anlam içi
yenilmek,mağlup olmak,anlam içi
yenilmek,alt olmak,anlam içi
yenilmek,sırtı yere gelmek,anlam içi
yeni baştan,bir daha,anlam içi
yeni baştan,yeniden,anlam içi
yeni baştan,tekrar,anlam içi
Yeni Dünya aslanı,puma,yönlendirme
yeni Platoncu,yeni Eflatuncu,anlam içi
yeni Platonculuk,yeni Eflatunculuk,anlam içi
yeni Platonculuk,neoplatonizm,anlam içi
yeni sene,yeni yıl,yönlendirme
yeni yazı,yeni Türk harfleri,yönlendirme
yenmek,utmak,anlam içi
yepelek,narin,yönlendirme
yepyeni,tertemiz,yönlendirme
yer,mahal,anlam içi
yer,ülke,yönlendirme
yer,önem,yönlendirme
yer,nokta,anlam içi
yer,yerküre,yönlendirme
yerdegezen,yılan,yönlendirme
yerden bitme,yerden yapma,anlam içi
yerden bitme,türedi,yönlendirme
yerden selam,yerden temenna,anlam içi
yeregeçen,havuç,yönlendirme
yerel,yöresel,yönlendirme
yerel,lokal,anlam içi
yerelleşme,yöreselleşme,anlam içi
yerelleşme,mahallîleşme,anlam içi
yerelleşmek,yöreselleşmek,anlam içi
yerelleşmek,mahallîleşmek,anlam içi
yerelleştirme,yöreselleştirme,anlam içi
yerelleştirmek,yöreselleştirmek,anlam içi
yerel ağ,iç ağ,anlam içi
yerel yönetim,mahallî idare,anlam içi
yereşeği,makaslı böcek,yönlendirme
yere doğrulum,yere yönelim,yönlendirme
yergi,satir,anlam içi
yergici,taşlamacı,anlam içi
yerinde,münasip,anlam içi
yerinmek,üzülmek,yönlendirme
yerküre,yer yuvarı,anlam içi
yerküre,yer yuvarlağı,anlam içi
yerleşik,mütemekkin,anlam içi
yerleşim belgesi,ikametgâh belgesi,anlam içi
yerleşim belgesi,ikametgâh senedi,anlam içi
yerleştirilmek,vazedilmek,anlam içi
yerli,otokton,anlam içi
yerli yersiz,münasebetli münasebetsiz,anlam içi
yerli yersiz,ölçüsüz,anlam içi
yerli yersiz,ulu orta,yönlendirme
yerme,zem,anlam içi
yerme,zemmetme,anlam içi
yermek,zemmetmek,anlam içi
yermeli,pejoratif,yönlendirme
yermerkezcilik,yer özekçilik,anlam içi
yer adı bilimi,toponimi,anlam içi
yer belirteci,yer zarfı,yönlendirme
yer çamı,yer servisi (Ajuga chamaepitys),anlam içi
yer çekimi,arz cazibesi,anlam içi
yer çöküntüsü,çöküntü hendeği,yönlendirme
yer değiştirme,tebdilimekân,anlam içi
yer değiştirme,rotasyon,anlam içi
yer değiştirme,göçüşme,yönlendirme
yer fesleğeni,yaban fesleğeni (Mercurialis),anlam içi
yer fıstığı,araşit (Arachis hypogaea),anlam içi
yer kabuğu,yeryüzü,anlam içi
yer merkezli,yermerkezci,yönlendirme
yer mumu,ozokerit,anlam içi
yer özekçil,yermerkezci,yönlendirme
yer pırasası,aslankuyruğu,yönlendirme
yer servisi,yer çamı,yönlendirme
yer yağı,petrol,yönlendirme
yeşermek,yeşillenmek,anlam içi
yeşilbağa,yaprak kurbağası,anlam içi
yeşilimtırak,yeşilimsi,yönlendirme
yeşillenmek,zümrütlenmek,anlam içi
yeşilsazan,tatlısu kayası,yönlendirme
yeşil pasaport,hususi pasaport,yönlendirme
yeşil saha,yeşil alan,yönlendirme
yeteneklilik,istidatlılık,anlam içi
yeteneklilik,kabiliyetlilik,anlam içi
yeteneksizlik,istidatsızlık,anlam içi
yeterince,kararında,anlam içi
yeterince,olabildiğince,anlam içi
yeterlik,yeterlilik,yönlendirme
yeterlik fiili,iktidari fiil,anlam içi
yeterlik sınavı,yeterlilik sınavı,anlam içi
yeterlilik,liyakat,anlam içi
yetersizlik,yoksulluk,anlam içi
yeter sayı,nisap,anlam içi
yeti,kuvve,anlam içi
yetimlik,babasızlık,anlam içi
yetinmek,kanaat etmek,anlam içi
yetinmek,iktifa etmek,anlam içi
yetinmek,kanmak,anlam içi
yetişek,program,yönlendirme
yetişim,pedagojik formasyon,yönlendirme
yetiştirici,üretici,yönlendirme
yetke,otorite,yönlendirme
yetke,sulta,anlam içi
yetke,velayet,anlam içi
yetkeli,otoriteli,yönlendirme
yetki,salahiyet,anlam içi
yetkilendirim,otorizasyon,anlam içi
yetkili,salahiyetli,anlam içi
yetkili,salahiyettar,anlam içi
yetkin,olgun,yönlendirme
yetkinlik,olgunluk,yönlendirme
yetkisiz,salahiyetsiz,anlam içi
yetkisizlik,salahiyetsizlik,anlam içi
yetmemezlik,yetmezlik,yönlendirme
yezit,sahtekâr,yönlendirme
yığılışmak,toplanmak,anlam içi
yığılma,tahaşşüt,anlam içi
yığın,tınaz,anlam içi
yığınak,tecemmu,anlam içi
yığınak,tahaşşüt,anlam içi
yıkama,yuma,anlam içi
yıkamak,yumak,anlam içi
yıkamak,sövmek,yönlendirme
yıkanmak,yunmak,anlam içi
yıkıcı,yıkmacı,yönlendirme
yıkıcı,katastrofik,anlam içi
yıkılma,yıkıntı,anlam içi
yıkılmak,yüklenmek,yönlendirme
yıkım,yadımlama,yönlendirme
yıkıntı,virane,yönlendirme
yıkmak,tahrip etmek,anlam içi
yıl,sene,anlam içi
yılan,uzun hayvan,anlam içi
yılan gömleği,yılan kavı,anlam içi
yılan taşı,serpantin,anlam içi
Yıldırak,Süheyl,yönlendirme
yıldırak,şimşek,yönlendirme
yıldırama,parıldama,yönlendirme
yıldıramak,parıldamak,yönlendirme
yıldırım,saika,anlam içi
yıldırımkıran,yıldırımsavar,yönlendirme
yıldırımlık,yıldırımsavar,yönlendirme
yıldırımsavar,yıldırım siperi,anlam içi
yıldırımsavar,paratoner,anlam içi
yıldırımsavar,siperisaika,anlam içi
yıldır yıldır,pırıl pırıl,yönlendirme
yıldız,star,anlam içi
yıldız,kuzey,anlam içi
yıldızımsı,yıldızsı,yönlendirme
yıldız çiçeği,dalya (II) (Dahlia),anlam içi
yıldız falcılığı,müneccimlik,anlam içi
yıldız falcısı,müneccim,anlam içi
yıldız haritası,doğum haritası,anlam içi
yıldız haritası,horoskop,anlam içi
yıldız kurdu,ateş böceği,yönlendirme
yıldız yeli,yıldız rüzgârı,yönlendirme
yılışık,yıvışık,anlam içi
yıllarca,senelerce,anlam içi
yıllık,senelik,anlam içi
yıllık,senevi,anlam içi
yıllık,salname,anlam içi
yıllıkçı,yıllıklı,yönlendirme
yıl dönümü,seneidevriye,anlam içi
yıpranma payı,aşınma payı,anlam içi
yırlama,ırlama,yönlendirme
yırlamak,ırlamak,yönlendirme
yırtıcı,müfteris,anlam içi
yırtıcı hayvan,yabani hayvan,yönlendirme
yırtık,yırtılmış,anlam içi
yırtıklık,utanmazlık,yönlendirme
yiğit,celadetli,anlam içi
yiğit,yağız,anlam içi
yiğit,taşaklı,yönlendirme
yiğitlenme,yiğitleşme,yönlendirme
yiğitlenmek,yiğitleşmek,yönlendirme
yiğitlik,mürüvvet,anlam içi
yiğitlik,şecaat,anlam içi
yilbik,sara,yönlendirme
yineleme,tekrarlama,yönlendirme
yinelemek,tekrarlamak,yönlendirme
yinelemeli,tekrarlı,yönlendirme
yineleniş,tekrarlanış,yönlendirme
yinelenme,tekrarlanma,yönlendirme
yinelenmek,tekrarlanmak,yönlendirme
yineletme,tekrarlatma,yönlendirme
yineletmek,tekrarlatmak,yönlendirme
yineleyiş,tekrarlayış,yönlendirme
yirik,yarık,yönlendirme
yirmi yaş dişi,yirmilik diş,yönlendirme
yitik,kayıp,yönlendirme
yitim,kayıp,yönlendirme
yitirmek,kaybetmek,anlam içi
yitirmek,kaybolmak,anlam içi
yitmek,kaybolmak,anlam içi
yivaçar,pafta,anlam içi
yiyecek,kayıt,anlam içi
yiyici,mürtekip,anlam içi
yiyintili,lezzetli,yönlendirme
yoğaltım,tüketim,yönlendirme
yoğaltma,tüketme,yönlendirme
yoğaltmak,tüketmek,yönlendirme
yoğun,kesif,anlam içi
yoğun,kompakt,anlam içi
yoğun,sıkı,anlam içi
yoğunlaşma,tekâsüf,anlam içi
yoğunlaşmak,tekâsüf etmek,anlam içi
yoğunlaşmak,konsantre olmak,anlam içi
yoğunlaştırma,teksif,anlam içi
yoğunlaştırmak,teksif etmek,anlam içi
yoğunluk,sel,anlam içi
yoğunluk,kesafet,anlam içi
yoğunluk,gravite,anlam içi
yoğurt çiçeği,papatya,yönlendirme
yoğurt otu,çobansüzgeci (Galium),anlam içi
yok,namevcut,anlam içi
yok,nanay var karşıtı,anlam içi
yok,yasak,yönlendirme
yokçu,nihilist,yönlendirme
yokçuluk,nihilizm,yönlendirme
yoklamak,yordamlamak,anlam içi
yoklamak,şakullemek,anlam içi
yokluk,ademiyet,anlam içi
yokluk,yoksulluk,yönlendirme
yoksul,yoksuz,anlam içi
yoksul,yokluklu,anlam içi
yoksul,varlıksız,anlam içi
yoksul,variyetsiz,anlam içi
yoksul,yok yoksul,anlam içi
yoksul,fakir,anlam içi
yoksul,beş parasız,anlam içi
yoksul,parasız,anlam içi
yoksul,sersefil,anlam içi
yoksul,zengin,anlam içi
yoksul,varsıl karşıtı,anlam içi
yoksul,kan ayaklı,anlam içi
yoksulluk,beş parasızlık,anlam içi
yoksulluk,yoksuzluk,anlam içi
yoksulluk,variyetsizlik,anlam içi
yoksulluk,sefillik,anlam içi
yoksulluk,sefalet,anlam içi
yoksulluk,verimsizlik,yönlendirme
yoksun,mahrum,anlam içi
yoksunluk,mahrumluk,anlam içi
yoksunluk,mahrumiyet,anlam içi
yokumsama,yadsıma,yönlendirme
yokumsamak,yadsımak,yönlendirme
yokuş,iniş karşıtı,anlam içi
yok pahasına,ölü fiyatına,anlam içi
yok yere,boku bokuna,anlam içi
yol,sırat,anlam içi
yol,tarik,anlam içi
yol,yolculuk,yönlendirme
yol,sistem,anlam içi
yolak,patika,yönlendirme
yolbul,navigasyon,anlam içi
yolculuk,seyahat,anlam içi
yolculuk,sefer,anlam içi
yolsuzluk,usulsüzlük,anlam içi
yolsuzluk,parasızlık,yönlendirme
yol azığı,yolluk,yönlendirme
yol erkân,yol yordam,yönlendirme
yol halısı,yolluk,yönlendirme
yol yordam,yol yöntem,anlam içi
yomsuz,uğursuz,yönlendirme
yomsuzluk,uğursuzluk,yönlendirme
yonma,yontma,yönlendirme
yonmak,yontmak,yönlendirme
Yontma Taş Çağı,Yontma Taş Devri,yönlendirme
yontuk düz,yalama yazı,anlam içi
yontuk düz,peneplen,anlam içi
yontulma,yonulma,anlam içi
yontulmak,yonulmak,anlam içi
yont kuşu,kuyruksallayan,yönlendirme
yordam,yöntem,yönlendirme
yorum,tefsir,anlam içi
yorum,tabir,anlam içi
yorum,versiyon,anlam içi
yorumcu,tabirci,yönlendirme
yorumlama,tefsir,anlam içi
yorumlamak,tefsir etmek,anlam içi
yorumlamak,tabir etmek,anlam içi
yorumlamak,icra etmek,anlam içi
yozlaşma,tereddi,anlam içi
yozlaşma,dejenerasyon,anlam içi
yozlaşmak,dejenere olmak,anlam içi
yozlaşmak,tereddi etmek,anlam içi
yozlaştırmak,dejenere etmek,anlam içi
yön,taraf,anlam içi
yön,veçhe,anlam içi
yönder,mentör,anlam içi
yönelik,müteveccih,anlam içi
yönelim,tropizm,anlam içi
yöneliş,yönleniş,anlam içi
yönelme,yönlenme,anlam içi
yönelmek,yönlenmek,anlam içi
yönelmek,teveccüh etmek,anlam içi
yönelme durumu,yönelme hâli,anlam içi
yönelme durumu,datif: yol-a,anlam içi
yönelme durumu,ev-e (kadar),anlam içi
yönelme durumu,kapı-y-a (bakmak),anlam içi
yönelme durumu,bahçe-y-e vb,anlam içi
yöneltme,tevcih,anlam içi
yöneltmek,tevcih etmek,anlam içi
yönerge,talimat,anlam içi
yönetimsel,yönetsel,anlam içi
yönetim kurulu,idare meclisi,anlam içi
yönetmek,idare etmek,anlam içi
yönetmek,tedvir etmek,anlam içi
yönetmelik,talimatname,anlam içi
yönetmen,rejisör,anlam içi
yönetmen yardımcısı,reji asistanı,anlam içi
yönlendirici,moderatör,anlam içi
yönlendirme,oryantasyon,anlam içi
yönlendirme,manipülasyon,anlam içi
yönseme,temayül,anlam içi
yöntem,usul,anlam içi
yöntem,prosedür,anlam içi
yöntemlilik,metotluluk,anlam içi
yöntemsiz,usulsüz,anlam içi
yöntemsizlik,usulsüzlük,anlam içi
yön belirteci,pusula,yönlendirme
yön eki,yön gösterme eki,yönlendirme
yön gösterme eki,son-ra,anlam içi
yön gösterme eki,taş-ra vb,anlam içi
yöre,mahal,anlam içi
yöresel,mahallî,anlam içi
yöresel,lokal,anlam içi
yöresellik,mahallîlik,anlam içi
Yörük,Türkmen,anlam içi
Yörük,Yürük,anlam içi
yörünge,mahrek,anlam içi
yudum,höpürdek,anlam içi
yuf borusu,nefir,anlam içi
yuh,yuha,anlam içi
yukaç,semer,anlam içi
yukaç,ineç karşıtı,anlam içi
yukarı,mafevk,anlam içi
yukarı,aşağı karşıtı,anlam içi
yumru,nod,anlam içi
yumruk,sumsuk,anlam içi
yumruk,panç,anlam içi
yumruklamak,sumsuklamak,anlam içi
yumuk,yumulu,anlam içi
yumuk,tombul,yönlendirme
yumurta,taşak,yönlendirme
yumurtakökü,kökboyası,yönlendirme
yumurta hücresi,oosfer,anlam içi
yumurta ökçe,yumurta topuk,yönlendirme
yumuşak,tonlu,yönlendirme
yumuşaklık,mülayemet,anlam içi
yumuşaklık,tonluluk,yönlendirme
yumuşak başlı,uysal,yönlendirme
yumuşak ünsüz,tonlu ünsüz,yönlendirme
yumuşama,tonlulaşma,yönlendirme
yumuşamak,tonlulaşmak,yönlendirme
Yunan,Yunanlı,anlam içi
Yunanistanlı,Yunanlı,yönlendirme
yurt,dar,anlam içi
yurt,vatan,anlam içi
yurtlandırmak,iskân etmek,anlam içi
yurtsal,vatani,anlam içi
yurtsever,vatansever,anlam içi
yurtsever,vatanperver,anlam içi
yurtseverlik,vatanseverlik,anlam içi
yurtseverlik,vatanperverlik,anlam içi
yurttaş,vatandaş,anlam içi
yurttaşlık,vatandaşlık,anlam içi
yurt bilgisi,yurttaşlık bilgisi,yönlendirme
yuvalama,yuvarlama,anlam içi
yuvarlak,tombul,anlam içi
yuvarlak,müdevver,anlam içi
yuvarlak hesap,toparlak hesap,anlam içi
yuvarlak sayı,toparlak sayı,anlam içi
yuvarlak sayı,toparlak rakam,anlam içi
yuvarlak ünlü,dudak ünlüsü,anlam içi
yuvarlak ünlü,yuvarlak vokal,anlam içi
yuvarlama,tekerleme,anlam içi
yuvarlamak,tekerlemek,anlam içi
yuvarlanmak,tekerlenmek,anlam içi
yüce,uca,anlam içi
yüce,ulvi,anlam içi
yüce,mürtefi,anlam içi
yücelik,ulviyet,anlam içi
yücelim,üst geçiş,yönlendirme
yücelme,teali,anlam içi
yücelmek,yücelenmek,anlam içi
yük,yüklük,yönlendirme
yükçü,taşıyıcı,yönlendirme
yükçülük,taşıyıcılık,yönlendirme
yüklem,müsnet,anlam içi
yükleme,tahmil,anlam içi
yükleme,şarj,anlam içi
yüklem birliği,yüklem öbeği,yönlendirme
yüklem grubu,yüklem öbeği,yönlendirme
yüklenmek,zorlamak,anlam içi
yükleyici,yükler,anlam içi
yüklük,yük odası,anlam içi
yüksek,mürtefi,anlam içi
yükseklik,yükselti,yönlendirme
yükseklik korkusu,akrofobi,anlam içi
yükseköğrenim,yüksek tahsil,anlam içi
yüksek sosyete,yüksek tabaka,anlam içi
yüksek sosyete,kibarlar âlemi,anlam içi
yüksek teknoloji,ileri teknoloji,anlam içi
yükselim,dik açıklık,yönlendirme
yükselme,terfi,yönlendirme
yükselti,tümsek,yönlendirme
yükselti,rakım,anlam içi
yükseltmek,arttırmak,anlam içi
yüküm,yükümlülük,yönlendirme
yükümlenme,tekeffül,anlam içi
yükümlenmek,tekeffül etmek,anlam içi
yükümlü,mükellef,anlam içi
yükümlülük,mecburluk,anlam içi
yükümlülük,mükelleflik,anlam içi
yükümlülük,mükellefiyet,anlam içi
yükümlülük,obligasyon,anlam içi
yük gemisi,şilep,anlam içi
yük treni,yük katarı,anlam içi
yülgü,ustura,yönlendirme
yülüme,tıraş,anlam içi
yülümek,tıraş etmek,anlam içi
yüreği yaralı,yüreği dağlı,anlam içi
yürek,sine,yönlendirme
yüreksiz,yalımı alçak,anlam içi
yürek acısı,iç acısı,anlam içi
yürek acısı,kalp acısı,anlam içi
yürük semai,sengin semai,anlam içi
yürürlük,meriyet,anlam içi
yürüteç,tay tay arabası,anlam içi
yürüteç,yürüten,anlam içi
yürütme gücü,icra kuvveti,anlam içi
yüz,sima,anlam içi
yüz,surat,anlam içi
yüz,suret,anlam içi
yüz,vecih,anlam içi
yüz,bet,anlam içi
yüz,yüzey,yönlendirme
yüz,taraf,yönlendirme
yüz,utanma,yönlendirme
yüzde,yüzdelik,anlam içi
yüzerlik,yüzlük,yönlendirme
yüzer top,şamandıra,yönlendirme
yüzeyleşme,yüzeyselleşme,yönlendirme
yüzeyleşmek,yüzeyselleşmek,yönlendirme
yüzeysel,kışri,anlam içi
yüzeyselleştirme,yüzeyleştirme,anlam içi
yüzeyselleştirmek,yüzeyleştirmek,anlam içi
yüzlemek,şımartmak,yönlendirme
yüzlü,benizli,anlam içi
yüzlü,simalı,anlam içi
yüzlü,suratlı,anlam içi
yüzme havuzu,pisin,anlam içi
yüznumara,tuvalet,yönlendirme
yüzsüz,utanmaz,yönlendirme
yüzsüzlük,utanmazlık,yönlendirme
yüzük,yüzük oyunu,yönlendirme
yüzükoyun,yüzüstü,yönlendirme
yüzülmek,sömürülmek,yönlendirme
yüz karası,yüz kiri,anlam içi
yâr,sevgili,yönlendirme
yâr,yardımcı,yönlendirme
zabıt,tutanak,yönlendirme
zabıta,belediye zabıtası,yönlendirme
zabıtname,tutanak,yönlendirme
zaç yağı,sülfürik asit,yönlendirme
zadegânlık,soyluluk,yönlendirme
zafer,utku,anlam içi
zafiyet,zayıflık,yönlendirme
zağcı,kılağıcı,yönlendirme
zağcılık,kılağıcılık,yönlendirme
zait,artı (+),yönlendirme
zakkum,ağı çiçeği (Nerium oleander),anlam içi
zaman,vakit,anlam içi
zamanlı zamansız,vakitli vakitsiz,yönlendirme
zaman aşımı,süre aşımı,yönlendirme
zaman belirteci,zaman zarfı,yönlendirme
zaman eki,çalış-acak-tı-m vb,anlam içi
zamazingo,zımbırtı,yönlendirme
zambak,top zambak (Lilium candidum),anlam içi
zamir,adıl: ben,anlam içi
zamir,sen,anlam içi
zamir,o,anlam içi
zamir,biz,anlam içi
zamir,siz,anlam içi
zamir,onlar,anlam içi
zamir,kendim,anlam içi
zamir,kendin,anlam içi
zamir,kendi,anlam içi
zamir,kendimiz,anlam içi
zamir,kendiniz,anlam içi
zamir,bu,anlam içi
zamir,şu,anlam içi
zamir,kim,anlam içi
zamir,ne,anlam içi
zamir,biri,anlam içi
zamkinos,zımbırtı,yönlendirme
zamk ağacı,zamk akasyası,anlam içi
zampara,zendost,anlam içi
zamparalık,zendostluk,anlam içi
zamsız,bindirimsiz,anlam içi
zanaat,sınaat,anlam içi
zanaatçı,zanaatkâr,anlam içi
zanaatçı,artizan,anlam içi
zanaatçılık,zanaatkârlık,anlam içi
zangırdama,zıngıldama,anlam içi
zangırdama,zıngırdama,anlam içi
zangırdamak,zıngıldamak,anlam içi
zangırdamak,zıngırdamak,anlam içi
zangırdatma,zıngırdatma,anlam içi
zangırdatmak,zıngırdatmak,anlam içi
zangır zangır,zıngır zıngır,anlam içi
zangır zangır,zıngıl zıngıl,anlam içi
zanlı,şüpheli,yönlendirme
zannediş,sanış,yönlendirme
zaptiye,zaptiye memuru,anlam içi
zarafet,zariflik,yönlendirme
zarar,ziyan,anlam içi
zararsız,ziyansız,anlam içi
zarf-fiil,ulaç,anlam içi
zarif,zarafetli,anlam içi
zarifane,zarifçe,yönlendirme
zarsı,zarımsı,anlam içi
zaruret,zorunluluk,yönlendirme
zaruri,zorunlu,yönlendirme
zaten,zati,anlam içi
zayıflamak,telesimek,anlam içi
zayıflık,nahiflik,anlam içi
zayi ilanı,kayıp ilanı,yönlendirme
zeamet,büyük tımar,yönlendirme
zecir,zorlama,yönlendirme
zecren,zorla,yönlendirme
zehaba (veya zehabına) kapılmak,vesveselenmek,anlam içi
zehir,zıkkım,anlam içi
zehirli,toksik,anlam içi
zeki,zeyrek,anlam içi
zekilik,zeyreklik,anlam içi
zemzem,zemzem suyu,anlam içi
zenci,siyah adam,anlam içi
zengin,yokluksuz,anlam içi
zengin,fakir,anlam içi
zengin,yoksul karşıtı,anlam içi
zenginleşme,zenginleme,anlam içi
zenginleşme,zenginlenme,anlam içi
zenginleşmek,zenginlemek,anlam içi
zenginleşmek,zenginlenmek,anlam içi
zenginleştirilmiş kitap,z-kitap,anlam içi
zenginleştirilmiş kütüphane,z-kütüphane,anlam içi
zengin kafiye,zengin uyak,anlam içi
zer,altın,yönlendirme
zeravent,lohusa otu,yönlendirme
zerdeçal,Hint safranı (Curcuma longa),anlam içi
zerdeva,ağaç sansarı,yönlendirme
zerrin,fulya,yönlendirme
zevalsiz,kalımlı,anlam içi
zevklenmek,hoşlanmak,anlam içi
zeybek havası,zeybek,yönlendirme
zeyilname,ek poliçe,yönlendirme
zeytinimsi,zeytinsi,yönlendirme
zeytin rengi,zeytuni,anlam içi
zıh,zırh,yönlendirme
zımbırtı,zırıltı,anlam içi
zıpçıktılık,türedilik,yönlendirme
zıpır,zırtapoz,anlam içi
zıpır,zirzop,anlam içi
zıpırca,zırtapozca,anlam içi
zıpırlık,zirzopluk,anlam içi
zıpırlık,zırtapozluk,anlam içi
zırh,kebapçı yedeği,anlam içi
zırh,zırh bıçak,anlam içi
zırhlı birlik,zırhlı güç,anlam içi
zırhlı birlik,zırhlı kuvvet,anlam içi
zırhlı yayın,zırhlı balık,anlam içi
zırh kıyması,zırhlı kıyma,anlam içi
zırıldama,zırıldanma,anlam içi
zırıldama,zırlama,anlam içi
zırıldamak,zırıldanmak,anlam içi
zırıldamak,zırlamak,anlam içi
zırnık,arsenik,yönlendirme
zırt fırt,zırt pırt,yönlendirme
zırt pırt,zırt zırt,anlam içi
zıtlanma,zıtlaşma,yönlendirme
zıtlanmak,zıtlaşmak,yönlendirme
zıt anlamlı,karşıt anlamlı,yönlendirme
zıt anlamlılık,karşıt anlamlılık,yönlendirme
zifin,sarıağı,yönlendirme
zigon,zigon sehpa,anlam içi
zihince,zihnen,anlam içi
zihinsel,zihnî,anlam içi
zihin açıklığı,zihin berraklığı,anlam içi
zihin bulanıklığı,zihin karışıklığı,yönlendirme
zihin karışıklığı,kafa karışıklığı,anlam içi
zilhicce,kurban ayı,anlam içi
zilyetlik,eldecilik,anlam içi
zincirleme isim tamlaması,zincirleme ad tamlaması,yönlendirme
zirzopça,zıpırca,yönlendirme
ziyaret,ziyaret yeri,yönlendirme
ziyaretgâh,ziyaret yeri,yönlendirme
zoolojik,hayvan bilimsel,yönlendirme
zor,kolay karşıtı,anlam içi
zoraki,zorla,yönlendirme
zorbalık,mütegallibelik,anlam içi
zorlamak,zor kullanmak,anlam içi
zorlamak,mecbur etmek,anlam içi
zorunluluk,mecburluk,anlam içi
zorunluluk,mecburilik,anlam içi
zorunluluk,zor,anlam içi
zorunluluk,zorun,anlam içi
zorunluluk,zorunluk,anlam içi
zorunluluk,zarurilik,anlam içi
zumlamak,zum yapmak,anlam içi
zurnacı,zurnazen,anlam içi
zurnazenlik,zurnacılık,yönlendirme
zuzubak otu,atkuyruğu,yönlendirme
zülfüyâr,zülüf,yönlendirme
zümrüdi,zümrüt yeşili,yönlendirme
züppeleşmek,züppe olmak,anlam içi
züyuf,züyuf akçe,anlam içi
âcizlik,güçsüzlük,yönlendirme
Âdem,Âdem Baba,anlam içi
âdembaba,afyonkeş,yönlendirme
âdemiyet,insanlık,yönlendirme
âdemoğlu,insan,yönlendirme
âdem evladı,insan evladı,yönlendirme
âdet,görenek,yönlendirme
âdet,töre,yönlendirme
âdet,aybaşı,yönlendirme
âdeta,neredeyse,yönlendirme
-di'li geçmiş zaman,görülen geçmiş zaman,yönlendirme
âkit,bağıtçı,yönlendirme
âlem,evren,yönlendirme
âlem,ortam,yönlendirme
âlem,eğlence,yönlendirme
âlemşümul,evrensel,yönlendirme
âlim,bilim adamı,yönlendirme
âlimlik,bilginlik,yönlendirme
-miş'li geçmiş zaman,duyulan geçmiş zaman,yönlendirme
âmâ,görme engelli,yönlendirme
âmâlık,görme engellilik,yönlendirme
âşık,halk ozanı,yönlendirme
âşıklı,düşkün,anlam içi
âşıklık,halk ozanlığı,yönlendirme
âşıktaşlık,muaşaka,anlam içi
