madde,anlam,lisan,telaffuz
abajurlu,Abajuru olan,,
abajursuz,Abajuru olmayan,,
abalı,"Aba giymiş olan | Hamisi, koruyucusu, destekçisi olmayan (kimse)",,
abanili,Abanisi olan | Abani kumaştan yapılmış giysisi bulunan,,
abartıcı,"Abartıyı huy edinen (kimse); abartmacı, mübalağacı",,
abartık,Abartılmış olan,,
abartılı,"Olduğundan fazla gösterilen; abartmalı, mübalağalı | Abartarak, abartılı olarak, mübalağalı bir biçimde",,
abartısız,"Olduğu gibi gösterilen; abartmasız, mübalağasız | Abartmadan, abartısız olarak, mübalağasız bir biçimde",,
abasız,Aba giymemiş olan,,
abat,Şen ve rahat olan,Farsça ābād,a:ba:t
abazan,Uzun süre cinsel ilişkide bulunmayan (erkek) | Karnı aç olan (kimse),,
abdalımsı,"Abdalı andıran, abdala benzer, abdal gibi",,
abeci,"Aptal, sersem denecek kadar saf, bön, ahmak, şaşkın (kimse)",,
abes,"Gereksiz, yersiz, boş olan | Akla ve gerçeğe aykırı | Gereksiz bir biçimde",Arapça ʿabes̱,
ablak,Yayvan ve dolgun (yüz),Arapça eblaḳ,
ablakça,"Ablak gibi, biraz ablak",,
ablavut,"Bön, aptal, sersem (kimse)",,
abuk sabuk,Saçma bir biçimde,,
abullabut,"Söz ve davranışlarında incelikten yoksun olan (kimse) | Biçimsiz ve kötü giyinen, giyimine özen göstermeyen (kimse)",,
abus,"Çatık, asık (yüz) | Garip ve acayip olan | İnsana baskı yapan, olumsuz etki eden | Somurtkan hâlde, somurtarak",Arapça ʿabūs,
abuzambak,"Garip sözler söyleyen, tuhaf hareketlerde bulunan (kimse)",,
acar,"Güçlü ve becerikli, çevik, enerjik olan | Yeni olan",Arapça aʿcar,
acayip,"Sağduyuya, göreneğe, olağana aykırı, yadırganan; yabansı, garip, tuhaf | Şaşma anlatan bir söz",Arapça ʿacāʾib,aca:yip
aceleci,"Tez iş gören, çabuk davranan; canı tez, farfara, fırtına gibi, içi tez, evgin, ivecen, iveğen, kıvrak, sabırsız, tez canlı, telaşlı, acul",,
acıca,Oldukça acı,,acı'ca
acıklı,"Acındıracak, acı verecek nitelikte olan; elim, koygun, dramatik | Acı görmüş, yaslı, kederli olan",,
acılı,Acı katılmış olan,,
acımasız,Acıma duygusu olmayan; zalimce | Acıma duygusu olmadan,,
acımsı,"Acıyı andıran, acıya benzeyen, acı gibi; acımtırak | Dokunaklı olan",,
acırak,Az acı,,
acısız,"Tadı acı olmayan | Ağrı, sızı duyulmayan",,
acil,"Hemen yapılması gereken; ivedi, ivedili, evgin, müstacel",Arapça ʿācil,a:cil
acip,"Şaşırtıcı, tuhaf, çok acayip olan",Arapça ʽacįb,aci:p
acul,"Hızlı hareket eden | Aceleyle, hızlı biçimde",Arapça ʿacūl,l ince okunur
aç,"Yemek yemesi gereken; tok karşıtı | Yiyecek bulamayan | Gözü doymaz, gözü doymayan | Çok istekli, çok hevesli | Karnı doymamış olarak",,
açgözlü,"Mala, yiyeceğe ve içeceğe doymak bilmeyen; açgöz, gözü aç, gözü doymaz, haris, tamahkâr, tokgözlü karşıtı",,a'çgözlü
açıkgöz,"Uyanık davranarak çıkar sağlayan, imkânlardan kurnazca yararlanmayı bilen; aynagöz, cingöz, uyanık",,
açıklamalı,"Birtakım açıklamalarla anlaşılması, öğrenilmesi kolaylaştırılmış, izahlı",,
açıklanabilir,Anlaşılır duruma getirilebilen,,
açıklayıcı,"Bir sorunu gerekli açıklığa kavuşturan | Kendinden önce gelen kelimeyi belirten, açıklayan (kelime veya kelimeler) [dil bilgisi]",,
açıklı koyulu,Üzerinde açık ve koyu tonları bulunan; dalgalı | Rengin açık ve koyu tonuyla; dalga dalga,,
açık ağızlı,"Yerli yersiz, çok konuşan (kimse)",,
açık alınlı,Alın bölgesi daha geniş olan | Hiçbir kanunsuz ve ahlak dışı tutumu olmayan,,
açık fikirli,"Olayları ve özellikle yenilikleri iyi anlayıp gereği gibi karşılayabilen, düşündüğünü olduğu gibi söyleyebilen (kimse); açık görüşlü",,
açık giyimli,"Kolları, göğsü veya sırtı açıkta bırakan elbise giymiş olan (kadın); dekolte",,
açık saçık,"Yüz kızartıcı, edepsiz, müstehcen, cinsel çağrışım yüklü (söz, anlatım)",,
açık seçik,"Çok açık, çok belirgin | Çok açık, çok belirgin bir biçimde",,
açık sözlü,"Her şeyi olduğu gibi söyleyen, sözünü esirgemeyen; dobra",,
açık yürekli,"Düşündüğünü olduğu gibi söyleyen, içi temiz, gizli yönü olmayan (kimse); samimi, açık kalpli",,
açısal,Açı ile ilgili; zaviyevi,,
açkılı,Açkı yapılmış,,
açkısız,Açkı yapılmamış,,
adaksız,"Adağı olmayan, adak adamamış olan | Nişanlı olmayan",,
adaletsiz,Adalete aykırı düşen (şey) | Adaleti olmayan (kimse),,
adalı,Ada halkından olan (kimse),,
adamcı,"Adam kayıran, kendi adamlarını tutan | İnsanlara alışmış, yakın duran (hayvan)",,
adamcıl,"İnsandan ürkmeyen, insana alışmış olan, insana sokulan, sıcakkanlı, munis",,
adamsız,"Herhangi biri olmadan | Erkeksiz, kocasız olan",,
adam boyu,Yaklaşık bir adam boyunda olan,,
adam kılıklı,"İnsan kılığına girmiş, insan görünüşlü olan",,
adam sendeci,"Önemsemeyen, vurdumduymaz davranışlar içinde olan",,
adapte,Uyarlanmış,Fransızca adapté,ada'pte
adcı,Adcılık öğretisine bağlı (kimse); isimci [felsefe],,
adımlık,Adım uzunluğunda olan,,
adı belirsiz,"Ünü olmayan, tanınmayan, kim ve ne olduğu bilinmeyen",,
adi,"Sıradan, hiçbir özelliği olmayan | Kalitesiz, kötü olan (mal)",Arapça ʿādī,a:di:
adil,"Adaletle iş gören, adaletten, doğruluktan ayrılmayan, hakkı yerine getiren; adaletli",Arapça ʿādil,a:dil
adlı,... adını taşıyan; isimli,,
adli,Adaletle ilgili [hukuk],Arapça ʿadlī,adli:
adsal,"Adla ilgili, ad niteliğinde olan",,
adsız sansız,Adı bilinmeyen,,
ad bilimsel,Ad bilimi ile ilgili,,
aerolojik,Aeroloji ile ilgili,Fransızca aérologique,l ince okunur
afacan,Zeki ve yaramaz (çocuk),,
afaki,"Gereksiz, önemsiz (söz) | Bir kaynağa dayanmayan, hayalî olan",Arapça āfāḳī,a:fa:ki:
afal,"Şaşkın, dağınık, ne yapacağını bilmez",,
afili,Karşıdakini etkilemek amacıyla abartılı davranış sergileyen,,
afişe,"""Açığa vurmak, belirtmek; duyurmak, dile düşürmek, reklam etmek; açıklamak"" anlamlarındaki afişe etmek, ""bir kimse bilinmeyen bir yönüyle tanınmak"" anlamındaki afişe olmak birleşik fiillerinde geçen bir söz | Açıklanmış olan [ekonomi]",Fransızca afficher,
aforozlu,"Aforoz edilmiş, kovulmuş, uzaklaştırılmış",,
afralı tafralı,"Kendini üstün gören, üstünlük taslayan; afurlu tafurlu",,
afyonlu,"İçinde afyon bulunan | Afyon yutmuş | Dalgın, uyuşmuş, uyuşuk (kimse)",,
agnostik,Bilinemezcilikle ilgili,Fransızca agnostique,
ağaçlı,Ağacı olan,,
ağaçlıklı,Ağacı bol olan (yer),,
ağaçsı,"Ağacı andıran, ağaca benzeyen, ağaç gibi; ağacımsı",,
ağaçsıl,Ağaçla ilgili olan | Ağaç türünden olan,,
ağaçsız,Ağacı olmayan,,
ağaç bilimsel,Ağaç bilimi ile ilgili; dendrolojik [bitki bilimi],,
ağarık,Beyazlaşmış | Rengi solmuş,,
ağdalı,"Ağda kıvamına gelmiş | Bilinmeyen kelimelerden, anlaşılması güç sözlerden oluşan (deyiş)",,
ağımlı,Ağımı olan (ayak),,
ağırayak,Doğurması yakın (kadın),,ağı'rayak
ağırbaşlı,"Davranışları ölçülü, olgun (kimse); ağır, vakarlı, vakur, ciddi, hoppa karşıtı | Değeri çok olan; ağır | Gösterişli olan",,ağı'rbaşlı
ağırca,Oldukça ağır | Kötüleşmiş (hasta) | (ağı'rca) Oldukça ağır bir biçimde,,
ağırcanlı,"Çok yavaş iş yapan, çevik olmayan; ağırkanlı | Varlığı sıkıntı veren | Doğurması yakın, doğurmak üzere olan (kadın)",,ağı'rcanlı
ağırlıklı,Ağırlığı olan | Değerlendirmelerde üzerinde fazlaca durulan | Çoğunluğu oluşturan,,
ağırlıksız,Ağırlığı olmayan,,
ağır çekim,"Hızı düşürülerek çekilmiş | Yavaş, durağan olan | Yavaş bir biçimde",,
ağır ezgi,"Çok ağır biçimde, yavaş yavaş yapılan",,
ağır yaralı,Bedeninde derin ve ciddi yarası olan,,
ağıtsal,"Ağıtla ilgili, ağıt özelliği taşıyan",,
ağızcıl,Ağızla ilgili olan; oral,,
ağızdan dolma,Namlusu ağzından doldurulan (top veya tüfek) [askerlik],,
ağızdan kapma,Başkalarından dinlemek yolu ile yarım yamalak edinilen (bilgi),,
ağızlı,Ağzı herhangi bir biçimde olan,,
ağızsıl,Ağızla ilgili,,
ağızsız,"Ağzı olmayan | Yumuşak huylu, sessiz",,
ağız dolusu,"Ağzın alabileceği miktarda | Birçok, birbiri ardınca olan | Birbiri ardınca gelen, çok fazla",,
ağlak,"Sık sık ağlayan, ağlamayı huy edinmiş olan",,
ağlamaklı,"Ağlar gibi olan, neredeyse ağlayacak durumda olan; ağlamalı, ağlamsı",,
ağlı,Ağı bulunan,,
ağrılı,"Ağrıyan, ağrısı olan",,
ağrısız,"Ağrısı olmayan | Dertsiz, tasasız olan | Ağrı olmaksızın",,
ağsı,"Ağ görünüşünde olan, ağ gibi örülmüş olan [anatomi]",,
ağzı açık,"Şaşkın, alık, bön (kimse) | Hayranlıkla, büyülenmiş olarak",,
ağzı bir,Söz birliği etmiş,,
ağzı büyük,"Yüksekten konuşan, hava atan",,
ağzı gevşek,"Sır saklamayan, sır tutmayan (kimse)",,
ağzı havada,"Çevresindekilerden habersiz, alık, şaşkın (kimse)",,
ağzı kalabalık,"Birbirini tutmayan sözler söyleyen, yerli yersiz konuşan, boşboğaz (kimse); farfara",,
ağzı kara,"Kara haber vermekten hoşlanan; şom ağızlı | Bir yerde konuşulanı veya yapılanı duyup görmesi istenilmeyen | Başkalarına iftira atan | Sırları başkalarına söyleyen, laf taşıyan",,
ağzı kenetli,"Sır tutan, sır saklayan",,
ağzı kilitli,Sır saklayan,,
ağzı kulaklarında,"Çok sevinçli, mutlu (kimse)",,
ağzı pis,"Sövmeyi, açık saçık konuşmayı huy edinmiş olan (kimse)",,
ağzı sıkı,"Sır saklayan; ağzı pek, ketum",,
aharlı,Üzerine ahar sürülmüş olan,,
ahdî,"Antlaşmaya göre olan, antlaşma gereği olan",Arapça ʿahdī,ahdi:
ahenkli,"Ahengi olan, kulağa hoş gelen; ahenktar [müzik]",,
ahenksiz,Kulağa hoş gelmeyen [müzik],,
ahım şahım,"Beğenilecek, değer verilecek nitelikte",,a:hım şa:hım
ahiretlik,"Ahirete ilişkin, ahiret için",,
ahlaki,"Ahlaka uygun, ahlakla ilgili; aktöresel, sağtöresel, törel, etik",Arapça aḫlāḳī,"ahla:ki:, l ince okunur"
ahlaklı,"Ahlak kurallarına bağlı, bunlara uygun davranan (kimse)",,
ahlaksız,"Ahlak kurallarına uymayan | Dürüst davranmayan, kötü huylu, terbiyesiz olan; uçkursuz",,
ahlaksızca,Ahlaka aykırı olan | (ahlaksı'zca) Ahlaksız bir biçimde veya tarzda; ahlaksızcasına,,l ince okunur
ahlak bilimsel,Ahlak bilimi ile ilgili,,
ahlak dışı,Genel ahlak kurallarına uygun olmayan; gayriahlaki,,
ahmakça,"Ahmağa yakışır, uygun (iş, hareket, tavır vb.) | (ahma'kça) Ahmağa yakışır bir biçimde",,
ahraz,Sağır ve dilsiz olan (kimse),Arapça aḫres,
ahu bakışlı,Süzgün ve tatlı bakışlı (kadın); ceylan bakışlı,,
ahu gözlü,Gözleri çok güzel olan (kadın); ceylan gözlü,,
ahu parçası,"Çok güzel, çekici (kadın)",,
ailelik,"Aile ile ilgili, aileye özgü olan",,
ailesiz,Ailesi olmayan | Ailesi olmadan,,
ailevi,Aileye dayalı | Aile ile ilgili,Arapça ʿā´ilevį,a:ilevi:
aile boyu,"Büyük boy üretilmiş olan (içecek, atıştırmalık, kişisel bakım ürünleri vb.)",,
ajite,"""Körüklemek; duygu sömürüsü yapmak; kışkırtmak"" anlamlarındaki ajite etmek birleşik fiilinde ve ""ruhsal gerginliği dışa vurmak"" anlamındaki ajite olmak teriminde geçen bir söz",Fransızca agité,
ajurlu,Her yanı ajur biçiminde işlenmiş bulunan,,
akademik,Akademi ile ilgili olan | Bilimsel niteliği olan,Fransızca académique,
akça,"Beyazımsı, beyaza benzer; ağca",,
akça pakça,"Beyaz, temiz olan | Beyaz tenli (kadın)",,
akçeli,"Paraya bağlı, parayla ilgili",,
akçıl,"Rengi atmış, ağarmış | İçinde ak renk bulunan",,
akıcı,"Akma özelliği olan | Kolay anlaşılabilen, okunabilen, anlamca açık, kesintiye uğramayan (anlatım); selis [edebiyat]",,
akılalmaz,"İnanılacak gibi olmayan, inanılmaz",,
akılcı,"Akılcılıktan yana olan (kimse); usçu, akliyeci, rasyonalist [felsefe] | Akılcılıkla ilgili | Akla dayanan",,
akıldan yoksun,Aklını gereği gibi kullanamayan,,
akıllanmaz,"Düzelmesi, yola gelmesi imkânsız (kimse)",,
akıllı,"Doğruyu yanlıştan, iyiyi kötüden ayırt edebilecek durumda olan, edindiği deneyimlerden ders alarak, gerçeği iyi görerek olması gerektiği gibi doğru ve tedbirli hareket edebilen; akil | Karşısındakini küçümseme amacıyla söylenen bir söz | Uyanık geçinen",,
akıllıca,"Akla yakın, doğru, makul olan | (akıllı'ca) Akla yakın, akla uygun bir biçimde; akıllıcasına, akilane",,
akıllı uslu,"Dengeli olan | Akıllı olarak, yaramazlık etmeyerek",,
akılsal,"Düşünceyi ve gerçeği somut değerlerle birbirine bağlayan, hakikati içine alan",,
akılsız,"Aklı yetersiz olan, gerçeği görüp ona göre davranmayan",,
akılsızca,Akılsıza yakışan | (akılsı'zca) Akılsıza yaraşır bir biçimde; akılsızcasına,,
akıl dışı,"Akla uygun gelmeyen; gayrimakul | Aklın alamayacağı, aklın dışında kalan; us dışı, irrasyonel [felsefe]",,
akıl dışıcı,"Akıl dışıcılık yanlısı olan (kimse); us dışıcı, irrasyonalist [felsefe]",,
akıl kârı,"Akla uygun olan, akla yatkın olan",,
akımlı,Akımı olan; cereyanlı,,
akımsız,Akımı olmayan; cereyansız,,
akıntılı,"Akıntısı olan; anaforlu, cereyanlı",,
akıntısız,Akıntısı olmayan; cereyansız,,
akıntı bilimsel,Akıntı bilimi ile ilgili,,
akışkan,Akış özellikleri gözlenebilen (sıvı veya gaz); seyyal [fizik],,
akışlı,Akışı olan,,
akışmalı,Akışma özelliği olan,,
akışmasız,Akışma özelliği olmayan,,
akışmaz,"Dış etkenlerin tesiriyle akışmazlığı değişmeyen, durağan [fizik]",,
akışsız,"Akıp gitmeyen, ilerlemeyen",,
akıtmalı,Alnında akıtması olan (hayvan),,
akidesi bozuk,İnancı bozulmuş olan (kimse),,
akitli,Sözleşme yapılmış olan,,
akkor,Işık saçacak beyazlığa varıncaya kadar ısıtılmış olan; nârıbeyza,,
akla yakın,"Aklın benimseyebileceği, aklın kabul edebileceği nitelikte olan",,
akla yatkın,"Aklın kabul edebileceği, makul olan",,
akla ziyan,"Şaşırtan, şaşırtıcı olan",,
aklı,"Beyazı bulunan, beyaz renkli",,
aklıevvel,"Aklı eren, aklı başında olan | Her şeyi bildiğini sanan, akıllı geçinen",Arapça ʿaḳl + evvel,a'klıevvel
aklı başında,Bilinci yerinde olan | Sürekli akıllı davranan; akıllı başlı | Ne yaptığının farkında olan; akıllı başlı,,
aklı karalı,Akı ve karası olan,,
aklı kıt,"Aklı yeterli olmayan, safça davranan; yundusuz",,
aklı tam ayar,Aklı başında olan,,
aklı yetik,"Aklı yeten, işten anlayan",,
akli,"Akılla ilgili, akla dayanan; akılsal, ussal | Akıl yoluyla bilinen, akıl yoluyla bulunan",Arapça ʿaḳlī,akli:
akman,"Bozulmamış, saf ve temiz hâlini koruyan",,
akordu bozuk,Uyumsuz davranışlarda bulunan,,
akortlu,"Akordu olan, akort edilmiş",,
akortsuz,"Akordu olmayan, akort edilmemiş; akordu bozuk | Birbirini tutmayan, birbiriyle uyumu olmayan | Uyumsuz davranışlarda bulunan (kimse)",,
akrobatik,Cambazlık ile ilgili,Fransızca acrobatique,
akromatik,Beyaz ışığı çözümlemeden geçiren; renksemez [fizik] | Hücrede boyayı kabul etmeyen (bölüm) [bitki bilimi],Fransızca achromatique,
aksa,"Uzakta bulunan | En son, en uzak, son sınır",Arapça aḳṣā,a'ksa:
aksanı bozuk,Bir dildeki kelimeleri doğru söyleyemeyen (kimse),,
aksırıklı tıksırıklı,"Aksırıp tıksıran, hastalıklı olan",,
aksi,Uygun olmayan,,
akşamki,"Akşama özgü, akşam olan, akşam yapılan",,
akşamlık,Akşama özgü olan | Akşam için,,
akşın,"Boyar maddenin doğuştan eksikliği sebebiyle derisi, saçı veya vücut tüyleri beyaz, gözündeki iris tabakası pembe bir renk almış olan (hayvan veya insan); çapar (II), albino",,
aktarmalı,Aktarma gerektiren | Aktarma yaparak,,
aktarmasız,Aktarma gerektirmeyen | Aktarma yapmayarak,,
aktinolojik,Aktinoloji ile ilgili,Fransızca actinologique,l ince okunur
aktinyumlu,Özünde aktinyum bulunduran,,
aktüeryal,Sigorta risklerine ve istatistiklere dayanan [ekonomi],Fransızca actuariel,l ince okunur
akur,"Azgın, şiddetli olan",Arapça ʿaḳūr,
ak ağalı,Ak ağası bulunan [tarih],,
ak gözlü,Gözlerinin rengi açık olan ve nazarının hemen değdiğine inanılan (kimse),,
ak pak,Saçı sakalı ağarmış,,
ak saçlı,Saçı ağarmış,,
ak sakallı,"Sakalı ak, beyaz olan | Yaşlı (kimse)",,
ak yazılı,Alın yazısı güzel yazılan (kimse),,
alabacak,"Ayağında sekil olan (at, eşek vb.) | Ara bozucu, dönek, uğursuz (kimse)",,ala'bacak
alabros,Fırça gibi dik kesilmiş (erkek saçı),Fransızca à la brosse,
alacaklı,"Birinden alacağı olan (kimse), borçlu ve verecekli karşıtı",,
alacalı bulacalı,Karışık ve çiğ renkli; alaca bulaca | Boyaları birbirine karışmış,,
alafranga,"Frenklerin töre, âdet ve hayatına uygun, Frenklerle ilgili; Batılıca, alaturka karşıtı | Avrupa kültürüne özgü olan | Avrupa uygarlığını benimsemiş, Avrupa eğitimiyle yetişmiş (kimse)",İtalyanca alla franca,
alamerikan,Amerikan usulü,Fransızca à l'américain,a'lamerikan
alametifarikalı,"Ayırıcı niteliği, özelliği olan",,
alaminüt,Beklemeye gerek kalmadan hemen hazırlanıveren,Fransızca à la minute,l ince okunur
alamot,"Modaya göre, modaya uygun | Modayı takip eden",Fransızca â la mode,l ince okunur
alan talan,"Karmakarışık, altı üstüne getirilmiş bir durumda olan",,
alatav,"Az tavlı, yarı yaş yarı kuru olan (toprak)",,ala'tav
alaycı,"Alay etme huyu olan (kimse); müstehzi | Alay eden, küçümseyen (tutum)",,
alaylı,"Alay edici, küçümseyici olan",,
alaylı,"Güzelliği ile dikkat çeken, göze çarpan",,
alaysı,"Alayı andıran, alaya benzeyen, alay gibi; alayımsı",,
alay alay,"Pek çok, çok sayıda | Kalabalık olarak",,
ala sulu,Yeni olgunlaşmaya başlamış (yemiş) | İyi pişmemiş (yemek),,
albenisiz,Çekici olmayan,,
albüminli,İçinde albümin bulunan,,
alçacık,Çok alçak,,
alçak,"Yerden uzaklığı az olan, yüksek karşıtı | Aşağıda olan, yüksek olmayan (yer) | Kısa (boy) | Bile bile en kötü, en ahlaksızca davranışlarda bulunan; pespaye",,
alçakça,"Oldukça alçak | (alça'kça) Alçak, aşağılık kimselere yaraşırcasına; sefihane",,
alçak gönüllü,"Kendi değerini olduğundan aşağı gösteren, başkalarını küçük görmeyen, büyüklenmeyen (kimse); engin gönüllü, tevazulu, mütevazı",,
alçarak,Az alçak,,
alçılı,İçinde alçı bulunan | Alçı ile sarılmış olan,,
aldanç,Çabuk ve kolay aldatılan (kimse),,
aldanmaz,"Aldatılamayan, aldanmayan (kimse)",,
aldırışsız,"Aldırmayan, aldırış etmeyen, umursamayan",,
alegorik,Alegori ile ilgili; yerinel [edebiyat],Fransızca allégorique,
alelacayip,"Çok acayip, şaşılacak nitelikte, pek garip",Arapça ʿalā'l-ʿacāʾib,"ale'laca:yip, l ince okunur"
alengirli,"Karmaşık olan, anlaşılmayan | İleride sakınca çıkarabilir, sorun olabilir (iş vb.) | Tuhaf, şaşırtıcı",,
aleni,"Açık, ortada, meydanda, herkesin içinde yapılan",Arapça ʿalenī,aleni:
alerjik,Alerji ile ilgili olan | Alerjiye sebep olan,Fransızca allergique,
alerjili,Alerjisi olan,,
alerjisiz,Alerjisi olmayan,,
alesta,"Harekete hazır, hazır durumda olan",İtalyanca allesta,ale'sta
aletli,Aleti olan veya aletle yapılan,,
aletsiz,Aleti olmayan veya aletle yapılmayan,,
alevli,"Alevi olan, alevlenmiş | Çok hareketli",,
alevsiz,Alevi olmayan,,
alev alev,Vücut ısısı herhangi bir sebeple artmış bir biçimde ve bu sebeple tende kızarıklık oluşarak; alaz alaz | Aşırı bir biçimde tutuşmuş olarak | Aşırı bir biçimde tutuşmuş olan,,
aleyhtar,"Bir işe, davranışa veya düşünceye karşı çıkan, karşı olan; karşıtçı",Arapça ʿaleyh + Farsça -dār,aleyhta:rı
alfabetik,Alfabe sırasına göre dizilmiş; abecesel,Fransızca alphabétique,l ince okunur
alfabe dışı,Bir milletin alfabesinde bulunmayan [dil bilgisi],,
algılanabilir,Duyular yardımıyla varlığı anlaşılabilir olan [ruh bilimi],,
algın,"Cılız, zayıf, hastalıklı olan | Birine gönül vermiş, tutkun, vurgun (kimse)",,
alıcı ödemeli,Taşıma ücreti alıcı tarafından ödenen (gönderi),,
alık,Anlama ve sezme gücü yetersiz olan (kimse),,
alıkça,"Alık benzeri; alık alık, alık salık | (alı'kça) Alık olana yaraşır bir biçimde; alık alık, alık salık",,
alımlı çalımlı,Çekici hareketleri olan,,
alımsız,Çekici olmayan,,
alındılı,"Postaya ek ücret ödenerek alındı karşılığında verilen ve alıcısına ulaştırılması üstlenilmiş olan (mektup, paket vb.); taahhütlü",,
alındısız,Alındığını belirten herhangi bir belge verilmeyen,,
alıngan,"Çabuk gücenen, çabuk kırılan",,
alınlı,Alnı olan,,
alışık,Herhangi bir duruma alışmış olan,,
alışıldık,"Alışılmış olan | Her zaman görülen, sık rastlanılan, yaygın",,
alışılmadık,"Alışılmamış, az görülen, olağanüstü olan",,
alışılmamış,"Nadir, bilinmeyen, az rastlanan",,
alışılmış,Her zamanki; mutat,,
alışkın,"Bir şeye veya bir şey yapmaya alışmış olan; alışkan, alışmış",,
alicenap,"Onurlu, şerefli bir biçimde",Arapça ʿālī + cenāb,a:li:cenap
alifatik,Açık zincirli olan (organik madde) [kimya],Fransızca aliphatique,
alim,Çok bilen (kimse),Arapça ʿalīm,ali:m
aliyyülâlâ,"En güzel, en iyi, mükemmel olan",Arapça ʿaliyyü'l-aʿlā,ali'yyülâ:lâ:
alkalik,"İçinde alkali bulunan; kalevi, antiasit [kimya]",Fransızca alcalique,l'ler ince okunur
alkolik,Alkollü içkilere hastalık derecesinde düşkün olan (kimse),Fransızca alcoolique,l'ler ince okunur
alkollü,"Alkolden yapılmış, içinde alkol bulunan, alkol katılmış | Sarhoş, içki içmiş (kimse) | Alkol içmiş olarak",,
alkolsüz,Alkolü olmayan | Alkol içilmeyen | Alkol içmeksizin,,
allahlık,"Kendisinden hiçbir işte yararlık umulmayan, kendi hâlinde, saf ve zararsız (kimse)",,
Allahlık,"Allah’ın emirlerini yerine getiren, Allah’a yakın (kimse)",,
allahsız,"Acımasız, insafsız, vicdansız olan",,
Allahsız,"Tanrı'yı tanımayan, Tanrı'nın varlığına inanmayan; Tanrısız",,
Allah yapısı,İnsanlar tarafından yapılmamış olan; kudret,,
allak bullak,"Altüst, karmakarışık olan",,
allame,"Çok ve derin bilgisi olan, çok bilgili",Arapça ʿallāme,"alla:me, l ince okunur"
allameicihan,Çok bilgili,Arapça ʿallāme + cihān,"alla:me'icihan, l ince okunur"
allı,Üzerinde veya içerisinde al renk bulunan | Al renkli elbise giyinmiş olan,,
allı morlu,"Çeşitli renklerde, renk renk olan",,
allı pullu,"Göz alıcı renkler ve şeylerle süslenmiş | Çeşitli renklerde, renk renk olan",,
allı yeşilli,"Çeşitli renklerde, renk renk olan",,
Almansever,"Alman yanlısı, Alman dostu; Germanofil",Fransızca Allemand + Türkçe sever,alma'nsever
almaşık,"İki veya daha çok şeyin sıralanmasında karşılıklı değil, aralıklı olarak sağda ve solda yerleşmiş olan | Almaşlı olarak işleyen; mütenavip, alternatif",,
almaşlı,Almaş niteliği olan,,
alnı açık,Hesap verebilecek durumda olan | Utanacak hiçbir durumu olmayan,,
altılık,"Altısı bir arada, altı taneden oluşmuş, altı tane alabilen | Düzinenin yarısı",,
altıncı,"Altı sayısının sıra sıfatı, sırada beşinciden sonra gelen",,
altınlı,"Altına sahip olan (kimse) | İçinde altın bulunan, altından yapılmış olan",,
altınsı,"Altını andıran, altına benzeyen, altın gibi; altınımsı",,
altınsız,Altına sahip olmayan (kimse) | İçinde altın bulunmayan,,
altın kaplama,Altın suyuna batırılarak ince bir altın tabaka ile kaplanmış (metal),,
altın yürekli,"İyi niyetli, merhametli (kimse)",,
altışar,"Altı sayısının üleştirme sayı sıfatı | Her birine altı, her defasında altısı bir arada olan",,
altışarlı,Altışar altışar sıralanmış | Her biri altı birimden oluşan,,
altız,Altısı bir arada doğan (çocuk),,
altlı,Altı olan,,
altmışar,"Altmış sıfatının üleştirme sayı sıfatı | Her birine altmış, her defasında altmışı bir arada olan",,
altmışarlı,Altmışar altmışar sıralanmış | Her biri altmış birimden oluşan,,
altmışıncı,"Altmış sayısının sıra sıfatı, sırada elli dokuzuncudan sonra gelen",,
altmışlı,"Altmış parçası bulunan, altmış parçadan oluşan | İçinde altmış tane aynı nesneden bulunan | Altmış ile yetmiş arasında olan",,
altmışlık,Altmış tanesi bir arada olan veya içinde aynı şeyden altmış tane bulunan | Altmış yaş dolaylarında olan veya görünen (kimse),,
altsız,Altı olmayan | Belden alt kısmında giysi olmayan,,
altüst,Çok karışık ve dağınık,,a'ltüst
altyapısal,Altyapı ile ilgili,,a'ltyapısal
alt anlamlı,"Alt anlamı olan; örtük anlamlı, örtülü anlamlı [dil bilimi]",,
alt yazılı,"Gösterime girdiği ülkenin diline çevrilmiş alt yazısı bulunan (film, görüntü)",,
alüfte,"İffetsiz, oynak, cilveli (kadın)",Farsça ālufte,a:lüfte
alüminli,Alümin içeren,,
alyon,Çok zengin (kimse),Fransızca (Fransız Antoine Alleon özel adından),
amaçlı,"Amacı olan; gayeli, maksatlı | Bir amaca yönelik",,
amaçsız,"Amacı olmayan; yönsüz, gayesiz, kasıtsız, maksatsız | Amacı olmayan, gayesiz bir biçimde; yönsüz, boş boş",,
amaç dışı,Ulaşmak istenilen sonuç dışında olan,,
amalı,"Herhangi bir bahane, şart ileri süren | “Ama” sözünü kullanan | Herhangi bir bahane, şart ileri sürerek | “Ama” sözünü kullanarak",,
amansız,"Aman vermeyen, göz açtırmayan, nefes aldırmayan; biaman",,
amasız,"Herhangi bir bahane, şart ileri sürmeyen | “Ama” sözünü kullanmayan | Herhangi bir bahane, şart ileri sürmeden | “Ama” sözünü kullanmadan",,
amasız fakatsız,"Herhangi bir bahane, şart ileri sürmeyen | ""Ama"" ve ""fakat"" sözlerini kullanmayan | Herhangi bir bahane ileri sürmeden | ""Ama"" ve ""fakat"" sözünü kullanmadan",,
amatör,"Bir işi para kazanmak için değil, yalnız zevki için yapan, hevesli, meraklı (kimse); özengen, profesyonel karşıtı | Bir işi meslek veya alan uzmanı olmadan yapan",Fransızca amateur,
amatörce,Amatör gibi | (amatö'rce) Amatörün yapabileceği bir biçimde,,
ambalajlı,Ambalajlanmış | Ambalajlanmış bir biçimde,,
ambalajsız,Ambalajlanmamış | Ambalajlanmamış bir biçimde,,
ameliyatlı,Ameliyat edilmiş,,
Amerikan,Amerikalılara özgü olan,Fransızca américain,
Amerikancı,Amerikancılık yanlısı olan (kimse),,
Amerikanvari,"Amerikalıya yakışan bir biçimde, Amerikalı gibi",Fransızca américain + Farsça -vārī,amerikanva:ri
amipli,İçinde amip bulunan | Amiplerin yol açtığı,,
amirsiz,Amiri olmayan,,
amonyaklı,Amonyak içeren,,
amorf,Bir bütünü oluşturan parçalardan simetrik olmayan,Fransızca amorphe,
amperlik,Herhangi bir amper ölçüsünde olan,,
anacıl,Anasına düşkün (çocuk),,
anadan doğma,Çırılçıplak olarak,,
anadan üryan,Çırılçıplak olarak,,
anaerkil,"Anaerki temeline dayanan; maderşahi, matriarkal [toplum bilimi]",,ana'erkil
anaerobik,"Oksijensiz yerde yaşayabilen, yetişebilen [biyoloji]",Fransızca anaérobique,
anakronik,"Çağı geçmiş, çağa uymaz, eskimiş | Olayların tarihlerini belirlemede yanılgı içinde bulunan",Fransızca anachronique,
anal,Anüsle ilgili [tıp] | Anüs yoluyla,Fransızca anal,l ince okunur
analı,Anası olan,,
analojik,"Analoji ile ilgili, benzeşmeye dayanan",Fransızca analogique,l ince okunur
anarşik,Anarşi ile ilgili,Fransızca anarchique,
anasız,Anası olmayan | Anası olmadan,,
anası kılıklı,"Görüş, davranış, huy vb. bakımından annesine benzeyen",,
anasonlu,Anasonu olan,,
anasonsuz,Anasonu olmayan,,
anatomik,Anatomi ile ilgili [tıp],Fransızca anatomique,
anayasal,"Yürürlükte olan anayasa ile ilgili | Yürürlükte olan anayasaya uygun (işlem, hüküm vb.)",,
ana akım,"Merkezdeki değerleri ve geleneği oluşturan ilkeleri temsil eden, yaygın ve egemen olan (düşünce, medya vb.)",,
ana sanlı,Annesinin soyadını alan [toplum bilimi],,
ancaklı,"Herhangi bir bahane, şart ileri süren | “Ancak” sözünü kullanan | Herhangi bir bahane, şart ileri sürerek | “Ancak” sözünü kullanmadan",,
ancaksız,"Herhangi bir bahane, şart ileri sürmeyen | “Ancak” sözünü kullanmayan | Herhangi bir bahane, şart ileri sürmeden | “Ancak” sözünü kullanmadan",,
andavallı,"Ahmak, aptal, beceriksiz, şaşkın, bön, görgüsüz (kimse); andaval",,
andavallıca,"Andavallıya yakışan | Biraz andavallı, andavallıya benzer",,
androsefal,Sadece başı insan başına benzeyen (hayvan),Fransızca androcéphale,l ince okunur
anestezik,"Eter, kloroform gibi uyuşturma özelliği olan",Fransızca anesthésique,
anestezi bilimsel,Anestezi bilimi ile ilgili; anesteziyolojik,,
angaje,"""Bağlamak"" anlamındaki angaje etmek, ""bağlanmak"" anlamındaki angaje olmak birleşik fiillerinde geçen bir söz",Fransızca engagé,
angora,Ankara keçisinin kılından veya tavşanının tüyünden elde edilen iplikle dokunan (giysi),İngilizce angora,ango'ra
anında,"Aynı anda, o anda yapılan; simultane",,a:nında
anısal,"Anıyla ilgili, anıya ait",,
anıştırmalı,"İçinde anıştırma bulunan, üstü kapalı (davranış, söz)",,
anıtlı,Anıtı olan,,
anıtsal,"Anıt niteliğinde olan, anıta benzeyen; abidevi",,
anıtsı,"Anıtı andıran, anıta benzeyen, anıt gibi; anıtımsı, abidemsi",,
anıtsız,Anıtı olmayan,,
anızlı,Üstünde anız bulunan (tarla) | Henüz anız durumunda olan (tarla),,
ani,Ansızın yapılan | Ansızın ortaya çıkan,Arapça ānī,a:ni:
anif,Kaba bir biçimde,Arapça ʿanīf,ani:f
ankastre,"Bir tarafı yuvaya yerleştirilmiş, gömülmüş olan | Yerden kazanmak, dış etkilerden korumak veya gizlemek için duvar, dolap vb.ndeki bir yuvaya yerleştirilerek sabitlenmiş olan (fırın vb.) | Beyaz eşyaları duvar, dolap vb.ndeki bir yuvaya yerleştirilerek sabitlenmiş (mutfak)",Fransızca encastré,
anlamlı,Anlamı olan; manalı | İçeriği olan | Gizli bir anlamı olan; manidar,,
anlamsal,Anlamla ilgili,,
anlamsız,"Anlamı olmayan, önemli bir şey anlatmayan; manasız, boş",,
anlam bilimsel,Anlam bilimi ile ilgili; semantik,,
anlaşılmaz,"Anlaşılması güç olan, bir anlam verilemeyen; muğlak",,
anlaşmalı,Anlaşmaya dayanan,,
anlaşmasız,"Anlaşması olmayan, anlaşmaya dayanmayan | Anlaşma yapılmadan",,
anlatımlı,Düşünce ve duyguyu güçlü ve canlı bir biçimde anlatan,,
anlatımsal,Anlatımla ilgili,,
anlatım bilimsel,Anlatım bilimi ile ilgili,,
anlatısal,"Anlatı özelliği taşıyan, anlatıyla ilgili",,
anlayışı kıt,"Anlama, kavrama yönünden zayıf olan (kimse)",,
anlayışlı,"Anlayışı olan; ferasetli, izanlı | Hoşgörülü bir biçimde",,
anlayışsız,"Anlayışı kıt olan; ferasetsiz, idraksiz, izansız",,
anlık,"Kısa süren, bir an içinde olan; enstantane | Bir anda oluşan, gelişen; spontane",,
anlıkçı,Anlıkçılık yanlısı olan [felsefe],,
anonim,"Adı sanı bilinmeyen | Yazanı, yapanı, söyleyeni bilinmeyen; laedri [edebiyat]",Fransızca anonyme,
anormal,"Genele, alışılmışa ve kurala aykırı olan, normal olmayan; düzgüsüz | Dengesi yerinde olmayan, davranışı bozuk olan",Fransızca anormal,l ince okunur
ansız,"Anlama gücü zayıf, yavaş idrak eden (kimse)",,
ansiklopedik,"Ansiklopedi ile ilgili, ansiklopedi özelliği taşıyan | Ansiklopedi vb. kaynaklardan alınan, ayrıntılarıyla verilen (bilgi vb.) | Her konuda biraz bilgi sahibi olan (kimse)",Fransızca encyclopédique,l ince okunur
antarktik,Güney Kutbu ve çevresindeki bölgeyle ilgili [coğrafya] | Güney Kutbu yakınında olan,Fransızca antarctique,
antenli,Anteni olan,,
antibakteriyel,Bakteri üremesini engelleyen,Fransızca antibactériel,a'ntibakteriyel
antidemokratik,Demokrasiye aykırı olan,Fransızca antidémocratique,a'ntidemokratik
antiemperyalist,Emperyalizme karşı olan,Fransızca antiimpérialiste,a'ntiemperyalist
antihijyenik,Sağlık için gerekli temizlik kurallarına aykırı olan,Fransızca antihygiénique,a'ntihijyenik
antik,"İlk Çağdaki uygarlıklarla, özellikle eski Yunan ve Roma uygarlıkları ile ilgili olan; antika [tarih]",Fransızca antique,
antikapitalist,Kapitalizme karşı olan,Fransızca anticapitaliste,a'ntikapitalist
antikomünist,Komünizme karşı olan,Fransızca anticommuniste,a'ntikomünist
antimonlu,İçinde antimon bulunan,,
antin kuntin,"“Gereksiz, yararsız, boş, saçma sapan, uyduruk, eften püften (söz, iş vb.)” anlamlarında kullanılan bir söz",,
antipersonel,Hedefi insanlara zarar vermek veya öldürmek olan [askerlik],Fransızca antipersonnel,a'ntipersonel
antisemit,Yahudilik karşıtı olan,Fransızca antisémite,a'ntisemit
antisemitik,Yahudi karşıtı olan,Fransızca antisémitique,a'ntisemitik
antisemitist,Antisemitizm yanlısı,Fransızca antisémitiste,a'ntisemitist
antiseptik,"El, yüz veya vücuttaki hastalık yapan mikroorganizmaları kimyasal maddelerle etkisiz hâle getirme veya yok etme işlemi için kullanılan (madde) [kimya] | Antisepsi özelliği olan (madde)",Fransızca antiseptique,a'ntiseptik
antitank,Tankı yok etmeye yönelik kullanılan [askerlik],Fransızca antitank,a'ntitank
antitoksik,Zehri etkisiz hâle getiren,Fransızca antitoxique,a'ntitoksik
antitonal,Tona uygun olmayan [müzik],Fransızca antitonal,"a'ntitonal, l ince okunur"
antiviral,Virüsün çoğalmasını engelleyen ve zararlı etkilerini önleyen (ilaç vb.) [tıp],Fransızca antiviral,"a'ntiviral, l ince okunur"
antlı,Ant içmiş | Ant içirilmiş,,
antolojik,Seçki ile ilgili,Fransızca anthologique,l ince okunur
antropolojik,İnsan bilimiyle ilgili; insan bilimsel,Fransızca anthropologique,l ince okunur
antsız,Ant içilmemiş | Andı olmayan,,
anudane,"İnatçıya benzer, inatçıya yakışır",Arapça ʿanūd + Farsça -āne,anu:da:ne
apacı,Çok acı,,a'pacı
apaçık,"Çok açık, çok belirgin | Çok açık olarak, çok belirgin biçimde",,a'paçık
apak,Çok beyaz bir biçimde,,a'pak
apalak,"Tombul, gürbüz, iri olan (bebek veya küçük çocuk)",,
apaydın,"Çok aydınlık | Çok kültürlü, bilgili",,a'paydın
apayrı,Büsbütün ayrı; bambaşka,,a'payrı
apaz,Çok az,,a'paz
apışak,"Bacaklarını açarak yürüyen, bacakları ayrık olan",,
apışık,"Yorgun ve güçsüz olan | Ne yapacağını kestiremeyen, nasıl davranacağını bilemeyen | Kuyruğunu apış arasına alarak yılgın yılgın giden (hayvan)",,
apokaliptik,"Anlaşılmaz, kapalı, karanlık (söz veya yazı) [edebiyat]",Fransızca apocalyptique,
apolitik,Siyasi görüş ve olaylardan habersiz veya onlara kayıtsız kalan,Fransızca apolitique,a'politik
apreli,"Apresi yapılmış, perdahlanmış veya cilalanmış",,
apresiz,"Apresi yapılmamış, perdahlanmamış veya cilalanmamış",,
apseli,Apse durumuna gelmiş olan,,
apsesiz,Apse durumuna gelmemiş olan,,
aptal,Zekâsının azlığından dolayı yeterince düşünemeyip akıllıca hareket edemeyen (kimse); budala | Küçümseme ve azarlama bildiren bir seslenme sözü,Arapça ebdāl,
aptalca,"Aptala yakışan, aptaldan beklenen | (apta'lca) Aptala yaraşır nitelikte, aptal gibi; aptalcasına, aptal aptal, budalaca, budalacasına",,
aptalsı,"Aptal gibi, aptala benzer; aptalımsı",,
arabasız,Arabası olmayan | Araba olmaksızın,,
arabesk,"Köyden kente göç eden toplulukların geleneksel yaşam tarzından çağdaş yaşam tarzına geçiş evresini yansıtan (kültür, sanat vb.) | Arap müziğine ait icra anlayışının Türk müziğine uygulanmasıyla oluşmuş, söz ağırlıklı (müzik) [müzik] | Bu tarz süslemelerle bezenmiş olan [mimarlık]",Fransızca arabesque,
arabozan,"İki kişinin arasındaki dostluğu veya geçimi bozan (kimse); ara bozucu, ordubozan, fesatçı, fitçi, nifakçı, fasit, münafık, müfsit, müzevir",,ara'bozan
aracısız,"Aracı olmadan yapılan; doğrudan, direkt | Aracı olmadan; doğrudan, bilavasıta, direkt",,
araçlı,Araçla yapılan veya olan; vasıtalı,,
araçsal,Araçla ilgili olan | Araç özelliği taşıyan,,
araçsallaştırıcı,Herhangi bir değeri araç olarak kullanmayı amaç edinen,,
araçsız,"Doğrudan doğruya yapılan veya olan; vasıtasız, bilavasıta | Doğrudan doğruya, araç olmaksızın, vasıtasız bir biçimde; bilavasıta",,
arakçı,"Araklayan, çalan (kimse)",,
aralıklı,"Birbirine bitişik olmayan, aralarında açıklık bulunan; aralı, fasılalı | Zaman olarak aralarında mesafe olan; kesik | Dizgide kelimeler, harfler veya satırlar arasında açıklık olan; espaslı | Birbirlerinden ayrı olarak, arada boşluk bırakarak",,
aralıksız,"Birbirine bitişik olan, aralarında açıklık bulunmayan | Ara vermeden devam eden; mütemadi | Ara vermeden; arasız, mütemadi, mütemadiyen, vira",,
aranje,"""Düzenlenmek"" anlamında aranje etmek birleşik fiilinde geçen bir söz",Fransızca arrangé,
ardışık,"Birbiri ardından gelen, üst üste olan; mütevali",,
argın,"Yorgun, bitkin, mecalsiz durumda olan",,
argolu,İçinde argo söz bulunan | Argo kullanarak (konuşmak),,
argosuz,İçinde argo söz bulunmayan | Argo kullanmayarak (konuşmak),,
arı,Yabancı şeylerden arınmış,,
arınık,"Her çeşit mikroptan arınmış; steril, sterilize | Arı (I) duruma gelmiş olan",,
arınmış,Arı (I) duruma gelmiş olan,,
arız,"Sonradan ortaya çıkan | Bulaşmış, musallat olmuş",Arapça ʿāriż,a:rız
arızalı,"Arızası olan, aksayan, işlemeyen, bozulmuş (araç vb.) | Sorunlu olan, sorun çıkaran, uyumsuzluk gösteren | Ruhsal bakımdan sıkıntılı, kurallara uymayıp toplumsal düzenin dışına çıkarak çevresini rahatsız eden (kimse)",,
arızasız,"Arızası olmayan, aksamayan, bozulmadan işleyen | Huzurlu, rahat, mutlu bir biçimde",,
arızi,"Sonradan olan, dıştan gelen",Arapça ʿāriżī,a:rızi:
arı duru,Tertemiz olan,,
ari,"Arınmış, soyutlanmış olan",Arapça ʿārī,a:ri:
arif,Çok anlayışlı ve sezgili (kimse),Arapça ʿārif,a:rif
arifane,Yiyeceği ortaklaşa sağlanan (toplantı),Arapça ḥarįf + Farsça -āne,a:rifa:ne
aristokrat,Soylu erki yanlısı,Fransızca aristocrate,
aristokratik,Soylu erki ile ilgili,Fransızca aristocratique,
Aristotelesçi,"Aristotelesçilik yanlısı olan; Aristocu, gezimci, peripatetist [felsefe]",,
aritmetiksel,Aritmetik ile ilgili,,
aritmik,Ritimli olmayan,Fransızca arythmique,
arkadaşsız,Arkadaşı olmayan | Arkadaşı olmadan,,
arkadaş canlısı,"Arkadaşlığa değer veren, arkadaşlarına çok düşkün (kimse); dost canlısı",,
arkaik,Güzel sanatlarda klasik çağ öncesinden kalan,Fransızca archaïque,
arkalı,"Arkası olan | Koruyanı, dayanağı olan; pistonlu, iltimaslı",,
arkalıklı,"Arkalığı, sırt dayayacak yeri olan",,
arkalıksız,"Arkalığı, sırt dayayacak yeri olmayan",,
arkasız,"Arkası olmayan | Dayanıp güveneceği kimsesi olmayan, arkasında herhangi bir güç bulunmayan; adamsız",,
arkası sağlam,"Eylemleri ile söylemlerinde güçlü ve yetkili bir kişiye veya kendisine güç veren bir nesne, topluluk vb.ne güvenir bir tutum takınıp bu durumu başkalarınca da bilinen (kimse, aile vb.); arkası kuvvetli, arkası pek",,
arkası yarın,Tamamı daha sonra konuşulmak üzere yarım bırakılan,,
arkası yufka,"Soğuğa karşı gereği gibi giyinmemiş (kimse) | Dayanıp güveneceği kimsesi olmayan, arkasında herhangi bir güç bulunmayan | Zayıf, çeşidi az (yemek)",,
arka planda,Geride olan | Önemsiz olan,,
arkeometrik,Arkeometri ile ilgili,İngilizce archaeometric,
arktik,Kuzey Kutbu ve çevresindeki bölgeyle ilgili [coğrafya] | Kuzey Kutbu yakınında olan,Fransızca arctique,
arlı,"Utanma duygusuna sahip, utangaç olan | Namuslu, ahlaklı olan",,
armalı,Arma bulunan,,
armasız,Arma bulunmayan,,
armonize,Tamamlayıcı sesler eklenmiş (müzik parçası) [müzik],Fransızca harmonisé,
armudi,Armut biçiminde olan | Bir silmenin birbirine teğet iki ters eğriden meydana gelen kısmı [mimarlık],Farsça armūd + Arapça -į,armu:di:
armutsu,"Armudu andıran, armuda benzeyen, armut gibi; armudumsu",,
aromalı,Hoş kokulu; aromatik,,
aromasız,Aroması olmayan,,
arpamsı,"Arpayı andıran, arpaya benzeyen, arpa gibi",,
arsenikli,İçinde arsenik bulunan,,
arsız,"Utanması, sıkılması olmayan, yılışık, yüzsüz (kimse); yalaka | Açgözlü davranan (kimse) | Kolayca üreyebilen (bitki)",,
arşınlık,"Arşın ölçüsünde, arşın kadar",,
artçıl,"Arkadan gelen, sonra olan, öncül karşıtı",,
artıkçı,Başkalarının artıklarını yiyerek veya kullanarak geçinen,,
artımlı,Pişince şiştiği için miktarı artmış gibi görünen; artağan | Çoğalma özelliği olan,,
artırmalı,Artırma yoluyla yapılan (satış),,
artistik,Güzel sanatların gerektirdiği niteliğe uygun,Fransızca artistique,
art niyetli,"Art niyeti olan, art niyet besleyen; art düşünceli",,
art zamanlı,"Gelişme süreci bakımından ele alınan süre içinde birbirini izleyen; art süremli, diyakronik",,
arusekli,"Arusek kakılarak süslenmiş (mobilya, tavla, ud vb.)",,
arzani,Enine olan,Arapça ʿarżānī,arza:ni:
arzusuz,İsteksiz bir biçimde,,
asabi,Sinirli bir biçimde,Arapça ʿaṣabī,asabi:
asal,"Esasla ilgili, asıl ve temel olanla ilgili; esasi",,
asalaksavar,Bir canlıda sürekli veya geçici yaşayarak ona zarar veren başka canlıyı yok eden; antiparazit [tıp],,asala'ksavar
asalak bilimsel,Asalak bilimi ile ilgili; parazitolojik,,
asayişli,Asayişi olan,,
asayişsiz,Asayişi olmayan | Asayiş olmadan,,
asbestli,İçinde asbest bulunan,,
asbestsiz,İçinde asbest bulunmayan,,
aseksüel,Sekse karşı ilgisiz veya isteksiz olan (kimse),Fransızca asexuel,
asenkron,"Aynı zamanda veya birlikte meydana gelmeyen, aynı periyoda sahip olmayan [fizik]",Fransızca asynchrone,a'senkron
aseptik,Her türlü mikroptan arınmış [tıp],Fransızca aseptique,
asetatlı,Birleşimine asetat karıştırılmış,,
asetik,"Sirkeyle ilgili, sirkeyle aynı özellikleri taşıyan [kimya]",Fransızca acétique,
asgari,"En az, en aşağı, en düşük, en alt; minimal, minimum",Arapça aṣġar + Farsça -į,asgari:
asık,"Kızgınlık, öfke ve hoşnutsuzluk ifade eden (yüz)",,
asık suratlı,"Kızgınlığını, öfkesini ve hoşnutsuzluğunu yüzüne sert bir anlam vererek belirten, öfkeli görünüşlü yüzü olan; çatık yüzlü, çatık çehreli, çatık suratlı, eğri çehreli, eğri yüzlü",,
asılı,"Asılmış olan; asma, asık, muallak | Asılmış bir biçimde",,
asıllı,Bir kökene dayanan; kökenli,,
asılsız,"Doğru olmayan, temelsiz, köksüz, dayanaksız, yalan (haber)",,
asılsız fasılsız,"Doğru olmayan, temelsiz olan, dayanaktan yoksun olan",,
asi,"Yaşadığı ortamdaki insanlar ve kurallarla uyumlu olmayan, kendi düşünce ve eylemleriyle oluşturduğu yaşam biçimine göre hareket eden",Arapça ʿāṣī,a:si:
asil,Yüce duygularla yapılan,Arapça aṣīl,
asilane,Asile yakışan | Asile yakışacak biçimde,Arapça asīl + Farsça -āne,asi:lâ:ne
asimile,"“Benzeştirmek, kendine uydurmak” anlamındaki asimile etmek,  “baskın doku veya yapı içinde erimek, yok olmak” anlamındaki asimile olmak birleşik fiillerde kullanılan bir söz",Fransızca assimilé,
asitli,İçinde asit bulunan,,
asitsiz,İçinde asit bulunmayan,,
askerce,Asker gibi | (aske'rce) Askere yakışır bir biçimde; askercesine,,
askerî,"Askerlikle ilgili, askere özgü",Arapça ʿaskerī,askeri:
askıda,"İhtiyaç sahiplerinin alabilmeleri amacıyla fırın, kahvehane vb. yerlerde bırakılan ve ücreti başkaları tarafından önceden ödenen (ekmek, çay vb.)",,
askılı,Askısı olan,,
askıntı,Başkalarının sırtından geçinen (kimse) | Karşı cinsi rahatsız eden (kimse),,
askısız,Askısı olmayan; straplez,,
asklı,Sporları ask denen torbalar içinde oluşan (mantar) [bitki bilimi],,
aslanca,Aslan gibi | (asla'nca) Aslana yakışır bir biçimde; aslancasına,,
aslanlı,Aslan bulunan; arslanlı,,
aslansı,"Aslanı andıran, aslana benzeyen, aslan gibi; aslanımsı",,
aslan yürekli,"Çok yiğit, hiçbir şeyden korkmayan",,
aslık,Kısır olan (kadın veya dişi hayvan),,
asli,Temel olarak alınan; birincil | Asıl olan,Arapça aṣlī,asli:
asmalı,Asması olan,,
asmalık,Asma için ayrılmış (yer veya toprak) | Asmaları bol olan,,
asorti,"Birbirine uygun, birbirini tutar renk ve biçimde olan (giysi)",Fransızca assorti,
asortik,Giysilerini birbirine uygun giyen,Fransızca assortique,
asosyal,Sosyal olmayan | Genel kabul görmüş kuralların dışında hareket eden [toplum bilimi],Fransızca asocial,"a'sosyal, l ince okunur"
astarlı,"Astar geçirilmiş, astarlanmış",,
astarlık,Astar olmaya elverişli (kumaş vb.),,
astarsız,Astarı olmayan,,
astımlı,"Astımı olan, astım hastalığına tutulmuş olan",,
astigmat,"Net görmeyen, astigmatizme tutulmuş (göz) [tıp]",Fransızca astigmate,
astrolojik,Yıldız falcılığı ile ilgili [gök bilimi],Fransızca astrologique,l ince okunur
astronomik,"Aşırı, çok yüksek, çok veya aşırı fazla",Fransızca astronomique,
astropikal,Tropikal bölgelere yakın fakat daha yüksek bir enlemde olan [coğrafya],Türkçe ast + Fransızca tropical,"a'stropikal, l ince okunur"
asude,"Üzüntüden ve sıkıntıdan uzak, rahat ve sakin olan",Farsça āsūde,a:su:de
aşağılı yukarılı,Aşağısı ve yukarısı olan | Aşağısı yukarısı birlikte,,
aşamalı,Aşaması olan,,
aşılı,Herhangi bir hastalığa karşı aşılanmış olan (kimse) | Aşı yapılmış (bitki) | Kötü bir şeye karşı dayanıklı olan,,
aşındırıcı,"Madenleri elektriksel, kimyasal veya mekanik yollarla aşındıran; korozif [kimya] | Aşındırma işini yapan",,
aşınmaz,"Kolaylıkla yıpranmayan, aşınmayan",,
aşırı,"Alışılan veya dayanılabilen dereceden çok daha fazla; şiddetli, taşkın | Bir şeye gereğinden çok fazla bağlanan, önem veren; müfrit, ekstrem | Gereğinden fazla, çok | Ötede, ötesinde | Gereğinden fazla olarak",,
aşırıcı,Beklenenin üstünde aşırı davranan,,
aşırı taşırı,"Çok aşırı, fazla miktarda olan | Çok aşırı, fazla miktarda",,
aşısız,Herhangi bir hastalığa karşı aşılanmamış olan (kimse) | Aşı yapılmamış (bitki) | Aşılanmamış olarak,,
aşı boyalı,Aşı boyası renginde boyanmış,,
aşina,"Bildik, tanıdık olan | Daha önceden bilinen (şey) | Bilen, tanıyan (kimse)",Farsça āşinā,a:şina:
aşkın,"Belli bir süreyi aşmış, ötesine geçmiş | Benzerlerinden üstün | Daha yüksek",,
aşkıncı,Aşkıncılık yanlısı olan [felsefe],,
ataerkil,"Soyda, temel olarak babayı alan ve ailede çocukları baba soyuna mal eden (topluluk); pederşahi, patriarkal [toplum bilimi]",,ata'erkil
atanmış,Atama ile işbaşına gelen,,
atarlı,Birisine karşı veya bir olay karşısında korkusuzca güç gösterisinde bulunan,,
Atatürkçü,Atatürkçülük yanlısı; Kemalist,,
atavik,Atacılıkla ilgili [antropoloji] | Atalardan gelen,Fransızca atavique,
ateşe dayanıklı,Aşırı ısıdan zarar görmeyen,,
ateşin,"Ateş renginde olan | Ateşli, coşkun bir biçimde olan",Farsça āteşīn,a:teşi:n
ateşli,"Ateşi olan | Heyecanlı, coşkulu bir durumda olan | Cinsel istekleri güçlü olan",,
ateşperest,Ateşe tapan,Farsça āteşperest,
ateşsiz,Ateşi olmayan; odsuz,,
ateş pahası,Çok pahalı,,
ateş parçası,"Çok canlı, hareketli, becerikli, çalışkan | Çok yaramaz (çocuk)",,
atıcı,"İyi nişan alan, attığını vuran (kimse) | Yalancı, asılsız şeyler uydurup söyleyen (kimse)",,
atıl,"Hareket etmeyen, yerinden kalkmayan, tembellik eden | İşlemeyen, işlevini yerine getirmeyen | Bir işe yaramaz",Arapça ʿāṭil,a:tıl
atılgan,Çekinip korkmadan kendini tehlike veya güçlüklere atan; acar,,
atılganca,Atılgana yakışan,,atılga'nca
atılı,Ertelenmiş olan | Atılmış olan,,
atılımcı,"Durumunu geliştirme gücü gösteren, atılım yapan; hamleci",,
atımlık,"Silahı doldurmaya yetecek veya en az bir defa atış yapabilecek miktarda olan (barut, saçma vb.) | Atılan kurşun vb.nin ulaşacağı mesafe kadar olan | Kalp vb.nin bir defa atma süresi kadar olan | Bir tutam kadar, bir defa eklemeye veya koymaya yetecek kadar olan (susam, tuz, biber, çay vb.) | Bir defada ağza alınıp yenilecek büyüklükte olan (kurabiye vb.)",,
atik,Çabuk davranan,,
atik,"Eski, eski zamanla ilgili",Arapça ʿatīḳ,ati:k
atkılı,Atkısı olan,,
atletik,"Vücudu gelişmiş, biçimli, atlet gibi | Atletleri ilgilendiren [spor]",Fransızca athlétique,
atmosferik,Atmosferle ilgili; cevvi [gök bilimi],Fransızca atmosphérique,
atomal,Atomlarla ilgili olan; atomik [fizik],,l ince okunur
atonal,"Yeni bir bestecilik çığırına göre, ton ve makam temeline bağlı kalmadan oluşturulan (beste) [müzik]",Fransızca atonal,l ince okunur
at gözlüklü,"Olaylara sadece bir açıdan bakan, olayları tek yönlü değerlendiren (kimse)",,
aval,Saflığı sersemlik derecesine varan (kimse),,
avalca,Avala yakışır bir biçimde; aval aval | Saf özellikler taşıyan,,ava'lca
avantajlı,Avantajı olan,,
avantajsız,Avantajı olmayan,,
avantalı,İçinde emeksiz kazanç bulunan | Avanta alarak,,
avantasız,İçinde emeksiz kazanç bulunmayan | Avanta almadan,,
avantüriye,"Serüvene atılan, maceracı (erkek)",Fransızca aventurier,
avantüriyer,"Serüvene atılan, maceracı (kadın)",Fransızca aventurière,
avara,Üzerinde döndüğü ve kendisini taşıyan milden bağımsız olarak çalışan (mekanizma) | İşsiz güçsüz dolaşan (kimse),Farsça āvāre,
avare,"İşsiz güçsüz dolaşan (kimse); avara (I) | Kararsız, dengesiz olan | Şaşkınlaşmış olan | Belli bir düzeni olmayan",Farsça āvāre,a:va:re
Avrupai,"Avrupalılara özgü, Avrupalılara benzer, Avrupalılar gibi",İtalyanca europa + Arapça -į,avrupa:i:
avuç avuç,"Pek çok, çok fazla; hapaz hapaz | Avuçlayarak",,
avuç dolusu,Pek çok | Bir avucun alabildiği miktar kadar,,
avurtlu,"Avurdu olan | Çalım satan, yüksekten atan",,
ayağına çabuk,Bir yere alışılandan daha kısa sürede gidip gelen,,
ayağı bağlı,Serbest hareket edemeyen,,
ayağı karıncalı,İffetsiz bir biçimde yaşayan,,
ayağı uğurlu,Geldiği yere uğur getirdiğine inanılan (kimse),,
ayağı üzengide,"Hemen yola çıkmak üzere olan, hareket etmeye hazır durumda bulunan",,
ayaklı,Ayağı olan | Bir destekle yere dayanan | Ayakla işletilen,,
ayaksı,"Ayağı andıran, ayağa benzeyen, ayak gibi",,
ayaksız,Ayağı olmayan,,
ayan,Gözle görülür bir şekilde açık ve belli olan,Arapça ʿiyān,
ayarı bozuk,"Belli bir ayarı olmayan | Ahlak, karakter veya aklı yerinde olmayan",,
ayarlı,"Ayarlanmış, doğru çalışması sağlanmış, düzeltilmiş (saat, makine vb.) | Belirli bir ayarda olan (altın veya gümüş)",,
ayarsız,Ayarı yapılmamış | Belli bir ayarda olmayan (altın veya gümüş) | Davranışları ölçüsüz,,
ayartıcı,Ayartma işini yapan,,
aybaşılı,Âdet görmüş (kadın),,
aydın,"Işık alan, ışıklı, aydınlık olan | Kültürlü, okumuş, görgülü, ileri düşünceli (kimse); münevver, ziyalı, entelektüel | Kolayca anlaşılacak kadar açık, (söz veya yazı); vazıh",,
aydınlanmacı,Aydınlanma yanlısı olan [felsefe],,
aydınlatıcı,Aydınlatma işini yapan,,
aygın,Bitkin durumda olan,,
aygın baygın,"Duygusallığı aşırı olan | Kendinden geçercesine âşık, vurgun olan",,
ayıboğan,"İri yarı, söz ve davranışlarında incelikten yoksun olan (kimse)",,ayı'boğan
ayık,Sarhoşluğu veya baygınlığı geçmiş olan | Sarhoşluğu geçmiş bir biçimde,,
ayıplı,"Ayıbı, kusuru olan | Değerini azaltan bozukluğu olan (mal, ürün vb.) [hukuk]",,
ayıpsız,"Ayıbı, kusuru olmayan",,
ayıran,Işığı yalın ögelerine ayırma özelliği olan [fizik],,
aykırı,"Alışılmışa, doğru olarak kabul edilmişe uygun olmayan; hilaf, mugayir, muhalif | Çapraz, ters olan | Toplumda görüş ve yaşayış biçimiyle uçlarda bulunan (kimse); marjinal | Gidilen yol üzerinde olmayıp gidiş yönüne ters düşen | Bütün noktaları aynı düzlemde bulunmayan [matematik]",,
aylak,"Yapacak bir işi olmayan, boş duran (kimse)",,
aylı,Üzerinde ay biçimi bulunan | Ay ışığı olan; mehtaplı,,
aylıklı,Aylık alan (kimse); maaşlı | Karşılığı aylıkla ödenen,,
aylıksız,Aylık almayan (kimse); maaşsız,,
aymaz,"Çevresinde olup bitenlerin farkına varmayan, sezmeyen (kimse); gözü bağlı, gafil",,
aynalı,"Aynası olan | Parlak yüzlü, yakışıklı, güzel olan",,
aynı,"Her bakımdan birbirinin eşi, ayırt edilemeyecek kadar benzeri, tıpkısı olan; tıpkı | Başkası değil, yine o | Aralarında ayrım olmayan | Eski durumunda kalmış, değişmemiş",,a'ynı
ayni,Gözle ilgili,Arapça ʿaynī,ayni:
ayni,Nakit para dışında belirlenmiş bir mal veya eşya olarak verilen,Arapça ʿaynī,ayni:
ayran budalası,Çabuk kandırılabilen,,
ayran delisi,Çabuk kandırılabilen,,
ayran gönüllü,Çabuk âşık olan,,
ayrı,"Birbirine benzemeyen, diğerlerinden farklı | Aynı yerde kalmayan | Yanında birisi olmadan | Bitişik olmayarak, ayrılmış hâlde",,
ayrıcalıklı,"Ayrıcalığı olan, ayrıcalık tanınan; imtiyazlı",,
ayrıcalıksız,"Ayrıcalığı olmayan, ayrıcalık tanınmayan; imtiyazsız",,
ayrıksı,"Alışılagelmiş töre ve davranışlara aykırı olan; eksantrik [toplum bilimi] | Başka, bambaşka, apayrı olan; eksantrik",,
ayrıntıcı,Ayrıntıya önem veren (kimse),,
ayrıntılı,"Ayrıntısı olan; detaylı, ince, derin, teferruatlı, tafsilatlı, mufassal | Ayrıntılara girerek",,
ayrıntısız,"Ayrıntısı olmayan; teferruatsız, detaysız",,
ayrışık,"Ayrışmış olan | Ayrı türden; heterojen | Birbirlerine çok fazla benzer özellikler taşımayan parça veya birimlerden oluşan bütün veya topluluk; ayrı cinsten, heterojen [kimya]",,
ayrı ayrı,"Birbirinden ayrı olan, değişik olan | Her biri ayrı olarak; bir bir",,
ayrı cinsten,Farklı grupta olan,,
aysar,"Dolunayın etkisiyle huyunun değiştiği sanılan (kimse) | Değişken huylu, kararsız (kimse)",,
aysız,"Ay ışığı olmayan (gökyüzü, gece); kamersiz",,
ayva göbekli,"Biraz tombul, göbeği çukur olan (kimse)",,
ayyaş,"İçkiye düşkün; içkici, içici, keş (II), küplü, bekri",Arapça ʿayyāş,
ay yıldızlı,Ay ve yıldızı olan,,
az,"Nicelik, nitelik, güç, süre, sayı bakımından eksik, çok karşıtı | Alışılmış olandan, umulandan veya gerekenden eksik olarak",,
azade,"Her türlü bağdan kurtulmuş, yakasını sıyırmış olan | Bir şeyden uzak bir biçimde",Farsça āzāde,a:za:de
azametsiz,Azameti olmayan,,
azami,"En çok, en üst, en büyük, en yüksek (derece, nicelik); maksimum, maksimal",Arapça aʿẓamī,a:zami:
azaplı,"Sıkıntı, acı veren",,
azapsız,"Sıkıntı, acı vermeyen",,
azatsız,Azat edilemeyen,,
azgın,"Azmış olan; kudurgan | Çabuk iltihaplanan, yarası hemen kapanmayan (ten) | Çok yaramaz (çocuk); kudurgan | Cinsel istekleri aşırı olan | Kabarmış, taşmış (deniz, ırmak vb.) | Gözü hiçbir şeyden yılmayan; azılı",,
azıcık,(azı'cık) Kısa bir süre | Belli belirsiz bir miktarda,,
azıklı,Azığı olan | Yoksulları doyuran,,
azıksız,Azığı olmayan,,
azılı,"Çok şiddetli, korkunç olan",,
azimkâr,Bir işteki engelleri yenme kararlılığında olan,Arapça ʿazm + Farsça -kār,
azimli,"Azmi olan | Kararında, tutumunda direnen, kararlı olan",,
azimsiz,"Azmi olmayan | Kararında, tutumunda direnmeyen, kararsız olan",,
azotlu,İçinde azot bulunan,,
azotsuz,"İçinde azot olmayan | Azot bulunmadan, azot olmadan",,
az gelişmiş,"Gelişmesi gecikmiş olan | Eğitim düzeyi düşük kalmış, üretimi genellikle ilkel tarıma dayanan, doğal kaynaklarını gereğince değerlendiremeyen (ülke, toplum); geri kalmış",,
babaca,"Baba gibi, babaya yakışır",,
babacan,"Olgun, hoşgörülü, iyi kalpli, güvenilir (erkek); babayani",Türkçe baba + Farsça cān,
babacanca,"Sevecen, cana yakın | Sevgi ve sevecenlikle, cana yakın olarak",,babaca'nca
babacı,Babacılık yanlısı olan; paternalist [felsefe],,
babacıl,"Babasını çok seven, babasına çok düşkün olan",,
babaçko,"Güçlü, gösterişli, iri yarı (kadın)",,baba'çko
babadan kalma,"Babanın miras olarak bıraktığı (mal, mülk, eşya)",,
babalı,Babası olan,,
babalı,Zaman zaman sinir nöbeti geçiren,,
babayani,"Gösterişi ve özentisi olmayan | Olgun, babacan, hoşgörülü olan (kimse)",Türkçe baba + Farsça -āne,babaya:ni:
baba sanlı,Babasının soyadını alan,,
baba soylu,"Baba soyluluğa ilişkin olan, baba soyluluğa dayanan [toplum bilimi]",,
baba yadigârı,"Babadan kalan, baba döneminde yapılmış, babanın hatırasını taşıyan",,
baba yerli,"Baba yerliliğe ilişkin olan, baba yerliliğe dayanan [toplum bilimi]",,
bacasız,Bacası olmayan,,
baçlı,Baç ödenen [tarih] | Baç ödemekle yükümlü (kimse),,
baçsız,Baç ödenmeyen [tarih] | Baç ödemekle yükümlü olmayan (kimse),,
badanalı,Badana edilmiş olan | Yüzüne çok pudra ve boya sürmüş olan,,
badanasız,Badana edilmemiş | Badanası bozulmuş,,
bademli,İçinde badem bulunan (yiyecek),,
bademsi,"Bademi andıran, bademe benzeyen, badem gibi",,
bademsiz,İçinde badem bulunmayan,,
badem bıyıklı,Badem bıyığı olan,,
badem gözlü,"Gözlerinin orta kısmı yuvarlak, kenarları yukarı doğru hafifçe çekik olan (kimse)",,
badıçlı,Badıcı olan,,
badireli,Badiresi olan,,
badiresiz,Badiresi olmayan | Badiresi olmadan,,
bagetli,Bageti olan,,
bağcıklı,"Bağcığı olan, bağcığı bulunan",,
bağcıksız,"Bağı olmayan, bağsız",,
bağdaşık,"Birbirlerine benzer karakterlere veya yapıya sahip parça veya birimlerden oluşan (bütün veya topluluk); mütecanis, homojen",,
bağdaşmaz,"Uyuşmaz, tutarsız",,
bağdaştırmacı,Bağdaştırmacılık yanlısı olan,,
bağımlı,"Başka bir şeyin istemine, gücüne veya yardımına bağlı olan, özgürlüğü, özerkliği olmayan; tabi (I) | Bir kimseye veya şeye maddi veya manevi yönden aşırı bağlı olan | Sigara, uyuşturucu madde vb. kötü alışkanlıklara aşırı derecede düşkün; müptela",,
bağıntıcı,"Bağıntılılık yanlısı olan; görececi, göreci, rölativist [felsefe]",,
bağırgan,"Bağırıp çağıran, tepkisini hemen ve sert bir biçimde dışa vuran",,
bağırtkan,Çok bağırıp çağıran (kimse),,
bağışık,Herhangi bir ödevin veya yükümlülüğün dışında kalan | Bazı mikroplara karşı aşı veya doğal yolla direnç kazanmış olan; immün [tıp],,
bağışlamalı,Bağışlaması olan,,
bağışlamasız,Bağışlaması olmayan,,
bağıtçı,"Bir işi karşılıklı olarak kararlaştırıp üstlerine alan taraflardan her biri, sözleşme yapan; âkit",,
bağıtlı,Sözleşme ile bağlanmış olan,,
bağıtsız,Sözleşmesi olmayan,,
bağlaçlı,Bağlacı olan,,
bağlamalık,Bağlamaya yarayan,,
bağlamsal,Bağlam ile ilgili,,
bağlantılı,"Düşünceler, olaylar, nesneler vb. arasında bağlantı veya ilgi bulunan; irtibatlı, rabıtalı, angajmanlı | Düşünce, olay ve nesnelerle bağlantısı olan; irtibatlı, rabıtalı | Birbiri ardınca olan",,
bağlantısız,"Aralarında bağlantı bulunmayan; irtibatsız, rabıtasız, angajmansız | Hiçbir askerî veya siyasi gruplaşmada veya devletler kitlesinde yer almayan (ülke); bloksuz",,
bağlaşık,"Aralarında anlaşma veya sözleşme sağlanmış olan (kimse veya topluluk); müttefik | Sonuç, sebep gibi birbiriyle sıkı sıkıya bağlı ve karşılıklı bağımlı olan (nesne, terim)",,
bağlaşımlı,Aralarında karşılıklı destek ve bağımlılık bulunan,,
bağlaşımsız,Aralarında karşılıklı destek ve bağımlılık bulunmayan,,
bağlayıcı,"Bağlama niteliği olan | Bağlamaya ve birleştirmeye yarayan [dil bilgisi] | Uyulması zorunlu | Kuruduğu zaman yüzeyde film oluşturan, pigment ve dolgu maddelerini bir arada tutan, boyanın uçucu olmayan bölümü [kimya]",,
bağlı,"Bir bağ ile tutturulmuş olan | Gerçekleşmesi bir şartı gerektiren; vabeste | Sınırlanmış, sınırlı olan | Kapatılmış olan | Bir kuruluşun yetkisi altında bulunan | Birinin emri altında bulunan, onun hâkimiyeti altında olan; tabi (I) | Bir kimseye, bir düşünceye, bir hatıraya saygı, aşk vb. duygularla bağlanan | Halk inanışına göre büyü etkisiyle cinsel güçten yoksun edilmiş (erkek)",,
bağlık bahçelik,"Bağı, bahçesi çok olan",,
bağnaz,"Bir düşünceye, bir inanışa aşırı ölçüde bağlanıp ondan başka bir düşünce ve inanışı kabul etmeyen; mutaassıp, fanatik",,
bağnazca,Bağnaza yakışır bir biçimde olan,,
bağrı yanık,"Çok dert, acı, sıkıntı çekmiş; bağrı kara",,
bağsız,Bağı bulunmayan,,
bahaneli,Bahanesi olan,,
bahanesiz,Bahanesi olmayan | Bahanesi olmadan,,
baharatlı,"İçinde karabiber, karanfil, tarçın vb. maddeler bulunan; baharlı",,
baharatsız,Baharatı olmayan,,
bahçeli,Bahçesi olan,,
bahçelikli,"Bağı, bahçesi olan",,
bahçemsi,"Bahçeyi andıran, bahçeye benzeyen, bahçe gibi",,
bahçesiz,Bahçesi olmayan,,
bahçıvanlı,Bahçıvanı bulunan,,
bahçıvansız,Bahçıvanı olmayan,,
bahtı açık,Yazgısı iyi olan (kimse),,
bahtı kara,"İşleri beklendiği gibi gitmeyen, olumsuz sonuçlanan (kimse)",,
bahtlı,Yazgısı iyi olan; talihli,,
bahtsız,"Yazgısı kötü olan; talihsiz, bedbaht, bibaht",,
bahtsızca,Bahtsız bir biçimde olan | (bahtsı'zca) Bahtsız bir biçimde; bahtsızcasına,,
bakalitli,Bakalit kaplamalı,,
bakar kör,"Gözleri sağlam göründüğü hâlde göremeyen | Baktığı hâlde etrafını göremeyen, gördüğünü fark edemeyen, çok dikkatsiz (kimse)",,
bakımlı,"İyi bakılmış, iyi korunmuş olan | Beslenme, giyinme vb. gereksinimleri iyi bir biçimde karşılanmış | Kıyafet, beden temizliği vb. bakımından kendisine özen gösteren | Özen gösterilmiş (saç, sakal vb.)",,
bakımsız,"Özen gösterilmemiş, bakılmamış",,
bakırlı,Bakır içeren (maddeler),,
bakırsı,"Bakırı andıran, bakıra benzeyen, bakır gibi; bakırımsı",,
bakışımlı,"Bakışımı olan; mütenazır, simetrili, simetrik [matematik]",,
bakışımsız,"Aralarında bakışım bulunmayan (iki şey) veya iki yanı arasında bakışım olmayan (bir şey); simetrisiz, asimetrik [matematik]",,
bakışlı,Herhangi bir biçimde bakışı olan,,
baki,Kalıcı olan | Bir şeyden artan (miktar) | Geriye kalan,Arapça bāḳī,ba:ki:
bakir,"Cinsel ilişkide bulunmamış (erkek) | El değmemiş, kullanılmamış | İşlenmemiş (toprak) | Eskimemiş, yıpranmamış, yeni",Arapça bākir,ba:kir
bakire,"Cinsel ilişkide bulunmamış (dişi); kızoğlan, kızoğlankız, erden",Arapça bākire,ba:kire
baklalı,Baklası olan,,
baklamsı,"Baklayı andıran, baklaya benzeyen, bakla gibi",,
baklavalı,İçinde baklava biçiminde desen bulunan,,
baklavalık,Baklava yapımında kullanılan veya baklava yapmaya elverişli olan,,
bakla kırı,"Beyazı çoğalmış, beyazlamaya yüz tutmuş (saç vb.) | Koyu ve iri lekeli (at donu)",,
bakterikıran,"Canlıların vücudunda veya laboratuvar deneylerinde bakterileri fiziksel, kimyasal etkiyle öldüren (etken); bakterisit",,bakteri'kıran
bakteriyel,Bakterilerle ilgili [tıp],Fransızca bactériel,
bakteriyolojik,Bakteri bilimi ile ilgili [tıp],Fransızca bactériologique,l ince okunur
balçıklı,Balçığı olan,,
baldırı çıplak,"Ayaktakımından, işsiz, serseri (kimse)",,
baldırlı,Baldırı olan,,
balgamlı,Balgamı olan,,
balgamsı,"Balgamı andıran, balgama benzeyen, balgam gibi",,
balgamsız,Balgamı olmayan,,
balgam söktürücü,"Balgamın vücuttan atılmasını kolaylaştıran veya sağlayan (bitki, ilaç vb.)",,
balıketinde,"Kilosu ortalamanın biraz üstünde olan (kadın); balıketi, dolgun",,
balıklı,Balığı olan,,
balıksız,Balığı olmayan | Balık olmadan,,
balık hafızalı,"Bildiklerini, öğrendiklerini çok çabuk unutan (kimse)",,
balık istifi,Çok sıkışık olarak bir yere dolmuş (insanlar),,
balici,Yapıştırıcıların içerisindeki uçucu kimyasalları özellikle soluma yoluyla uyuşturucu olarak kullanma bağımlılığı bulunan (kimse),,
balinalı,"Balina takılmış olan, balina geçirilmiş olan (giysi)",,
balkanlık,Sıradağlarla kaplı olan (yer),,
balkonsu,"Balkonu andıran, balkona benzeyen, balkon gibi; balkonumsu",,
ballı,İçinde bal bulunan,,
balonvari,"Balona benzer, balon gibi",Fransızca ballon + Farsça -vārī,balonva:ri
balsamik,İçinde balsam bulunan,Fransızca balsamique,
balsamlı,"Balsam içeren, antiseptik ve besleyici özelliği olan (ilaç, merhem vb.)",,
baltalayıcı,Baltalama işini yapan (kimse); sabotajcı,,
balta ibik,İbiği baltaya benzeyen (horoz),,
balta ibikli,Baltaya benzer ibiği bulunan (horoz veya tavuk),,
balyalık,Herhangi bir balya miktarında olan,,
bal dudaklı,"Dudağı bal gibi tatlı olan (kimse) | Tatlı dilli, hoşsohbet (kimse); bal dudak",,
bal özlü,Bal özü bulunduran,,
bambaşka,"Büsbütün başka; apayrı, farklı",,ba'mbaşka
banal,"Herkesçe kullanılan, anlaşılan",Fransızca banal,l ince okunur
bandıralı,Bandırası olan,,
bandrollü,Bandrolü bulunan,,
bandrolsüz,Bandrolü olmayan,,
bani,Yapan (kimse),Arapça bānī,ba:ni:
banyolu,İçinde banyo bölümü olan | Banyodan henüz çıkmış (kimse),,
banyosuz,Banyosu olmayan | Banyo yapmamış olan,,
barbar,"Uygarlaşmamış (kavim, topluluk) | İlkel olan (şey) | Kaba ve kırıcı olan",Fransızca barbare,
barbarca,Barbara özgü | (barba'rca) Kaba ve kırıcı bir davranışla; barbarcasına,,
bardan,Çok beyaz,,
barışçı,"Barışı amaçlayan, barışı öngören",,
barışık,"Başkası ile barış durumunda bulunan, dargın veya düşman olmayan",,
barışsever,"Kavga ve savaşa karşı olan, barış hâlinde yaşamayı isteyen, barış yanlısı (kimse); barışçı, barışçıl, sulhçu, sulhsever, sulhperver",,barı'şsever
baritli,İçinde barit bulunduran,,
bariyerli,Bariyeri olan,,
bariyersiz,Bariyeri olmayan,,
barkodlu,Barkodu olan,,
barkodsuz,Barkodu olmayan,,
barlı,Üstü barlanmış olan,,
barometresiz,Barometresi olmayan,,
barut esmeri,Koyu esmer renkte olan (kimse),,
basaklı,Merdiveni olan,,
basaksız,Merdiveni olmayan,,
basamaklı,Basamağı olan,,
basamaksı,"Basamağı andıran, basamağa benzeyen, basamak gibi",,
basamaksız,Basamağı olmayan | Basamak olmadan,,
basari,Görme ile ilgili,Arapça baṣarī,basari:
basbayağı,"Alışılandan, bilinenden hiçbir farkı olmayan, bilindiği gibi",,ba'sbayağı
basık,"Basılmış, yassılaşmış | Çok yüksek olmayan | Sıkıntı verici, kasvetli olan",,
basılı,"Basılarak yerleştirilmiş | Basımevinde basılmış (kâğıt, kitap vb.); matbu",,
basınçlı,Basınç yüklenmiş olan,,
basiretli,"Gerçeği görebilen, uzağı görebilen, basireti olan; sağgörülü",,
basiretsiz,"Gerçekleri görebilmekten uzak, ileri ve uzak görüşlü olmayan; sağgörüsüz",,
basit,"Yapılması veya anlaşılması kolay olan, karışık olmayan; amiyane | Kolay bir biçimde olan | Süsü, gösterişi olmayan | Bilgi ve görgüsü sınırlı olan, bayağı, görgüsüz olan | Her zaman rastlanandan farklı bir özelliği olmayan",Arapça basīṭ,
baskılı,Baskısı olan,,
baskısız,Hak ve özgürlükleri kısıtlanmamış,,
basmakalıp,"Özgünlüğü olmayan, değişiklik göstermeyen, bilineni tekrarlayan; beylik, orta malı | Özgünlüğü olmayan, değişiklik göstermeyen, bilineni tekrarlayan bir biçimde; sloganvari",,basma'kalıp
basmalı,Basması olan | Basılarak çalıştırılan,,
bastıbacak,"Bacakları kısa veya çarpık (kimse) | Yaramaz, haylaz (çocuk)",,bastı'bacak
bastonlu,Bastonu olan,,
bastonsuz,Bastonu olmayan,,
basurlu,Basuru olan; hemoroitli,,
başaklı,Başağı olan (ekin) | Arka ucu başak biçimde olan (ok),,
başarılı,"Başarı gösteren; muvaffakiyetli | Başarılmış, üstesinden gelinmiş | Başarılı bir biçimde, başarı göstererek",,
başarısız,"Başarı göstermeyen, başarılı olmayan; muvaffakiyetsiz, rate (I) | Başarı göstermeyerek",,
başçıl,"Başla ilgili, başa ait olan | Çocuk oyunlarında oyuna ilk başlayan ve oyunu yöneten",,
başıboş,"Bir şeye veya kimseye bağlı olmayan | Bağlanmamış, serbest bırakılmış | (başı'boş) Yönetimsiz, baskısız, denetimsiz bir biçimde | (başı'boş) Kendi isteğine göre, hiçbir etki altında kalmadan",,
başına buyruk,Kimseden izin almaksızın dilediği gibi davranan (kimse); failimuhtar,,
başı açık,Başı örtülü olmayan (kadın) | Başında şapka vb. olmayan (kimse),,
başı bağlı,Evli veya nişanlı olan (kimse),,
başı bütün,Hâli vakti yerinde olan | Eşi hayatta olan (kadın veya erkek),,
başı dertte,"Çözülmesi güç, sıkıntılı bir durumda olan",,
başı devletli,"Talihli, bahtı açık (kimse)",,
başı dik,"Onurlu, gururlu (kimse); başı dimdik | Cesur, yürekli (kimse)",,
başı dinç,"Kaygısız, tasası olmayan (kimse)",,
başı dumanlı,Doruğunu sis bürümüş (dağ),,
başı havada,"Sevinçli (kimse) | Mağrur olan, mağrurlanmış (kimse) | Kaygısız, vurdumduymaz (kimse)",,
başı kabak,Saçı dökülmüş veya dibinden kesilmiş (kimse) | Başını örtmeden | Yoksun olan,,
başı kalabalık,"Yanında çok insan olduğu için başkasıyla ilgilenemeyen (kimse) | Çok meşgul olan, birden çok işle uğraşan",,
başı kapalı,"Başı örtülü olan (kadın); başı bağlı, başı örtük, başı örtülü",,
başı önünde,"Başını öne doğru eğmiş bir biçimde | Utangaç, mahcup (kimse)",,
başı yerde,"Başını öne doğru eğmiş bir biçimde | Utangaç, mahcup (kimse) | Suçlu, kabahatli (kimse)",,
başı yumuşak,"Uysal, söz dinler (kimse)",,
başkaldırıcı,"Başkaldıran, isyan eden; baştanımaz, asi, isyancı, isyankâr",,
başka başka,Her biri değişik | Değişik biçimlerde,,
başkentli,Başkentte oturan (kimse); başşehirli | Başkentte doğan (kimse); başşehirli,,
başlayıcı,"Bir şey öğrenmeye yeni başlayan (kimse); müptedi | Başlama özelliğine sahip olan, başlayan",,
başlı,"Başı olan | Yarım kalmış, başlandığı hâlde bitmemiş olan",,
başlıca,"En önemli, başta gelen",,
başlıklı,"Başlık bulunan | Başlığı olan (yazı, kâğıt vb.); antetli | Adını, başlığını taşıyan (yazı, makale, kitap vb.); serlevhalı",,
başlıksız,"Başlık bulunmayan | Başlığı olmayan (yazı, kâğıt vb.); antetsiz | Adı, başlığı olmayan (yazı, makale, kitap vb.); serlevhasız",,
başörtülü,Başörtüsü olan,,
başörtüsüz,Başörtüsü olmayan,,
başsız,"Başı olmayan | Yöneticisi, başkanı olmayan",,
baştan kara,"Geminin başı karaya gelecek biçimde [denizcilik] | Çok sarhoş, kendinden geçmiş | Sonu düşünmeden, tedbirsizce yapılan",,
baş belası,"Sıkıntı, üzüntü, eziyet veren",,
baş döndürücü,"Şaşkına, serseme çevirici | Olağanüstü olan | Baygınlık verici",,
batakçı,Borcunu ödememeyi alışkanlık edinmiş (kimse) | Eline geçen parayı batıran (kimse),,
batakçıl,"Bataklıkları seven, bataklıklarda yaşayan (bitki, hayvan)",,
bataryalı,"Batarya ile güçlendirilmiş veya desteklenmiş | Batarya ile çalışan (radyo, telefon vb.)",,
Batıcı,Batı kültür ve uygarlığından yana olan; Garpçı,,
batıl,"İnançlar bakımından gerçek olmayan | Çürük, temelsiz, asılsız olan",Arapça bāṭil,ba:tıl
Batılı,"Batı ülkelerinden olan (kimse); Garplı, Mağribî (I) | Türkiye'nin batısında bulunan illerden olan (kimse); Garplı | Batı uygarlığını benimsemiş olan (kimse); Garplı",,
Batılılaşmacı,"Batılılaşmak yanlısı olan (kişi, görüş)",,
bati,Yavaş hareketli,Arapça baṭī,bati:
batkın,"Batmış, çökmüş olan [hukuk]",,
battal,"En ve boyca alışılmış olandan büyük | İşe yaramaz, kullanılmaz",Arapça baṭṭāl,
battaniyeli,Battaniyesi olan,,
battaniyesiz,Battaniyesi olmayan,,
bavullu,Bavulu olan,,
bavulsuz,Bavulu olmayan,,
bay,"Parası, malı çok olan, zengin (kimse)",,
bayağı,Aşağılık bir durumda olan | (ba'yağı) ► neredeyse | Oldukça çok,,
bayat,"Taze olmayan | Güncelliğini, önemini, özelliğini yitirmiş, çok söylenmiş",,
bayatsı,Bayatlamaya başlamış,,
baygın,"Bayılmış, kendinden geçmiş | Gönül vermiş | İnsanı kendinden geçirir gibi olan | Yığılmış, dökülmüş | Bayılmış, kendinden geçmiş bir biçimde",,
bayıltıcı,"Bayıltma özelliği olan, bayıltan",,
bayındır,"Gelişip güzelleşmesi, hayat şartlarının uygun duruma getirilmesi için üzerinde çalışılmış olan, bakımlı, imar edilmiş (yer); ongun (I), abat, mamur",,
baykuş gözlü,"Karanlıkta çok iyi gören | Uğursuz, meymenetsiz olan",,
baylan,"Nazlı, işveli olan | Şımarık olan | Densiz olan",,
bayraklı,Bayrağı olan,,
baysal,Huzur ve refah içinde olan,,
bazal,Bazı çok olan (tuz) [kimya] | Bazın özelliklerini taşıyan (madde),Fransızca basal,l ince okunur
bazalı,Bazası olan,,
bazasız,Bazası olmayan,,
bazik,Baz niteliği gösteren [kimya] | Birleşiminde asit ve baz ağırlığı oranı normal tuza göre az fakat baz oranı normal tuza göre yüksek olan (tuz),Fransızca basique,
bazitli,Baziti olan,,
bazlı,İçerisinde baz bulunan,,
bebekçe,"Bebeğe yakışan | (bebe'kçe) Bebek gibi, bebeğe yakışır bir biçimde",,
becerikli,"Becerisi olan, elinden iş gelen; becerili, maharetli, mahir, mahirane",,
beceriksiz,"Becerisi olmayan, usta olmayan; becerisiz, maharetsiz, gıygıycı",,
becit,"Bir işin üzerine çok düşen, önemseyen",Farsça be + Arapça cidd,
bedasıl,Soyu bozuk (kimse),Farsça bed + Arapça aṣl,be’dasıl
bedava,"Emek vermeden, zahmet çekmeden kazanılan | Çok ucuz | Herhangi bir bedel ödemeden, parasız olarak; bilabedel, bedavadan, bedavasına, bedavaya, beleş, beleşe, beleşten, cabadan, meccanen",Farsça bād + Arapça hevā,beda:va
bedavadan ucuz,Çok ucuz,,
beddualı,İçinde beddua barındıran | Beddua edilmiş olan,,
bedduasız,İçinde beddua barındırmayan | Beddua almadan elde edilen,,
bedelsiz,"Bedeli olmayan, bedel ödenmeyen | Çok değerli, bedel biçilemez | Bedel ödemeden, karşılıksız olarak",,
bedenli,Bedeni olan,,
bedensel,"Bedenle ilgili; bedenî, beşerî",,
bedensiz,Bedeni olmayan,,
bedhah,"Başkasının kötülüğünü isteyen, kötü yürekli",Farsça bed + ḫāh,
bedihi,İspat gerektirmeyecek şekilde açık seçik olan,Arapça bedīhī,bedi:hi:
bednam,"Kötü ün kazanan, kötülüğü ile dillere düşen",Farsça bed + nām,
beğenili,Beğenisi olan,,
beğenilir,"Beğenme duygusu veren, beğenilen",,
beğenir,Beğenme duygusu olan,,
beğenisiz,Beğenisi olmayan,,
behimi,"Hayvanca, hayvana yakışır bir biçimde olan (duygu)",Arapça behīmī,behi:mi:
beklemeli,Sınıfta kalıp derslere devam etmeyen (öğrenci),,
beklenmedik,"Beklenmeyen, umulmayan; sıra dışı | Birdenbire, ansızın olan",,
beklenmez,"Beklenmeyen, umulmayan",,
belagatli,Belagati olan; beliğ,,
belagatsiz,Belagati olmayan,,
belasız,Bela içermeyen,,
belgeli,Belgesi olan (kimse) | İki yıl üst üste sınıfta kaldığı için okula devam etme hakkını yitirerek belge alan (öğrenci),,
belgesiz,Belgesi olmayan,,
belgili,"Belgiye dayanan, belirli olan",,
belgin,"Tam ve kesin olarak belirlenmiş olan; sarih | Açık, kolay anlaşılır olan",,
beliğ,"Yeterli, tam ve açık",Arapça belīġ,beli:ğ
belirgin,"Belirmiş durumda olan, göze çarpan; bariz, sarih | Açık bir biçimde",,
belirlenimci,"Belirlenimcilik yanlısı olan; gerekirci, determinist [felsefe]",,
belirlenmezci,"Belirlenmezcilik yanlısı olan; yad gerekirci, indeterminist [felsefe]",,
belirli,"Açık ve kesin olarak sınırlanmış veya kararlaştırılmış olan; belli  (II), muayyen",,
belirli belirsiz,"Yarı belirgin durumda, az çok belli olan",,
belirsiz,"Belirli olmayan; belgisiz, gayrimuayyen, vuzuhsuz | Niteliği hakkında tam bir bilgi edinilemeyen; müphem | Kim veya ne olduğu anlaşılamayan",,
belirtik,Belli olan.,,
belirtili,"Belirtisi olan | Belirtilmiş olan, belirli kılınan",,
belirtisiz,Belirtisi olmayan | Belirtilmemiş olan,,
belirti bilimsel,Belirti bilimi ile ilgili; fenolojik,,
beli bükük,Beli bükülmüş,,
belkili,"Doğru olabileceği gibi yanlış da olabilen, belli ve kesin olmayan; olasılı, ihtimalî [felsefe]",,
bellekli,Belleği olan,,
belleksiz,Belleği olmayan,,
belli,Beli olan,,
belli,"Bilinmedik bir yanı olmayan | Gizli olmayan, ortada olan, anlaşılan; zahir, aşikâr",,
bellisiz,"Belli olmayan, bilinemeyen",,
belli başlı,Başta gelen | En önemli,,
belli belirsiz,"Zorlukla seçilebilen, açıkça görülemeyen, belirli olmayan | Açıkça fark edilemeyecek biçimde",,
bembeyaz,"Çok beyaz; apak, ak pak | Pırıl pırıl, apaçık bir biçimde",,be'mbeyaz
benbenci,"Kendini çok öven, hep kendinden söz eden",,
benci,"Kendini beğenen, kendini her konuda üstün gören; hodpesent, megaloman",,
bencil,"Yalnız kendini düşünen, kendi çıkarlarını herkesinkinden üstün tutan; kendimci, hodbin, hodkâm, egoist | Bencilik öğretisine inanan [felsefe]",,
benekli,Benekleri bulunan,,
beneksiz,Benekleri bulunmayan,,
beniçinci,"Beniçincilik görüşünü benimseyen; benmerkezci, egosantrik, egosantrist [felsefe]",,be'niçinci
benimki,"Benim olan, benimle ilgili olan | Kadınların kocalarından, kocaların karılarından söz ederken kullandıkları söz | Yakın çevrede olan bir kimseden söz ederken kullanılan bir söz",,
benli,Ben (I) bulunan,,
benlikçi,"Her konuda hep kendini ileri süren, hep kendinden söz eden | Benlikçilik yanlısı olan [felsefe]",,
benzersiz,"Benzeri olmayan, eşsiz olan",,
benzeşik,Benzeşme özelliği gösteren [matematik],,
benzetmeli,İçinde benzetme bulunan,,
benzinli,"Benzinle çalışan (motor, makine vb.)",,
berbat,"Bakımsız, perişan bir biçimde olan | Çirkin, beğenilmeyen | Darmadağın, bakımsız, perişan, viran",Farsça berbād,
berdevam,"Sürmekte olan, sürüp giden",Farsça ber + Arapça devām,
bereketli,"Alışılandan veya beklenilenden fazla olan; artağan, mübarek",,
bereketsiz,Kendinden beklenen yararlığı sağlayamayan; onmadık,,
bereli,Beresi olan,,
bergamotlu,İçinde bergamot bulunan,,
berhava,"Havaya atılmış, uçurulmuş | Yararsız, boş olan",Farsça ber + Arapça hevā,berhava:
berhayat,"Hayatta olan, canlı, yaşayan (kimse)",Farsça ber + Arapça ḥayāt,
beriki,Beride olan | Beride olan şey veya kimse; berikisi,,
berkemal,Tam ve yolunda,Farsça ber + Arapça kemāl,
berrak,"Bulanık, kirli olmayan | Pürüzsüz, kulağa hoş gelen (ses) | Açık seçik, net olan",Arapça berrāḳ,
bertaraf,Ortadan kaldırılmış,Farsça ber + Arapça ṭaraf,
besbedava,Çok ucuz olan | Kolay bir biçimde,,be'sbeda:va
besbeter,Çok kötü; beş beter,,be'sbeter
besili,"Semiz, semirtilmiş olan; yağlı",,
besinli,Besini olan; gıdalı,,
besinsiz,"Besini olmayan, kendisinde besin bulunmayan; gıdasız | Yeterince besin alamayan; gıdasız",,
besi dokulu,Besi dokusu olan,,
besi dokusuz,Besi dokusu olmayan,,
beslenen,Besin ihtiyacını karşılayan; beslek,,
besleyici,"Besleyen, beslemeye yarayan, besin değeri yüksek; mugaddi",,
besteli,"Bestesi olan, bestelenmiş",,
bestesiz,Bestesi olmayan,,
bestseller,343 çoksatar,İngilizce bestseller,
beşer,"Beş sayısının üleştirme sayı sıfatı | Her birine beş, her defasında beşi bir arada olan",,
beşerli,Beşer beşer sıralanmış | Her biri beş birimden oluşan,,
beşerî,İnsanoğlu ile ilgili,Arapça beşerī,beşeri:
beşiklik,Beşik yapmaya uygun (malzeme),,
beşinci,"Beş sayısının sıra sıfatı, sırada dördüncüden sonra gelen",,
beşiz,Beşi bir arada doğan (çocuk),,
beşizli,Beş tanesi bir arada olan | Beş kolu olan (şamdan vb.),,
beş on,"Az sayıda, biraz",,
beş paralık,Toplum içinde itibarı ve değeri olmayan; bir paralık | Çok az,,
beter,"Daha kötü, çok kötü",Farsça bedter,
betimlemeci,Betimlemeye ağırlık veren; tasvirci,,
betimlemeli,"Bir nesnenin, kendine özgü niteliklerini tam ve açık bir biçimde söz veya yazı ile anlatan; betimsel, tasvirî, deskriptif",,
betonlu,İçinde beton bulunan,,
betonsu,"Betonu andıran, betona benzeyen, beton gibi; betonumsu",,
beton suratlı,"Düşüncelerini, duygularını yüzünden belli etmeyen",,
bet suratlı,Yüreğinin kötülüğü yüzünden belli olan,,
beyazımsı,"Rengi beyazı andıran, beyaza benzeyen, beyaz gibi; beyazımtırak",,
beyazlı,Beyazı bulunan | Beyaz olan,,
beygirli,Beygiri olan,,
beygirlik,"Beygire ait, beygir için | Beygir gücünde",,
beygirsiz,Beygiri olmayan,,
beyinli,"İçinde beyin bulunan | Akıllı, düşünceli olan (kimse)",,
beyinsel,Beyinle ilgili,,
beyinsi,"Beyni andıran, beyne benzeyen, beyin gibi",,
beyinsiz,"İçinde beyin bulunmayan | Akılsız, düşüncesiz olan (kimse)",,
beyinsizce,Düşüncesizce yapılan | (beyinsi'zce) Beyinsiz bir biçimde,,
beyitli,"Beyti bulunan, içinde beyit olan",,
beynamaz,Namaz kılmayan (kimse) [din bilimi],Farsça bīnamāz,
bey soylu,Asil olan,,
bezeli,Bezesi olan,,
bezeli,"Bezenmiş, süslenmiş olan",,
bezgin,Yaşama veya iş görme isteğini yitirmiş | Canlılığını yitirmiş | Yaşama veya iş görme isteğini yitirmiş bir biçimde,,
bezsi,"Bezi andıran, beze benzeyen, bez gibi; bezimsi",,
bıçaklı,Bıçağı olan,,
bıçaksız,Bıçağı olmayan | Bıçak olmadan,,
bıçılganlı,Bıçılgana yakalanmış,,
bıdık,Kısa ve tıknaz,,
bıkkın,"Çok bıkmış, usanmış, bezmiş",,
bıngıl bıngıl,Dolgun ve pelte gibi titrek,,
bıyıklı,Bıyığı olan,,
bıyıksız,"Bıyığı olmayan, bıyığını tıraş etmiş olan",,
biberli,İçine biber katılmış,,
bibersi,"Biberi andıran, bibere benzeyen, biber gibi; biberimsi",,
bibersiz,İçine biber katılmamış | Acısı olmayan,,
bibliyografik,Kaynakçayla ilgili,Fransızca bibliographique,
biçilmiş kaftan,"Bütünü ile uygun, elverişli (iş)",,
biçimci,"Biçime sıkı sıkıya bağlılık yanlısı olan | Alışılmış kural, tutum, davranış veya belli biçimin dışına çıkmayan; şekilci, şekilperest, formaliteci, formalist",,
biçimli,"Herhangi bir biçimde olan; şekilli | Biçimi güzel olan | Uygun olarak, yakışacak bir biçimde",,
biçimsel,"Biçime dayanan, biçimle ilgili, şekle ait; şekilgeç, şekilsel, şeklî, formel",,
biçimsiz,"Kendine özgü bir biçimi olmayan, biçimi bozuk; şekilsiz | Kötü, hoş olmayan; yakışıksız | Kendine özgü billurlaşmış bir biçimi olmayan (madde); amorf [fizik] | Kötü bir biçimde, şekli bozuk olarak",,
bihaber,Habersiz bir biçimde,Farsça bī + Arapça ḫaber,bi:haber
bihuş,"Aklı başında olmayan, aklı başından gitmiş olan | Aklı başında olmayarak",Farsça bīhūş,bi:hu:ş
biilaç,"Umutsuz olarak, çaresiz bir biçimde",Farsça bī + Arapça ʿilāc,"bi:ilaç, l ince okunur"
bikes,Kimsesiz bir biçimde,Farsça bīkes,bi:kes
bilecen,"Her şeyi bilen, her şeyden anlayan",,
biletli,Bileti olan | Bilet kullanılan,,
biletsiz,"Bileti olmayan | Bilet kullanılmayan | Bilet almadan, bilet kullanmadan",,
bileyici,Kesici aletleri bilemeyi iş edinmiş olan (kimse),,
bileyli,"Bilenmiş (bıçak, ustura vb.); bileğili",,
bileysiz,"Bilenmemiş (bıçak, ustura vb.); bileğisiz",,
bilezikli,Bileziği olan | Bilezik takmış olan,,
bilge,"Geniş ve derin bilgi sahibi olan, bunu en doğru ve yararlı biçimde kullanan, iyi ahlaklı, olgun ve örnek (kimse); hakim | Olayları erdem ve bilgiden gelen bir üstünlükle değerlendiren (kimse)",,
bilgece,Bilgeye yaraşır | (bilge'ce) Bilgeye yaraşır bir biçimde; hakimane,,
bilgici,"Sofizmden yana olan (kimse, düşünce vb.); sofist [felsefe]",,
bilgiç,"Bilgili olan (kimse) | Bilgisiz olmasına rağmen bilgili görünmek isteyen, bilgili geçinen (kimse)",,
bilgili,"Bilgi sahibi olan; malumatlı, malumattar, malumat sahibi, agâh, danişment | Bilgiye dayalı bir biçimde",,
bilgisayarlı,"Bilgisayarı olan, bilgisayarla iş gören | Bilgisayardan yararlanılarak yapılan",,
bilgisayarsız,Bilgisayarı olmayan | Bilgisayar olmaksızın,,
bilgisayar destekli,Bilişim uygulamalarından yararlanılarak oluşturulan,,
bilgisiz,"Bilgi sahibi olmayan; bilisiz, malumatsız, cahil, vukufsuz",,
bilici,"Bilme özelliği taşıyan, bilen | Bilgin olan",,
bilimsel,"Bilimle ilgili, bilime dayanan; ilmî",,
bilimsel deneyci,Bilimsel deneycilik akımını benimseyen [felsefe],,
bilimsever,"Bilimi seven, bilimle uğraşan (kimse)",,bili'msever
bilimsiz,"Bilime, bilim yöntemlerine uygun olmayan; ilimsiz",,
bilim dışı,"Bilime aykırı, bilime uymaz",,
bilim kurgu,"Çağdaş bilim verileriyle düş gücünden oluşan (film, roman vb.)",,
bilim kurgusal,"Bilim kurguya ait, bilim kurguya dayalı",,
bilinçli,"Bilinci yerinde olan; şuurlu | Kendi yaptıklarının farkında olan, bilerek hareket eden; şuurlu",,
bilinçsiz,Bilinci olmayan; şuursuz | Kendi etkinliğini eleştirmeli bir biçimde sezmeyen; şuursuz [ruh bilimi],,
bilindik,Önceden bilinmiş olan,,
bilinemezci,"Bilginin bağıntılı olduğuna inanan (kimse) [felsefe] | Tanrı'nın ve evrenin nereden türediğinin bilinmediğini ve bilinemeyeceğini ileri süren öğretiyi benimseyen (kimse); laedri, agnostik",,
bilinen,"Değeri belli olan (nicelik); bilindik, malum [matematik]",,
bilinmedik,"Önceden bilinmeyen, tanınmayan",,
bilinmeyen,"Değeri belli olmayan; bilinmedik, bilinmez, meçhul [matematik]",,
bilinmeyenli,Bilinmeyeni olan,,
bilir,"""Anlar, sayar, yapar"" anlamları ile adlarla birleşerek birleşik sıfat kuran bir söz",,
bilişsel,"Bilişle ilgili, zekânın işleyişiyle ilgili; kognitif",,
billuri,"Billura benzer, billur gibi | Billurla ilgili | Billurdan yapılmış olan",Arapça billūrī,"billu:ri:, l ince okunur"
billurlu,"İçinde billur bulunan; kristalli | Bol ışıklı, pırıl pırıl parlayan (yer)",,
bilmeceli,Bilmecesi olan; muammalı,,
bilmesinlerci,"Bilmesinlercilik yanlısı olan; karanlıkçı, obskürantist",,
bilmez,"“Anlamaz, saymaz, yapmaz” anlamları ile adlarla birleşerek birleşik sıfat kuran bir söz",,
bilmiş,"Her şeyi bilir geçinen, bilgiçlik taslayan",,
bilyeli,Bilyesi olan,,
binbir,"Pek çok, çok sayıda",,bi'nbir
binde bir,"Nadir olan, az bulunan",,
biner,"Bin sayısının üleştirme sayı sıfatı | Her birine bin, her defasında bini bir arada olan",,
binerli,Biner biner sıralanmış | Her biri bin birimden oluşan,,
bininci,"Bin sayısının sıra sıfatı, sırada dokuz yüz doksan dokuzuncudan sonra gelen",,
binlerce,"Pek çok, çok sayıda",,
binli,"Bin parçadan oluşan, kendinde herhangi bir şeyden bin tane bulunan",,
bin türlü,"Birbirinden çok farklı, çok değişik; bin çeşit | Birbirinden çok farklı, çok değişik bir biçimde",,
biralık,Bira yapmakta kullanılan,,
birazcık,"Pek az, çok az | (bira'zcık) Kısa bir süre",,
birçok,"Oldukça çok, sayısı belirsiz; bir dolu, sürü sepet, müteaddit",,bi'rçok
birebir,Etkisi kesin olan | Tam istenildiği gibi,,bire'bir
birer,Bir sayısının üleştirme sayı sıfatı | Her birine bir tane,,
birerli,Birer birer sıralanmış | Her biri bir birimden oluşan,,
bireşimli,Bireşim yolu ile elde edilen,,
bireyci,"Kişi haklarını savunan (kimse); individüalist | Bireycilikten yana olan; ferdiyetçi, individüalist [felsefe]",,
bireysel,"Bireyle ilgili olan, bireye özgü olan; ferdî",,
bireyüstü,"Tek bir bireyi aşan | Genellikle fertlerin çevresini aşan, bireylerin bilincinden bağımsız olan [felsefe]",,bire'yüstü
bire bir,"Ölçü, miktar vb. özellikleri eşit olan | Bir başkasının, diğerinin aynı olan | Ölçü, miktar vb. özellikleri eşit olarak | Yüz yüze, karşılıklı olarak",,
biricik,"Eşi, benzeri olmayan ve çok sevilen; bir tane",,
birincil,"Sırada, önemde ilk yeri alan; asli",,
birkaç,"Çok olmayan, az sayıda",,
birleşen,"Birbirini kesen, bir noktada kesişen (doğru, yay) [matematik]",,
birleşik,"Bir araya gelmiş, birleşmiş olan; müttehit",,
birtakım,(nesne için) Belirsiz bir çokluk,,bi'rtakım
bir alay,Pek çok,,
bir araba,Pek çok,,
bir atımlık,Silahı doldurmaya yetecek veya en az bir kez atış yapabilecek miktarda olan | Çok az,,
bir avuç,"Bir avucu dolduracak kadar | Az sayıda, çok az",,
bir boy,Aynı boyda olan | Bir insan boyu uzunluğunda olan | Bir kez,,
bir boyda,Boyları eşit,,
bir çenetli,Tek parçalı olan (kapsüllü yemiş) [bitki bilimi],,
bir çift,Aynı şeyden iki adet,,
bir çuval dolusu,Bir çuvalın alacağı miktarda | Çok fazla,,
bir damla,Çok az | Çok küçük (çocuk),,
bir dirhem,"Çok az, hiç denecek kadar az",,
bir dizi,Art arda gelen | Bir araya getirilmiş,,
bir düzine,Çok miktarda olan | 12 adet olan [matematik],,
bir evcikli,"Mısır, ceviz, fındık vb. erkek ve dişi organları ayrı çiçeklerde ancak aynı kök üzerinde bulunan (bitki) [bitki bilimi]",,
bir gıdım,Çok az miktarda,,
bir hoş,Tuhaf bir biçimde olan; bir tuhaf,,
bir hücreli,"Yapısı tek bir hücreden oluşan (hayvan veya bitki); bir gözeli, tek hücreli [hayvan bilimi]",,
bir iki,Çok az sayıda olan | Az miktarda,,
bir karış,Çok kısa | Olması gerekenden uzun | Çok az,,
bir lokma,Çok az,,
bir nebzecik,Pek az,,
bir nevi,Bir çeşit,,
bir numara,"Birinci gelen, en iyisi olan",,
bir numaralı,"Birinci gelen, en iyisi olan",,
bir örnek,Aynı biçimde olan,,
bir parça,"Çok az; az buçuk, az çok | Kısa bir süre",,
bir sıra,"Üst üste, ardı ardına | Sıra oluşturan",,
bir tane,Bir adet,,
bir terimli,"Aralarında yalnız çarpma, bölme, kuvvete yükseltme, kök alma işlemleri yapılacak olan (nicelikleri gösteren terim) [matematik]",,
bir tutam,Çok az; bir tutamlık,,
bir yudum,Çok az; bir yudumluk,,
bir âlem,Kendine özgü bir niteliği olan,,
biseksüel,Hem kendi cinsini hem de karşı cinsi arzulayan,Fransızca bisexuel,bi'seksüel
bisikletli,Bisikleti olan,,
bisikletsiz,Bisikleti olmayan,,
bitik,"Yorgunluk veya hastalıktan gücü kalmamış | Mahvolmuş, ümitsiz bir durum almış, bitmiş | Yapışık, dolaşık, ekli",,
bitirim,"Çok hoşa giden (kimse) | Açıkgöz, işini bilen (kimse) | Kumar oynama, uyuşturucu alıp satma, dolandırıcılık yapma vb. işlerde deneyimli (kimse) | Külhanbeyi tavırları olan (kimse)",,
bitirmiş,"Bir bilim dalında veya başka bir alanda bilginin doruğuna ulaşmış (kimse) | Bilgili, açıkgöz olan (kimse)",,
bitişimli,Bitişme özelliği olan [dil bilgisi],,
bitişken,"Bitişme özelliği olan; eklemeli, iltisaki [dil bilgisi]",,
bitkimsi,"Bitkiyi andıran, bitkiye benzeyen, bitki gibi",,
bitkin,"Gücü tükenmiş olan, çok yorgun; aygın baygın, bitap",,
bitkisel,"Bitki ile ilgili, bitki cinsinden olan | Bitkiden elde edilen; nebati",,
bitli,"Üstünde bit bulunan, bitlenmiş olan",,
bitli kokuş,"Üstü başı kirli, vücut temizliğine dikkat etmeyen",,
bitümlü,İçinde bitüm bulunan | Bitümün bütün özelliklerini gösteren,,
biyeli,"Biye geçirilmiş, biyesi olan",,
biyesiz,"Biyesi olmayan, biye geçirilmemiş olan",,
biyografik,Biyografi ile ilgili,Fransızca biographique,
biyokimyasal,Biyokimya ile ilgili,,
biyolojik,Biyoloji ile ilgili; dirim bilimsel,Fransızca biologique,l ince okunur
biyometeorolojik,Biyometeoroloji ile ilgili,Fransızca biométéorologique,l ince okunur
bizimki,"Bizim olan, bizimle ilgili olan | Kadınların kocalarından, kocaların karılarından söz ederken kullandıkları söz | Yakın çevremizde olan bir kimseden söz ederken kullanılan bir söz",,
blokajlı,"Blokajı bulunan | Kullanılması önlenmiş, el konulmuş olan",,
bloke,"Kullanılması önlenmiş, el konulmuş",Fransızca bloqué,l ince okunur
bloklu,"Blokları olan, bloklardan oluşan",,
bodur,Enine göre boyu kısa ve tıknaz,,
boğazına düşkün,Yiyip içmeyi çok seven (kimse); şikemperver,,
boğazlı,Boğazı olan,,
boğazsız,Boğazı olmayan,,
boğmacalı,Boğmacaya tutulmuş olan (kimse),,
boğmaklı,Boğmakları olan,,
boğucu,"Nefes aldırmayan, nefesi tıkayan, insanı boğulacak duruma getiren; boğunçlu | Sıkıntı ve kasvet veren; boğunçlu",,
boğuk,Kısılmış (ses); boğunuk,,
boğumlu,Boğumu olan,,
boğumsuz,Boğumu olmayan,,
boğum boğum,Çok boğumlu,,
boğunuk,"İnsanın içini karartan, sıkıntı veren",,
bohem,"Yarınını düşünmeden günü gününe tasasız, derbeder bir yaşayışı olan (kimse veya topluluk)",Fransızca bohème,
boklu,"Boku olan | Zorluklarla, kötülüklerle dolu olan",,
boktan,"Değersiz, yararsız olan",,
bol,"İçine girecek şeyin boyutlarından daha büyük veya geniş olan; mebzul, dar karşıtı | Nicelik bakımından olağandan veya alışılandan çok; dolgunca, kıt karşıtı",,
bolca,Oldukça geniş | Oldukça çok | (bo'lca) Oldukça çok bir biçimde,,
bombeli,Bombesi olan,,
bombesiz,Bombesi olmayan,,
bombok,"Çok kötü, çok berbat",,bo'mbok
bomboş,"Büsbütün, tamamen boş; tamtakır",,bo'mboş
bomboz,Çok boz,,bo'mboz
boncuklu,"Boncuğu olan, boncukla süslenmiş",,
boncukluk,Boncuk olmaya elverişli olan,,
boncuksuz,Boncuğu olmayan,,
boncuk boncuk,Boncuk gibi yuvarlak taneleri olan | Boncuk gibi yuvarlak taneler durumunda,,
bonfilelik,Bonfile yapmaya elverişli (et),,
bonservisli,Bonservisi olan (kimse),,
bopluk,Bop tutarında olma,,
bor,"İşlenmemiş, taşlık, sert, ekilmemiş (toprak); borak",,
boralı,"Yağmurlu, sert rüzgârlı ve soğuk havalı",,
borçlu,"Borcu olan, borç almış olan; verecekli, medyun, alacaklı karşıtı | Borcu kalmış olarak | Manevi bir yükümlülük altında bulunan | Bir şeyi birinin yardımıyla elde etmiş olan",,
borçlu harçlı,Borcu olan,,
borçsuz,Borcu olmayan | Borç etmeden,,
bordomsu,"Rengi bordoyu andıran, bordoya benzeyen; bordomtırak",,
bordrolu,Bordrosu olan,,
bordrosuz,Bordrosu olmayan,,
borikli,İçinde borik asit bulunan,,
borulu,Borusu olan,,
borumsu,"Boruyu andıran, boruya benzeyen",,
borusuz,Borusu olmayan,,
boşboğaz,"Saklanması gereken şeyleri söyleyiveren, sır saklayamayan",,bo'şboğaz
boşuna,"İşe yaramayan | Bir kazanç elde edemeden, yararsız bir biçimde; boş yere, kuru kuruya, nedensiz yere, yararsız yere, faydasız yere, sebepsiz yere, gereksiz, boşu boşuna, beyhude, beyhude yere, nafile, tevekkeli",,
boşvermiş,"Aldırmaz, umursamaz (kimse)",,bo'şvermiş
boş kafalı,"Bilgisi olmayan | Akılsız, aptal görünen",,
boyalı,"Boya sürülmüş, boyanmış veya boyaya batırılmış | Belli bir renkte boyanmış olan",,
boyasız,"Boya sürülmemiş, boyanmamış olan | Renksiz olan | Makyaj yapmadan, boyanmadan",,
boylu,Boyu olan | Boyu benzerlerinden uzun olan,,
boyluca,Uzun boylu,,
boylu poslu,"Uzun boylu, gösterişli olan; boylu boslu, kırnak",,
boynuzsu,"Boynuzu andıran, boynuza benzeyen, boynuz gibi; boynuzumsu",,
boynuzsuz,Boynuzu olmayan (hayvan),,
boynu bükük,"Üzgün, kırılmış, acınacak ve yardım bekler bir durumda, zavallı bir biçimde | Üzgün, kırılmış, acınacak ve yardım bekler bir durumda olan; boynu eğri",,
boysuz,Benzerleri arasında boyu kısa olan,,
boyunduruklu,Boyunduruğu olan,,
boyunlu,Boynu olan,,
boyunsuz,Boynu olmayan | Boynu olmadan,,
boyutlu,Boyutu olan; buutlu,,
boyutsuz,"Boyutu olmayan, buutsuz",,
boy boy,Çeşitli büyüklük ve nitelikte,,
bozarık,Bozarmış olan,,
bozguncu,"Bozgunluk yaratan (kimse, güç vb.)",,
bozkırlı,Bozkırı olan | Anadolu'nun verimli olmayan bölgesine ait olan (kimse),,
bozkırsız,Bozkırı olmayan,,
bozrak,Rengi boza çalan,,
bozukça,"Biraz bozuk, bozuk gibi",,
bozuk düzen,"Düzensiz, düzeni bozuk olan | Dürüst olmayan, iyi niteliklerini yitirmiş olan",,
bozumsu,"Rengi bozu andıran, boza benzeyen",,
bozuşuk,"Araları açılmış, bozulmuş olan",,
boz bulanık,Çok bulanık | Çok bulanık bir biçimde,,
böbreksi,Böbrek biçiminde olan,,
böcekçil,"Böcek yiyen, böcekle beslenen (hayvan veya bitki) [bitki bilimi]",,
böcekli,"İçinde veya üstünde böcek bulunan, böceklenmiş",,
böceksiz,İçinde böcek bulunmayan,,
bölgesel,"Bölge ile ilgili veya bir bölgeye özgü olan; mevzii, zonal",,
bölmeli,Bölme ile ayrılmış,,
bölmesiz,Bölme ile ayrılmamış,,
bölücü,"Bölme işini yapan | Bir topluluğu, birliği parçalama, bölme amacında olan",,
bölük pörçük,"Parça parça olmuş; kırpık | Dağınık bir biçimde | Çok az bir biçimde, miktarda",,
bölümlü,Bölümü olan,,
bölümlük,Bölümden oluşan; kısımlık,,
bölümsel,Bölüm ile ilgili,,
bölünmez,"Parçalanamaz, ayrılamaz",,
bölüntülü,Bölüntüsü olan,,
bölüntüsüz,Bölüntüsü olmayan,,
bölütlü,Bölütlere ayrılmış olan,,
bölütsüz,Bölütlere ayrılmamış olan,,
böreklik,"Börek yapmaya elverişli olan, börek için ayrılmış olan",,
börtük,Haşlanarak veya ateşte biraz kızartılarak pişmiş olan,,
böyle,"Bunun gibi, buna benzer; bu biçimde, bu türlü, bu kabîl, bu kabîlden, bu şekilde | Bu yolda; bu biçimde | Bu derece | İçinde ""ne, nasıl"" vb. sorular bulunan cümlelerin sonuna geldiğinde o cümlede anlatılan şeyin hoş karşılanmadığını veya ona şaşıldığını anlatan bir söz",,
böylesi,"Bunun gibisi, bu biçimde olanı | Buna benzer, bunun gibi",,
böylesine,"Bu tarzda, bu biçimde",,
böyle böyle,"Bunun gibi, buna benzer | Tekrara düşmeden, bilindiği üzere | Bunun gibi yapa yapa",,
brakisefal,Kafatasının genişliği ile uzunluğu hemen hemen eşit olan (kimse); kısa kafalı [anatomi],Fransızca brachycéphale,l ince okunur
briyantinli,"Briyantinle süslenmiş, briyantin sürünmüş",,
briyantinsiz,Briyantin sürülmemiş,,
bromhidrik,Bromun hidrojenle birleşmesinden oluşan [kimya],Fransızca bromhydrique,bro'mhidrik
bromürlü,Yapısında bromür bulunan,,
brülörlü,Brülörü olan,,
brülörsüz,Brülörü olmayan,,
brüt,"Kesintisi yapılmamış, kesintisiz (para) | Darası çıkarılmadan tartılan (ağırlık)",Fransızca brut,
bu,"Yerde, zamanda veya söz zincirinde en yakın olanı gösteren bir söz | En yakında bulunan bir varlığı veya biraz önce anılan bir şeyi işaret yolu ile belirtmek için kullanılan bir söz",,
bucaklı,Bucağı olan,,
bucaksız,Bucağı olmayan,,
buçuk,... ve yarım,,
buçuklu,Tam olmayıp kesri bulunan,,
budaklı,Budağı olan; düğümlü,,
budaksız,Budağı bulunmayan (ağaç vb.),,
budala,Zekâca geri olan (kimse) | Bir şeye aşırı düşkün,Arapça budalā,
budalaca,Aptala yakışan | (budala’ca) ► aptalca,,
bugünkü,"Bugüne özgü, bugün olan, bugün yapılan",,
buğdaysı,"Buğdayı andıran, buğdaya benzeyen, buğday gibi; buğdayımsı",,
buğday benizli,Açık esmer renkli,,
buğulu,"Üzerinde buğu bulunan, buğulanmış | Süzgün, dalgın bakışlı olan (göz) | Dokunaklı, pes (ses)",,
buğul buğul,Buğu oluşturan | Buğu oluşturarak,,
buğusu üstünde,Çok sıcak,,
buharlı,Buharı olan | Buhar gücü ile çalışan,,
bukağılı,Ayağında bukağı bulunan | Bilekleri beyaz olan (hayvan),,
bukleli,Kıvrım kıvrım olan (saç),,
buklesiz,Kıvrımları olmayan (saç) | Kıvrımları olmadan,,
bulanık,"Bulanmış olan, duru olmayan | Kapalı, puslu olan (hava) | Açık seçik görünmeyen, net olmayan | Donuk, anlamsız, fersiz olan (bakış) | Niteliği tam anlaşılmayan; bulutlu | Bulanmış, duru olmayan bir biçimde",,
bulanıkça,"Biraz bulanık olan, çok duru olmayan",,
bulanıksı,"Bulanık gibi, biraz bulanık",,
bulaşıcı,"Birinden bir başkasına geçen, bulaşan; geçici, sâri",,
bulaşıkçı,İşi kirli kapları yıkamak olan (kimse),,
bulaşkan,"Bulaştığı yerden kolay temizlenemeyen | Sataşma, kavga etme alışkanlığı olan",,
bulaşlı,Hastalık bulaşmış olan; enfekte [tıp],,
bulaştırıcı,Bulaşıcı hastalığı taşıyan ve başkalarına bulaştıran [tıp],,
buldumcuk,Sonradan görme,,
bulgurlu,Bulguru olan,,
bulgurluk,Bulgur yapmaya elverişli,,
bulgursu,"Bulguru andıran, bulgura benzeyen, bulgur gibi; bulgurumsu",,
bulgusal,"Bulguyla ilgili, bulguya ait",,
bulutlu,"Bulutlarla kaplanmış, bulutlanmış | Karışık, net olmayan (bellek)",,
bulutsuz,Bulutu bulunmayan,,
bulvarlı,Bulvarı olan,,
bumburuşuk,"Çok, iyice buruşmuş olan",,bu'mburuşuk
bumbuz,"Çok soğuk, buz gibi",,bu'mbuz
bunak,Bunamış olan; matuh,,
bunalımlı,"Gerginlik, sıkıntı veren, gerginliği olan; buhranlı",,
bunalımsız,"Gerginlik, sıkıntı vermeyen, gerginliği olmayan; buhransız",,
bunca,Bu kadar çok,,
buncacık,Bu kadar az | Bu kadar küçük,,bu'ncacık
buncağız,"Bu kadar çok | Bu zavallı, bu küçücük",,
burgulu,Burgusu olan; sarımlı | Burgulanmış olan; sarımlı,,
burgusuz,Burgusu olmayan | Burgulanmamış olan,,
burjuva,Orta sınıftan olan; kent soylu | Şehirde yaşayıp özel imtiyazlardan yararlanan,Fransızca bourgeois,
burjuvaca,"Burjuva gibi, burjuvaya yakışan | (burjuva'ca) Burjuvaya yakışan bir biçimde; burjuvacasına",,
burkuk,Burkulmuş olan | Hafif eğri,,
burnaz,İri ve uzun burunlu,,
burnu büyük,Kibirli olan (kimse),,
burnu havada,"Kibirli, kendini beğenmiş (kimse); başı yukarıda",,
burslu,"Herhangi bir kuruluş veya kimseden burs alan, bursu olan; bursiyer | Burs alarak",,
burssuz,"Burs almayan, bursu olmayan",,
burukça,Tadı biraz buruk olan,,
buruksu,"Buruğa benzer, buruk gibi",,
burunlu,Herhangi bir biçimde burnu olan | Çıkıntısı olan | Kendini beğenmiş,,
buruşuk,"Gerginliği, düzgünlüğü kalmamış, buruşmuş olan; potur",,
buruşukça,"Biraz buruşuk olan, pek düzgün olmayan",,
buruşuksuz,Buruşuğu olmayan,,
buruş buruş,Çok buruşmuş olan,,
busbulanık,Çok bulanık,,bu'sbulanık
butlu,Budu olan,,
butonlu,Butonu olan,,
butonsuz,Butonu olmayan,,
butsuz,Budu olmayan,,
buyurgan,"Sık sık emir veren, rmir verir gibi konuşan | Kesin hüküm bildiren",,
buzağılı,Buzağısı olan,,
buzağısız,Buzağısı olmayan,,
buzlu,"Buz tutmuş, buz bağlamış olan | Buz içinde tutularak, içine buz katılarak soğutulmuş",,
buzsuz,Buz katılmamış,,
buzullu,Buzulu olan,,
buzulsuz,Buzulu olmayan,,
bu merkezde,"Bu yolda, bu durumda olan",,
bu takım,"Bunun gibi, buna benzer",,
bücür,Ufak tefek ve kısa boylu (kimse) | Yeterli bilgi ve deneyime sahip olmayan,,
büklümlü,Büklümü olan,,
bükük,"Bükülmüş, eğilmiş olan",,
bükülgen,Kolay eğilip bükülen,,
bükülü,Bükülmüş olan,,
bükümlü,"Bükülmüş olan, bükümü olan | Türetmede veya çekimde kelime kökü değişikliğe uğrayan; bükülgen, insirafi [dil bilgisi]",,
bükümsüz,Bükülmemiş olan | Bükümü olmayan,,
bükünlü,"Türetmede ve çekimde kelime kökleri değişikliğe uğrayan, bükülgen, insirafi [dil bilgisi]",,
bülbülsüz,Bülbülü olmayan,,
bürgülü,Bürgüsü olan,,
bürgüsüz,Bürgüsü olmayan,,
bürokratik,Kamu yönetimi ile ilgili | Bürokrasiyle ilgili,Fransızca bureaucratique,
bürüklü,Bürük giyinmiş olan | Bürük giyerek,,
bürüksüz,Bürüğü olmayan,,
bürülü,Bürünmüş,,
bütüncü,Bütün olarak düşünmeye önem veren (kimse veya görüş),,
bütüncül,"Bütüne önem veren, bütünü gören, bir konuyu bütün olarak değerlendiren, bütünü esas alan; holistik | Birbirini tamamlayan, birlikte bir bütün oluşturan",,
bütünlemeli,Bütünleme sınavına girmesi gereken (öğrenci) [eğitim],,
bütünler,"Bütün durumuna getiren veya bütün durumuna getirmek için eklenen; tümler, mütemmim [matematik]",,
bütünleşik,Birbiriyle bağlantılı duruma getiren; tümleşik,,
bütünleyen,"Bütün durumuna getiren; bütünleyici, tümleyici",,
bütünlüklü,"Derli toplu, kapsayıcı olan | Çok yönlü, donanımlı olan",,
bütünsel,"Bütün niteliğinde olan, bütünle ilgili; total",,
büyücek,"Biraz büyük, büyüğe yakın",,
büyükçe,Biraz büyük | Oldukça önemli,,
büyüklü küçüklü,Büyük küçük bir arada olan | Büyük küçük hepsi bir arada olacak biçimde,,
büyüksü,"Büyüğü andıran, büyüğe benzeyen, büyük gibi",,
büyük boy,Normal ölçülerden daha büyük,,
büyülü,"Kendisine büyü yapılmış (kimse) | Büyü gücü olan; afsunlu, efsunlu, füsunlu, sihirli, efsunkâr, füsunkâr, sihirkâr | Bir şeyin insan üzerinde bıraktığı, onu şiddetle hükmü altına alacak kadar kuvvetli, karşı konulamaz derecede etkileyici; sihirli, efsunkâr",,
büyürek,Biraz büyük,,
büyüsel,Büyü ile ilgili olan,,
büyüsüz,Büyüsü olmayan; sihirsiz,,
büyütken,Büyümeye yol açan,,
büzgülü,"Büzgüsü olan, büzülerek dikilmiş olan",,
büzgüsüz,Büzgüsü olmayan,,
büzüşük,"Büzülerek yüzey veya hacmi küçülmüş olan, büzüşmüş",,
bâtıni,"İçte olan, iç âlemde olan, sırla ilgili",Arapça bāṭinī,ba:tıni:
cadaloz,Karşısındakini ağız kalabalığı ile yıldıran (kimse),,
cafcaflı,"Karışık, gürültülü patırtılı, tehlikeli olan",,
cahil,"Öğrenim görmemiş, okumamış | Deneyimsiz, toy olan (delikanlı veya kız)",Arapça cāhil,ca:hil
caiz,"Din, yasa, töre vb. bakımdan işlenmesinde, yapılmasında sakınca olmayan, yapılıp işlenmesine izin verilen | Uygun, yerinde sayılan, yakışık alan",Arapça cāʾiz,ca:iz
cakacı,Gösteriş yapmayı seven,,
calip,Üzerine çeken,Arapça cālib,ca:lip
camadanlı,Camadan giymiş olan,,
camadansız,Camadanı olmayan | Camadanı olmadan,,
cambazvari,"Cambaz gibi, cambaza benzer",Farsça cānbāz + vārį,cambazva:ri
camekânlı,Camekânı olan (yer),,
camekânsız,Camekânı olmayan,,
cami,"Toplayan, bir araya getiren, bir arada bulunduran",Arapça cāmiʿ,ca:mi:
camit,Donmuş olan,Arapça cāmid,ca:mit
camlı,"Cam takılmış, cam geçirilmiş, camı olan",,
camsız,Camı olmayan,,
canavarca,"Canavar gibi | (canava'rca) Canavara uygun, vahşi bir biçimde; canavarcasına",,
canciğer,"Çok yakın, sıkı fıkı, pek içten (arkadaş)",,ca'nciğer
candan,Her türlü çıkar düşüncesinden uzak | Her türlü çıkar düşüncesinden uzak bir biçimde,,
canhıraş,"Yürek paralayan, iç tırmalayan, tüyler ürpertecek kadar korkunç",Farsça cānḫirāş,
canına düşkün,"Kendine iyi bakan, kendini koruyan (kimse)",,
canı burnunda,"Çok yorgun ve bezgin olan | Yorgunluk ve bezginlikten dolayı öfkeli, sinirli olan",,
canı cebinde,"Bitkin, hasta, çok zayıf, ölümle karşı karşıya olan (kimse) | Tehlikeden korkmayan, cesur olan | Para harcamayı sevmeyen cimri (kimse) | Ölüm tehlikesiyle karşı karşıya olarak",,
canı pek,"Acıya, sıkıntıya karşı dayanıklı (kimse)",,
canı sıkkın,Keyfi kaçmış (kimse) | Keyfi kaçmış bir biçimde,,
canı tatlı,Sıkıntıya ve acıya katlanmak istemeyen (kimse),,
canlıcı,Canlıcılık yanlısı olan [felsefe],,
canlı özdekçi,Canlı özdekçilik yanlısı olan; hilozoist [felsefe],,
cansız,"Canını yitirmiş, ölmüş olan | Canlı olmayan (varlık); camit | Güçsüz, mecalsiz bir biçimde | İlgi uyandırmayan, sönük olan",,
can feda,"Çok imrenilen iyi veya güzel şeyler, davranışlar karşısında söylenen bir söz; can kurban | Canını vermeye hazır (kimse)",,
capcanlı,Çok canlı | Canlı bir biçimde,,ca'pcanlı
carcar,"Geveze, yaygaracı olan",,ca'rcar
cari,"Geçerli olan, yürürlükteki | Akan, akmakta olan",Arapça cārī,ca:ri:
carlı,Car (II) giymiş olan,,
carsız,Car (II) giymemiş olan,,
cascavlak,"Saçsız (baş) | Bitki örtüsü olmayan | Çıplak, yalın bir biçimde",,ca'scavlak
cavalacoz,"Değersiz, önemsiz, derme çatma olan",,
cavlak,"Çıplak, tüysüz, saçsız olan | Parasız, işsiz güçsüz olan",,
caydırıcı,"Kararından, sözünden döndürücü (kimse veya şey)",,
caygın,"Vazgeçip işin ardını bırakan, kararlı olmayan, verdiği sözden cayan",,
cayırtılı,Cayırtısı olan,,
cazırtılı,Cazırtısı olan,,
cazırtısız,Cazırtısı olmayan,,
cazibeli,"İlgiyi, dikkati üzerinde toplayan",,
cazibesiz,Çekici olmayan,,
cazlı,Cazı olan,,
cazsız,Cazı olmayan | Caz olmadan,,
cebirsel,Cebirle ilgili,,
cebi delik,Tutumlu olmayan (kimse),,
cebrî,Zorla yapılan | Zor kullanılarak yaptırılan,Arapça cebrī,cebri:
cefakeş,"Cefa çeken, sıkıntıya katlanan; cefakâr",Arapça cefā + Farsça -keş,cefa:keş
cefakâr,"Eziyet eden, eziyet veren",Arapça cefā + Farsça -kār,cefa:kâr
cefalı,"Sıkıntı, eziyet çekilen | Sıkıntıya, eziyete katlanmış veya katlanan",,
cefasız,"Sıkıntı olmayan, eziyet etmeyen",,
cehennemî,"Cehennemle ilgili | Yakıcı, kavurucu (sıcak) | Üzücü, yakıcı, cehennem gibi, cehenneme layık",Arapça cehennemī,cehennemi:
ceketli,Ceketi olan,,
ceketsiz,Ceketi olmayan,,
celalli,Sert ve öfkeli (kimse) | Hırçın olan,,
celallice,"Celalli gibi, celalliye benzer",,
celi,"Açık, aşikâr olan | Parlak, cilalı olan",Arapça celī,celi:
celil,"Çok büyük, değeri ve mertebesi yüksek olan | Çok büyük, ulu (Tanrı) [din bilimi]",Arapça celīl,
cemaatli,Cemaati olan | Bir cemaate ait olan,,
cemaatsiz,Cemaati olmayan | Bir cemaate ait olmayan | Cemaat olmadan,,
cembiyeli,Cembiyesi olan,,
cembiyesiz,Cembiyesi olmayan,,
cemil,Güzel olan (erkek) | Tüm güzellikleri kendisinde toplayan (Tanrı) [din bilimi],Arapça cemīl,
cemiyetli,"Cemiyet içinde geçen, derli toplu, dağınık olmayan",,
cengâver,Savaşta kahramanlık gösteren,Farsça cengāver,cengâ:ver
ceninli,Cenin bulunan,,
cennetlik,Öldükten sonra yerinin cennet olacağına inanılan (kimse); cennetmekân,,
centilmen,"İyi arkadaşlık eden, saygılı, görgülü, kibar (erkek)",Fransızca gentleman,
centilmence,Centilmene yakışan | (centilme'nce) Centilmene yakışır bir biçimde,,
cenubi,"Güneyle ilgili, güneye özgü olan",Arapça cenūbī,cenu:bi:
Cenubi,"Güney'le ilgili, Güney'e özgü olan",Arapça cenūbî,cenu:bi:
cepheli,Cephesi olan,,
cerbezeli,"Güzel, inandırıcı ve etkileyici söz söyleyen | Başladığı işi ustalıkla, becerikli bir biçimde başaran",,
cesametli,"Kocaman, iri, büyük olan | ... büyüklükte olan",,
cesaretli,"Güç veya tehlikeli bir işe girişirken içinde güven duygusu olan; cesur, cüretli, cüretkâr",,
cesaretsiz,Güç veya tehlikeli bir işe girişirken içinde güven duygusu olmayan; cüretsiz | Çekingen olan,,
cesur,Cesaretli bir biçimde,Arapça cesūr,
cesurane,Cesura yakışan,Arapça cesūr + Farsça -āne,cesu:ra:ne
cesurca,"Cesura yakışan | (cesu'rca) Cesura yakışan bir biçimde, cesur gibi; cesurane",,
cevabi,Cevap niteliğinde olan,Arapça cevābī,ceva:bi:
cevaplı,İçinde cevap bulunan; yanıtlı,,
cevapsız,"Cevabı verilmemiş; yanıtsız | Cevabı verilmemiş, yanıtsız olarak",,
cevherli,Cevheri olan,,
cevhersiz,Cevheri olmayan,,
cevizimsi,"Cevizi andıran, cevize benzeyen, ceviz gibi",,
cevizli,"Cevizi olan, ceviz katılmış",,
cevizî,Cevizden yapılmış veya cevizi andıran,Arapça cevzī,cevi:zi:
cevval,Davranışları çabuk ve kesin olan,Arapça cevvāl,l ince okunur
cezai,"Ceza ile ilgili, cezaya ilişkin, cezaya dayanan",Arapça cezāʾī,ceza:i:
cezalı,Cezalandırılmış (kimse),,
cezasız,"Cezaya çarptırılmamış, cezalandırılmamış | Cezası olmayan | Cezaya çarptırılmadan, ceza ödemeden",,
cezbedici,Kendine çeken | Etkileyerek kendine bağlayan,,
cezbeli,Cezbesi olan,,
cezbesiz,Cezbesi olmayan | Cezbesi olmadan,,
cıbıl,"Yoksul, parasız, geçim darlığı çeken (kimse)",,
cıbıldak,Çıplak olarak,,
cılcıbık,Çıplak bir biçimde,,
cılız,"Gelişememiş, ufak kalmış (bitki, ağaç) | Parlaklığı az veya azalmış olan (ışık) | Basit ve değersiz olan (şey) | Belli belirsiz bir biçimde",,
cılk,Bozularak kokmuş (yumurta) | İrinlenmiş | Sözünün eri olmayan,,
cılkava,Kurdun veya tilkinin ense postundan yapılan (kürk),,
cırdavallı,"Cırdaval ile savaşan atlı, mızraklı asker",,
cırtcırtlı,Cırtcırtı olan,,
cırtcırtsız,Cırtcırtı olmayan,,
cırtlak,"Hoşa gitmeyen, keskin ve çiğ, tiz (ses) | Olgunluktan ezilebilecek duruma gelmiş (meyve, sebze) | Göz alıcı, parlak ve kuvvetli (renk); cırlak",,
cıvalı,Cıvası olan,,
cıvatalı,Cıvatası olan | Cıvata ile tutturulmuş olan,,
cıvık,Fazla suyla karıştığı için biçimini koruyamayacak kadar sulanmış; cılk | Soğuk ve can sıkıcı şakalar yapan (kimse),,
cıvıltılı,Cıvıltısı olan,,
cıvıltısız,Cıvıltısı olmayan,,
cıvıl cıvıl,"Canlı, neşeli olan | Hareketli, kalabalık olan | Kuşlar cıvıltı ile ötüşerek | Canlı, hareketli olarak | Kalabalık biçimde",,
cızırtılı,"Cızırdayan, cızırtısı olan; cızıltılı",,
cızırtısız,"Cızırdamayan, cızırtısı olmayan; cızıltısız | Cızırdamadan",,
cici,"Sevimli, cana yakın, hoş, güzel, hoşa giden",,
cicili bicili,Göze çarpan süslerle bezenmiş; şinanay,,
ciddi,"Şaka olmayan | Titizlik gösterilen, önem verilen; önemlice, becit | Tehlikeli ve endişe verici olan | Eğlendirme amacı gütmeyen | Gülmeyen | Güvenilir, sağlam, önemli olan | Önem vererek, gerçek olarak | Güvenilir bir biçimde | Gülmeden, surat asık biçimde | Tehlikeli hâlde, endişe verici durumda",Arapça ciddī,ciddi:
ciğerli,"İçerisinde ciğer bulunan | Cesur, yiğit olan (kimse)",,
ciğersiz,"İçerisinde ciğer bulunmayan | Korkak, yüreksiz olan (kimse)",,
cihangirane,Cihangire yakışır bir biçimde | Cihangire yakışan,Farsça cihāngīrāne,cihangira:ne
cihanşinas,"Dünyayı tanımış, her şeyi yerli yerinde bilen (kimse)",Farsça cihānşinās,ciha'nşinas
cilalı,"Cilası olan, cila sürülmüş, cila ile parlatılmış; mücella",,
cilasız,Cila sürülmemiş veya cilası kalmamış olan,,
cillop,Parlak ve pürüzsüz olan | Yeni olan,,
ciltli,Ciltlenmiş olan; kaplı,,
ciltsiz,Ciltlenmemiş olan,,
cilveli,"Cilvesi olan, cilve yapan; cilvekâr, cilvebaz, fettan, işveli, işvebaz, cilve kutusu, şivekâr",,
cilvesiz,Cilvesi olmayan; işvesiz,,
cimbakuka,Çelimsiz ve biçimsiz (kimse),,ci'mbakuka
cimri,"Elindeki parayı harcamaya kıyamayan; demirhindi, eli sıkı, ekti, hasis, kısmık, kibritçi, mıhsıçtı, nekes, pinti, varyemez",,
cinai,Konusu cinayet olan | Cinayetle ilgili,Arapça cināʾī,cina:i:
cinaslı,"Cinası olan, cinas sanatı bulunan; ündeşli [edebiyat]",,
cinci,"Cin çağırma, onlarla konuşma vb. iddialarla geçimini sağlayan (kimse)",,
cinli,"İçinde cinlerin olduğuna inanılan | Öfkeli, sinirli (kimse)",,
cinsel,"Cinsiyetle ilgili; cinsî, eşeysel, tensel, seksüel",,
cinsellik bilimsel,Cinsellik bilimi ile ilgili; seksolojik,,
cinsiyetçi,Cinsiyetçilik yanlısı olan (kimse),,
cins cins,Türlerine göre,,
cin fikirli,"Çok kurnaz, zekâsını insanları aldatmaya yönelik olarak kullanan",,
cismani,"Cisimle, bedenle ilgili | Dinî bir inanışla ilgili düşüncelere bağlı olmayarak yalnız maddi temellere dayanan, ruhani karşıtı",Arapça cismānī,cisma:ni:
civanmert,"Mert yaradılışlı, yüce gönüllü, yiğit olan (kimse)",Farsça cevānmerd,civa'nmert
civarlı,Belli bir civardan olan,,
civcivli,Civcivi olan | Gürültüsü patırtısı çok olan,,
coğrafi,Coğrafya ile ilgili,Arapça cuġrāfī,coğra:fi:
contalı,Contası olan,,
contasız,Contası olmayan,,
coşkulu,"Coşkusu olan; coşkun, hararetli",,
coşkun,"Coşmuş olan; celalli, vectli",,
coşkusal,Coşkuyla ilgili,,
coşkusuz,Coşkusu olmayan | Coşku olmadan,,
cömert,"Para ve malını esirgemeden veren; açık elli, ahi (I), eli açık, selek, alicenap, kerem, kerim, semih, bonkör | Verimli olan",Farsça cevān + merd,
cumasız,Cuma namazı kılmayan (kimse) | Cuma namazı kılınmayan (yer),,cuma:sız
cumbalı,Cumbası olan (yapı),,
cumbasız,Cumbası olmayan (yapı),,
cumbul cumbul,"""Cumbul"" diye ses çıkararak | Gerektiğinden çok fazla sulu (yemek)",,
cumhuriyetçi,Cumhuriyet yanlısı olan; cumhuriyetperver,,
curcunalı,"Gürültülü, patırtılı, şamatalı (yer, ses, hava)",,
curcunasız,"Gürültüsüz, şamatasız olan",,
cübbeli,Cübbe giymiş olan,,
cücüklü,Cücüğü olan,,
cüda,"Yurt, baba ocağı gibi çok sevilen şeylerden ayrılmış olan, uzak kalmış olan",Farsça cudā,cüda:
cümbüşlü,Gürültülü patırtılı olan,,
cümlelik,Cümleden oluşan,,
cünüp,Dinin buyurduğu biçimde henüz yıkanmadığı için temiz sayılmayan (kimse); cenabet [din bilimi],Arapça cunub,
cüretli,"Kendini bilmez biçimde davranan (kimse); cüretkâr | Düşüncesizce, saygısızca davranan (kimse); cüretkâr",,
cüretsiz,Cesaretsiz bir biçimde,,
cüsseli,"İri yapılı, iri gövdeli, iri yarı olan",,
cüssesiz,"İnce yapılı, ufak tefek, güçsüz olan",,
cüzi,Çok az,Arapça cuzʾī,cüzi:
cüzzamlı,Cüzzam hastalığına tutulmuş olan; alaten,,
çabasız,"Çaba göstermeyen, çabalamayan | Çaba göstermeden, çabalamadan; cehtsiz",,
çabuk,"Hızlı olan, yavaş karşıtı | Alışılandan veya gösterilenden daha kısa bir zamanda; tez (I), yavaş karşıtı | ""Acele et, oyalanma"" anlamlarında bir seslenme sözü",Farsça çābuk,
çaçaron,"Yüksek sesle, şirretçe ve karşısındakini bezdirip yıldıracak biçimde konuşan (kimse); yandan çarklı",İtalyanca chiacchierone,
çaçaronca,Çaçarona yakışır (davranış) | (çaçaro'nca) Çaçarona yakışır bir biçimde,,
çadırlı,Çadırı olan | Çadıra yerleşmiş olan,,
çağcıl,"Tekniğin, bilimin yeniliklerinden yararlanan; modern",,
çağdaş,"Aynı çağda yaşayan; çağcıl, gündeş, asri, muasır | Bulunulan çağın anlayışına, şartlarına uygun olan; çağcıl, uygarca, asri, modern",,
çağıltılı,Çağıltısı olan,,
çağrısız,Çağrılmamış veya çağrılmayan (kimse),,
çağrışımcı,Çağrışımcılık öğretisi taraftarı olan,,
çağrışımlı,Çağrışımı olan,,
çağrışımsal,Çağrışımla ilgili,,
çağrışımsız,Çağrışımı olmayan,,
çağ dışı,"Çağın gerektirdiği şartların gerisinde kalmış, çağdaş olmayan; köhne | 41 yaşından itibaren askerlik hizmetleri dışında bırakılan [askerlik]",,
çakarlı,Üzerinde çakar lamba bulunan (araç),,
çakarsız,Üzerinde çakar lamba bulunmayan (araç),,
çakılı,"Çivi, kazık vb. bir şeyle tutturulmuş | Çakılmış, bir şeye bağlı | Yeri değişmez, sabit",,
çakıllı,Çakılı olan,,
çakıl taşlı,Çakıl taşı bulunan,,
çakıntılı,Çakıntısı olan,,
çakıntısız,Çakıntısı olmayan,,
çakırımsı,Biraz çakır olan,,
çakırkeyif,Yarı sarhoş | Yarı sarhoş bir durumda,,çakı'rkeyif
çakır çukur,"Girintili çıkıntılı, pürüzlü olan | ""Çak çuk"" diye ses çıkararak",,
çakır gözlü,"Açık mavi, hareli ela gözleri olan (kimse)",,
çakır pençe,"Tuttuğunu koparan, giriştiği veya ele aldığı her işi başaran, becerikli (kimse)",,
çakısız,Çakısı olmayan,,
çakışık,Çakışmış olan [matematik],,
çakışmalı,Birbirine eşit olan (şekil) [geometri],,
çakşırlı,"Çakşır giymiş | Ayakları tüylü, paçalı (kuş)",,
çakşırsız,Çakşırı olmayan,,
çalak,"Eline ayağına çabuk, atik, çevik olan | Hızlı, tempolu olan | Eline ayağına çabuk, atik, çevik bir biçimde",Farsça çālāk,"ça:la:k, l ve k ince okunur"
çalçene,"Durup dinlenmeden konuşan, çenesi düşük (kimse); geveze",,ça'lçene
çalgılı,İçinde çalgı çalınan | Çalgı çalınarak yapılan,,
çalgılı çağanaklı,"Eğlenceli, şarkılı, çalgılı, gürültülü patırtılı, neşeli",,
çalgısız,Çalgısı olmayan,,
çalılı,Çalısı olan,,
çalımlık,Yoğurt veya maya çalmaya yetecek kadar olan,,
çalımsız,Çalımı olmayan; pozsuz,,
çalıntı,Çalınmış olan,,
çalısız,Çalısı olmayan,,
çalışkan,"Gayretli, çalışmayı seven; yüğrük, gayretkeş",,
çalıştırıcılı,Çalıştırıcısı olan; antrenörlü [spor],,
çalıştırıcısız,Çalıştırıcısı olmayan; antrenörsüz [spor],,
çalkantılı,"Çalkantısı olan | Düzensiz, karmakarışık",,
çalkantısız,Çalkantısı olmayan,,
çamaşır azgını,"Çok yıkanmaktan dolayı hırpalanmış, eskimiş, örselenmiş",,
çamurlu,"Çamur bulaşmış, üstünde veya içinde çamur bulunan",,
çamursuz,"Çamuru olmayan, üstünde çamur bulunmayan",,
çamur deryası,Her tarafı çamurla kaplı,,
çam yarması,"İri yarı, koca gövdeli (kimse); çam bölmesi",,
çanaksı,"Çanağı andıran, çanağa benzeyen, çanak gibi",,
çanak ağızlı,Büyük ağızlı | Sır saklamaz,,
çandır,"Karışık, melez | Aşılanmamış, yaban",,
çangallı,Çangalı olan,,
çanlı,Çanı olan,,
çansız,Çanı olmayan,,
çantada keklik,"Ele geçirilmesi, elde edilmesi kolay olan; torbada keklik",,
çantalı,Çantası olan,,
çantasız,Çantası olmayan | Çantası olmadan,,
çap,"Bozuk, eğri, dolaşık, aykırı | Bozuk, eğri, dolaşık, aykırı bir biçimde",,
çapaçul,"Düzensiz, özensiz, karışık olan",,
çapaçulcu,"Serseri, başıboş (kimse)",,
çapaklı,Çapağı olan,,
çapaksız,Çapağı olmayan,,
çapalı,Çapalanmış (yer) | Çapası olan,,
çapasız,Çapalanmamış (yer) | Çapası olmayan,,
çapkın,"Geçici aşklar ve ilişkiler peşinde koşan (kimse); gönül avcısı, hovarda | Cinsellik hatırlatan | Yaramaz, şakacı, haylaz | Okşayıcı bir seslenme sözü",,
çapkınca,Çapkına benzer bir biçimde | Çapkın bir biçimde olan,,çapkı'nca
çaplı,Çapı geniş olan | Bilgisi çok olan,,
çapraşık,"Anlaşılması, çözülmesi veya içinden çıkılması güç",,
çapsız,"Çapı geniş olmayan | Yetersiz, dar görüşlü",,
çardaklı,Çardağı olan,,
çardaksız,Çardağı olmayan,,
çaresiz,"Çaresi bulunmayan, onulmaz; umarsız, devasız | Çare bulamayan, zavallı (kimse); biçare | Çıkar yol bulamayan bir biçimde; umarsız",,
çarıklı,Ayağına çarık giymiş,,
çarıksız,Çarığı olmayan veya çarık giymemiş,,
çarkıt,"Eski, bozuk olan | Sakat olan",,
çarksız,Çarkı olmayan,,
çarliston marka,"Yeni icat, az bulunur, antika",,
çarpıcı,"Etkili, dikkat çeken; sansasyonel | Etkili bir biçimde",,
çarpık,"Düzgünlüğünü yitirerek eğrilmiş, doğru karşıtı | Gerektiği gibi olmayan, düzgün olmayan; çalık | Aksi, ters, huysuz bir biçimde",,
çarpıkça,Biraz çarpık,,
çarpık çurpuk,"Değersiz, basit",,
çarpıntılı,"Heyecanlı, telaşlı",,
çarpıntısız,Çarpıntısı olmayan,,
çarpmalı,Çarpma yapılabilen,,
çarpmasız,Çarpma yapılamayan,,
çarşaflı,Üzerinde çarşaf olan | Çarşaf giymiş olan (kimse),,
çarşaflık,Çarşaf yapmaya elverişli olan (kumaş),,
çarşafsız,Üzerinde çarşaf olmayan | Çarşaf giymemiş olan,,
çarşaf çarşaf,Olabildiğince uzun,,
çarşısız,Çarşısı olmayan,,
çatallı,Çatalı olan | Çatal durumunda olan | İki veya daha çok ihtimali olan,,
çatalsız,Çatalı olmayan,,
çatal yürekli,"Cesur, korkusuz; çatal yürek",,
çatık,Çatılmış olan; çatkın,,
çatık kaş,"Hoşnutsuzluğunu, kızgınlığını veya öfkesini belli eden asılmış surattaki çatılmış kaş",,
çatık kaşlı,Kaşları birbirine çok yakın ve çatık olan (kimse),,
çatılı,Çatısı olan (yapı) | Çatılmış olan | Başına çatkı bağlanmış olan,,
çatılık,Çatı yapımına gerekli olan,,
çatırtılı,Çatırtısı olan,,
çatırtısız,Çatırtısı olmayan,,
çatır çutur,"Belli belirsiz, anlaşılmayan | Kırılma sesi çıkararak",,
çatısız,"Çatısı olmayan, üstü açık (ev, kulübe)",,
çatışmasız,Çatışma olmayan | Çatışma olmadan,,
çatkılı,Çatkısı olan,,
çatkısız,Çatkısı olmayan,,
çat pat,"Az çok ve yalan yanlış biçimde; çatır patır, çatra patra",,
çavdarlı,Çavdar katılmış,,
çavdarsız,Çavdar katılmamış,,
çayırlı,Çayırı olan,,
çayırsız,Çayırı olmayan,,
çaylakça,Çaylağa yakışır | (çayla'kça) Çaylağa yakışır bir biçimde,,
çaylı,İçinde çay bulunan,,
çeğmel,Yay veya çengel biçiminde bükülmüş olan,,
çekbırak,"Düzeneği tekerlekleri üzerinde geriye doğru çekildiğinde ileri gidecek biçiminde hazırlanmış (araba, otobüs vb. oyuncak)",,çe'kbırak
çekçekli,"Çekerek taşıma özelliği olan (bavul, çanta vb.)",,
çekik,Yanlara doğru çekilerek gerilmiş gibi olan | İçeriye doğru kaçmış,,
çekikçe,"Çekiğe yakın, biraz çekik",,
çekik göz,Şakaklara doğru gerilmiş göz,,
çekik gözlü,Gözleri şakaklara doğru gerilmiş olan,,
çekimli,"Çekimi olan, alımlı olan; cazibeli | Çekim ekleri alabilen [dil bilgisi]",,
çekimser,"Oy vermekten, eğilim göstermekten veya bir şey yapmaktan kaçınan, kararsız, taraf olmayan (kimse); müstenkif",,
çekimsiz,Çekimi olmayan,,
çekinceli,Çekincesi olan,,
çekincesiz,Çekincesi olmayan,,
çekingen,"Her şeyden çekinen, tutuk (kimse); çekinik, ürkek, muhteriz",,
çekingence,"Çekingene yakışır | (çekinge'nce) Çekingene yakışır bir biçimde, ürkekçe",,
çekinik,Birkaç kuşak sonra ortaya çıkan ve o zamana kadar aradaki döllerde gizli kalan (soya çekim nitelikleri); resesif [biyoloji] | Çekingen bir biçimde,,
çekirdekli,"Çekirdeği olan, içinde çekirdeği bulunan",,
çekirdeksiz,"Çekirdeği olmayan, içinde çekirdeği bulunmayan",,
çekirdekten yetişme,"Herhangi bir işte, meslekte, küçük yaştan veya ilk kademeden başlayarak yetişmiş",,
çekişken,"Çekişmeyi seven, kavgacı (kimse)",,
çekişli,Çekme gücünü ön veya arka tekerleklerden alan (araç),,
çekişmeli,"Çekişmeye yol açan | Sert, çetin, zorlu bir biçimde",,
çekişmesiz,Çekişmeye yol açmayan,,
çekmeceli,Çekmecesi olan,,
çekmecesiz,Çekmecesi olmayan,,
çekmeli,Çekmesi olan | Çekmecesi olan,,
çelebice,"Çelebiye yakışır, çelebi gibi | (çelebi'ce) Çelebiye yakışır bir biçimde",,
çelikli,"Çeliği olan, çelik içeren | Çelikle kaplı",,
çeliksi,"Çeliğe benzeyen, çeliği andıran, çelik gibi",,
çeliksiz,Çeliği olmayan,,
çelimli,Güçlü olan,,
çelimsiz,Güçsüz olan,,
çelişkili,"Çelişme durumunda olan; çelişken, çelişmeli, çelişik, çatışık, mütenakız",,
çelişkisiz,Çelişme durumunda olmayan; çelişmesiz,,
çeltiksiz,İçinde çeltik bulunmayan,,
çemberimsi,"Çembere benzeyen, çemberi andıran, çember gibi; çembersi",,
çemberli,Çemberi olan | Çember geçirilmiş olan,,
çembersiz,Çemberi olmayan | Çember geçirilmemiş olan,,
çember sakallı,Çember sakalı olan (kimse),,
çemenli,Çemeni olan veya çemen sürülmüş olan,,
çemensiz,Çemeni olmayan,,
çemiş,"Sıska, zayıf (kimse) | Görgüsüz, kaba (kimse)",,
çemrek,Kolları ve bacakları sıvanmış (kimse),,
çenebaz,"Çok konuşan; çenesi kuvvetli, çeneli",Farsça çānebāz,
çenekli,Çeneği olan,,
çeneksiz,Çeneği olmayan veya çenekleri iyi görülemeyen,,
çeneli,Çenesi olan,,
çenesiz,Çenesi olmayan | Çok konuşan | Yerinde ve düzgün konuşmasını bilmeyen,,
çenetli,İki veya daha çok çenedi bulunan [biyoloji],,
çengelli,Çengeli olan veya ucu çengel biçiminde olan,,
çengelsi,"Çengeli andıran, çengel biçimli; çengelimsi",,
çentikli,"Üzerinde çentik bulunan; kertikli, tırtık tırtık",,
çentiksiz,Üzerinde çentik bulunmayan; kertiksiz,,
çepeçevre,"Bütün yanlarını kuşatan; çepçevre | Bütün yanlarını kuşatacak biçimde; çepçevre, fırdolayı | Etraflıca, detaylı biçimde",,çepe'çevre
çepelli,"İçinde sap, taş, toprak vb. yabancı madde bulunan",,
çepelsiz,"İçinde sap, taş, toprak vb. yabancı madde bulunmayan",,
çeperli,"Çeperi olan, çeperle çevrili bulunan",,
çepersiz,Çeperi olmayan,,
çerçeveli,Çerçeve geçirilmiş veya çerçeve içine alınmış olan,,
çerçevesiz,Çerçeve içinde olmayan,,
çerden çöpten,"Dayanıksız, çürük malzeme kullanılarak yapılmış | Çok narin",,
çervişli,Çervişi olan,,
çervişsiz,Çervişi olmayan,,
çeşitkenar,Kenarlarından hiçbiri ötekine eşit olmayan (çokgen) [matematik],,çeşi'tkenar
çeşitli,"Çeşidi çok olan; muhtelif, mütenevvi",,
çeşit çeşit,Çok değişik özellikleri olan nesneleri ve durumları bir arada bulunduran | Değişik değişik olan,,
çeşnili,Çeşni katılmış olan,,
çeşnisiz,Çeşnisi olmayan,,
çetin,"Amaçlanan duruma getirilmesi, elde edilmesi, çözümlenmesi, işlenmesi güç veya engeli çok olan; ağır, zorlu | Aşılması zor olan | Karakteri yumuşak olmayan, geçimsiz, dik başlı olan",,
çetince,(çeti'nce) Çetin bir biçimde,,
çetrefil,"Karışıklığı dolayısıyla, anlaşılması veya sonuca bağlanması güç | Yapı ve ses kurallarına aykırı kullanılan (dil) | Sarp, engelli ve engebeli (yer)",,
çetrefilce,Biraz çetrefil,,
çetrefilli,Karışık ve anlaşılması güç olan,,
çetrefilsiz,Basit ve anlaşılması kolay olan,,
çevik,"Kolaylık ve çabuklukla davranan; tetik (II), atik (I), atik tetik, kırnak",Farsça çābuk,
çevresel,Çevre ile ilgili,,
çevre bilimsel,"Çevre bilimleriyle ilgili, çevre bilimlerine dayanan",,
çevrik,"Çevrilmiş olan | Etrafı çevrilmiş, çevresi kuşatılmış olan | Geriye kıvrılmış olan (kol, yaka vb.)",,
çevrilgen,Serbestçe dövize çevrilebilen (para); konvertibl [ekonomi],,
çevrili,"Etrafı çevrilmiş, çevresi kuşatılmış olan | Bir tarafa çevrilmiş, döndürülmüş olan",,
çevrimli,"İşi iyi yöneten, becerikli, idareli olan",,
çevrimsel,Çevrimle ilgili veya çevrim biçiminde olan; devrî,,
çevrintili,Çevrintisi olan,,
çevrintisiz,Çevrintisi olmayan,,
çeyizli,Çeyizi olan,,
çeyizli çemenli,Çeyizi olan,,
çeyizsiz,Çeyizi olmayan | Çeyizi olmadan,,
çeyizsiz çemensiz,Çeyizi olmayan,,
çıfıt,Hile yapan,Arapça ceḥūd,
çığalı,Başında çığası bulunan | Üzerine çığa resmi işlenmiş (kilim),,
çıkarcı,"Yalnız kendi çıkarını düşünen, çıkarını kollayan (kimse); çıkarsever, menfaatçi, menfaat düşkünü, menfaatperest, menfaatperver, menfaattar",,
çıkıcı,"Çıkma işini yapan, çıkan | Çıkıntı biçiminde olan | Durak perdesinden, durak civarından veya durağın altındaki seslerden başlayan ve tiz perdelere doğru çıkıcılık gösteren (seyir) [müzik]",,
çıkıntılı,Çıkıntısı olan,,
çıkıntısız,Çıkıntısı olmayan,,
çıkır çıkır,Birbirine vurduğunda metalik ses çıkaran,,
çıkışlı,"Belli bir okulu, bölümü veya öğrenim kademesini bitirmiş olan; mezun",,
çıkkın,Dışa doğru çıkmış olan,,
çıkmalı,Çıkma durumunda olan,,
çıkrıklı,Çıkrığı olan,,
çıkrıksız,Çıkrığı olmayan,,
çıldırtıcı,Çıldırmaya yol açan,,
çılgın,"Aşırı davranışlarda bulunan | Çok büyük, aşırı, olağanüstü",,
çınarlı,Çınarı olan,,
çıngıllı,Çınlama sesi çıkaran | Çok süslü,,
çıngıllı çavuş,Çok süslenmiş ve üzerine aşırı takı takınmış (kadın),,
çıngıl çıtak,"Ne bulduysa takmış, takıp takıştırmış olan",,
çıngıraklı,"Çıngırak taşıyan, üzerinde çıngırak bulunan | Neşeli ve yüksek sesli (gülüş, kahkaha)",,
çınlak,"Çınlaması, yankısı çok olan (yer) | Çınlayan, çınlayıcı (ses)",,
çınlamalı,Çınlaması olan,,
çıralı,Çırası olan,,
çırasız,Çırası olmayan,,
çırılçıplak,"Tamamen çıplak; çırçıplak, dımdızlak, anadan doğma, anadan üryan | Bitki örtüsü bulunmayan | Tamamen çıplak olarak | Çok açık bir biçimde",,çırı'lçıplak
çırpıntılı,Ufak ve oynak dalgalı (deniz) | Çırpıntısı olan [tıp],,
çıtak,"Dağda yaşayan ve geçimini odun satarak sağlayan | Kaba, huysuz, kavgacı olan (kimse)",,
çıtır pıtır,Kolaylıkla ve tatlı tatlı (konuşmak),,
çıtı pıtı,Ufak tefek ve sevimli; çıtır pıtır,,
çıtkırıldım,"Aşırı incelik, dayanıksızlık ve çekingenlik gösteren (kimse)",,çı'tkırıldım
çıyan gözlü,Mavi gözlü,,
çiçeği burnunda,"Çok yeni | Çok taze, yeni koparılmış",,
çiçekli,Çiçeği veya çiçek resimleri olan,,
çiçeksever,Çiçeğe düşkün (kimse),,çiçe'ksever
çiçeksi,"Çiçeği andıran, çiçeğe benzeyen, çiçek gibi; çiçeğimsi",,
çiçeksiz,Çiçeği olmayan,,
çiçek bozuğu,Çiçek hastalığından yüzü delik deşik olmuş,,
çifteli,"Çiftesi bulunan | Çifte atan (at, eşek vb. hayvan) | Alnında çift sakar bulunan (hayvan) | Rahat durmayan, sürekli sataşarak rahatsız eden",,
çiftesiz,Çiftesi bulunmayan | Çifte atmayan,,
çifte standartlı,Çifte standardı olan,,
çifte standartsız,Çifte standardı olmayan,,
çift camlı,Aralarında boşluk bırakılarak takılmış iki camı bulunan (pencere),,
çift kişilik,İki kişi için | İki kişiye ait olan | İki kişinin kullanımına uygun,,
çiğ,"Pişmemiş veya az pişmiş | Gözü rahatsız eden, göze batan (renk, ışık) | Yersiz ve yakışıksız | Yaşının gerektirdiği görgüye ve olgunluğa erişmiş olmayan (kimse) | İşlenmemiş, doğal durumda bırakılmış",,
çiğitli,Çiğit karışmış olan,,
çiğitsiz,Çiğidi olmayan,,
çiğnemlik,"Ağızda çiğnenecek miktarda olan; çiğnek (II), çiğnem",,
çikolatalı,Çikolatası olan,,
çikolatasız,Çikolatası olmayan,,
çil,Yeni ve parlak (para veya altın),,
çileci,"Çile (I) çeken, sıkıntı sahibi",,
çilekeş,Hayatı boyunca birçok sıkıntı ve üzüntü çekmiş (kimse),Farsça çillekeş,
çilekli,"İçinde çilek bulunan (pasta, dondurma vb.)",,
çileksi,"Çileği andıran, çileğe benzeyen, çilek gibi; çileğimsi",,
çileli,"Çilesi olan, çok sıkıntı çekmiş olan",,
çileli,"Çilesi bulunan, çilesi olan",,
çilesiz,"Çilesi olmayan, sıkıntısı olmayan",,
çilesiz,"Çilesi bulunmayan, çilesi olmayan",,
çilli,Çili olan,,
çilsiz,Çili olmayan,,
çil çil,"Pırıl pırıl, parlak olan",,
çimenli,Çimeni olan,,
çimensiz,Çimeni olmayan,,
çimentolu,Çimentosu olan,,
çimentosuz,Çimentosu olmayan,,
çinili,"Çinisi olan, çinilerle bezenmiş olan",,
çinisiz,Çinisi olmayan,,
çinkolu,İçinde çinko bulunduran | Çinkodan yapılmış olan,,
çinkomsu,"Çinkoyu andıran, çinkoya benzeyen, çinko gibi",,
çipil,Ağrılı ve kirpikleri dökülmüş (göz),,
çipli,"Çipi olan, çip takılmış olan",,
çipsiz,"Çipi olmayan, çip takılmamış olan",,
çirişli,"Çiriş sürülmüş | İnceliği kola ile örtülmüş (bez, kumaş)",,
çirişsiz,Çiriş sürülmemiş olan | İçerisine çiriş katılmamış olan,,
çirkefçe,Çirkefe yakışır | (çirke'fçe) Çirkefe yakışır bir biçimde,,
çirkefli,"Çirkef bulunan, içinden çirkef akan | İğrenç ve pis durumda bulunan",,
çirkin,"Göze veya kulağa hoş gelmeyen; bet (III), bed, güzel karşıtı | Hoş olmayan, yakışık almayan (davranış veya söz) | Karanlık, dalavereli, şüpheli olan",Farsça çirkīn,
çirkince,Çirkine yakın | (çirki'nce) Çirkin bir biçimde,,
çisentili,"Çisentisi olan, çisenti hâlinde yağan",,
çitili,Çitilenmiş olan,,
çivisiz,Çivisi olmayan veya çivilenmemiş olan; mıhsız,,
çivitli,İçinde çivit bulunan | Çivitli sudan geçirilmiş olan (çamaşır),,
çivitsiz,İçinde çivit bulunmayan | Çivitli sudan geçirilmemiş olan (çamaşır),,
çizgili,Üzerinde çizgi bulunan; tahrirli,,
çizgisel,Çizgi ile gösterilmiş,,
çizgisiz,Üzerinde çizgi olmayan,,
çizikli,Çizikleri olan,,
çiziksiz,Çiziği olmayan,,
çizili,Çizilmiş olan,,
çizintili,Çizinti içeren,,
çizintisiz,Çizinti yapılmamış,,
çizmeli,Çizmesi olan,,
çobansız,Çobanı olmayan,,
çocukça,"Çocuğa yakışan, çocuk gibi | (çocu'kça) Çocuğa yakışır bir biçimde",,
çocuklu,Çocuğu olan,,
çocuksu,"Çocuk gibi, çocukça olan, çocuğa benzeyen | Çocuğa benzer bir biçimde",,
çocuksuz,Çocuğu olmayan,,
çocuk ruhlu,"Çocuklara benzeyen bir iç dünyası olan, çocuksu davranışları olan (kimse)",,
çoğulcu,Çoğulculukla ilgili olan (kimse veya görüş); plüralist [toplum bilimi] | Çoğulculuk yanlısı olan; plüralist,,
çok,"Sayı, nicelik, değer, güç, derece vb. bakımından büyük ve aşırı olan; hayli, az karşıtı | Aşırı bir biçimde; fena (I)",,
çokbilmiş,"Her şeye aklı eren, zeki, akıllı | Her şeye aklı eren, zeki, akıllı bir biçimde",,ço'kbilmiş
çokçu,Çokçuluk öğretisini benimseyen; plüralist [felsefe],,
çoklu,İçinde birden çok işlev barındıran,,
çoktan seçmeli,Doğru cevabın aralarından bulunması için birden fazla cevap seçeneği bulunan,,
çok anlamlı,"Temel anlamı yanında, başka anlamları da karşılayan (kelime) [dil bilgisi]",,
çok başlı,Birden fazla başı olan | Otoritenin zayıflamasına ve kargaşaya yol açan birden fazla karar vericisi olan,,
çok çok,"Çok aşırı | En çok, olsa olsa | Çok olan, aşırı bulunan | Çok sık olarak",,
çok düzlemli,"Birden fazla yüzeyi, yönü olan | Birkaç düzlemin birbirini kesmesiyle oluşmuş (açı) [matematik]",,
çok eşli,Aynı zamanda birçok kadınla evli olan (erkek) veya birçok erkekle evli olan (kadın); poligam [toplum bilimi],,
çok fazlı,"Birden çok fazı bulunan (akım, sistem) [fizik]",,
çok hücreli,Yapısında birden çok hücre bulunan (hayvan veya bitki); çok gözeli [hayvan bilimi],,
çok karılı,Birden çok karısı olan,,
çok katlı,Kat sayısı fazla olan bina vb.,,
çok ortaklı,Birçok ortaktan oluşan (şirket); anonim,,
çok partili,Birden fazla partinin katılımı ile yaşanan (siyasi hayat),,
çok sesli,"Çok seslilikle ilgili; polifonik [müzik] | Birçok değişik sesin bir araya gelmesiyle yapılan (müzik); polifonik [müzik] | Değişik düşüncelerin özgürce dile getirildiği (ortam, toplum)",,
çok sözlü,"Tatlı dilli, konuşkan olan",,
çok tanrıcı,"Çok tanrıcılık yanlısı (kimse); pagan, payen, politeist [toplum bilimi]",,
çok tanrılı,Birden fazla tanrıya inanan,,
çok uluslu,İki veya daha çok ulusla ilgili olan (sanayi veya ticaret); çok milletli | Çeşitli ulusların katılımıyla oluşturulan (ortaklık); çok milletli,,
çok yanlı,Farklı görüş açılarını içeren,,
çok yönlü,"İkiden çok yönü olan; çok taraflı, polifonik | Birçok konuda bilgi ve çalışması olan | Etraflı biçimde, farklı yönleriyle",,
çok yüzlü,"Birden fazla özelliği, yönü olan | Bütün yüzleri birer çokgen olan şekil [matematik] | Birden çok kişilik özelliği gösteren",,
çolak,Eli veya kolu sakat olan (kimse),,
çolpa,"Ayağı sakat olan | Beceriksiz olan, eli işe yakışmayan",Farsça çulāh + pā,
çoluklu çocuklu,Çoluk çocuğu olan,,
çoluksuz çomaksız,"Ailesi, çoluğu çocuğu olmayan",,
çomaklı,Elinde veya üstünde çomak bulunan,,
çomaksız,Elinde veya üstünde çomak bulunmayan,,
çopur,"Yüzü çiçek hastalığından kalma küçük yara izleri taşıyan, aşırı çiçek bozuğu olan (kimse); işkembe suratlı",,
çorbalık,Çorba pişirmeye yarar | Çorba konmak için yapılan özel kap | Bir öğünlük çorba pişirecek kadar,,
çökelekli,"İçinde çökelek bulunan, çökeleği olan",,
çökkün,"Çökmüş olan | Vücut, akıl ve ruhça gücü azalmış olan",,
çökük,"Çökmüş, çukurlaşmış, içeri çekilmiş olan",,
çöllük,Çölü çok olan,,
çöpatlamaz,"Gözünden hiçbir şey kaçmayacak kadar titiz ve dikkatli olan, aldatılamaz",,çö'patlamaz
çöplü,"Sapı olan (üzüm vb.) | Çöple, süprüntüyle karışmış",,
çöpsüz,Çöpü olmayan,,
çöreklik,"Çörek yapmaya elverişli olan, çörek için ayrılmış olan",,
çözgün,"Çözülmüş, dağılmış | Erimeye başlamış, yumuşamış (kar, buz)",,
çözük,Çözülmüş olan,,
çözümlemeli,"Çözümlemeye dayanan, çözümle ilgili; çözümsel, tahlilî, analitik",,
çözümsüz,"Çözümü olmayan, çözülemeyen",,
çubuklu,Çubuğu olan | Uzunlamasına çizgili (kumaş),,
çubuksuz,Çubuğu olmayan,,
çuhalı,Çuhası olan,,
çuhasız,Çuhası olmayan,,
çukurca,"Biraz çukur, az çukur",,
çukurlu,Çukuru olan,,
çulsuz,Çulu olmayan,,
çulsuz çuvalsız,"Züğürt, işi ve parası olmayan",,
çuvallı,Çuvallanmış veya çuvalı olan,,
çuvalsız,Çuvallanmamış veya çuvalı olmayan,,
çünkülü,"Herhangi bir açıklamaya gerek duyan | ""Çünkü"" sözünü kullanan | Herhangi bir açıklamaya gerek duyarak | ""Çünkü"" sözünü kullanarak",,
çünküsüz,Herhangi bir açıklamaya gerek duymayan | “Çünkü” sözünü kullanmayan | Herhangi bir açıklamaya gerek duymadan | “Çünkü” sözünü kullanmadan,,
çürükçül,Doğal olarak hayvan ve bitki kalıntılarının üzerinde yaşayan ve onların çürümesine yol açan (bitki ve organizmalar); saprofit [biyoloji],,
çürüklü,Çürüğü olan,,
çürüksüz,Çürüğü olmayan,,
çürük çarık,"Sağlam olmayan, işe yaramaz",,
dadılı,Dadısı olan,,
dağarcığı yüklü,Bilgisi çok olan,,
dağcıl,Dağ şartlarına ve iklimine göre yetiştirilen (bitki) [bitki bilimi],,
dağınık,"Geniş bir alana yayılmış olan | Bir arada olmayan, birbiriyle bağlantısız | Düzeni bozuk, düzensiz, karışık olan; alaz taraz | Hoş görünmeyen, uyumsuz olan | Düşüncelerini toparlayamayan",,
dağınıkça,"Biraz dağılmış, dağınık gibi",,
dağıtık,"Kendinden geçmiş, sarhoş olan",,
dağlı,"Dağlık bölge halkından olan | Dağa ait | Kaba saba, görgüsüz",,
dağlı,Dağlanmış olan,,
dağlık,"Birçok dağın bulunduğu, dağlarla kaplı (bölge)",,
daim,"Sürekli, sonsuz olan",Arapça dāʾim,da:im
daireli,Dairesi olan,,
dairesel,Daire ile ilgili | Daire biçiminde olan; dairevi,,
dairesiz,Dairesi olmayan,,
dakik,"Düzenli işleyen, aksamayan | Zamanı kullanmada çok dikkatli olan, her şeyi zamanında yapmaya özen gösteren | Randevusuna zamanında gelen",Arapça daḳīḳ,
dakikalık,Belli bir dakika süresince yapılan veya olan,,
dal,"Çıplak, yalın olan",,
dalfidan boylu,"Boyu ince, uzun ve yeni dal gibi olan",,
dalgacı,İşine gereken önem ve dikkati göstermeyen (kimse) | Alay eden (kimse),,
dalgalı,Dalgası olan | Dalga dalga görünen | Kıvrım kıvrım olan (saç) | Belli dalga boylarını alabilen; alternatif [fizik],,
dalgasız,Dalgası olmayan,,
dalga dalga,"Kıvrım kıvrım olan (saç) | Dalgalar hâlinde olan | Arka arkaya, yığın hâlinde | Düzgün olmayan, alçaklı yüksekli bir biçimde",,
dalgın,Çevresinde olup bitenleri fark edemeyecek kadar düşünceye dalan | Dikkatini belirli bir konu üstünde toplayamayan | Kendinden geçmiş bir durumda,,
dalıcı,Dalma özelliği olan [hayvan bilimi],,
dalkavukça,"Dalkavuk gibi; yaltakça, huluskârane | (dalkavu'kça) Dalkavuğa yakışır bir biçimde; yaltakça",,
dallı,Dalları olan | Üzerinde dal ve çiçek deseni bulunan (kumaş),,
dallı budaklı,Karışık bir duruma girmiş olan,,
dallı güllü,"Çok renkli, canlı olan",,
dalsı,"Dalı andıran, dala benzeyen, dal gibi | Görevi, biçimi ve durumu yaprağa benzeyen yassı (dal)",,
dalsız,Dalı olmayan,,
daltaban,Yalın ayak olan (kimse),,da'ltaban
dalyarak,"“Budalalığı yüzünden her zaman densizlik, küstahlık eden (kimse)” anlamında kullanılan bir hakaret sözü",,da'lyarak
damaklı,Damağı olan,,
damaksı,Boğumlanma noktası damakta bulunan (ses) [dil bilgisi],,
damaksıl,Damakla ilgili [dil bilgisi],,
damalı,Üstünde dama tahtasındaki gibi kareler bulunan,,
damardaraltan,"Damarların kas tabakasını büzerek kanın dolaşımını çabuklaştıran veya düzenleyen (sinir, madde) [fizyoloji]",,dama'rdaraltan
damargenişleten,"Damarların kas tabakasını gevşeterek çapını büyüten (sinir, madde) [fizyoloji]",,dama'rgenişleten
damarı bozuk,"Huysuz, sinirli, aksi, geçimsiz (kimse); damarsız",,
damarlı,"Damarı olan | Damarı belirginleşmiş, kabarmış olan",,
damarsız,Damarı olmayan,,
damar damar,Çok damarlı,,
damdazlak,Saçı olmayan (kimse),,da'mdazlak
damgalı,"Damgası olan, damgalanmış olan | Kendisine yüz kızartıcı bir suç yüklenmiş olan",,
damgasız,"Damgalanmamış, damgası olmayan",,
damıtık,"Damıtma yoluyla, damıtılarak elde edilmiş olan; mukattar [kimya]",,
damlalıklı,Damlalığı bulunan (şişe vb.),,
damlı,Damı olan,,
damperli,Damperi olan,,
dampersiz,Damperi olmayan,,
damsız,Damı olmayan,,
dandik,"Düşük nitelikli (uyuşturucu madde vb.) | Düzmece, kötü nitelikli olan",,
dandini,"(da'ndini) Düzensiz, karışık, darmadağınık olan | Bebekleri uyuturken, oyalarken söylenen tekerlemelerde geçen bir söz",,
dangalakça,Dangalağa yakışır | (dangala'kça) Dangalağa yakışır bir biçimde,,
dangıl dungul,"Kaba saba, yersiz ve lüzumsuz bir biçimde | Gelişigüzel olarak | Kaba saba biçimde olan",,
danışıklı,Gerçekte olmadığı hâlde bir anlaşma sonunda öyle gösterilen; muvazaalı,,
daniska,"Çok iyi, en iyi, en güzel, en seçkin",(Danzig yer adından),dani'ska
danslı,Dans edilen,,
danssız,Dans edilmeyen,,
dantelli,Danteli olan; tenteneli,,
dantelsiz,Danteli olmayan; tentenesiz,,
dapdar,Çok dar,,da'pdar
dapdaracık,Çok dar,,da'pdaracık
dar,"İçine alacağı şeye oranla ölçüleri yetersiz olan; sıkı, geniş ve bol karşıtı | Genişliği az veya yetersiz olan; daraç, ensiz, mikro | Az, sınırlı olan; ölçülü | Sıkıntılı olan | Yetersiz olan",,
daracık,Çok dar,,
darasız,Darası alınmamış | Darası alınmadan,,
daraş,"Dar, kasvetli olan (yer)",,
darca,"Biraz dar, pek geniş olmayan",,
dargın,"Darılmış olan (kimse) | Soğuk, ilgisiz olan (kimse)",,
darılgan,Çabuk alınıp darılan (kimse),,
darmadağın,"Çok dağınık ve karışık; darmadağınık, tarumar",,da'rmadağın
Darvinci,Darvincilik görüşünü benimseyen [biyoloji],,
dar gelirli,"Geliri normal bir geçim sağlamaya yetişmeyen, geçim sıkıntısı çeken (kimse)",,
dar görüşlü,"Yeni ve değişik görüşleri benimsemeyen, anlayış göstermeyen (kimse); kısa görüşlü",,
dar kafalı,"Kavrayışı az, anlayışı kıt, yenilikleri benimseyecek yetenekten yoksun (kimse)",,
dasdaracık,Çok dar,,da'sdaracık
davalı,"Dava edilen (kimse); mahkemeli, müddeaaleyh, müddeialeyh [hukuk] | Davası olan (kimse) | Dava konusu olan",,
davalık,Davayı gerektiren | Dava konusu olan,,
davetkâr,"Çekici, cazibeli (bakış, davranış vb.)",Arapça daʿvet + Farsça -kār,da:vetkâr
davetsiz,"Çağrılmayan | Çağrılmaksızın, çağrılmadan",,
davranışsal,Davranışla ilgili,,
davudi,"Kalın, tok ve gür (ses)",Arapça dāvudī,da:vu:di:
dayaklı,Dayak atılan | Dayak (II) ile desteklenmiş olan,,
dayaklık,Dayağı hak eden (kimse),,
dayaksız,Dayağı olmayan,,
dayak arsızı,"Dayaktan korkmaz olmuş, dayak yemeye alışmış (kimse); tokat arsızı",,
dayak düşkünü,"Dayağa layık olan, dövülmeyi hak eden (kimse)",,
dayak kaçkını,"Dayak yemeye alışmış, dayaktan korkmayan (kimse)",,
dayalı,"Dayanmış olan | Dayanan | Dayanarak, dayanmış bir biçimde",,
dayalı döşeli,Döşemesi ve eşyası eksiksiz,,
dayamsız döşemsiz,Yaşamak için gerekli olan nesneler olmayan (yer),,
dayanaklı,Dayanağı olan,,
dayanaksız,Dayanağı olmayan,,
dayanıklı,"Dayanabilen; pek canlı, metîn, mukavemetli, mukavim, stabil | Acılar karşısında dayanma gücünü yitirmeyen; metanetli mütehammil",,
dayanıksız,"Dayanmayan, sağlam olmayan; ömürsüz, metanetsiz, mukavemetsiz",,
dayanılmaz,"Karşı konulamaz veya karşı çıkılamaz (kimse veya şey); tahammülfersa | Tahammül edilemez, katlanılamaz",,
dayanışık,"Üyeleri arasında dayanışma bulunan (millet, topluluk, sınıf vb.); mütesanit",,
dayanışmacı,Dayanışmacılıktan yana olan; solidarist,,
dayanışmalı,Aralarında dayanışma bulunan,,
dayatmacı,"İstediğini yaptırmada baskı uygulayan, direten",,
daz,Çıplak olan (toprak),,
dazlak,"Başında saçı olmayan (kimse, baş); daz",,
debil,Bedensel ve zihinsel bakımdan güçsüz [tıp],Fransızca débile,
deccal,"Yalancı, fesat, dedikoducu (kimse)",Arapça deccāl,
dededen kalma,"Dedenin miras olarak bıraktığı (mal, mülk, eşya)",,
dediği dedik,"Her istediğini yaptıran, söylediği sözden dönmeyen (kimse)",,
dedikoducu,"Çok dedikodu yapan; kovcu, gıybetçi, dillek, lakırtıcı",,
dedikodulu,Dedikodusu olan,,
dedikodusuz,Dedikodusu olmayan,,
defakto,Uygulamada olan,Latince,
defolu,"Defosu olan, bozuk, kusurlu, ayıplı olan (kumaş, giysi, mal vb.); özürlü | Olması gerekenin dışında olan (düşünce, davranış vb.) | Kusuru, ayıbı olan (kimse)",,
deforme,Biçimsizleşmiş,Fransızca déformé,
defosuz,Defosu olmayan,,
degaje,Hafif açık olan,Fransızca dégage,
değerbilir,"Değeri olan şeyleri, kimseleri koruyan veya sayan (kimse); kadirbilir, kadirşinas, nimetşinas",,değe'rbilir
değerbilmez,"Değeri olan şeyleri, kimseleri korumayan veya saymayan, iyilikbilmez (kimse); kadirbilmez",,değe'rbilmez
değerli,"Değeri olan veya değeri yüksek olan; ağır, kıymetli, kıymettar, muteber, zikıymet",,
değersiz,"Değeri olmayan veya değeri çok az olan; derme çatma, kıymetsiz",,
değirmenlik,Değirmende öğütülmek için ayrılmış (tahıl) | Bir değirmen taşını işletecek güçte (akarsu),,
değişici,Biçimden biçime giren,,
değişimli,Değişme özelliği gösteren,,
değişimsiz,Değişme özelliği göstermeyen,,
değişinimci,Değişinimcilik yanlısı; mutasyonist [biyoloji],,
değişkin,Değişikliğe uğramış; muaddel,,
değişmez,"Aynen kalan, değişikliğe uğramayan",,
dehhaş,"Aşırı korku verici, dehşet saçıcı",Arapça dehhāş,dehha:ş
dehşetli,"Korku veya ürküntü veren | Çok fazla, son derece",,
deist,Deizm yanlısı [din bilimi],Fransızca déiste,
dejenere,Bozunmuş [kimya],Fransızca dégénéré,
dekalitrelik,Belli bir dekalitre hacminde olan,,
dekametrelik,Belli bir dekametre uzunluğunda olan,,
Dekartçı,Dekart felsefesini benimseyen [felsefe] | Dekart'ın öğretisini benimseyen; Kartezyen,,de'kartçı
deklare,Gümrüklerde vergi konusu olacak eşya vb.ni resmî makama bildirme | Herhangi bir konudaki görüşünü ilgililere ilan etme,Fransızca déclaré,l ince okunur
dekoratif,"Dekor olarak kullanılan, süslemeye yarayan; süsleyici",Fransızca décoratif,
dekore,"""Bir yere süsleme amacıyla düzen vermek"" anlamındaki dekore etmek birleşik fiilinde geçen bir söz",Fransızca décoré,
deli,"Aklını yitirmiş olan, akli dengesi bozulmuş olan | Coşkun, azgın (hayvan, duygu vb.) | Davranışları aşırı ve taşkın olan (kimse); çatlak",,
delicoş,"Hareketlerinde ve sözlerinde ölçülü olmayan, kabına sığmayan, çok coşkulu | Hızlı, birdenbire ve sert bir biçimde hareket eden",,de’licoş
delikanlıca,Delikanlıya yakışır | (delikanlı'ca) Delikanlıya yakışır bir biçimde,,
deliksiz,Deliği olmayan,,
delik deşik,Her yanı deliklerle dolu,,
delilli,Delili olan,,
delilsiz,Delili olmayan,,
delişmen,Sözleri ve davranışları ölçüsüz olan | Davranışları daha çok keyif ve isteğine bağlı olan,,
delişmence,Delişmene yakışır biçimde | Delişmene yakışan,,delişme'nce
deli alacası,Birbirini tutmayan parlak renklerden oluşan,,
deli balta,"Acımasız, gaddar, zalim olan (kimse)",,
deli bozuk,"Günü gününe, sözü sözüne uymayan, dengesiz (kimse)",,
deli divane,"Çılgın, aşırı deli (kimse)",,
deli dolu,"İlerisini gerisini düşünmeden davranan, rastgele konuşan, patavatsız (kimse); uçuk (I), uçuk kaçık | Çok hareketli, aktif, enerjik olan | İlerisini gerisini düşünmeden, rastgele, patavatsız bir biçimde",,
deli fişek,Delişmen ve atak (kimse),,
demagojik,Laf cambazlığı ile ilgili,Fransızca démagogique,
demarke,"Sıyrılmış, boşta kalmış [spor]",Fransızca demarké,
demetli,Demet biçiminde olan,,
demevi,"Öfkeli, sinirli olan",Arapça demevī,demevi:
deminki,"Biraz önce adı geçen, biraz önce olan, biraz önce yapılan",,de'minki
demirli,İçinde metal veya karışım durumunda demir bulunan | Demir parmaklık veya demir bir parça takılmış olan | Bağlanıp kalmış | Demir atmış (gemi) [denizcilik] | Demir atmış bir biçimde,,
demirsi,"Demiri andıran, demire benzeyen, demir gibi; demirimsi",,
demirsiz,"Demiri bulunmayan, içinde demir olmayan",,
demir bilek,Güçlü kuvvetli (kimse),,
demkeş,"Dem çeken, güzel ses çıkaran (güvercin)",Farsça demkeş,
demli,"Çok demlenmiş, koyu (çay)",,
demode,Modası geçmiş olan,Fransızca démodé,
demokrat,Demokrasi yanlısı,Fransızca démocrate,
demokratik,Demokrasiye uygun,Fransızca démocratique,
demoralize,Morali bozulmuş,Fransızca démoralisé,
denetimli,Denetlenmiş olan,,
denetimsiz,Denetlenmiş olmayan,,
deneyci,"Deneycilik yanlısı olan; görgücü, ampirist [felsefe]",,
deneyimli,"Deneyim kazanmış olan; dünya görmüş, tecrübeli, anaç",,
deneyimsiz,Deneyimi olmayan; tecrübesiz,,
deneyli,Deneye başvurulan | Deneye başvurularak,,
deneysel,"Deneye başvurularak yapılan, deneyle olan, deneyle ilgili; tecrübi, ampirik",,
deneyselci,Deneyselcilik öğretisini benimseyen; eksperimantalist [felsefe],,
deneysiz,Deneye başvurulmayan | Deneye başvurulmadan,,
deneyüstücü,Deneyüstücülük yanlısı; transandantalist [felsefe],,
dengeci,Denge ögesini ön planda tutan,,
dengeli,"Dengesi olan; kararlı, muvazeneli, stabil | Kurallara uygun, sıkıntı yaratmayan | Tutum ve davranışlarında uyum olan (kimse); stabil",,
dengesiz,"Dengesi olmayan; kararsız, muvazenesiz | Tutum ve davranışlarında uyum olmayan (kimse)",,
deni,"Alçak, kötü, kişiliksiz (kimse)",Arapça denī,deni:
denizaşırı,Denizlerin ötesinde bulunan | Deniz ötesine yapılan,,deni'zaşırı
deniz altı,Deniz altında bulunan | Deniz altında yapılan | Dalgalara karşı açık,,
denktaş,"Denk, eşit olan",,
denli,"Ağırbaşlı, sözleri ve davranışları ölçülü olan (kimse)",,
densiz,Yakışıksız ve saygısızca davranan (kimse),,
densizce,Densize yaraşır | (densi'zce) Densize yaraşır bir biçimde,,
denyo,"Günü gününe, sözü sözüne uymayan, dengesiz (kimse)",Çingenece denilo'dan,
depderin,Çok derin,,de'pderin
deplase,"""Yerini değiştirmek"" anlamındaki deplase etmek, ""yeri değişmek."" anlamındaki deplase olmak birleşik fiillerinde geçen bir söz",Fransızca deplasé,l ince okunur
depozitolu,Depozitosu olan,,
depozitosuz,Depozitosu olmayan,,
depremsiz,Deprem görülmeyen (bölge),,
depresif,Ruhsal çöküntü içinde bulunan [ruh bilimi],Fransızca dépressif,
derbeder,Yaşayışı ve davranışı düzensiz (kimse),Farsça derbeder,
dereceli,"Derecesi olan | Derecelere ayrılmış, kademeli olan",,
derecesiz,Derecesi olmayan | Çok fazla,,
derece derece,"Farklı düzeylerde olan | Kademeli olarak, dereceli biçimde; kademe kademe, tedricen",,
derili,Derisi olan | Deri ile kaplanmış olan,,
derimsi,"Deriye benzeyen, deriyi andıran",,
derince,Biraz derin,,
derinlikli,Derinliği olan,,
derinliksiz,Derinliği olmayan,,
derin bakışlı,Derin bakışı olan,,
derin derin,Uzun bir biçimde | Anlamlı olan,,
derişik,"Derişmiş olan; mütemerkiz, mütekâsif, konsantre, seyreltik karşıtı [kimya]",,
deri altı,Derinin altında bulunan [anatomi],,
derli toplu,"Dağınık olmayan, düzen verilmiş | Düzenli bir biçimde",,
dermatolojik,Dermatoloji ile ilgili [tıp],Fransızca dermatologique,l ince okunur
dermeyan,"Ortada, ortaya konmuş",Farsça dermiyān,
derme çatma,"Gelişigüzel toplanmış, aralarında uygunluk bulunmayan | Değersiz gereçlerle özensiz olarak yapılmış",,
derneşik,"Derli toplu, düzenli olan",,
dersiz topsuz,"Düzensiz, karmakarışık olan | Düzensiz, karmakarışık bir biçimde",,
derslikli,Dersliği olan,,
ders dışı,Ders saati ve konusu dışında olan,,
ders içi,Ders saati ve konusu içinde olan,,
dertli,Derdi olan; yaralı,,
dertop,"Büzülmüş, toplanmış olan | Büzülmüş, toplanmış, bir araya getirilmiş biçimde",,
dertsiz,Derdi olmayan,,
dert sahibi,"Üzüntüsü, sorunu olan | Hasta olan, bir hastalığı bulunan",,
deruni,İçle ilgili,Farsça derūn + Arapça -ī,deru:ni:
deryadil,"Her şeyi hoş gören, çok sabırlı",Farsça deryā + dil,derya:dil
desenli,Üzerinde desen bulunan,,
desensiz,Üzerinde desen bulunmayan,,
desilitrelik,Belli bir desilitre hacminde olan,,
desimetrelik,Belli bir desimetre uzunluğunda olan,,
despotça,Despota yakışır; despotik | (despo'tça) Despota yakışır bir biçimde; despotik,,
destanlı,"Destanı olan, içinde destan bulunan",,
destanlık,Destan olabilecek nitelikte olan,,
destansal,"Destanla ilgili, destana özgü | Destan kahramanına benzer",,
destansı,"Destan niteliğinde olan, destana benzeyen, destan gibi; destanımsı, destani, epik, lejander [edebiyat]",,
destansız,"Destanı olmayan, içinde destan bulunmayan",,
destarlı,Sarığı olan; sarıklı,,
destekli,"Desteği olan | Desteklenmiş, destek konulmuş",,
desteksiz,"Desteği olmayan, desteklenmemiş",,
desturlu,İzni olan,,
destursuz,İzni olmayan | İzinsiz bir biçimde,,
deşifre,"Çözülmüş, açıklanmış",Fransızca déchiffré,
deşik,Deşilmiş olan,,
detone,Kusurlu olan [müzik],Fransızca détonné,
devalüe,"""Değerini düşürmek"" anlamındaki devalüe etmek, ""değeri düşürülmek"" anlamındaki devalüe olmak birleşik fiillerinde geçen bir söz",Fransızca dévalué,
devamlı,"Sürekli, bitmeyen, kesintiye uğramayan | Okuluna düzenli bir biçimde devam eden | Sürekli, bitmeyen, kesintiye uğramayan bir biçimde",,
devamsız,Okuluna düzenli bir biçimde devam etmeyen | Uygunsuz davranışlarda bulunan,,
devasa,"Dev gibi, çok büyük",Farsça dīvāsā,de'va:sa:
devasız,"İyileştirilemeyen, ilacı bulunamayan",,
devce,Dev gibi | (de'vce) Deve benzer bir biçimde,,
deve dişi,"İri taneli (nar, mısır vb.)",,
deve döşlü,Karnı içeriye çekik (at),,
deve tımarı,"Özensiz, üstünkörü yapılan",,
deve yürekli,Çok korkak (kimse),,
devimsel,"Devinim durumunda olan; hareki | Devinimi yalnızca fizik kanunlarına bağlı olmayan, aynı zamanda etkin bir gücü, bir amacı da içeren; dinamik [felsefe]",,
devinimli,Devinimi olan; devimli | Devinimli olarak; devimli,,
devinimsiz,Devinimi olmayan; devimsiz | Devinimi olmadan; devimsiz,,
devirli,Eşit zaman aralıkları ile ardışık olarak tekrarlanan (hareket); devrî [fizik],,
devitken,Herhangi bir hareketi sağlayan; muharrik,,
devletçi,Devletçilik yanlısı | Devletçiliğe uygun olan,,
devletler arası,Birden çok devleti kapsayan veya birçok devletle ilgili olan,,
devlet düşkünü,Bolluk ve mutluluk içindeyken sonradan fakir düşmüş (kimse),,
devrik,"Katlanıp kendi üzerine bükülmüş | Devrilmiş olan | Yatırılmış, yıkılmış, dik durumunu yitirmiş | Darbe ile makamından indirilmiş",,
devrisi,"Bir sonraki, ertesi (gün, hafta, ay, yıl)",,
devrî,Devirle ilgili; çevrimsel,Arapça devrī,devri:
devşirimli,Düzenli olarak derlenmiş,,
devşirimsiz,Düzenli olarak derlenmemiş,,
devşirmeci,"Devşiren, toplayan, bir araya getiren",,
deyyus,"Karısının veya kendisine çok yakın bir kadının iffetsizliğine göz yuman (kimse) | (de'yyus) “Ahlaksız, terbiyesiz, namussuz (kimse)” anlamında kullanılan bir hakaret sözü",Arapça deyyūs̱,
dezenfekte,Hastalık yapma özelliği olan mikroorganizmalardan temizlenmiş olan,Fransızca désinfecté,
dığdığı,"Konuşurken ""r"" leri ""ğ"" gibi söyleyen (kimse)",,
dımdızlak,"Saçı dökülmüş (kimse) | Elindeki her şeyini, imkânlarını yitirmiş",,dı'mdızlak
dırdırcı,"Bezdirici söz etme alışkanlığı olan, geveze, yerli yersiz konuşan (kimse)",,
dışa dönük,"Dışla ilişkisi olan | Çevresiyle iletişim kurmada güçlük çekmeyen, bulunduğu ortama kolayca uyum sağlayabilen, sosyal ilişkileri güçlü (kimse) [ruh bilimi]",,
dışa vurumcu,"Eserlerinde hikâye etmeye, tahkiyeye ağırlık veren yazar; anlatımcı, dış vurumcu, ekspresyonist [edebiyat]",,
dışbeslenen,Besinini organik maddelerden sağlayan; heterotrof [biyoloji],,dı'şbeslenen
dışbükey,"Yüzeyi tümsek, çıkık ve şişkin olan; tümsekli, muhaddep, konveks [matematik]",,dı'şbükey
dışınlı,"Bir şeyin, bir düşüncenin aslında ve gerçeğinde olmayıp onun dışında kalan, öze bağlı olmayıp arızi olan; öz dışı, özünlü karşıtı [felsefe]",,
dışrak,"Herkesin öğrenmesinde sakınca görülmeyen, gizli kapalı olmayan (her türlü bilgi, öğreti), içrek karşıtı [felsefe]",,
dışrakçı,Ele alınan konuyu dışarıdan kavramaya çalışan,,
dışsal,"Dışla ilgili, dışa ilişkin",,
dıştan,Aslında olmayıp sonradan ve dışarının etkisiyle ortaya çıkan (düşünceler) [felsefe],,
dış kutsal,"Kutsallıkla ilgisi bulunmayan, kutsallığa ne uygun ne de karşıt olan [felsefe]",,
dış merkezli,Dış merkezlikle ilgili olan; eksantrik [matematik],,
dızman,"İri yapılı, uzun boylu, şişman olan",,
didingen,Çok gayret eden,,
didişken,Didişmekten hoşlanan,,
didon sakallı,Yalnız çenesinde sivri sakalı olan; didona sakallı,,
difterili,Difteriye yakalanmış olan,,
dik,"Yatay bir düzleme göre yer çekimi doğrultusunda bulunan, eğik olmayan | Yatık durmayan, sert olan | Sert, kalın, tok (ses) | Sert olan (bakış) | Ters, aksi olan (söz) | Kaba, yersiz olan (davranış) | Birbirine dikey olan doğrulardan oluşmuş [matematik]",,
dikbaşlı,"İnatçı, bildiğinden dönmeyen, başkasına boyun eğmeyen (kimse); dikkafalı",,di'kbaşlı
dikdörtgensel,"Dikdörtgen benzeri, dikdörtgen gibi",,
dikencikli,Ucu sivri olan | Küçük dikenleri olan,,
dikenli,"Dikenli olan | Dikeni olan bitkilerin bulunduğu (yer) | Zor, çetin, sıkıntı veya üzüntü veren",,
dikenlice,Biraz dikenli,,
dikensi,"Dikene benzer, dikeni andıran, diken gibi; dikenimsi",,
dikensiz,"Dikeni olmayan | Sıkıntısız, üzüntüsüz bir biçimde",,
diken diken,"Dikeni bol | Dik duruma gelmiş, dikleşmiş",,
dikey,Başka bir doğru ile kesiştiğinde onunla birlikte dik açı oluşturan (doğru çizgi); amudi [matematik] | Dik olarak,,
dikgen,Birbiriyle veya kesim noktasındaki teğetleriyle dik açı yapacak biçimde kesişen [matematik],,di'kgen
dikili,Dikilmiş olan,,
dikişli,"Dikişi olan, dikiş yapılmış",,
dikişsiz,Dikişi olmayan | Yapıştırma yoluyla yapılmış,,
dikkatli,"Dikkat eden, özen gösteren (kimse) | Dikkat ederek",,
dikkatsiz,İşinde dikkatli davranmayan; savruk,,
diktacı,Yönetimde dikta yanlısı olan,,
diktatoryal,"Diktatörlükle ilgili, diktatörlüğe ait | Zorbaca yapılan",Fransızca dictatorial,
diktatörce,"Diktatöre yakışır | (diktatö'rce) Diktatöre yakışır bir biçimde, diktatör olarak",,
dik duruşlu,"Vücudu düzgün yapılı olan | Düşüncesinden, söylediğinden, yaptığından vazgeçmeyen",,
dilbaz,"Güzel söz söyleyen, konuşmasıyla ikna eden",Türkçe dil + Farsça -bāz,
dile kolay,Anlatılması kolay ancak yapılması veya katlanılması çok güç,,
dili bağlı,"Konuşamayan | Kendisine söylenen bir şeyi başkasına aktarmayan, sır saklayan",,
dili bozuk,Bir dili doğru ve düzgün konuşamayan (kimse) | Küfürlü sözler söyleyen,,
dili tutuk,"Serbestçe, kolaylıkla konuşamayan (kimse)",,
dili uzun,"İncitici sözler söyleyen, küstah, saygısız (kimse)",,
dili yatkın,Yabancı bir dili kolaylıkla öğrenme yeteneği olan,,
dili zifir,Gönül kırıcı sözler söyleyen (kimse),,
dillere destan,Anlatıla anlatıla bitirilemeyen,,
dilli,"Dili olan | Konuşkan, sürekli ve tatlı konuşan | Dedikoducu, ileri geri konuşan",,
dilsel,Dille ilgili,,
dilsever,"Ana dilini öne çıkaran, dil bilinci olan (kimse) | Yeni bir dil öğrenmeye meraklı olan (kimse)",,di'lsever
dilsi,"Dili andıran, dile benzeyen, dil gibi",,
dilsiz,"Konuşma engeli olan, konuşamayan; ahraz | Ses çıkarmayan, sessiz olan (kimse)",,
dil bilgisel,Dil bilgisiyle ilgili | Dil bilgisi kurallarına uygun olan,,
dil bilimsel,Dil bilimiyle ilgili; filolojik,,
dimdik,"Çok dik; mum direk | Sıkıntıları karşılayacak durumda olan, baş eğmeyen | Çok dik bir biçimde | Kaskatı, çok sertleşmiş olarak | Dikkatli, ısrarlı bir biçimde | Dikkatli, ısrarlı (bakış)",,di'mdik
dinç,"Gücü ve sağlık durumu yerinde; tendürüst, tüvana | Canlı, zinde bir biçimde",,
dindar,"Din inancı güçlü, din kurallarına bağlı, dinin emirlerini yerine getiren (kimse); mütedeyyin [din bilimi]",Arapça dīn + Farsça -dār,
dingildek,Tabanı üzerinde hareketsiz duramayıp sallanan | Dengesi bozuk | Sözüne güvenilmez,,
dingilli,Dingili olan,,
dingilsiz,Dingili olmayan,,
dingin,"Sakin, durgun olan | Hareket etmeyen, kımıldamayan | Gücü tükenmiş, yorgun, mecalsiz olan",,
dinginci,Dingincilik görüşünü benimseyen; sekinci [felsefe],,
dini bütün,"Dinine çok bağlı, inancı sağlam olan, dinin buyruklarını eksiksiz yerine getiren [din bilimi]",,
dinli,Dinî inancı olan,,
dinsiz,Dinî inancı olmayan | Acımasız olan,,
dinî,"Dinle ilgili, din üzerine; dinsel",Arapça dīnī,di:ni:
din dışı,Dinle ilişiği olmayan; ladinî [din bilimi],,
dipçikli,Dipçiği olan (tüfek),,
dipdinç,"Çok sağlıklı, çok canlı",,di'pdinç
dipdiri,"Çok diri, çok canlı",,di'pdiri
dipli,Dibi olan,,
diplomalı,Diploması olan | Yetkisi diploma ile belgelenmiş,,
diplomasız,"Diploması olmayan | Diploması olması gereken bir meslekte, diploması olmadan çalışan",,
diplomatça,"Diplomata yakışan | (diploma'tça, l ince okunur) Diplomata yakışır bir biçimde, diplomat gibi | (diploma'tça, l ince okunur) Kurnazlıkla, açıkgözlülükle",,
diplomatik,Diplomasi ile ilgili,Fransızca diplomatique,
dipsiz,Dibi olmayan,,
dipsiz doruksuz,Abartılı olan,,
dipsiz kuyu,Sonuç alınmayan | Sonu gelmeyen,,
dipsiz testi,"Eline geçen para veya malı hesapsızca, boş yere harcayan",,
dirayetli,Dirayeti olan,,
dirayetsiz,Dirayeti olmayan,,
direkli,Direği olan,,
direklik,Direk yapmaya elverişli (ağaç),,
direksiz,Direği olmayan,,
direkt,"Doğru olarak, hiçbir yerde durmadan",Fransızca direct,
dirençli,Direnci olan,,
dirençsiz,Direnci olmayan,,
diretken,"Diretme özelliği olan, direten (kimse)",,
diri,"Güçlü olan; zinde | Solmamış, pörsümemiş | Gereği kadar pişmemiş",,
dirice,Biraz diri,,
diriksel,"Diri ile, canlı ile ilgili, canlılar üzerinde olan; diril (I) [biyoloji]",,
dirimli,Hayatı olan (canlı),,
dirimselci,Dirimselcilik öğretisini benimseyen [felsefe],,
diri diri,"Canlı canlı, taptaze olan | Canlı olarak",,
dirliksiz,Dirliği olmayan,,
disipline,"""Sıkı düzen ve denetim altına alınmak, zapturapt altına alınmak, denetim altında tutulmak"" anlamlarında disipline edilmek, ""sıkı düzen ve denetim altına almak, zapturapt altına almak"" anlamlarında disipline etmek, ""kendi kendine veya dış etkilerle düzen ve denetim altına girmek"" anlamında disipline olmak birleşik fiillerinde geçen bir söz",Fransızca discipliné,
disiplinli,Disiplini olan,,
disiplinsiz,Disiplini olmayan,,
diskalifiye,Yarış dışı bırakılmış,Fransızca disqualifié,
dişi,"Yumurta oluşturan veya yavru doğuran (birey) [anatomi] | Erkeği tarafından döllenecek biçimde oluşmuş (hayvan veya bitki) | Girintili ve çıkıntılı olarak bir çift oluşturan nesnelerden girintili olan | Yumuşak, kolay işlenen (maden) | Verimli, doğurgan olan | Şuh, işveli, çekici olan",,
dişil,Cinsiyet kategorisinin söz konusu olduğu dillerde dişi cinsten sayılan (kelime); müennes [dil bilgisi],,
dişisel,Şuh olan,,
dişlek,"Dişleri dışarıya doğru çıkık olan (kimse) | Sözünü geçiren, istediğini yaptırabilen (kimse)",,
dişli tırnaklı,Saldırgan olan,,
dişsiz,Dişi olmayan,,
diş diş,Çıkıntıları olan | Çıkıntılı bir biçimde,,
divane,"Deli, kaçık, budala olan | Bir şeye çok düşkün olan",Farsça dīvāne,di:va:ne
diyabetik,Şeker hastalığı ile ilgili [tıp],Fransızca diabétique,
diyetli,İçinde diyet bulunan,,
diyetsiz,İçinde diyet bulunmayan,,
dizanterili,Dizanteriye yakalanmış olan (kimse),,
dizeli,Dizesi olan,,
dizelik,Dizeden oluşan,,
dizginsiz,"Dizgini olmayan | Aşırı, ölçüsüz olan",,
dizili,"Dizilmiş olan, sıralanmış; mürettep",,
dizimli,Dizilmiş olan,,
dizim dizim,Peş peşe dizilmiş; düzüm düzüm,,
dizi dizi,"Peş peşe dizilmiş | Dizilerek, diziler durumunda; dizim dizim, koşun koşun",,
diz boyu,Dize kadar olan | Çok miktarda,,
diz üstü,"Boyu dizlerin üst kısmına gelen (etek, pantolon, çorap vb.) | Dizleri yere gelecek biçimde",,
dobra,"Anlaşılır | İyi, güzel olan",Bulgarca,do'bra
dogmacı,Dogmacılık yanlısı olan; inakçı,,
doğacı,Doğacılık yanlısı olan; natürist,,
doğal,"Doğada olan, doğada bulunan | Doğada rastlandığı gibi, doğaya uygun olan, doğa güçlerine, kurallarına uyan; tabii, natürel | Kendiliğinden olan, insan eliyle yapılmamış, yapay karşıtı | Yapmacık olmayan | Olağan, alışılmış, her zamanki gibi olan, beklenildiği gibi | Sağduyuya, mantığa, olağan düzene uygun olan",,
doğalcı,"Doğalcılık yanlısı olan; tabiiyeci, tabiiyun, natüralist",,
doğasever,Doğanın kirlenmesine ve tahrip edilmesine karşı çıkan (kimse),,doğa'sever
doğaüstü,"Doğa kanunlarına uymayan, doğa kanunlarıyla açıklanamayan; tabiatüstü",,doğa'üstü
doğaüstücü,"Doğaüstücülük yanlısı; tabiatüstücü, sürnatüralist [felsefe]",,
doğa dışı,"Doğaya aykırı, tabiata aykırı; gayritabii",,
doğruca,"Doğruya yakın | (do'ğruca) Hiçbir yöne sapmadan, dolaylı olmayarak, dolaşmayarak",,
doğrucu,Her şeyin doğrusunu söylemeyi huy edinmiş olan; harbici,,
doğrudan,"Aracısız olarak, herhangi bir aracı kullanmadan; elden, vasıtasız",,
doğrulu,Bir doğru boyunca olan; müstakim [matematik],,
doğrusal,Çizgiyle ilgili olan; çizgisel | Bir doğruyu izleyen | Aynı doğruya ait olan; lineer [matematik] | Grafiği bir doğru ile gösterilebilen; lineer [matematik],,
doğrusuz,Doğrusu olmayan,,
doğru dürüst,"Kusursuz, yanlışsız olan | Tam olarak, eksiksiz olarak, istenildiği gibi, kusursuz, yanlışsız bir biçimde",,
doğru orantılı,Birbirine bağlı olan ve biri arttığında öteki de artan [matematik],,
Doğulu,Doğu ülkelerinden olan (kimse); Şarklı | Türkiye'nin doğusunda bulunan illerden olan (kimse); Şarklı | Doğu uygarlığını benimsemiş (kimse); Şarklı,,
doğumlu,... yılında doğmuş; tevellütlü,,
doğumsal,"Doğumdan, soydan gelen",,
doğurgan,Çok doğuran | Verimli olan | Çok eser veren; velut,,
doğurucu,Yeni düşünceleri ortaya koyan (kimse); üretken,,
doğuştan,"Kişinin doğduğu andan beri var olan, doğuşla birlikte gelen; fıtri [felsefe]",,
doksanar,"Doksan sıfatının üleştirme sayı sıfatı | Her birine doksan, her defasında doksanı bir arada olan",,
doksanarlı,Doksanar doksanar sıralanmış | Her biri doksan birimden oluşan,,
doksanıncı,"Doksanın sıra sıfatı, sırada seksen dokuzuncudan sonra gelen",,
doksanlı,"Doksan parçası bulunan, doksan parçadan oluşan | İçinde doksan tane aynı nesneden bulunan | Doksan ile yüz arasında olan",,
doksanlık,Doksan tanesi bir arada olan veya içinde aynı şeyden doksan tane | Doksan yaş dolaylarında olan veya görünen (kimse),,
doktoralı,Doktorası olan,,
doktorasız,Doktorası olmayan,,
dokulu,Dokusu olan,,
dokumalı,Dokuması olan | Dokunmuş,,
dokunaklı,"Etkili, insanın içine işleyen; yakıcı (I), müessir",,
dokunmalı,"Ekranına parmak veya özel kalemle dokunularak kullanılan (televizyon, bilgisayar, cep telefonu vb.)",,
dokunmasız,"Dokunmadan, ele alınmadan kullanılabilen",,
dokunmatik,343 dokunmalı,,
dokunsal,Dokunum ile ilgili olan [biyoloji],,
dokunulmaz,"İlişilmez, el sürülmez, taarruzdan korunmuş | Hiçbir biçimde eleştirilemez",,
dokusuz,Dokusu olmayan,,
dokuzar,"Dokuz sayısının üleştirme sayı sıfatı | Her birine dokuz, her defasında dokuzu bir arada olan",,
dokuzarlı,Dokuzar dokuzar sıralanmış | Her biri dokuz birimden oluşan,,
dokuzluk,"Dokuzu bir arada, dokuz taneden oluşmuş, dokuz tane alabilen",,
dokuzuncu,"Dokuz sayısının sıra sıfatı, sırada sekizinciden sonra gelen",,
dokuz babalı,"“Babası belli olmayan, birçok erkekle düşüp kalkan bir anadan doğan (kimse)” anlamında kullanılan bir hakaret sözü",,
dokuz canlı,"Kolay kolay ölmeyen | Çok sağlıklı, herhangi bir hastalığı olmayan",,
dolaksız,"Dolağı olmayan, büzgüsü bulunmayan",,
dolambaçlı,"Dolambacı olan | İçinden zor çıkılır, çapraşık olan; lamelif",,
dolambaçsız,"Dolambacı olmayan | Açık, doğrudan doğruya olan",,
dolanık,Birbirine dolanmış,,
dolaplı,"Dolabı olan | Dolaplanmış (deri, dokuma, metal, taş, halı vb.)",,
dolapsız,"Dolabı olmayan | Dolaplanmamış (deri, dokuma, metal, taş, halı vb.)",,
dolaşık,"Karışık olan (saç, ip vb.) | Dolaşarak giden (yol) | Kolay çözülmeyecek veya içinden çıkılmayacak derecede karışık | Amacını doğrudan doğruya değil de dolayısıyla sezdiren",,
dolaşıksız,Dolaşık olmayan,,
dolayı,"Çevrede, etrafta bulunan",,
dolaylı,"Doğrudan doğruya olmayan, dolayısıyla olan; vasıtalı, bilvasıta, endirekt",,
dolaysız,"Doğrudan doğruya olan; vasıtasız, bilavasıta | Araya herhangi bir araç girmeden",,
dolay kutupsal,Kutup yakınında olan [gök bilimi],,
dolgulu,"İçinde dolgu maddesi olan, doldurulmuş",,
dolgun,"Dolarak biçimi yuvarlaklaşmış | Çok, bol, fazla, yüksek olan (ücret, para vb.) | Şişmiş | Öfke, kızgınlık, kırgınlık vb. duygularla dolu",,
dolgunca,Biraz şişman,,
dolmalık,Dolma yapmaya yarar,,
dolusu,Dolduracak kadar,,
domine,"“Baskın duruma gelmek, hükmetmek” anlamlarındaki domine etmek birleşik fiilinde geçen bir söz",Fransızca domine,
donanımlı,"Belli bir donanıma sahip olan (araç vb.) | Herhangi bir konuda eğitimi, bilgisi, becerisi çok olan",,
donanımsız,"Belli bir donanıma sahip olmayan (araç vb.) | Herhangi bir konuda eğitimi, bilgisi, becerisi olmayan",,
donanmasız,Donanması olmayan | Donanması olmadan,,
donatılı,Donatısı olan,,
donatısız,Donatısı olmayan,,
dondurucu,Donduran,,
dondurulmuş,Soğutucu aracılığıyla buzlu duruma getirilmiş | Beklemeye alınmış | Değiştirilemez durumda tutulmuş,,
donlu,Donu olan,,
donsuz,Don giymemiş olan | Yoksul olan | Serseri olan,,
donuk,"Donmuş olan | Canlılığı olmayan, fersiz (göz) | Canlılığı az olan, durgun, uyuşuk (kimse)",,
dopdolu,Büsbütün dolu,,do'pdolu
doruklu,Doruğu belli bir biçimde olan,,
doruksuz,Doruğu olmayan,,
dosdoğru,"Çok doğru | Sağa sola sapmadan; dimdik | Doğru, yalansız biçimde",,do'sdoğru
dostça,"Dosta yakışır, dost gibi | (do'stça) Dosta yakışır bir biçimde; dostane",,
dostsuz,Dostu olmayan | Dostu olmadan,,
dost canlısı,Arkadaş canlısı,,
doygun,"Her türlü gereksinimini gidermiş, tatmin olmuş; müstağni | Elinde olanla yetinen; müstağni",,
doymaz,Açgözlü,,
doymuş,"Bir şey yiyerek tok duruma gelmiş | İsteği kalmamış, isteği giderilmiş, tatmin olmuş | Doyma durumuna gelmiş (gaz, sıvı veya elektromıknatıs); meşbu [kimya]",,
doyumlu,"Doymuş, doyumu olan",,
doyumluk,Doyulacak miktarda olan,,
doyumsuz,"Tatmin olmayan | Sonu gelmeyen, sınırsız olan | Bıkılmayan",,
doyurucu,Doyurma özelliği bulunan,,
dökük,Dökülmüş | Çok eskimiş,,
dökülü,Dökülmüş,,
dökümlü,Niteliğinden ötürü kolayca istenilen biçim verilebilen (kumaş); dökük,,
döküntülü,"Döküntüsü olan | Deride döküntü ile görülen, döküntü ile beliren (hastalık) [tıp]",,
döküntüsüz,Döküntüsü olmayan,,
dölek,"Ağırbaşlı, uslu, ağır davranışlı olan | Düz, engebesiz olan (toprak parçası)",,
döllenmesiz,Döllenmemiş olan,,
döllü döşlü,Çocuk ve torun sahibi olan,,
dönek,"İnanç ve düşüncesini değiştiren, sözüne güvenilmeyen (kimse); caygın, kaypak,  kahpe",,
dönekçe,Dönek gibi | (döne'kçe) Döneğe yakışır bir biçimde,,
dönel,Bir eksen çevresinde dönerek oluşmuş [matematik],,
dönemeçli,Dönemeci olan; virajlı,,
dönemeçsiz,Dönemeci olmayan; virajsız,,
dönencel,Dönence ile ilgili,,
dönük,"Dönmüş, çevrilmiş (kimse) | Bir tarafa yönelmiş, döndürülmüş olan",,
dönümlerce,Birçok dönüm,,dönümle'rce
dönümlük,Dönüm ölçüsünde olan | Dönüme yetecek ölçüde olan,,
dönüşlü,Dönüşü olan; mutavaat,,
dönüşsüz,Dönüşü olmayan,,
dönüşümcü,Dönüşümcülük yanlısı; transformist [felsefe],,
dönüşümlü,"Değişen, sıra ile olan | Değişerek, sıra ile",,
dörder,"Dört sayısının üleştirme sayı sıfatı | Her birine dört, her defasında dördü bir arada olan",,
dörderli,Dörder dörder sıralanmış | Her biri dört birimden oluşan,,
dördüncü,"Dört sayısının sıra sıfatı, sırada üçüncüden sonra gelen",,
dördüz,Dördü bir arada doğan (çocuk) | Dördü bir arada bulunan,,
dörtçekerli,Dörtçeker özelliği bulunan (taşıt),,
dörtköşe,"Keyifli, sevinçli olan",,dö'rtköşe
dört başı mamur,"Her bakımdan istenildiği gibi olan | Eksiksiz, kusursuz olan",,
dört kaşlı,Bıyığı yeni terleyen (delikanlı) | Kalın ve gür kaşlı,,
dört köşe,Kare biçiminde olan,,
döşeksiz,Döşeği olmayan,,
döşeli,Döşenmiş olan; mefruş,,
döşemeli,Döşemesi olan,,
döşemelik,"Yapılarda tabana döşemek için kullanılan (gereç) | Kanepe, koltuk vb.nin kaplanmasına elverişli (kumaş)",,
döşemesiz,Döşemesi olmayan,,
döşemli,Döşemi olan,,
döşemsiz,Döşemi olmayan,,
döşlü,Döşü olan,,
dövmeli,Dövmesi olan,,
dövmesiz,Dövmesi olmayan,,
dövülgen,Dövülerek levha durumuna geçebilen (maden),,
dövüşken,İyi dövüşen veya dövüşmeyi seven; vuruşkan,,
dramatik,"Sahne oyununa özgü olan | İçinde gerilim, çatışma vb. olaylar bulunan, insan ilişkileri ile gelişen (eser, olay) | Coşku veren, duyguları kamçılayan",Fransızca dramatique,
dramatize,"Radyo, televizyon veya sahne oyunu biçimine getirilen (edebî eser) | Olduğundan daha acıklı, abartılı bir biçimde ortaya konulan (olay)",Fransızca dramatisé,
dualı,İçinde dua olan | Kendisine dua edilmiş olan,,
duasız,"Dua okumayan, dua etmeyen",,
duble paçalı,Paçası duble paça biçiminde olan,,
dudaklı,Dudağı olan,,
dudaksıl,Boğumlanma noktası dudaklarda bulunan ünlü veya ünsüz [dil bilgisi],,
dudaksız,Dudağı olmayan,,
dudu dilli,"Çok konuşan, tatlı dilli olan (kadın)",,
duldalı,Duldası olan,,
duldasız,Duldası olmayan,,
dumanı üstünde,"Çok taze (sebze, meyve, yemek vb.) | Çok yeni, üzerinden çok zaman geçmemiş",,
dumanlı,"Dumanı olan, duman çıkaran | Sisli, sisle örtülü | Sıkıntılı, bulanık",,
dumansız,"Dumanı olmayan, duman çıkarmayan",,
dun,Alçak olan | Aşağı olan,Arapça dūn,du:n
dupduru,Çok duru,,du'pduru
duradur,Çok uzak,Farsça dūrādūr,du:ra:du:r
durağan,"Yerini değiştirmeyen; hareketsiz, sabit | Etkin olmayan, gelişmemiş | Dış etkenlerin tesiriyle akışmazlığı değişmeyen [fizik]",,
duraklı,"Durağı olan | Hep aynı yerde kalan, hep aynı yerde tekrarlanan [fizik]",,
duraksamalı,Duraksayan; tereddütlü,,
duraksamasız,Duraksaması olmayan; tereddütsüz,,
duraksız,"Otobüs mola vermeden, duraklarda durmadan (gitmek) | Hareketli, oynak olan | Herhangi bir durağa bağlı olarak çalışmayan (taksi)",,
dural,Hep aynı durumda ve değişmeden kalan,,
durgun,"Neşesiz, keyifsiz, sessiz olan | Sönük, hareketsiz olan; cansız",,
durmuş oturmuş,"Olgun, davranışları tutarlı (kimse) | Derli toplu olan | Aşırılığa kaçmamış",,
duru,"Bulanıklığı olmayan; berrak | Pürüzsüz olan (ten) | Arınmış, karışık olmayan (dil, üslup vb.)",,
durucu,"Durmakta ısrarlı, kalıcı olan",,
duşlu,Duşu olan,,
duşsuz,Duşu olmayan,,
duvaklı,Başı ve yüzü duvakla örtülü | Doğduğunda başında zar olan (bebek); perdeli,,
duvaksız,Duvağı olmayan,,
duvak düşkünü,Evlenmeye çok istekli olan,,
duvarlı,Duvarı olan,,
duyar,Beden üzerinde uyarıldığında hızlı ve güçlü tepkilere yol açan,,
duyargalı,Duyargası olan | Duyarga kullanan; sensörlü,,
duyarlı,"Dış etkenlere karşı duyarlığı olan; duygun, hassas",,
duyarlıklı,Duyarlığı olan; hassasiyetli,,
duyarsız,Duyarlı olmayan,,
duygan,Aşırı duygulu,,
duygulu,"Duygusu, duyarlığı çok olan, kolay duygulanan; içli, duyar, inceden, hisli",,
duygusal,"Duygularla ilgili, duygulara dayanan; hissî | Duygunun ağır bastığı, duygunun aşırı etkilediği (eser veya insan)",,
duygusuz,"Duygusu, duyarlığı olmayan; hissiz | Katı yürekli; hissiz",,
duysal,Duyuyla alınan,,
duyulmamış,"O güne kadar karşılaşılmamış, şaşılası",,
duyumlu,Duyumu olan,,
duyumsal,"Duyu organları ile ilgili [biyoloji] | Duyuma ait, duyumla ilgili",,
duyumsuz,Duyumu olmayan,,
duyusal,Duyu ile ilgili | En küçük bir uyarıma tepki gösteren [felsefe] | Duyularla alınan hazlara ilişkin olan [felsefe] | Duyu organları aracılığıyla alınan uyaranların duyu merkezlerine iletilmesi ile ilgili olan [tıp],,
duyuüstü,"Duyularla verilmeyen [felsefe] | Algılama yoluyla değil, düşünme ile kavranan",,
düçar,"Uğramış, yakalanmış, tutulmuş",Farsça dūçār,dü:ça:r
düğmeli,Düğmesi olan | Düğme ile tutturulan,,
düğmesiz,Düğmesi olmayan | Düğme ile tutturulamayan,,
düğümlü,"Düğümlenmiş olan | Sorunlu, karışık olan",,
düğümsüz,Düğümü olmayan,,
düğüm düğüm,Çok düğümlü,,
düğünsüz,"Düğün olmadan, düğün yapmadan | Düğünü olmayan",,
dümdüz,"Çok düz | Sade, basit olan | Bilgisi, görgüsü çok dar bir sınır içinde kalan (kimse)",,dü'mdüz
dümeni eğri,Yan yan yürüyen (kimse),,
dümensiz,Dümeni olmayan,,
dünden bugüne,Çabucak yapılarak veya söylenerek | Sanatçının özellikle ilk dönemlerinde meydana getirdiği eserlerinden oluşmuş (sergi); retrospektif,,
dünden ölmüş,Çalışma hevesi kalmamış (kimse),,
dünkü,"Düne özgü, dün olan, dün yapılan | Yakın geçmişteki | Acemi olan",,
dünyalı,Dünyaya ait olan,,
dünya görmüş,"Çok gezmiş, çok yer görmüş",,
dünya görüşlü,Dünya görüşü olan,,
dünya güzeli,Çok güzel (kimse),,
dünyevi,"Bu dünya ile ilgili; dünyasal, uhrevi karşıtı [felsefe]",Arapça dunyevī,dünyevi:
dürbünlü,Dürbünü olan,,
dürülü,"Dürülmüş, kıvrılmış",,
dürüm dürüm,Sövgü sözü olarak kullanılan dürzü sözcüğünün anlamını pekiştiren bir söz | Silindir biçiminde sararak,,
dürüst,"Sözünde ve davranışlarında doğruluktan ayrılmayan, doğru (kimse) | Kurallara uygun, yanlışsız olan",Farsça durust,
dürüşt,"Sert, gücendirici, kırıcı olan",Farsça duruşt,
düşçü,Düşleyen,,
düşey,Yer çekimi doğrultusunda olan; şakuli [matematik],,
düşkün,"Bir şeye kendini aşırı vermiş olan, çok bağlı; tutkun | Meraklı olan | Geçim sıkıntısına düşmüş | Yoksulluk sebebiyle mutluluk ve refahını yitirmiş | Yaşlılık, hastalık vb. sebeplerle çalışma gücünü yitirmiş | Değer ve onurunu yitirmiş | Yasalara ve ahlak kurallarına aykırı işler yapan (kimse)",,
düşlemli,Düşlemi olan,,
düşlemsel,Düşlemle ilgili,,
düşlemsiz,Düşlemi olmayan,,
düşmanca,"Düşman gibi, düşmana yakışır; husumetli | (düşma'nca) Düşman gibi, düşmana yakışır bir biçimde; düşmancasına, husumetkâr, hasmane",,
düşsel,Düş ile ilgili; hayalî,,
düşsüz,Düşü olmayan,,
düşüncel,"Gerçekte olmayıp yalnızca düşüncede, tasarım içinde var olan [felsefe] | Yalnız düşünce ile kavranabilen",,
düşünceli,"Düşüncesi olan | Düşünerek davranan, anlayışlı | Kaygılı olan",,
düşüncesiz,Düşüncesi olmayan | Düşünmeden davranan,,
düşündürücü,"Düşünmeye sebep olan, düşünmeye yol açan | Birini kaygılandıran",,
düşünsel,"Düşünce ile ilgili, düşünce sonucu ortaya çıkan, düşünceye dayanan; fikrî",,
düzce,Oldukça düz,,
düzeltmeci,"Düzeltmecilik yanlısı; ıslahatçı, reformcu, reformist",,
düzenbaz,"Yalan dolanla iş gören, çıkarı için hile yapan; entrikacı, dessas, dubaracı, kampanacı",Türkçe düzen + Farsça -bāz,
düzenleşik,Düzenleri birbirine uygun | Bir sınıflamada aynı düzen ve aynı sırada bulunan [felsefe],,
düzenli,"Yerli yerinde, kararlı, tertipli olan; muntazam, ıttıratlı | Düzen içinde bulunan; sistemli, metodik",,
düzensiz,"Düzeni bozuk, karışık olan; tertipsiz, ıttıratsız, gayrimuntazam, gayrinizami, aritmik | Düzeni olmayan; sistemsiz",,
düzeyli,"Düzeyi, değeri olan; seviyeli",,
düzeysiz,"Düzeyi, değeri düşük, bayağı olan; seviyesiz",,
düzgülü,Düzgüye uygun,,
düzgünce,Düzgün bir biçimde | Biraz düzgün,,düzgü'nce
düzgünlü,Yüzüne düzgün sürmüş olan,,
düzgünsüz,Yüzüne düzgün sürmemiş olan,,
düzgüsel,"Kurallarla, yasalarla ilgili olan, kural, yasa koyan; normatif [felsefe] | Belirlenmiş kalıplar içinde olan; normatif",,
düzgüsüz,"Düzgüye uymayan, düzgüsü olmayan; anormal",,
düzlemli,Düzlemi olan,,
düzlemsel,Düzlem niteliğinde olan,,
düz paçalı,Paçası düz paça biçiminde olan,,
dâhice,"Dâhiye yakışır bir biçimde; dâhiyane | Beklentilerin üstünde, beklenmedik, alışılmadık",,da:hi:ce
dâhilî,İçle ilgili,Arapça dāḫilī,da:hili:
ebeli,Ebesi olan,,
ebesiz,"Ebesi olmayan | Ebe bulunmaksızın, ebe olmaksızın",,
ebleh,"Akılsız, budala, alık olan",Arapça ebleh,
ebruli,Üzerinde değişik renkler bulunan,,ebru:li
ebrulu,"Üzerine ebru yapılmış (kâğıt, kumaş)",,
eciş bücüş,"Hiçbir yeri düzgün olmayan, çirkin bir biçim almış bulunan; çarpık çurpuk, eğri büğrü",,
eçhel,"Çok cahil, çok bilgisiz",Arapça echel,
edalı,"Herhangi bir biçim ve görünüşlü olan | Tavırları hoş, nazlı, işveli olan",,
edatlı,Edat bulunduran; ilgeçli,,
edebiyatça,"Edebiyata uygun, edebiyata benzer",,
edebiyatsever,Edebiyata tutkun,Arapça edebiyyāt + Türkçe sever,edebiya'tsever
edebî,"Edebiyatla ilgili, edebiyata ilişkin; yazınsal | Edebiyat türlerinden biriyle kaleme alınmış, sanat değeri taşıyan; yazınsal",Arapça edebī,edebi:
edepli,Ahlaka uygun bir biçimde,,
edepsiz,"Utanılacak işleri sıkılmadan yapan, utanmaz, sıkılmaz, terbiyesiz (kimse)",,
edepsizce,"Terbiyesiz olan | (edepsi'zce) Terbiyesizce, utanmadan; edepsizcesine",,
edibane,"Terbiyeli, nazik olan | Edebiyatçıya yakışır bir biçimde",Arapça edīb + Farsça -āne,edi:ba:ne
edilgin,"Hareketi ve etkisi olmayan; pasif | Bir şeye karşı tepki göstermeyen, etkinliği olmayan, başkasının etkisinde kalan; münfail, pasif, etkin karşıtı [felsefe] | Olayların gidişini etkilemek ve denetlemek için hiçbir çaba göstermeyen (kimse) [ruh bilimi]",,
edimli,Edimi olan,,
edimsel,"Edim niteliğinde olan, gerçek olarak var olan; fiilî, aktüel, gizli ve tasarımlı karşıtı [felsefe]",,
edimselci,Edimselcilik öğretisini benimseyen; aktüalist [felsefe],,
edimsiz,Edimi olmayan,,
edna,"Çok aşağı, en alt düzeyde",Arapça ednā,edna:
efdal,"Yeğ tutulan, tercih edilen",Arapça efḍal,l ince okunur
efece,Efe gibi | (efe'ce) Efeye yakışır bir biçimde,,
efendice,Efendi gibi | (efendi'ce) Efendiye yaraşır bir biçimde; efendicesine,,
efkârlı,"Herhangi üzüntülü bir olay sebebiyle hüzünlenmiş olan | Düşünceli, üzüntülü, tasalı, kederli olan; başı dumanlı",,
eflatunumsu,"Rengi eflatunu andıran, eflatuna benzeyen; eflatunsu",,
efsaneli,Efsanesi olan,,
efsanesiz,Efsanesi olmayan,,
efsanevi,"Efsanelerde geçen, kendisi için efsaneler düzülen veya efsaneyi andırır nitelikte olan (kimse, hayvan, yer); menkıbevi",Farsça efsānevī,efsa:nevi:
eften püften,"Baştan savma yapılmış, dayanıksız, derme çatma, çürük, değersiz olan",,
egemen,"Yönetimini hiçbir kısıtlama veya denetime bağlı olmaksızın sürdüren, bağımlı olmayan; hükümran | Sözünü geçiren, üstünlük kazanan",,
egzamalı,Mayasılı olan,,
eğilimli,"Eğilimi olan; meyyal, tandanslı",,
eğilimsiz,Eğilimi olmayan,,
eğimli,"Eğimi olan; meyilli | Bir şeyi yapmaya içten yönelmiş; meyyal, mütemayil",,
eğimsiz,Eğimi olmayan,,
eğinik,"Eğilmiş olan; eğik | Bir şeyi sevmiş, istemiş veya yapmaya içten yönelmiş olan",,
eğitimli,"Eğitim görmüş, eğitilmiş",,
eğitimsel,"Eğitimle ilgili; terbiyevi, pedagojik [eğitim]",,
eğitimsiz,"Eğitim görmemiş, eğitilmemiş",,
eğlenceli,"Eğlendiren, hoşa giden; cümbüşlü",,
eğlencesiz,Eğlencesi olmayan | Eğlence olmaksızın,,
eğmeçli,"Eğmeci olan; kavisli, mukavves",,
eğreti,"Belirli bir süre sonra kaldırılacak olan, bir şeyin yerine geçici olarak kullanılan | İyi yerleşmemiş, yerini bulmamış olan | Belli belirsiz olan | Uyumsuz, yakışmamış | İyi yerleşmemiş, yerini bulmamış bir biçimde | İleride geri alınmak üzere verilen şey",,
eğrice,Az eğri olan,,
eğrili,Eğrisi olan,,
eğri büğrü,"Yer yer eğrilmiş ve bükülmüş olan; çarpık çurpuk, çarpuk çurpuk",,
eğri sözlü,Sözü kötü olan,,
ehem,Çok önemli,Arapça ehemm,
ehliyetli,Sürücü belgesi olan,,
ehliyetsiz,Sürücü belgesi olmayan,,
ehven,"Zararı az, en zararsız",Arapça ehven,
ekarte,"""Saf dışı etmek, konu dışında tutmak"" anlamındaki ekarte etmek, saf dışı edilmek, konu dışında tutulmak"" anlamındaki ekarte olmak birleşik fiillerinde geçen bir söz",Fransızca écarté,
ekili,Ekilmiş olan; mezru,,
ekinli,Ekini olan,,
ekinsiz,Ekini olmayan | Ekin olmadan,,
eklemli,Eklemi olan,,
eklemsiz,Eklemi olmayan,,
ekli,Eklenmiş olan | Eki olan,,
ekli püklü,"Ekli, yamalı ve düzensiz",,
ekmeksi,"Ekmeği andıran, ekmeğe benzeyen, ekmek gibi; ekmeğimsi",,
ekmeksiz,Ekmeği olmayan | Yiyeceği olmayan | Ekmek olmadan,,
ekmek arası,Ekmeğin arasına köfte vb. konularak yapılan (yiyecek),,
ekolojik,Ekolojiyle ilgili olan,Fransızca écologique,l ince okunur
ekonomik,"Ekonomi ile ilgili olan; iktisadi | Az masraflı; hesaplı, iktisadi | En az çabayla en çok verim alınan, kazançlı olan | Kolay kullanılabilen",Fransızca économique,
ekose,Çeşitli renk ve büyüklükteki karelerden oluşan (desen veya kumaş),Fransızca écossais,
eksenli,Ekseni olan,,
eksikli,Eksiği olan,,
eksiksiz,"Eksiği olmayan; tam, tamam, mükemmel, noksansız, tekmil | İyi, namuslu, temiz (kimse) | Tam olarak",,
eksiltili,"Eksilti durumunda olan (mısra, kelime grubu veya cümle); eliptik [dil bilimi]",,
eksiz,Eki olmayan,,
ekstra,"En iyi, üstün nitelikli | Fazladan, alışılan ve gerekenden başka, ek olarak",Fransızca extra,
ekşili,İçinde ekşisi bulunan,,
ekşimikli,Ekşimiği olan,,
ekşimiksiz,Ekşimiği olmayan,,
ekşimsi,Tadı ekşiyi andıran; ekşimtırak | Buruk olan,,
Ekvatoral,Ekvator'la ilgili; eşleksel [coğrafya],Fransızca équatorial,l ince okunur
elçekli,Elçeği olan,,
eldeli,Toplama veya çarpmalarda bir sonraki basamağa aktarılan (sayı) [matematik],,
eldesiz,Toplamı ve çarpımı dokuzdan büyük olmayan [matematik],,
eldivenli,Eldiven giymiş olan | Eldiveni olan,,
eldivensiz,Eldiven giymemiş olan | Eldiveni olmayan,,
elektrikli,"Elektriği olan, elektrik enerjisiyle yüklü olan, elektrikle işleyen | Sinirli ve gergin bir duruma gelmiş olan",,
elektriksiz,"Elektriği olmayan, elektrik enerjisiyle yüklü olmayan, elektrikle çalışmayan | Elektrik olmadan",,
elektrobiyolojik,Elektrobiyoloji ile ilgili,Fransızca électrobiologique,l ince okunur
elektrojen,Elektrik üreten (sistem),Fransızca électrogène,
elektromanyetik,Elektromanyetizması bulunan veya bununla ilgisi olan [fizik],Fransızca électromagnétique,elektro'manyetik
elektronegatif,Elektrolizde artı kutupta toplanma niteliği olan (cisimler) [fizik],Fransızca électronégatif,elektro'negatif
elektronlu,Elektronu olan,,
elektronsuz,Elektronu olmayan,,
elektropozitif,Elektrolizde eksi kutupta toplanma niteliği olan (cisimler) [fizik],Fransızca électropositif,elektro'pozitif
elektroteknik,"Elektrik tekniğine ait, elektrik tekniği ile ilgili",Fransızca électrotechnique,elektro'teknik
elemanlı,Elemanı olan,,
elemansız,Elemanı olmayan,,
elemeli,Eleme yapılan,,
elemesiz,Eleme yapılmayan,,
elemli,Kederi olan,,
elemsiz,Kederi olmayan,,
eleştirel,"Eleştiri niteliği taşıyan; eleştiriyel, eleştirisel, tenkitli, tenkidî | Eleştiri ile ilgili",,
eleştirmeli,"Eleştirme ile ilgili, eleştirme üzerine olan",,
elifî,Bantlarla süslenmiş,Arapça elifī,elifi:
elimine,"""Elemek"" anlamındaki elimine etmek, ""elenmek"" anlamındaki elimine olmak (veya edilmek) birleşik fiillerinde geçen bir söz [spor]",Fransızca éliminé,
eline ağır,Elinden çabuk iş çıkmayan (kimse),,
eline ayağına çabuk,"Hamarat, titiz, çalışkan olan (kimse)",,
eline çabuk,Çabuk iş gören (kimse),,
elipsoidal,"Elipsoitle ilgili, elipsoit biçiminde olan [matematik]",Fransızca ellipsoïdal,l ince okunur
eliptik,"Elips ile ilgili, elips biçiminde olan [matematik]",Fransızca elliptique,
eli ağır,Yavaş iş gören; ağırelli | Vurunca çok acıtan (kimse); ağırelli,,
eli ayağı düzgün,"Bedence kusursuz olan, sakat olmayan (kimse) | İffetli, namuslu olan (kimse)",,
eli bayraklı,"Şirret, edepsiz, kavgacı olan (kimse)",,
eli belinde,Kavgaya hazır olduğunu belirten (kimse),,
eli bol,Cömert olan,,
eli boş,"İşi olmayan, boş gezen (kimse) | Yoksul olan",,
eli böğründe,"Başarısız, zavallı olan (kimse)",,
eli çabuk,"Çabuk iş gören, hamarat olan (kimse)",,
eli dar,Maddi olarak sıkıntıda olan (kimse),,
eli geniş,Geçimi iyi olan (kimse) | Cömert olan (kimse),,
eli hafif,"Acıtmadan, tedirgin etmeden iş gören (cerrah, diş hekimi, berber vb.)",,
eli koynunda,"Boş, işsiz olan (kimse) | Çaresiz olan (kimse)",,
eli kulağında,"Nerede ise olacak, çok yakında olması beklenilen",,
eli maşalı,"Kavgacı, şirret, dayak atmayı seven (kimse)",,
eli nimetli,"Uğurlu, bereketli olan | Kazancı iyi olan",,
eli selek,"Eli açık, cömert olan (kimse)",,
eli sopalı,"Şirret, edepsiz, kavgacı olan (kimse)",,
eli şakağında,"Düşünceli, kaygılı olan (kimse)",,
eli uz,"Usta, belli bir işte becerikli, mahir olan (kimse)",,
eli uzun,"Fırsat buldukça öteberi aşıran, hırsız olan (kimse)",,
eli yatkın,Elle yapılan işlerde becerikli olan (kimse),,
eli yordamlı,"Eli işe yakışır, yatkın olan (kimse)",,
eli yüzü düzgün,"Yüzüne bakılır, güzel olan (kimse)",,
eli yüzü temiz,"Yüzüne bakılır, güzel olan (kimse)",,
elli,Eli olan,,
ellili,"Elli parçası bulunan, elli parçadan oluşan | İçinde elli tane aynı nesneden bulunan | Elli ile altmış arasında olan",,
ellinci,"Ellinin sıra sıfatı, sırada kırk dokuzuncudan sonra gelen",,
ellişer,"Elli sıfatının üleştirme sayı sıfatı | Her defasında ellisi bir arada olan, her birine elli",,
ellişerli,Ellişer ellişer sıralanmış | Ellişer ellişer birimden oluşan,,
elmamsı,"Elmayı andıran, elmaya benzeyen, elma gibi",,
elmasımsı,"Elması andıran, elmasa benzeyen, elmas gibi",,
elmaslı,Elmas takmış olan,,
elma yanaklı,"Yanağı kırmızı, parlak, canlı olan (kimse) | Sağlıklı olan",,
elvan elvan,Türlü türlü olan | Renk renk olan,,
elverişli,Uygun olan | İşe yarayan; ergonomik,,
elverişsiz,"Uygun olmayan, uygun gelmeyen",,
elzem,"Çok gerekli, vazgeçilmez",Arapça elzem,
embesil,Zekâ ve düşünceden tamamen yoksun olan,Fransızca imbécile,
embriyolojik,Embriyoloji ile ilgili [biyoloji],Fransızca embryologique,l ince okunur
emeksiz,Emek harcanmadan elde edilen,,
emektar,"Bir görevde uzun süre kalıp o işe emeği geçmiş olan (kimse) | Çok kullanılmış, eskimiş",Türkçe emek + Farsça -dār,
emici,Emme özelliği olan [bitki bilimi],,
emniyetli,"İnanılır, güvenilir olan",,
emniyetsiz,"İnanılmaz, güvenilmez olan",,
emperyalist,"Emperyalizm yanlısı olan; yayılmacı, yayılımcı",Fransızca impérialiste,
empoze,"""Dayatmak"" anlamındaki empoze etmek birleşik fiilinde geçen bir söz",Fransızca imposé,
emsalsiz,"Eşi benzeri olmayan, bir benzeri daha bulunmayan",,
emzikli,Emziği olan | Çocuğunu emziren (kadın),,
emziksiz,Emziği olmayan,,
endamlı,Boyu uzun olan,,
endamsız,Boyu kısa olan,,
endeksli,Endekse bağlanmış,,
endemik,"Sadece bir bölgede yetişen veya yaşayan (bitki, hayvan) [bitki bilimi] | Belli bir bölgede salgın olmaksızın sık görülen (hastalık) [tıp]",Fransızca endémique,
ender,"Çok az, çok seyrek | Çok seyrek olarak, çok seyrek bir biçimde",Arapça ender,
enderunlu,Enderunda eğitim görmüş olan [tarih],,
endoskopik,Endoskopi yöntemi kullanılan; iç görümlü [tıp],İngilizce endoscopic,
enek,İğdiş edilmiş | Hadım edilmiş,,
enerjik,"Enerji ile ilgili | Güçlü ve hareketli, aktif olan | Aldığı kararları hızlı bir biçimde uygulayan",Fransızca énergique,
enez,"Hantal, vurdumduymaz olan",,
enfes,"Çok güzel, en güzel, çok nefis",Arapça enfes,
enflasyonist,"Enflasyonla ilgili, enflasyona dayanan, enflasyona bağlı [ekonomi]",Fransızca inflationniste,l ince okunur
engebeli,"Engebesi olan, engebesi çok olan; arızalı",,
engebesiz,Engebesi olmayan; arızasız,,
engelli,"Engeli olan; mânialı | Doğuştan veya sonradan herhangi bir nedenle bedensel, zihinsel, ruhsal, duyusal veya sosyal yeteneklerini çeşitli derecelerde kaybetmiş, toplumsal yaşama uyum sağlama ve günlük gereksinimlerini karşılama güçlükleri çeken (kimse)",,
engelsiz,"Engeli olmayan; mâniasız | Engeli, sıkıntısız, sakıncası olmayan bir biçimde",,
engin,"Değer ve fiyatı düşük olan | Yüksekte olmayan, alçak (yer); ingin, münhat",,
engin gönüllü,Alçak gönüllü olarak,,
enine boyuna,"Gösterişli, iri yarı olan | Çok ince ayrıntıları ile, eksiksiz bir biçimde",,
enjekte,İç itilmiş [tıp],Fransızca injecté,
enlice,Eni biraz geniş,,
ensesi kalın,"Güçlü, istediğini yapabilen, sözü geçer (kimse) | Zengin olan (kimse)",,
ensiz,Eni küçük olan; dar (I),,
entarilik,Entari yapılmaya uygun (kumaş),,
entegre,Bütünleşmiş,Fransızca intégré,
entelektüel,Fikir sorunlarıyla ilgili,Fransızca intellectuel,
enteresan,İlgi çekici; ilginç,Fransızca intéressant,
enterne,"""Gözaltına almak"" anlamındaki enterne etmek birleşik fiilinde geçen bir söz",Fransızca interné,
entipüften,"Değeri olmayan | Derme çatma, uydurma",,
entübe,Herhangi bir vücut kanalına veya boşluğuna özellikle solunum yoluna tüp yerleştirilmiş (hasta) [tıp],İngilizce intubate,
envaitürlü,"Çok değişik türleri olan, çeşit çeşit, türlü türlü olan; envaiçeşit, envaiçeşitli",,enva:itürlü
epidemik,Salgın hastalıkla ilgili,Fransızca épidémique,
epidemiyolojik,Epidemiyoloji ile ilgili [tıp],Fransızca épidémiologique,l ince okunur
Epikürcü,"Epikuros'un kurduğu felsefe akımını benimseyen, Epikürcülük yanlısı olan; Epikurosçu [felsefe]",,
epileptik,Sara hastalığı ile ilgili,Fransızca épileptique,
epistemolojik,Bilgi kuramı ile ilgili,Fransızca épistémologique,l ince okunur
epsem,"Ses çıkarmayan, susan",,
erdemli,"Erdemi olan; yüksek, faziletli, faziletkâr, efdal",,
erdemsiz,Erdemi olmayan; faziletsiz,,
erden,"Bakire olarak, bakire bir biçimde",,
erdişi,"Hem erkek hem dişi gametleri bulunan (birey); erselik, hünsa, hermafrodit [biyoloji] | Çiçekliğinde hem erkek hem dişi çiçeği bulunan (bitki); hermafrodit [bitki bilimi]",,
erekçi,Erekçilik yanlısı; finalist [felsefe],,
ereksel,Erek niteliğinde olan,,
erek bilimsel,Erek bilimi ile ilgili; teleolojik [felsefe],,
ergen,"Döl verebilecek duruma gelmiş olan; erin, yeni yetme, akil baliğ, baliğ",,
ergin,"Olmuş, yetişmiş, kemale ermiş | Kişisel haklarını kendi kullanabilmesi için yasanın gösterdiği on sekiz yaşına gelmiş olan (kimse); reşit [hukuk]",,
erigen,Çabuk eriyip dağılan,,
eriksi,"Eriği andıran, eriğe benzeyen, erik gibi",,
eril,Cinsiyet kategorisinin söz konusu olduğu dillerde erkek cinsten sayılan (kelime); müzekker [dil bilgisi],,
erincek,"Tembel, üşenen (kimse)",,
erinçli,Erinci olan,,
erinçsiz,Erinci olmayan,,
erişkin,Beden gelişimi tamamlanmış olan; kâhil [biyoloji],,
eriten,İçinde katı bir madde eriyebilen veya katı bir maddeyi eritebilen (sıvı) [kimya],,
erkekçil,Erkeğe düşkün,,
erkekli,Erkeği olan,,
erkekli kadınlı,Kadın erkek hep bir arada yapılan | Kadın erkek hep bir arada olarak,,
erkeksi,"Erkeği andıran, erkeğe benzeyen, erkek gibi; erkeğimsi, maskülen",,
erkeksiz,Erkeği bulunmayan | Erkek olmaksızın,,
erkenci,"Erken davranan (kimse) | Erken olgunlaşan veya yetişen (meyve, sebze) | Sabahın ilk saatlerinde harekete geçen",,
erkendoğan,"Gebeliğin otuz yedinci haftasından önce doğan (bebek); günsüz, prematüre [tıp]",,erke'ndoğan
erksiz,Muktedir olmayan,,
erotik,"Cinsel duyumlar veya onlara bağlı olan duyumların uyandırdığı duygu ve coşkularla ilgili olan; kösnül, şehvani, şehevi, erosal",Fransızca érotique,
ertesi,"Bir günün, haftanın, ayın, mevsimin, yılın ardından gelen (gün, hafta, ay, mevsim, yıl); ferdası",,
erzel,"Pek rezil | Alçak, soysuz olan",Arapça erẕel,
esaslı,"Köklü, geniş ölçüde etkili, güzel, doğru | Kuvvetli, etkili olan | Köklü, etkili, güzel bir biçimde, doğru olarak",,
esassız,"Sağlam bir temele dayanmayan, köksüz, asılsız olan | Doğru olmayan, yalan olan",,
esbak,"Eski, geçmiş, önceki",Arapça esbaḳ,
esefli,Üzüntülü olan,,
esen,"Ruhsal ve bedensel olarak sağlıklı, sıhhatli olan; salim",,
esenlikli,Esenliği olan,,
esersiz,Eseri olmayan,,
esintili,Esintisi olan,,
esintisiz,Esintisi olmayan,,
esirgeyici,"Koruyan, koruyucu",,
eskice,"Biraz eski, çok yeni olmayan",,
eskicil,Konuşulan ve yazılan dilde kullanımdan düşmüş olan (söz veya deyim); arkaik,,
eskimsi,"Eskiyi andıran, eskiye benzeyen, eski gibi",,
eski kafalı,Günün düşünce ve yaşayışına ayak uyduramayan (kimse),,
eski kurt,Mesleğinde uzmanlaşmış olan (kimse) | Bir işin hileli yanlarını bilen ve kolay aldatılamayan (kimse),,
eski püskü,"Çok eski, iyice eski",,
eslek,"Başkasının buyruk ve dileklerini yerine getiren, söz tutan, yumuşak başlı",,
esmerce,"Esmere yakın, biraz esmer olan",,
esmerimsi,"Esmere çalan, esmer gibi",,
esnek,"Bir dış gücün etkisi altında uzama, kısalma, eğrilme vb. biçim değişikliklerine uğradıktan sonra, etkinin kalkmasıyla eski biçimini alabilme özelliğinde olan; elastik, elastiki, streç | Değişik yorumlara elverişli | Görüş ve tutumlarında katı olmayan",,
espaslı,Espası olan,,
espressivo,"Duygulu, içten olan [müzik]",İtalyanca espressivo,espressi'vo
esprili,Esprisi olan | Espri yapma niteliğini taşıyan (kimse),,
esprisiz,Esprisi olmayan | Espri yapamayan | Derin anlamı olmayan,,
espritüel,"Yerinde ve zamanında, güzel ve hoş karşılanan, ince anlamlı, düşündürücü söz söyleyen, nükte yapan (kimse)",Fransızca esprituel,
essah,"Doğru, gerçek olan",Arapça eṣaḥḥ,
eşekçe,Kaba bir biçimde olan | (eşe'kçe) Kaba bir biçimde,,
eşeksi,"Eşeği andıran, eşeğe benzeyen, eşek gibi; eşeğimsi",,
eşeyli,"Erkek veya dişi eşeyden birine sahip olan, diğer eşey olmadan üreyemeyen cinsliği olan [biyoloji]",,
eşeysiz,Eşeyi olmayan; cinsliksiz [biyoloji],,
eşit,"Yapı, değer, boyut, nicelik ve nitelik bakımından birbirinden ne artık ne eksik olmayan (iki veya daha çok şey); müsavi | Aynı haklardan yararlanan, aynı düzeyde olan (kimse)",,
eşitçi,Eşitçilik yanlısı olan; müsavatçı,,
eşitsiz,Eşit olmayan; müsavatsız,,
eşit çenetli,İki çenedi birbirine eşit olan (yumuşakça) [hayvan bilimi],,
eşkenar,Kenarları eşit olan [geometri],,
eşkıyaca,Eşkıyaya yakışır | Eşkıyaya yakışır bir biçimde,,
eşkinli,Hızlı ve düzenli giden (at),,
eşkinsiz,Hızlı ve düzenli gitmeyen (at),,
eşlemeli,Eşlemesi yapılmış (film) [sinema],,
eşlemesiz,Görüntü ve ses kuşakları veya ses kuşakları arasında eşleme bulunmayan (film) [sinema] | Eşlemesi bozulmuş olan (film),,
eşlenik,"Herhangi bir biçimde birbiriyle oranlı bulunan (nokta, çizgi, sayı) [matematik]",,
eşli,Eşi olan | Eşi ile birlikte,,
eşlikçi,Eşlik eden,,
eşref,"Çok onurlu, çok şerefli",Arapça eşref,
eşsiz,"Eşi benzeri olmayan veya eşi benzeri görülmemiş olan; bulunmaz, yekta | Eş bulamamış, eşinden ayrılmış veya yanında eşi olmayan",,
eşyalı,Eşyası olan,,
eşyasız,Eşyası olmayan,,
eş adlı,Sesteş [dil bilgisi],,
eş anlamlı,"Anlamları aynı veya birbirine çok yakın olan (kelimeler); anlamdaş, müradif, müteradif, sinonim [dil bilgisi]",,
eş basınçlı,Basıncı hep aynı kalan [fizik],,
eş biçimli,"Biçim, yapı bakımından birbirinin benzeri veya aynısı olan; izomorfik [kimya]",,
eş değer,Değer yönünden birbirine eşit olan; muadil,,
eş değerli,Değerleri eşit olan | Eş biçimli olmadıkları hâlde yüz veya hacim ölçümleri eşit bulunan (biçim) [matematik] | Cebirde karşılıklı olarak çözümleri aynı olan (denklem sistemleri) [matematik],,
eş eksenli,Eksen ölçüleri eşit olan (motor),,
eş güdümlü,Aralarında eş güdüm bulunan; koordine,,
eş merkezli,Merkezleri aynı olan (iki veya daha çok şekil),,
eş sıcak,Sıcaklığı eşit olan (yeryüzü noktası); izoterm [coğrafya],,
eş zaman,"Aynı zaman içinde hareket eden; eş sürem, senkron, asenkron karşıtı",,
eş zamanlı,"Başlamalarıyla bitmeleri arasında geçen zaman eşit olan (olaylar); eş anlı, eş süremli, senkronik | Aynı zamanda oluşan",,
eteğine eğri,"İffetsiz, kötü (kadın)",,
eteğine pis,"Aşırı cinsel arzu duyan, şehvetli, tatmin olmayan",,
eteği arı,"Namuslu, iffetli",,
eteği belinde,Kıvrak ve hamarat (kadın),,
eteği belinde,Kıvrak ve hamarat,,
eteği düşük,Pasaklı veya düşkün (kadın),,
eteği temiz,"İffetli, namuslu (kadın)",,
etek belde,Bir işi yapmaya hazır olan,,
etek dolusu,"Pek çok, bol bol, alabildiğince fazla",,
eteneli,Etenesi olan,,
etenesiz,Etenesi olmayan,,
etiketli,Etiketi olan | Protokole uygun (davranış),,
etiketsiz,Etiketi olmayan,,
etine dolgun,Şişman sayılmayan; balıketinde,,
etkileşimli,Etkileşimi olan; interaktif,,
etkileşimsiz,Etkileşimi olmayan,,
etkileyici,"Etkileyebilecek özellikte olan; vurucu, karizmatik",,
etkili,"Etkisi olan; tesirli, müessir, patetik",,
etkin,"Hareket hâlinde olan; faal, aktif | Fiilde bulunan, etkinlik gösteren; faal, aktif; edilgin karşıtı [felsefe] | İşleyen, çalışan, faal olan | Kimyasal tepkimelere katılma yatkınlığı gösteren (molekül, atom) [kimya]",,
etkisiz,"Etkisi olmayan; kuvvetsiz, tesirsiz, nötr",,
etli,"İçinde et bulunan | Eti çok olan | Dolgun, kalın olan | Yenecek kısmı çok olan (meyve)",,
etli butlu,Oldukça şişman; bıllık bıllık,,
etli canlı,"Dolgun vücutlu, sağlıklı, güçlü",,
etnik,"Kavimle ilgili; budunsal, kavmî [toplum bilimi] | Bir sosyal grubun her türlü ırk, dil veya kültür özelliğine ait olan",Fransızca ethnique,
etnisiteci,"Kendi ırk, dil veya millî kimliğini öne çıkaran, üstün tutan | Etnik kökenler üzerinde çalışan",,
etnografik,Etnografya ile ilgili,Fransızca ethnographique,
etobur,"Dişleri et yiyecek biçimde gelişmiş, omurgalı, memeli (hayvan); etçil, karnivor [hayvan bilimi]",,e'tobur
etolojik,Etoloji ile ilgili,Fransızca éthologique,l ince okunur
etraflı,"Ayrıntılı, eksiksiz, kapsayıcı olan | Ayrıntılı, eksiksiz, kapsayıcı bir biçimde",,
etsel,Ete ait | Cinselliğe ait,,
etsiz,Eti olmayan,,
ettirgen,İşi başkasına yaptıran veya yapılmasına yol açan,,
evaze,Etek ucuna doğru genişleyen (giysi),Fransızca évasé,
evcil,"Eve ve insana alışmış, kendisinden yararlanılabilen (hayvan); ehlî, yabani karşıtı | Yerli olan",,
evcimen,"Evine, ailesine çok bağlı (kimse) | Ev işlerini iyi bilen, becerikli (kadın) | Evinde kendi hâlinde oturan, dışarıya çıkmayı sevmeyen",,
evinli,Özlü ve dolgun (tohum),,
evinsiz,"Boş, kof olan",,
evirgen,"İşini bilen, ölçülü ve hesaplı iş gören",,
evirtik,Evirtime uğramış [kimya],,
evi sırtında,Yeri yurdu olmadan herhangi bir yerde yaşayan | Çok az olan eşyasını hemen yüklenip göçebilen,,
evla,Daha iyi,Arapça evlāʾ,"evla:, l ince okunur"
evladiyelik,Uzun yıllar eskimeden kalacak kadar dayanıklı (eşya),,"evla:diyelik, l ince okunur"
evlatlı,Evladı olan,,
evlatsız,Evladı olmayan | Evlat olmadan,,
evli,Evlenmiş olan (kadın veya erkek) | Herhangi bir sayıda ev bulunan (yer) | Evi olan,,
evlilik dışı,"Yasal olmayan, yasaya uygun olmayan; gayrimeşru",,
evli barklı,"Evlenmiş, çocukları olan (kimse)",,
evrensel,"Evrenle ve onun genel düzeniyle ilgili; kozmik | Bütün insanlığı ilgilendiren; âlemşümul, cihanşümul, kozmik, üniversal | Dünya ölçüsünde, dünya çapında",,
evrik,"Başka bir önermeye, teoreme veya probleme göre terimleri ters durumda olan (önerme, teorem veya problem) [matematik]",,
evrilir,"Konu ile yüklemin birbirinin yerine geçmesiyle doğruluğu bozulmayan (önerme): ""Her insan güler"" evrilir bir önerme sayılır çünkü ""her gülen insandır"" yargısı yanlış olmaz [mantık] | Alıcıda kullanılıp kimyasal işlemden geçtikten sonra doğrudan doğruya pozitife dönebilen (film) [sinema]",,
evrimci,Evrimcilik yanlısı olan kimse [felsefe] | Evrimcilikle ilgili,,
evrişik,"Evirme yoluyla elde edilen (önerme): ""Her insan güler"" önermesinin evrişiği, ""her gülen insandır"" biçiminde olur [mantık]",,
evsiz barksız,"Başını sokacak yeri olmayan; odsuz ocaksız | İşsiz güçsüz, avare, başıboş olan",,
evvel,"İlk gelen, ilk olan",Arapça evvel,
evvelki,"İki önceki (gün, hafta, ay, yıl); evvelsi",,
evvelsi,Önce olan,,
eyerli,"Eyer vurulmuş, sırtına eyer konulmuş (at)",,
eyersiz,"Eyer vurulmamış, sırtına eyer konulmamış (at)",,
eylemli,"Eylem durumunda olan; fiilî | Ünvanının karşılığı olan kadroda bulunan, kadrolu olarak çalışan (doçent veya profesör)",,
eylemsel,"Eylem durumunda olan, eylemle ilgili",,
eylemsiz,"Eylemi olmayan | Akademik ünvanını kazandığı hâlde kendisine kadro verilmemiş olan, ünvanının mali imkânlarından faydalanamayan (doçent veya profesör)",,
eytişimsel,Diyalektik ile ilgili,,
ezani,Ezanla ilgili,Arapça eẕānī,eza:ni:
ezansız,Ezan okunmayan (yer),,
ezgili,Ezgisi olan; melodik,,
ezgin,"Paraca durumu bozuk olan (kimse) | Çok cefa görmüş (kimse) | Çürük, ezik (meyve) | Sıkıntı veren",,
ezgince,Ezgin bir biçimde olan | (ezgi'nce) Ezgin bir biçimde,,
ezgisel,Ezgiye özgü,,
ezici,"Ezme işini yapan (kimse veya şey) | Yıpratan, bunaltan, sıkıntılı olan | Üstün gelen, yok eden, ağır basan",,
ezik büzük,Ezilmiş ve büzülmüş olan | Ezilmiş ve büzülmüş bir biçimde,,
ezilgen,Kolayca ezilip toz durumuna gelen,,
ezilmiş,"Ezik duruma gelmiş | Kendisine baskı yapılmış, hakları elinden alınmış",,
eziyetli,"Eziyet çekerek yapılan; zahmetli | Eziyet veren, eziyet çektiren; üzgülü",,
eziyetsiz,"Eziyet çekmeden yapılan; zahmetsiz | Eziyet vermeyen, eziyet çektirmeyen; üzgüsüz",,
fabrikasyon,"Fabrikada üretilerek tüketime hazır duruma getirilen (madde) | Pek değeri olmayan, herhangi bir özellik taşımayan (ürün)",Fransızca fabrication,
facialı,"Facia içeren, facia gibi karşılanan",,
façalı,"Havalı, gösterişli olan",,
façetalı,Üzerinde façetaları bulunan,,
façetasız,Üzerinde façetaları bulunmayan,,
fağfuri,"Çin’de yapılmış olan (kâse, tabak, vazo vb. porselen eşya)",Farsça faġfūr + Arapça -ī,fağfu:ri:
fahiş,"Ölçüyü aşan, aşırı, çok fazla olan | Ahlaka ve törelere uygun olmayan",Arapça fāḥiş,fa:hiş
fahur,"Çok övünen, çok böbürlenen",Arapça faḫūr,
failimuhtar,"Kendi isteğiyle hareket eden, isteğini yapmakta serbest olan",Arapça fāʿil + muḫtār,fa:ilimuhtar
faili meçhul,Kimin yaptığı belli olmayan veya bilinmeyen,,
faizli,"Faizi olan, faizle işlem gören (para)",,
faizsiz,Faizi olmayan (para),,
fakatlı,"Herhangi bir bahane, şart ileri süren | ""Fakat"" sözünü kullanan | Herhangi bir bahane ileri sürerek | ""Fakat"" sözünü kullanarak",,
fakatsız,"Herhangi bir bahane, şart ileri sürmeyen | ""Fakat"" sözünü kullanmayan | Herhangi bir bahane ileri sürmeden | ""Fakat"" sözünü kullanmadan",,
fakirane,"Fakir gibi, fakire uygun düşen",Arapça faḳīr + Farsça -āne,faki:ra:ne
fakirce,Yoksula benzer | (faki'rce) Fakire benzer bir biçimde,,
fakir kol,"Kol boyu dirsek ile bilek arasında olan (giysi); truvakar, truvakar kol",,
fakülteli,Fakülte öğrencisi olan (kimse),,
falakalı,Falakası olan,,
falakasız,Falakası olmayan,,
falanıncı,Söylenmesi gerekli görülmeyen sıra sayısı yerine kullanılan bir söz; filanıncı,,
falçatalı,Falçatası olan,,
falçatasız,Falçatası olmayan | Falçata olmadan,,
falsolu,"Yanlış, hatalı, kusurlu olan | Uygun ve yerinde olmayan | Top döne döne ve ekseninden kayarak; kavisli [spor]",,
falsosuz,"Hatasız, kusursuz olan | Hatasız, kusursuz bir biçimde | Top dönmeden ve ekseninden kaymadan; kavissiz [spor]",,
fan,"Bir şeye, bir kimseye aşırı hayranlık duyan (kimse)",(fanatik sözünden),
fanatik,"Bir kimse, grup, takım vb.ne aşırı bağlı olan",Fransızca fanatique,
fanfan,Konuşması çok iyi anlaşılmayan (kimse),,
fantezili,Fantezisi olan; fantazyalı,,
fantezisiz,Fantezisi olmayan,,
fanuslu,Fanusu olan,,
fanyalı,"Fanyası bulunan, fanya eklenmiş olan",,
fare suratlı,"Çirkin yüzlü, sevimsiz (kimse)",,
farfara,Çok konuşan | Yüksek sesle konuşan | Çok övünen,Arapça ferfere,
fariğ,"Vazgeçmiş, çekilmiş | Sıkıntısız, rahat | Bir mülkün kullanma hakkını başkasına bırakan [hukuk]",Arapça fāriġ,fa:riğ
farklı,"Aralarında fark bulunan; değişik, ayrımlı, daha bir, alternatif",,
farklıca,Biraz farklı; ayrımlıca | (farklı'ca) Farklı bir biçimde; ayrımlıca,,
farksız,Farkı olmayan; ayrımsız,,
farmakolojik,İlaç bilimi ile ilgili [tıp],Fransızca pharmacologique,l ince okunur
fasarya,"Boş, anlamsız olan (söz) | İşe yaramaz, yeteneksiz olan",Rumca,fasa'rya
fasa fiso,"Değer ve önemi olmayan, boş (şey veya söz)",,fa'sa fi'so
fasık,"Allah'ın emirlerini tanımayan, sapkın, günah işleyen | Kötülük eden",Arapça fāsiḳ,fa:sık
fasılasız,"Durmadan, ara vermeden",,
fasih,Açık ve düzgün (anlatış) | Açık ve düzgün konuşma yeteneği olan | Açık ve düzgün bir biçimde,Arapça faṣīḥ,
fasit,"Kötü, işe yaramaz olan",Arapça fāsid,fa:sit
fasulyemsi,"Fasulyeyi andıran, fasulyeye benzeyen, fasulye gibi",,
faşizan,Faşist eğilimli,Fransızca fascisant,
faturalı,Faturası olan,,
faturasız,Faturası olmayan,,
faullü,"Faulü olan, faul yapmış olan | Faul yaparak",,
faulsüz,"Faulü olmayan, faul yapmayan | Faul yapmadan",,
favorili,Favorisi uzun olan,,
favorisiz,Favorisi olmayan,,
fazıl,"Faziletli, erdemli olan (kimse)",Arapça fāżil,fa:zıl
fazıla,"Faziletli, erdemli olan (kadın)",Arapça fāżila,fa:zıla
fazla,"Gereğinden, alışılmıştan çok, aşırı olan; ziyade | Daha çok; aşkın | Artmış olan, ihtiyaçtan fazla olan | Gereksiz, yersiz bir biçimde | Gereğinden, alışılmıştan çok olarak",Arapça fażla,
feci,Çok acıklı,Arapça fecīʿ,feci:
federal,Federasyon durumunda birleşmiş olan,Fransızca fédéral,l ince okunur
federatif,Federalizme bağlı veya uygun olan,Fransızca fédératif,
felaketli,Felaket getiren,,
felaketzede,Felakete uğramış (kimse),Arapça felāket + Farsça -zede,"fela:ketzede, l ince okunur"
felsefi,"Felsefe ile ilgili, felsefeye ilişkin",Arapça felsefī,felsefi:
fena,"İstenilen ve gereken nitelikte olmayan (kimse) | Hoşa gitmeyen, rahatsız edici | Davranışları toplumun ahlak anlayışına uymayan",Arapça fenāʾ,fena:
fenerli,Feneri olan,,
fenersiz,Feneri olmayan,,
fennî,"Fenle ilgili | Bilimsel yöntemlere, tekniğe uygun biçimde yapılan | Bilimsel yöntemlere, tekniğe uygun biçimde iş gören",Arapça fennī,fenni:
fenomenal,"Şaşılacak, olağanüstü olan | Olguya ilişkin",Fransızca phénoménal,l ince okunur
feodal,Derebeylikle ilgili,Fransızca féodal,l ince okunur
feraceli,Ferace giymiş olan,,
feracelik,Ferace yapmaya elverişli (kumaş),,
feracesiz,Ferace giymemiş olan,,
feragatli,"Vazgeçebilen, özveride bulunabilen, özveri gösterebilen",,
ferah,"Bol, geniş olan | Havadar, aydınlık, iç açıcı olan (yer); ferahlı",Farsça ferāḫ,
ferih,"Çok sevinçli, neşeli olan",Arapça ferīḥ,
feriştah,"En iyi, en üstün",Farsça firişte,
ferli,"Parlak olan (göz, ışık)",,
fermanlı,Hükûmete karşı gelmek suçuyla aranan ve cezalandırılması için hakkında ferman çıkan (kimse) [tarih] | Kimseden korkusu olmayıp dilediği gibi davranan,,
fermeneli,Fermenesi olan,,
fersahlık,Arası ... fersah olan,,
fersiz,"Donuk, cansız olan (göz, ışık, yüz)",,
fersude,"Eskimiş, yıpranmış, aşınmış",Farsça fersūde,fersu:de
ferî,"Ayrıntılarla ilgili, ayrıntı niteliğinde olan | İkinci dereceden",Arapça ferʿī,feri:
fesleğenli,Fesleğeni olan,,
fesleğensiz,Fesleğeni olmayan,,
fettanca,Fettan gibi | (fetta'nca) Fettana uygun bir biçimde,,
fettane,"Cilveli, gönül alıcı (kadın)",Arapça fettāne,fetta:ne
fevkalade,"Alışılmış olandan ayrı | Aşırı, çok fazla olan | Aşırı bir biçimde | ""Çok iyi, çok üstün, çok güzel"" anlamlarında beğeni ifade eden bir söz",Arapça fevḳ + ʿāde,"fe'vkala:de, l ince okunur"
fevkalbeşer,Üstün nitelikli (kimse),Arapça fevḳ + beşer,fe'vkalbeşer
fevkani,"Üstte olan, üstteki",Arapça fevḳānī,fevka:ni:
fevri,"Birdenbire, düşünmeden yapan",Arapça fevrī,fevri:
feyizli,"Çok ürün veren, verimli olan",,
fıkır fıkır,"Cilveli, oynak olan | Fıkır sesi çıkararak",,
fıkramsı,"Fıkrayı andıran, fıkraya benzeyen, fıkra gibi",,
fıldır,Hızlı hareket eden,,
fırçalı,Fırçası olan,,
fırfırlı,"Fırfırı olan; farbalalı, farbalı",,
fırfırsız,"Fırfırı olmayan; farbalasız, farbasız",,
fırınlı,Fırınlanmış,,
fırınlık,Fırında pişirilmeye hazır (yemek),,
fırlak,"Dışarı doğru fırlamış, çıkmış, çıkık olan",,
fırsat düşkünü,Kötülük yapmak için fırsat kollayan (kimse),,
fırsat yoksulu,Eline fırsat geçmeyen (kimse),,
fırtınalı,"Çok rüzgârlı | Çok tartışmalı, çekişmeli, gürültülü, karışık",,
fırtınamsı,"Fırtınaya benzer, fırtına gibi",,
fısfıslı,Püskürtme özelliği olan,,
fışırtılı,Fışırtı sesi çıkaran,,
fışırtısız,Fışırtı sesi çıkarmayan,,
fıtıklı,Fıtığı olan,,
fidanca,"Fidana benzeyen, fidanı andıran",,
fidan boylu,"İnce, uzun ve biçimli (kimse)",,
figüratif,"Dış gerçeği somut biçimde yansıtan, içinde insan, hayvan ve doğa ögeleri bulunan (resim veya heykel); betili",Fransızca figuratif,
figürlü,Figürü olan,,
figürsüz,Figürü olmayan,,
fiili bozuk,Ahlakça düşük (kimse),,
fiilî,"Sözde kalmayıp gerçekten yapılan, yapılmış ve yapılmakta olan",Arapça fiʿlī,fiili:
fikirli,Herhangi bir konu üzerinde düşüncesi olan; düşünceli,,
fikirsiz,"Herhangi bir konu üzerinde düşünemeyen, görüşü olmayan; düşüncesiz",,
filantrop,"İnsansever, insanların iyiliği için çalışan (kimse)",Fransızca philantrope,l ince okunur
filarlı,Fiları olan,,
filarsız,Fiları olmayan,,
filigranlı,Filigranı olan,,
filikalık,Herhangi bir filika sayısında olan,,
filintalı,Filintası olan,,
filizli,Filizi olan,,
filozofça,Filozofa yakışan; feylesofça | (filozo'fça) Filozofa yaraşır bir biçimde; feylesofça,,l ince okunur
filozofik,"Felsefe ile ilgili, felsefeye dayanan",Fransızca philosophique,l ince okunur
filsi,"Fili andıran, file benzeyen, fil gibi",,
filtreli,Filtre takılmış olan,,
filtresiz,Filtre takılmamış olan,,
finanse,"""Akçalanmak"" anlamındaki finanse edilmek, ""akçalamak"" anlamındaki finanse etmek birleşik fiillerinde geçen bir söz [ekonomi]",Fransızca financé,
fincanlık,Miktarı herhangi bir fincan kadar olan | Herhangi bir sayıda fincan alabilecek genişlikte olan,,
fingirdek,"Yerinde duramayan, hareketli, cilveli olan; fıkırdak, fındıkçı, kaynaşık, yelli",,
fingir fingir,"Oynak, cilveli olan",,
firaklı,"Üzüntülü, dokunaklı, içe işleyen",,
firari,"Kaçak, kaçkın, kaçmış olan (kimse)",Arapça firārī,fira:ri:
fiskal,Hazineye ilişkin | Vergiye ilişkin,Fransızca fiscal,l ince okunur
fistanlı,Fistan giymiş,,
fistanlık,Fistan yapmaya elverişli,,
fistansız,Fistan giymemiş,,
fistolu,Üzerine fisto dikilmiş olan,,
fişekli,İçinde fişek bulunan,,
fişeklikli,Fişekliği olan,,
fişeksiz,İçinde fişeği bulunmayan,,
fişli,Fişe yazılmış olan | Fişi olan | Güvenlik kuruluşlarında kaydı bulunan (kimse),,
fişsiz,Fişi olmayan,,
fitilli,Fitili olan veya fitille ateşlenen | Üzerinde dokuma doğrultusunda fitiller olan (kumaş),,
fitilsiz,Fitili olmayan,,
fitneci,"Fitne çıkaran, ara bozuculuk yapan; cazgır, karıştırıcı, fettan, fitne fücur, fitne kumkuması",,
fitopatolojik,Fitopatoloji ile ilgili [bitki bilimi],Fransızca phytopathologique,l ince okunur
fiyaskolu,Fiyasko veren,,
fiyaskosuz,Fiyasko vermeyen,,
fiyatlı,Fiyatı olan,,
fiyonklu,Fiyongu olan,,
fiyonksuz,Fiyongu olmayan,,
fiziksel,"Fizikle ilgili olan | Genel olarak doğaya, maddeye, nesnelere ilişkin olan; fiziki",,
fizyokrat,"XVIII. yüzyılda ortaya çıkan, tarım emeğinin üretici emek olduğunu ve yalnızca bu emeğin değeri yarattığını ileri süren ekonomi görüşünü savunan",Fransızca physiocrate,
fizyolojik,"Fizyoloji ile ilgili, vücutla ilgili | Normal, doğal olarak işleyen",Fransızca physiologique,l ince okunur
flörtlü,Flörtü olan,,
flörtsüz,Flörtü olmayan | Flört etmeden,,
fodul,"Üstünlük taslayan, kibirlenen",Arapça fuḍūl,
fodulca,Fodul gibi | (fodu'lca) Fodula yaraşır bir biçimde,,
fokurdak,Fokurdama özelliği olan,,
fonksiyonel,Bir kimyasal fonksiyon ile ilgili [kimya],Fransızca fonctionnel,
fonojenik,Sesi radyoya veya fonografa uygun olan (kimse),Fransızca phonogénique,
formalık,"Forma yapmak için ayrılmış, forma yapmaya uygun | Herhangi bir sayıda forması olan",,
formaliteli,Formalitesi olan,,
formalitesiz,Formalitesi olmayan,,
formatlı,"Bilgisayarda kullanılabilir duruma getirilmiş | Bilgisayarda zararlı ögelerden temizlenmiş (disket, YD vb.)",,
formatsız,"Bilgisayarda kullanılabilir duruma getirilmemiş | Bilgisayarda zararlı ögelerden temizlenmemiş (disket, YD vb.)",,
formatsızlık,Formatsız olma durumu,,
formüle,"""Bir düşünceye bir anlatım biçimi vermek"" anlamında kullanılan formüle etmek birleşik fiilinde geçen bir söz",Fransızca formulé,
formüllü,Formülü olan,,
formülsüz,Formülü olmayan,,
forse,"“Gücünü hissettirmek, güç uygulamak” anlamlarındaki forse etmek birleşik fiilinde geçen bir söz",Fransızca force,
forslu,"Üzerine fors çekilmiş (gemi, otomobil) | Sözü geçen",,
fos,"Sonu boş olan (iş, olay)",,
fosfatlı,İçinde fosfat olan,,
fosfatsız,İçinde fosfat olmayan,,
fosforışıl,Fosforışı özelliği olan [fizik],Fransızca phosphore + Türkçe ışıl,fosfo'rışıl
fosforlu,"Bileşiminde fosfor olan | Işıklı, parlak olan | Alımlı, gösterişli olan",,
fosforsuz,Fosfor içermeyen | Fosfor olmadan,,
fosilli,İçinde fosil bulunan; taşıllı,,
fotoğrafik,Fotoğrafla ilgili | Fotoğraf gibi,Fransızca photographique,
fotojen,"Işık yaratan, doğuran",Fransızca photogène,
fotojenik,"Işığın bazı cisimler üzerine yaptığı kimyasal etki ile ilgili veya bu etkileri yaratma özelliği taşıyan [fizik] | Fotoğraf kâğıdını çok etkileyen | Fotoğrafta veya sinema filminde güzel bir etki bırakan (yüz, duruş)",Fransızca photogénique,
fotomekanik,Fotoğraftan baskı klişesi elde etmek için uygulanan her türlü yöntem,Fransızca photomécanique,fo'tomekanik
fötrlü,Fötr şapkası olan,,
fötrsüz,Fötr şapkası olmayan,,
fraklı,Frak giymiş olan,,
fraksız,Frak giymemiş olan,,
francalalık,Francala yapmaya uygun olan (un),,
franklık,Frank değerinde olan,,
frapan,"Göz alıcı, göze çarpıcı, alımlı olan",Fransızca frappant,
free-lance,343 bağımsız,İngilizce free-lance,
frengili,Frengi hastalığına tutulmuş olan,,
frenleyici,"Bazı organların çalışmasını engelleyen | Engelleyen, ilerlemeye, gelişmeye engel olan",,
frenolojik,Frenoloji ile ilgili,Fransızca phrénologique,l ince okunur
frijit,Cinsel bakımdan soğuk (kadın),Fransızca frigide,
fuzuli,"Yersiz, gereksiz olan | Yersiz, gereksiz bir biçimde",Arapça fużūlī,fuzu:li:
fürumaye,"Sütü bozuk, mayası bozuk, soysuz olan",Farsça furū + māye,füru:ma:ye
fütursuz,"Hiçbir şeye aldırmayan, hiçbir şeyden çekinmeyen",,
gacırtılı,Gacırtısı olan,,
gacırtısız,Gacırtısı olmayan,,
gaddar,"Acıması olmayan, başkalarına haksızlık eden, merhametsiz, katı yürekli, insafsız davranan; kıyak, kıyıcı (III)",Arapça ġaddār,
gaddarca,"Gaddara yakışır, gaddara uygun | (gadda'rca) Gaddara yakışır bir biçimde; gaddarcasına, insafsızca",,
gaffar,"Kullarının günahlarını affeden, bağışlayan (Tanrı) [din bilimi]",Arapça ġaffār,
gafur,"Çok bağışlayıcı, merhamet eden ve bağışlayan (Tanrı) [din bilimi]",Arapça ġafūr,gafu:r
gagamsı,"Gagayı andıran, gagaya benzeyen, gaga gibi",,
gaga burun,Burnu uzun ve aşağıya doğru kıvrık olan (kimse),,
gaileli,"Başa dert olan, üzüntü veren, gaile çıkaran | Sıkıntısı olan, dertli",,
gailesiz,"Gaile çıkarmayan | Gailesi olmayan, dertsiz, huzurlu, dinç olan",,
galeyanlı,Galeyana gelmiş olan,,
galip,"Bir yarışma, karşılaşma, çatışma vb. sonunda yenen, üstün gelen, başarı kazanan",Arapça ġālib,ga:lip
galiz,Kaba ve çirkin,Arapça ġalīẓ,
galoşlu,Galoşu olan,,
galoşsuz,Galoşu olmayan,,
galvanize,Paslanmaktan korumak için erimiş çinkoya batırılarak kaplanmış [teknik],Fransızca galvanisé,l ince okunur
galvanizli,Galvanizlenmiş (madde),,
galvanizsiz,Galvanizlenmemiş (madde),,
gamalı,"Bazı eski dinlerin ve Nazizm'in sembolü olan, uçları Yunancanın gama harfi biçiminde kırılmış (haç)",,
gametli,"Gameti olan, gamet oluşturan",,
gametsiz,Gameti olmayan,,
gamlı,Sıkıntı veya üzüntü veren,,
gamsız,"Olayları kendine dert etmeden geçiştiren, aldırış etmeyen; tasasız",,
gamzeli,Gamzesi olan,,
gamzesiz,Gamzesi olmayan,,
gani,"Bol, çok olan | Zengin, varlıklı olan",Arapça ġanī,gani:
gani gönüllü,"Cömert, eli açık olan (kimse)",,
garami,"Düşünceden çok, canlı duygulara ve aşka dayanan (sanat eseri)",Arapça ġarāmī,gara:mi:
garazlı,"Kin güden, garazı olan; garazkâr | Hedefi, gayesi olan",,
garazsız,"Kin beslemeyen, garazı olmayan | Amacı, gayesi olmayan",,
gariban,"Kimsesiz, zavallı, garip olan",Arapça ġarīb + Farsça -ān,
garip,"Kimsesiz, zavallı olan | Yabancı, gurbette yaşayan; elgin | Şaşılacak bir şey karşısında söylenen söz | Dokunaklı, hüzün veren",Arapça ġarīb,
garnitürlü,Garnitürü olan,,
garnitürsüz,Garnitürü olmayan,,
Garpkâri,Batı örneklerine benzer,,garpkâ:ri
garson boy,"Ergenlik dönemi çocuklarının beden ölçülerine uygun olan (elbise, boy pos vb.)",,
gastroenterolojik,Sindirim bilimi ile ilgili,Fransızca gastro-entérologique,l ince okunur
gayretkeş,"Yan tutan, kayıran",Arapça ġayret + Farsça -keş,
gayretli,"Çalışkan, çaba gösteren",,
gayretsiz,"Çalışmayan, çaba göstermeyen",,
gayrimaddi,Maddi olmayan,Arapça ġayr + māddį,ga’yrimaddi:
gayrimemnun,"Bulunduğu durumdan, yapılan işten memnun olmayan",Arapça ġayr + memnūn,ga'yrimemnun
gayrimeskûn,"Yerleşilmemiş, üstünde oturulmayan boş (yer)",Arapça ġayr + meskūn,ga'yrimeskûn
gayrimillî,Millî olmayan,Arapça ġayr + millį,ga'yrimilli:
gayriresmî,Devletin koyduğu kurallar dışında kalan,Arapça ġayr + resmī,ga'yriresmî:
gayrişahsi,"İnsanın kişiliğine ait olmayan, kendi dışında olan",Arapça ġayr + şaḫṣī,ga'yrişahsi:
gayritabii,Acayip bir biçimde,Arapça ġayr + ṭabīʿī,ga'yritabi:i:
gayur,"Gayreti olan, gayretli, çok çalışkan",Arapça ġayūr,
gazaplı,"Öfkeli, kızgın, hiddetli olan",,
gazapsız,"Öfkeli, kızgın, hiddetli olmayan",,
gazelimsi,"Gazeli andıran, gazele benzeyen, gazel gibi",,
gazışıl,"Gazışı ile ilgili, gazışı saçabilen [fizik]",,ga'zışıl
gazlı,Gazı olan veya gaz bulaşmış olan,,
gazsız,İçinde gaz olmayan veya gaz bulaşmamış olan | Gaz olmadan,,
gebe,"Karnında yavru bulunan (kadın veya hayvan); yüklü, hamile, iki canlı, aylı | İçinde oğulcuk veya dölüt bulunan (döl yatağı) [tıp] | Bir birikim sonucu ortaya çıkması beklenen (durum veya olaylar) | Minnet altında kalan",,
geberesice,"“Gebermesi gereken, gebermeye layık olan” anlamında söylenen bir ilenme sözü",,
geberik,"Ölü, ölmüş",,
gebeş,"Karnı şiş olan (kimse) | Göbeği öne çıkık, bodur ve şişman (kimse) | Aptal, sersem (kimse) | Tembel, uyuşuk, beceriksiz (kimse)",,
gececil,"Gece hayatını seven (kimse) | Geceleri uyumayan (kimse) | Gündüzleri dinlenen, geceleri hareket eden veya avlanan (hayvan)",,
geceki,"Geceye özgü, gece olan, gece yapılan",,
gecikmeli,"Gecikmesi olan; tehirli, rötarlı",,
gecikmesiz,"Gecikmesi olmayan; tehirsiz, rötarsız",,
geç,"Belirli zamandan sonra olan | Kararlaştırılan, beklenen veya alışılan zamandan sonra, erken karşıtı",,
geçdoğan,Normal zamanından sonra doğan (bebek); postmatüre [tıp],,ge'çdoğan
geçeli,Geçesi (II) olan,,
geçen,"Bir önceki (hafta, ay, yaz, kış vb.)",,
geçerli,"Yürürlükte olan, uygulanan; meri, muteber [hukuk] | Beğenilen, tutulan",,
geçersiz,"Yürürlükten çıkarılmış, hükümsüz olan; batıl",,
geçer akçe,"Herkesçe aranan, beğenilen",,
geçimli,Çevresindekilerle iyi geçinen,,
geçimsiz,"Çevresindekilerle iyi geçinemeyen, kavga çıkaran; dirliksiz",,
geçirgen,"Gaz, sıvı vb.ni içinden kolaylıkla geçiren [fizik] | Sıvıların geçmesine elverişli (kayaç); geçirimli [jeoloji]",,
geçirimsiz,Geçirgenliği olmayan,,
geçişken,Bir durumdan başka bir duruma geçme özelliği olan | Birbirine etki edebilen,,
geçişli,"Nesne alan (fiil); müteaddi: sevmek (okuma-yı sevmek), görmek (ev-i görmek), içmek (süt-ü içmek) vb [dil bilgisi]",,
geçişsiz,"Nesne almayan (fiil); lazım: gülmek, ağlamak, düşmek, gitmek, barışmak vb [dil bilgisi]",,
geçiştirici,"Tedavi edici etkisi olmayan, ağrı ve sızıları geçici olarak azaltan, dindiren (ilaç vb.); palyatif [tıp]",,
geçkin,"İhtiyarlamaya yüz tutmuş, yaşlanmış | Gereğinden çok olgun veya solmaya başlamış (bitki)",,
geçkince,Yaşı biraz ilerlemiş olan,,
geçmeli,Geçmesi olan,,
geçmez,Kullanımı olmayan | Değerini yitirmiş,,
geçmişi kınalı,"Yaramaz, kötü (kimse); geçmişi kandilli",,
geçmişli,Bir geçmişi olan,,
geçmişsiz,Bir geçmişi olmayan | Geçmişi olmadan,,
gelecekçi,Gelecekçilik yanlısı olan; fütürist,,
geleğen,Ana ırmağa karışan (akarsu) [coğrafya],,
gelen,Gelme işini yapan (kimse veya nesne) | Bir ışık kaynağından çıkıp bir aynanın yüzüne veya saydam bir cismin yüzeyine düşen (ışın) [fizik],,
gelenekçi,Geleneklere bağlı kimse; ananeci,,
gelenekli,"Geleneği olan, geleneklere dayanan; ananeli",,
geleneksel,"Geleneğe dayanan, gelenekle ilgili olan; anadan görme, gelenekli, ananevi, tradisyonel",,
geleneksiz,"Geleneği olmayan, geleneklere dayanmayan; ananesiz",,
gelen giden,"Gelenler, uğrayanlar, ziyaret edenler, gelip geçenler; gelen geçen",,
gelgeççi,"Gelip geçici, sebatkâr olmayan (kimse)",,
gelgelli,"Gelgeli olan, alımlı olan",,
gelimli gidimli,Gelinen ve bir süre kalınıp gidilen,,
gelip geçici,"Sürekli olmayan, kısa süreli",,
gelirli,Geliri olan,,
gelirsiz,Geliri olmayan,,
gelişigüzel,"Herhangi bir; rastgele, lalettayin, alelıtlak | Âdet yerini bulsun diye; alelusul",,gelişi'güzel
gelişimsel,Gelişimle ilgili olan | Gelişime ilişkin,,
gelişkin,Gelişmiş olan; mütekâmil,,
gelişmiş,"Gelişme gösteren, ümranlı",,
gelmiş geçmiş,Bugüne kadar gelmiş olan,,
gen,"Üçgen, dörtgen vb. geometri terimlerinde ""kenarlı"" anlamıyla kullanılan bir söz",,
gen,Bir süre sürülmeyerek boş bırakılmış (tarla),,
gencecik,"Çok genç; gepegenç, gepegencecik",,
genç,"Yaşı ilerlememiş olan, ihtiyar karşıtı | Çocukluktan çıkmış yetişkin kimse | Gelişmesini tamamlamamış olan (bitki, hayvan) | Gençlikteki özelliklerini koruyan; dinç | Zihin bakımından yeterince gelişmemiş; toy (I) | Yeni gelişmekte olan, kısa bir geçmişi olan",,
gençten,Genç sayılan (kimse),,
genç irisi,Yaşına göre çok serpilip büyümüş,,
genel,"Bir şeye veya bir kimseye özgü olmayıp onun bütün benzerlerini içine alan; umumi | Ayrıntıları göz önüne alınmayarak bütünü bakımından ele alınan | Yetkisi ve sorumluluğu çok olan | Herkesin yararlanabileceği (yer, nesne) | Bir genelleme sonucunda elde edilen | Belirli veya kesin olmayan",,
genelgeçer,"Toplum tarafından kabul edilen, hemen herkesçe benimsenen",,gene'lgeçer
genel görünümlü,Dıştan görünüşlü; panoramik,,
geniş,"Eni çok olan; enli, gen (I), vâsi | Alanı büyük olan; makro, dar karşıtı | Bol olan (elbise) | Kapsamı büyük, dar sınırlar içinde kalmayan, yaygın olan; makro | Kolay kolay tasalanmayan, hoşgörülü, rahat olan | Çok fazla",,
genişçe,Biraz geniş | Uzun uzun | Bol bol,,
geniş çaplı,"Ayrıntılı, bütün yönleri içine alan | Derinlemesine, bütün yönleriyle",,
geniş gönüllü,Her olayı hoş karşılayan (kimse),,
geniş görüşlü,Konuları çok yönlü değerlendiren (kimse),,
geniş ufuklu,Görüşü ve bakış açısı geniş olan (kimse),,
geniş yürekli,"Hemen, çabucak telaş göstermeyen, merak etmeyen, tasasız (kimse)",,
genizsil,"Genizde oluşan (ses); genzel, nazal [dil bilgisi]",,
gensel,"Genlerden gelen, genlerle ilgili",,
genzek,Genizden konuşan,,
geometrik,Geometriyle ilgili veya geometriye uygun olan; hendesi,Fransızca géométrique,
gepgenç,"Çok genç | Çok genç olarak, çok gençken",,ge'pgenç
gerçeğe uygun,Gerçeğe uyan,,
gerçekçi,Gerçeği gören ve ona göre davranan veya gerçeğe uygun olarak yapılan; realist | Gerçekçilik yanlısı olan; realist,,
gerçekli,"Gerçeklenmiş, gerçek olduğu anlaşılmış | Gerçeği olan, gerçeği bulunan",,
gerçeküstücü,"Gerçeküstücülükten yana olan; sürrealist | Gerçeküstücülükle ilgili olan (görüş, eser vb.); sürrealist",,
gerçek dışı,"Gerçeğin dışında olan, gerçek olmayan; gerçeğe aykırı, hilafıhakikat, irrealist",,
gerekçeli,"Gerekçeye dayanan, gerekçesi olan",,
gerekçesiz,"Gerekçeye dayanmayan, gerekçesi olmayan",,
gerekli,"Yapılması, olması veya bulunması uygun olan, yerinde olan; lüzumlu, mukteza, muktezi, zaruri",,
gereksiz,"Gereği olmayan; kıvır zıvır, lüzumsuz, zait",,
gergili,Gergisi olan,,
gergin,"Gerilmiş durumda olan | Buruşuğu, kırışığı olmayan (cilt) | Bozulacak duruma gelmiş olan (ilişki) | Can sıkıcı şeylerle tatsız bir durum almış",,
gergince,Biraz gergin,,
gerginleştirici,Gerginleştirme özelliği olan,,
gergisiz,Gergisi olmayan,,
gerici,"Toplumda çağdaş değerlere ve yeniliklere önem vermeyen, her yönüyle eskiyi özleyen veya eski düzeni yaşamaya çalışan (kimse veya görüş); mürteci, ilerici karşıtı",,
gerilek,Kendi üstüne geri dönen veya döner görünen,,
gerileyici,"Geri giden, gerileyen",,
gerili,Gerilmiş olan,,
gerilimli,Gerilimi olan,,
gerilimsiz,Gerilimi olmayan,,
geri dönüşümlü,Geri dönüşümü olan,,
geri dönüşümsüz,Geri dönüşümü olmayan,,
geri kafalı,"Yenilikleri istemeyen, eskiye bağlı (kimse)",,
geri zekâlı,"Zekâ düzeyi gelişmemiş (kimse); gerzek | Anlayışı kıt, aptal olan; gerzek",,
getirgötür,"Bir bilgi ve ustalık istemeyen, getirip götürmekten ibaret olan (her türlü basit iş)",,
getirimli,Getirimi olan,,
geveze,"Çok konuşan, gereğinden fazla söz söyleyen; çençen, çenesi düşük, ayran ağızlı, lafçı, lafazan, zevzek, lakırtı ebesi, ağız kavafı, lakırtı kavafı, lakırtıcı, çene kavafı, cır cır, mavracı",,
gevrecik,"Çok gevrek veya incecik | Çok taze, yumuşacık",,
gevşek,"Sıkı veya gergin olmayan, gevşemiş olan | Cansız, hareketsiz, iradesiz | İlgisiz, kayıtsız, ihmalkâr bir biçimde",,
gevşek ağızlı,"Geveze, boşboğaz (kimse)",,
gevşetici,"Rahatlatma, gevşetme özelliği olan",,
gezenti,"Vaktini gezmekle geçiren, gezmeyi çok seven; gezeğen",,
gezici,Gezme işini yapan | İşini gezerek yapan; gezginci | Halka yardım amacıyla hizmet götüren,,
gıcıkça,Gıcık bir biçimde olan | (gıcı'kça) Gıcık bir biçimde,,
gıcırı bükme,"Hemen yetiştirilen, iletilen | Zorla ve çabucak",,
gıcırtılı,Gıcırtısı olan,,
gıcırtısız,Gıcırtısı olmayan,,
gıllıgışlı,Gizli amaçlı,,
gıllıgışsız,Gizli amacı olmayan,,
gırtlağına düşkün,Çok yiyip içen,,
gırtlaksı,Gırtlakta boğumlanan (ses) [dil bilgisi],,
gıyabi,"Kişinin yokluğunda o kişi hakkında verilen (iş, hüküm vb.) | Uzaktan, görüşmeden olan",Arapça ġiyābī,gıya:bi:
gibili,"Herhangi bir şeye benzeten | ""Gibi"" sözünü kullanan | Herhangi bir şeye benzeterek | ""Gibi"" sözünü kullanarak",,
gibisiz,"Herhangi bir şeye benzetmeyen | “Gibi” sözünü kullanmayan | Herhangi bir şeye benzetmeden | ""Gibi” sözünü kullanmadan",,
giderici,"Yok eden, ortadan kaldıran",,
gidi,"Azarlama sözü | Ahlaksız, pezevenk",,
gidici,"Kısa süre için var olan, kalıcı karşıtı | Gitme durumunda bulunan, gitmek üzere olan | Ölmek üzere olan",,
gidimli,"Bir tasarımdan ötekine geçerek, çıkarımlar yaparak, bir önermeden ötekine mantıksal bir yolla ilerleyip parçalardan bütünlüğü olan bir düşünce kuran (düşünce yolu) [mantık]",,
giranbaha,"Pahada ağır, değerli",Farsça girān + bahā,giranbaha:
girgin,"Herkesle çabucak yakınlık kurarak işini yürütebilen, pısırık karşıtı",,
giriftar,"Tutulmuş, yakalanmış",Farsça giriftār,
girintili,Girintisi olan,,
girintili çıkıntılı,Düz veya düzgün olmayıp girinti ve çıkıntıları olan,,
girintisiz,Girintisi olmayan,,
girintisiz çıkıntısız,"Girintisi çıkıntısı olmayan, düzgün, dümdüz",,
girişken,"Kendi kendine iş, uğraş yaratabilen, bir işe çekinmeden girebilen, başkalarıyla kolayca ilişki kurabilen; atılgan, girişkin",,
gitmeli gelmeli,Giden gelen,,
giyimli,"Giyinmiş, giyinik",,
giyimli kuşamlı,Temiz ve özenli bir biçimde giyinmiş (kimse),,
giyinik,Giyinmiş olan | Giyinmiş olarak,,
giysili,"Üzerine herhangi bir giysi giymiş olan; elbiseli, kıyafetli, esvaplı, libaslı, urbalı",,
giysisiz,"Üzerine herhangi bir giysi giymemiş olan; elbisesiz, kıyafetsiz, esvapsız, libassız, urbasız",,
gizemci,"Gizemcilik yanlısı olan, ilahiyat veya gizemsel yaşamla uğraşan; mistik [felsefe]",,
gizemli,"Gizem niteliğinde olan veya içinde gizem bulunan; esrarlı (I), esrarengiz",,
gizemsel,"Gizemle ilgili, gizeme ilişkin; mistik",,
gizemsiz,Gizemi olmayan,,
gizli,"Görünmez, belli olmaz bir durumda olan; mahfi, edimsel karşıtı | Başkalarından saklanan, duyurulmayan, saklı kalan; kapalı, hafi, mahrem, mestur, mesture, nihan | Niteliği anlaşılmayan, bilinmeyen; muzlim | Kurum içi veya kurumlar arası resmî yazıların gizlilik derecesini bildiren terim | Kapalı olarak yapılan veya söylenen, dolayısıyla anlatılan; zımni | Saklı olarak, saklayarak",,
gizli kapaklı,"Başkalarına duyurulmayan, kimseye haber verilmeyerek yapılan (iş) | Açık, anlaşılır olmayan (söz, konuşma)",,
glikozlu,İçinde glikoz bulunan,,
gocuklu,Üzerinde gocuğu bulunan,,
gocuksuz,Üzerinde gocuk olmayan | Gocuğu olmadan,,
gofreli,Kabartması olan,,
gofresiz,Kabartması olmayan,,
gollü,Golü olan,,
gollük,"Gol olmaya elverişli, gol olabilecek",,
golsüz,Golü olmayan | Gol atılmadan,,
göbekli,"Karnı yağlanıp şişmanlamış | Yaprakları büyüyüp sıklaşmış (marul, lahana)",,
göbeklice,Biraz göbekli,,
göbeksiz,Göbeği olmayan,,
göçebe,"Değişik şartlara bağlı olarak belli bir yöre içinde çadır, hayvan ve öteki araçlarla yer değiştiren, yerleşik olmayan (kimse veya topluluk); göçer, göçkün | Mevsimlere göre ülke veya yer değiştiren (hayvan) [hayvan bilimi]",,
göçeri,"Sürekli yer değiştiren, göç etmekten hoşlanan",,
göçkün,"Göçecek duruma gelmiş | Yaşı ilerlemiş (kimse), çok yaşlı (kimse)",,
göçmen,"Kendi ülkesinden ayrılarak yerleşmek için başka ülkeye giden (kimse, aile veya topluluk); muhacir | Sıcak iklimli ülkelere giden (hayvan)",,
göçücü,Göçme işini yapan | Mevsimine göre yer değiştiren (hayvan) | Genellikle şiddetli deprem sonrasında ağır hasara uğramış ve yıkılmak üzere olan (bina) | Ölümü yakın olan,,
gödeş,"Semiz, etli",,
göğümsü,"Rengi gök rengini andıran, gök rengine benzeyen",,
göğüslü,Göğsü olan | Göğsü geniş olan | İri memeli (kadın),,
göğüslüce,Biraz iri göğüslü,,
gökçek,"Güzel, sevimli (kimse)",,
gökmen,Mavi gözlü (kimse),,
göksel,Gökle ilgili; semavi,,
gök bilimsel,Gök bilimiyle ilgili; astronomik,,
gök gözlü,Gözleri mavi ile açık yeşil arası olan (kimse),,
gölcül,"Göllerde, göl kıyılarında yetişen veya yaşayan",,
gölgecil,Gölgede yetişen veya gölgeyi seven,,
gölgeli,Gölge altında olan | Nitelik ve ayrıntıları iyice bilinmeyen,,
gölgelikli,"Gölgeliği olan | Siperliği olan (şapka, kapı, lamba vb.)",,
gölgeliksiz,"Gölgeliği olmayan | Siperliği olmayan (şapka, kapı, lamba vb.)",,
gölgesiz,Gölgesi olmayan,,
gölgevari,Gölgeye benzeyen,Türkçe gölge + Far,gölgeva:ri:
gölge olaycı,Gölge olaycılık yanlısı olan [felsefe],,
göllük,Gölü olan (yer),,
göl bilimsel,Göl bilimi ile ilgili; limnolojik,,
gömgök,Olgunlaşmamış | Morarmış,,gö'mgök
gömlekli,Gömleği olan,,
gömleklik,Gömlek yapmaya elverişli (kumaş),,
gömleksiz,Gömleği olmayan,,
gömük,"Gömülmüş olan, gömülü",,
gömülü,"Gömülmüş olan, toprak altında saklanmış olan; metfun | Batmış, kaybolmuş",,
gönç,"Zengin, varlıklı",,
gönderli,Gönderi olan,,
gönençli,"Gönenci, iyi bir hayatı olan; müreffeh, refahlı",,
gönlü bol,"Yeterli imkânlardan yoksun olmasına karşın cömert, eli açık davranmak isteyen (kimse)",,
gönlü dar,İçi sıkıntılı olan (kimse),,
gönlü gani,"Cömert ve gözü tok, gani gönüllü (kimse)",,
gönlü kara,Başkalarının kötülüğünü isteyen (kimse),,
gönlü tok,"Zorunlu ihtiyaçları karşılandığında bununla yetinen, fazla mal ve para istemeyen (kimse)",,
gönlü yaralı,Aşkta karşılık görmeyen (kimse),,
gönlü zengin,Para ve malını imkânları ölçüsünde esirgemeden veren (kimse),,
gönüllüce,Biraz gönüllü | (gönüllü'ce) Biraz gönüllü olarak,,
gönülsüz,"Gönlü olmadan, isteksiz yapılan | Gönlü olmaksızın, istemeyerek",,
gönül okşayıcı,Hoşa giden,,
görece,"Varlığı başka bir şeyin varlığına bağlı olan, kesin olmayıp kişiden kişiye, zamandan zamana, yerden yere değişebilen; göreceli",,
görenekli,"Göreneklerine bağlı, göreneği olan",,
göreneksel,Görenekle ilgili,,
göreneksiz,Göreneği olmayan,,
görevsel,"Göreve ilişkin, görevle ilgili",,
görevsiz,Bir görevi bulunmayan,,
görgül,Bir kurama değil yalnızca görgüye dayalı; ampirik,,
görgülü,Görgüsü olan,,
görgüsüz,"Görgüsü olmayan; çakal, hamhalat, kaba saba",,
görgüsüzce,Görgüsüz bir biçimde olan | (gözgüsü'zce) Görgüsüz bir biçimde,,
görgü fukarası,"Görgüsü az olan, görgüsüz (kimse)",,
görkemli,"Büyüklüğü, görünüşü ve güzelliğiyle görenleri etkileyen; anıtsal, debdebeli, haşmetli, ihtişamlı, muhteşem, mutantan, şaşaalı, şatafatlı, tantanalı, alayişli | İri yapılı, iyice serpilmiş",,
görkemsiz,"Görkemi olmayan; debdebesiz, ihtişamsız, şaşaasız, şatafatsız, tantanasız",,
görklü,"Güzel, gösterişli",,
görmece,Görmek koşuluyla | Karşılıklı görmeye dayalı olarak yapılan,,gö'rmece
görmemiş,"Birdenbire ulaştığı iyi duruma uymayan, görgüsüzce davranan",,
görmez,Göremediği (yer),,
görme engelli,"Görme duyusu olmayan (kimse); görmez, kör, âmâ",,
görmüş geçirmiş,"Görgülü, geçmişte iyi günler yaşamış, güngörmüş, deneyimli",,
görsel,"Görme duyusuyla ilgili olan, görmeye dayanan",,
görsel-işitsel,Görme ve işitme duyularıyla ilgili olan; odyovizüel,,
görülmemiş,"O güne kadar karşılaşılmamış, şaşılacak nitelikte olan",,
görüngücü,"Görüngücülük yanlısı olan; olaycı, fenomenist [felsefe]",,
görünmez,"Görünmeyen, beklenmeyen",,
görüntülü,Görüntüsü olan,,
görüntüsel,Görüntüye dayanan,,
görüntüsüz,Görüntüsü olmayan,,
görünümlü,Görünümü olan,,
görünür,"Görünen, gözle görülebilen | Belli, apaçık göze çarpan",,
görünüşlü,Herhangi bir biçimde görünüşü olan,,
görüşlü,Görüşü olan,,
görüşsüz,Görüşü olmayan,,
görüş sahibi,Görüş veya düşünce ileri süren (kimse),,
gösterişli,"Gösterişi olan; cafcaflı, cakalı, hökelekli, fiyakalı, sunturlu, tumturaklı, müşekkel",,
gösterişlice,"Biraz gösterişli, oldukça gösterişli",,
gösterişsiz,"Gösterişi olmayan; cakasız, fiyakasız, şansız, mütevazı | Gösteriş yapmayan",,
göstermeci,"Cinsel organlarını göstermeyi, sergilemeyi seven (ruh hastası); ut açıcı, teşhirci [ruh bilimi]",,
göstermelik,"Gösterişi olan | Tanıtım amacıyla hazırlanmış (nesne); numune | Gerekli olduğu için değil, iş olsun diye yapılan; dekoratif",,
götten bacaklı,Kısa boylu,,
götürü,Fiyatı veya ücreti toptan belirlenen (iş vb.) [ticaret] | Fiyatını toptan belirleyerek; kabala (II),,
götürümlü,Kendisinde götürüm özelliği bulunan,,
götürümsüz,Kendisinde götürüm özelliği bulunmayan,,
gövdeli,İri yapılı olan,,
gövdesel,Gövde ile ilgili,,
gövdesiz,Gövdesi olmayan | Görünürde gövdesi olmayan,,
gövel,Yeşil başlı,,
gözeli,Gözesi olan,,
gözenekli,Gözeneği olan,,
gözeneksiz,Gözeneği olmayan,,
gözlü,Gözü olan | Herhangi bir biçimde veya renkte gözü olan | Bölmesi veya gözleri olan | Deliği olan,,
gözlüklü,"Gözlük takmış olan, gözlük kullanan",,
gözlüksüz,"Gözlüğü olmayan, gözlük takmamış olan",,
gözsüz,Gözü olmayan | Gözü görmeyen,,
gözü açık,"Uyanık, becerikli (kimse)",,
gözü bağlı,"Sorup soruşturmaksızın, bakıp anlamadan",,
gözü dışarıda,Eşine bağlı olmayıp başkalarıyla da gönül eğlendiren (kimse),,
gözü kapalı,"Çevresinde olanlardan haberi olmayan (kimse) | Düşünmeden, duraksamadan",,
gözü kara,Korkusuz (kimse),,
gözü keskin,Çok iyi gören (kimse),,
gözü tok,"Paraya, mala düşkünlük göstermeyen, açgözlülük etmeyen (kimse); gözü gönlü tok, kanık, tokgözlü",,
gözü yolda,Sürekli bir şeyi bekleyen (kimse),,
gözü yüksekte,Bulunduğu durumdan çok üstün olan bir duruma ulaşma amacı güden (kimse),,
göz alıcı,"Güzelliği ile ilgi çeken, alımlı, göze çarpan",,
göz göz,"Üzerinde birçok göz, delik bulunan",,
göz kamaştırıcı,"Gözün kamaşmasına, bir süre göremez duruma gelmesine yol açan (ışık) | Muhteşem, çok güzel, parlak, görkemli",,
grafitli,Grafit içeren,,
grafolojik,Yazı bilgisi veya yazı bilimi ile ile ilgili,Fransızca graphologique,l ince okunur
gramajlı,Gramajı olan,,
gramatik,Dil bilgisi ile ilgili | Dil bilgisi açısından,Fransızca grammatique,
gramatikal,Dil bilgisi kurallarına uygun,Fransızca grammatical,l ince okunur
gramlık,Belli bir gram ağırlığında olan,,
grantuvalet,Baştan aşağı şık giyinmiş olan | Baştan aşağı şık olarak,Fransızca grande toilette,gra’ntuvalet
gribal,Grip hastalığıyla ilgili,Fransızca grippal,l ince okunur
grimsi,"Rengi griyi andıran, griye benzeyen; grimtırak",,
gripli,Grip hastalığına yakalanmış (kimse),,
grostonluk,Herhangi bir groston ölçüsünde olan,,
gudubet,Yüzüne bakılmayacak kadar sevimsiz ve çirkin,Arapça ġudūbet,gudu:bet
gurme,"Yiyecek ve içecek konusunda uzmanlık ölçüsünde bilgisi bulunan, tadına bakan ve lezzetini değerlendiren (kimse); tatbilir | Malzemesinden pişiriliş veya yapılış yöntemine kadar özenle hazırlanmış yiyecek veya içecekten anlayan (kimse); tatbilir",Fransızca gourmet,
gurubi,Gurupla ilgili,Arapça ġurūb + -į,guru:bi
gururlu,Kendi kişiliğine önem veren; azametli,,
gurursuz,Gururu olmayan; azametsiz,,
gübreli,Gübrelenmiş olan,,
gübresiz,Gübrelenmemiş olan,,
gücenik,Gücenmiş (kimse); muğber,,
güç,"Ağır ve yorucu emekle yapılan; meşakkatli, kolay karşıtı",,
güçbeğenir,"Zorlukla karar veren, memnun edilmesi güç olan, her şeyde kusur bulan (kimse); müşkülpesent",,gü'çbeğenir
güçlendirici,Gücü artıran; mukavvi | Sağlam olmasını sağlayan,,
güçlü,"Gücü, kuvveti olan; yavuz | Şiddeti çok olan | Sözü geçen, dediğini yaptıran; kudretli | Nitelikleri ile etki yaratan",,
güçlü kuvvetli,"Sağlığı, gücü, kuvveti yerinde olan | Maddi ve manevi bakımlardan gücü, destekçisi olan, torpili olan",,
güçsüz,Gücü olmayan; sökel | Gücü yetmeyen; sökel,,
güdeksiz,Bir amaca dayanmayan,,
güdük,"Eksik yanı olan, tamamlanmamış, kısa | Kuyruğu kesik veya kopmuş | Yetersiz, sonuç vermemiş",,
güdümlü,"Güdülebilen, yönlendirilebilen, yönetilebilir | Belirli bir plan veya yönde yürütülen bir amacı, bir eğilimi yansıtan",,
güdümsüz,"Güdülemeyen, yönlendirilemeyen, yönetilemeyen",,
gülecen,Sevimli ve cana yakın tavırları olan (kimse),,
güleç,Her zaman gülümseyen; mütebessim,,
güleğen,"Güler yüzlü, çok gülen (kimse)",,
güler yüzlü,"Yakınlık gösteren, içten davranan | Her zaman gülümseyen; beşuş | Yakınlık gösterilerek, içten davranılarak",,
gülgüli,Gül renginde olan,Farsça gul + gul + Arapça -ī,gülgüli:
güllabi,"Kurnaz, açıkgöz",Arapça kullābī,"gülla:bi:, l ince okunur"
güllü,Gülü olan,,
gülmeceli,"İçinde gülmece nitelikleri bulunan (yazı, karikatür vb.); mizahi",,
gülümser,"Hafifçe gülümseyen, sevimli",,
gülünç,Alay edilecek durumda olan; tuhaf,,
gülünçlü,"Güldürücü, eğlendirici özellikleri bulunan (oyun, hikâye, söz)",,
gül ibikli,Güle benzer ibiği bulunan (horoz veya tavuk),,
gümbürtülü,"""Gümbürtü"" sesi çıkaran",,
gümbürtüsüz,Gümbürtüsü olmayan,,
gümrah,"Aşırı derecede büyümüş | Deli dolu, gür akan (su) | Yüksek, kuvvetli (ses) | Uzun, sık ve dalgalı (saç)",Farsça gumrāh,
gümrüklü,Gümrük vergisi ödenmesi gerekli olan | Gümrük vergisi ödenmiş olan,,
gümrüksüz,"Gümrük vergisi ödenmesi gerekmeyen | Gümrük vergisi ödenmemiş, kaçak",,
gümüşlü,"Gümüşü olan, gümüşle kaplanmış veya süslenmiş olan",,
gümüşsü,"Gümüşü andıran, gümüşe benzeyen, gümüş gibi; gümüşümsü",,
gümüşsüz,Gümüşü olmayan,,
gümüş göz,"Para canlısı, açgözlü, cimri",,
günahkâr,"Günah işlemiş, günahı olan; günahlı",Farsça gunāhkār,
günahsız,"Günahı veya suçu olmayan; yazıksız, bigünah | Günahı veya suçu olmadan",,
güncel,"Günün konusu olan, şimdiki, bugünkü (haber, olay vb.); gündeş, aktüel",,
gündelikli,Gündelikle çalışan (kimse); yevmiyeli,,
gündem dışı,Toplantı programının dışında (kalan),,
gündeş,Aynı günde olan,,
gündüzki,"Gündüze özgü, gündüz olan, gündüz yapılan",,
gündüzlü,"Okula gündüz giden, yatılı olmayan (öğrenci); yatısız, nehari",,
gündüzlük,Gündüze özgü,,
güneşli,"Güneş ışınlarıyla aydınlanmış | Açık, aydınlık (hava) | Güneş ışınlarıyla yanmış",,
güneşsel,"Güneş'e ilişkin, Güneş'le ilgili | Güneş'le birlikte doğan, Güneş'le birlikte batan (gök cismi)",,
güneşsiz,"Güneş ışınlarıyla aydınlanmayan, güneş ışınlarını almayan | Kapalı, bulutlu (hava)",,
Güneyli,Güney bölgelerinden olan (kimse veya topluluk); Cenuplu | Türkiye'nin güneyinde bulunan illerden olan (kimse); Cenuplu,,
güngörmez,Güneş ışığı almayan (yer),,gü'ngörmez
güngörmüş,İyi yaşamış | Birçok hayat deneyimi bulunan (kimse),,gü'ngörmüş
günlü,Belli bir zamanla sınırlı,,
günlük güneşlik,"Açık ve bol ışıklı, sıcak, yağışsız (yer veya hava)",,
günsüz,"Günü belli olmayan (tarih) [tıp] | Güneş görmeyen | Günlük hayatını sürdürmekte zorlanan, düzenli bir işi gücü olmayan",,
günübirlik,"Gece kalmadan aynı gün dönmek üzere; günübirliğine | Bütün bir gün boyunca, gece kalmadan yapılan",,günü'birlik
günü geçmiş,Eski tarihli | Son kullanma tarihi dolmuş olan (yiyecek) | Aybaşı olmamış,,
gün merkezli,"Güneş'in merkezine göre tanımlanan, Güneş'in merkezinden bakıldığı varsayılarak ölçülen (bir yıldızın koordinatları) [gök bilimi]",,
güpgüzel,Çok güzel,,gü'pgüzel
gür,"Bol ve güçlü olarak çıkan veya fışkıran | Bol, çok verimli; feyyaz",,
gürbüz,"Sağlam, güçlü ve iyi gelişmiş",,
gürlek,"Bol, gür ve çağlayarak akan (su)",,
gürültücü,"Gürültü yapan veya gürültü çıkaran (kimse); velveleci, kavaracı",,
gürültülü,Gürültüsü olan; tangırtılı | Karışık olaylarla dolu,,
gürültülü patırtılı,"Çok gürültülü ve karışık; dağdağalı, şamatalı | Çok gürültülü ve karışık bir biçimde",,
gürültüsüz,Gürültüsü olmayan | Kimseyi tedirgin etmeyen veya kimsenin dikkatini çekmeyen,,
gürültüsüz patırtısız,"Rahat, sakin olan; dağdağasız | Rahat, sakin bir biçimde",,
güveli,"Güvelenmiş, güve yemiş olan",,
güvenceli,"Güvencesi olan, güvence sağlayan; garantili",,
güvencesiz,"Güvencesi olmayan, güvence sağlamayan; garantisiz",,
güvençli,"Güvenen, itimadı olan",,
güvençsiz,"Güvenci olmayan, itimadı olmayan",,
güvenilir,"Güven duygusu veren, güvenilen; itimatlı",,
güvenli,Güven verici; emin,,
güvenlikli,Güvenliği olan,,
güvenliksiz,Güvenliği olmayan,,
güvensiz,Başkalarına güvenmeyen; itimatsız,,
güzelce,"Güzele yakın, güzel gibi | (güze'lce) İyice, adamakıllı",,
güzeşte,"Geçmiş, geçen",Farsça guẕeşte,güze'şte
haberli,"Bir olay veya durum üzerine bilgisi olan, haberi olan; agâh, haberdar | Haber vermiş veya almış olarak",,
haberlik,Haber durumunda olan,,
habersiz,"Haberi olmayan, haber almamış, hiçbir bilgisi olmayan; bihaber | Haber vermeden; bihaber | Haberi olmayarak, haberi olmadan",,
habeş,Derisinin rengi çok koyu esmer olan (kimse),Arapça ḥabeş,
habis,"Kötü, alçak, soysuz (kimse) | Kötücül (hastalık veya ur) | Kötü, uğursuz",Arapça ḫabīs̱,
hacimli,Hacmi olan; oylumlu,,
hacimlice,Biraz hacimli; oylumluca,,
hacizli,Haciz altına alınmış; mahcuz [hukuk],,
haçlı,Haçı olan | Üzerinde haç bulunan,,
haçvari,Haça benzeyen,Farsça hācvārī,haçva:ri
hadim,Hizmet eden,Arapça ḫādim,ha:dim
hadiseli,Olaylı bir biçimde,,
hadisesiz,Olaysız bir biçimde,,
hadsiz hesapsız,Sayılamayacak derecede çok,,
hafızalı,Hafızası olan,,
hafızasız,Hafızası olmayan,,
hafif,"Tartıda ağırlığı az gelen; yeğni, ağır karşıtı | Güç veya yorucu olmayan, kolay olan | Ağırbaşlı olmayan, ciddi olmayan, hoppa olan | Miktarı az, sindirimi kolay (yiyecek) | Kalınlığı veya yoğunluğu az olan | Etkisi az olan, sert karşıtı | Önemli olmayan | Çok dik olmayan (sırt, yokuş) | Gücü az olan, belli belirsiz olan | Sıkıntısız, ferah, rahat olarak",Arapça ḫafīf,
hafifmeşrep,Davranışları ile içinde bulunduğu toplumun ahlak anlayışına ters düşen,Arapça ḫafįf + meşreb,hafi'fmeşrep
hafif yollu,"Davranışları ile içinde bulunduğu toplumun ahlak anlayışına ters düşen (kadın), hafifmeşrep | Üstü kapalı, kısa bir açıklamayla",,
hain,"Hıyanet eden (kimse); çıyan, mayası bozuk | Zarar vermekten, üzmekten veya kötülük yapmaktan hoşlanan (kimse); çıyan | Kötü niyeti olan; çıyan | Sitemli bir seslenme sözü",Arapça ḫāʾin,ha:in
haince,Kötü niyetli | (ha:i'nce) Hain bir biçimde; haincesine,,
haiz,"Bir şeyi olan, elinde bulunduran, taşıyan",Arapça ḥāʾiz,ha:iz
hakaretamiz,"Hakaret içeren, hakaret dolu",Arapça ḥaḳāret + Farsça -āmīz,haka:re'ta:miz
hakemli,Hakemi olan,,
hakikatsiz,Gerçek olmayan,,
hakiki,"Niteliği değişmemiş, aslına uygun olan",Arapça ḥaḳīḳī,haki:ki:
hakim,Her şeyi bilen (Tanrı) [din bilimi],Arapça ḥakīm,haki:m
hakir,"Aşağı görülen, değersiz",Arapça ḥaḳīr,
haklı,"Hakka uygun, doğru, yerinde olan; muhik | Davası, iddiası, düşüncesi veya davranışı doğru ve adalete uygun olan (kimse)",,
haksever,Doğru bildiği şeyden ayrılmayan (kimse); hakperest,Arapça ḥaḳḳ + Türkçe sever,ha'ksever
haksız,"Hak ve adalete uygun olmayan | Davası, iddiası, davranışı, düşüncesi doğru ve yerinde olmayan (kimse)",,
haksızca,"Hakka, adalete uymayan | (haksı'zca) Hakka, adalete uymayan biçimde; haksızcasına",,
haktanır,Herkesin hakkını gözeten (kimse); hakşinas,,ha'ktanır
halayıklı,Halayığı olan,,
halef selef,Biri ötekinin makamını alan,,
haleldar,"Bozulmuş, bozuk",Arapça ḫalel + Farsça -dār,
haleli,Halesi olan,,
halim,Yumuşak huylu (kimse),Arapça ḥalīm,hali:m
halim selim,Yumuşak huylu ve doğru (kimse),,
halisüddem,"Katışıksız, safkan",Arapça ḫāliṣ + dem,ha:lisü'ddem
halkamsı,"Halkayı andıran, halkaya benzeyen, halka gibi",,
halkasız,Halkası olmayan,,
halkavi,Halka biçiminde olan,Arapça ḥalḳavī,halkavi:
halka dizilişli,Aynı eksen çevresinde dizilmiş [bitki bilimi],,
halka dönük,Halk için olan,,
halk bilimsel,Halk bilimi ile ilgili; folklorik,,
haluk,"Temiz huylu, iyi ahlaklı",Arapça ḫalūḳ,l ince okunur
ham,"Yenecek kadar olgun olmayan (meyve) | İşlenmemiş (madde) | Gerçekleşme kolaylığı veya imkânı olmayan | Kaba, toplum kurallarını bilmeyen, incelmemiş",Farsça ḫām,
hamarat,"Çalışkan, becerikli, elinden iyi iş gelen",Arapça ḥımāre,
hamasi,"Yiğitlerden ve yiğitliklerden söz eden (destan, şiir) | Dinleyenleri etkilemek veya heyecanlandırmak için abartılı (anlatım)",Arapça ḥamāsī,hama:si:
hamisiz,"Koruyucusu, kayıranı olmayan | Koruyucusuz bir biçimde",,
hamiyetli,"Hamiyeti olan, hamiyet sahibi; hamiyetperver",,
hamiyetsiz,Hamiyeti olmayan,,
hamursu,"Hamuru andıran, hamura benzeyen, hamur gibi; hamurumsu",,
handan,"Gülen, neşeli olan (kimse)",Farsça ḫandān,
handikaplı,Engeli olan,,
handikapsız,Engeli olmayan,,
hands free,343 dokunmasız,İngilizce hands free,
haneli,Herhangi bir sayıda evi olan | Herhangi bir sayıda hanesi olan [matematik],,
hanelik,Herhangi bir sayıda evi olan; evlik,,
hangi,İki veya daha çok şeyden bir tanesini belirtecek bir cevap istemek için kullanılan soru sıfatı; ne (II),,ha'ngi
hangi bir,"Bilinmeyen, belli olmayan",,
hanım hanımcık,Oturaklı davranışları olan (kadın veya kız) | Oturaklı bir biçimde,,
hantal,"Kocaman, iri, kaba | İşi, davranışları kaba ve yavaş",,
hapishane kaçkını,"Kılık kıyafetine dikkat etmeyen, bakımsız, perişan (kimse) | Görüntüsü itibarıyla insanı tedirgin eden, güven vermeyen (kimse)",,
hapşırıklı,"Hapşırığa tutulmuş, sık sık hapşıran; aksırıklı",,
har,"Sıcak, kızgın, yakıcı olan",Arapça ḥarr,
harabati,Maddi şeylere değer vermediği için üstüne başına özenmeyen | Vaktini meyhanelerde veya zevk ve sefada geçiren (kimse) | Eline geçen parayı içkiye ve eğlenceye harcayıp ailesini ihmal eden (kimse),Arapça ḫarābātī,hara:ba:ti:
haraçlı,"Haraca bağlanmış, vergi ödeyen",,
haram,"Din kurallarına aykırı olan, dinî bakımdan yasak olan, helal karşıtı [din bilimi]",Arapça ḥarām,
haramsız,"Haram olmayan, haram karışmamış",,
harap,"Bayındırlığı kalmamış, yıkılacak duruma gelmiş; yıkkın, viran | Çok sarhoş | Çok yorgun",Arapça ḫarāb,
hararetli,"Isısı, sıcaklığı fazla olan",,
harcıâlem,"Herkesin alabileceği, herkesin kullanabileceği, herkesin işine yarayan, her keseye uygun | Hiçbir özelliği olmayan",Arapça ḫarc + ʿālem,ha'rcıa:lem
harçlı,Yapılması için harç ödenen | Harç ile örülmüş | Süslerle bezenmiş (giysi),,
harçsız,Harcı olmayan,,
hardallı,Hardalı olan,,
hardalsı,"Hardala benzeyen, hardalı andıran, hardal gibi; hardalımsı",,
hardalsız,Hardalı olmayan,,
harekeli,Hareke konulmuş,,
harekesiz,Hareke konulmamış,,
hareketli,"Hareketi olan, yer değiştirebilen; devingen, oynak, müteharrik, mobilize",,
hareketsiz,"Hareket etmeyen, yerinden kımıldamayan, durgun olan; durağan",,
hareli,Haresi olan; menevişli,,
haresiz,Haresi olmayan; menevişsiz,,
harfendaz,Onur kırıcı söz söyleyen,Arapça ḥarf + Farsça -endāz,
harharalı,Gürültüsü olan,,
harın,"Bir şeyden huylanıp yürümeyen, geri geri giden (hayvan) | Hain, huysuz",Arapça ḥarūn,
haricî,"Dışla ilgili, dıştan olan",Arapça ḫāricī,ha:rici:
harika,"Yaradılışın ve imkânların üstünde nitelikleriyle insanda hayranlık uyandıran | Çok büyük bir hayranlık uyandıran, eksiksiz, kusursuz, tam, mükemmel olan | ""Güzel"" anlamında kullanılan bir söz",Arapça ḫāriḳa,ha:rika
harmancı,Harman işi ile uğraşan (kimse),,
hasarlı,Hasara uğramış,,
hasarsız,Hasarı olmayan,,
hasbi,Gönüllü ve karşılıksız yapılan | Sebepsiz yere,Arapça ḥasbī,hasbi:
hasıl,"Olan, ortaya çıkan, görünen",Arapça ḥāṣil,ha:sıl
hasılatlı,Gelir getiren | Ürün veren,,
hasis,"Bayağı, adi olan",Arapça ḫasīs,
hasiyetli,"Yararlı, etkili (yiyecek ve içecek)",,
hassas,"Duyum ve duyguları algılayan | Çabuk etkilenen | En küçük değerleri, incelikleri dahi algılayabilen; keskin | Yapımı ve bakımı özen isteyen, aksamadan çok doğru çalışan, kesin ölçüler gerektiren işlerde kullanılan (alet)",Arapça ḥassās,
hastaca,Biraz hasta,,
hastalıklı,"Vücut direnci az olan, çabuk hastalanan; çorlu, öksürüklü, mariz",,
hastalık hastası,Kendisinin sürekli hasta olduğunu düşünen kuruntulu (kimse),,
hastamsı,"Hastaya benzer, hasta gibi",,
hastanelik,Hastaneye kaldırılacak durumda olan,,
haşarı,"Çok yaramaz, ele avuca sığmayan (çocuk) | Huysuz, azgın (hayvan)",,
haşarıca,"Biraz haşarı | (haşarı'ca) Haşarıya yakışır bir biçimde, haşarı gibi",,
haşat,"Darmadağınık, işe yaramaz, bozuk, kötü | Yorgun, bitkin",,
haşıllı,Haşıl içine konulmuş,,
haşılsız,Haşıl içine konulmamış,,
haşırtılı,"Haşırtısı olan, haşırdayan",,
haşin,"Sert, kırıcı, gönül kırıcı | Sert, kırıcı, gönül kırıcı bir biçimde",Arapça ḫaşīn,
haşlak,"Kızgın, kaynar, çok sıcak",,
hatalı,"Hatası olan, yanlışlığı bulunan",,
hatasız,"Hatası olmayan, yanlışlığı bulunmayan",,
hatıralı,Hatırası olan,,
hatıramsı,"Hatırayı andıran, hatıraya benzeyen, hatıra gibi",,
hatırasız,Hatırası olmayan,,
hatırsız,Saygın olmayan,,
hatırşinas,"Saygılı, hatır sayan, hatır kırmayan",Arapça ḫāṭir + Farsça -şinās,
havadan,"Boş, değersiz | Emeksiz, çaba harcanmadan",,
havadar,"Havası bol, temiz olan (yer); yeleken, yeleç",Arapça hevā + Farsça -dār,
havalandırmalı,Havalandırması olan | Havalandırma cihazı bulunan,,
havaleli,"Havalesi olan | Gereğinden çok yüksek, yıkılacak gibi olan",,
havalı,"Herhangi bir nitelikte havası olan | İyi, temiz hava alan; havadar | Bir işi gereğince benimsemeyen, önemsemeyen | Göz alıcı, çekici, albenisi olan | Sıkıştırılmış hava ile çalışan (alet vb.) [teknik]",,
havasız,"Havası olmayan, hava almayan | Havası iyi veya yeterli olmayan | Göz alıcı, çekici olmayan",,
hava yastıklı,Hava yastığı olan,,
havi,"İçinde bulunduran, kapsayan",Arapça ḥāvī,ha:vi:
havlı,Havı olan,,
havsalası dar,"Anlama kabiliyeti olmayan, anlayışı kıt (kimse) | Hoşgörüsü olmayan (kimse)",,
havsalası geniş,"Anlama kabiliyeti olan, anlayışlı (kimse) | Hoşgörülü (kimse)",,
havuzlu,Havuzu olan,,
havuzsuz,Havuzu olmayan,,
hayalli,Hayali olan,,
hayalsiz,"Hayal edemeyen, hayali olmayan",,
hayalî,"Gerçekte var olmayan, gerçek olmayan; fantastik, ütopik",Arapça ḫayālī,haya:li:
hayal meyal,"Belli belirsiz, açık seçik olmayan | Belli belirsiz, açık seçik olmayan bir biçimde",,l'ler ince okunur
hayati,"Hayatla ilgili veya hayata bağlı olan; dirimlik, dirimsel, yaşamsal | Büyük önem taşıyan, önemli olan; dirimlik, dirimsel, yaşamsal",Arapça ḥayātī,haya:ti:
hayatiyetli,Yaşama gücüyle dolu,,
hayat dolu,"Neşeli, canlı, yaşama isteği çok olan; yaşam dolu",,
hayırlı,"Yararı, hayrı olan | Uğurlu, iyi, güzel olan",,
hayırsever,"Yoksullara, düşkünlere, yardıma muhtaç olanlara iyilik ve yardım etmesini seven; iyicil, vergili, yardımsever, hayırhah, hayırperver | Halkın yararı için okul, çeşme, hastane vb. yaptıran",Arapça ḫayr + Türkçe sever,hayı'rsever
hayırsız,"Yararı olmayan, hayrı olmayan | Sevgi ve bağlılığını yitiren, vefasız olan",,
haylaz,"Hoşa gitmeyen davranışlarda bulunan (kimse) | Çalışma gücü varken çalışmayan, aylaklık eden (kimse)",,
hayli,(ha'yli) ► olabildiğince,Farsça ḫaylī,
hayran,"Çok beğenen, hayranlık duyan (kimse)",Arapça ḥayrān,
haysiyetli,"Değeri, saygınlığı olan",,
haysiyetsiz,"Değeri, saygınlığı olmayan",,
hayvanca,Çok kaba ve hoyrat; hayvani | (hayva'nca) Çok kaba ve hoyrat bir biçimde; hayvancasına,,
hayvancıl,"Hayvan seven | Hayvanla ilgili, hayvana benzer",,
hayvansal,Hayvanla ilgili; hayvani | Hayvandan elde edilen; hayvani,,
hayvansever,"Hayvanları seven, haklarını koruyan, onlara iyi davranan",,hayva'nsever
hayvansı,"Hayvanı andıran, hayvana benzeyen, hayvan gibi; hayvanımsı",,
hayvan bilimsel,Hayvan bilimi ile ilgili; zoolojik,,
hayâlı,Utanma duygusuna sahip,,
hayâsız,"Utanma duygusu olmayan, sıkılmayan",,
hayâsızca,"Hayâsıza yakışan | (haya:sı'zca) Hayâsız olarak, hayâsız bir biçimde; hayâsızcasına",,
hazakatli,Hazakat sahibi,,
hazandide,"Solgun, sararmış, solmuş",Farsça ḫazāndīde,hazandi:de
hazari,"Barışla ilgili, seferî karşıtı",Arapça ḥażarī,hazari:
hazcı,Hazcılığı benimseyen ve savunan; hedonist [felsefe],,
hazımlı,"Yersiz davranışlara, dokunaklı sözlere aldırmayan, içi geniş (kimse) | Benimseyen, katlanan, kabullenen bir biçimde",,
hazımsız,"Yediklerini kolay sindiremeyen | Yersiz davranışlara karşı susmak elinden gelmeyen (kimse) | Benimseyemeyen, katlanamayan, kabullenemeyen",,
hazır,"Bir iş yapmak için gereken her şeyi tamamlamış olan; anık (I), amade, müheyya | Belli bir işe yarayacak, kullanılacak bir duruma getirilmiş | Belirli bir biçimde yapılmış olarak satılan, alıcı bekleyen, ısmarlama karşıtı | Bir işi yapmak için gereken her şey tamamlanmış olarak | Fırsattan yararlanarak",Arapça ḥāżir,
hazırcevap,"Gerektiğinde çabuk, yerinde cevaplar bulup veren (kimse)",Arapça ḥāżir + cevāb,
hazırlıklı,Bir şey için önceden hazırlanmış olan; tedarikli,,
hazırlıksız,Bir şey için önceden hazırlanmamış olan; tedariksiz | Bir şey için önceden hazırlanmadan,,
hazırlop,"Başkası tarafından hazırlanmış, sağlanmış | Sarısı katılaşacak derecede kaynatılmış (yumurta)",,
hazırlopçu,"Emek çekmeden başkası tarafından hazırlanmış şeylerin üzerine konan, hazırlopa alışmış olan (kimse)",,
hazır yiyici,Önceden kazanılmış varlığı harcayan (kimse),,
heceli,Herhangi bir sayıda hecesi olan,,
hecelik,Hece miktarında olan,,
hektolitrelik,Belli bir hektolitre hacminde olan,,
helalli,Nikâhlı olan (eş),,
helalühoş,"Yapılmış bir iyilikten, yardımdan söz edilirken buna pişman olunmadığını anlatmak için söylenen helalühoş olsun cümlesinde geçen bir söz",Arapça ḥalāl + Farsça ḫoş,"hela:lühoş, l ince okunur"
helecanlı,Helecanı olan,,
helecansız,Helecanı olmayan,,
Helenistik,"Helen kültürüne, tarihine, diline ve edebiyatına ait olan | Helen kültürü, tarihi, dili ve edebiyatı konularında uzman olan",Fransızca hellénistique,
helezonsuz,Helezonu olmayan,,
helmeli,Helme durumunda olan (yemek),,
helmintolojik,Kurt bilimi ile ilgili [hayvan bilimi],Fransızca helminthologique,l ince okunur
hematolojik,Kan bilimi ile ilgili,Fransızca hématologique,l ince okunur
hemayar,Aynı ayarda olan,Farsça hem + Arapça ʿiyār,
hemcins,Aynı cinsten olan,Farsça hem + Arapça cins,he'mcins
hemdert,Dert ortağı olan,Farsça hem + derd,he'mdert
hemen,"Yakın mesafe, konum vb. için çok",Farsça hemān,
hemfikir,"Aynı düşüncede, aynı görüşte olan",Farsça hem + Arapça fikr,he'mfikir
hemhâl,Aynı durumda olan,Farsça hem + Arapça ḥāl,"he'mhâl, l ince okunur"
hemofil,"Kanaması dinmeyen, hemofili hastalığına tutulan (kimse) [tıp]",Fransızca hémophile,
hemzemin,Aynı düzeyde olan,Farsça hemzemīn,he'mzemin
hepatolojik,Hepatoloji ile ilgili [tıp],Fransızca hépatologique,l ince okunur
hepçil,Hem hayvansal hem bitkisel besinlerle beslenen,,
her,"Önüne geldiği ismin benzerlerini ""teker teker hepsi, birer birer hepsi, birer birer tamamı"" anlamıyla kapsayacak biçimde genelleştiren söz",Farsça her,
heragil,"Terbiyesiz, görgüsüz (kimseler)",Farsça hergele'den,
hercai,"Hiçbir şeyde kararlı olmayan veya konudan konuya geçiveren (kimse); yeltek, gelgeç | Aşkta değişken olan | Kalıcılığı olmayan, gelip geçici olan",Farsça her + cāʾ + Arapça -ī,herca:i:
hercaice,"Hercai gibi, hercaiye yakışan | (herca:i'ce) Hercaiye yakışır bir biçimde",,herca:i:ce
hercümerç,Karmakarışık olan,Farsça herc + merc,he'rcümerç
herhangi,"Özellikleri iyice bilinmeyen, iyice belli olmayan",,herha'ngi
herhangi bir,"Özellikleri iyice bilinmeyen, iyice belli olmayan (kimse veya şey); değme (II)",,
herzevekil,"Kendisini ilgilendirmeyen işlere karışan (kimse) | Saçma sapan, gereksiz konuşan (kimse)",Farsça herze + Arapça vekīl,herze'vekil
her bir,Sayılabilen şeylerin ayrı ayrı hepsi; beher (I),,
her dem taze,Yaşlı olduğu hâlde genç görünen | Yıl boyunca yeşil yapraklı olan (bitki) [bitki bilimi],,
hesapçı,"Hesabını iyi bilen; hesabi | Çıkarını kollayan, davranışlarını buna göre düzenleyen (kimse); hesabi",,
hesaplı,"Satın alınabilen, bütçeye uygun; hesaplıca, ekonomik | Ayrıntılarıyla düşünülüp tasarlanmış, planlı olan | Ölçülü davranan",,
hesaplıca,(hesaplı'ca) Hesaplı bir biçimde,,
hesapsız,"Hesabı tutulmayan | Sayılamayacak kadar çok olan | Önceden iyi düşünülmemiş, sonu belli olmayan; ölçüsüz, plansız",,
heterodoks,Kabul edilmiş din kurallarına aykırı | Aykırı düşüncelere veya ilkelere saplanmış,Fransızca hétérodoxe,
heteroseksüel,Karşı cinsi arzulayan,Fransızca hétérosexuel,hetero'seksüel
heybetli,Görünüşü korku ve saygı uyandıran,,
heybetlice,Oldukça heybetli,,
heyecanlı,"Çabuk, kolay heyecanlanan; müteheyyiç | Heyecan veren | Heyecan içinde yapılan",,
heyecansız,"Çabuk, kolay heyecanlanmayan | Heyecan vermeyen | Heyecanı olmayan | Heyecanla yapılmayan",,
heyheyli,"Heyheyleri üstünde olan, sinirleri bozuk | Gürültülü hâlde olan",,
heyheysiz,"Sinirlenmemiş, sakin görünen",,
heykelli,Heykeli olan,,
hımbıl,"Uyuşuk, tembel",,
hımhım,Sesleri genizden çıkararak konuşan (kimse) | Sesleri genizden çıkararak,,
hınçlı,"Hıncı olan, öfkeli olan",,
hınçsız,"Hıncı olmayan, öfkesiz olan",,
hırbo,"İri yarı (kimse) | Sersem, salak, kaba saba olan",Rumca,hı'rbo
hırçın,"Belirli bir sebebi olmadan sinirlenip huysuzluk eden (kimse); aksi | Tiz, öfkeli (ses)",,
hırıltılı,"Hırıltı çıkaran, hırıltısı olan; harharalı",,
hırıltısız,"Hırıltı çıkarmayan, hırıltısı olmayan",,
hırkalı,Hırkası olan,,
hırkasız,Hırkası olmayan | Hırka giymeden,,
hırlı,"İşinde doğru, uslu, iyi (kimse) | Yaramaz, şımarık, kötü (kimse)",,
hırpani,"Perişan, derbeder olan",Farsça ḫar-bān + Arapça -į,hırpa:ni:
hırsızlama,"Gizlice alınan, başkasına ait | Gizlice, kimseye sezdirmeden",,
hırslı,"Bir şeyi elde etmek için önüne geçilmez derecede kuvvetli istekleri olan, aşırı tutkuları olan (kimse); muhteris",,
hırssız,Hırsı olmayan,,
hırt,"Görgüsüz tavırlı, incelikten uzak olan (kimse)",,
hırtlamba,"Perişan, derbeder kılıklı",,
hışıltılı,Hışıltısı olan (ses),,
hışıltısız,Hışıltısı olmayan (ses),,
hışımlı,"Öfkeli, kızgın, sinirli",,
hışımsız,"Öfkesiz, kızgın olmayan",,
hışırtılı,Hışırtısı olan,,
hışırtısız,Hışırtısı olmayan,,
hıyarağası,"Görgüsüz, kaba saba, yontulmamış (kimse); hıyarağa",,
hızlı,"Hızı çok olan; seri (II), süratli, şiddetli | Güç kullanarak | Çok hareketli olan",,
hızmalı,"Hızması olan, hızma takmış bulunan; hırızmalı",,
hicri,Tarih başı olarak hicreti kabul eden,Arapça hicrī,hicri:
hiçbir,Bir addan önce getirilerek o adın bildirdiği varlıktan bir tanesinin bile olmadığını anlatan bir söz,,hi'çbir
hiçenderhiç,Yok hükmünde olan,Farsça hįç-ender-hįç,
hiçten,"Çok değersiz, önemsiz | Gereği, yararı yokken veya karşılıksız olarak, yok yere",,
hidratlı,İçinde hidrat bulunan,,
hidrobiyolojik,Hidrobiyoloji ile ilgili [biyoloji],Fransızca hydrobiologique,"hidro'biyolojik, l ince okunur"
hidrojenli,Hidrojen içeren,,
hidrojeolojik,Hidrojeoloji ile ilgili,Fransızca hydrogéologique,"hidro'jeolojik, l ince okunur"
hidrolojik,Su bilimi ile ilgili,Fransızca hydrologique,l ince okunur
hidrosefal,Hidrosefalisi olan,Fransızca hydrocéphale,l ince okunur
higrometrik,"Nem ile ilgili, neme ilişkin",Fransızca hygrométrique,
hijyenik,Sağlık kurallarına uygun,Fransızca hygiénique,
hikmetli,Hikmeti olan,,
hikâyeli,Hikâyesi olan,,
hikâyemsi,"Hikâyeyi andıran, hikâyeye benzeyen, hikâye gibi",,
hikâyesiz,Hikâyesi olmayan,,
hilalî,Hilal biçiminde olan,Arapça hilālī,"hila:li:, l ince okunur"
hileci,"Hile yapan, hile karıştıran; aynacı, dolmacı, filmci, oyuncu, hilebaz, hilekâr, kaltaban",,
hileli,"Hilesi olan, içine hile karışmış, hile ile yapılmış",,
hilesiz,"Hile yapmayan, düzen bilmeyen (kimse) | Hilesi olmayan, içine hile karışmamış",,
Hindolojik,Hindoloji ile ilgili,Fransızca hindologique,l ince okunur
hinoğluhin,"Çok kurnaz, her dönemin şartlarına uyabilen (kimse)",,hi'noğluhin
hiperaktif,Normalin üzerinde hareketli olan (kimse); aşırı etkin,İngilizce hyperactive,hipe'raktif
hiperbolik,"Hiperbol biçiminde olan, hiperbol ile ilgili [matematik]",Fransızca hyperbolique,
hiperboloidal,Hiperboloit biçiminde olan,Fransızca hyperboloïdal,l'ler ince okunur
hipermetrop,Cisimlerin görüntüleri ağ tabakanın gerisinde kaldığı için yakını iyi göremeyen (göz) | Gözleri böyle olan (kimse),Fransızca hypermétrope,hipe'rmetrop
hipnotize,"Hipnotizma yoluyla uyutulmuş, etki altında kalmış",Fransızca hypnotisé,
hipnotizmalı,Hipnotizma edilmiş (kimse),,
hisseli,"İçinde birkaç kişinin payı olan; paydaşlı, paylı",,
hissesiz,Hissesi olmayan,,
histerik,Histeriye tutulmuş olan; isterik,Fransızca hystérique,
hiyerarşik,Hiyerarşiye özgü,Fransızca hiérarchique,
hizmetçili,Hizmetçisi olan,,
hizmetçisiz,Hizmetçi olmayan | Hizmetçi olmadan,,
hologramlı,Üç boyutlu görüntü kayıt tekniği ve sistemiyle yapılan,,
homojen,Bütün terimleri aynı derecede olan (çok terimli) [matematik],Fransızca homogène,
homolog,Bir başkasının tam olarak yerini tutan,Fransızca homologue,l ince okunur
homotetik,Aralarında homoteti durumu bulunan [matematik],Fransızca homothétique,
homurtulu,Homurtusu olan | Homurdanarak,,
homurtusuz,Homurtusu olmayan | Homurdanmadan,,
hoparlörlü,Hoparlörü olan,,
hoparlörsüz,Hoparlörü olmayan,,
hoplak,"Yerinde duramayan, çok hareketli (kimse)",,
hoppa,"Yaşına uymayan davranışlarda bulunan; delişmen, koket, ağırbaşlı karşıtı",,
hoppaca,Hoppa gibi | (hoppa'ca) Hoppaya yaraşır bir biçimde,,
hor,"Değersiz, önemi olmayan, aşağı",Farsça v¥r,
horgörülü,"Horgörüsü olan, horgörüyle davranan, horgörü sahibi; horgörücü",,
hormonal,"Hormonla ilgili, hormona ait",Fransızca hormonal,l ince okunur
horozsu,"Horozu andıran, horoza benzeyen, horoz gibi; horozumsu",,
horoz akıllı,Akılsız olan; horoz kafalı,,
hortumlu,Hortumu olan,,
horultulu,"Horultu sesi çıkaran, horultusu olan; harharalı",,
hoş,"Beğenilen, duyguları okşayan, zevk veren | Beğenilen, duyguları okşayan bir biçimde",Farsça ḫoş,
hoşça,"Hoş bir biçimde olan | (ho'şça) Hoş olarak, iyice, güzelce",,
hoşgörülü,"Hoşgörüsü olan, hoşgörüyle davranan, hoşgörü sahibi; hoşgörücü, anlayışlı, müsamahalı, müsamahakâr, toleranslı",,
hoşgörüsüz,"Hoşgörüsü olmayan, hoşgörü ile davranmayan; anlayışsız, müsamahasız, toleranssız",,
hoşnut,"Bir davranış, bir durum veya bir kimseden memnun olan, yakınması olmayan",Farsça ḫoşnūd,
hoşnutsuz,Hoşnut olmayan,,
hoşsohbet,Güzel ve tatlı konuşan (kimse),Farsça ḫoş + Arapça ṣuḥbet,ho'şsohbet
hoşur,"Bir inceliği ve albenisi olmayan | Şişman, dolgun (kadın)",Ermenice,
hoş kokulu,"Hoş kokusu olan; aromalı, aromatik",,
hotozlu,Hotozu olan,,
hoyrat,"Kaba, kırıcı ve hırpalayıcı olan | Kaba, kırıcı ve hırpalayıcı bir biçimde",Rumca,
hoyratça,"Kaba, kırıcı ve hırpalayıcı olan | (hoyra'tça) Kaba, kırıcı ve hırpalayıcı bir biçimde",,
hödük,"Görgüsüz, kaba, anlayışı kıt (kimse) | Korkak, ürkek (kimse)",,
höpürdek,Çayı ve çorbayı höpürdeterek içen (kimse) | Aceleci ve sabırsız (kimse),,
hörgüçlü,Hörgücü olan (deve),,
hukuki,"Hukukla ilgili; hukuksal, tüzel [hukuk] | Hukuka uygun; hukuksal, tüzel",Arapça ḥuḳūḳī,huku:ki:
hukuksuz,Hukuka dayanmayan,,
hummalı,"Humması olan | Sıkı, yoğun, hararetli",,
humuslu,İçinde humus bulunan,,
humussuz,İçinde humus bulunmayan,,
hunhar,Kan döken,Farsça ḫūnḫvār,
hurdahaş,"Onarılamayacak biçimde kırılıp parçalanmış, paramparça olmuş",Farsça ḫorde + ḫāş,hu'rdahaş
huruşan,"Coşan, çağlayan",Farsça ḫurūşān,huru:şa:n
husumetkâr,"Düşmanlık besleyen, kin güden (kimse)",Arapça ḫuṣūmet + Farsça -kār,husu:metkâr
husumetli,Husumeti olan,,
hususi,"Özel olarak, özel bir biçimde",Arapça ḫuṣūṣī,husu:si:
huşunetli,"Kaba, sert, kırıcı (kimse)",,
huylu,"Herhangi bir huyu olan | Ürkek, sinirli olan (binek hayvanı)",,
huysuz,"Huyu iyi olmayan, geçimsiz; aksi, damarlı",,
huysuzca,Biraz huysuz | (huysu'zca) Huysuz bir biçimde,,
huzurlu,Huzuru olan,,
huzursuz,"Huzuru olmayan, tedirgin; rahatsız | Tedirgin, rahatsız bir biçimde",,
huzursuzca,Biraz huzursuz | (huzursu'zca) Huzursuz bir biçimde,,
hücreli,Hücresi olan,,
hücre bilimsel,Hücre bilimi ile ilgili; sitolojik,,
hüdayinabit,"Kendiliğinden yetişen (bitki) [bitki bilimi] | Başıboş büyümüş (kimse) | Eğitim görmemiş, kendi kendini yetiştirmiş olan (kimse) | Yaradılıştan gelen, kendiliğinden olan, hiçbir yerden destek almayan",Farsça ḫudā + Arapça -į + nābit,hüda:yi:na:bit
hükümferma,Hüküm süren,Arapça ḥukm + Farsça -fermā,hükümferma:
hükümlü,"Ceza hükmü verilmiş, hüküm giymiş; mahkûm [hukuk]",,
hükümsüz,"Yürürlükten çıkarılmış, yürürlükten kaldırılmış, hükmü kalmamış; geçersiz",,
hülyalı,Hayal kuran veya insanı hayal kurmaya sürükleyen,,
hünerli,Hüneri olan (kimse) | Hünerle yapılan,,
hünersiz,"Hüneri olmayan (kimse) | Hünerle yapılmayan, hüner istemeyen",,
hür,Özgür bir biçimde,Arapça ḥurr,
hürmetli,Oldukça büyük,,
hürriyetsiz,Özgürlüğü olmadan,,
hüsranlı,Hüsran içinde bulunan,,
hüsransız,Hüsran içinde bulunmayan,,
hüveyda,Açıkça belli olan,Farsça huveydā,hüveyda:
hüzmeli,Işık saçan,,
hüzünlü,"Gönle üzgünlük veren, iç kapanıklığına yol açan; hazin",,
hüzünsüz,"Hüznü olmayan, şen (kimse)",,
hâllice,Durumu benzerlerine göre biraz daha iyi olan,,
hâlsiz,Takatsiz bir biçimde,,
ılık,"Soğukla sıcak arası, ne soğuk ne sıcak",,
ılıkça,Biraz ılık; ılıcak,,
ılıman,"Sıcaklığı çok yüksek veya çok düşük olmayan (yer, iklim); mutedil [coğrafya]",,
ılımlı,"Düşünce, iş vb.nde aşırıya kaçmayan; ölçülü, mutedil, itidalli | Siyasette aşırı görüşler arasında ortalama bir görüşü savunan",,
ıpıslak,"Çok ıslak, her yanı ıslak",,ı'pıslak
ıpıssız,"Çok ıssız, ıssız",,ı'pıssız
ırakça,"Biraz uzak, uzak gibi",,
ıraksak,"Birbirinden gittikçe uzaklaşan (ışınlar, çizgiler) [fizik]",,
ırkçı,Irkçılık yanlısı olan; rasist [toplum bilimi],,
ırki,Irkla ilgili; ırksal,Arapça ʿirḳī,ırki:
ırzı kırık,Namussuz bir biçimde davranan,,
ırz ehli,"Namuslu, iffetli, temiz (kimse)",,
ısıalan,"Oluşumu sırasında ısı alan (birleşme, tepkime); endotermik [kimya]",,
ısıl,"Isı ile, sıcaklıkla ilgili; termik [fizik]",,
ısırıcı,Isırma özelliği olan,,
ısırımlık,Bir kezde ısırılacak miktarda olan,,
ısıveren,"Isı açığa çıkaran, çevresine ısı salan (birleşme, tepkime); ekzotermik [kimya]",,ısı'veren
ıslak,"Suya batırılmış, üzerine su dökülmüş veya yağmurdan ıslanmış olan; yaş (II) | Herhangi bir nedenle yaşarmış, sulanmış",,
ıslak karga,"Çok korkan, çekingen, ürkek (kimse)",,
ıslıklı,Islık çıkaran | Islık gibi çıkan,,
ıspanağımsı,"Ispanağı andıran, ıspanağa benzeyen, ıspanak gibi",,
ıspanaklı,İçinde ıspanak bulunan (yiyecek),,
ısrarcı,Israr eden,,
ısrarlı,Tekrarlanarak yapılan | Üsteleyerek,,
ıssız,"Kimse bulunmayan veya az kimse bulunan; yaban, kûhi, tenha | Yalnız, kimsesi olmayan | Tenha bir durumda",,
ıstırari,343 ıztırari,Arapça iżṭirārī,
ışıklı,"Işığı olan, aydınlık, ışıklandırılmış; ışıl, nurlu, nurani, ziyalı, ziyadar | Neşe veren, sevinç yaratan, mutluluk veren",,
ışıksız,Işığı olmayan; ziyasız,,
ışıl,"Işıldayan, parlayan",,
ışıltılı,"Işıltısı olan, ışıltı yapan; ışıl ışıl",,
ışıl ışıl,Titrek ve parlak ışık saçarak,,
ışınlı,"Işın veren, ışın saçan",,
ıtırlı,"Güzel kokulu; muattar, ıtri",,
ıvır zıvır,"Küçük, önemsiz",,
ızdıraplı,Ağrı ve acı veren,,
ızdırapsız,Ağrısı ve acısı olmayan,,
ızgaralı,Izgarası olan,,
ızgaralık,Izgara yapmaya elverişli (et),,
ızgarasız,Izgarası olmayan,,
iadeli taahhütlü,"Alıcıya imza karşılığı teslim edilen, teslim edilemediği durumlarda göndericiye geri gönderilen (mektup, paket); iadeli",,
iadesiz,İadesi olmayan,,
ibaret,"Oluşan, meydana gelen",Arapça ʿibāret,iba:ret
ibikli,İbiği olan,,
ibiksi,"İbiği andıran, ibiğe benzeyen, ibik gibi",,
iblisçe,Şeytana yakışır | (ibli'sçe) ► şeytanca,,
iblisçi,İblise bağlanan ve tapınan | İblisçe davranan,,
ibretamiz,"İbret verici, ibret dolu",Arapça ʿibret + Farsça -āmīz,ibreta:miz
ibretlik,Ders alınacak nitelikte olan,,
ibriksi,"İbriği andıran, ibriğe benzeyen, ibrik gibi",,
içbükey,"Yüzeyi düzgün ve pürüzsüz çukur biçiminde olan; obruk, mukaar, konkav [matematik]",,i'çbükey
içerikli,"Herhangi bir niteliği, özelliği içeren; muhtevalı",,
içeriksel,İçerikle ilgili,,
içeriksiz,İçeriği olmayan,,
içerlek,"Yanındakilerden daha içeride, daha geride bulunan | İçine çökmüş, derinde olan",,
içe dönük,"Çevresiyle iletişim kurmada güçlük çeken, içine kapalı, sosyal ilişkileri zayıf olan (kimse) [ruh bilimi] | Gerginlik ve çatışma durumlarında kendi içine kapanarak başkalarından kaçan (kimse)",,
içe kapalı,"Dış dünyaya karşı ilgi ve ilişkisi güçsüz, içine kapanık (ülke, topluluk vb.)",,
içe kapanık,"Dış dünyaya karşı ilgi ve ilişkisi güçsüz, içine kapanık (kimse); içine kapanık [ruh bilimi]",,
içgüdüsel,"İçgüdü ile ilgili; içgüdülü, insiyaki",,
içici,İçme işini yapan (kimse),,
içimli,"İçimi herhangi bir nitelikte olan | İçimi iyi, lezzetli",,
içimlik,İçilecek miktarda olan,,
içi boş,"İçinde bir şey bulunmayan | Önemsiz, değersiz",,
içi çıfıt çarşısı,"Her işte aklından türlü kötülükler geçiren, içi fesat dolu olan",,
içi dar,"Beklemeye dayanamayan, tez canlı, sabırsız (kimse)",,
içi dışı bir,"Düşündüğünü açıkça söyleyen, gizli bir düşüncesi olmayan, ikiyüzlü olmayan, özü sözü bir (kimse)",,
içi fesat,Her an kötülük düşünen,,
içi geniş,"Sabırlı, rahat, huzurlu, gamsız, tasasız (kimse)",,
içkili,İçki içmiş olan | İçki içilen | İçki içmiş olarak,,
içkin,"Varlığın içinde bulunan, varlığın yapısına karışmış olan; mündemiç [felsefe] | Yalnızca bilinçten olan, yalnızca bilinç içeriği olarak var olan; mündemiç | Deney içinde kalan, deneyi aşmayan | Dünya içinde, dünyada olan",,
içkisiz,İçki içmemiş olan | İçki içilmeyen | İçki içmemiş olarak,,
içler acısı,"Çok acıklı, üzüntü veren",,
içli,"İçi dolu (taneli sebze veya kuru yemiş) | Duygulandıran, etkili",,
içli dışlı,"Senli benli, aşırı teklifsiz; sıkı fıkı, yağlı ballı",,
içrek,"İçe ait, içe özgü olan; bâtıni, ezoterik [felsefe] | Belirli bir insan topluluğunun dışında kimseye bildirilmeyen, yalnızca sınırlı, dar bir çevreye aktarılan (her türlü bilgi, öğreti); bâtıni, ezoterik, dışrak karşıtı",,
içrekçi,Ele alınan konuyu içeriden kavramaya çalışan,,
içsel,"İçle ilgili, içe ilişkin; dâhilî",,
içsiz,"İçi olmayan (taneli sebze veya kuru yemiş) | İç lastiği olmayan | Muhtevası olmayan, kuru, anlamsız bir biçimde olan",,
içten,"Her türlü çıkar düşüncesinden uzak; ılım ılım, içtenlikli, kalpten, yürekten, kalbî, samimi | Her türlü çıkar düşüncesinden uzak bir biçimde davranarak; derinden, sargın, kalben",,
içtenliksiz,"İçten olmayan; içtensiz, samimiyetsiz",,
içten pazarlıklı,"Öfkesini, kinini kimseye sezdirmeyen, iyi görünüp kötülük yapan",,
iç bayıltıcı,"Etkileme özelliği olan, kendinden geçiren, bayıltan",,
iç içe,"Biri ötekinin içinde veya birine ötekinden geçilen | Birbirinin içinde, karışık bir durumda, birbirine çok yakın",,
iç salgı bilimsel,İç salgı bilimi ile ilgili; endokrinolojik,,
idamlık,Ölüm cezası ile cezalandırılmış olan (kimse) | Ölüm cezası gerektiren,,
idareli,"İdare etmesini bilen, iyi yöneten | Tutumlu bir biçimde, ekonomik olarak",,
idaresiz,"İdare etmesini bilmeyen, gevşek, beceriksiz (kimse)",,
iddiacı,"Dediğinde, iddiasında haksız da olsa direnen, inatçı (kimse) | Kendinde olmayan bir yeteneği, bir durumu varmış gibi gösteren",,
iddialı,Bir iddiası olan | Abartılı olan | Kendine çok güvenen,,
iddiasız,Bir iddiası olmayan | Gösterişsiz olan,,
idealize,"""İdealleştirmek"" anlamındaki idealize etmek birleşik fiilinde geçen bir söz",Fransızca idéalisé,
idealsiz,İdeali olmayan,,
ideolojik,İdeoloji ile ilgili,Fransızca idéologique,l ince okunur
idmancı,İdman yapan,,
idmanlı,Düzenli idman yaparak çeviklik kazanmış olan (kimse); antrenmanlı | Herhangi bir şeye alışmış ve onu yadırgamaz duruma gelmiş olan (kimse),,
idmansız,"Düzenli veya hiç idman yapmamış olan, idmanı olmayan, çevikliği olmayan; ham, antrenmansız | Bir işe, bir duruma henüz alışmamış olan; acemi",,
idrar söktürücü,"İdrarın vücuttan atılmasını kolaylaştıran veya sağlayan (ilaç vb.); sidik söktürücü, müdrir",,
ifadeli,Belli bir ifade taşıyan,,
ifadesiz,Belli bir ifade taşımayan,,
iffetli,"İffetini koruyan, iffet sahibi; sili (II), afif, afife",,
iffetsiz,"İffetini korumayan; malın gözü, silisiz",,
ifratlı,"İfratı bulunan, aşırıya kaçan",,
ifratsız,"İfratı bulunmayan, aşırıya kaçmayan",,
iğdiş,Erkeklik bezleri çıkarılarak veya burularak erkeklik görevi yapamayacak duruma getirilmiş (hayvan ve özellikle at),Farsça ikdiş,
iğlik,İçinde herhangi bir sayıda iğ bulunan,,
iğneleyici,"Onur kırıcı, incitici, üzüntü verici, kinayeli (söz veya davranış)",,
iğneli,"İğnesi olan | İğne ile tutturulmuş, iğnelenmiş | Kırıcı, gücendirici, dokunaklı, onur kırıcı, kinayeli (söz veya davranış)",,
iğne oyalı,İğne oyası olan,,
iğrenç,"İnsanda iğrenme duygusu uyandıran, tiksindiren; cife, müstekreh | İnsanda iğrenme duygusunu uyandıracak biçimde",,
iğrengen,Her şeyden iğrenme huyu olan; iğrengeç,,
iğsi,"İğ şeklinde olan, iği andıran",,
ihamlı,"İmalı, kinayeli olan",,
ihatalı,"Alanı geniş | Kuşatılmış, çevrilmiş | Kavrayışlı, anlayışlı",,
ihbarlı,"Önceden bildirilmiş, haber verilmiş",,
ihlaslı,İhlası yerinde ve sağlam olan (kimse),,
ihlassız,İhlası yerinde ve sağlam olmayan (kimse),,
ihmalkâr,"İşlerine önem vermeyip onları gelişigüzel yapıveren veya daha sonraya bırakan; savsak, ihmalci",Arapça ihmāl + Farsça -kār,
ihtilaflı,"Uyuşmazlığa sebep olan, anlaşmazlık konusu olan",,
ihtilafsız,"Uyuşmazlığa sebep olmayan, anlaşmazlık konusu olmayan",,
ihtiraslı,Aşırı istekli,,
ihtiyaçlı,İhtiyacı olan,,
ihtiyaçsız,İhtiyacı olmayan,,
ihtiyarca,Biraz yaşlıca,,
ihtiyarsız,"Düşünmeksizin, elde olmadan",,
ihtiyati,İlerisi düşünülerek yapılan,Arapça iḥtiyāṭī,ihtiya:ti:
ihtiyatlı,"Herhangi bir konuda ileriyi düşünerek ölçülü davranan, önlem alan; sakıngan, ihtiyatkâr",,
ihtiyatsız,İhtiyatlı davranmayan,,
ihzari,Hazırlık niteliğinde olan,Arapça iḥżārī,ihza:ri:
ihzarlı,Mahkemece yapılan çağrıya uymadığı için kolluk gücüyle mahkemeye getirilmiş olan [hukuk],,
ikametgâhsız,İkametgâhı olmayan,,
ikballi,"İkbale ermiş olan, talihi olan",,
ikbalsiz,"İkbale ermemiş olan, talihi olmayan",,
ikbal düşkünü,İyi bir yaşantısı varken gözden düşerek yoksulluğa mecbur kalan (kimse) | Makam ve mevki hırsı olan (kimse),,
ikici,İkicilik felsefesini kabul eden; düalist [felsefe],,
ikilemli,İkilemi olan,,
ikilemsiz,İkilemi olmayan,,
ikileşik,İkişer ikişer ayrılıp bölünen; dikotomik,,
ikincil,"Sırada önem bakımından ikinci derecede olan; yan, tali, sekunder",,
ikinci el,Kullanılmış (araç vb.); elden düşme,,
ikircikli,Kararsız bir biçimde,,
ikircil,İki anlama da gelen ve iki türlü yorumlanabilecek nitelikte olan; iki anlamlı [felsefe],,
ikişer,"İki sayısının üleştirme sayı sıfatı | Her defasında ikisi bir arada olan, her birine iki tane",,
ikişerli,İkişer ikişer sıralanmış | Her biri iki birimden oluşan,,
ikiyüzlü,"Özü sözü bir olmayan; yüze gülücü, yalabık, riyakâr, mürai",,iki'yüzlü
ikizkenar,İki kenarı eşit olan [matematik],,iki'zkenar
ikizli,İkizleri olan (ana) | İki kollu (araç),,
ikiz anlamlı,Kendisinden iki anlam çıkarılabilen; ikizli [mantık],,
iki anlamlı,İki anlama gelen,,
iki ayaklı,İki ayağı olan (hayvan veya eşya),,
iki başlı,İki başı olan,,
iki büklüm,"Beli bükük, öne doğru eğik (kimse) | Beli bükük, öne doğru eğik bir biçimde",,
iki çenekli,"Tohumlarında iki çenek bulunan, kapalı tohumlu bitki [bitki bilimi]",,
iki çenetli,"Çatladığında kabuğu iki çenete ayrılan (meyve) [bitki bilimi] | İki parçalı kavkısı birbirine kaslarla bağlı yassı solungaçlılardan midye, istiridye vb. (hayvan) [hayvan bilimi]",,
iki dilli,İki ayrı dilde olan | İki ayrı dile sahip olan | İki ayrı dili okuyup yazma gücünde ve becerisinde olan,,
iki düzlemli,İki düzlemin kesişmesinden oluşan (açı) [matematik],,
iki eşeyli,Erkek ve dişi eşey organları bir arada bulunan; iki cinslikli [biyoloji],,
iki evcikli,Erkek ve dişi çiçekleri ayrı ayrı bitkilerde bulunan (bitki) [bitki bilimi],,
iki fazlı,Aralarında devrenin dörtte biri kadar faz farkı olan (aynı frekans ve genlikte iki alternatif akım veya gerilim) [fizik],,
iki katlı,İki katı olan; dubleks,,
iki paralık,"Çok az | Değersiz, önemsiz",,
iki parmaklı,İki parmağı olan (hayvan) [hayvan bilimi],,
iki şekilli,Birbirinden farklı iki biçimde billurlaşan [kimya],,
iki yaşamlı,"Hem suyun içinde hem karada yaşayabilen; iki yaşayışlı, amfibik [biyoloji]",,
iki yüzlü,İki tarafı olan | İki taraflı kullanılan,,
ikramcı,İkramda bulunmayı seven; mükrim,,
ikramiyeli,İkramiyesi olan,,
ikramiyesiz,İkramiyesi olmayan,,
iktidari,"İktidarla ilgili, güçle ilgili",Arapça iḳtidārį,iktida:ri:
iktidarlı,"Güçlü, nüfuzlu olan",,
iktidarsız,"Gücü, yeteneği olmayan, beceriksiz, yetersiz olan | Cinsel gücü yetersiz (erkek) | Beceriksiz, yetersiz bir biçimde",,
iktisatlı,Aşırı harcama yapmayan (kimse) | Aşırı harcama gerektirmeyen (şey),,
iktisatsız,Aşırı harcama yapan (kimse) | Aşırı harcama gerektiren (şey),,
ilaçlı,İçinde ilaç bulunan | İlaçlanmış,,
ilaçlık,"İlaç yapmak için ayrılmış, ilaç yapmaya yarar",,
ilaçsız,İlacı olmayan; biilaç | İlaçlanmamış,,
ilahi,"Tanrı ile ilgili olan, Tanrı'ya özgü olan; tanrısal, lahuti, rahmani [din bilimi] | Olağanüstü, mükemmel olan",Arapça ilāhī,"ila:hi:, l ince okunur"
ilancı,Ticari bir amaçla geniş topluluklara tanıtılmak istenen bir şeyi basın ve yayım yoluyla duyuran,,
ilanihaye,Sonsuza kadar,Arapça ilānihāye,"ila:niha:ye, l ince okunur"
ilaveli,"Eki olan | Abartılmış, yalan katılmış, abartılı",,
ilçeli,Aynı ilçeden olan (kimse),,
ilençli,İçinde beddua barındıran | İlence uğramış; kargışlı,,
ilençsiz,İçinde beddua barındırmayan | İlence uğramamış,,
ilerici,"İlerlemeden yana olan, ileri düzeydeki toplumsal ve siyasi gelişmeleri benimsemiş olan (düşünce, kimse vb.); terakkiperver, gerici karşıtı",,
ileri geri,"Ayrıntıları düşünülmeyen | Rastgele, gelişigüzel (konuşmak)",,
ileri görüşlü,İleri görüşü olan (kimse),,
ilerlek,"İlerlemiş, ileriye varmış",,
iletişimli,İletişimi olan,,
iletişimsiz,İletişimi olmayan,,
iletken,"Akım, ısı, ses vb.ni geçiren (madde); nâkil, yalıtkan karşıtı [fizik] | Elektrik akımı, ısı, gaz vb.ni bir yerden başka bir yere aktaran (madde, şey)",,
ilginç,"İlgi uyandıran, ilgi ve dikkat çekici olan; enteresan",,
ilgisiz,"İlgisi olmayan veya ilgilenmeyen; kayıtsız, aldırmaz, alakasız, lakayıt, bigâne | Aldırmaz, kayıtsız bir biçimde",,
ilgi çekici,"İlgiyi, dikkati üzerinde toplayan",,
ilikli,İliği olan | İliklenmiş,,
iliksi,"İliği andıran, iliğe benzeyen",,
iliksiz,İliği olmayan,,
ilineksel,"İlinekle ilgili olan, özle ilgili olmayan [felsefe]",,
ilintili,"İlgisi, ilişkisi, bağı, ilintisi olan",,
ilintisiz,"İlgisi, ilişkisi, bağı, ilintisi olmayan",,
ilişikli,"İlişiği olan, ilişkin",,
ilişiksiz,İlişiği olmayan,,
ilişkenli,İlişken özellik bulunduran,,
ilişkili,İlişkisi olan; münasebetli,,
ilişkisel,İlişkiyle ilgili,,
ilişkisiz,İlişkisi olmayan,,
ilkelce,(ilke'lce) İlkel bir biçimde,,
ilkelci,İlkelcilik yanlısı olan (sanatçı); primitivist,,
ilkesel,İlke ile ilgili,,
illetli,Hastalığı olan | Sürekli aksaklık gösteren,,
ilmekli,"Kolay çözülür biçimde düğümlenmiş; ilmikli | Herhangi bir sayıda düğümü, ilmiği olan; ilmikli",,
ilmeksiz,"Kolay çözülemeyen biçimde düğümlenmiş, ilmiksiz | İlmiği olmayan; ilmiksiz",,
iltifatkâr,"Güler yüz gösteren, hoş davranan; mültefit",Arapça iltifāt + Farsça -kār,
iltifatlı,"Yüze gülen, gönül alan",,
iltihaplı,"İltihabı olan; yangılı, iltihabi",,
iltihapsız,İltihabı olmayan; yangısız,,
iltimaslı,Kayırılarak yapılan (iş),,
iltisaki,İltisakla ilgili olan [dil bilgisi],Arapça iltiṣāḳī,iltisa:ki:
iltisaklı,"Bağlantılı olan | Birbirine bitişik, yapışık olan (bina, organ vb.) | Birbirine kavuşmuş, ulaşmış olan | Zararlı yapılarla örgütsel ilişkili veya bağlantısı olan (kimse)",,
iltizami,"İsteyerek, bilerek yapılan",Arapça iltizāmī,iltiza:mi:
imalı,"Üstü kapalı, örtülü (söz veya davranış)",,
imam nikâhlı,İmam nikâhı olan,,
imanlı,"İmanı olan, iman etmiş olan; itikatlı, mümin | İnsaflı, vicdanlı olan",,
imansız,"İnsafsız, acımasız",,
iman sahibi,"İnanmış, iman etmiş (kimse)",,
imgeci,"İmgeyi öne alan, imgeye önem veren (kimse, düşünce vb.)",,
imgeli,"İmgeye dayanan, imgesi olan",,
imgesel,İmge ile ilgili,,
imkânsız,"Olma ihtimali bulunmayan; gayrikabil, gayrimümkün",,
imzalı,İmza edilmiş | İmza edilmiş olarak | Yazarı belirtilmiş,,
imzasız,İmza edilmemiş | Yazanı belirtilmemiş,,
inancı,İnancılığı savunan; fideist [din bilimi],,
inançlı,"İnancı olan, bir şeye bütün varlığıyla inanmış bulunan; inanlı, itikatlı",,
inançsız,"İnancı olmayan; imansız, inansız, itikatsız",,
inandırıcı,"İnandıran, inandırma özelliği olan; doyurucu",,
inanılmaz,"İnanılması çok güç veya imkânsız olan | Az rastlanan, olağanüstü olan",,
inatçı,"Ayak direyen, direnen; aksi, direngen, inat, inatçı, pek başlı, anut, muannit",,
ince,"Kendi cinsinden olanlara göre dar ve kalınlığı az olan; cılız, narin, kalın karşıtı | Taneleri ufak, iri karşıtı | Aşırı özen gerektiren, kaba karşıtı | Akışkanlığı çok olan, yoğun ve koyu olmayan (sıvılar) | Tiz (ses), kalın karşıtı | Hafif, gücü az | İyiden iyiye, enikonu, ayrıntılı | Düşünce, duygu veya davranış bakımından insanın sevgi ve saygısını kazanan, zarif, kaba karşıtı",,
incecik,Çok ince,,
incerek,"Zayıfa yakın, incecik",,
ince düşünceli,Ayrıntılı bir biçimde düşünen,,
ince yapılı,"Narin, nazik, zayıf; inceden",,
incili,İnci takınmış olan,,
incitici,"İncinme, üzülme, kırılma duygusu veren",,
indi,Herkesçe kabul edilebilecek bir temele bağlanamayıp yalnız bir kişinin kendi kanısına dayanan,Arapça ʿindī,indi:
indifai,Püsküren (yanardağ) | Döküntülü (hastalık),Arapça indifāʿī,indifa:i:
indirgen,Oksit durumundaki cisimlerin oksijenini alma veya daha düşük bir oksitleme derecesine indirme özelliği olan (madde) [kimya],,
indirgenebilir,Daha düşük bir oksitleme derecesine indirilebilen [kimya],,
indirimli,"Fiyatında değer düşürümü yapılmış; tenzilatlı, iskontolu",,
indirimsiz,"Fiyatında değer düşürümü yapılmamış; tenzilatsız, iskontosuz, tam tarife",,
indükleçli,İndükleci olan,,
inekli,İneği olan,,
infinitezimal,Sonsuz küçük dizi nicelikleri inceleyen (matematik kolu) [matematik],Fransızca infinitésimal,l ince okunur
informel,Biçimsel olmayan | Resmî olmayan,Fransızca informel,i'nformel
inik,"İnmiş, indirilmiş | İnmiş durumda",,
iniltili,"İnleme sesiyle yüklü, inlemeli",,
inişli,"İnişi olan, bayır aşağı",,
inişli çıkışlı,Hem inişi hem çıkışı olan (yol); inişli yokuşlu,,
inkârcı,İnkâr eden,,
inmeli,"Bir tarafında inme bulunan; felçli, mefluç, nüzullü",,
insaflı,İnsafı olan,,
insafsız,"İnsafı olmayan | Vicdansız bir biçimde, acımasızca",,
insanca,"İnsana yakışan, insana özgü olan, insanla ilgili; insani | (insa'nca) İnsana yakışır bir biçimde; insancasına | (insa'nca) İnsan bakımından",,
insancıl,"İnsan seven; insancı | İnsanla ilgili | İnsana değer veren; insancı | İnsancılık yanlısı olan; beşeriyetçi, hümanist [felsefe]",,
insani,"İnsanla ilgili, insana özgü",Arapça insānī,insa:ni:
insaniyetli,İnsanlığı olan; mürüvvetli,,
insaniyetsiz,İnsanlığı olmayan; mürüvvetsiz,,
insanlı,"Çevresinde, içinde insan bulunan",,
insanlık dışı,"İnsanca olmayan, insana veya insanlığa yakışmayan | İnsanca olmayan, insana veya insanlığa yakışmayan bir biçimde; gayriinsani",,
insanmerkezci,"İnsanmerkezcilik öğretisini benimseyen; insaniçinci, antroposantrist [felsefe]",,insa'nmerkezci
insansever,İnsanseverlik yanlısı olan [felsefe],,
insansı,"İnsana benzeyen, insanı andıran; insanımsı, antropoit",,
insansız,İçinde insan bulunmayan,,
insanüstü,İnsan gücünü ve yeteneklerini aşan; fevkalbeşer,,insa'nüstü
insan biçimci,İnsan biçimcilik yanlısı; antropomorfist [felsefe],,
insan kurusu,Çok zayıf (kimse),,
insan müsveddesi,Bir insanda bulunması gerekli niteliklerden yoksun olan (kimse),,
insolent,"Küstah, arsız, terbiyesiz",İngilizce insolent,
intani,Mikropla oluşan,Arapça intānī,inta:ni:
intibaksız,Yaşadığı çevreye veya duruma uymakta güçlük çeken,,
intikamcı,Öç almaya çalışan,,
intizamperver,"İntizama düşkün, çok düzenli (kimse)",Arapça intiẓām + Farsça -perver,intiza’mperver
inzibati,"Sıkı düzeni sağlayıcı, düzene bağlayıcı, insan davranışlarını sınırlayıcı, düzenleyici, baskı altına alıcı",Arapça inżibāṭī,inziba:ti:
inzibatsız,Disiplini olmayan,,
ipekli,İpekten yapılmış veya içinde ipek bulunan (kumaş),,
ipeksi,"İpeğe benzer, ipek gibi; ipeğimsi",,
ipince,"Çok ince, incecik",,i'pince
ipi çürük,Güvenilmez (kimse),,
ipi kırık,"Serseri, sorumsuz (kimse)",,
ipliksi,"İpliği andıran, ipliğe benzeyen, iplik gibi; ipliğimsi",,
ipsi,"İpi andıran, ipe benzeyen, ip gibi",,
ipsiz,İpi olmayan,,
ipsiz sapsız,"Birbirini tutmaz, anlamsız bir biçimde olan | Evsiz barksız, işsiz güçsüz olan (kimse); ipsiz",,
ip torbalı,Elinde pazar filesi olan,,
iradeci,"İradecilik yanlısı; istenççi, iradi, volontarist [ruh bilimi]",,
iradeli,İradesi olan [ruh bilimi] | İradeyle yapılan | Herhangi bir dış zorunluluk söz konusu olmadan belirli bir durum karşısında girişilecek eylemi kararlaştıran ve uygulayabilen; istençli [ruh bilimi],,
iradesiz,İradesi olmayan; istençsiz,,
irade dışı,"Yapılması istenmediği hâlde yapılan (davranış); istenç dışı, ihtiyarsız, iradesiz, istençsiz, gayriiradi [ruh bilimi]",,
irfanlı,İrfan sahibi (kimse),,
iri,"Olağandan daha hacimli, olağanı aşan büyüklüğü olan; müşekkel, ince karşıtı",,
irice,"İriye yakın, biraz iri",,
irili ufaklı,Büyük küçük karışık,,
irinli,İrin toplamış; cerahatli,,
irinsiz,İrin toplamamış; cerahatsiz,,
iri iri,"Çok büyük, çok iri",,
iri kıyım,İri kıyılmış,,
iri yapılı,"Uzun boylu ve etine dolgun (kimse); iri kıyım, iri yarı",,
ironik,İroniye dayalı,Fransızca ironique,
irticai,"Gericilikle ilgili, gerici (davranış, tutum)",Arapça irticāʿī,irtica:i:
isabetli,"Yerine düşmüş, yerinde, uygun",,
isabetsiz,"Yerinde olmayan, uygun düşmeyen, yersiz",,
ishalli,İshali olan,,
iskontolu,Bir bölümü söylenmemiş sayılan,,
isli,"İsi olan, islenmiş, is bulaşmış | İs verecek bir biçimde (yanmak)",,
ismetli,Ahlak kurallarına bağlı | Dürüst olan,,
ismetsiz,Ahlak kurallarına aykırı davranan | Dürüst olmayan,,
ismiyle müsemma,Fiziksel yapısıyla veya karakteriyle adı örtüşen,,
ispatlı şahitli,Doğruluğu tam olarak kanıtlanmış,,
ispirtolu,İspirtosu olan,,
ispirtosuz,İspirtosu olmayan,,
istatistiksel,"İstatistiğe dayanan; sayımlamalı, istatistiki",,
isteklendirici,"İstek uyandıran; teşvikçi, teşvikkâr",,
istekli,"Bir şeye karşı isteği olan; arzulu, hevesli, talipli, heveskâr, talepkâr, müştehi",,
isteksiz,"Bir işi yapmaya isteği olmayan; arzusuz, hevessiz",,
istemli,Yapılıp yapılmaması insanın kendi isteğine bağlı olan | Bir istek üzerine veya isteyerek yapılan | İrade ve istek doğrultusunda hareket eden,,
istemsiz,İstenmeden yapılan | İstemeyerek yapılan | İstem dışı hareket eden,,
istem dışı,"Bilmeden ve istemeden yapılan | İstemeksizin, düşünmeden, elinde olmayarak; gayriihtiyari",,
istihzalı,İstihzası olan,,
istihzasız,İstihzası olmayan,,
istikrarlı,İstikrarı olan; stabilize,,
istikrarsız,İstikrarı olmayan,,
istikşafi,"Araştırmayla ilgili, tanımayla ilgil",Arapça istikşāf + Farsça i,istikşa:fi
istilacı,"İstila eden (kimse, devlet)",,
istismarcı,Birinin iyi niyetini kötüye kullanan (kimse),,
istisnai,"Ayrı tutulmuş, benzerlerine uymayan, kural dışı olan; ayrıklı, istisnalı",Arapça istis̱nāʾī,istisna:i:
işaretli,"İşareti olan, işaretle belirlenmiş olan",,
işaretsiz,İşareti olmayan,,
işbu,"Bu, özellikle bu",,i'şbu
işe uygun,Yapılan işe elverişli olan,,
işgalci,"İşgal eden, ele geçiren",,
işgüzar,"Gereği yokken, genellikle kendini göstermek için işe karışan (kimse) | Eli işe yatkın, becerikli (kimse)",Türkçe iş + Farsça -guẕār,
işitilmemiş,O güne değin duyulmamış olan,,
işitme engelli,Doğduktan sonra çeşitli sebeplerden dolayı işitme sorunu yaşayan ancak çoğunlukla konuşabilen (kimse),,
işitsel,İşitimle ilgili,,
işi duman,İşi ve durumu kötü olan (kimse),,
işi tıkırında,"İşi çok uygun, çok iyi",,
işkembeli,"İşkembesi olan | İçinde işkembe bulunan (çorba, yemek)",,
işkembesiz,İşkembesi olmayan,,
işkembesi geniş,"Hoş görülmeyecek şeyi de hoş gören, hazımlı (kimse); işkembesiz",,
işkencesiz,İşkencesi olmayan,,
işkilsiz,Kuşku barındırmayan | Kuşku barındırmaksızın,,
işlek,"Çok işleyen, canlı, hareketli olan | Özenmeden, çabuk yazıldığı hâlde okunaklı ve güzel olan (yazı)",,
işlemeli,Üstünde işlemeler bulunan,,
işlemsel,İşlemle ilgili [matematik],,
işlevsel,"İşlevle ilgili | Kullanılabilir, çalışır durumda olan; fonksiyonel",,
işlevsiz,İşlevi olmayan,,
işli,Üzeri nakışlı,,
işporta malı,"Değersiz, niteliksiz olan (mal)",,
işsever,İşine düşkün; işkolik,,i'şsever
işsiz,İşi olmayan | İşi olmadan,,
işsiz güçsüz,Yapacak hiçbir işi olmayan veya iş tutmayan | Yapacak bir işi olmadan,,
iştahlı,"Çok yemek yiyen, yemek isteği çok olan; boğazlı, müştehi | İstekli olan | İstekli bir biçimde",,
iştahsız,"Yemek yeme isteği olmayan; boğazsız | İsteksiz, arzusuz olan",,
iştiyaklı,İştiyakı olan,,
iş birlikli,"İş birliği ile, ortaklaşa yapılan",,
iş güç sahibi,"Bir işi, bir görevi olan (kimse)",,
itaatli,"Söz dinleyen, buyruğa uyan; itaatkâr, muti",,
itaatsiz,"Söz dinlemez, buyruk dinlemez, kendi başına buyruk olan (kimse)",,
itibarlı,"Kredisi olan | Gözde olan, önemli sayılan",,
itibarsız,"İtibarı, değeri olmayan",,
itici,İtme işini yapan | Başkalarını kendinden uzaklaştıran (kimse),,
itidalsiz,"Aşırılığa kaçan, ılımlı olmayan",,
itidal sahibi,"Ölçülü, ılımlı (kimse)",,
itimatsız,Başkalarına güveni olmayan; güvensiz | Güven vermeyen,,
itirazcı,"Her şeye karşı çıkan, itiraz eden; muteriz",,
itirazlı,İtiraz edilmiş olan,,
itirazsız,"İtiraz etmeden, karşı çıkmadan | İtiraz edilmemiş olan",,
itriyumlu,Özünde itriyum bulunduran,,
it canlı,"Zora, sıkıntıya dayanan, dayanıklı (kimse)",,
it elli,Ayakları dışarıya dönük (hayvan),,
ivedi,Acele olarak,,
iveğen,Ani başlayan ve birden şiddetlenen (hastalık); akut [tıp],,
iyice,"İyiye yakın | Adamakıllı, olağandan çok bir biçimde; büsbütün, bütün bütüne, pekçe, sıkı sıkıya | (iyi'ce) ► tamamen | (iyi'ce) Gereği gibi, derinlemesine, ayrıntılarıyla",,
iyilikbilir,"İyilik gördüğü kimseye hainlik etmeyen, aldığı yardımı inkâr etmeyen",,iyili'kbilir
iyilikbilmez,"İyilik gördüğü kimseye hainlik yapan, aldığı yardımı inkâr eden; nankör, ekmeği dizinde, tuz ekmek düşmanı",,iyili'kbilmez
iyilikçi,"Herkesin iyiliğini isteyen, herkese iyilik etmesini seven",,
iyiliksever,İyilik yapmayı kendisine ülkü edinmiş (kimse),,iyili'ksever
iyilik perisi,"Maddi, manevi yardımda bulunan (kimse)",,
iyimser,"Genellikle her düşünce ve işi iyi olarak değerlendiren; nikbin, optimist, kötümser karşıtı",,
iyi huylu,"Sonu iyi, tehlikesiz (hastalık); iyicil",,
iyi kalpli,Başkaları için hep iyilik düşünen; iyi yürekli,,
iyi niyetli,İyi niyet sahibi,,
iyonik,"İyonlardan oluşan, iyonlarla ilgili [kimya]",Fransızca ionique,
iyotlu,İyot içeren,,
izansızca,Anlayışsıza yakışan | (izansı'zca) Anlayışsız bir biçimde,,
izbe,"Basık, loş, nemli, kuytu (yer) | Yıkık dökük, tenha yer",Rusça,
izdüşüren,"Bir biçimin bir düzlem üzerindeki iz düşümünde, biçimin her noktasını iz düşümüyle birleştiren (doğru) [matematik]",,i'zdüşüren
izinli,İzin alarak belli bir süre için bir yerden ayrılmış | Yetkilendirilmiş | İzin alınan | İzin verilmiş,,
izleksel,İzleğe dayalı,,
izlemsel,İzlem ile ilgili; stratejik,,
izlenimci,"İzlenimcilik yanlısı olan (sanat veya sanatçı); empresyonist | Kesin bir doğruluğu olmayıp duyumlara, izlenime dayanan",,
izole,Yalıtılmış olan,Fransızca isolé,
izomer,Aynı oranlarda birleşmiş aynı elementlerden oluşan fakat moleküllerinde atom gruplaşmaları değişik olduğu için birbirlerinden farklı özellikler gösteren (maddeler) [kimya],Fransızca isomère,
izomerik,İzomeri ile ilgili olan,Fransızca isomérique,
iz düşümlü,İz düşümü olan,,
iz düşümsel,Bir düzlem üzerine iz düşürülen biçimlerin bozulmasından kalan (özellikler) [matematik],,
İngilizsever,"İngiliz yanlısı, İngiliz dostu; Anglofil",,ingili’zsever
İslamcı,"Müslümanlığın esaslarını sadece dinî hayatta değil, hukuksal, ekonomik ve siyasal düzenlemelerde de geçerli kılmak isteyen",,
İslami,İslam diniyle ilgili olan | İslama uygun olan,Arapça islāmī,"isla:mi:, l ince okunur"
jakarlı,Jakarla yapılan,,
jaketataylı,Jaketatay giymiş olan,,
jakuzili,Jakuzisi olan,,
jakuzisiz,Jakuzisi olmayan,,
jaluzili,Jaluzisi olan,,
jaluzisiz,Jaluzisi olmayan,,
jambonluk,Jambon yapmaya elverişli (domuz eti),,
janjanlı,Yanardöner olan,,
janti,"Güzel, şık, havalı, gösterişli olan (kimse)",Fransızca gentil,
japone,"Kolsuz, bol ve geniş (kadın giysisi)",Fransızca japonais,
jelatinli,Jelatinden yapılmış veya jelatinle kaplanmış,,
jelatinsiz,Jelatinle kaplanmamış,,
jeomorfolojik,Yüzey bilimi ile ilgili,Fransızca géomorphologique,"jeo'morfolojik, l ince okunur"
jeosismik,"Bir patlama sonucu, derinlemesine yayılan dalgaların incelenmesi yoluyla yeryüzü katmanlarındaki madenleri araştırma yöntemi [jeoloji]",Fransızca géosismique,jeo'sismik
jeotermal,Yer altında bulunduğu veya yer altından geçtiği için sıcaklığı yüksek olan [fizik],Fransızca géothermal,"jeo'termal, l ince okunur"
jeotermik,Jeotermi ile ilgili,Fransızca géothermique,jeo'termik
jiletli,Jileti olan,,
jiletsiz,Jileti olmayan,,
jinekolojik,Kadın hastalıkları ile ilgili [tıp],Fransızca gynécologique,l ince okunur
jokeyli,Jokeyi olan,,
jokeysiz,Jokeyi olmayan,,
jöleli,Jölesi olan,,
jölesiz,Jölesi olmayan,,
jullük,Bir jul değerinde olan,,
jülyen,"İnce, uzun şerit biçiminde kesilmiş",(Julyen özel adından),
kabaca,"İrice, büyükçe olan | (kaba'ca) Kaba bir biçimde | (kaba'ca) Yaklaşık olarak",,
kabadayıca,Kabadayı gibi olan | (kabadayı'ca) Kabadayıya yakışır bir biçimde,,
kabahatli,Kabahati olan; töhmetli,,
kabahatsiz,Kabahati olmayan,,
kabak kafalı,"Saçları dökülmüş; dazlak | Aptal, budala olan",,
kabaralı,Kabara çakılmış olan,,
kabarcıklı,Kabarcığı olan,,
kabarık,"Kabarmış olan | Çıkıntısı olan, tümsekli",,
kabartılı,Kabartısı olan,,
kabartmalı,Kabartması olan; rölyefli,,
kabataslak,Bir şeyin ayrıntılarına girmeden ana çizgilerini belirten,,kaba'taslak
kaba saba,Görgüsüz bir biçimde,,
kaba sakal,Gür ve geniş sakallı,,
kablolu,"Kablosu olan | Kablo aracılığıyla işlevini yapan (araç, gereç)",,
kablosuz,"Kablosu olmayan | Kablo olmaksızın bağlantı sağlayan (araç, gereç)",,
kabuklu,Kabuğu olan,,
kabuksu,"Kabuğu andıran, kabuğa benzeyen, kabuk gibi; kabuğumsu, kışri",,
kabuksuz,Kabuğu olmayan,,
kaburgalı,Kaburgası olan,,
kaburgasız,"Kaburgası olmayan | Yılışık, dalkavuk olan",,
kaç,Herhangi bir şeyin niceliğini sormak için kullanılan soru sıfatı | Soru ifade etmeyen cümlelerde kullanıldığında “birçok” anlamında kullanılan bir söz,,
kaçamaklı,"Kesin olmayan, yargı bildirmeyen ve her iki tarafa da çekilebilen (söz, cevap, davranış)",,
kaçar,Kaç soru sıfatının üleştirme biçimi,,
kaçıkça,"Kaçığa benzer, biraz deli gibi, deliye benzer | (kaçı'kça) Biraz kaçık olarak",,
kaçımsar,"Kaçamak yolu arayan, kaçamağa sapan",,
kaçıncı,"Kaç soru sıfatının sıra biçimi | Çok kez, birçok kez",,
kaçıngan,"İnsan içine girmek istemeyen, insanlardan kaçan",,
kaçınık,"Köşesine çekilmiş, insan içine çıkmak istemeyen (kimse); kapanık",,
kaçınılmaz,İstek ve irade dışında olan,,
kaçkınımsı,"Kaçkını andırır, kaçkına benzer",,
kaçlı,"Sayısı kaç, hangi sayıdan | Bir kimsenin hangi tarihte doğduğunu, okulu bitirdiğini veya asker olduğunu öğrenmek için kullanılan bir söz",,
kaçlık,Bir nesnenin sayıca ne kadar olduğunu soran söz,,
kademeli,Kademesi olan,,
kademesiz,Kademesi olmayan,,
kadersiz,Kötü talihi olan,,
kadınca,Kadına özgü | (kadı'nca) Kadına yakışır bir biçimde; kadıncasına,,
kadınlı,Kadını olan,,
kadınlı erkekli,Kadın erkek karışık | Kadın erkek karışık olarak,,
kadınsal,Kadına özgü ve kadınla ilgili,,
kadınsı,"Kadına benzer, kadın gibi; kadınımsı | Kadınsı özelliklere fazlasıyla sahip olan (kadın); nisai, feminen | Davranış ve kılık kıyafet bakımından kadına özenen (erkek); kadınımsı, efemine",,
kadınsız,Kadın bulunmayan | Karısı olmayan | Kadın olmaksızın,,
kadifemsi,"Kadife görünümünde olan, kadifeyi andıran, kadifeye benzeyen | Kadife görünümünde, kadife yumuşaklığında",,
kadife elli,"Sporda elini becerikli bir biçimde kullanabilen (kimse) | Amaca yönelik olarak düşüncesini belli etmeden, hissettirmeden hareket eden (kimse)",,
kadim,Çok eski zamanda var olmuş veya eskiden beri var olan; bayrı,Arapça ḳadīm,
kadimî,Eskiye ait olan,Arapça ḳadīmī,kadi:mi:
kadir,Her şeye gücü yeten (Tanrı) [din bilimi],Arapça ḳādir,ka:dir
kadmiyumlu,İçinde kadmiyum bulunan,,
kadranlı,Kadran içeren,,
kadrocu,Kendi düşüncesine yakın düşüncede olan insanları kadrosunda toplayan,,
kadrolu,"Bir kuruluşta kadrosu olan, kadroya girmiş olan",,
kadrosuz,Kadrosu olmayan,,
kadük,"Değerini, önemini yitirmiş, geçerliliği ve hükmü  kalmamış, eskimiş [hukuk]",Fransızca caduc,
kafadan gayrimüsellah,"Akılsız, aklında bozukluk olan",,
kafadan sakat,"Aklı eksik, düşüncesi kıt, delice işler yapan; kafadan çatlak, kafadan kontak, kafası çatlak, kafası kontak (kimse)",,
kafalı,"Kafası olan | Kafası herhangi bir biçimde olan | Bilgili, kavrayışlı ve anlayışlı",,
kafasız,"Kafası olmayan | Düşünüşü, anlayışı ve kavrayışı kıt olan",,
kafası boş,Cahil olan,,
kafası dumanlı,Çözemediği karışık düşüncelerle kafası yorgun (kimse),,
kafası küflü,"Çağının gerisinde kalmış, gerici (kimse)",,
kafası örümcekli,"Düşüncesiz, kaba, anlayışsız olan (kimse)",,
kafası tembel,Basireti olmayan (kimse),,
kafatasçı,"Kafatasçılıktan yana olan (kimse, görüş)",,
kafeinli,İçinde kafein bulunan,,
kafeinsiz,İçinde kafein bulunmayan,,
kafesli,Kafesi olan veya kafes biçiminde olan,,
kafiyeli,"Kafiyesi bulunan; uyaklı, mukaffa [edebiyat]",,
kafiyesiz,Kafiyesi bulunmayan; uyaksız [edebiyat],,
kağşak,"Eskimiş, gevşemiş, dağılmaya yüz tutmuş (eşya, yapı)",,
kahhar,"Kahreden, yok eden | Her şeyi yok eden (Tanrı) [din bilimi]",Arapça ḳahhār,
kahırlı,"Üzüntü veya acısı çok olan | Üzüntü, sıkıntı dolu",,
kahir,"Kahreden, zorlayan | Baskın gelen, ezen, ezici",Arapça ḳāhir,ka:hir
kahpece,"Kahpe gibi, kahpeye yaraşır | (kahpe'ce) Kahpe gibi, kahpeye yaraşır bir biçimde",,
kahpecik,"Oynak, kırıtkan",,
kahramanca,"Kahramana yaraşır | (kahrama'nca) Kahramana yaraşır bir biçimde; kahramancasına, yiğitçe",,
kahrolası,"Yok olası, perişan olası (kimse, şey, durum)",,
kahvaltılık,Kahvaltıda yenen (yiyecek),,
kahverengimsi,"Rengi kahverengiyi andıran, kahverengiye benzeyen",,
kaideli,Kaidesi olan,,
kaidesiz,Kaidesi olmayan,,
kail,"Söyleyen | İnanmış, aklı yatmış",Arapça ḳāʾil,ka:il
kaim,"Başka bir şeyin yerine geçen | Ayakta duran, var olan | Her zaman var olan (Tanrı) [din bilimi] | Namaz kılan, vaktinin çoğunu namaz kılmakla geçiren (kimse)",Arapça ḳāʾim,ka:im
kakaolu,İçinde kakao bulunan,,
kakavan,"Kendini beğenmiş, sevimsiz, düşüncesiz olan",,
kakavanca,Kakavana yakışır (davranış) | Kakavana yakışır bir biçimde (davranmak),,
kakmalı,Üzerinde kakma işi bulunan,,
kaknem,"Çirkin, huysuz olan",,
kakuleli,İçine kakule katılmış,,
kalabalıkça,Biraz kalabalık,,
kalabalık ağızlı,"Geveze, bilir bilmez konuşan",,
kalafatlı,Kalafatı olan,,
kalafatsız,Kalafatı olmayan,,
kalanlı,Bölünenden artanı olmayan [matematik] | Bölünenden artanı bulunarak,,
kalansız,Bölünenden artanı olmayan [matematik] | Bölünenden artanı olmadan,,
kalaylı,Kalaylanmış (kap) | İçinde kalay bulunan | Gösterişi ve süsü yapay olan,,
kalaysı,"Kalayı andıran, kalaya benzeyen, kalay gibi",,
kalaysız,Kalaylanmamış (kap) | Kalayı kalmamış (kap) | İçinde kalay bulunmayan,,
kalbiselim,Temiz kalpli olan,Arapça ḳalb + selīm,ka'lbiselim
kalbi kırık,"Üzgün, ümitsiz olan",,
kalbi temiz,"Saf, temiz duygulara sahip | Günahtan uzak durmaya çalışan",,
kalburüstü,"Seçkin, sivrilmiş, önde gelen | Benzerleri içinde daha üstün olan",,kalbu'rüstü
kalçalı,Kalçası geniş olan,,
kalçasız,Kalçası dar olan,,
kalçın ağızlı,"Ağzı gevşek, geveze olan (kimse)",,
kaldırımlı,Kaldırımı olan,,
kaldırımsı,"Oluşu, kaldırım görünüşünü andıran (doku) [biyoloji]",,
kaldırımsız,Kaldırımı olmayan | Kaldırım olmadan,,
kaldırım taşlı,Kaldırım taşı olan,,
kalemli,Kalemi olan,,
kalemsiz,Kalemi olmayan,,
kalem kaşlı,İnce ve düzgün kaşlı,,
kalem kulaklı,"Kulakları dik ve düzgün (at, geyik vb.)",,
kalem parmaklı,"Parmakları uzunca, düzgün ve buruşuksuz (kimse)",,
kalenderce,Kalendere yakışır | (kalende'rce) Kalendere yakışır bir biçimde,,
kalender meşrep,Düşünce ve davranışlarında kalender olan (kimse),,
kalıcı,"Her zaman geçerliğini sürdürecek olan | Bir süre için belli bir yerde kalan, gidici karşıtı",,
kalık,"Kalmış, artmış | Eskimiş | Evlenme çağı geçmiş, evde kalmış (kız)",,
kalın,"Cisimlerde uzunluk ve genişlik dışında üçüncü boyutu çok olan (cisim), ince karşıtı | Enli ve gür (kaş) | Yoğun, akıcılığı az olan | Etli, dolgun olan | Pes olan (ses)i ince karşıtı",,
kalınca,Kalına yakın,,
kalın kafalı,"Geç veya güç anlayan; kalın kafa, dibek kafalı, odunağa, odun kafalı, eşek kafalı, et kafa, et kafalı, kaz kafalı, mankafa, öküz kafalı, taş kafa, taş kafalı, gabi | Aptal olan",,
kalın sesli,Sesi kalın olan,,
kalıplaşmış,"Durumunu sürdüren, belli bir durumun dışına çıkmayan",,
kalıplı,"Kalıplanmış olan | Düzgün, biçimli olan | İri yapılı, heybetli olan; kalıplıca",,
kalıplı kıyafetli,"Gösterişli, bakımlı olan",,
kalıpsız,"Kalıba dökülmemiş | Biçimsiz, düzgün olmayan",,
kalıpsız kıyafetsiz,"Gösterişsiz, bakımsız olan",,
kalıtımsal,"Soydan geçme, soydan kalma, kalıtımla ilgili; kalıtsal, irsî | Ana babadan çocuklara genler aracılığıyla geçen (özellik, hastalık vb.) [tıp]",,
kalkansı,"Kalkanı andıran, kalkana benzeyen, kalkan gibi",,
kalkerli,Birleşiminde kireç taşı bulunan,,
kalkersiz,Birleşiminde kireç taşı bulunmayan,,
kalkık,"Düzeyine göre yüksekte olan | Kabararak yerinden ayrılmış | Dik durumda, ucu yukarı doğru olan",,
kalkolitik,Bakırın kullanılmaya başlamasıyla nitelenen (tarih öncesi dönem),Fransızca chalcolitique,l ince okunur
kalleş,Sözünde durmayıp bir işin yüzüstü kalmasına yol açan | Birine gizlice kötülük eden,Arapça ḳallāş,
kalleşçe,Kalleşe yaraşır | (kalle'şçe) Kalleşe yaraşır bir biçimde,,
kalmalı,Kalma durumunda olan,,
kaloriferli,Kaloriferi olan | Kalorifer ile ısınan,,
kalorifersiz,Kaloriferi olmayan,,
kalp,"Düzme, sahte, geçmez (para) | İşe yaramaz, tembel olan (kimse) | Yalancı, kendine güvenilmeyen",Arapça ḳalb,
kalpaklı,Kalpak giymiş,,
kalpaklık,Kalpak yapmaya elverişli,,
kalpli,Kalp hastalığı olan,,
kalsiyumlu,Birleşiminde kalsiyum bulunan,,
kalsiyumsuz,Birleşiminde kalsiyum bulunmayan,,
kaltabanca,Kaltabana yakışır (davranış) | Kaltabana yakışır bir biçimde (davranmak),,
Kalvenci,Kalvenizmi benimseyen [felsefe],,
kamalı,Kaması olan,,
kamaramsı,"Kamarayı andıran, kamaraya benzeyen, kamara gibi",,
kamasız,Kaması olmayan,,
kamçılı,Kamçısı olan | Zor kullanan,,
kameriyeli,Kameriyesi bulunan,,
kamerî,Ayla ilgili,Arapça ḳamerī,kameri:
kamışlı,Kamışı olan,,
kamışsı,Gövdesi kamış gibi boş ve boğumlu olan,,
kamufle,Gizlenmiş,Fransızca camouflé,
kamusal,Kamu ile ilgili,,
kamyonlu,Kamyonu olan veya bulunan,,
kamyonsuz,Kamyonu olmayan veya bulunmayan,,
kanaatkâr,"Azla yetinen, elindeki ile yetinen; kanık, kanaatli, yetingen",Arapça ḳanāʿat + Farsça -kār,kana:atkâr
kanaatsiz,Elindeki ile yetinmeyen,,
kanalcıklı,Kanalcığı olan,,
kanalize,"""Yönlendirmek, bir düzene koymak"" anlamındaki kanalize etmek, ""yönlenmek, bir düzene konulmak"" anlamındaki kanalize olmak birleşik fiillerinde geçen bir söz",Fransızca canalisé,
kanamalı,Kanaması olan,,
kanatlı,Kanadı olan,,
kanatsız,Kanadı olmayan,,
kancalı,Kancası olan,,
kancasız,Kancası olmayan,,
kanca burunlu,Burnunun ucu dudağına doğru eğik ve ince olan (kimse),,
kancık,"Hayvanlarda dişi | Dönek, güvenilmez, kalleş (kimse)",,
kandilli,Kandili olan,,
kandilsiz,Kandili olmayan,,
kangrenli,Kangreni olan,,
kanıtlı,Kanıtı olan; ispatlı,,
kanıtsız,Kanıtı olmayan; ispatsız,,
kanı bozuk,Soysuz (kimse),,
kanı sıcak,"Sevimli, kendini çabuk sevdiren (kimse)",,
kani,"Kanaat getirmiş, inanmış",Arapça ḳāniʿ,ka:ni:
kankırmızı,Çok daha baskın; kankızıl,,ka'nkırmızı
kanlı bıçaklı,Birbirlerini öldürecek kadar düşman olan (kimse),,
kanlı canlı,"Sağlıklı, sapasağlam, vücut sağlığı yüzünden belli olan (kimse)",,
kanserli,Kanser niteliğinde olan | Kansere yakalanmış,,
kanserojen,Kanser yapıcı özelliği olan [tıp],Fransızca cancérogène,
kansız,"Kanı olmayan | Kan dökmeden yapılan | Kanı az olan, çok kan kaybetmiş olan; anemik [tıp]",,
kansız cansız,"Kanı az olan, zayıf, bitkin (kimse)",,
kantarı belinde,"Gözü açık, aldatılmaz (kimse)",,
kantarlı,Çok ağır,,
kantarlık,Kantar ölçüsünde olan,,
Kantçı,Kant felsefesi yanlısı olan,,
kanuncu,Yasa yapan | Yasayı uygulayan,,
kanunsuz,Yasaya aykırı,,
kan kırmızısı,Çok kırmızı; kan kırmızı,,
kaolinli,Birleşiminde arı kil bulunan,,
kaotik,Kargaşa içinde olan,Fransızca chaotique,
kapaklı,Kapağı olan,,
kapaksız,"Kapağı olmayan | Görgüsüz, terbiyesiz olan",,
kapalı,"Kapanmış olan, açılmamış, açık karşıtı | Geçilmez durumda olan | Çalışma süresi sona ermiş (iş yeri) | Başı örtülü (kadın) | Açık ve kesin söz kullanmadan söylenen | Açık olmayan (giyecek) | Bulutlu, karanlık (hava) | İçe dönük yaradılışta olan | Dış çevreyle ilişki içerisinde olmayan",,
kapalı kutu,"İçindekini belli etmeyen, sır saklayan (kimse) | Niteliği gizli kalan",,
kapanık,"Kapanmış | Sisli, bulutlu olan | İç karartıcı, ruh sıkıcı olan",,
kapasiteli,Kapasitesi olan,,
kapasitesiz,Kapasitesi olmayan,,
kapçıklı,Kapçığı olan,,
kapılgan,"Kolayca etkilenen, her şeye çabuk kapılan",,
kapılı,Kapısı olan | Özellikle resmî bir işte çalışan,,
kapısız,Kapısı olmayan | Bir işi olmayan,,
kapısı açık,"Her geleni ağırlayan, konuk eden (kimse)",,
kapkara,"Çok kara, her yanı kara; simsiyah | Her yanı karalara bürünmüş bir biçimde | Sıkıntılı, zor olan",,ka'pkara
kapkaranlık,Çok karanlık,,ka'pkaranlık
kaplamalı,Bir şeyle kaplanmış,,
kaplamlı,Birçok şeyi kaplamı içine alan,,
kaplamsal,Kavramla ilgili bütün özellikleri bir arada bulunduran,,
kaplı,Kaplanmış olan | Kabı olan,,
kaplıcalık,"Kaplıcaya uygun, kaplıcada kullanmaya yarayan",,
kaporalı,Güvenmeliği olan,,
kaporasız,Güvenmeliği olmayan,,
kaprisli,Kaprisi olan,,
kaprissiz,Kaprisi olmayan,,
kapsamlı,Kapsamı olan | Kapsamı geniş olan; şümullü,,
kapsız,Kabı olmayan | Kaplanmamış olan,,
karabiberli,İçinde karabiber olan,,
karabibersiz,İçinde karabiber olmayan,,
karaca kuruca,"Esmer, zayıf ve çelimsiz",,
karakolluk,Karakolla ilgili,,
karakterize,"Ayırıcı niteliği ortaya konulmuş, ayırt edilmiş",Fransızca caractérisé,
karakterli,Herhangi bir karakteri olan | Karakteri sağlam olan,,
karakterolojik,Karakteroloji ile ilgili,Fransızca caractérologique,l ince okunur
karaktersiz,Karakteri kötü olan,,
karakuşi,"Kanun, kural, mantık ölçülerine dayanmayan",Türkçe karakuş + Arapça -ī,karaku:şi:
karalı,Karası (II) olan | Üzeri kalemle karalanmış,,
karamsı,"Rengi karayı andıran, karaya benzeyen, kara gibi",,
kararlı,"Kesin karar vermiş olan | Kararında direnen, kararını değiştirmeyen | Fiziksel ve kimyasal etkenlerden etkilenmeyen, sabit olan [kimya]",,
kararsız,"Kararı olmayan | Karar vermekte güçlük çeken; duruksun, ikircikli, ikircimli, tereddütlü, bikarar, mütereddit",,
karasal,"Karayla, toprakla ilgili; berri",,
karaşın,"Rengi karaya çalan, esmer (kimse)",,
kara ağızlı,"Kara çalıcı, iftira eden",,
kara bahtlı,"Yaşayışı, hayatı sürekli kötü; mutsuz, bahtlı karşıtı",,
kara birliği,"Kara kuvvetleri içinde yer alan, savunma, ulaştırma vb. görevleri olan askerî birlik [askerlik]",,
kara cahil,Çok cahil,,
kara damaklı,"İnatçı, aksi (kimse)",,
kara kuru,"Esmer ve zayıf (kimse) | Zayıf, güçsüz (şey)",,
kara sevdalı,Kara sevdaya tutulmuş; melankolik,,
kara yağız,Esmer olan (erkek),,
kara yazılı,Alın yazısı kötü yazılan,,
kara yüzlü,"Yüzü kara veya karaya yakın renkte olan (kimse) | Yüzeyi, görüntüsü kara veya karaya çalan renkte olan | Suçlu, günahkâr olan",,
karboksilli,Yapısında bir veya birçok karboksil koku bulunan (maddeler); karboksilik [kimya],,
karbonatlı,İçinde karbonat olan,,
karbonik,Karbonla ilgili olan,Fransızca carbonique,
karbonlu,Birleşiminde karbon bulunan,,
karbonsuz,Karbon içermeyen | Karbon olmadan,,
kardeşçe,Kardeşe yaraşır | (karde'şçe) Kardeşe yaraşır bir biçimde; dostça,,
kardeşli,Kardeşi olan,,
kardeşsiz,Kardeşi olmayan,,
kardiyolojik,Kardiyoloji ile ilgili [tıp],Fransızca cardiologique,l ince okunur
kareli,"Karelere bölünmüş, üstünde kareleri olan; damalı, satrançlı",,
kargacık burgacık,"Çarpık, düzensiz, eğri büğrü olan",,
kargasekmez,"Çok ıssız, sarp (yer)",,karga'sekmez
kargaşalı,Kargaşa içinde olan | Kargaşa niteliğinde olan,,
kargaşasız,Kargaşası olmayan | Kargaşa olmadan,,
karga burun,Burnu karga gagasına benzeyen (kimse),,
karılı,Herhangi bir nitelik veya nicelikte karısı olan,,
karıncaezmez,"Çok merhametli, ince duygulu (kimse); karıncaincitmez | Yavaş hareket eden",,karınca'ezmez
karıncalı,"İçinde, üstünde karınca bulunan | Paslı veya dökülme sonucu küçük delikleri olan (metal) | Üzerine karınca üşüşmüş gibi görünen ekran görüntüsü | Rahatsızlık veren",,
karıncasız,Karıncası olmayan,,
karınca belli,Beli çok ince olan (kimse),,
karınlı,Karnı olan | Karnı büyük ve çıkıntılı olan,,
karısı köylü,Karısının yakınlarını benimseyip kendi yakınlarını unutan (erkek); karım köylü,,
karışık,"Farklı nitelikteki şeylerden oluşmuş; gayrisafi | Düzeni bozulmuş; intizamsız | Karışmış olan | Saf olmayan, içine niteliğini değiştirecek başka bir şey katılmış olan; mağşuş | Çalkantı, kargaşa, gerginlik içinde olan | Anlaşılması güç olan, açık seçik olmayan; karanlık | Halk inancına göre cin ve perilerle ilişkisi olan",,
karışık kuruşuk,"Anlaşılması zor, karmaşık olan",,
karı ağızlı,"Karısının etkisiyle, karısının ağzıyla konuşan (erkek); karısı ağızlı | Dedikodu yapan (erkek)",,
karı kılıklı,Hâl ve hareketleri kadın özellikleri taşıyan (erkek),,
karikatürize,Karikatür durumuna getirilmiş olan,Fransızca caricaturisé,
karlı,Üstünde kar bulunan | Kar yağan,,
karmakarışık,"Dağınık, düzensiz, çok karışık; karmakarış, müşevveş | Huzursuz, kararsız, karmaşık olan; darmaduman, karmaç burgaç",,ka'rmakarışık
karman çorman,Çok karışık ve düzensiz,,
karmaşık,"İçinde aynı cinsten birçok öge bulunan, birbirine az çok aykırı birçok şeyden oluşan | Çözeltide kendisini oluşturan parçalara iki yönlü olarak ayrışan (iyon veya birleşik); kompleks [kimya] | Üstün teknolojisi olan; sofistike [teknoloji] | Ögelerinin veya gerekli işlemlerin sayısının çokluğu, çeşitliliği yüzünden anlaşılması, yapılması güç olan; komplike | Anlaşılması güç olan (durum); ağdalı, sofistike",,
karnavalımsı,"Karnavala benzeyen, karnavalı andıran, karnaval gibi; karnavalsı",,
karnından konuşan,"Başkası söylüyormuş gibi konuşma becerisi olan (kimse), vantrilok | Karşısındakine söylemeyip arkasından kötü izlenim bırakacak biçimde üstü kapalı konuşan",,
karnı aç,Acıkmış,,
karnı burnunda,"Gebeliği çok ilerlemiş, doğumu yakın",,
karnı geniş,"Çok yemek yiyen, obur (kimse) | İçi geniş olan (kap vb.) | Vurdumduymaz, tasasız (kimse)",,
karnı kara,Kötü yürekli (kimse),,
karnı tok,"Karnı aç olmayan | Maddi olarak herhangi bir eksiği olmayan | Söylenilen sözlere kanmayan, önem vermeyen (kimse)",,
karpuzsu,"Karpuzu andıran, karpuza benzeyen, karpuz gibi; karpuzumsu",,
karpuz kollu,Karpuz kolu olan,,
karsız,Karı olmayan,,
karstik,"Karst özelliği taşıyan, karst ile ilgili",Fransızca karstique,
karşılaştırmalı,Karşılaştırma yolu ile yapılan; mukayeseli,,
karşılıklı,"Birbirleriyle karşı karşıya bulunan | Her iki tarafta da birbirine karşı aynı şekilde var olan; ivazlı, mütekabil, zikzak | Karşı bulunan; mukabil | Birbirlerine karşı bir biçimde | Birbiriyle ilgili olarak | Bir işi sırayla yapmak",,
karşılıksız,Karşılığı olmayan; ivazsız | Karşılık gerektirmeyen | Karşılık verilmeyerek,,
karşıt,"Nitelik ve durumları birbirine tam olarak aykırı olan; aksi, ters (I), zıt, kontrast",,
karşıtlı,Birbirinin karşıtı olan; tezatlı,,
karşıt anlamlı,"Anlamları birbirinin karşıtı olan (söz); zıt anlamlı: aşağı yukarı, ileri geri, siyah beyaz, dar geniş, büyük küçük vb.",,
karşı çıkıcı,"Olumsuz tutum içinde olan, beğenmediği veya istemediği bir şeye karşı çıkan",,
kart,Tazeliği geçmiş; körpe karşıtı,,
kartallı,Üzerinde kartal resmi bulunan,,
kartaloş,"Kartlaşmış, yaşı geçkin; kartaloz",,
kartça,"Gençliği azalmış, yaşı geçkince | Tazeliği azalmış (meyve, sebze)",,
kartlı,Kartı olan,,
kartografik,Haritacılıkla ilgili,Fransızca cartographique,
kartonpiyerli,Kartonpiyeri olan,,
kartonpiyersiz,Kartonpiyeri olmayan,,
kartsız,Kartı bulunmayan,,
karyağdılı,Üstünde beyaz benekler bulunan,,
kasabalı,Kasaba halkından olan | Kasabada yaşayan,,
kasalı,Kasası olan,,
kasalık,"Kasa yapmaya uygun (tahta vb.) | Kasa miktarı, bir kasanın alacağı kadar",,
kasılgan,"Kasılma özelliği olan, kasılabilen (kas ve organik doku) [anatomi] | Çok kasılan (kimse)",,
kasıntılı,Kasıntısı olan | Büyüklenen,,
kasıntısız,Kasıntısı olmayan | Büyüklenmeyen,,
kasıtlı,"İsteyerek, bilerek yapılan",,
kasıtsız,"İsteyerek, bilerek yapılmayan",,
kaskatı,"Çok sert, çok katı | Kıpırdamaksızın, hareketsiz veya donmuş olarak | Acımasız, hoşgörüsüz olan",,ka'skatı
kasketli,Kasketi olan | Şehirli olmayan,,
kasketsiz,Kasketi olmayan,,
kaskolu,Kaskosu bulunan,,
kaskosuz,Kaskosu bulunmayan,,
kaslı,"Kasları sıkı, gelişmiş; adaleli, adali",,
kassıl,Kasla ilgili olan [biyoloji],,
kassız,Kasları gelişmemiş olan; adalesiz,,
kastarlı,Kastarlanmış olan,,
kasti,"Bilerek, isteyerek yapılan | Kasıtlı olarak, bilerek, isteyerek",Arapça ḳaṣdī,kasti:
kasvetli,İç sıkıntısı veren,,
kasvetsiz,İç sıkmayan,,
kaşarlı,"Kaşarla yapılmış | Hoşa gitmeyen bir harekete veya bir işe alışarak artık ondan üzüntü duymayan | Oyunda açıkgöz, kurnaz olan",,
kaşesiz,Kaşesi olmayan,,
kaşıntılı,Kaşıntısı olan,,
kaşkollü,Kaşkolü olan,,
kaşkolsüz,Kaşkolü olmayan | Kaşkol olmaksızın,,
kaşlı,Herhangi bir nitelikte kaşı olan,,
kaşlı gözlü,Yüzü güzel olan,,
kaşsız,Kaşı olmayan,,
kataklastik,Kataklaza uğramış,İngilizce cataclastic,
kataleptik,Katalepsi ile ilgili [tıp] | Katalepsiye tutulmuş,Fransızca cataleptique,
kategorik,"Kesin, açık | Kesinlikle, şartsız olarak | Hiçbir koşula bağlı olmayan, kesin olarak geçerli olan [felsefe]",Fransızca catégorique,
kategorize,"""Sınıflamak, ayıklamak"" anlamlarındaki kategorize etmek birleşik fiilinde kullanılır",Fransızca catégorisé,
katı,"Hoşgörüsüz, acımasız, merhametsiz, zalim olan | Düşünce ve davranışlarında belli ilkelere sıkı sıkıya bağlı olan, hoşgörüsü olmayan; sıkı | Sıvıların ve gazların tersine, içinde bulunduğu kabın veya üstünde bulunduğu yerin biçimini almayan; sulp [fizik] | Çok, aşırı derecede",,
katıklı,İçinde katık bulunan,,
katıksız,"Katığı olmayan; yavan | Yabancı bir şeyle karışmamış | Belli bir yerden, belli bir soydan gelen | Niteliği başka hiçbir etkiyle bozulmamış olan",,
katılgan,Karışan,,
katımlık,Bir kezde katılacak miktarda olan,,
katır kutur,"Sert duruma gelmiş, sertleşmiş; katur kutur | Sert ve kaba ses çıkararak; katur kutur",,
katışık,İçine başka şeyler karışmış olan; mahlut,,
katışıklı,İçine başka şeyler karışmış olan,,
katkıcı,Katkıda bulunan,,
katkılı,"İçine yabancı madde katılmış olan, karışık, saf olmayan",,
katkısız,"Üzerine veya içine hiçbir şey katılmamış; sağ (II) | Niteliği hiçbir etki ile değişmeyen, tam, bozulmamış",,
katlı,"Katlanmış, bükülmüş | Katı veya katları olan",,
katmanlı,"Katmanları olan, katmanlardan oluşan; tabakalı",,
katmansız,"Katmanları olmayan, katmanlardan oluşmayan; tabakasız",,
katmerli,"Katmeri olan, kat kat olan | Çok fazla olan, aşırı olan",,
katmersiz,Katmeri olmayan,,
katmer katmer,"Kat kat, üst üste | Kat kat, üst üste bir biçimde",,
katranlı,Üzerine katran sürülmüş olan | İçine katran karışmış veya karıştırılmış olan | Birleşiminde katran olan,,
katransız,Katranı olmayan,,
kauçuklu,Kauçukla kaplanmış veya birleşiminde kauçuk olan,,
kavaf işi,Özensiz ve gelişigüzel yapılan,,
kavgalı,Kavgayla yapılan veya içine kavga karışan; nizalı | Birisiyle kavga ederek darılmış olan,,
kavgasız,"Kavgası olmayan; nizasız | Çatışma, kavga olmadan",,
kavi,"Dayanıklı, güçlü, zorlu olan",Arapça ḳavī,kavi:
kavisli,Kavisi olan; mukavves,,
kavissiz,Kavisi olmayan,,
kavkılı,Kavkısı olan (hayvan),,
kavkısız,Kavkısı olmayan (hayvan),,
kavramcı,Kavramcılık yanlısı olan; konseptüalist [felsefe],,
kavramsal,"Kavramla ilgili, kavram niteliğinde olan",,
kavranılmaz,Zihinde oluşturulamayan veya oluşturulabildiği hâlde gerçekten böyle bir şeyin var olması akla sığmayan,,
kavrayışlı,"Kolayca anlama, algılama yetisi olan",,
kavrayışsız,Kavrayışı olmayan,,
kavruk,Kavrulmuş olan | Kurumaya yüz tutmuş | Yaşı ilerlemesine karşın iyi gelişememiş olan,,
kavuklu,Kavuk giymiş,,
kavuksuz,Kavuk giymemiş,,
kavunsu,"Kavunu andıran, kavuna benzeyen, kavun gibi; kavunumsu",,
kavurmalı,İçinde kavurma bulunan,,
kavurmalık,Kavurma yapmaya elverişli (yiyecek) | Kavurma için ayrılmış,,
kayağan,Üzerinde kolaylıkla kayılan; kaypak,,
kayda değer,"Önemli, dikkati çeken",,
kaydırık,"“Uydurulmuş, uydurma” anlamındaki uyduruk kaydırık ikilemesinde geçen bir söz",,
kaygan,Islak veya düz olduğundan kaydırıcı özelliği bulunan veya üzerinde kayılan; zıypak,,
kayganalık,Kaygana için gereken (malzeme),,
kaygılı,"Kaygısı olan; tasalı, endişeli, gamlı, mağmum",,
kaygısız,"Kaygısı olmayan, kaygılanmayan; tasasız, endişesiz, gamsız | Hiçbir şeyi kendine dert edinmeyen; tasasız, gamsız, serazat | Olayları kendine dert etmeden geçiştiren; tasasız, gamsız | Bir şeye önem vermeyen; aldırmaz",,
kaygısızca,"Etrafında olan hiçbir şeyi umursamayan | (kaygısı'zca) Kaygısız, aldırmaz bir biçimde; tasasızca, endişesizce, gamsızca",,
kayısımsı,"Kayısıyı andıran, kayısıya benzeyen, kayısı gibi",,
kayıtlı,"Kaydı yapılmış, kayda geçirilmiş olan; mukayyet | Şarta bağlı",,
kayıtsız,"Kaydı yapılmamış, deftere veya yazıya geçirilmemiş olan | Bir şarta bağlı olmayan",,
kayıt dışı,"Herhangi bir biçimde yazılı belgesi olmayan, kayda geçmemiş",,
kaymaklı,Kaymağı olan | Üzerine veya içine kaymak konulmuş olan,,
kaymelik,Herhangi bir kayme değerinde olan,,
kaynaklı,Belli bir kaynaktan gelen | Kaynak yapılmış,,
kaynaşık,"Birbirine kaynamış, kaynaşmış",,
kaypakça,"Kaypak gibi | (kaypa'kça) Sözünde durmayarak, döneklik ederek",,
kayracı,Kayracılık yanlısı olan; providansiyalist,,
kaytak,Sözünde durmayan,,
kaytanlı,"Kaytanı olan, kaytanla dikilmiş",,
kaytan bıyıklı,İnce ve uzun bıyıklı,,
kaytarıcı,İşten kaçan (kimse); kaytarmacı,,
kazalı,Kaza ihtimali yüksek olan | Kaza geçirmiş olan | İlçesi olan,,
kazançlı,"Kazanmış olan | Kazanç getiren, kazanç sağlayan",,
kazançsız,Kazancı olmayan,,
kazasız,Kazaya uğramadan yapılan | Kazasız bir biçimde,,
kazıklı,"Kazığı olan, kazıkla desteklenmiş olan",,
kazık marka,Çok pahalı,,
kazılı,Kazılmış,,
kazıntılı,"Kazıntısı olan (kâğıt, yazı)",,
kazıntısız,Kazıntısı olmayan,,
kazı bilimsel,Arkeoloji ile ilgili; arkeolojik,,
kebaplı,"Kebabı olan, içine kebap konulmuş olan",,
kebaplık,"Kebap yapmaya elverişli, kebap yapmak için ayrılmış",,
kebir,"Büyük, ulu olan | Yaşça büyük, yaşlı olan",Arapça kebīr,
keçeli,Keçesi olan,,
keçi sakal,Sadece çenede bırakılmış sivri ve seyrek sakal,,
keçi sakallı,Keçi sakalı olan,,
kederli,"Keder içinde olan; ızdıraplı, mükedder",,
kedersiz,Keder içinde olmayan; ızdırapsız,,
kefeli,Kefesi olan,,
kefenimsi,"Kefene benzer, kefeni andırır",,
kefenli,Kefene sarılmış | Kefene sarılarak,,
kefenlik,Kefen olarak kullanılmaya elverişli (bez) | Kefen almak için ayrılmış (para),,
kefensiz,Kefene sarılmamış | Kefene sarılmadan,,
kefesiz,Kefesi olmayan,,
kekeme,"Damak sesleriyle başlayan kelimeleri ve heceleri tekrarlayarak birdenbire söyleyen ve keserek konuşan; keke, kekeç",,
kekikli,Üzerine veya içine kekik konulmuş olan,,
kekre,"Acımtırak, ekşimsi ve buruk olan (tat)",,
kekremsi,"Tadı az kekre olan | Genzi yakan, buruk (koku) | Suratı asık, yüzü gülmeyen (kimse)",,
kel,"Saçı dökülmüş olan (kimse); keleş, yağır | Çıplak (doğa), yaprakları dökülmüş (bitki) | Gelişmemiş, cılız (bitki) | İçinde az eşya bulunan",Farsça kel,
keleme,Sürülmeden bırakılmış (tarla) | Bakımsız bırakılmış (bağ veya bahçe),,
kelepçeli,Kelepçesi olan | Bileklerine kelepçe takılmış olan | Kelepçe takılı olarak,,
kelepçesiz,Kelepçesi olmayan | Kelepçe takılı olmadan,,
keleş,"Yiğit, cesur, bahadır olan | Yakışıklı, sevimli, güzel olan | Vücut yapısı gösterişsiz | Çirkin, kötü olan",,
kelimeci,Metin yazımında anlamdan ziyade şekle ve kelimelere önem veren,,
kelimelik,Kelimeden oluşan,,
kelimesiz,Kelime kullanmadan,,
kelli felli,"Kılığı kıyafeti düzgün, olgun ve gösterişli (kimse); kerli ferli",,
kem,"Kötü, fena olan (göz, söz vb.)",Farsça kem,
kemerli,Üzerinde kemeri olan veya kemer takılmış olan | Kemer biçiminde olan | Kavisli olan,,
kemersiz,Kemeri olmayan,,
kemikli,"Kemiği olan | Kemikleri iyi gelişmiş | Çok zayıf, sıska",,
kemiksi,"Kemiği andıran, kemiğe benzeyen, kemik gibi; kemiğimsi",,
kemiksiz,"Kemiği olmayan, kemiği ayrılmış | Kesin, net, açık olan | Ara vermeksizin",,
kemik bilimsel,Kemik bilimi ile ilgili; osteolojik,,
kemirgen,Kesici dişleri çok iyi gelişmiş olan (hayvan),,
kemirici,Kemirme özelliği olan [hayvan bilimi],,
kem gözlü,Baktığı kimseye zarar verdiğine veya nazar değdirdiğine inanılan (kimse),,
kenarlı,"Herhangi bir biçimde kenarı olan | Kenarı süslü, işlenmiş",,
kenarsız,Kenarı olmayan,,
kendigelen,Umulmadık bir zamanda gelen ve gelişinden sevinç duyulan (kimse veya şey),,kendi'gelen
kendiliğinden,"Dış etkilerin zorlaması olmadan iç sebeplerle oluşan [toplum bilimi] | (ke'ndiliğinden) Başka şeylerin etkisi olmaksızın; kendi kendine, bizatihi, tabiatıyla | İradesiz olarak gerçekleşen (hareket); spontane [fizik]",,
kendine özgü,"Bir kimse veya şeye özgü olan; kendine mahsus, kendine has",,
kendi hâlinde,"Hiçbir şeye karışmayan, sessiz olan | Hiçbir şeye karışmadan, sessiz bir biçimde",,
kenetli,"Kenedi olan | Kenetle birbirine bağlanmış bulunan, kenetlenmiş olan | Birbirinin içine geçerek sıkıca kapanmış",,
kene göz,Çok küçük gözlü (kimse),,
kentsel,Şehirle ilgili,,
kepazece,Kepazeye yakışır | Kepazeye yakışır bir biçimde,,
kepçeli,Kepçesi olan,,
kepçe kulak,Kocaman ve öne doğru kulakları olan (kimse),,
kepçe kuyruk,Başkalarının sırtından geçinen (kimse),,
kepçe surat,Yüzü çok küçük olan (kimse),,
kepekli,"İçinde kepeği olan | Üzerinde kepek oluşmuş olan | Un gibi, susuz ve tatsız (elma)",,
kepeksiz,Kepeği olmayan,,
kerametli,Doğaüstü güce sahip,,
keramet sahibi,Keramet gösterebilen (kimse),,
keratinli,Keratini olan,,
keratinsiz,Keratini olmayan,,
kerem sahibi,"İyi huylu, cömert (kimse); keremli",,
keresteli,İri yapılı,,
kerestelik,Kereste yapılmaya elverişli (ağaç),,
kerih,"Tiksindirici, iğrenç",Arapça kerīh,
kerim,"Eli açık, cömert | Allah'ın adlarından biri [din bilimi]",Arapça kerīm,
kerrakeli,Kerrakesi olan,,
kesbî,"Sonradan elde edinilmiş, sonradan kazanılmış",Arapça kesbī,kesbi:
kese,"Kısa, kestirme (yol)",,
kesekli,Parça parça kabarmış olan (toprak),,
keseli,Kesesi olan,,
kesesiz,Kesesi olmayan,,
kesif,Saydam olmayan,Arapça kes̱īf,
kesikli,"Kesikleri olan | Aralıklarla süren, duraklamalar yapan (elektrik akımı) [fizik]",,
kesiksiz,"Kesilmeden süren | Ara vermeden | Kesilmeden, ara vermeden sürüp giden (elektrik akımı) [fizik]",,
kesik kesik,Kısa olan | Ara vererek,,
kesimlik,Kesime elverişli (hayvan),,
kesin,Şüphe ve duraksamaya yer bırakmayan veya geri dönülmeyen; kati,,
kesintili,Ara verilerek yapılan; fasılalı | Kesintisi olan (para),,
kesintisiz,"Kesintiye uğramayan, ara vermeyen, sürekli olan; fasılasız, layenkati | Hiçbir vergi kesilmeden verilen (para)",,
kesirli,Kesir niteliğinde olan (sayı),,
kesirsiz,Kesir niteliğinde olmayan(sayı),,
kesişen,Bir nokta veya çizgi üzerinde birbirini kesip geçen (çizgiler veya yüzeyler) [matematik],,
kesitli,Kesiti olan,,
keskin,"Çok kesici, iyi kesen | Tiz olan | Kırıcı, incitici olan | Etkili, sert olan | Dikkatli olan | Yoğun bir biçimde | İşini iyi yapan",,
keskin bakışlı,Keskin bakışı olan,,
keskin zekâlı,Zekâ düzeyi yüksek (kimse),,
kesmece,"Kesilip müşteriye gösterilerek satılan (kavun, karpuz) | (ke'smece) Kesip bakarak beğenmek şartıyla | (ke'smece) Aradaki değer ayrımını gözetmeksizin hepsi bir fiyattan",,
kesmikli,İçinde kesmik bulunan,,
kestirmece,"(kesti'rmece) Kısa yoldan, kısaca",,
keş,Aptal olan,Ermenice,
keşkeli,"Herhangi bir pişmanlık, bahane ileri süren | ""Keşke"" sözünü kullanan | Herhangi bir pişmanlık, bahane ileri sürerek | ""Keşke"" sözünü kullanarak",,
keşkesiz,"Herhangi bir pişmanlık, bahane ileri sürmeyen | ""Keşke"" sözünü kullanmayan | Herhangi bir pişmanlık, bahane ileri sürmeden | ""Keşke"" sözünü kullanmadan",,
keyfekeder,"Pek üzerinde durulmayan, önem verilmeyen",Arapça keyfe + keder,keyfe'keder
keyfi tıkırında,"İşi, sağlığı, mutluluğu yerinde olan (kimse)",,
keyfi yerinde,"Neşesi, sağlığı yerinde olan (kimse); keyfi yolunda",,
keyfî,"İsteğe bağlı olan | Gerçeğe, akla, yol ve yönteme uymayan",Arapça keyfī,keyfi:
keyifli,Keyfi yerinde olan,,
keyifsiz,"Sağlığı pek yerinde olmayan; mizaçsız, rahatsız",,
keyif ehli,Rahatına düşkün (kimse),,
kıçı kırık,"Önemsiz, değersiz (şey veya kimse)",,
kıçtan bacaklı,Kısa boylu (kimse),,
kıdemsiz,Bir işte yeni ve deneyimi az olan,,
kıkırdaklı,Yapısında kıkırdak bulunan,,
kıkırdaksız,Yapısında kıkırdak bulunmayan,,
kılağılı,Kılağılanarak üzerindeki kalıntılar giderilmiş olan; zağlı,,
kılağısız,"Kılağılanmamış, yeni bilendiği hâlde üzerindeki kalıntılar giderilmemiş olan; zağsız",,
kılcal,"Kıl gibi olan, çok ince",,
kılçıklı,Kılçığı olan,,
kılçıksız,Kılçığı olmayan,,
kılgılı,"Maksada uygun, kullanışlı | Gerçeklere uygun",,
kılıbık,"Karısının baskısı altında bulunan (erkek); karısı köylü, kazak karşıtı",,
kılıçlı,Kılıç taşıyan | Kılıcı olan | Üzerinde kılıç motifi olan,,
kılıç bacak,"Bacakları eğri olan, çarpık bacaklı (kimse)",,
kılıflı,Kılıfı olan veya kılıf içinde bulunan,,
kılıfsız,Kılıfı olmayan veya kılıf içinde bulunmayan,,
kılıklı,"Herhangi bir kılıkta olan; kıyafetli | Birinin huyunda olan, davranışlarını taklit eden | Benzer, benzeyen, tarzında olan",,
kılıklı kıyafetli,İyi giyinmiş,,
kılıksız,"Giyimi düzgün olmayan; kıyafetsiz, süfli | Giyimi düzgün olmayan, süfli bir biçimde",,
kıllı,"Kılı olan, kıl ile kaplı",,
kıllıca,Kıllı bir biçimde | Biraz kıllı,,kıllı'ca
kılsız,Kılı olmayan; kelek,,
kıl kuyruk,"Zayıf, çelimsiz olan | Züğürt olan | Kılıksız olan | Niteliksiz olan",,
kımkım,Ağır ağır konuşan (kimse) | Her işinde ağır davranan (kimse),,
kınasız,Kına ile boyanmamış,,
kınsız,Kını olmayan,,
kıpık,Yarı kapalı (göz),,
kıpık gözlü,Gözleri yarı kapalı olan (kimse),,
kıpırdak,"Çok hareketli, yerinde duramayan, canlı",,
kıpırtılı,"Kıpırtısı olan; kımıltılı, kıprayışlı",,
kıpırtısız,"Kıpırtısı olmayan; kımıltısız, kıprayışsız | Kıpırtısı olmadan",,
kıpır kıpır,"Çok hareketli, hamarat olan | Yerinde duramayarak, sürekli ve aralıksız kımıldayarak; kımıl kımıl",,
kıpışık,Yarı kapalı (göz),,
kıpkıp,Gözünü çok kırpan (kimse),,
kıpkırmızı,Her yanı kırmızı | Çok parlak kırmızı,,kı'pkırmızı
kıpkısa,Çok kısa,,kı'pkısa
kıpkızıl,"Her yanı kızıl, çok kızıl | Çok fazla",,kı'pkızıl
kıraç,"Verimsiz veya susuz, bitek olmayan (toprak)",,
kırağılı,Kırağısı olan,,
kıranta,"Saçları ağarmaya başlamış (erkek) | İlerlemiş yaşına rağmen bakımlı, özenli (erkek) | Kırlaşmış (saç, sakal)",İtalyanca quaranta,kıra'nta
kıran kırana,"Çok mücadeleli, çekişmeli (kavga, güreş, maç) | Bütün gücünü ve ustalığını kullanarak",,
kıratlık,"Herhangi bir kırat değerinde olan (taş) | Herhangi bir nitelikte, değerde olan",,
kıray,"Genç, delikanlı olan",,
kırbaçvari,"Kırbaça benzer, kırbaç gibi",Türkçe kırbaç + Farsça -vārį,kırbaçva:ri
kırca,Hafif kırlaşmış,,
kırçıl,"Kırlaşmaya başlamış, kır renkli | Bu renkte saçı olan",,
kırçıllı,İçinde kırçıl renk bulunan,,
kırçılsız,İçinde kırçıl bulunmayan,,
kırık dökük,"Eski, sağlam olmayan, çürük, değersiz olan (eşya) | Düzgün olmayan, parça parça (söz) | Üzüntü içinde olan",,
kırılgan,Kolay ve çabuk kırılan | Kolay ve çabuk gücenen,,
kırıntılı,"Kırıntısı olan, kırıntılardan oluşmuş",,
kırışıklı,Kırışığı olan,,
kırışıksız,Kırışığı olmayan,,
kırış kırış,"Kırışıkları olan, çok kırışık | Kırışık bir biçimde",,
kırıtkan,Her zaman kırıtan,,
kırkar,"Kırk sayısının üleştirme sayı sıfatı | Her birine kırk, her defasında kırkı bir arada olan",,
kırkarlı,Kırkar kırkar sıralanmış | Her biri kırk birimden oluşan,,
kırkıncı,"Kırk sayısının sıra sıfatı, sırada otuz dokuzuncudan sonra gelen",,
kırklı,"Kırk parçası bulunan, kırk parçadan oluşan | İçinde kırk tane aynı nesneden bulunan | Kırk ile elli arasında olan | Kırk gününü doldurmamış (bebek veya lohusa kadın) | Birinin kırkı çıkmadan öbürü doğan (akraba veya komşu çocukları)",,
kırkmerak,"Çok meraklı, her şeyi anlamak isteyen",,kı'rkmerak
kırkyıllık,"Çok eski, köklü",,kı'rkyıllık
kırk paralık,Oldukça değersiz,,
kırmızılı,Üstünde kırmızı renk bulunan,,
kırmızımsı,"Rengi kırmızıyı andıran, kırmızıya benzeyen, kırmızı gibi; kırmızımtırak",,
kırnak,"Çalımlı, süslü olan (kimse) | Güzel, titiz olan | Cilveli olan",,
kırpık,Kırpılmış olan,,
kırtık,"Özellikle kıtlama çay içerken kullanılan, küçük parçalara ayrılmış (kesme şeker)",,
kırtıpil,"Değersiz, bayağı, yarım yamalak",,
kısaca,"Oldukça kısa, biraz kısa | (kısa'ca) Kısa olarak, özetle; kısadan, hülasa, hülasaten",,
kısacık,Çok kısa; kısarak | Çok kısa olarak,,
kısaltmalı,Kısaltılarak yapılan,,
kısa ömürlü,Ömrü az olan veya uzun süre yaşamayan (kimse) | Kısa süren,,
kısa ünlülü,Kısa ünlüsü olan [dil bilgisi],,
kısa vadeli,Süresi az olan,,
kısıkça,Biraz kısılmış,,
kısıntılı,Kısıntı yapılan,,
kısıntısız,Kısıntı yapılmayan,,
kısır,"Üreme imkânı olmayan, döl vermeyen (insan ve hayvan); yoz | Ürün vermeyen (toprak); yoz | Verimsiz, yararsız, sonuçsuz olan | İçinde hiçbir üreme olayı geçmeyen (canlı hücre, çekirdek vb.); steril [biyoloji]",,
kısırgan,Esirgeyip vermeyen,,
kısıtlı,"Kısıtlanmış, kısıt altına alınmış; mahcur [hukuk]",,
kıskaçlı,Kıskacı olan,,
kıskaçvari,"Kıskaç gibi, kıskaca benzer",Türkçe kıskaç + Farsça -varį,kıskaçva:ri
kıskanç,"Kıskanma huyunda olan (kimse); günücü, haset, hasetçi, hasetli, hasut",,
kısmetli,Kısmeti iyi olan; nasipli,,
kısmetsiz,"Kısmeti iyi olmayan; nasipsiz, behresiz, bibehre",,
kısmi,Bir şeyin yalnız bir bölümünü içine alan; tikel,Arapça ḳismī,kısmi:
kışkırtıcı,"Kışkırtma işini yapan; kışkırtmacı, muharrik, tahrikçi, ajitatör, provokatör | İnsanı bir şey yapmaya heveslendiren",,
kışkırtılı,Kışkırtılmış olan,,
kışri,Kabukla ilgili | Kabuklu olan,Arapça ḳişr + Farsça į,
kıt,"İhtiyaca yetmeyecek kadar az, bol (II) karşıtı | Az, yetersiz (duygu, söz vb.)",Arapça ḳaḥṭ,
kıtasal,Kıta ile ilgili; kıtavi,,
kıtıklı,İçine kıtık konmuş olan,,
kıtırdak,"""Kıtır"" diye ses çıkaran",,
kıtır kıtır,Çok pişirilmekten veya kızartılmaktan kuru ve gevrek bir duruma gelmiş olan | Gevrek bir ses çıkararak,,
kıtipiyoz,"Değersiz, bayağı, kötü",Rumca,
kıvamlı,Gereken kıvamı bulmuş olan; özlü,,
kıvamsız,Kıvamında olmayan,,
kıvançlı,"Övünç duyan, iftihar eden | Övünç veren, iftihar edilecek | Sevinç duyan",,
kıvılcımlı,"Kıvılcımı olan, kıvılcım saçan",,
kıvılcımsız,"Kıvılcımı olmayan, kıvılcım saçmayan",,
kıvır kıvır,Büklümleri olan | Kıvrılmış durumda sürekli hareket ederek,,
kıvracık,"Derli toplu ve işi kolay | Ayağına çabuk, hamarat olan",,
kıvrandırıcı,Kıvranmasına sebep olan,,
kıvrık,"Eğrilip bükülmüş, yuvarlak bir biçim verilmiş",,
kıvrımlı,Kıvrımı olan,,
kıvrımsız,Kıvrımı olmayan,,
kıvrım kıvrım,"Kıvrımları olan, dalgalanmış bir yüzey veya dalgalı bir çizgi biçiminde olan; büklüm büklüm, kıvrım kıvrım | Kıvrımlı bir biçimde",,
kıyasıya,Çok şiddetli | (kıya'sıya) Şiddetli bir biçimde,,
kıyasi,Uygulama ve benzetme ile elde edilen,Arapça ḳiyāsī,kıya:si:
kıyık,Çok ince ve küçük parçalar hâlinde kıyılmış olan,,
kıyık kıyık,Bölük pörçük olan | Çok ince ve küçük parçalar hâlinde,,
kıyımlı,Herhangi bir biçimde kıyılmış olan,,
kıyımlık,Kıyılacak kadar olan,,
kıyır kıyır,Yenildiğinde kolay ezilen veya ağızda dağılan,,
kıymalık,Kıyma yapmaya elverişli olan,,
kıymasız,İçinde kıyma bulunmayan (yemek) | İçinde kurt bulunmayan (meyve),,
kıymıklı,Üzerinde veya içinde kıymık bulunan,,
kıymıksız,Üzerinde veya içinde kıymık bulunmayan,,
kıytırık,"Değersiz, bayağı, basit olan",,
kızaklı,Kızağı olan,,
kızamıklı,Kızamığa yakalanmış,,
kızarık,Kızarmış olan,,
kızartılı,"Kızartısı olan, kızarmış",,
kızgın,"Çok ısınmış, ısıtılmış veya kızdırılmış | Eş arayan (hayvan) | Kızmış olan, öfkeli olan; mütehevvir | Kızışmış bir durumda olan",,
kızılımsı,"Rengi kızılı andıran, kızıla benzeyen, kızıl gibi; kızılsı, kızılımtırak",,
kızıltılı,Kızıltısı olan,,
kızışık,Kızışmış olan,,
kızlı erkekli,Kız erkek karışık | Kız erkek karışık olarak,,
kibirli,"Kendini büyük gören, büyüklenen; gururlu, mütekebbir",,
kibirsiz,"Kendini büyük görmeyen, büyüklenmeyen",,
kick boksçu,"Yumruk, tekme, diz hareketlerinin bir araya getirilmesiyle oluşturulmuş bir dövüş sporunu yapan (kimse) [spor]",,
kilitli,Kilidi olan | Kilitlenmiş,,
kilitsiz,Kilidi olmayan | Kilitlenmemiş,,
kilitsiz küreksiz,"Açık, kilitlenmemiş",,
killi,İçinde kil bulunan,,
kilogramlık,Belli bir kilogram ağırlığında olan,,
kiloluk,Herhangi bir kilo ağırlığında | Bir kilo ağırlığında,,
kilometrelerce,Mesafece uzun süren,,
kilometrelik,Belli bir kilometre uzunluğunda olan,,
kilsi,"Kili andıran, kile benzeyen, kil gibi",,
kilsiz,İçinde kil bulunmayan,,
kimlikli,Kimliği olan | Kişilik sahibi olan,,
kimliksiz,Kimliği olmayan | Belirli bir kimliği olmayan,,
kimsesiz,"Annesi babası, yakını, koruyucusu olmayan (kimse); öksüz, sahipsiz, bikes | Boş, ıssız, içinde kimse bulunmayan | Kimsesi olmadan",,
kimyasal,"Kimyaya ait, kimya ile ilgili; kimyevi",,kimya:sal
kimyonlu,İçinde kimyon bulunan,,
kinayeli,İçinde kinaye bulunan (söz),,
kindar,"Öç almak isteyen, kin tutan; kinci, kinli",Farsça kīndār,
kinestetik,Anlamlandırma veya düşünce oluşturmada ağırlıklı olarak dokunma duyusunu kullanan,Fransızca kinesthésique,
kininli,İçinde kinin bulunan,,
kininsiz,İçinde kinin bulunmayan,,
kinsiz,"Kini olmayan, kin taşımayan",,
kipkirli,"Çok kirli, çamura ve pisliğe bulaşmış",,ki'pkirli
kiralı,Kiralanmış olan,,
kiralık,Kiraya verilecek olan,,
kireççil,"Kireçli topraktan hoşlanan, kireçli toprakta yetişen (bitki), kireçyeren karşıtı [bitki bilimi]",,
kireçli,"Birleşiminde kireç olan veya kireci çok olan | Kireç sürülmüş, kireç bulaşmış",,
kireçsi,"Kireci andıran, kirece benzeyen, kireç gibi; kirecimsi",,
kireçsiz,Birleşiminde kireç olmayan veya çok az olan | Birleşiminde karbon tuzlarının oranı düşük olan (su),,
kireçyeren,"Kireçli topraktan hoşlanmayan, kireçli toprakta yetişmeyen, kireççil karşıtı",,kire'çyeren
kiremitli,Kiremidi olan,,
kirişli,Kirişi olan | Kiriş yapısında olan,,
kirişsiz,Kirişi olmayan,,
kirli,"Leke, toz vb. ile kaplı; bulaşık, pis, murdar, mülevves | Toplumun değer yargılarına aykırı olan",,
kirloş,Kirli ve pasaklı,,
kirpikli,Herhangi bir nitelikte kirpiği olan | Üzerinde kirpik veya kirpiğe benzer uzantılar olan [bitki bilimi],,
kirpiksi,"Kirpiği andıran, kirpiğe benzeyen, kirpik gibi",,
kirtikli,Kenarları girintili çıkıntılı olan,,
kişiler arası,Bütün insanları göz önüne alan,,
kişilikli,"Kendine has özellikleri olan ve bunlardan taviz vermeyen; şahsiyet sahibi, şahsiyetli",,
kişiliksiz,"Kendine has özellikleri olmayan, taviz verebilen; şahsiyetsiz",,
kişilik dışı,Kişisel olmayan; gayrişahsi,,
kişisel,"Kişi ile ilgili, kişiye ilişkin, kişinin kendi malı olan; şahsi, zatî",,
kişiye özel,"Sadece o kişiye ait, o kişi tarafından kullanılabilen; zata mahsus | Şikâyeti, isteği vb.ni ilgili makama bildirmek üzere gönderilen yazının taşıdığı gizlilik derecesini bildiren terim",,
kişmiri,Esmere çalan (renk),,kişmi:ri:
kitabi,"Kitaba uygun | Kitaba bağlı kalan, özgür düşünemeyen (kimse) | Düzgün, dil bilgisi kurallarına uygun (anlatım) | Kitapla ilgili | Kuru, sıkıcı (anlatım)",Arapça kitābī,kita:bi:
kitaplı,Kitabı olan,,
kitapsever,"Öz ve biçim yönünden iyi nitelikli kitapları seçen, kitaba tutkuyla bağlı (kimse); bibliyofil",Arapça kitāb + Türkçe sever,kita'psever
kitapsız,"Kitabı olmayan | Dört kutsal kitaptan (Kur'an, İncil, Zebur, Tevrat) hiçbirine inanmayan | Zalim, insafsız olan (kimse)",,
kitap ehli,İslama göre Yahudi veya Hristiyan olan (kimse); ehlikitap [din bilimi],,
klavyeli,Klavyesi olan,,
klavyesiz,Klavyesi olmayan,,
klimalı,Kliması olan,,
klimasız,Kliması olmayan,,
klimatolojik,İklim bilimi ile ilgili,Fransızca climatologique,l ince okunur
klorlu,Birleşiminde klor bulunan,,
klostrofobik,"Kapalı yer korkusuna ait, bu korkuyla ilgili",Fransızca claustrophbique,l ince okunur
kloş,Alt tarafı çan biçiminde genişleyen (etek),Fransızca cloche,l ince okunur
koca,"Büyük, geniş | Büyük, ulu olan",,
kocalı,"Kocası olan, evli (kadın)",,
kocaman,"Çok iri; koca (II), cesim, kazulet | Yaşça büyük olan",,
kocamanca,"Biraz kocaman, irice",,
kocasız,Kocası olmayan (kadın); ersiz,,
koca koca,"Çok büyük | Büyük, iri parçalı",,
koç burunlu,Burnu alnıyla aynı doğrultuda ve kemerli olan (kimse),,
kof,"Kuruyarak veya çürüyerek içi boşalmış olan | Boş, değersiz, bilgisiz, yetkisiz olan | Güçsüz, dermansız olan",,
kokak,"Kötü, pis kokan",,
kokartlı,Kokart takmış olan (kimse),,
kokartsız,Kokart takmamış olan,,
koket,"Güzel görünmeye çalışan, süse düşkün, kırıtan (kadın)",Fransızca coquette,
kokmuş,"Çürüyüp bozularak kötü kokan; kokuşuk, müteaffin | Yerinden kımıldamaya üşenen, tembel, miskin olan (kimse) | Çok bilinen, değersiz, önemsiz olan",,
kokoz,Parası olmayan,,
kokulu,Kokusu olan,,
kokusuz,Kokusu olmayan,,
kolajlı,Kolaj yapılmış olan,,
kolajsız,Kolaj yapılmamış olan,,
kolalı,"Gömlek, örtü vb. şeyler sert ve parlak olması için içerisinde kola (I) bulunan suya batırılıp ütülenmiş olan",,
kolalı,İçinde kola (II) bulunan,,
kolasız,Kolası olmayan,,
kolayca,"Oldukça kolay | (kola'yca) Sıkıntı çekmeden; kolay, kolay kolay, asan",,
kolaycacık,Çok kolay | (kola'ycacık) Çok kolay bir biçimde,,
kolaycı,Bir işi yaparken kolay ve kestirme yolu seçen (kimse),,
kolçaklı,Kolçağı olan,,
kolektif,"Birçok kimseyi veya nesneyi içine alan, birçok kişi ve nesnenin bir araya gelmesi sonucu olan",Fransızca collectif,
koleralı,Koleraya tutulmuş | Kolera mikrobu olan,,
kolesterollü,Kolesterolü yüksek olan,,
kolesterolsüz,Kolesterolü yüksek olmayan,,
kollu,Kolu olan | Herhangi bir biçimde kolu olan,,
koloidal,"Zamk, jelatin yapısında olan, koloit nitelikleri taşıyan [kimya]",Fransızca colloïdal,l'ler ince okunur
kolonyal,Sömürgeyle ilgili | Sömürgede yaşayan,Fransızca colonial,l'ler ince okunur
kolonyalı,"Kolonyalanmış, kolonya sürmüş, kolonya sürülmüş",,
kolonyasız,Kolonyası olmayan,,
kolsu,"Kolu andıran, kola benzeyen, kol gibi",,
kolsuz,Kolu olmayan | Kol geçirilmemiş olan (giysi),,
koltuklu,Kol dayayacak yeri olan,,
koltuk düşkünü,"Mesleğinden veya yaptığı işten çok, bulunduğu makamı gözeten (kimse)",,
kolu uzun,"Gücü yeter, sözü geçer",,
komalık,Koma durumuna gelmiş,,
kombili,Kombi tesisatı döşenmiş,,
kombinezonlu,Kombinezon giymiş olan,,
kombinezonsuz,Kombinezon giymemiş olan,,
komple,"Eksiksiz, gerekli her şeyi tamam olan | Bütünü aynı şeyden olup bir takım oluşturan | Üstün nitelikleri kendinde toplayan, mükemmel olan",Fransızca complet,ko'mple
kompleksli,Duygu karmaşası içinde olan,,
komplekssiz,Duygu karmaşası içinde olmayan,,
kompoze,"""Ögelerini birleştirmek, bütünleştirmek, yeniden oluşturmak"" anlamlarındaki kompoze etmek birleşik fiilinde geçen bir söz",Fransızca composé,
kompozit,Değişik tarzları bir arada taşıyan [mimarlık],Fransızca composite,
konak yavrusu,Konağı andıran (ev),,
konargöçer,"Göçebe bir hayat süren, bir yere sürekli yerleşmeyen (aşiret, oba vb.); göçerkonar",,kona'rgöçer
konçlu,Koncu olan,,
konçsuz,Koncu olmayan veya koncu kısa olan,,
konfederatif,Konfederasyonla ilgili olan,Fransızca confédératif,
konfedere,Birleşmiş,Fransızca confédéré,
konfirme,"""Doğrulamak, geçerlemek, onaylamak"" anlamlarındaki konfirme etmek birleşik fiilinde geçen bir söz",Fransızca confirmé,
konforlu,Konforu olan,,
konforsuz,Konforu olmayan,,
kongövdeli,Gövdesi kongövde olan (bitki) [bitki bilimi],,
konsolide,Vadesi uzatılan (borç) [ekonomi],Fransızca consolidé,
kontörlü,Kontörü bulunan,,
kontörlük,Belirli sayıda kontör bulunduran,,
konuksever,"Konuklarına iyi davranan, onları iyi ağırlayan ve kendisine konuk gelmesinden hoşlanan; misafirperver",,konu'ksever
konulu,Konusu olan; mevzulu,,
konumsal,Konumla ilgili,,
konur,"Esmer, açık kestane renginde olan",,
konusuz,Konusu olmayan; mevzusuz,,
konuşkan,"Konuşmayı, lakırtıyı seven, çok konuşan; lakırtıcı",,
konuşlu,Konuşlanmış olan,,
konuşma engelli,İşitemediği için söz söyleme alışkanlığı edinememiş (kimse),,
konvansiyonel,"Alışılmış olan, üzerinde anlaşılan | Anlaşma ile ilgili, uzlaşma ile ilgili",Fransızca conventionnel,
kopçalı,"Kopçası olan, kopça ile iliklenen",,
kopçasız,Kopçası olmayan,,
kopkoyu,Çok koyu,,ko'pkoyu
kopuk,"Kopmuş | Toplum kurallarına aldırmayan, işsiz güçsüz, serseri olan (erkek)",,
kopuksuz,"Ara vermeden, durmaksızın yapılan",,
kordonlu,Kordonu bulunan,,
korkak,"Çok çabuk ve olmayacak şeylerden korkan (kimse, hayvan); kansız, ödlek, tabansız, cebin, mütevehhim",,
korkulu,"Korku veren, korkutan | Kendisinden kötülük gelebilen, tehlikeli olan",,
korkuluklu,Korkuluğu olan,,
korkuluksuz,Korkuluğu olmayan,,
korkunç,"Çok korkulu, korku veren, dehşete düşüren; müthiş | Herhangi bir özelliğiyle şaşkınlık veren | Çok aşırı",,
korkusuz,"Korkusu olmayan, yürekli (kimse); gözü pek | Korku vermeyen",,
koroner,Kalbi taç şeklinde kuşatıp besleyen (damarlar),Fransızca coronaire,
korporatif,Korporasyonla ilgili,Fransızca corporatif,
korseli,Korsesi olan,,
korsesiz,Korsesi olmayan,,
kortizonlu,Birleşiminde kortizon olan,,
korumalı,Korunan | Koruması olan,,
korumasız,Korunmayan; himayesiz | Koruması olmayan; himayesiz,,
korunaklı,Korunağı olan,,
korunaksız,Korunağı olmayan,,
korunumlu,"Mekanik enerjisini değişmez kılan, alınan yoldan bağımsız olan (sistem) [fizik]",,
koskoca,Çok büyük; muazzam | Boyca uzun,,ko'skoca
koskocaman,"Çok büyük, çok iri | Çok geniş, çok büyük",,ko'skocaman
kostak,"Zarif, kibar, çalımlı, güzel giyinmiş, yakışıklı (erkek) | Yiğit, kabadayı, yürekli",,
kostaniçeli,Kostaniçesi olan,,
kostik,"Hayvan ve bitki dokularını yakan, aşındıran [kimya] | Yakıcı bir tür asit",Fransızca caustique,
kostümlü,Kostüm giymiş olan | Alışılmış ve günlük giysilerin dışında bazı özel giysiler giyilen,,
kostümlük,Kostüm yapmaya elverişli,,
kostümsüz,Kostümü olmayan,,
koşa,"Çift, eş, ikiz | Hep birlikte",,
koşumlu,"Koşum geçirilmiş, koşulmuş (hayvan)",,
koşutçu,Koşutçuluk öğretisini benimseyen; paralelist [felsefe],,
koton,Pamuktan yapılan (kumaş vb.),Fransızca coton,
kovucu,Kovma işini yapan,,
koyu,"Yoğunluğundan dolayı güç akan, sulu karşıtı | Rengi açık olmayan, daha belirgin olan, açık karşıtı | Yazı karakterinin daha kalın olarak yazılmış biçimi [bilişim] | Aşırı olan (davranış, düşünce vb.) | Derin, çok hararetli; kıpkızıl",,
koyun bakışlı,"Bön bön bakan, budala, şaşkın olan (kimse)",,
koyun dede,"Alık, aptal olan (kimse)",,
koyu koyu,İyice koyu (renk) | Uzun sürecek biçimde,,
kozalaklı,Kozalağı olan,,
kozalaksı,"Kozalağa benzeyen, kozalak görünüşünde olan, kozalak gibi; kozalağımsı",,
kozalı,Kozası olan,,
kozasız,Kozası olmayan,,
kozmetikli,Kozmetik içeren | Kozmetik kullanılmış,,
kozmetiksiz,Kozmetik içermeyen | Kozmetik kullanılmamış,,
kozmik,Haber alma ile ilgili,Fransızca cosmique,
kozmogonik,Evrenin doğumuyla ilgili,Fransızca cosmogonique,
köftelik,Köfte yapmaya elverişli olan,,
köfterlik,Köfter yapmak için ayrılan (üzüm veya şıra),,
köhne,"Eskiyip yıpranmış, bakımsız kalmış | İçinde yaşanılan zamana göre geride kalmış, eskimiş; çağ dışı",Farsça kohne,
kökenli,"Belli bir kaynaktan çıkmış olan, bir kaynağa dayanan; menşeli",,
kökensel,Kökenle ilgili olan,,
kökensiz,Kökeni olmayan,,
köken bilimsel,Köken bilimi ile ilgili; etimolojik,,
kökleşik,"Alışılmış olan, yenilik getirmeyen; geleneksel, klasik",,
köklü,"Kökü olan | Kökleşmiş, iyi yerleşmiş, kalıcı olan, esaslı; cezrî | Soylu, soyu sopu belli, iyi tanınan",,
köksel,Kökle ilgili,,
köksüz,"Kökü olmayan | Temeli, dayanağı veya aslı olmayan | Kökü eskilere dayanmayan (kimse, aile)",,
kökten,"Yüzeyde kalmayıp derine inen, asıl konuyu da içine alan; radikal",,
köktenci,"Köktencilikten yana olan, köktencilik yanlısı olan; radikal",,
kökten sürme,"Niteliğini soydan almış, türedi olmayan; soylu",,
kökteş,"Aynı kökten gelen, yapı ve görevleri farklı olan (kelimeler); müştak (I): sevgi, sevinç, sevme; vergi, verim, veri; başlık, başlangıç, başkan gibi [dil bilgisi]",,
köleli,Kölesi olan,,
kölesiz,Kölesi olmayan,,
kömürlü,Birleşiminde kömür olan | Yakıt olarak kömür kullanan,,
kömürsü,"Kömürü andıran, kömüre benzeyen, kömür gibi; kömürümsü",,
kömürsüz,Kömürü olmayan | Kömür olmadan,,
köpekli,Köpeği olan,,
köpeksiz,Köpeği olmayan,,
köprülü,Köprüsü olan | İki bölümü bir köprü ile birbirine bağlanmış (yapı) [mimarlık],,
köpüklü,"Köpüğü olan, köpüklenen",,
köpüksüz,"Köpüğü olmayan, köpüklenmemiş",,
köpürgen,"Gerekli gereksiz, hızlı, aralıksız ve bıktırıcı biçimde konuşan",,
kör,"Keskinliği yeterli olmayan | Az aydınlık veren | Bakış ve değerlendirme açısı dar olan | Arkası tıkalı olan veya işlek olmayan | Olguları sezme ve kavrama yetisi, dikkati olmayan | Duyarlığını yitirmiş",Farsça kūr,
körkütük,"Aşırı derecede (sarhoş, âşık vb.)",,kö'rkütük
körpe,"Dalından yeni koparılmış, tazeliği üstünde, daha büyümemiş (bitki); taze, taravetli, terütaze, kart karşıtı | Çok genç (kimse); taravetli | Yavruluktan henüz çıkmış (hayvan) | Henüz bozulmamış, yıpranmamış",,
körpecik,"Çok körpe, çok taze | Çok genç",,
körükleyici,"Heyecana getiren, çıkar sağlamak için kendini acındıran; körükçü, ajitatör",,
körüksüz,Körüğü olmayan,,
kör kandil,"Aşırı derecede sarhoş; gök kandil, kandil, kandilli",,
köse,"Bıyığı, sakalı çıkmayan (erkek)",Farsça kūse,
kösele suratlı,"Utanmaz, sıkılmaz",,
köskötürüm,Büsbütün kötürüm,,kö'skötürüm
kösnük,Eş isteme dönemi gelmiş (hayvan),,
köstekli,Kösteği olan | Ayağına köstek vurulmuş olan,,
kösteksiz,Kösteği olmayan,,
köşeli,Köşesi veya köşeleri olan,,
köşesiz,Köşesi olmayan,,
kötü,"İstenilen, beğenilen nitelikte olmayan, hoşa gitmeyen; bet (III), yaş (II), yavuz, bed, berbat, fena (I), iyi karşıtı | Zararlı, tehlikeli | Korku, endişe veren | Kaba ve kırıcı | Kişi veya toplum üzerinde olumsuz etkileri olan | Aşırı, çok",,
kötücül,Kötülük isteyen (kimse) | Kötü niyetli,,
kötülükçü,Her türlü kötülüğü yapacak ahlakta olan; şerir,,
kötümser,"Her şeyi kötü yanıyla ele alan, hep en kötüyü bekleyen, kötüye yorumlayan; karamsar, bedbin, meyus, pesimist, iyimser karşıtı [felsefe]",,
kötürüm,"Yaşlılık veya sakatlık sebebiyle yürüyemeyen, ayağa kalkamayan (kimse); oturak | Yürüyemeyecek derecede sakat (bacak) | İşleyemeyen, iş yapamayan",,
kötü huylu,"Huyu kötü olan (kimse) | Öldürme tehlikesi olan, habis (hastalık); kötücül",,
kötü kalpli,"Herkesin kötülüğünü isteyen, başkaları için kötülük düşünen; fena kalpli",,
kralcı,Krallık yanlısı olan,,
kraniyolojik,Kraniyoloji ile ilgili,Fransızca craniologique,l ince okunur
kravatlı,"Kravatı olan, kravat takmış olan",,
kravatsız,"Kravatı olmayan, kravat takmamış olan",,
kredili,"Kredisi olan | Güvenilir, itibarlı",,
kredisiz,"Kredisi olmayan | Güvenilmeyen, itibarsız",,
kremalı,Kreması olan,,
kremasız,Kreması olmayan,,
kremsi,Kreme benzer | Krem rengine benzer,,
krepeli,"Krepe yapılmış, kabarık duran (saç)",,
krepesiz,"Krepe yapılmamış, kabarık olmayan (saç)",,
kriptolojik,Kriptoloji ile ilgili,Fransızca cryptologique,l ince okunur
kristalize,"“Kristale dönüştürmek” anlamındaki kristalize etmek, “kristale dönüşmek” anlamındaki kristalize olmak birleşik fiillerinde geçen bir söz",Fransızca crystallize,
kromatik,Kromozomlarla ilgili [biyoloji] | Yarım tonlardan oluşan (ses dizisi) [müzik],Fransızca chromatique,
krome,Kromdan yapılmış veya kromla kaplanmış,Fransızca chromé,
kromlu,Birleşiminde krom bulunan,,
kromsu,"Kromu andıran, kroma benzeyen, krom gibi",,
kruvaze,"Ön parçaları birbiri üzerine gelecek biçimde dikilen (ceket, yelek)",Fransızca croisé,
kubat,"Kaba, biçimsiz | Davranışları kaba olan",,
kubbeli,Kubbesi olan | Kubbe biçiminde olan,,
kubbesiz,Kubbesi olmayan,,
kucakta,"Henüz yürüyemeyen, küçük (çocuk)",,
kucak dolusu,"Pek çok, pek bol",,
kucak kucak,Bol bol | Kucaklanabilecek miktarda olan,,
kudretli,Kudret sahibi olan | Başarılı olan,,
kudretsiz,Kudret sahibi olmayan,,
kuduruk,"Kudurmuş (insan veya hayvan); akur | Azgın, saldırgan | Çok yaramaz",,
kuklavari,"Kukla gibi, kuklaya benzer",Rumca + Farsça -vārī,kuklava:ri
kukuletalı,Kukuletası olan,,
kukuletasız,Kukuletası olmayan,,
kulağı delik,Olup bitenleri çabuk haber alan (kimse),,
kulağı kesik,"Görmüş geçirmiş, deneyimi fazla olan, uyanık",,
kulağı kirişte,"Söylenecek sözü, gelecek haberi sabırsızlıkla bekleyen (kimse); kulağı tetikte | Söylenecek sözü, gelecek haberi sabırsızlıkla bekler bir biçimde",,
kulağı tıkalı,Ağır işiten | Dinlemek istemeyen,,
kulaksız,Kulak kepçesi olmayan,,
kulaktan dolma,Başkalarından işitilerek edinilen (bilgi),,
kulak dolgunluğu,İşiterek elde edilen (bilgi),,
kulak tırmalayıcı,Kulağı rahatsız eden,,
kuleli,Kulesi olan,,
kullanat,"Bir kez kullanılmaya uygun olan, bir kez kullanılıp atılan",,kulla'nat
kullanıcı,Bir şeyden belli bir amaçla yararlanan (kimse),,
kullanılmış,"Az veya çok bir zaman için başkasının malı olmuş, yeni olmayan, müstamel",,
kullanımlı,Kullanımı kolay olan,,
kullanımlık,Belli bir sayıda veya miktarda kullanılmaya uygun olan,,
kullanımsız,Kullanımı kolay olmayan,,
kullanışlı,Rahatça kullanılabilen; ergonomik,,
kullanışsız,"Kullanılması güç, kullanılmaya elverişli olmayan",,
kulplu,"Kulpu olan, kulpu bulunan",,
kulpsuz,Kulpu olmayan,,
kulüpler arası,Birçok kulübün takımlarını karşı karşıya getiren (sportif faaliyet) [spor],,
kul yapısı,İnsan eliyle yapılan,,
kumalı,Kuması olan,,
kumandalı,Kumandası olan,,
kumandanlı,Kumandanı olan,,
kumandansız,Kumandanı olmayan,,
kumandasız,Kumandası olmayan,,
kumarbaz,"Kumara düşkün, sürekli kumar oynayan; kumarcı, bitirimci",Arapça ḳimār + Farsça -bāz,
kumasız,Kuması olmayan,,
kumaşlı,Kumaşı olan,,
kumaşsız,Kumaşı olmayan,,
kumcul,"Kumlu toprakta yetişen, kumlu toprağı seven (bitki) [bitki bilimi]",,
kumlu,İçinde kum bulunan; kumsal | Çok ufak ve sık benekli,,
kumsu,"Kumu andıran, kuma benzeyen, kum gibi",,
kumsuz,Kumu olmayan,,
kundaklı,Kundağı olan | Kundağa sarılmış olan,,
kundaksız,Kundağı olmayan,,
kunt,"Ağır, kalın, dayanıklı ve sağlam",Farsça kund,
kupkuru,Çok kuru | Belirgin olmayan,,ku'pkuru
kurada,"İşe yaramaz, yıpranmış, eskimiş, bozulmuş (eşya) | Gelişmemiş, cılız",Arapça ḳurāḍa,
kurak,"Nem tutmayan, çabuk kuruyuveren, çorak (toprak)",,
kurakçıl,"Kurak yerde yetişen, kurak yerden hoşlanan (bitki)",,
kuralcı,Kurallara bağlı olan; kaideci,,
kuralı,"Kurasını çekmiş, askere gitmeyi bekleyen (asker) [askerlik]",,
kurallı,"Kuralı olan, kurala uygun olan; kaideli, kıyasi",,
kuralsız,"Kuralı olmayan, kurala uygun olmayan; kaidesiz",,
kural dışı,"Kurala uymayan; kurala aykırı, ayrık, müstesna, şaz",,
kuramcı,"Kuram ortaya koyan kimse, kurama bağlı olan; nazariyatçı, nazariyeci, teorisyen",,
kuramsal,"Kuramla ilgili, kuram durumunda bulunan, kuram niteliğinde olan; nazari, teorik, uygulamalı karşıtı",,
kurbanlık,"Kurban edilmek için ayrılmış, kurban edilmeye uygun",,
kurdeleli,Kurdelesi olan,,
kurdelesiz,Kurdelesi olmayan,,
kurgulu,Kurgusu olan,,
kurgusal,"Kurgu ile ilgili; düşüntülü, spekülatif [felsefe]",,
kurgusuz,Kurgusu olmayan,,
kurmacı,Kurmacılık yanlısı olan; konstrüktivist,,
kurnalı,Kurnası olan,,
kurnasız,Kurnası olmayan,,
kurnaz,"Kolay kanmayan, başkalarını kandırmasını ve ufak tefek oyunlarla amacına erişmesini beceren; hin, hinoğlu",Farsça ḳurnās,
kurnazca,"Kurnaza yakışır | (kurna'zca) Kurnaz bir biçimde, kandırarak, aldatarak; kurnazcasına, ustalıkla",,
kursaklı,Kursağı olan | Guatr hastalığı olan (kimse),,
kursaksız,Kursağı olmayan | Abur cubur şeyleri yiyebilen (kimse),,
kurşungeçirmez,"Ateşli silahlardan atılan mermilerin girmesini engelleyecek yapıda ve özellikte olan (yelek, cam vb.)",,kurşu'ngeçirmez
kurşunlu,İçinde kurşun elementi bulunan | Kurşunlanmış olan | Kubbesi kurşunla örtülü,,
kurşunsu,"Kurşunu andıran, kurşuna benzeyen, kurşun gibi; kurşunumsu",,
kurşunsuz,Kurşunu olmayan | Kurşun elementi içermeyen,,
kurtarımcı,Kurtarımcılık yanlısı olan; irredantist,,
kurtçul,Kurtçuklarla beslenen (hayvan) [hayvan bilimi],,
kurtlu,"İçinde kurt bulunan, kurtlanmış | Yerinde rahat duramayan, sürekli kıpırdanan (kimse)",,
kurtsuz,Kurdu olmayan,,
kurtuluşlu,Kurtuluşu olan,,
kurtuluşsuz,Kurtuluşu olmayan,,
kurulu,"Kurulmuş olan, yerleşmiş, oturmuş",,
kurumlu,Kurum (I) tutmuş olan,,
kurumlu,"Kendini büyük ve önemli gösteren; azametli, dikbaşlı",,
kurumsal,Kurumla ilgili | Değişik birim ve fonksiyonlarıyla bir kurumun niteliklerine tam anlamıyla sahip olan,,
kurumsuz,Kendini büyük ve önemli gösterme çabası olmayan,,
kurumsuz,"Kurum (I) tutmuş olmayan, kurumu olmayan",,
kuruntulu,"Kuruntusu olan (kimse); kuruntucu, evhamlı, vehimli, vesveseci, vesveseli, mütevehhim, müvesvis",,
kuruntusuz,"Kuruntusu olmayan; vesvesesiz, evhamsız",,
kurusıkı atıcı,Korkutmak veya yıldırmak amacıyla aslı olmayan söz söyleyen,,
kuruşluk,Herhangi bir kuruşa karşılık olan,,
kurutmalı,Kurutma sistemi olan,,
kurutmalık,"Kurutmaya yarar, kurutmak için ayrılmış",,
kuruyasıca,"İşe yaramaz, kötü | ""Mahvolsun, ölsün"" anlamlarında bir ilenme sözü",,
kuskunlu,Kuskunu olan,,
kuskunsuz,"Kuskunu olmayan | Perişan, derbeder",,
kuskunu düşük,Kuskun yeri sağrıdan aşağı olan (at) | Gözden düşmüş (kimse),,
kusurlu,Kusuru olan; taksirli,,
kusursuz,Kusuru olmayan; mükemmel,,
kuşaklı,Kuşağı olan,,
kuşaksız,Kuşağı olmayan,,
kuşbaşı,Küçük bir kuşun başı büyüklüğünde doğranmış (et vb.),,ku'şbaşı
kuşbaşılı,İçinde kuşbaşı et olan,,
kuşça,Kuşa benzeyen,,
kuşetli,Kuşeti olan,,
kuşetsiz,Kuşeti olmayan,,
kuşkucu,"Açık bir biçimde kanıtlanmamış her şeyden kuşkulanan; ikircikli, ikircimli, işkilli, pimpirik, pimpirikli, şüpheci | Kuşkuculuk yanlısı olan; septik [felsefe]",,
kuşkulu,"Kuşku duyan, kuşku içinde bulunan; huylu, şüpheli | Kuşkulanmaya sebep olan, kuşku uyandıran; şüpheli",,
kuşkusuz,"Kuşkusu olmayan; şüphesiz | Kuşku götürmez bir biçimde; şüphesiz, zahir | (ku’şkusuz) Ne olursa olsun, her şeye rağmen; elbette, elbet, lacerem, pekâla",,
kuş beyinli,"Akılsız, aptal",,
kutsal,"Güçlü bir dinî saygı uyandıran veya uyandırması gereken; kutsi, mukaddes, mübarek [din bilimi] | Tapınılacak veya yolunda can verilecek derecede sevilen; kutsi, mukaddes, lahut | Bozulmaması, dokunulmaması, karşı çıkılmaması gereken, üstüne titrenilen | Tanrı'ya adanmış olan, tanrısal olan [felsefe]",,
kutsuz,"Uğursuz, kötü, menhus | Mutsuz, zavallı",,
kutucuklu,Kutucuğu olan,,
kutucuksuz,Kutucuğu olmayan,,
kutulu,Kutusu olan,,
kutupsal,Kutupla ilgili,,
kuvarslı,İçinde kuvars bulunan,,
kuvarssız,İçinde kuvars olmayan,,
kuvvetli,"Gücü çok olan, zorlu, şiddetli | Sağlam, dayanıklı olan | Görevini iyi yapan | Çok etkileyici | Saygın, nüfuzu olan | Üstün, donanımlı olan | Çok miktarda",,
kuvvetlice,Oldukça kuvvetli | (kuvvetli'ce) Kuvvetli bir biçimde,,
kuvvetsiz,Fiziksel gücü olmayan,,
kuyruksuz,Kuyruğu olmayan,,
kuytu,"Issız, sessiz ve göze çarpmayan, tenha (yer) | Uğrak olmayan, içerlek, sapa (yer) | Güneş ışığı veya rüzgâr almayan (yer)",,
kuz,Gölgede kalan (yan),,
Kuzeyli,Kuzey ülkeleri halkından olan (kimse); Şimalli | Türkiye'nin kuzeyinde bulunan illerden olan (kimse); Şimalli,,
kuzguni,"Çok koyu, kara",Türkçe kuzgun + Arapça -ī,kuzgu:ni:
kuzulu,Kuzusu olan (koyun) | Kendisine bitişik olarak aynı cinsten küçük tanesi olan (meyve ve sebze),,
kübik,Küp ve kesme biçiminde olan | Kübizm akımına uyularak yapılan | Küp (II) biçiminde olan [matematik],Fransızca cubique,
kübist,"Kübizmi uygulayan, kübizm yanlısı (kimse)",Fransızca cubiste,
küçücük,"Çok küçük; küçümencik, minicik, minimini, ufacıcık, ufacık",,
küçükçe,Biraz küçük,,
küçük boy,Normal ölçülerden daha küçük,,
küçük çaplı,Değeri ve ağırlığı az,,
küçük çapta,Belirli bir ölçüde | Yaygın olmayan,,
küçümen,"Benzerlerinden daha küçük olan, pek küçük",,
küçürek,Biraz küçük,,
küfeli,Küfesi olan,,
küfesiz,Küfesi olmayan,,
küfürbaz,"Kaba sövgüleri çok kullanan; ağzı bozuk, sövgücü, sövücü",Arapça kufr + Farsça -bāz.,
küfürlü,"İçinde küfür olan (söz, konuşma) | Küfür kullanmadan, küfretmeden (konuşmak)",,
küfürsüz,"İçinde küfür olmayan (söz, konuşma) | Küfür kullanmadan, küfretmeden (konuşmak)",,
kükre,Öfke veya cinsel istek yüzünden saldırıcı bir durum alan (hayvan),,
kükürtlü,İçinde kükürt bulunan,,
kükürtsü,"Kükürdü andıran, kükürde benzeyen, kükürt gibi; kükürdümsü",,
kükürtsüz,İçinde kükürt bulunmayan,,
külahımsı,"Külahı andıran, külaha benzeyen, külah gibi; külahsı",,
külahlı,Külah giymiş olan | Koni biçiminde tavanı olan | Külahı olan,,
külahsız,Külahı olmayan,,
külbastılık,Külbastı yapmaya elverişli olan (et),,
külfetli,"Sıkıcı, zor, yorucu, özen isteyen | Büyük masraf gerektiren",,
külfetsiz,"Sıkıntısız, kolay, özen istemeyen | Az masraf yaparak",,
külhanbeyce,"Külhanbeyine benzer biçimde, külhanbeyi gibi",,külha'nbeyce
külkedisi,"Çok üşüyen, ateşin yanından ayrılmayan (kimse) | Uyuşuk, miskin (kimse) | Sakin, yumuşak, uyumlu | Pasaklı, görgüsüz (kadın)",,kü'lkedisi
külli,Bütüne ve genele ilişkin,Arapça kullī,külli:
küllü,İçinde veya üzerinde kül bulunan,,
kültürel,"Kültüre ilişkin, kültürle ilgili; ekinsel",Fransızca culturel,
kültürel antropolojik,Kültürel antropoloji ile ilgili,,
kültürlü,Kültürü gelişmiş olan,,
kültürsüz,Kültürü olmayan,,
külüstür,"Yıpranmış, eski, bakımsız olan",Rumca,
külyutmaz,"Aldanmaz, kolay inanmaz (kimse)",,kü'lyutmaz
kümbetsi,"Kümbeti andıran, kümbete benzeyen",,
kümeli,"Kümesi olan | Birikmiş, katılmış; kümülatif",,
künyesi bozuk,"Kötü durumları görülmüş olan, sabıkalı (kimse)",,
küpsüz,Küpü olmayan,,
kür,"İnatçı, hırslı (adam)",,
kürekli,Küreği olan,,
küreksiz,Küreği olmayan,,
küresel,Küre ile ilgili olan | Küre biçiminde olan; kürevi | Dünya ölçüsünde geniş bir bakış açısıyla benimsenen; global,,
kürklü,"Kürkü olan, kürk giymiş | Kürkle süslenmiş | Postu kürk olarak kullanılan (hayvan)",,
küs,Küsmüş olan (kimse),,
küskütük,"Çok sarhoş | Çok sarhoş bir biçimde, çok sarhoş olarak",,kü'skütük
küstah,"Saygısız, kaba, terbiyesiz (kimse)",Farsça gustāḫ,
küsurlu,Küsuru olan,,
küsursuz,Küsuru olmayan,,
küsülü,"Aralarında dargınlık, küskünlük bulunan",,
küşade,"Açılmış olan, açık bulunan",Farsça guşāde,küşa:de
küt,"Sivri olmayan, kısa ve kalınca | Keskin olmayan",,
kütlesel,Kütle ile ilgili olan,,
kütür kütür,Tazeliğinden dolayı kütür sesi çıkaran | Kütür sesi çıkararak (yemek),,
kâbuslu,"Karabasan dolu, sıkıntılı ve korkulu",,
kâbussuz,Kâbusu olmayan,,
kâfi,"""Yeter, yetişir, artık istemez"" anlamlarında bir seslenme sözü",Arapça kāfī,kâ:fi:
kâgir,Taş veya tuğladan yapılan (yapı); kârgir [mimarlık],Farsça kārgīr,kâ:gir
kâğıtlı,Kâğıdı olan,,
kâğıtsı,"Kâğıdı andıran, kâğıda benzeyen, kâğıt gibi; kâğıdımsı",,
kâin,"Bulunan, olan",Arapça kāʾin,kâ:in
kâküllü,Kâkülü olan,,
kârlı,Kârı olan,,
kârsız,Kârı olmayan,,
laciverdimsi,"Rengi laciverdi andıran, laciverde benzeyen",,
laciverdî,Lacivert renkli,Farsça lācverd + Arapça -ī,"la:civerdi:, l ince okunur"
ladenli,Laden sürülmüş olan,,
ladesli,Lades oyunu oynayan,,
lafçı,"İyi, etkili konuşan | Söz götürüp getiren, dedikodu yapan",,
lafzi,"Sözün söylenişine, yapısına ait, sözle ilgili",Arapça lafẓī,"lafzi:, l ince okunur"
lagar,"Zayıf, çelimsiz",Farsça lāġar,"la:gar, l ince okunur"
lahanamsı,"Lahanayı andıran, lahanaya benzeyen, lahana gibi",,
lahuraki,Lahor'da yapılan (bir tür şal kumaşı); lahuri,,"lahura:ki, l ince okunur"
laik,"Din işlerini devlet işlerine karıştırmayan, devlet işlerini dinden ayrı tutan [hukuk]",Fransızca laïque,l ince okunur
lakaplı,Herhangi bir lakabı olan | Lakap takılmış olan,,
lakayıt,İlgisiz bir biçimde,Arapça lāḳayd,"la:kayıt, l ince okunur"
lakayt,343 lakayıt,,
lake,Lak ile cilalanmış,Fransızca laqué,l ince okunur
lakinli,"Herhangi bir bahane, şart ileri süren | ""Lakin"" sözünü kullanan | Herhangi bir bahane, şart ileri sürerek | ""Lakin"" sözünü kullanarak",,
lakinsiz,"Herhangi bir bahane, şart ileri sürmeyen | “Lakin” sözünü kullanmayan | Herhangi bir bahane, şart ileri sürmeden | “Lakin” sözünü kullanmadan",,la:kinsiz
lakrimal,Gözyaşı kemiği bezesi [anatomi],Fransızca lacrymal,l'ler ince okunur
lal,"Dili tutulmuş, konuşamaz duruma gelmiş",Farsça lāl,l'ler ince okunur
laleli,Lale bulunan veya yetiştirilen (yer) | Üzerinde lale deseni veya motifi bulunan,,
lalüebkem,"Dili tutulmuş, konuşamaz duruma gelmiş (kimse)",Farsça lāl + Arapça ebkem,"la:lüebkem, l ince okunur"
lamacı,Lamacılık yanlısı olan (kimse); lamaist,,
lambalı,Herhangi bir sayıda lambası olan | Lamba ile çalışan | Birbirinin içine geçebilecek biçimde yapılmış,,
lambasız,Lambası olmayan,,
lamekân,"Yersiz yurtsuz, belli bir adresi olmayan",Arapça lāmekān,"la:mekân, l ince okunur"
lanetli,"Tanrı tarafından lanetlenmiş olan; lain, melun",,
lansman fiyatı,Yeni bir ürünün tanıtım amaçlı indirimli fiyatı,,
lapacı,"Vücutça toplu ve iri olmasına rağmen direnci az olan | Yorgun, bitmiş tükenmiş",,
laparoskopik,Laparoskopi yöntemi kullanılan [tıp],İngilizce laparoscopic,l ince okunur
lapçınlı,Ayağına edik giymiş olan,,
larvacıl,Larvayla beslenen (hayvan) [hayvan bilimi],,
laski,Yakı ile ilgili,Arapça lasḳī,"laski:, l ince okunur"
lastikli,"İçinde veya üzerinde lastik bulunan | Türlü anlamlar verilebilen (söz, konuşma)",,
lastiksiz,Lastiği olmayan,,
latalı,Latası olan,,
latasız,Latası olmayan,,
lateksli,Özünde lateks bulunduran,,
latekssiz,Özünde lateks bulundurmayan,,
lateritli,Özünde laterit bulunduran,,
latif,"Yumuşak, hoş, ince bir güzelliği olan",Arapça laṭīf,l ince okunur
latifçe,"Latif, hoş",,
laubali,"Saygısız, çekinmesi olmayan | Senli benli, teklifsiz | Davranışları ölçülü, olgun olmayan; ciddiyetsiz, gayriciddi | Aşırı samimi bir biçimde, teklifsizce",Arapça lāʾubālī,"la:uba:li:, l ince okunur"
laubalice,Laubaliye yakın | (la:uba:li'ce) Laubali bir biçimde,,"la:uba:li'ce, l ince okunur"
lavabolu,Lavabosu olan,,
lavabosuz,Lavabosu olmayan,,
lavantalı,İçinde lavanta bulunan,,
lavantasız,İçinde lavanta olmayan,,
lavuk,"Gereksiz konuşan (kimse) | Önemsiz konular üzerinde fazlaca duran, hareketleri ve sözlerinde meymenet olmayan (kimse)",,
layık,"Nitelikleri, özü, hareketleri, davranışlarıyla bir şeyi elde etmeye hak kazanmış olan; müstahak | Bir kimseye uygun olan, yaraşan | Yaraşır olan, münasip görülen",Arapça lāyiḳ,"la:yık, l ince okunur"
layuhti,"Hata işlemeyen, yanlış yapmayan",Arapça lāyuḫṭī,"la:yuhti:, l ince okunur"
lehçe bilimsel,Lehçe bilimi ile ilgili; diyalektolojik,,
lehimli,Lehimle tutturulmuş,,
lekeli,"Herhangi bir sebeple üzerinde leke oluşmuş, lekesi olan | Kötü tanınmış, lekelenmiş",,
lekesiz,Lekesi olmayan | Namuslu olan,,
leksikolojik,Sözcük bilimi ile ilgili,Fransızca lexicologique,l ince okunur
lenduha,Çok iri ve kaba,,
lenfatik,Lenfle ilgili olan | Lenfatizme tutulmuş olan (kimse) [tıp],Fransızca lymphatique,
Leninci,Leninciliği benimsemiş veya Lenincilik yanlısı; Leninist,,le'ninci
leşçil,Leşle beslenen (hayvan),,
letarjik,Letarji ile ilgili,Fransızca léthargique,
levendane,"Levende yakışır bir biçimde, yakışıklı ve gösterişli bir tarzda | İri yapılı",Farsça levendāne,levenda:ne
leylaklı,İçinde leylak bulunan,,
leyli,Geceye özgü,Arapça leylī,leyli:
leziz,"Tadı güzel, lezzetli | Hoş, güzel, zevkli, latif",Arapça leẕīẕ,
lezzetli,"Tadı güzel; yiyintili | Zevkli, haz dolu",,
lezzetsiz,Tadı güzel olmayan,,
lığlı,Lığdan oluşmuş veya üzerinde lığ birikmiş [jeoloji],,
liberal,"Serbest ekonomiden yana olan (kimse, parti vb.); liberalist [ekonomi] | Özgürlük ve serbestlikle ilgili; erkin, erkinci [felsefe]",Fransızca libéral,l ince okunur
lifli,Lifi olan,,
liftli,Üzerine yük kaldırma makinesi eklenmiş (kamyon vb.),,
lif lif,"Tel tel, ince ince | İnce bir biçimde",,
light,343 yeğni,İngilizce light,
likenli,Üzerinde liken bulunan [bitki bilimi],,
likide,Alacak ve verecekleri hesaplayarak sonucu belirlenmiş,Fransızca liquidé,
limanlık,"Liman gibi kullanılan, liman kurmaya elverişli (yer) | Yatışmış, dalgasız, sakin (deniz, hava)",,
limitsiz,"Herhangi bir limiti olmayan, sınırsız olan | Herhangi bir limit olmadan, sınırsız olarak",,
limonlu,İçine limon sıkılmış veya limon doğranmış,,
limonsu,"Limonu andıran, limona benzeyen, limon gibi; limonumsu",,
linotip,Basımevinde harfleri dizen ve satırları blok durumunda döken dizgi makinesi,Fransızca linotype,
lisani,Dille ilgili,Arapça lisānī,lisa:ni:
lisanslı,Lisansı olan,,
liseli,Lisede okuyan (öğrenci),,
litrelik,Herhangi bir litre ölçüsünde sıvı alan,,
lityumlu,Lityum içeren (madde),,
livarlı,Livarı olan,,
liyakatli,Liyakati olan; değimli,,
liyakatsiz,Liyakati olmayan; değimsiz,,
liyakat sahibi,"Başarılı, erdemli, yetenekli (kimse)",,
lodoslu,"Lodosu olan, lodosa sahip veya lodosa maruz kalan",,
logaritmik,Logaritmaya ilişkin [matematik],Fransızca logarithmique,l ince okunur
lokantalı,Lokantası olan,,
lokomotifli,Lokomotifi olan,,
lokomotifsiz,Lokomotifi olmayan,,
lop,"Yumuşak, yuvarlak ve irice; löp",,l ince okunur
lop lop,İri parçalar durumunda (yemek veya yutmak); löp löp | Kalın ve tok (ses),,
loş,"Yeterince aydınlık olmayan, yarı karanlık, az ışık alan | Az aydınlatan (ışık)",,
loşça,"Az ışık almış, yarı karanlık",,
löpür löpür,"Sağa sola, aşağı yukarı hareket eden (bedenin sarkık et kitlesi)",,
lösemili,Lösemi hastalığına yakalanmış olan,,
lustrin,Parlak kumaş kullanılarak yapılmış (ayakkabı),Fransızca lustring,l ince okunur
lüleli,Kıvrık kıvrık (saç),,
Lüterci,Lütercilikten yana olan [din bilimi],,
lütufkâr,İyiliksever olan (kimse),Arapça luṭf + Farsça -kâr,
maceracı,"İlginç ve tehlikeli olayları göze alan; serüvenci, sergüzeştçi, maceraperest",,
maceralı,"Heyecan veren, karmaşık, olağan dışı olan; serüvenli",,
macerasever,"Doğal güzellikleri gezip görmeyi, doğa sporları yapmayı benimseyen (kimse)",,ma:cera:sever
macerasız,"Heyecan vermeyen, basit, sıradan; serüvensiz",,
madalyalı,Madalya almış olan,,
madalyasız,"Madalya almamış olan | Madalya alamadan, madalya olmadan",,
madara,"Kötü, sevimsiz",Farsça madara,
maddelik,Madde içeren,,
maddesel,Madde özelliğinde olan; maddi [fizik],,
maddi,"Madde ile ilgili; maddesel, özdeksel, manevi karşıtı | Maddeden oluşan | Mal, para, varlıkla ilgili olan",Arapça māddī,maddi:
madenî,"Madenle ilgili veya madene özgü olan; madensel, metalik | Madenden yapılmış",Arapça maʿdenī,ma:deni:
maden bilimsel,Maden bilimi ile ilgili; minerolojik,,
mafsallı,Mafsalı olan,,
mafyacı,Mafya gibi davranan,,
magazinsel,Magazinle ilgili; magazinel,,
magmatik,Magma ile ilgili; magmasal [jeoloji],Fransızca magmatique,
magnezyumlu,"Özünde magnezyum bulunduran, magnezyum içeren",,
mağdur,Haksızlığa uğramış (kimse); kıygın,Arapça maġdūr,
mağfur,"Affolunmuş, bağışlanmış",Arapça maġfūr,
mağmum,"Sıkıcı, kapanık (hava)",Arapça maġmūm,
mağrur,"Kurumlu (II), gururlu, kibirli, kendini beğenmiş",Arapça maġrūr,
mağşuş,Hileli olan,Arapça maġşūş,
mahallevari,Mahalle yaşayışına uygun,Arapça maḥalle + Farsça -vārī,mahalleva:ri
mahcup,Utangaç bir biçimde,Arapça maḥcūb,
mahdut,"Çevrilmiş, sınırlanmış | Dar (I), basit",Arapça maḥdūd,
mahfazalı,"Mahfazası olan | Korunan, mahfuz",,
mahfazasız,Mahfazası olmayan,,
mahfuz,"Saklanmış, korunmuş, korunan, saklı",Arapça maḥfūẓ,
mahir,"Uzman, işini iyi bilen, işinin eri; usta",Arapça māhir,ma:hir
mahkemelik,"Mahkemede yargılanması, çözümlenmesi gereken",,
mahkûk,"Kazılmış, hakkedilmiş",Arapça maḥkūk,
mahkûm,Zorunda olan; mecbur | Kötü bir sonuca varması kaçınılmaz olan,Arapça maḥkūm,
mahmur,"Sarhoşluğun sebep olduğu sersemlik içinde olan | Uykudan sonra üzerinde sersemlik, ağırlık bulunan | Süzgün, dalgın bakışlı (göz); baygın",Arapça maḫmūr,
mahmuzlu,Mahmuzu olan,,
mahsup,"Hesap edilmiş, hesaba geçirilmiş",Arapça maḥsūb,
mahsur,"Kuşatılmış, sarılmış, çevrilmiş",Arapça maḥṣūr,
mahsus,"Biri veya bir şey için ayrılmış; münhasır | Bilerek, isteyerek, kasten",Arapça maḫṣūṣ,
mahsus,"Duyulan, anlaşılan, hissedilen | Belli, ortada, aşikâr",Arapça maḥsūs,
mahşerî,Mahşeri andıran,Arapça maḥşerī,mahşeri:
mahut,"Bilinen, adı geçen, sözü geçen",Arapça maʿhūd,ma:hut
mahzursuz,Sakıncası olmayan,,
mahzuz,"Haz duymuş, hoşlanmış",Arapça maḥẓūẓ,
mail,"Eğilimi olan | Benzeyen, andıran",Arapça māʾil,ma:il
makabline şamil,Önceyi kapsayan,,
makamlı,"Makamı olan | Belli bir makamda söylenen, ahengi bulunan",,
makamsız,"Makamı olmayan | Belli bir makamda söylenmeyen, ahengi bulunmayan",,
makaralı,"Makarası olan, makara ile çalışan",,
makaslı,Makası olan,,
makassız,Makası olmayan,,
makbul,"Kabul edilen | Beğenilen, hoş karşılanan",Arapça maḳbūl,l ince okunur
makferlanlı,Makferlan giymiş olan,,
makroekonomik,Makroekonomi ile ilgili olan,Fransızca macroéconomique,ma'kroekonomik
makrosefal,Başı anormal derecede büyük olan (kimse) [anatomi],Fransızca macrocéphale,"ma'krosefal, l ince okunur"
maksatlı,"Bilerek, isteyerek, kasıtlı olarak",,
maksatsız,"Bilmeden, istemeden, kasıtsız olarak",,
maksimum,"Değişebilen bir niceliğin varabileceği en yüksek olan (sınır); maksimal, azami [matematik]",Fransızca maximum,ma'ksimum
maksut,"İstenen, niyet edilen, güdülen, amaçlanan",Arapça maḳṣūd,
maktu,"Kesilmiş | Kesin olarak değeri biçilmiş | Ölçü ile satılmayan, götürü",Arapça maḳṭūʿ,maktu:
maktul,"Öldürülmüş, öldürülen",Arapça maḳtūl,l ince okunur
makul,"Aklın benimseyebileceği, aklın kabul edebileceği, akla uygun nitelikte olan | Akıllıca iş gören, davranan | Aşırı olmayan, uygun, elverişli",Arapça maʿḳūl,"ma:kul, l ince okunur"
makyajlı,"Makyajı olan, makyaj yapmış; boyalı | Özü gizlenen, aslı saklanan",,
makyajsız,Makyajı olmayan; boyasız,,
Makyavelci,Makyavelcilik yanlısı olan; Makyavelist,,
makûs,"Ters çevrilmiş, baş aşağı getirilmiş | Uğursuz, kötü",Arapça maʿkūs,ma:kûs
malayani,"Boş ve yararsız, saçma",Arapça mālāyaʿnī,"ma:la:ya:ni, l ince okunur"
mali,"Mal ile ilgili; finansal | Maliyeye ilişkin, maliye ile ilgili; finansal",Arapça mālī,ma:li:
maliyetli,Maliyeti yüksek olan,,
maliyetsiz,Maliyeti düşük olan,,
mallı mülklü,Malı mülkü olan,,
malul,Sakat (kimse); sökel | Hasta (kimse),Arapça maʿlūl,"ma:lul, l'ler ince okunur"
malumatfuruş,Bilgiçlik taslayan,Arapça maʿlūmāt + Farsça -furūş,"ma:lumatfuruş, l ince okunur"
mal canlısı,"Mala çok düşkün, malı çok seven",,
mamul,"Yapılmış, işlenmiş, imal edilmiş (eşya, yiyecek)",Arapça maʿmūl,"ma:mul, l ince okunur"
manalı,Anlamlı bir biçimde; manalıca,,
manasız,Yararsız olan,,
mandallı,"Üzerinde mandal bulunan | Mandalla kapatılmış olan (kapı, pencere) | Mandalla ipe tutturulmuş",,
mandalsız,"Üzerinde mandal bulunmayan | Mandalla kapatılmamış olan (kapı, pencere) | Mandalla ipe tutturulmamış",,
manevi,"Gözle görülüp elle tutulamayan, madde ve cisimle ilgisi bulunmayan, inançla ilgili, manaya, içe, öze, ruha ait olan; ruhani, maddi karşıtı",Arapça maʿnevī,ma:nevi:
manevralı,Manevra yapılan,,
manevrasız,Manevra yapılmayan,,
mangal yürekli,"Korkusuz, gereğinden fazla cesur, gözünü daldan budaktan esirgemeyen, gözü pek olan kimse",,
mangırlı,Bol parası olan,,
mangırsız,Parası olmayan,,
Manici,Maniciliği benimseyen [felsefe],,
manikürlü,Manikür yapılmış,,
manikürsüz,Manikürü olmayan | Manikürü olmadan,,
manik depresif,Duygu durumu bozukluğu olan (kimse) [ruh bilimi],İngilizce manic-depressive,
manipülatif,"Yönlendirmeye uygun, kolayca yönlendirilebilen | Karşısındaki kişilerin duygu, düşünce ve davranışlarını kendi çıkarlarına uygun biçimde yöneten ve yönlendiren",İngilizce manipulative,l ince okunur
manivelalı,Manivelası olan,,
mankafa,Sakağı hastalığına tutulmuş (at),,ma'nkafa
mankurt,"Ulusal kimlikten uzaklaşan, içinde bulunduğu topluma yabancılaşan",,
manşetli,Manşeti olan,,
manşonlu,Manşonu olan,,
mantardoğuran,Mantarlaşmış hücreler oluşturacak mantar tabakasını doğuran (sürgen doku) [bitki bilimi],,manta'rdoğuran
mantarlı,"İçinde mantar bulunan, içine mantar konulmuş olan | Mantarı olan | Mantar hastalığına yakalanmış",,
mantarsı,"Mantarı andıran, mantara benzeyen, mantar gibi; mantarımsı",,
mantıklı,"Mantığa uygun, akla uygun; mantıksal, mantıki, lojik | Mantığa uygun davranan",,
mantıksız,"Mantığa, akla aykırı olan | Mantığa uygun davranmayan",,
mantık dışı,"Mantıkla hiçbir ilgisi olmayan, mantığa uymayan | Mantıkla çözümlenemeyen",,
mantolu,Manto giymiş olan | Mantosu olan,,
mantoluk,Manto yapmaya elverişli (kumaş),,
mantosuz,Mantosu olmayan,,
manyak,"Mani hastalığına yakalanmış (kimse) | Gülünç, garip, şaşırtıcı davranışları olan (kimse) | ""Aptal, çılgın, dengesiz, deli"" anlamlarında bir seslenme sözü",Fransızca maniaque,
manyakça,Manyağa yakışan | (manya'kça) Manyağa yakışır bir biçimde,,
manyetize,Manyetizma ile etki altına alınmış,Fransızca magnétisé,
manyetolu,Manyetosu olan,,
manyetosuz,Manyetosu olmayan,,
manzaralı,Manzarası olan | Manzarası iyi olan,,
manzarasız,Manzarası olmayan | Manzarası kötü olan,,
manzum,"Şiir biçiminde yazılmış [edebiyat] | Düzenli, muntazam",Arapça manẓūm,
Maocu,Maoculuğu benimsemiş veya Maoculuk yanlısı olan,,
marazi,Hastalıkla ilgili; sayrıl | Hastalık derecesinde olan,Arapça marażī,marazi:
marazlı,"Hastalıklı, hasta",,
marifetli,"Usta, hünerli",,
marifetsiz,"Ustalığı olmayan, hüner gerektirmeyen",,
marine,"""Etleri yumuşatmak ve daha lezzetli duruma getirmek için pişirmeden önce belirli bir süre baharatlı sirke, zeytinyağı vb. ilave edilerek hazırlanan sosun içerisinde bekletmek” anlamındaki marine etmek birleşik fiilinde geçen bir söz",Fransızca mariné,
marjlı,Marjı olan,,
marjsız,Marjı olmayan,,
markalı,Markası olan,,
markasız,Markası olmayan,,
marke,"""Takım oyunlarında karşı takım oyuncusunun hareketine engel olmak, tutmak, gölgelemek, markaja almak"" anlamındaki marke etmek birleşik fiilinde geçen bir söz [spor]",Fransızca marqué,
Marksçı,Marksçılık yanlısı olan (görüş veya kimse); Marksist,,
martavalca,"Yalan, gerçeğe dayanmayan, uydurma olan | (martava'lca) Yalan, gerçeğe dayanmayan, uydurma bir şekilde",,
maruf,"Herkesçe bilinen, tanınan | Dinî bakımdan uygun görülen, beğenilen, buyrulan [hukuk]",Arapça maʿrūf,ma:ruf
marulumsu,"Marulu andıran, marula benzeyen, marul gibi",,
maruz,"Bir olayın, bir durumun etkisinde veya bir olay veya durumla karşı karşıya bulunan | Arz edilen, sunulan, verilen",Arapça maʿrūż,ma:ruz
masabaşı,"Kurum, kuruluş vb. yerlerde beden gücü gerektirmeyen, genellikle oturularak yapılan (iş, görev vb.)",,masa'başı
masalı,Masası olan,,
masalsı,"Masalı andıran, masala benzeyen, masal gibi; masalımsı",,
masasız,Masası olmayan,,
maskara,"Eğlendirici, sevimli, güldürücü, soytarı (kimse) | Şerefsiz, onursuz, haysiyetsiz, rezil (kimse); şebek",Arapça masḫara,maska'ra
maskeli,"Maskesi olan, maskelenmiş | Davranış ve tutumunda gerçek kişiliğini saklayan",,
maskesiz,Maskesi olmayan | Davranış ve tutumunda gerçek kişiliğini saklamadan,,
maskulen,Erkeksi,Fransızca masculin,
maslup,"Asılmış, asılarak öldürülmüş (kimse)",Arapça maṣlūb,l ince okunur
masmavi,Her yanı mavi; gömgök,,ma'sma:vi
masnu,"Sanatla yapılmış (ürün) | Aslı olmayan, uydurma, yapma, düzme, düzmece, sahte",Arapça maṣnūʿ,masnu:
masraflı,"Çok masraf gerektiren, pahalıya çıkan",,
masrafsız,"Masraf gerektirmeyen veya az masrafı olan, ucuza mal olan | Külfeti az bir biçimde",,
masruf,"Sarf edilmiş, harcanmış",Arapça maṣrūf,
mastor,Çok sarhoş; mastur,Rumca,
masun,"Korunan, korunmuş | Saklanmış",Arapça maṣūn,
maşalı,Maşası olan | Maşa ile kıvrılmış (saç),,
maşerî,"Topluluğa ait olan, toplumu ilgilendiren",Arapça maʿşerī,ma:şeri:
mat,Parlak olmayan; donuk,Fransızca mat,
matematiksel,"Matematik bilimi ile ilgili olan; riyazi | Kesin, sağlam, bütün kuşkulardan uzak olan",,
matiz,Çok sarhoş | Orta oyununda ve Karagöz'de sarhoş rolü [tiyatro],Rumca,
matrut,"Kovulmuş, çıkarılmış",Arapça maṭrūd,
matuf,Bir yöne eğilmiş | Yöneltilmiş,Arapça maʿṭūf,ma:tuf
mavili,Üzerinde mavi renk olan | Mavi renkte giysi giymiş olan (kimse),,
mavimsi,"Rengi maviyi andıran, maviye benzeyen; mavimtırak",,
maviş,Mavi gözlü olan (kimse),,
mayalık,"Maya olarak kullanılmak için ayrılmış, maya olmaya yarar | Damızlık (hayvan)",,
mayasız,İçinde maya bulunmayan | Kötü huylu,,
mayası bozuk,"Kötü yaradılışlı, karaktersiz (kimse)",,
maydanozlu,İçinde maydanoz bulunan,,
mayhoş,Tadı az şekerli olmakla birlikte daha çok ekşi olan,Farsça mey + ḫoş,
mayınlı,"Mayını olan, mayınlanmış yer",,
mayınsız,"Mayını olmayan, mayınlanmamış yer",,
mayıslı,Bolca taze sığır dışkısı karıştırılmış (toprak),,
mayışık,"Çok yemekten, sıcaktan veya zevkten gevşemiş olan, üzerine rehavet çökmüş olan (kimse)",,
maymunsu,"Maymun gibi, maymuna benzer, maymun gibi; maymunumsu",,
maymun iştahlı,"Hevesi çabuk geçen, kararsız",,
maymun suratlı,Garip ve çirkin yüzlü,,
mayonezli,Mayonez katılmış veya karıştırılmış,,
mayonezsiz,"Mayonezi olmayan, mayonez katılmamış",,
mazbut,"Ele geçirilmiş, zapt edilmiş | Bir yere yazılmış, deftere geçirilmiş | Unutulmamış, hatırda kalmış | Düzenli, düzgün, beğenilen | Doğa olaylarından etkilenmeyecek biçimde korunmuş olan (yapı)",Arapça mażbūṭ,
mazeretli,Mazereti olan; mazur,,
mazeretsiz,Mazereti olmayan,,
mazgallı,Mazgalları olan,,
maziperest,"Geçmişe bağlı olan, geçmişi yücelten",Arapça māżī + Farsça -perest,mazi'perest
mazlum,"Zulüm görmüş, kendisine zulmedilmiş | Haksızlığa uğramış | Sessiz ve uysal, boynu bükük | Hüzünlü, mahzun (yüz, ses)",Arapça maẓlūm,
mazur,Mazereti olan; mazeretli,Arapça maʿẕūr,ma:zur
mebni,"Yapılmış, kurulmuş, bina olunmuş | -den dolayı, -den ötürü",Arapça mebnī,mebni:
mecazi,"Mecazla ilgili, mecaz niteliğinde olan",Arapça mecāzī,meca:zi:
mecazlı,Gerçek anlamından saptırılarak benzetmeli olarak kullanılmış (söz),,
mecbur,"Herhangi bir konuda yükümlü, bir şeyi yapmak zorunda olan; eli mahkûm | Bağlı, düşkün, tutkun",Arapça mecbūr,
mecidiyelik,Mecidiye değerinde olan,,
meclisara,"Güzel konuşan, kendini toplantılarda konuşmasıyla sevdiren (kimse)",Arapça meclis + Farsça -ārā,meclisa:ra:
mecnun,"Sevdadan ötürü kendini kaybetmiş | Aklı başında olmayan, çılgın gibi davranan (kimse)",Arapça mecnūn,
mecnunane,"Çılgın gibi, çılgınca olan",Arapça mecnūn + Farsça -āne,mecnu:na:ne
mecruh,İncinmiş olan (kimse),Arapça mecrūḥ,
Mecusi,Mecus dininden olan (kimse) [din bilimi],Arapça mecūsī,mecu:si:
meçhul,"Bilinmeyen, bilinmedik",Arapça mechūl,meçhu:lü
medeni,"Kentlileşmiş, kırsallıktan kurtulmuş | Uygar biçimde",Arapça medenī,medeni:
medeniyetsiz,Uygarlaşmamış | Uygarlaşmamış bir biçimde,,
medikal,"Tıbba ait, tıpla ilgili | İyileştiren, sağaltan",Fransızca médical,l ince okunur
medyatik,"İletişim araçlarına özgü, iletişim araçlarıyla ilgili | Medyada çok yer alan, çok tanınan, çok bilinen (kimse)",Fransızca médiatique,
medyunuşükran,Teşekkür borçlu,Arapça medyūn + şukrān,medyu:nuşükran
mefkûreci,Mefkûre sahibi olan,,
mefluç,"Bozuk, düzgün olmayan",Arapça meflūc,l ince okunur
mefret,"Kocaman, iri, büyük",Arapça mefred,
mefsuh,"Feshedilmiş, kaldırılmış, dağıtılmış, bozulmuş",Arapça mefsūḫ,
megatonluk,Herhangi bir megaton değerinde olan,,
megavatlık,Herhangi bir megavat değerinde olan,,
mehabetli,"Büyük, ulu, yüce, gösterişli",,
mehdi,"Doğru yolda olan, hidayete ermiş olan",Arapça mehdī,mehdi:
mekanikleştirici,Mekanikleştiricilik kuramını benimseyen,,
mekanize,Savaş ve taşıma gereçleriyle donatılmış (kıta veya birlik) [askerlik],Fransızca mécanisé,
mekanizmalı,Mekanizması olan,,
meknuz,"Gömülü, saklı",Arapça meknūz,
mekruh,"İslam dininde, dinî bakımdan kesin bir biçimde yasaklanmadığı hâlde yapılmaması istenen [din bilimi] | İğrenç, tiksindirici",Arapça mekrūh,
mekânsal,Mekâna ait | Mekânla ilgili,,
mekânsız,Mekânı olmayan; lamekân,,
melankolik,"Hüzün veren, hüzün belirtisi olan",Fransızca mélancolique,l ince okunur
melez,"Değişik türden hayvan veya bitkiden üremiş (hayvan veya bitki); kırık (I), kırma, azma, hibrit, metis [biyoloji] | Değişik ırkta ana babadan doğmuş olan (kimse) | Katışık, karışık",Arapça meles,
melfuf,"Sarılmış, bağlanmış, eklenmiş",Arapça melfūf,
melhuz,"Mülahaza edilen, düşünülen",Arapça melḥūẓ,
melodili,Melodisi olan,,
melodisiz,Melodisi olmayan,,
melon,Yuvarlak ve bombeli (şapka),Fransızca melon,l ince okunur
melul,"Boynu bükük, zavallı bir biçimde",Arapça melūl,l'ler ince okunur
melunca,"Meluna yakışan, melun gibi",,
memeli,Memesi olan,,
mememsi,"Memeyi andıran, memeye benzeyen, meme gibi",,
memesiz,Memesi olmayan,,
memleketsiz,Memleketi olmayan,,
memnun,"Herhangi bir olaydan veya durumdan ötürü sevinç duyan, kıvançlı, mutlu | Herhangi bir olaydan veya durumdan ötürü sevinç duyarak, kıvançlı, mutlu olarak",Arapça memnūn,
memnunca,"Memnun gibi, az çok memnun | Memnun bir biçimde",,memnu'nca
memnuniyetsiz,Memnun olmayan,,
memul,"Umulan, düşünülen",Arapça meʾmūl,"me:mul, l ince okunur"
mendebur,"Sümsük (I), sünepe, pis, iğrenç",Farsça mendebūr,
mendilli,Mendili olan,,
mendilsiz,Mendili olmayan,,
menekşe gözlü,Gözleri koyu lacivert renkte olan,,
menfi,Her şeyi olumsuz ve kötü yanlarıyla ele alan,Arapça menfī,menfi:
mensup,"Bir yerle veya bir kimseyle bağlantısı olan, ilişkili, -den olan, -e bağlı (kimse)",Arapça mensūb,
mentollü,İçinde mentol bulunan,,
menus,"Yabancılık çekmeyen, alışmış, alışık",Arapça meʾnūs,me:nus
meraklı,"Her şeyi anlamak ve bilmek isteyen; araştırıcı, mütecessis | Bir şeye çok düşkün olan, sürekli onunla uğraşan | Kendisini ilgilendirmeyen bir konuda bilgi sahibi olmaya çalışan (kimse) | İlgi çekici",,
meraksız,"Anlama, öğrenme isteğini duymayan | Kaygısız, aldırışsız",,
meraretli,"Acı dolu, acılı olan",,
merasimli,"Kurallara, törelere aşırı bağlı olan",,
merasimsiz,"Resmî davranıştan uzak, sade",,
merbut,"Bağlı, bağlanmış",Arapça merbūṭ,
mercanlı,İçinde mercan bulunduran,,
mercekli,Merceği olan,,
merceksi,"Merceği andıran, merceğe benzeyen, mercek gibi",,
mercimeksi,"Mercimeği andıran, mercimeğe benzeyen, mercimek gibi",,
merdane,Erkeğe yakışan | (me'rda:ne) ► mertçe,Farsça merdāne,me'rda:ne
merdivenli,Merdiveni olan,,
merdivensi,"Merdiveni andıran, merdivene benzeyen, merdiven gibi; merdivenimsi",,
merdümgiriz,"İnsan içine karışmaktan hoşlanmayan, insanlardan kaçan (kimse); mizantrop",Farsça merdumgirīz,
mergup,"Sevilip aranan, istenilen, beğenilen, rağbet edilen",Arapça merġūb,
merhametli,"Acıması olan, merhamet eden",,
merhametsiz,"Acıması olmayan; katı yürekli, katı kalpli, taş yürekli, taş kalpli, kalpsiz",,
merkezcil,Merkeze doğru yaklaşan [fizik],,
merkeziyetçi,"Merkeziyetçilik yanlısı olan (kimse); merkezci, üniter | Merkeziyetçiliğe uygun (iş, yönetim); merkezci, üniter",,
merkezkaç,Merkezden uzaklaşan; santrifüj [fizik],,
merkezî,"Merkezde olan, merkezi oluşturan",Arapça merkezī,merkezi:
merkum,"Yazılmış | Adı geçen, az önce anılan (kimse)",Arapça merḳūm,
merkûp,Üzerine binilmiş olan,Arapça merkūb,
mermerli,Mermeri olan,,
mermersi,"Mermeri andıran, mermere benzeyen, mermer gibi; mermerimsi",,
mert,"Sözünün eri, güvenilir (kimse); erkek",Farsça merd,
mertçe,"Yiğide, erkeğe yakışan | (me'rtçe) Yiğide, erkeğe yakışır bir biçimde, yiğitçe, merdane (I)",,
mesafeli,"Arası olan, uzaklığı bulunan | İlişkilerde içtenliğe yer vermeyen | İlişkilerde içtenliğe yer vermeyen bir biçimde",,
mesafelik,Herhangi bir uzaklıkta olan,,
meskûn,"İnsan oturan, şeneltilmiş (yer) | Yurt edinilmiş (yer)",Arapça meskūn,
meskût,Söylenmemiş,Arapça meskūt,
mesleki,"Mesleğe ilişkin, meslekle ilgili olan; mesleksel",Arapça meslekī,mesleki:
mesleksiz,"Mesleği olmayan, işsiz güçsüz (kimse)",,
mesmu,"İşitilmiş, duyulmuş olan",Arapça mesmūʿ,mesmu:
mesnetli,Dayanağı olan,,
mesnetsiz,Dayanağı olmayan,,
mesuliyetli,Sorumluluk gerektiren,,
mesuliyetsiz,Sorumluluk gerektirmeyen,,
meşakkatsiz,Güç olmayan,,
meşgul,"Bir işle uğraşan, iş görmekte olan | Çalışır, kullanılır durumda olan",Arapça meşġūl,l ince okunur
meşhut,"Görülen, gözle görülmüş, tanık olunmuş",Arapça meşhūd,
meşin suratlı,"Utanmaz, şerefsiz (kimse)",,
meşkûk,"Şüphe uyandıran, şüpheli",Arapça meşkūk,
meşkûr,"Beğenilmiş, övülmüş",Arapça meşkūr,
meşruti,Meşrutiyetle ilgili olan,Arapça meşrūṭī,meşru:ti:
meşrutiyetçi,Meşrutiyet yanlısı olan,,
metaforik,"Metafor ile ilgili, metafora ait",Fransızca métaphorique,
metalik,Metal gibi parlak olan (renk),Fransızca métallique,
metal bilimsel,Metal bilimi ile ilgili; metalürjik,,
metamorfik,Başkalaşıma uğramış olan,Fransızca métamorphique,
metbu,Kendisine bağlanılan,Arapça metbūʿ,metbu:
meteliksiz,Parası olmadan,,
meteorolojik,Meteoroloji ile ilgili olan,Fransızca météorologique,l ince okunur
methaldar,"Bir işe karışmış olan, bir işte parmağı olan",Arapça medḫal + Farsça -dār,
metilik,Metil özelliği taşıyan [kimya],Fransızca méthylique,
metinsel,"Metinle ilgili, metne ilişkin | Metne dayalı",,
metrajlı,Herhangi bir metre uzunluğunda olan,,
metrelerce,Mesafe olarak uzun olan,,
metrelik,Uzunluğu herhangi bir metre olan,,
metrolojik,Metroloji ile ilgili,Fransızca métrologique,l ince okunur
metropoliten,Bir devletin veya bir ülkenin ana şehrine ilişkin,Fransızca métropolitain,
metruk,"Bırakılmış, terk edilmiş | Kullanılmayan",Arapça metrūk,k ince okunur
metruke,"Bırakılmış, geriye kalmış",Arapça metrūke,metru:ke
mevdu,"Emanet edilmiş, verilmiş, bırakılmış",Arapça mevdūʿ,mevdu:
mevhum,"Gerçekte olmayıp var sanılan, var diye düşünülen, kuruntuya dayanan",Arapça mevhūm,
mevkuf,Vakfedilmiş,Arapça mevḳūf,
mevrut,"Gelen, gelmiş",Arapça mevrūd,
mevsimlik,"Bir mevsim için, bir mevsim süresince; mevsimsel, sezonluk | İlkbahar ve sonbaharda giyilen | Mevsime ait",,
mevsimli mevsimsiz,"Yersiz, gereksiz, zamansız",,
mevsimsiz,"Zamanı iyi seçilmemiş, uygun zamanı gelmeden olan veya yapılan",,
mevut,"Vadolunmuş, söz verilmiş",Arapça mevʿūd,
mevzubahis,Adından söz edilen,Arapça mevzūʿ + baḥs̱,mevzu:bahis
mevzun,"Biçimli, düzgün, oranlı olan",Arapça mevzūn,
meydanda,"Ortada, ortalıkta olan",,
meyhaneli,Meyhanesi olan,,
meyhanesiz,Meyhanesi olmayan,,
meyilli,"İlgili, gönül vermiş",,
meyilsiz,Meyli olmayan,,
meymenetsiz,"Suratsız, huysuz (kimse)",,
meyveli,"Meyvesi olan, meyve veren; yemişli, meyvedar | Meyve ile yapılmış, içinde meyve bulunan | Yaratıcı olan, olumlu bir şey ortaya koyabilen",,
meyvemsi,"Meyve gibi, meyveyi andıran",,
meyvesiz,"Meyve vermeyen | Meyvesi olmayan | Verimsiz, ortaya eser koymayan",,
mezhebi geniş,Namus konusunda aşırı hoşgörülü davranan (kimse); geniş mezhepli,,
mezhepsel,Mezheple ilgili; mezhebî,,
meziyetli,"Beğenilen, üstün nitelikleri bulunan",,
meziyetsiz,"Beğenilmeyen, üstün nitelikleri bulunmayan",,
mezkûr,"Adı geçen, anılan, sözü edilen, zikredilen, zikrolunan",Arapça meẕkūr,
mezosefal,Alnının ve kafatasının en geniş yerleri arasındaki oran orta derecede olan (kimse),Fransızca mésocéphale,l ince okunur
mezozoik,Bu zamanla ilgili,Fransızca mésozoïque,
mezun,Bir okulu bitirerek diploma almış (kimse) | İzin almış | Bir iş için yetki verilmiş; yetkili,Arapça meʾẕūn,me:zun
mıgır,"Küçük, işe yaramaz (oyun kâğıdı veya eşya)",,
mıhlı,"Dimdik, sabit",,
mıklepli,Mıklebi olan,,
mıklepsiz,Mıklebi olmayan,,
mıknatıslı,Mıknatısı olan | Mıknatıslanmış olan,,
mıncık mıncık,"Yapışkan ve kaygan bir duruma gelmiş | Yağ, çamur vb. yapışkan şeyleri birbirine karıştırarak",,
mıncırık,"Küçük, afacan, zeki (çocuk)",,
mırıltılı,Alçak ve anlaşılmaz sesli,,
mırmırık,Mırıldanan | Sürekli sorun çıkaran,,
mısmıl,"Eti yenilebilen, murdar olmayan",,
mıymıntı,İnsanın sabrını tüketecek derecede yavaş ve mızmızca iş gören (kimse) | Yavaş ve mızmızca hareket eden,,
mızmız,"Her şeyde kusur bulan, hiçbir şeyden memnun olmayan | Çevresindekileri rahatsız edecek kadar yavaş olan",,
mızmızca,"Mızmıza yakışan, mızmız gibi | (mızmı'zca) Mızmıza yakışır bir biçimde",,
mızraklı,"Mızrağı olan, mızrak taşıyan",,
mızraksı,Mızrağa veya mızrak ucuna benzeyen,,
mızraksız,Mızrağı olmayan,,
mızraplı,Telleri bir mızrap veya parmakla çalınan (saz) [müzik],,
mideci,Kendi çıkarlarından başka bir şey düşünmeyen (kimse),,
midevi,"Mide ile ilgili olan | Mideye uygun olan, mideye iyi gelen",Arapça miʿdevī,mi:devi:
mihaniki,"Düşünmeden, ölçülerek değil de yalnızca alışkanlığın verdiği kolaylıkla veya yalnız kasların hareketiyle yapılan (iş, hareket vb.)",Arapça miḫānikī,miha:niki
mihnetli,"Sıkıntılı, eziyetli olan | Sıkıntı, eziyet çeken (kimse)",,
mihnetsiz,"Sıkıntısız, eziyetsiz olan | Emek verilmeden elde edilen",,
mihriban,"Güler yüzlü, muhabbeti bol, sevgi dolu, candan dost olan (kimse) | Şefkati, merhameti olan (kimse)",Farsça mihr + bān,
mikalı,Yapımında mika maddesi kullanılan,,
mikamsı,"Mikayı andıran, mikaya benzeyen, mika gibi",,
mikolojik,Mantar bilimi ile ilgili [bitki bilimi],Fransızca mycologique,l ince okunur
mikro,"Küçük, dar (I), makro karşıtı",Fransızca micro,
mikrobik,"Mikropla ilgili, mikroba dayalı",Fransızca microbique,
mikrobiyolojik,Mikrobiyoloji ile ilgili,Fransızca microbiologique,"mi'krobiyolojik, l ince okunur"
mikroekonomik,Mikroekonomi ile ilgili olan,Fransızca microéconomique,mi'kroekonomik
mikrofonik,Mikrofona uygun olan,Fransızca microphonique,
mikroplu,"Mikrop içeren, mikropla bulaşan; intani, mikrobik",,
mikropsuz,"Mikrop içermeyen, mikroptan arındırılmış olan",,
mikrosefal,Yetersiz gelişme sonunda beyni ve kafatası küçük olan (kimse) [anatomi],Fransızca microcéphale,"mi'krosefal, l ince okunur"
mikroskobik,Mikroskopla görülebilecek kadar küçük olan,Fransızca microscopique,
mikroteknolojik,Mikroteknoloji ile ilgili,İngilizce micro + Fransızca technologique,l ince okunur
mikyaslı,Ölçeği veya ölçüsü olan,,
mikyassız,"Ölçeği veya ölçüsü olmayan | Hadsiz hesapsız, hesaba kitaba sığmayan",,
miladi,"Milada dayanan, milatla ilgili olan",Arapça mīlādī,"mi:la:di:, l ince okunur"
mililitrelik,Belli bir mililitre hacminde olan,,
milimetrelik,Belli bir milimetre uzunluğunda olan,,
milimetrik,Milimetre ile ilgili olan | Milimetrelere bölünmüş | Çok ayrıntılı olan,Fransızca millimètrique,
milletsever,Milletini seven (kimse); ulussever,Arapça millet + Türkçe sever,mille'tsever
milletsiz,Milleti olmayan; ulussuz | Millet olmadan; ulussuz,,
milli,Mil içeren,,
milliyetçi,"Milliyet ilkesini benimseyen; ulusçu, ulusalcı, milliyetsever, milliyetperver, nasyonalist",,
milliyetsiz,Maddi ve manevi açılardan millet ve ülkesinin çıkarlarını her şeyin üstünde tutma duygusunu taşımayan (kimse) | Herhangi bir milletin uyruğunda olmayan,,
millî,Milletle ilgili; ulusal | Millete özgü; ulusal,Arapça millī,milli:
milsiz,Mil içermeyen,,
milyarlarca,"Pek çok, çok sayıda",,
milyarlık,Niceliği milyarla ölçülen | Maddi varlığı milyar değerinde olan,,
milyonlarca,"Pek çok, çok sayıda",,
milyonluk,Niceliği milyonla ölçülen | Maddi varlığı milyon değerinde olan,,
mimarisiz,Mimarlığa uygun olarak yapılmayan (kaba yapı),,
mimli,"Genellikle davranışlarından kuşku duyulan, kötü olarak bilinen, mimlenmiş",,
minareli,Minaresi olan,,
minaresiz,Minaresi olmayan,,
minare kırması,Çok uzun boylu (kimse),,
minderli,Minderi olan,,
mindersiz,Minderi olmayan,,
mineli,Mine ile süslenmiş,,
mineralli,İçinde mineral bulunan | İçinde mineralleşmiş tabakalar ve cevherler bulunan (kaya veya arazi parçası) [jeoloji],,
mineralsiz,İçinde mineral bulunmayan,,
mineral bilimsel,Mineral bilimi ile ilgili; minerolojik,,
minesiz,Minesi olmayan,,
mini,Çok küçük veya kısa,Fransızca mini,
minik,Küçük ve sevimli,,
minnacık,Çok küçük,,minna:cık
minnetsiz,Minnet duygusu olmayan,,
mintanlı,Mintan giymiş olan | Mintanı olan,,
mintanlık,Mintan yapmaya elverişli olan,,
mintansız,Mintan giymemiş | Mintanı olmayan,,
minyon,"İnce, küçük, çıtı pıtı",Fransızca mignon,
mirî,"Devletle ilgili, devlete özgü olan, devlet malı olan; beylik",Farsça mīr + Arapça -ī,mi:ri:
misilsiz,"Eşsiz, benzersiz",,
miskin,"Çok uyuşuk olan (kimse) | Hoş görülemeyecek durumlar karşısında tepki göstermeyen (kimse) | Cüzzam hastalığına tutulmuş olan (kimse) | Âciz, zavallı olan",Arapça miskīn,
mitolojik,"Mitoloji ile ilgili, mitolojiye ait; esatirî",Fransızca mythologique,l ince okunur
mitoman,"Dikkat çekmek, toplumda odak noktası hâline gelmek için yalana başvuran, bir noktadan sonra kontrolü kaybederek söylediği yalana kendisi de inanmaya başlayan (kimse) [ruh bilimi]",Fransızca mythomane,
mitral,Kalpte sol kulakçık ile sol karıncık arasında bulunan kapakla ilgili [anatomi],Fransızca mitral,l ince okunur
miyop,Nesnelerin görüntüleri ağ tabakanın ön tarafında kaldığı için uzağı iyi göremeyen (göz) [tıp] | Gözleri uzağı iyi göremeyen (kimse),Fransızca myope,
mizaçgir,"Herkesin huyuna ve keyfine göre davranan, nabza göre şerbet vermesini bilen (kimse)",Arapça mizāc + Farsça -gīr,
mizaçlı,Mizacı herhangi bir özellikte olanı,,
mizahi,"İçinde gülmece bulunan, gülmece niteliği taşıyan (yazı, karikatür vb.)",Arapça mizāḥī,miza:hi:
mizahlı,Mizah içeren,,
mizahsı,"Mizahı andıran, mizaha benzeyen, mizah gibi; mizahımsı",,
mizahsız,Mizah içermeyen | Mizah olmadan,,
mizanpajlı,"Mizanpaj yapılan, mizanpajı olan",,
mizanpajsız,Mizanpajı olmayan,,
mizantrop,İnsandan nefret eden (kimse),Fransızca misanthrope,
mobilyalı,"Mobilyası olan, döşenmiş; möbleli",,
mobilyasız,"Mobilyası olmayan, döşenmemiş; möblesiz",,
modernize,"Yenileştirilmiş, modern, çağcıl duruma getirilmiş",Fransızca modernisé,
modifiye,Değiştirilmiş,Fransızca modifié,
modüler,"Belli bir ölçüye dayanarak oluşturulan (tasarım, yapı)",Fransızca modulaire,
modüllü,Modülü olan,,
molalı,Mola verilen | Mola verilerek,,
molasız,Mola verilmeyen | Mola verilmeden,,
moleküler,"Moleküle ilişkin, molekülle ilgili",Fransızca moléculaire,
moleküllü,Molekül içeren,,
monarşik,Monarşi ile ilgili [toplum bilimi],Fransızca monarchique,
monarşist,"Monarşizme ilişkin, bu rejimi benimseyen ve savunan; tek erkçi [toplum bilimi]",Fransızca monarchiste,
monatçı,Monatçılık yanlısı olan; monadist [felsefe],,
monden,Toplum yaşamı ile ilgili | Yüksek sosyete yaşamını seven,Fransızca mondain,
monotip,Harfleri ayrı ayrı dizip döken (dizgi makinesi),Fransızca monotype,
monşer,"""Azizim, dostum"" anlamında kullanılan bir seslenme sözü | Davranışlarında Batı özentisi içinde bulunan",Fransızca monchère,
morsalkımlı,"Morsalkım bulunan (bahçe, çardak, duvar, ev vb.)",,
morumsu,"Mora çalan, moru andıran; morumtırak",,
moskof,"Acımasız, zalim",Rusça,
mosmor,"Her yanı mor, koyu mor",,mo'smor
motamot,Hiç değiştirmeden,Fransızca mot à mot,
motifli,Motifi olan,,
motifsiz,Motifi olmayan,,
motorize,Motorlu taşıtlarla donatılmış (kıta veya birlik) [askerlik] | Motosiklet kullanan,Fransızca motorisé,
motorlu,Motorla çalışan,,
motorsuz,Motoru olmayan,,
motosikletli,Motosikleti olan | Motosiklet kullanan,,
muaccel,"Acele olunmuş | Peşin, hemen ödenmesi gereken [hukuk]",Arapça muʿaccel,
muacciz,"Sıkıntı veren, taciz eden, bıktıran, usandıran | Yapışkan, sırnaşık, ukala (kimse)",Arapça muʿacciz,
muaf,"Bağışlanmış, affedilmiş | Ayrı tutulmuş, ayrıcalık tanınmış | Özgür, serbest",Arapça maʿfuvv,
muahhar,"Sonraki, sonradan gelen, ertelenmiş, daha sonraki",Arapça muʾaḫḫar,
muakkip,"İzleyen, arkasından koşan, takip eden | İşi yürüten",Arapça muʿaḳḳib,
mualla,"Yüksek, yüce",Arapça muʿallā,"mualla:, l ince okunur"
muallak,"Sonuca bağlanmamış, sürüncemede kalmış",Arapça muʿallaḳ,l'ler ince okunur
muammalı,"Ayrıntısı bilinmeyen, açık olmayan, anlaşılması zor",,
muammer,Yaşamış,Arapça muʿammer,
muarız,"Karşı koyan, karşı çıkan",Arapça muʿāriż,mua:rız
muattal,"İşlemez, kullanılmaz duruma gelmiş | Boş, işsiz",Arapça muʿaṭṭal,
muayyen,Belirlenmiş olan | Bilinen,Arapça muʿayyen,
muazzam,"Alışılmışın sınırlarını aşan, pek yüce | Büyük bir değer ve önem taşıyan, çok önemli",Arapça muʿaẓẓam,
muazzep,"Acı, sıkıntı, azap çeken",Arapça muʿaẕẕeb,
muazzez,"Sayılan, saygı duyulan; aziz",Arapça muʿazzez,
mucip,"Gerektiren, gerektirici",Arapça mūcib,mu:cip
mucizeli,"Mucize niteliği bulunan, olağanüstü niteliklere sahip olan; mucizevi",,
muflonlu,Muflon geçirilerek yapılan,,
muhacir,Hz. Muhammed'e uyarak Mekke'den Medine'ye göç eden,Arapça muhācir,muha:cir
muhafazalı,Muhafazası olan,,
muhafazasız,Muhafazası olmayan,,
muhakkak,"Doğruluğu, gerçekliği kesin olarak bilinen, gerçekliği kesinleşmiş",Arapça muḥaḳḳaḳ,
muhal,"Olması, gerçekleşmesi olanaksız",Arapça muḥāl,l ince okunur
muhammen,"Oranlanan, tahmin edilen",Arapça muḫammen,
muhammin,"Oranlayan, tahmin eden",Arapça muḫammin,
muhannet,"Alçak, namert olan (kimse)",Arapça muḫannes̱,
muharriş,"Tırmalayan, tahriş eden | İrkilten, korku veren",Arapça muḫarriş,
muhassas,"Birine ayrılmış, tahsis olunmuş",Arapça muḫaṣṣaṣ,
muhat,"Kuşatılmış, sarılmış, çevrilmiş | Kitabın sırt kâğıdı ile mukavvasının arasında isteka ile bastırılarak oluşturulmuş hafif çukurluk",Arapça muḥāṭ,muha:t
muhavvil,"Değiştiren, dönüştüren",Arapça muḥavvil,
muhayyel,"Hayal gücüyle yaratılan, hayal edilen",Arapça muḫayyel,
muhibbe,"Kadın arkadaş, kadın dost",Arapça muḥibbe,
muhil,"Dokunan, bozan, ihlal eden",Arapça muḫill,
muhip,"Seven, sevgi besleyen, dost olan",Arapça muḥibb,
muhlis,Dostluğunda ve inançlarında içten olan,Arapça muḫliṣ,
muhrik,"Yanık, dokunaklı (ses)",Arapça muḥriḳ,
muhtaç,"Bir şeye gereksinim duyan | Yoksul, fakir (kimse) | Bakmaya mecbur olduğu aile bireylerini veya kendisini geçindirmeye yetecek geliri, malı, kazancı bulunmayan",Arapça muḥtāc,muhta:cı
muhtasar,Kısaltılmış olan,Arapça muḫtaṣar,
muhtelif,"Zıt, birbirini tutmayan",Arapça muḫtelif,
muhtelis,"Kamu malını zimmetine geçiren, çalan",Arapça muḫtelis,
muhtemel,"Gerçekleşmesi de gerçekleşmemesi de ihtimal dâhilinde olan, beklenen, beklenir, umulur, görünüşe göre olacağı sanılan; olası, olasılı, belkili, ihtimalli, ihtimalî, mümkün",Arapça muḥtemel,
muhteri,"Yeni bir şey yaratan, icat eden | Yalanlar uydurarak bir kimseye iftirada bulunan",Arapça muḫteriʿ,muhteri:
muhtevi,"İhtiva eden, içine alan, kapsayan, içinde bulunduran",Arapça muḥtevī,muhtevi:
muinli,Askere alındığında ailesine bakacak kimsesi olan [tarih],,
muinsiz,Askere alındığında ailesine bakacak kimsesi olmayan [tarih],,
mukabeleli,Karşılığı olan,,
mukabelesiz,Karşılığı olmayan,,
mukabil,"Bir şeye karşılık olarak yapılan, bir şeyin karşılığı olan | Bir şeyin karşısında bulunan",Arapça muḳābil,muka:bil
mukadder,"Yazgıda var olan, yazgı ile ilgili olan, alında yazılı olan",Arapça muḳadder,
mukannen,"Belli, belirli, kesinleşmiş, şaşmaz | Kanun durumuna gelmiş, kanunlaşmış",Arapça muḳannen,
mukarrer,"Kararlaşmış, kararlaştırılmış",Arapça muḳarrer,
mukassem,"Ayrılmış, bölünmüş olan",Arapça muḳassem,
mukataalı,Kesime verilmiş (yer),,
mukavim,"Karşı koyan, başkaldıran",Arapça muḳāvim,muka:vim
mukayyet,"Bağlı olan, bağlanmış | Bir şart veya kayıtla bağlı olan",Arapça muḳayyed,
mukim,"Bir yerde, bir evde oturan, eğleşen, ikamet eden",Arapça muḳīm,
mukni,"İnandıran, ikna eden",Arapça muḳnī,mukni:
mukriz,"Ödünç para veren, borç veren",Arapça muḳriż,
muktebes,"Yararlanmak için alınmış, aktarılmış",Arapça muḳtebes,
muktedir,"Bir şeyi yapmaya, başarmaya gücü yeten; erkli, kadir (II)",Arapça muḳtedir,
multipleks,"Aynı zamanda, aynı hat üzerinde birçok iletişimi bir arada sağlayan veya bu özellikte olan (alet)",Fransızca multiplex,mu'ltipleks
mumlu,"Mumu olan, mum konulmuş olan | Muma batırılmış, mumla hazırlanmış olan",,
mum direk,"Çok uslu, yaramazlık yapmayan (çocuk)",,
mundar,343 murdar,,
munis,"Alışılan, alışılmış | Uygulanabilir",Arapça mūnis,mu:nis
munkabız,"Büzülmüş, toplanmış | Pekliği olan, peklik çeken | Verimsiz olan, işe yaramaz",Arapça munḳabiż,
munkalip,"Değişmiş, dönüşmüş olan",Arapça munḳalib,
muntazam,"Düzenli olarak, düzgün biçimde | Düzenli aralıklarla, sürekli olarak",Arapça muntaẓam,
muntazır,"Bekleyen, gözleyen",Arapça muntaẓir,
murassa,"Değerli taşlarla bezenmiş, cevherlerle süslenmiş",Arapça muraṣṣaʿ,murassa:
murdar,Cinsel birleşmeden sonra yıkanmamış (kimse) | Dinî kurallara uygun olarak kesilmemiş olan (hayvan),Farsça murdār,
muris,Miras bırakan,Arapça mūris̱,mu:ris
musaffa,"Temizlenmiş, arıtılmış",Arapça muṣaffā,musaffa:
musallat,Bir kimse veya şeyin üzerine bıktıracak kadar düşen (kimse),Arapça musallaṭ,
musalli,Beş vakit namazını sürekli olarak kılan,Arapça muṣallī,musalli:
musap,"Başına bir kötülük, felaket gelmiş olan | Hastalığa yakalanmış, tutulmuş, uğramış",Arapça muṣāb,
musavver,"Zihinde tasarlanmış, düşünülmüş olan",Arapça muṣavver,
musır,"Bir söz veya düşüncede direnen, ayak direyen (kimse)",Arapça muṣirr,
musikişinas,Müzikle uğraşan,Arapça mūsīḳī + Farsça -şinās,mu:siki:şinas
musluklu,Musluğu olan,,
musluksuz,Musluğu olmayan,,
mustarip,343 muzdarip,Arapça mużṭarib,
muşambalı,Muşambası olan,,
muşambasız,Muşambası olmayan,,
muşmula suratlı,Asık suratlı olan (kimse),,
muştulu,Muştusu olan; müjdeli,,
mutabık,"Birbirine uyan, karşılıklı olarak anlaşmaya varan, birbiriyle uzlaşan",Arapça muṭābiḳ,muta:bık
mutasavver,"Tasarlanmış, düşünülmüş",Arapça mutaṣavver,
mutazarrır,"Zarar görmüş, zarara uğramış",Arapça mutażarrir,
mutçu,Mutçuluk öğretisini benimseyen; evdemonist [felsefe],,
muteber,"İnanılır, güvenilir",Arapça muʿteber,mu:teber
mutekit,"Bir şeye inanan, itikat eden (kimse) | Dinine bağlı, imanlı, dindar (kimse)",Arapça muʿteḳid,mu:tekit
mutena,"Özenilmiş, özenli bir biçimde yapılmış",Arapça muʿtenā,mu:tena:
muteriz,İtiraz eden (kimse) [hukuk],Arapça muʿteriż,mu:teriz
mutlak,"Kendi başına var olan, hiçbir şeye bağlı olmayan; saltık [felsefe]",Arapça muṭlaḳ,
mutlu,"Yaşadıklarından veya karşılaştıklarından dolayı hoşnutluk içinde bulunan; ongun (I), saadetli, bahtiyar, berhudar, hümayun, mesut | Mutluluk veren",,
mutluca,Mutlu olmaya yakın | (mutlu'ca) Mutlu bir biçimde,,
mutmain,"İnanmış, gönlü kanmış, emin olan",Arapça muṭmaʾin,
mutsuz,"Mutlu olmayan; bedbaht, saadetsiz",,
muttali,"Öğrenmiş, haber almış, bilgi edinmiş",Arapça muṭṭaliʿ,muttali:
muvaffak,"Başarmış, başarılı (kimse)",Arapça muvaffaḳ,
muvahhit,Tanrı'nın birliğine inanan,Arapça muvaḥḥid,
muvazenesiz,"Ne yaptığını bilmeyen, bir sözü bir sözünü, bir davranışı bir başka davranışını tutmayan",,
muzaffer,"Bir mücadelede üstünlük elde etmiş; utkulu | Savaşta zafer kazanmış, yenmiş; utkulu",Arapça muẓaffer,
muzdarip,Izdırap ve acı çeken,Arapça mużṭarib,
muzır,"Her şeyi bozan, karıştıran, zararlı işler yapan (çocuk) | Cinsel gelişmeye zararı olan | Sağlığı bozan",Arapça mużirr,
muzip,"İnsanı, şaka yollu üzecek veya uğraştıracak davranışlarda bulunmayı huy edinmiş olan; takılgan",Arapça muʿẕib,mu:zip
muzmahil,"Çökmüş, çöküntüye uğramış",Arapça mużmaḥill,
muzsu,"Muzu andıran, muza benzeyen, muz gibi; muzumsu",,
muztar,Bir şeyi yapmak zorunda kalmış olan | Çaresiz kalmış olan,Arapça mużṭarr,
muzur,343 muzır,Arapça mużirr,
mübah,"Dinî bakımdan yapılmasında sakınca olmayan, yapılması günah veya sevap olmayan [din bilimi] | Yapılmasında sakınca görülmeyen",Arapça mubāḥ,
mübarek,"Çok saygı duyulan | Beğenilen, sevilen kimse veya şeyler için söylenen bir söz | Kızılan, şaşılan (kimse veya şey)",Arapça mubārek,müba:rek
mübeşşir,"Muştu veren, müjde getiren (kimse)",Arapça mubeşşir,
mübrem,"Çok gerekli olan, kaçınılmaz, vazgeçilmez",Arapça mubrem,
mücehhez,"Bir işin olması için gerekli olan malzeme ile donanmış, donatılmış, teçhiz edilmiş | Bir işin olması için hazır duruma getirilmiş, hazırlanmış",Arapça mucehhez,
mücerrep,"Tecrübe edilmiş, denenmiş, sınanmış",Arapça mucerreb,
mücessem,Cisim durumunda olan | Soyut kavramlar için somut bir varlıkta tam olarak belirmiş olan,Arapça mucessem,
mücevherli,Mücevher takınmış olan,,
mücmel,"Özet olarak anlatılmış, kısa ve özlü",Arapça mucmel,
müdahil,"Karışan, araya giren, el atan | Davaya müdahale eden; katılan [hukuk]",Arapça mudāḫil,müda:hil
müdavi,"Hastaya bakan, tedavi eden (kimse)",Arapça mudāvī,müda:vi:
müdavim,"Bir yere sürekli olarak giden (kimse); devamcı, gedikli | Bir işi sürekli yapan (kimse); gedikli",Arapça mudāvim,müda:vim
müdellel,"Kanıtlanmış, kanıtlı | Kanıta dayanarak",Arapça mudellel,
müdevven,"Bir araya getirilerek divan durumunda toplanmış (şiir vb.) | Bir araya toplanmış, düzenlenmiş",Arapça mudevven,
müdrik,"Anlamış, idrak etmiş olan | Anlık (II) [ruh bilimi]",Arapça mudrik,
müebbet,"Sonu olmayan | Yaşadıkça süren, ömür boyunca olan",Arapça muʾebbed,
müeccel,"İleriye atılmış, ertelenmiş",Arapça muʾeccel,
müemmen,Emniyete alınmış (kimse) | Güvenilir (kimse),Arapça muʾemmen,
müesses,"Kurulu, kurulmuş",Arapça muʾesses,
müessif,"Üzücü, üzüntü veren | Hoşa gitmeyen, kötü (olay, durum)",Arapça muʾessif,
müferrih,"İç açıcı, ferahlık verici",Arapça muferriḥ,
müfessir,"Kısa ve anlaşılması güç bir metni açıklayan, açıklığa kavuşturan, metnin anlam ve amacı üstünde yorumda bulunan (kimse) | Kur'an'ı yorumlayan (kimse)",Arapça mufessir,
müfit,"Anlatan, ifade eden",Arapça mufīd,
müflis,İflas eden; batkın [hukuk],Arapça muflis,
müfrez,Bir bütünden ayrılmış,Arapça mufrez,
müftehir,"Bir şeyi övünç bilerek onunla sevinen, övünen, iftihar eden",Arapça mufteḫir,
müheyyiç,"Coşturucu, heyecan verici",Arapça muheyyic,
mühlik,"Öldürücü, tehlikeli",Arapça muhlik,
mühmel,"Bırakılmış, bakılmamış, ilgisizliğe uğramış",Arapça muhmel,
mühreli,Mühre ile cilalanmış,,
mühürlü,Mühür basılmış | Mühürle kapatılmış,,
mühürsüz,Mührü olmayan | Mühür basılmamış olan,,
mühür gözlü,"Koyu renkte, iri, beğenilen gözleri olan (kimse)",,
mükedder,Kederli biçimde,Arapça mukedder,
mükemmel,"Olgunlaşmış | Çok güzel, harikulade olan | Eksiksiz, kusursuz, harikulade bir biçimde",Arapça mukemmel,
mükemmeliyetçi,Her şeyin mükemmel olmasını isteyen (kimse) | Ahlaki olgunluğa erişmeyi amaç edinen (kimse) [felsefe] | Mükemmel olma yolunda aşırı çaba sarf eden (kimse) [ruh bilimi],,
müktesep,"Kazanılmış, edinilmiş",Arapça mukteseb,
mülaki,"Buluşan, kavuşan, görüşen",Arapça mulāḳī,"müla:ki:, l ince okunur"
mülayim,"Yumuşak huylu | Ilıman (hava) | Uygun, hoş görülebilir",Arapça mulāyim,"müla:yim, l ince okunur"
mülga,"Yürürlükten kaldırılan, kapatılan",Arapça mulġā,mülga:
mülhem,"İçe doğmuş, birinin içine doğmuş, esinlenmiş",Arapça mulhem,
mülhit,"Allah’ı inkâr eden, dinsiz, imansız (kimse) | Doğru yoldan çıkmış",Arapça mulḥid,
mülki,Bir ülkeyle ilgili olan | Ülke yönetimine ilişkin | Asker sınıfı dışında kalan,Arapça mulkī,mülki:
mülklü,Mülkü olan,,
mülksüz,Mülkü olmayan,,
mümkün,Gerçekleşme imkânı bulunan; olası,Arapça mumkin,
mümteni,"Bir şeyi yapmaktan çekinen, kaçınan | Olamaz, olmayacak",Arapça mumteniʿ,mümteni:
münafık,Dinî kurallara inanmadığı hâlde inanmış gibi görünen,Arapça munāfiḳ,müna:fık
münasebetli,"Uygun, yakışık alan",,
münasebetsiz,"Yakışıksız iş gören, sıra, saygı gözetmeyen (kimse)",,
münasip,"Beğenilen, hoşa giden",Arapça munāsib,müna:sip
müncer,Bir yana doğru çekilip sürüklenen,Arapça muncerr,
münderiç,Bir şeyin içinde yer almış,Arapça munderic,
münebbihli,Uyarı sistemi olan,,
münebbihsiz,Uyarı sistemi olmayan,,
münevver,Aydınlatılmış | Aydın kimse,Arapça munevver,
münezzeh,"Eksiklik, kötülük vb.nden uzak olan | İnsanlara özgü her türlü sıfat ve noksanlıktan uzak olan, hiçbir şeye ihtiyacı olmayan (Allah) [din bilimi]",Arapça munezzeh,
münfail,"Gücenmiş, alınmış, kırgın",Arapça munfaʿil,
münferit,Tek başına olan,Arapça munferid,
münfesih,"Bozulmuş, dağılmış, feshedilmiş",Arapça munfesiḫ,
münhal,"Eriyebilen, çözülebilen [kimya]",Arapça munḥall,
münharif,"Bir tarafa sapmış, doğruluğunu yitirmiş",Arapça munḥarif,
münhezim,"Bozguna uğramış, bozulmuş, yenilmiş",Arapça munhezim,
münkesir,"Kırgın, gücenmiş",Arapça munkesir,
münkir,"İnkâr eden, kabul etmeyen | Tanrı'nın varlığına inanmayan, Tanrı'nın varlığını inkâr eden (kimse)",Arapça munkir,
münşi,"Mektup türünde usta ve başarılı olan, inşası güçlü (kimse) [edebiyat]",Arapça munşī,münşi:
müntehir,"Kendini öldüren, intihar eden",Arapça munteḥir,
müntesip,"Bir yere, birine bağlanmış, kapılanmış, intisap etmiş olan (kimse)",Arapça muntesib,
münteşir,"Yaygın, yayılmış | Yayımlanan, yayımlanmış olan (gazete, dergi vb.)",Arapça munteşir,
münzevi,"Topluluktan kaçan, yalnız başına kalmayı seven",Arapça munzevī,münzevi:
müphem,Açık ve belirgin olmaksızın,Arapça mubhem,
müptela,"Tutulmuş | Âşık, vurgun",Arapça mubtelā,"müptela:, l ince okunur"
müptezel,Saygınlığını yitirmiş | Çok bulunmasından dolayı değerini yitiren; değersiz,Arapça mubteẕel,
mürekkep,"İki veya daha fazla şeyin karışmasından oluşan, birden çok ögeden veya parçadan oluşan, sade ve düz olmayan; bileşik | -den oluşmuş",Arapça murekkeb,
mürekkepli,"Mürekkep (II) sürülmüş, dökülmüş veya damlatılmış olan | İçine mürekkep (II) konularak kullanılan",,
mürekkepsiz,Mürekkebi (II) olmayan,,
mürettep,"Gizli bir amaçla düzenlenmiş, yapılmış (iş) | Sonradan düzenlenmiş, derlenmiş",Arapça muretteb,
mürt,Ölmüş (hayvan),Farsça murd,
mürtekip,"Para, kazanç karşılığı olarak kötü, uygunsuz işler çeviren (kimse)",Arapça murtekib,
mürtet,Müslümanlığı bırakıp başka bir dine geçmiş olan (kimse),Arapça murtedd,
müsadif,Rastlayan,Arapça muṣādif,müsa:dif
müsait,"Uygun, elverişli olan",Arapça musāʿid,müsa:it
müsebbip,"Bir şeyin olmasına, yapılmasına sebep olan, yol açan (kimse veya şey)",Arapça musebbib,
müseccel,"Kütüğe geçirilmiş, tescil edilmiş; sicilli",Arapça museccel,
müsellem,"Doğruluğu tartışılamayacak kadar açık olan, tersi savunulamayan, inkâr edilemeyen",Arapça musellem,
müselsel,"Birbirine bağlı olan, art arda zincirleme olarak gelen",Arapça muselsel,
müsemma,"Ad verilmiş, adı olan",Arapça musemmā,müsemma:
müsmir,Sonuç veren,Arapça mus̱mir,
müsnet,"Yüklenmiş olan, dayandırılan, isnat olunan | (Hz. Muhammed’in söz ve eylemleri için) Peygamberin arkadaşlarından birinin tanıklığına kadar götürülebilen | Aruz ölçüsünde kapalı hece [edebiyat]",Arapça müsned,
müstafi,"Kendi isteğiyle işinden çekilmiş, istifa etmiş",Arapça mustaʿfī,müstafi:
müstağni,Nazlı davranan,Arapça mustaġnī,müstağni:
müstahkem,"Berkitilmiş, sağlamlaştırılmış, tahkim edilmiş",Arapça mustaḥkem,
müstait,"Doğuştan yetenekli, kabiliyetli olan",Arapça mustaʿidd,
müstakbel,"İleri bir tarihte beklenen, ilerideki; gelecek",Arapça mustaḳbel,
müstakil,Kullanış yönünden başka bir yapı ile bağlantısı olmayan; bağımsız | Kullanış yönünden belli kişi veya kişiler için ayrılmış olan,Arapça mustaḳill,
müstakim,Doğruluktan şaşmayan,Arapça mustaḳīm,
müstamel,Kullanılmış olan,Arapça mustaʿmel,müsta:mel
müstebat,"Olacağı sanılmayan, uzak görülen",Arapça mustebʿad,
müstefit,Yararlanan,Arapça mustefīd,
müstehcen,"Açık saçık, edebe aykırı, yakışıksız",Arapça mustehcen,
müstehzi,Alaycı bir biçimde,Arapça mustehzī,müstehzi:
müstekbir,"Kibirlenen, kendini büyük gören (kimse)",Arapça müstekbir,
müstelzim,"Gerektiren, gerekli kılan | Gerekli olan, gereken",Arapça mustelzim,
müstenit,Dayanan,Arapça mustenid,
müsterih,"Bütün kaygılardan kurtulup gönlü rahata kavuşan, içi rahat olan",Arapça musterīḥ,
müstesna,"Bir bütünün veya kuralın dışında olan | Benzerlerinden üstün olan, benzerleri az bulunan | Dışında, ayrı, hariç tutularak",Arapça mustes̱nā,müstesna:
müstevli,"Bir yeri istila eden, yönetimi altına alan (kimse, devlet, ordu vb.)",Arapça mustevlī,müstevli:
müsveddelik,Müsvedde yapmaya elverişli,,
müşebbeh,"Bir şeyle arasında benzerlik bulunan, benzetilen",Arapça muşebbeh,
müşekkel,"Biçim verilmiş | İri, gösterişli",Arapça muşekkel,
müşerref,Onur verilerek yüceltilmiş,Arapça muşerref,
müşevvik,"Arzusunu çoğaltan, isteğini artıran | Ayartan, kışkırtan, önayak olan",Arapça muşevviḳ,
müşkülatlı,"Güçlüğü olan, zorluk içinde olan",,
müşkülpesent,Bir işi yapmamak için türlü bahaneler uyduran,Arapça muşkil + Farsça -pesend,
müşrik,Tanrı'ya ortak koşan,Arapça muşrik,
müştak,"Özleyen, göreceği gelen",Arapça muştāḳ,müşta:k
müşterek,"Ortaklaşa, el birliğiyle yapılan veya hazırlanan | Ortaklaşa kullanılan | Ortaklaşa, birlikte",Arapça muşterek,
müteakip,"-den sonra | Arkadan gelen, ardı sıra gelen",Arapça muteʿāḳib,mütea:kip
müteammim,"Yaygın duruma gelmiş, genelleşmiş",Arapça muteʿammim,
mütebahhir,"Geniş, derin bilgisi olan",Arapça mutebaḥḥir,
mütebeddil,"Bir kararda durmayan, değişen",Arapça mutebeddil,
mütebessim,Gülümseyen; güleç,Arapça mutebessim,
mütecasir,"Yeltenen, cüret eden",Arapça mutecāsir,müteca:sir
mütecaviz,"-den çok, -i aşan",Arapça mutecāviz,müteca:viz
mütecessis,"Gizliyi arayan, gizliyi gözetleyen",Arapça mutecessis,
mütedair,"Ait, için, dolayı, üzerine, ... ile ilgili",Arapça mutedāʾir,müteda:ir
mütedavil,"Tedavülde bulunan, elden ele gezen",Arapça mutedāvil,müteda:vil
müteessif,"Üzülen, esef eden | Acınan, yerinen",Arapça muteʾessif,
müteessir,Etkilenmiş,Arapça muteʾes̱s̱ir,
müteferrik,"Birbirinden ayrılmış, dağılmış olan",Arapça muteferriḳ,
mütehakkim,"Hâkim olan, hükmeden | Zorbalık eden, hükmünü zorla yürüten",Arapça muteḥakkim,
müteharrik,"İşleyen, çalışan",Arapça muteḥarrik,
mütehassis,Duygulanmış olan,Arapça muteḥassis,
mütehayyil,Hayale dalmış,Arapça muteḫayyil,
mütehayyir,"Şaşmış, şaşırmış olan",Arapça muteḥayyir,
mütekâmil,"Olgunlaşmış, gelişmiş, gelişkin",Arapça mutekāmil,mütekâ:mil
mütekâsif,"Yoğunlaşmış, koyulaşmış",Arapça mutekās̱if,mütekâ:sif
mütelezziz,"Lezzet bulan, tat alan, mutlu olan, hoşlanan",Arapça muteleẕẕiẕ,
mütemayiz,"Kendini gösteren, sivrilen",Arapça mutemāyiz,mütema:yiz
mütemmim,"Tamamlayan, bütünleyen, bitiren",Arapça mutemmim,
mütenakıs,"Gittikçe azalan, eksilen",Arapça mutenāḳiṣ,mütena:kıs
mütenebbih,"Aklını başına toplamış, akıllanmış, uslanmış",Arapça mutenebbih,
müteneffir,"İğrenmiş, tiksinmiş | İğrenmiş, tiksinmiş bir biçimde",Arapça muteneffir,
mütenekkir,"Kılık değiştiren, takma ad kullanan, kendini tanıtmak istemeyen",Arapça mutenekkir,
müterakim,"Birikmiş, toplanmış, yığılmış",Arapça muterākim,mütera:kim
müterakki,"İleri, ilerlemiş",Arapça muteraḳḳī,müterakki:
mütercem,"Çevrilmiş, tercüme edilmiş",Arapça mutercem,
mütereddi,Soysuzlaşmış,Arapça mutereddī,mütereddi:
mütesanit,Dayanışma içinde olan (kimse),Arapça mutesānid,mütesa:nit
müteselli,"Üzücü, yorucu veya bıktırıcı bir durum karşısında avunan (kimse)",Arapça mutesellī,müteselli:
müteşekkil,"Oluşmuş, meydana gelmiş",Arapça muteşekkil,
müteşekkir,"Teşekkür etme durumunda olan, teşekkür borçlu olan",Arapça muteşekkir,
mütevakkıf,Gerçekleşmesi bir şeye bağlı bulunan,Arapça mutevaḳḳif,
mütevazi,Birbirine paralel olan,Arapça mutevāzī,müteva:zi:
müteveccih,"Bir yere gitmeye, bir şeyi yapmaya karar veren",Arapça muteveccih,
mütevekkil,"Her işini Tanrı'ya veya oluruna bırakmış, kadere boyun eğmiş",Arapça mutevekkil,
mütevellit,"Doğmuş, dünyaya gelmiş | Meydana gelmiş, ileri gelmiş",Arapça mutevellid,
mütezayit,"Artan, çoğalan",Arapça mutezāyid,müteza:yit
müthiş,"Çok rahatsız eden, dayanılmaz | Şaşılacak kadar değişik | ""Ne acayip şey"" anlamında kullanılan bir söz",Arapça mudhiş,
müttehit,"Birlik durumuna gelmiş, birlik olmuş; birleşik",Arapça mutteḥid,
müyesser,Kolaylıkla ortaya çıkan,Arapça muyesser,
müzahir,"Yardımcı, destekleyici, arkalayan, arka çıkan",Arapça muẓāhir,müza:hir
müzebzep,"Çok karışık | Bir şeye karar veremeyen, tereddüt eden | Elinden iş gelmeyen (kimse)",Arapça muẕebẕeb,
müzehhep,"Altın suyuna batırılmış olan | Yaldızla süslenmiş, yaldızlanmış",Arapça muẕehheb,
müzelik,"Müzeye konulacak değerde veya eskilikte olan | Eskimiş, köhnemiş olan",,
müzeyyen,"Süslenmiş, bezenmiş olan",Arapça muzeyyen,
müziç,"Bunaltıcı, tedirgin edici",Arapça muzʿic,
müzikli,"Bazı bölümlerinde müzik kullanılan (film, oyun)",,
müzikolojik,Müzik bilimi ile ilgili,Fransızca musicologique,l ince okunur
müziksel,Müzik özellikleri taşıyan,,
müziksever,"Müzik tutkusu olan, müziği seven (kimse)",Fransızca musique + Türkçe sever,müzi'ksever
müziksiz,Müziği olmayan | Herhangi bir müzik parçası çalınmayan,,
nabekâr,"Yararsız, işe yaramaz | Serseri, haylaz, avare, işsiz",Farsça nā + Arapça bekār,na:bekâr
naçar,"Çaresi olmayan; çaresiz | Zavallı, düşkün",Farsça nāçār,na:çar
naçiz,"Değersiz, önemsiz olan",Farsça nāçīz,na:çiz
nadan,"Bilgisiz, cahil",Farsça nādān,na:dan
nadaslı,Nadasa bırakılmış,,
nadaslık,Nadas için ayrılmış,,
nadide,"Az görülür, görülmedik, seyrek görülen",Farsça nādīde,na:di:de
nadim,Yaptığı bir davranıştan pişmanlık duyan; pişman,Arapça nādim,na:dim
nadir,Az bulunur; turfa,Arapça nādir,na:dir
nafiz,"Delip geçen | İçe işleyen | Sözü geçen, etkili olan",Arapça nāfiẕ,na:fiz
naftalinli,Naftalinlenmiş,,
nağmeli,Nağmesi olan,,
nağmesiz,Nağmesi olmayan | Nağmesi olmadan,,
nahak,"Haksız, gereksiz",Farsça nā + Arapça ḥaḳḳ,na:hak
nahif,"İnce, duygulu, hassas olan",Arapça naḥīf,
nahoş,"Hoş olmayan, hoşa gitmeyen, kötü, çirkin",Farsça nāḫoş,na:hoş
nail,"Erişmiş, ele geçirmiş, başarmış, kazanmış, ulaşmış",Arapça nāʾil,na:il
nakaratlı,Nakaratı olan,,
nakaratsız,Nakaratı olmayan,,
nakışlı,Nakşı olan,,
nakışsız,Nakşı olmayan | Nakşı olmaksızın,,
naklî,"Taşıma ile ilgili olan | Nakle dayanan, anlatılan, söylenen (gerçek)",Arapça naḳlī,nakli:
nalan,"İnleyici, inleyen",Farsça nālān,"na:la:n, l ince okunur"
nalayık,"Yakışıksız, hoş olmayan",Farsça nā + Arapça lāyiḳ,"na:la:yık, l ince okunur"
nalçalı,Nalçası olan,,
nalçasız,Nalçası olmayan,,
nalekâr,"İnleyen, iniltili",Farsça nālekār,na:lekâr
nallı,"Ayaklarında nal bulunan (at, eşek vb.)",,
nalsız,"Ayaklarında nal bulunmayan (at, eşek vb.)",,
namağlup,"Mağlup olmamış, hiçbir yenilgi almamış, yenilgisiz",Farsça nā + Arapça maġlūb,"na:mağlup, l ince okunur"
namahrem,Evlenmelerinde yasa bakımından sakınca olmayan (kadın ve erkek),Farsça nā + Arapça maḥrem,na:mahrem
namert,"Korkak, alçak, mert olmayan",Farsça nāmerd,na:mert
namertçe,"Korkakça, mert olmayan | (name'rtçe) Korkakça, mert olmayan bir biçimde",,
namevcut,"Mevcut olmayan, bulunmayan; yok",Farsça nā + Arapça mevcūd,na:mevcut
namlı şanlı,Çok ünlü,,
namlulu,Namlusu olan,,
namlusuz,Namlusu olmayan,,
namuslu,Ahlak kurallarına uygun olarak davranan; namuskâr | Olması gerektiği gibi,,
namussuz,"Ahlak kurallarına uygun davranmayan, ahlak kurallarını çiğneyen; kaltaban | Kızgınlıkla söylenen bir söz | Ahlak kurallarına uygun davranmayarak, ahlak kurallarını çiğneyerek",,
namussuzca,Namussuz bir biçimde; namussuzcasına | Namussuza yakışır,,na:mussu'zca
namüsait,Uygun olmayan; elverişsiz,Farsça nā + Arapça musāʿid,na:müsa:it
namütenahi,Sonsuz bir biçimde,Farsça nā + Arapça mutenāhī,na:mütena:hi:
naneli,Nanesi olan | İçinde nane ruhu olan,,
nanemolla,"Çok sık hastalanan, sağlıksız (kimse) | İşten kaçınan, üşengeç | Güçsüz, dayanıksız (kimse)",,
nanesiz,Nanesi olmayan | İçinde nane ruhu olmayan,,
nankörce,Nanköre yakışır | (nankö'rce) Nankör bir biçimde; nankörcesine,,
nanoteknolojik,Nanoteknoloji ile ilgili,İngilizce nano + Fransızca technologique,l ince okunur
Napoliten,Napoli’ye özgü,İtalyanca napoletano,
narin,"İnce yapılı; yepelek, nazenin",Farsça nārīn,na:rin
narkotik,"Kolluk kuvvetleri bünyesinde uyuşturucu madde yapımı, satışı ve kullanımını önlemek ve mücadele etmek amacıyla oluşturulmuş özel birim",Fransızca narcotique,
nasıl,"Bir işin ne biçimde, hangi yolla olduğunu belirtmek için kullanılan bir söz; ne (II), nice, nite | Bir hareketin yapılış biçimine duyulan şaşkınlığı belirten bir söz | İşin zorunlu olduğunu belirten bir söz | Ne kadar çok | Elbette, kesinlikle | ""Ben sana dememiş miydim, gördün mü?"" anlamlarında kullanılan bir söz | ""Ne dediniz?"" veya ""iyi mi, beğendiniz mi?"" anlamlarında kullanılan bir söz | Ne gibi, ne türlü",Türkçe ne + Arapça aṣl,na'sıl
nasırlı,"Nasırı olan, nasır bağlamış, nasırlaşmış",,
nasırsız,Nasırı olmayan,,
nasipli,Her istediğine kolayca ulaşan,,
nasipsiz,İstediğine ulaşamayan,,
naşad,"Üzüntülü, kederli, mahzun",Farsça nāşād,na:şad
natamam,"Tamamlanmamış, bitmemiş",Farsça nā + Arapça tamām,na:tamam
natıkalı,Düzgün ve iyi konuşan,,
natıkasız,Natıkası olmayan,,
nato,"""Söz dinlemez, söz anlamaz, taş gibi kafa"" anlamlarındaki nato kafa, nato mermer deyiminde geçen bir söz",Rumca,na'to
natuk,"Düzgün, güzel ve kolaylıkla söz söyleyen",Arapça naṭūḳ,
nazarlı,Nazara uğrayan,,
nazenin,"Üstüne titrenerek çok şımarık, nazlı yetiştirilmiş, şımartılmış | Nazlı, genç ve güzel kadın",Farsça nāzenīn,na:zenin
nazik,"Başkalarına karşı saygılı davranan | İnce yapılı, narin | Özen, dikkat gösterilmezse kırılabilen, bozulabilen, kötüleşebilen | Gerekli önlemler alınmadığında daha kötü olan; kritik | Dikkat isteyen, özen gerektiren; tetik (II)",Farsça nāzuk,na:zik
nazikçe,"Nazik, ince, saygılı | (na:zi'kçe) Nazik, ince, saygılı bir biçimde; nazikâne",,
nazil,"İnen, inmiş | Konaklayan",Arapça nāzil,na:zil
nazirsiz,"Benzersiz, eşsiz",,
Nazist,Nazizm yanlısı; Hitlerci,Fransızca naziste,
nazlı,"Kolayca gönlü olmayan, kendini ağır satan, ısrar bekleyen; nazende, nazenin | Özen isteyen; nazik | Sağlığını, dayanıklılığını çabuk yitiren | Üstüne titrenilerek, değer verilerek",,
ne,"Hangi şey | Her şey | Birçok şey | Şaşma veya abartı bildiren bir söz | ""Bana ne, sana ne, ona ne"" gibi sorularda ""ne ilgisi var"" anlamına gelen bir söz | Soru biçiminde şaşma bildiren bir söz",,
nebevi,"Peygamberle ilgili, peygambere ilişkin",Arapça nebevī,nebevi:
necip,Soyu temiz olan,Arapça necīb,
nedensel,"Nedenle ilgili olan, sebep niteliğinde olan; illî [felsefe]",,
neden bilimsel,"Neden bilimi ile ilgili; sebep bilimsel, etiyolojik",,
nefesi kuvvetli,Okuduğu dualar etkili olan (kimse); nefesi keskin,,
nefesli,Soluk alıp vermeden uzunca bir zaman durabilen | Nefesi güçlü olan,,
nefes kesici,"Heyecanlı, coşkulu | Çok güzel",,
nefis,"Pek hoş, çok güzel",Arapça nefīs,
nefsine düşkün,"Dünya nimetlerine, bedensel hazlara düşkün",,
nefsî,"Canlılığın zorunlu kıldığı gereksinim ve isteklerle ilgili, beden arzularıyla ilgili; nefsani",Arapça nefs + -î,
neftîmsi,"Rengi neftîyi andıran, neftîye benzeyen",,
nehari,Gündüzlü olarak,Arapça nehārī,neha:ri:
nekrolojik,Nekroloji ile ilgili,Fransızca nécrologique,l ince okunur
nekrotik,Nekroz görünümünde veya durumunda olan,Fransızca nécrotique,
neli,"Genellikle yiyecek, içecek içinde veya içeriğinde bulunan şeyi sorarken kullanılan söz",,
nemcil,Nemden ve nemli yerden hoşlanan (bitki); higrofil [bitki bilimi],,
neme lazımcı,İlgilenilmesi gereken şeylerle ilgilenmekten kaçınan; neme gerekçi,,
nemli,"Nemi olan, az ıslak; rutubetli, ratıp, kuru karşıtı | Yaşlı (göz)",,
nemrut,"Yüzü gülmeyen | Acımaz, can yakıcı | Aksi, huysuz",Arapça nemrūd,
neoklasik,Neoklasisizm yanlısı | Neoklasisizm anlayışıyla ortaya konmuş (eser),Fransızca néoclassique,"neo'klasik, l ince okunur"
neoliberal,Bir yandan devletin piyasaya olan müdahalesini en az düzeye indirirken diğer yandan kuralsızlık teorisi ile özel sermayeye her türlü imkânın sağlanmasını hedefleyen (sistem) [ekonomi],Fransızca neolibéral,l ince okunur
neolitik,Taş Devri'nin son çağı ile ilgili [tarih],Fransızca néolithique,neo'litik
neozoik,Üçüncü ve Dördüncü zamanla Çağ ile  ilgili [jeoloji],Fransızca néozoïque,neo'zoik
nereli,Birinin memleketini sormak için kullanılan bir söz,,ne'reli
neritik,Kıyılarda oluşan tortullarla ilgili [coğrafya],Fransızca néritique,
nervürlü,Nervürü olan,,
nesebi gayrisahih,Yasal olmayan bir birleşme sonunda doğan (çocuk) [hukuk],,
nesebi sahih,Kanuna uygun bir evlenme sonunda doğan (çocuk) [hukuk],,
nesnel,"Nesne ile ilgili, nesneye ilişkin; objektif,  öznel karşıtı | Gerçeğe varmak amacıyla, taraf tutmadan inceleme yapan, hüküm veren; objektif | Bireyin kişisel görüşünden bağımsız olan, objektif [felsefe]",,
nesnelci,Nesnelcilik yanlısı olan; objektivist [felsefe],,
nesnesel,Nesneye ilişkin,,
neşeli,"Neşesi olan; keyifli, pürneşe | Neşeyle",,
neşesiz,Neşesi olmayan; keyifsiz | Sevinçsiz bir biçimde,,
net,"Bütün çizgileri belirgin olan, gözün bütün ayrıntılarıyla algılanan, iyi görünen | İyi duyulan (ses) | Kesintilerden sonra geri kalan miktarda olan; safi | Açık seçik olan, anlaşılmaz yanı bulunmayan",Fransızca net,
netameli,"Gizli bir tehlikesi olduğu sanılan, tekin olmayan | Başına sık sık kaza gelen",,neta:meli
nevazişli,İçinde iltifat bulunan gönül alan; nüvazişli,,
nevi şahsına münhasır,Kendine özgü davranış ve karakteri olan (kimse),,
nevmit,Umutsuz bir biçimde,Farsça nevmīd,
nevraljik,"Nevraljiyle ilgili, nevralji türünden olan [tıp]",Fransızca névralgique,
nevrozlu,Nevroz hastalığına yakalanmış,,
nevzuhur,"Son zamanlarda ortaya çıkmış olan, yeni zuhur eden",Farsça nev + Arapça ẓuhūr,ne’vzuhur
neyzen bakışlı,Boynunu yana çarpıtarak bakan,,
nezaketli,"İnce, nazik",,
nezaketsiz,Nazik olmayan,,
nezaretli,"Görünüşlü, görüntüye sahip; manzaralı",,
nezaretsiz,Görüntüsü olmayan; manzarasız,,
nezih,"Kötülüklerden uzak, temiz, şık (yer, ortam) | Kötülükten, kabalıktan uzak olan (kimse) | Temiz ahlaklı",Arapça nezīh,
nezleli,Nezlesi olan,,
ne ... ne ...,"Cümledeki ögeleri veya cümleleri birbirine bağlayan ve olumsuzluk anlamı veren tekrarlı söz, hem ... hem ... karşıtı | Ne ile bağlanan özne veya cümlelerden önceki fiiller aşağıda gösterilen durumlarda olumsuz kullanılırlar: a) fiil, ne ile bağlanan özne veya cümlelerden önce gelirse: Gelmediler ne annem ne babam. b) ne'li cümlenin fiili şartlı olursa: Sen ne yaz ne kış dinlemezsen çabuk çökersin. c) fiilden önce olumsuz bir anlam veren bir ünlem veya zarf bulunursa: Ne tütüne ne içkiye sakın alışmayın. Ne İzmir'e ne Bursa'ya gitti. ç) -diği, -inceye kadar, -ince, -dikçe, -dikten sonra veya -den önceki biçimindeki zarf-fiillerle: Ne memlekette konuşulan dili ne oranın âdetlerini bilmediğinden çok zahmet çekti. Ne çay ne kahve içmeyeli rahat ettim. Ne parası ne malı kalmayıncaya kadar saçtı savurdu. Ne kitabı ne defteri bulamayınca kızdı. Ne sigara ne içki içmedikçe korkmasın. Ne sen ne o gelmedikten sonra (veya gelmeden önce) ben yalnız ne yapayım? | İki sıfat veya sıfat durumunda olan iki kelimenin başına getirildiğinde iki kavramın ortalaması olan üçüncü bir kavram anlatan bir söz | Çokluk, güzellik vb. anlatan bir söz",Farsça ne ... ne ...,
nice,"Kaç, ne kadar | (ni'ce) ► nasıl | (ni'ce) Uzun süreden beri",,
nicel,"Nicelik bakımından, nicelikle ilgili; kantitatif",,
nice nice,Pek çok,,
niçinli,"Herhangi bir soruya gerek duyan; nedenli | ""Niçin"" sözünü kullanan; nedenli | Herhangi bir soruya gerek duyarak; nedenli | ""Niçin"" sözünü kullanarak; nedenli",,
niçinsiz,Herhangi bir soruya gerek duymayan; nedensiz | “Niçin “sözünü kullanmayan; nedensiz | Herhangi bir soruya gerek duymadan; nedensiz | “Niçin” sözünü kullanmadan; nedensiz,,
nihai,"İşi sona erdiren, işi kesen",Arapça nihāʾī,niha:i:
nihayetsiz,"Sonsuz, sonu gelmez, bitip tükenmez",,
nihilist,"Nihilizm yanlısı olan; hiççi, yokçu [felsefe]",Fransızca nihiliste,
nikelli,Birleşiminde nikel bulunan | Nikelle kaplanmış,,
nikelsi,"Nikeli andıran, nikele benzeyen, nikel gibi",,
nikelsiz,Birleşiminde nikel bulunmayan | Nikelle kaplanmamış,,
nikâhlı,Aralarında nikâh işlemi yapılan | Nikâhlı olarak,,
nikâhlık,Nikâha uygun olan,,
nikâhsız,Aralarında nikâh olmadığı hâlde karı koca hayatı süren | Nikâhsız olarak,,
nisai,Kadınla ilgili | Kadın hastalıkları ile ilgili,Arapça nisāʾī,nisa:i:
nispetsiz,"Birbirine uymayan, farklı",,
nispi,"Birbirine göre (olan), önceki duruma göre",Arapça nisbī,nispi:
nişansız,"Belirleyici bir işareti, alameti, nişanı olmayan",,
nişastalı,Nişasta içeren,,
nişastasız,Nişasta içermeyen,,
nitel,"Nitelik bakımından, nitelikle ilgili; kalitatif",,
nitelikli,"Bir şeye ayırt edici özellik veren; vasıflı, muttasıf | Bir şeye nitelik bakımından üstünlük kazandıran; kaliteli | Bir şeyi yapabilme niteliğini ve ustalığını kazanmış olan; vasıflı, muttasıf, kalifiye",,
niteliksiz,Ayırt edici özelliği olmayan; vasıfsız | Nitelik bakımından üstün olmayan; kalitesiz,,
nitratlı,Temel maddesi nitrat olan | Nitrat emdirilmiş,,
niyeti bozuk,Kötü bir davranışta bulunması beklenen (kimse),,
niyetli,"Niyeti olan, niyet eden",,
niyetsiz,"Niyeti olmayan, niyet etmeyen | Oruç tutmayan [din bilimi]",,
nizami,"İstenilen düzende olan, düzene uygun olan, kurallara uygun olan | Kanunlarla ilgili olan",Arapça niẓāmī,niza:mi:
nizamlı,"Düzenli, tertipli olan | Tüzüğe uygun",,
nizamsız,"Düzensiz, tertipsiz olan | Tüzüğe aykırı",,
nobran,"Davranışı kaba, sert ve gönül kırıcı olan; nadan",,
nobranca,"Kaba, sert, kırıcı; nadanca | (nobra'nca) Kaba, sert, kırıcı bir biçimde; nadanca",,
nodullu,Nodulu bulunan,,
nohutlu,İçine nohut katılmış (yiyecek),,
nohutsu,"Nohudu andıran, nohuda benzeyen, nohut gibi",,
nohutsuz,Nohudu olmayan,,
noksansız,Eksiksiz bir biçimde,,
noktalı,"Nokta konmuş olan, üstünde noktalar olan",,
noktasız,Noktası olmayan,,
nonfigüratif,"İçinde insan, hayvan ve doğa ögeleri bulunmayan (resim veya heykel); betisiz",Fransızca non-figuratif,no'nfiguratif
non-stop,343 duraksız,İngilizce non-stop,
nordik,Kuzeye ilişkin,Fransızca nordique,
nostaljik,"Nostalji ile ilgili, nostalji özelliği taşıyan",Fransızca nostalgique,
nöroşirürjik,Beyin cerrahisi ile ilgili [tıp],Fransızca neurochirurgique,
numaracı,"Yalan dolanla iş gören (kimse), düzenbaz, hileci",,nu'maracı
numaralı,Belli bir numarası olan,,
numarasız,Numara verilerek belirtilmemiş | Gözün görme gücünü artırma özelliği bulunmayan (gözlük veya gözlük camı),,
numerik,Sayı bakımından,Fransızca numérique,
numunelik,Örnek alınamayacak kadar tuhaf,,
nurani,Saygı uyandıran,Arapça nūrānī,nu:ra:ni:
nurlu,Saygı uyandıran,,
nursuz,"Saygı uyandırmayan, sevimsiz",,
nursuz pirsiz,"Sevimsiz, bakımsız",,
nur yüzlü,"Saygı uyandıran, pak yüzlü (kimse)",,
nüfuslu,Herhangi bir nüfusa sahip olan,,
nüfus bilimsel,Nüfus bilimiyle ilgili; demografik,,
nüfuzkâr,"Etkileyici, güçlü",Arapça nufūẕ + Farsça -kār,
nüfuzlu,"Sözü geçer, istediğini yaptıran; erkli | Makamı yüksek, kademesi üst",,
nüfuzsuz,Nüfuzu olmayan; erksiz,,
nükleer,Atom çekirdeği ile ilgili; çekirdeksel [fizik],Fransızca nucléaire,
nükleer enerjik,Nükleer enerji ile ilgili [fizik],,
nükteci,"İnce anlamlı, düşündürücü, hoş sözler söyleyen (kimse); nekre, nüktedan",,
nükteli,"Nükte ile süslenmiş, nüktesi olan, esprili; nüktedan",,
nüktesiz,Nüktesi olmayan,,
nümayişkâr,Gösteri ile ilgili olan,Farsça numāyişkār,nüma:yişkâr
nâkil,"Taşıyan, aktaran, geçiren | Anlatan, hikâye eden",Arapça nāḳil,na:kil
o,"Uzakta olan, hakkında konuşulan kimse veya şeyi belirten bir söz | Teklik üçüncü kişiyi gösteren bir söz | İki veya daha çok şeyden, daha önce sözü geçeni gösteren bir söz",,
obez,"Çok şişman, aşırı kilolu",Fransızca obése,
obruklu,Obruğu olan,,
obturatoryus,Tıkanmış [anatomi],İngilizce obturatorius,
obur,"Gereğinden çok yemek yiyen, doymak bilmeyen (kimse) | Herhangi bir şeyi aşırı ölçüde kullanan, çok fazla ve hızlı tüketen; harın",,
ocaklı,"Ocağı olan, içinde ocağı bulunan | Ocaktan olan (yeniçeri) [tarih] | Trablusgarp’ta ve Cezayir’de kurulan ocaklara bağlı olan [tarih]",,
ocaksız,Ocağı olmayan | Bir ocağa mensup veya üye olmayan,,
odacıklı,Birçok bölmeye ayrılmış olan,,
odaksız,"Herhangi bir şeye odaklanmamış, odağı olmayan | İki mercekten birincisinin görüntü odağı ikincisinin cisim odağı ile çakıştırılarak odakları sonsuza atılmış, merkezlenmiş olan (optik düzenek) [fizik]",,
odontoit,Diş biçiminde olan [anatomi],Fransızca odontoīde,
odsuz ocaksız,Yoksul olan (kimse),,
odunlu,Odunu olan,,
odunsu,"Odunu andıran, oduna benzeyen, odun gibi; odunumsu | Kaba, iri, heybetli | Sapının dirençli durabilmesi için içinde yeteri kadar odun demeti bulunan (bitki)",,
odunsuz,Odunu olmayan | Odun olmadan,,
odun bilimsel,Odun bilimi ile ilgili; ksilolojik,,
ofansif,Atağa dayalı [spor],Fransızca offensive,
oflaz,"İyi, güzel, mükemmel",,
oğullu,Oğlu olan | Erkek çocuk bulunan (ev vb.),,
oğulsuz,Oğlu olmayan | Oğlu olmadan,,
oğuz,İyi huylu (kimse),,
ojeli,İçinde oje bulunan (şişe vb.) | Oje sürülmüş,,
ojesiz,İçinde oje bulunmayan (şişe vb.) | Oje sürülmemiş,,
okkalı,"Kiloca fazla olan, ağır çeken | Çok, fazla | Ağır, şiddetli",,
okkalık,Herhangi bir okka ağırlığında veya oylumunda olan,,
okside,Paslanmış,Fransızca oxydé,
oksijenli,Birleşiminde oksijen bulunan | Oksijenli su ile sarartılmış (saç),,
oksijensiz,Bileşiminde oksijen içermeyen,,
oksitli,Bileşiminde oksit bulunan,,
oksu,Biçimi oka benzeyen (yaprak) [bitki bilimi],,
okşamalık,Gönül okşayıcı özelliği olan,,
okullar arası,Birçok okul ile ilgili olan,,
okumuş,"Okuyarak bilgisini genişletmiş, öğrenim görmüş (kimse)",,
okunaklı,"Açık ve düzgün harflerle yazılmış, kolaylıkla okunabilen (yazı)",,
okunaksız,"Açık ve düzgün harflerle yazılmamış, kolaylıkla okunamayan (yazı)",,
okuryazar,"Okuması yazması olan, öğrenim görmüş (kimse)",,oku'ryazar
ol,O gösterme sıfatı | O gösterme zamiri,,
olabilir,Olma ihtimali bulunan; olur,,
olağan,"Sık sık olan, olagelen, doğal biçimde olan, olmadık karşıtı",,
olağanüstü,"Alışılmıştan, benzerlerinden farklı olan; fevkalade | Beklenmedik bir zamanda yapılan, önceden tasarlanmamış olan; fevkalade | Çok güzel, mükemmel olan; harikulade",,olağa'nüstü
olamaz,"Olmasını önleyecek derecede güçlü engelleri bulunan; olanaksız | Hayret, şaşırma bildirmek için kullanılan bir söz",,ola'maz
olanaklı,Olma ihtimali bulunan; kabil,,
olanca,"Bütün, elde bulunanın hepsi; son",,
olasıcı,Olasıcılık yanlısı olan; probabilist,,
olaylı,"Olayı olan, olay çıkmış olan; hadiseli",,
olaysız,"Olayı olmayan, hiçbir olay çıkmamış olan; hadisesiz",,
oldurgan,Geçişli değilken bir ekle geçişli duruma getirilen (fiil) [dil bilgisi],,
olgucu,"Olguculukla ilgili olan, olguculuk yanlısı; pozitivist [felsefe]",,
olgun,"Yenecek duruma gelmiş (meyve) | Bilgi, görgü ve hoşgörüsü gereği kadar gelişmiş, ağırbaşlı (kimse); yetkin, kâmil, pişkin | Gelişmiş, kıvamını bulmuş | Tamamlanmış, iyice işlenmiş (yazı, düşünce vb.); yetkin",,
olgunca,"Olgun gibi, olguna benzer | (olgu'nca) Olgun gibi, olguna benzer bir biçimde",,
olgusal,Olguya ilişkin,,
olimpik,"Olimpiyatlarla ilgili, olimpiyat ölçülerinde olan",Fransızca olympique,
olmadık,"Daha önce olmamış, olağan karşıtı | Alışılmamış, beklenmeyen | Yakışık almayan, uygun olmayan",,o'lmadık
olmamış,"Olgunlaşmamış, ham olan | Bilgi, görgü ve hoşgörü bakımından gereği kadar gelişmemiş (kimse)",,o'lmamış
olmazlı,Olması ihtimal dışı olan [mantık],,
olmazsa olmaz,Kesinlikle olması gereken,,
olmuş,"Olgunlaşmış, ergin | Bilgi, görgü ve hoşgörü bakımından gelişmiş (kimse)",,
oluklu,Oluğu olan | Üstünde yol yol olukları bulunan,,
olumlu,"Gözetilen amaca veya beklenilene uygun, yararlı; müspet, pozitif | İyiye ve doğruya yönelten; yapıcı | Onaylayan, kabul eden, lehte olan | Olgulara, deneylere dayalı olarak bazı nitelikleri belli olan; müspet, pozitif | Davranışları beğenilen, yararlı düşünceleri olan (kimse)",,
olumsal,"Olması kadar olmaması da mümkün bulunan, zorunlu karşıtı [felsefe]",,
olumsuz,"Gözetilen amaca veya beklenilene uygun olmayan; menfi, negatif | Yapıcı ve yararlı olmayan | Onaylamayan, kabul etmeyen, aleyhte olan | Davranışları beğenilmeyen, yıkıcı düşünceleri olan, zararlı (kimse) | Bir şeyi inkâr eden, inkâr veya ret özelliği taşıyan [felsefe]",,
oluşumcu,Oluşumculuk yanlısı olan [ruh bilimi],,
omurgalı,"Omurgası bulunan | Dirayetli, ilkeli",,
omurgasız,"Omurgası bulunmayan | Düşüncelerini çıkarları doğrultusunda değiştirebilen, ilkesiz",,
omuzlu,Omzu olan,,
onar,"On sayısının üleştirme sayı sıfatı | Her birine on, her defasında onu bir arada olan",,
onarlı,Onar onar sıralanmış | Her biri on birimden oluşan,,
onat,"Özenli, düzgün, uygun olan | Yararlı olan | Dürüst, iyi ahlaklı olan",,
onaylı,"Onaylanmış olan; tasdikli, musaddak",,
onaysız,Onaylanmamış; tasdiksiz,,
onbeşli,Rumi takvime göre 1899 veya 1900 yılında doğanlar arasından Birinci Dünya Savaşı'na çağrılan (kimse) [tarih],,o'nbeşli
onca,"O kadar, o denli | (o'nca) Ona göre, onun düşüncesine göre",,
ondüle,"Dalgalı, kıvrımlı, kıvrılmış (saç)",Fransızca ondulé,
ondüleli,Ondülesi olan (saç),,
ondülesiz,Ondülesi olmayan,,
ongun,"Çok verimli, bol, eksiksiz",,
onkolojik,Onkoloji ile ilgili [tıp],Fransızca oncologique,l ince okunur
onlarınki,"Onların olan, onlarla ilgili olan",,
onmadık,"Talihi yaver gitmeyen, başı beladan kurtulmayan",,
onomatopeik,Yansımalı [dil bilgisi],Fransızca onomatopéique,
ontolojik,"Varlık bilimi ile ilgili, varlık bilimine ait",Fransızca ontologique,l ince okunur
onuncu,"On sayısının sıra sıfatı, sırada dokuzuncudan sonra gelen",,
onunki,"Onun olan, onunla ilgili olan | Üçüncü kişinin karısından veya kocasından söz ederken kullanılan söz",,
onurlu,"Onuru olan veya onurunu üstün tutan; haysiyetli, alicenap",,
onursal,"Saygı için verilen veya övünç için kabul edilen; fahri (başkanlık, üyelik, profesörlük vb. ünvan)",,
onursuz,Onuru olmayan veya onura aykırı davranışlarda bulunan; haysiyetsiz,,
on para,Çok az (para),,
on paralık,Değeri çok az veya değersiz,,
on parasız,Parası olmayan | Parası olmaksızın,,
opak,"Donuk, mat (renk)",Fransızca opaque,
operasyonel,"Operasyonla ilgili | İşlevsel, hareketli",Fransızca opérationel,
opsiyonel,İsteğe bağlı,Fransızca optionel,
opsiyonlu,Seçme süresi olan | İsteğe bağlı,,
opsiyonsuz,Seçme süresi olmayan | İsteğe bağlı olmayan,,
optimal,En uygun [matematik],Fransızca optimal,l ince okunur
optimum,"En uygun, en elverişli",Fransızca optimum,o'ptimum
oral,Ağız yoluyla | Söze dayanan [edebiyat],Fransızca oral,l ince okunur
oralı,O yerden olan,,o'ralı
oralı buralı,Değişik yerlerden olan,,
oranlı,"Kendinde oran bulunan; nispetli, mütevazin",,
oransız,Kendinde oran bulunmayan; nispetsiz,,
orantılı,Aralarında orantı bulunan; mütenasip | Bir orantıyla ilgili olan | Birbirine bağlı olan ve biri artarken ötekinin azaldığı veya biri arttığında öteki de artan iki nicelik arasındaki bağıntı [matematik],,
orantısız,Orantısı olmayan,,
oran dışı,İki tam sayının bölümü olmayan (sayı) [matematik],,
ordusuz,Ordusu olmayan | Ordusu olmadan,,
organik,"Doğal yolla yapılan | Organlarla ilgili; örgensel, uzvi | Canlı, güçlü (ilişki) | Bir görevi yerine getirmekle yükümlü kuruluşla ilgili olan",Fransızca organique,
orijinal,"Fabrikası tarafından yapılan, taklit olmayan (araç ve gereç) | Alışılagelenden daha değişik, şaşırtıcı nitelikte olan",Fransızca original,l ince okunur
orkestralı,Orkestrası olan,,
orkestrasız,Orkestrası olmayan,,
ormanlık,"Ormanı çok olan, ormanla kaplı veya orman gibi olan (yer)",,
ormansız,Ormanı olmayan,,
ornitolojik,Kuş bilimi ile ilgili,Fransızca ornithologique,l ince okunur
ortada,"Sonucu belli olmayan (karşılaşma) [spor] | Topluluk içinde, arasında | Görünür yerde, göz önünde",,
ortaklaşacı,Ortaklaşacılık yanlısı olan; kolektivist [toplum bilimi],,
ortakyaşar,Ortak yaşama durumunda bulunan (canlı) [biyoloji],,orta'kyaşar
ortalı,Ortası olan,,
ortanca,"Yaş bakımından üç kardeşin büyüğü ile küçüğü arasında bulunan | Büyüklük, irilik bakımından üç nesne arasında sondan veya baştan ikinci gelen",,
ortancalı,Ortancası (II) olan,,
ortay,"Bir düzlem şeklin aynı yöndeki paralel bütün kirişlerini eşit parçalara bölen (çizgi) [matematik] | Bir uzayı, bir yüzeyi eşit iki parçaya bölen (düzlem, çizgi)",,
orta baklası,"Hiçbir özelliği olmayan, sıradan olan",,
orta boy,Orta büyüklükte olan,,
orta boylu,"Orta yükseklikte, boyda olan",,
orta hâlli,Gelir düzeyi ne düşük ne de yüksek olan | Ne iyi ne kötü olan,,
orta karar,"Orta derecede, biraz uygun",,
orta şekerli,"Ne az ne de çok şekeri olan | Ne çok iyi ne de çok kötü, şöyle böyle (durum)",,
orta yaşlı,Ne genç ne de yaşlı olan,,
ortoklazlı,Ortoklaz içeren,,
ortopedik,Ortopedi ile ilgili olan [tıp],Fransızca orthopédique,
oruçlu,"Oruç tutan (kimse); niyetli, ağzı kilitli",,
oruçsuz,Oruç tutmayan (kimse),,
Osmani,Osmanlılarla ilgili | Osmanlılara ait,Arapça ‘Os̱mān + Farsça -į,Osma:ni:
Osmanlıcı,Osmanlıcılık düşünce akımını benimseyen,,
osmiyumlu,Bileşiminde osmiyum içeren (madde),,
osurgan,Çok yellenen,,
osuruğu cinli,Çabuk ve olmayacak şeylere bile kızıp öfkelenen (kimse),,
otantik,Eskiden beri mevcut olan özelliklerini taşıyan; orijinal,Fransızca authentique,
otistik,Otizmle ilgili [ruh bilimi],Fransızca autistique,
otizmli,"Otizm belirtileri gösteren (kimse); otist, otistik",,
otlu,Otu olan,,
otobiyografik,Öz yaşam öyküsüne dayalı,Fransızca autobiographique,
otobur,"Otla beslenen (hayvan); otçul, bitkicil, herbivor [hayvan bilimi]",,o'tobur
otograf,Bir yazarın veya kişinin kendi elinden çıkan (yazı),Fransızca autograph,
otokrat,Siyasal kudreti elinde bulunduran (hükümdar),Fransızca autocrate,
otokratik,Otokrasi ile ilgili,Fransızca autocratique,
otomatik,Mekanik yollarla hareket ettirilen veya kendi kendini yöneten (alet) | İrade dışında yapılan (davranış),Fransızca automatique,
otoriteli,"Emretme, yaptırma gücüne sahip olan (kimse); yetkeli, otoriter",,
otoritesiz,"Emretme, yaptırma gücüne sahip olmayan (kimse)",,
otsu,"Ot gibi olan, gövdesi odunlaşmayan, kısa ömürlü (bitki); otsul [bitki bilimi]",,
otsuz,Otu olmayan,,
oturaklı,"Sağlam, gösterişli | Yerinde sağlam duran | Doğal yapısına, amacına uygun | Yerinde ve sırasında söylenen, çarpıcı (söz) | Saygı uyandıran, ağırbaşlı (kimse)",,
oturmuş,"Yerleşik, yerleşmiş, güçlenmiş; stabil",,
otuzar,"Otuz sayısının üleştirme sayı sıfatı | Her defasında otuzu bir arada, her birine otuz",,
otuzarlı,Otuzar otuzar sıralanmış | Her biri otuz birimden oluşan,,
otuzlu,"Otuz parçası bulunan, otuz parçadan oluşan | İçinde otuz tane aynı nesneden bulunan | Otuz ile kırk arasında olan",,
otuzluk,Otuz tanesi bir arada olan veya içinde aynı şeyden otuz tane bulunan | Otuz yaş dolaylarında olan veya görünen (kimse),,
otuzuncu,"Otuz sayısının sıra sıfatı, sırada yirmi dokuzuncudan sonra gelen",,
oval,"Biçimi yumurta gibi olan; yumurtamsı, söbe, beyzi | Özellikle elips gibi iki simetri ekseni olan kapalı eğrinin oluşturduğu şekil [matematik]",Fransızca ovale,l ince okunur
ovalı,"Ovada yaşayan, ova halkından olan",,
ovalık,"Ovası olan, ovalarla kaplı",,
ovasız,Ovası olmayan,,
oyalı,Kenarına oya yapılmış veya geçirilmiş,,
oylumlu,"Büyük, geniş",,
oymalı,"Oymaları bulunan, oymalarla süslenmiş olan",,
oynak,"Hareket, canlılık veren | Değişken, kararsız olan | Cilveli, neşeli, hareketli olan | Bükülüp doğrulmaya elverişli olan (eklem) [anatomi]",,
oynakça,Biraz oynak | (oyna'kça) Oynağa yakışır bir biçimde,,
oyuklu,"Oyuğu olan, oyukları bulunan",,
oyunbaz,"Oynamayı seven | Düzenci, hileci",Türkçe oyun + Farsça -bāz,
oyunbozan,"Birlikte yapılmasına karar verilen bir işten tek taraflı cayan (kimse); mızıkçı | Çeşitli sebeplerle oyunu bozan, yenilgiyi kabul etmeyen, kolayca darılan (kimse); ordubozan, mızıkçı",,oyu'nbozan
oyuncaklı,"Oyuncağı olan | Çocuksu, çocuk gibi davranan",,
ozonlu,Bileşiminde ozon bulunan,,
öçlü,"Kin ve intikam dolu, öç alma isteğinde olan",,
ödemeli,Değeri ödendikten sonra alıcıya verilecek olan | Karşı tarafça ödenmek şartıyla edilen (telefon) veya çekilen (telgraf) | Değeri ödendikten sonra alıcıya verilmek şartıyla,,
ödemli,Ödemi olan,,
ödem söktürücü,Ödemin vücuttan atılmasını kolaylaştıran veya sağlayan (ilaç vb.),,
ödenekli,"Ödeneği olan | Belli dönemlerde devlet bütçesinden yardım veya belirli bir pay alan (kişi, kuruluş)",,
ödeneksiz,Ödeneği olmayan,,
ödevcil,"Ödevine bağlı olan, ödevlerini yerine getirmeyi seven; vazifeşinas",,
ödevli,Ödev yüklenmiş olan; vazifeli,,
ödev bilimsel,Ödev bilimi ile ilgili; deontolojik,,
ödlekçe,"Ödleğe yaraşır, ödlek gibi | (ödle'kçe) Ödleğe yaraşır bir biçimde",,
ödüllendirici,"Ödüllendiren (kimse, şey, yaklaşım); mükâfatlandırıcı",,
ödüncü,"Ödün veren; tavizci, tavizkâr",,
ödünç,İleride geri verilmek veya alınmak şartıyla alınan veya verilen (şey); iare,,
ödünlü,"Ödün niteliğinde olan, ödün vererek yapılan; ivazlı | Ödün veren (kimse)",,
ödünsüz,"Ödün niteliğinde olmayan, ödün vermeksizin yapılan; ivazsız, tavizsiz | Ödün vermeyen (kimse)",,
öfkelendirici,"Öfkelendirme özelliği olan, öfkelendiren",,
öfkeli,"Öfkelenmiş olan; cinli, hiddetli, pürhiddet | Öfkelenmiş, kızgın, hiddetli bir biçimde; pürhiddet",,
öfkesiz,Öfkelenmeyen; hiddetsiz | Kızgın olmayan; hiddetsiz,,
öfkesi burnunda,Çok öfkeli (kimse),,
öğlenki,"Öğlene özgü, öğlen olan, öğlen yapılan",,
öğrenimli,"Öğrenim görmüş, okumuş; tahsilli",,
öğretici,"Öğretme, yetiştirme ve açıklama niteliğinde olan; didaktik",,
ökçeli,Ökçesi olan veya ökçesi yüksek olan; topuklu,,
ökçesiz,Ökçesi olmayan (ayakkabı),,
öksürüklü,"Öksürüğü olan, sürekli öksüren",,
öksürüklü tıksırıklı,"Sağlıksız, sağlığı bozuk",,
öksüz,Anası veya hem anası hem babası ölmüş olan (çocuk),,
ölçeksiz,Ölçeği olmayan,,
ölçülü,"Ölçüsü alınmış, ölçülmüş | Belirli bir ölçüde olan; endazeli | Tutum ve davranışları uyumlu, dengeli olan; muvazeneli | Dikkatli, düşünerek | Belli bir ölçüye göre düzenlenmiş olan (manzume, düzyazı); vezinli, mevzun [edebiyat]",,
ölçülü biçili,"Özenli bir biçimde hazırlanmış, iyice hesaplanmış",,
ölçümlü,Metre veya metreyi temel olarak alan ölçülerle ilgili; metrik [matematik],,
ölçüsüz,"Ölçülmemiş, ölçüsü alınmamış olan | Belirli bir ölçüde olmayan; endazesiz | Tutum ve davranışları uyumsuz, dengeli olmayan; muvazenesiz | Ölçüsü olmayan; vezinsiz [edebiyat]",,
ölçütlü,Ölçütü olan,,
ölçütsüz,Ölçütü olmayan,,
öldürücü,"Öldüren, ölüme sebep olan, ölüme yol açan | Bayıltıcı, bunaltıcı, sıkıcı, yorucu",,
ölgün,"Diriliği, canlılığı, tazeliği kalmamış | Pörsümüş, solmuş (bitki) | Cansız, renksiz, dikkat çekmeyen | Gücü azalmış, zayıflamış",,
ölmez,"Çok dayanıklı, kolay eskimeyen",,
ölmüş,"Ölen, ölü olan",,
ölük,Canlılığı azalmış; hâlsiz,,
ölümcül,Ölümle sona erme ihtimali olan veya ölümle sona eren | Can çekişen; ölümsek,,
ölümlük kalımlık,"Zor durumda kalındığında kullanılmak üzere ayrılan (para, mal); ölümlük dirimlik",,
ölümsüz,"Hiçbir zaman ölmeyecek olan; bengi (I), kalımlı, ölmez, baki, ebedî, layemut | Hiç unutulmayacak, daima anılacak olan; ebedî",,
ölü sevici,"Ölü seven, ölü ile cinsel ilişkide bulunan; nekrofil",,
ömürlü,Ömrü uzun olan | Uzun süreli,,
ömürsüz,Ömrü kısa olan | Kısa süren,,
önceki,"Önce olan; evvelki, evveli | İki önceki (gün, hafta, ay, yıl) | Bir yerde, bir görevde daha önce çalışmış olan; eski, mukaddem, sabık",,
öncelikli,"Önceliği olan, öncelik tanınan, önce yapılması gereken",,
öncesiz,Zamanda başlangıcı olmayan; ezelî,,
öncesiz sonrasız,Başlangıcı ve sonu olmayan,,
önden çekişli,Motor gücü sadece ön tekerleklere aktarılan (taşıt),,
önemli,"Önemi olan; mühim, ehemmiyetli, mihver | Politik, ekonomik, psikolojik ve askerî açıdan önemi olan; stratejik",,
önemlice,Önemli sayılabilecek kadar,,
önemsiz,"Önemi olmayan; ehemmiyetsiz, ufak çapta, yarım yırtık, çurçur",,
önemsizce,Önemli sayılmayacak kadar,,
öngörülü,"Bir işin ileride nasıl olacağını kestirerek ona göre davranan, öngörüsü olan",,
önlü,Ön tarafı olan,,
önlüklü,Önlük giymiş olan,,
önlüklük,Önlük yapmaya elverişli (kumaş),,
önsel,Hiçbir denemeye dayanmayan ve akıl yordamıyla bulunup ortaya konan; apriori [felsefe],,
önsezili,Önsezisi olan,,
ön ödemeli,Ön ödemesi olan,,
ön ödemesiz,Ön ödemesi olmayan,,
ön seçici,"Ön elemeyi yapan (kimse, kurul)",,
ön yargılı,"Ön yargıları olan, ön yargı ile karar veren",,
ön yargısız,"Ön yargıları olmayan, ön yargı ile karar vermeyen",,
örfi,Örfle ilgili,Arapça ʿurfī,örfi:
örgülü,"Örgüsü olan, örgü biçiminde bulunan | Örülmüş",,
örgün,Bir işi gerçekleştirmek amacıyla türlü ve düzenli görevler yapan organlardan oluşan,,
örgüsüz,Örgüsü olmayan,,
örgütlü,Örgütlenmiş olan; teşkilatlı,,
örgütsel,Örgütle ilgili,,
örgütsüz,Örgütlenmiş olmayan; teşkilatsız | Örgütlenmemiş bir biçimde; teşkilatsız,,
örmeli,Örülerek yapılmış,,
örneklik,Örnek olarak ayrılmış bulunan; numunelik,,
örtük,"Örtülü, kapalı",,
örtülü,"Örtüsü olan | Örtülmüş, bir şey ile kaplanmış | Gizli, saklı olan | Açıklama yapmadan, belli belirsiz bir biçimde; müphem",,
örtüsüz,"Örtüsü olmayan | Örtülmemiş | Açık seçik, gizlenmeyen",,
örülü,Örülmüş olan,,
örümcekli,"Örümcek ağlarıyla kaplanmış, örümcek bağlamış | Eskimiş, modası geçmiş, köhne, çağ dışı olan",,
örümceksi,Örümcek ağı gibi ince ve seyrek dokulu olan,,
örümcek kafalı,"Eskiye saplanıp yeniliklere düşman olan, eskiye bağlanıp kalmış olan, geri düşünceli (kimse); kafası örümcekli",,
örüşük,İç içe geçmiş | Birbiriyle bağlantılı,,
öteki,"Bilinenin, sözü edilenin dışında olan şey; öbürü, öbürkü | Sözü edilen veya benzer iki nesneden veya kimseden önem veya konum bakımından uzakta olan; diğer, öbür | Mevcut kültürün kabul görmüş değerleri içinde dışlanmış olan [toplum bilimi]",,
ötücü,"Güzel öten, ötüşü güzel olan",,
ötürüklü,"İshalli, amel olmuş (insan veya hayvan)",,
övüngen,Çok övünen,,
öyle,"Onun gibi olan, ona benzer; o biçimde, o şekilde | O yolda, o biçimde, o tarzda | (ö'yle) O denli, o kadar, o derece | Ondan sonra | İçinde ""ne, nasıl"" vb. sorular bulunan cümlelerin sonuna geldiğinde o cümlede anlatılan şeyin hoş karşılanmadığını veya ona şaşıldığını anlatan bir söz",,
öylesi,"Ona benzer, onun gibi | O kadar | Laf olsun diye",,
öz,"Kan bağı ile bağlı olan, üvey olmayan",,
özbeöz,Gerçek ve öz olan,,ö'zbeöz
özbeslenen,"Besinini bağımsız olarak sağlayan, inorganik azot, azotlu madde ve CO2'den protein ve karbonhidratların sentezini yapabilen (bitki); kendi beslek, ototrof [biyoloji]",,ö'zbeslenen
özdeş,"Her türlü nitelik bakımından eşit olan, aralarında fark bulunmayan; aynı | Bir ve aynı olan, bir ve aynı anlama gelen [felsefe] | Kendinde özdeşlik bulunan; identik [matematik]",,
özel,"Yalnız bir kişiye, bir şeye ait veya ilişkin olan; hususi, mahsus (I), spesiyal | Benzerlerinden ayrılmasını sağlayan bir özelliği olan; spesiyal | Bir kişiyi ilgilendiren; hususi, zatî | Devlete değil, kişiye ait olan; hususi, resmî karşıtı | Dikkate değer | Ayırt edici bir niteliği olan | Her zaman görülenden, olağandan farklı",,
özellikli,"Bir türün, bir olayın karakteristik yönünü veren; spesifik",,
özel ulak,"Geldiği postanede bekletilmeden özel bir araç veya görevli ile yerine ulaştırılan (mektup, paket vb.); ekspres (II)",,
özendirici,"Özendiren; teşvikçi, teşvikkâr",,
özenilesi,"Özenilen, imrenilen",,öze'nilesi
özenli,"Özen gösterilerek yapılan (iş); itinalı | Özenle çalışan (kimse) | Temiz, zarif  ve özenle giyinmiş (kimse); tirendaz",,
özensiz,"Özen gösterilmeyen (iş); itinasız | Özenmeden, isteksizce iş yapan (kimse); kaba saba",,
özentici,Birine veya bir şeye benzemeye çalışan (kimse),,
özentili,Özenti ile yapılan,,
özentisiz,"Özenti olmadan, özenti gösterilmeden, özenmeden yapılan",,
özerk,"Bir üst organa bağlı olmakla beraber kendine ait işleri ayrı bir yasayla kendisi düzenleme ve yönetme yetkisi olan (kuruluş, devlet vb.); muhtar, otonom | Kendi kurallarıyla kendi kendini serbestçe yöneten",,
özgeci,"Kişisel yarar gözetmeksizin başkasına yararlı olmaya çalışan (kimse); özgecil, diğerkâm",,
özgü,"Birine, bir şeye ait olan; öze, has, mahsus (I) | Belli bir kimsede, şeyde veya türde bulunan; öze, has, mahsus (I) | Aynı cinsten başka hiçbir türde veya bireyde rastlanılmayan; öze, has, mahsus (I)",,
özgül,"Bir türle ilgili, bir türe ilişkin",,
özgün,"Yalnız kendine özgü bir nitelik taşıyan; orijinal, ibdai | Bir buluş sonucu olan, nitelikleri bakımından benzerlerinden ayrı ve üstün olan | Çeviri olmayan, asıl olan (metin); orijinal",,
özgür,"Herhangi bir kısıtlamaya, zorlamaya, şarta bağlı olmayan; serbest, hür, azat, azade | Kendi istediği gibi hareket etme, davranma, karar verme gücü olan | Başkasının kölesi olmayan; hür | Siyasi bir güç tarafından denetlenmeyen, engellenmeyen",,
özgürlükçü,"Özgürlük yanlısı olan; hürriyetçi, hürriyetperver",,
özgürlüksüz,Özgürlüğü olmayan; hürriyetsiz,,
özlemli,"Özlemi olan, özleyen; hasretli",,
özlemsiz,"Özlemi olmayan, özlemeyen; hasretsiz",,
özlentili,"Özlem taşıyan, özlem dolu",,
özlü,"Özü olan, öz bölümü çokça olan | Düşünceyi gereksiz söz kullanmadan bildiren | Benliğinde, varlığında, yapısında herhangi bir nitelik bulunan | Yapışkan, verimli (toprak) | Kısa ve anlamlı bir biçimde",,
öznel,"Özneye ilişkin olan, öznede oluşan, nesnelerin gerçeğine değil, bireyin düşünce ve duygularına dayanan; enfüsi, subjektif, nesnel karşıtı",,
öznelci,"Öznelcilik yanlısı, öznelciliği benimseyen ve savunan; subjektivist [felsefe]",,
özsel,Öz ile ilgili,,
özsever,"Kendi benliğine bağlanan, hayran olan (kimse); narsist [ruh bilimi]",,ö'zsever
özünlü,"Bir şeyin aslında veya gerçeğinde olan, ilinekle ilgili olmayıp özde bulunan; deruni, zatî, dışınlı karşıtı [felsefe]",,
özürlü,"Özrü olan | Doğuştan veya sonradan herhangi bir nedenle bedensel, zihinsel, ruhsal, duyusal veya sosyal yeteneklerini çeşitli derecelerde kaybetmiş, toplumsal yaşama uyum sağlama ve günlük gereksinimlerini karşılama güçlükleri çeken (kimse) | Kusuru olan; defolu",,
özürsüz,Özrü olmayan | Özrü olmaksızın,,
özverili,"Özveri ile davranan, özverisi olan; özveren, fedakâr",,
özverisiz,"Özveri ile davranmayan, özverisi olmayan",,
öz itmeli,Atmosferde veya uzayda otomatik olarak çalışan düzeneğinin iticiliğiyle hareket eden (cihaz vb.),,
öz öğrenimli,Bir okula gitmeden kendi kendini yetiştiren; otodidakt,,
pabuçlu,Ayağında pabucu olan,,
pabuçsuz,Ayağında pabucu olmayan,,
pabuçtan aşağı,Aşağılık olan (kimse),,
pabuç dilli,"Çok konuşan | İleri geri, patavatsızca konuşan",,
paçalı,Herhangi bir biçimde paçası olan | Tüyleri ayaklarına kadar uzanan (kuş veya kümes hayvanı),,
paçasız,Paçası olmayan | İçinde paça bulunmayan,,
paçası düşük,"Giyimine dikkat etmeyen, pasaklı (kimse)",,
padişahi,"Padişah ile ilgili, padişaha ait",Farsça pādşāh + Arapça -ī,pa:dişa:hi:
paftalı,Paftası olan,,
paftasız,Paftası olmayan,,
pahal,"Ters(I), aksi | Ağır, hantal",,
pahalı,"Fiyatı yüksek olan; fiyatlı, ucuz karşıtı",,
pahalıca,Biraz pahalı,,
palangalı,Palangası olan,,
palangasız,Palangası olmayan,,
palas,Keçi kılından dokunmuş kaba kilim,Farsça pelās,
palavracı,"Uydurma söz veya haber ortaya atan, yaptığı işleri abartan, bu davranışları huy edinmiş olan (kimse); baloncu, tıraşçı, uydurmacı, martavalcı, mavracı",,
pala bıyıklı,"Gür, uzun ve kıvrık bıyıkları olan (kimse); pala bıyık",,
paletli,Paleti olan (taşıt),,
paletsiz,Paleti olmayan (taşıt),,
palmitik,Doymuş bir yağ asidi (CH3-(CH2)14-CO2H) ve bu asitten türeyen birleşikler [kimya],Fransızca palmitique,
paltolu,Paltosu olan,,
paltoluk,Palto yapmaya elverişli,,
paltosuz,Palto giymemiş olan | Palto giymeden,,
pandemik,Küresel salgın ile ilgili olan,İngilizce pandemic,
paneli,Ekmek kırıntısına bulanmış,,
Panislamcı,Panislamizm yanlısı olan [toplum bilimi],,l ince okunur
panjurlu,Panjuru olan,,
panjursuz,Panjuru olmayan,,
pankartlı,Pankartı olan veya pankart bulunduran,,
pantolonlu,Pantolonu olan,,
pantolonsuz,Pantolonu olmayan,,
papatyalı,Papatyası olan,,
papatyasız,Papatyası olmayan,,
parabolik,"Parabol biçiminde olan, parabolle ilgili [matematik]",Fransızca parabolique,
paracı,Parayı seven (kimse),,
paradoksal,"Aykırı düşünce niteliğinde olan, çelişki içeren",Fransızca paradoxal,l ince okunur
parafinli,Birleşiminde parafin bulunan | Parafine batırılmış,,
parafinsiz,Birleşiminde parafin olmayan,,
paragöz,"Parayı çok seven, paraya çok düşkün (kimse); para canlısı, paragözlü",,para'göz
paraketacı,Paraketa ile balık avlayan (kimse),,
paralı,"Parası çok olan, zengin (kimse) | Para karşılığında sağlanan, bedava olmayan | Üzerinde yuvarlak ve irice benekleri olan | Para karşılığında",,
paralıca,Epey parası olan,,
paralı yatılı,"Ortaöğretim kurumları pansiyonlarında ücret karşılığında barınan, örgün ve resmî ortaöğretim kurumlarında öğrenim gören (öğrenci) [eğitim]",,
paralimpik,Çeşitli dallarda bireysel veya takım hâlinde engelli sporcular tarafından oynanan (yarışma) [spor],İngilizce paralympic,
paralojik,Mantığa uymayan [ruh bilimi],Fransızca paralogique,l ince okunur
parametreli,Bir veya birçok parametre ile ilgili; parametrik,,
paramparça,"Pek çok parçaya ayrılmış, parça parça olmuş",,para'mparça
paranoit,Paranoya ile ilgili [ruh bilimi] | Paranoyaya tutulmuş,Fransızca paranoïde,
parapsikolojik,Parapsikoloji ile ilgili [ruh bilimi],Fransızca parapsychlogique,"para'psikolojik, l ince okunur"
parasal,"Para ile ilgili, para bakımından; mali, nakdî, akçasal",,
parasempatik,Parasempatik sinir sistemi ile ilgili olan,Fransızca parasympathique,
parasız,"Parası olmayan; zil (II) | Para verilmeden elde edilen; bedava, meccani, müft | Para verilmeksizin, bedavadan, bedava",,
parasız pulsuz,Parası olmayan | Parası olmadan,,
parasız yatılı,"Öğrenim giderleri, yatacak yer ve yemeği devletçe karşılanan (öğrenci); leyli meccani",,
paraşütlü,Paraşütü olan,,
parazitli,Paraziti olan,,
parazitsiz,Paraziti olmayan | Pürüzü olmayan bir biçimde,,
parçacıklı,Parçacığı olan; partiküllü,,
parçalı,"Birden çok parçadan oluşmuş | Mobilyacılıkta, parçalara ayrılarak yeniden başka biçimlerde oluşturulabilen; modüler",,
parça pinçik,"Parçalanmış, yırtılmış olan",,
pardösülü,Pardösüsü olan,,
pardösüsüz,Pardösüsü olmayan | Pardösüsü olmayarak,,
parıltılı,"Parlaklığı olan, parıldayan; yalabık, şaşaalı",,
parıltısız,Parlaklığı olmayan; şaşaasız,,
parlak,"Parlayan, ışıldayan, pırıltılı olan | Temiz, berrak, aydınlık ve ışıklı; ışılak | Göze çarpacak kadar başarılı | Yüzü güzel (oğlan)",,
parlatıcı,Parlatma özelliği olan (nesne) | Parlaklık veren (nesne),,
parmaklı,Parmağı olan,,
parmaklıklı,Parmaklığı olan,,
parmaklıksız,Parmaklığı olmayan,,
parmaksı,Elin parmaklarını andırır biçimde olan,,
parmaksız,Parmağı olmayan,,
parnasyen,Parnasizm yanlısı,Fransızca parnassien,
parselli,Parsellere ayrılmış,,
partilerüstü,"Siyasi partilerin savunduğu görüş ve düşüncelerin üzerinde ülke gerçeklerine ve çıkarlarına uygun olarak birleştiricilik, uzlaştırıcılık özelliği olan (görüş, konu veya kimse) | Düşünceleriyle herhangi bir siyasi partinin görüşlerine bağlı olmayan (kimse) | İlke açısından hiçbir siyasi partiye bağlı olmaması gereken (konum)",,partile'rüstü
partili,Bir partiden olan (kimse),,
partisiz,Partisi olmayan,,
partizanca,Partizana yakışan | (partiza'nca) Partizana yakışır bir biçimde,,
part-time,yarım gün,İngilizce part-time,
pasaklı,"Kılığının veya eşyasının düzgün ve temiz olmasına özenmeyip düzensizlik içinde yaşayan (kimse); çapaçul, etekserpen",,
pasivize,"""Etkisizleştirmek, edilgen duruma getirmek"" anlamındaki pasivize etmek birleşik fiilinde geçen bir söz",Fransızca passivisé,
paslanmaz,Paslanmaya karşı dayanıklılığı olan (alaşım veya metal),,
paslı,"Üzerinde pas oluşmuş, pas tutmuş, paslanmış | Hastalık dolayısıyla beyaz tabakayla kaplanmış (dil) [tıp] | Huzursuz, sıkıntılı, üzgün, kararsız",,
passız,Pası olmayan,,
pastalı,Üzerinde pasta (III) bulunan,,
pastırmalık,Pastırma yapmaya elverişli (et),,
pastoral,Kır yaşantısını ve özellikle çobanların aşk ve yaşayışlarını anlatan (edebiyat türü); çobanlama [edebiyat],Fransızca pastoral,l ince okunur
pastörize,"Pastörizasyon yoluyla 75 °C'ye kadar ısıtılıp birdenbire soğutulması yoluyla, içindeki mikropları öldürülmüş olan (süt, bira, meyve suyu vb.)",Fransızca pasteurisé,
pat,"Yassı, basık",,
patatesimsi,"Patatesi andıran, patatese benzeyen, patates gibi",,
patavatsız,"Sözlerinin nereye varacağını düşünmeden saygısızca konuşan, davranışlarına dikkat etmeyen (kimse); sözünübilmez",,
patırtılı,Patırtısı olan,,
patırtısız,Patırtısı olmayan,,
patikli,Patiği olan | Patik giymiş olan,,
patiksiz,Patiği olmayan | Patik giymemiş olan,,
patlakça,"Patlak gibi, patlağa benzer",,
patlak gözlü,"Gözleri iri ve dışarı fırlamış (kimse); lokma gözlü, patlak göz",,
patlamalı,"Hava etkisiyle benzinin, petrolün, alkolün hızlı yanmasıyla çalışan (motor)",,
patlayıcı,Patlama özelliği olan (madde),,
patlıcanlı,Patlıcanla yapılmış,,
patojen,Hastalık oluşturan [tıp],Fransızca pathogène,
patolojik,"Patoloji ile ilgili [tıp] | Bozulmuş, işlemeyen",Fransızca pathologique,l ince okunur
payandalı,Payandası olan,,
payandasız,Payandası olmayan,,
payansız,Sonu olmayan; sonsuz,,
paydaşlı,Birden fazla paydaşın malı olan; hisseli,,
paydossuz,Paydosu olmayan | Paydos etmeden,,
payidar,Sonsuza kadar yaşayacak ve kalıcı olan,Farsça pāydār,pa:yidar
paylaşımcı,Paylaşım içinde olan; bölüşümcü,,
paylı,"Hisseli, hissedarları olan",,
paytakça,"Biraz paytak, paytak gibi, paytağa benzer | (payta'kça) Paytak bir biçimde",,
pazarlıklı,Pazarlığı olan,,
pazılı,Pazısı olan,,
pazubentli,Pazubendi olan veya pazubent takan,,
peçeli,Yüzünü örtmek için peçe takmış olan,,
peçesiz,Yüzünü örtmek için peçe takmamış olan,,
peçeteli,Peçetesi olan,,
peçetesiz,Peçetesi olmayan,,
pediyatrik,Çocuk sağlığı ve hastalıkları ile ilgili [tıp],Fransızca pédiatrique,
pehpehli,"Çok beğenilen, gösterişli olan | Gösterişli, dikkat çekici biçimde",,
pejmürde,"Eski püskü, yırtık | Dağınık, perişan",Farsça pijmurde,
pejoratif,"Küçümseyici, aşağılayıcı, kötüleyici, yerici özelliği olan; yermeli",Fransızca péjoratif,
pek,"Sağlam, dayanıklı | Gereken, beklenen veya alışılmış olandan çok | Hızlı olarak",,
pekiştirmeli,Pekiştirilmiş olan,,
pekmezli,"Pekmezi olan veya içinde pekmez bulunan | Tadı fazla olan, çok tatlı",,
pektoral,"Göğse ait [tıp] | Göğse veya akciğer hastalıklarına ait, göğüs hastalıklarına ilişkin",Fransızca pectoral,l ince okunur
pek çok,"Yeterinden fazla; bir araba, bir hayli, bir küme, bir sürü, bir tabur, bir tomar, bir yığın, bol bulamaç, on binlerce, onlarca, ölçüsüz, tomarla, tomar tomar, külliyetli",,
pek gözlü,"Yılmaz, yürekli, gözü pek (kimse)",,
pekâlâ,Benzerlerinden aşağı olmayan | Tabii ki | Çok iyi,Türkçe pek + Arapça aʿlā,pekâ:lâ:
pek yürekli,"Acıması olmayan, yüreksiz, merhametsiz (kimse)",,
pek yüzlü,Karşısındakilerin kırılacağını bildiği hâlde duygularını veya isteklerini söylemekten çekinmeyen (kimse),,
pelerinli,Pelerini olan,,
peltek,"Dilini dişlerinin arasına alır gibi konuşan ve bu yüzden s, z gibi sesleri kusurlu söyleyen (kimse) | Tutuk, titrek (konuşma) | Tutuk, titrek bir biçimde",,
peltemsi,"Pelteyi andıran, pelte gibi olan",,
pembemsi,"Rengi pembeyi andıran, pembeye benzeyen; pembemtırak",,
pencereli,Penceresi olan,,
penceresiz,Penceresi olmayan,,
pençeli,Pençesi olan | Pençe vurulmuş (ayakkabı) | Sataşkan olan,,
pençesiz,Pençesi olmayan,,
pepe,Dudak sesleriyle başlayan kelimelerin ilk seslerini güçlükle söyleyen ve ancak birkaç kez tekrarladıktan sonra arkasını getirebilen (kimse); pepeme,,
perakende,"Malların teker teker veya birkaç parça durumunda azar azar satılmasına dayanan (satış biçimi), toptan karşıtı [ticaret] | Bu biçimde alınan veya satılan | Düzenli olmayan, ayrı ayrı, dağınık, perişan",Farsça perākende,pera:kende
perçemli,"Perçemi, kâkülü olan",,
perçinli,Perçin yapılarak sağlamlaştırılmış,,
perçinsiz,Perçin yapılmamış olan,,
perdahlı,"Parlatılmış, perdah edilmiş",,
perdahsız,"Parlatılmamış, perdahı olmayan",,
perdeli,Perdesi olan veya perde ile örtülü bulunan | Perde sağlamak için parmaklarla basılacak yerleri olan (çalgı) [müzik] | Utanma duygusu olan; namuslu | Gerçeği göremeyen,,
perdelik,Perde yapmaya elverişli (kumaş) | Perdeden oluşan,,
perdesiz,"Perdesi olmayan | Utanmaz, hayâsız",,
perdesi yırtık,"Utanmaz, arlanmaz, utanma duygusunu kaybetmiş (kimse); perdesi sıyrık",,
perestişkâr,"Tapan, tapınan (kimse) | Delicesine, taparcasına seven",Farsça perestişkār,
perforjeli,Deliği olan,,
perhizkâr,Sürekli olarak perhiz yapan (kimse) | Perhiz yaparak,Farsça perhīzkār,
perhizli,Perhiz yapan (kimse),,
perhizsiz,Perhiz yapmayan (kimse),,
perili,"Kötü ruhlar bulunduğuna inanılan, tekin olmayan (yer)",,
perişan,"Dağınık, düzensiz, karmakarışık olan; berduş | Acınacak durumda ve zavallı olan",Farsça perīşān,peri:şan
perlitli,Özünde perlit bulunduran,,
permalı,Saçları perma olan,,
permasız,Saçları perma olmayan,,
pervaneli,Pervanesi olan,,
pervanesiz,Pervanesi olmayan,,
pervasız,"Çekinmez, sakınmaz, korkusuz (kimse); biperva | Çekinmeden, sakınmadan, korkmadan; biperva",,
pervazlı,Pervazı olan,,
pervazsız,Pervazı olmayan,,
pes,"Hafif, yavaş sesle söylenen; pest, tiz karşıtı",Farsça pest,
pespembe,"Her yanı pembe, çok pembe",,pe'spembe
pes sesli,Sesi pes olan,,
peşin ödemeli,Taşıma ücreti gönderici tarafından ödenen (gönderi),,
peşli,Peş (II) eklenerek genişletilmiş (giysi),,
peştamallı,Peştamalı olan,,
peştamalsız,Peştamalı olmayan,,
petrolojik,Petroloji ile ilgili [jeoloji],Fransızca pétrologique,l ince okunur
peyda,"Belli, açık; peydah",Farsça peydā,peyda:
peygambervari,Peygamber gibi,Farsça peyġam-ber-vārī,peygamberva:ri
peynirsi,"Peyniri andıran, peynire benzeyen, peynir gibi; peynirimsi",,
peynirsiz,"İçine peynir konulmamış, peyniri olmayan",,
pıllım pıllım,Köhne ve eskimiş,,
pırasa bıyıklı,"Uzun, gür bıyıklı (kimse)",,
pırıltılı,"Pırıltı ve parlak olan | Süslü, özentili",,
pırıl pırıl,"Çok parlak, çok ışıklı | Çok temiz, tertemiz | Çok yeni | Parlak bir biçimde; yıldır yıldır | Birikimli, eksiği olmayan, geleceği parlak",,
pırlantalı,Pırlantası olan,,
pırlantasız,Pırlantası olmayan,,
pırnakıl,"Herhangi bir yerde yoğun olarak, çok fazla bulunan | Yoğun biçimde, çok fazla olarak",Ermenice,
pırtlak,"Pırtlamış, dışarı fırlamış | Kabuğundan kolayca dışarı çıkabilen",,
pısırık,"Tutuk, sünepe, aşırı çekingen, yüreksiz ve beceriksiz (kimse); ezik, girgin karşıtı",,
pıyrım pıyrım,"Çok eskimiş, çok yıpranmış",,
pideli,"Pidesi olan, pideyle yapılan",,
pilavlık,Pilav yapmaya elverişli,,
pileli,"Pilesi olan; kırmalı, plili, plise",,
pilesiz,Pilesi olmayan; plisiz,,
pilili,"Pilisi olan, kırmalı, pilise",,
pilise,Pilili,Fransızca plissé,
pilisiz,Pilisi olmayan,,
pilli,"Pili olan, pille çalışan",,
pimpirik,"Gereksiz yere titizlik gösteren | Çok yaşlı ve güçsüz (kimse) | Harap, bozuk, virane",,
pimpirikli,Gereksiz yere titizlik gösteren,,
pinçik pinçik,"Küçük küçük, ufak ufak durumda olan | Parçalanmış, küçük parçalara ayrılmış biçimde",,
pinhan,"Gizli, saklı, gizlenmiş",Farsça pinhān,
pinpon,"Yaşlı, çökmüş",,
pipolu,Piposu olan,,
piposuz,Piposu olmayan | Piposu olmadan,,
piramidal,Piramit biçiminde olan [matematik] | Piramitle ilgili,Fransızca pyramidal,l ince okunur
piramitli,Piramit biçiminde olan,,
piramitsi,"Piramide benzeyen, piramidi andıran; piramidimsi",,
pireli,"Pire bulunan | Her şeyden bir anlam çıkaran, kuşkulu, işkilli, vesveseli olan",,
pirinçli,İçinde pirinç bulunan,,
pirinçsi,"Pirinci andıran, pirince benzeyen, pirinç gibi",,
pirinçsiz,İçinde pirinç olmayan,,
pirzolalık,Pirzola yapmaya elverişli,,
pis,"Kendinde pislik olan veya pislenmiş olan | Beğenilmeyecek durumda olan, kötü, zararlı | Çirkin, sevimsiz olan | İçinden çıkılması çok güç, karışık",,
pisboğaz,Eline geçeni zamansız ve ayırt etmeden yiyen (kimse),,pi'sboğaz
pistonlu,Pistonu olan,,
pişirimlik,Pişirilecek kadar olan,,
pişkin,"Gereğince pişmiş | Çabuk pişen; pişeğen, pişek | Saygısızca davranarak işini yürüten",,
pişkince,Biraz pişkin | (pişki'nce) Pişkine yakışır bir biçimde,,
pişman,Yaptığı bir işin veya davranışın olumsuz sonucunu görerek üzülen; nadim,Farsça peşīmān,
piyangolu,"Şanslı, talihli kimse",,
plajiyoklazlı,Plajiyoklaz içeren,,
plakalı,Üzerinde plaka bulunan,,
plakasız,Plakası olmayan,,
planlı,"Belirli bir plana göre yapılan, yürütülen, düzenlenen | Önceden belirlenerek yapılan, ölçülü, hesaplı",,
planörlü,Planörü olan,,
plansız,Belirli bir planı olmayan,,
plansız programsız,"Düzensiz, belli bir yönteme bağlı kalmayan | Düzensiz, belli bir yönteme bağlı kalmaksızın",,
platinimsi,"Platini andıran, platine benzeyen, platin gibi; platinsi | Platin renginde, gümüş renginde olan",,
Platoncu,Platonculuk yanlısı olan [felsefe],,
platonik,"Gerçekte var olmayan, karşılığı bulunmayan, hayalde yaşatılan, hep öyle kalması istenilen (aşk, sevgi ve ilgi); eflatuni",Fransızca platonique,l ince okunur
plütonik,Yerin derinliklerinde yer alan ve pütürlü yapıda olan,Fransızca plutonique,
poetik,Bir şairin sanat anlayışının açıklandığı metin,Fransızca poétique,
pog,Gür ve uzun (bıyık),,
polar,"Kutba ait, kutupla ilgili",İngilizce polar,l ince okunur
polifonik,"Çok seslilikle ilgili, çok sesliliğe ilişkin [müzik]",Fransızca polyphonique,
polimer,Aynı yapıda iki veya daha fazla molekülün birbirine eklenmesiyle meydana gelen (madde) [kimya],Fransızca polymère,
polisiye,"Konusu polisin ilgilendiği alanlarda olan (olay, roman, film vb.)",Fransızca policier,
politik,"Belli bir hedefe ulaşabilmek için uzlaşmayı, iyi geçinmeyi amaçlayan",Fransızca politique,
politize,"""Politikaya bulaştırmak"" anlamındaki politize etmek, ""politikaya bulaşmak"" anlamındaki politize olmak birleşik fiilinde geçen bir söz",Fransızca politisé,
ponponlu,Ponponu bulunan,,
ponponsuz,Ponponu bulunmayan,,
popüler,"Halkın arasında yaşayan motiflere, ögelere yer veren, onlardan yararlanan, halkın zevkine uygun, halk tarafından tutulan | Herkesçe tanınan, bilinen",Fransızca populaire,
popülist,Popülizm taraftarı olan (kimse); halkçı | Popülizmle ilgili,Fransızca populiste,
pornocu,Porno ile uğraşan (kimse),,
pornografik,Porno ile ilgili olan,Fransızca pornographique,
portakalımsı,"Portakalı andıran, portakala benzeyen, portakal gibi; portakalsı",,
portatif,"Kolay taşınabilen, katlanarak taşınabilir duruma getirilebilen; seyyar | Sökülüp başka yerde kurulma imkânı bulunan",Fransızca portatif,
pos,Gür ve uzun (bıyık),,
pos,Gür ve uzun (bıyık),,
posalı,Posası olan,,
posasız,Posası olmayan,,
postlu,Postu olan,,
postmodern,Postmodernizm yanlısı | Postmodernizme ait olan,Fransızca postmoderne,
postmodernist,Postmodernizm yanlısı olan | Postmodernizme ait olan,Fransızca postmoderniste,
postsuz,Postu olmayan,,
pos bıyıklı,Pos bıyığı olan,,
poşulu,Poşusu olan,,
poşusuz,Poşusu olmayan,,
potalı,Potası olan,,
potuk,Kırmalı ve geniş,,
poturlu,Potur giymiş olan,,
pozitif ayrımcı,Pozitif ayrımcılık yapan [toplum bilimi],,
pörsük,"Gevşeyip sarkmış, yıpranmış; porsuk (III)",,
pötikareli,Üzerinde küçük kareler bulunan,,
pragmacı,Pragmacılığı kendine öğreti olarak kabul eden; pragmatist [felsefe],,
prangalı,Prangaya vurulmuş,,
prangasız,Prangası olmayan,,
pratik zekâlı,Pratik zekâsı olan (kimse),,
pratisyen,Mesleğinde uzmanlık belgesi almamış olan (kimse); düz hekim,Fransızca praticien,
prefabrik,Parçaları önceden hazırlanıp birleştirilerek oluşturulan; kurma,Fransızca préfabriqué,
prehistorik,Tarih öncesine ilişkin veya bu dönemden kalma,Fransızca préhistorique,
presbit,Presbitliğe uğramış (göz veya kimse),Fransızca presbyte,
prese,"Presle sıkıştırılmış, sıkılmış olan",Fransızca pressé,
prezantabl,"Sunulabilir durumda olan | Derli toplu, düzenli | Olumlu özellikleri bir arada bulunduran",Fransızca présentable,
prezante,"""Tanıtmak"" anlamındaki prezante etmek birleşik fiilinde geçen bir söz",Fransızca présenté,
prizmatik,Prizma ile ilgili | Prizma biçiminde olan,Fransızca prismatique,
profan,"Dinle ilgisi olmayan, din dışı",Fransızca profane,
profesyonel,"Bir işi kazanç sağlamak amacıyla yapan (kimse), amatör karşıtı | Ustalaşmış, uzmanlaşmış",Fransızca professionnel,
programlı,"Belli bir programı olan | Programa bağlanmış, belli bir programa göre düzenlenmiş",,
programsız,"Belli bir programı olmayan | Programa bağlanmamış, belli bir programa göre düzenlenmemiş",,
proktolojik,Proktolji ile ilgili,Fransızca proctologie,l ince okunur
promosyonlu,Promosyon ihtiva eden | Özendirmek amacıyla yapılan,,
promosyonsuz,Promosyonu olmayan,,
prostelalı,Önlüğü olan,,
proteinli,Proteini olan,,
proteinsiz,Proteini olmayan,,
protestolu,Protesto yapılan | Protesto çekilen (senet vb.),,
protestosuz,Protesto yapılmayan,,
provalı,Provası yapılmış olan veya bulunan | Prova yapılarak,,
provasız,Provası yapılmamış olan veya bulunmayan | Prova yapılmaksızın,,
provizyonsuz,"Bankada karşılığı olmayan, karşılıksız (çek) | Bankada karşılığı bulunup bulunmadığı kontrol edilmeden",,
provoke,"""Kışkırtmak"" anlamındaki provoke etmek birleşik fiilinde geçen bir söz",Fransızca provoqué,
prozodik,Prozodi ile ilgili,Fransızca prosodique,
psikanalitik,Psikanalizle ilgili,Fransızca psychanaltique,
psikolojik,Psikolojiyle ilgili; ruh bilimsel,Fransızca psychologique,l ince okunur
psikopatolojik,Psikopatoloji ile ilgili [tıp],Fransızca psycopathologique,l ince okunur
psikososyal,"Zihin ve davranış üzerindeki soysal, kültürel ve çevresel etkilerin kesişimi ve etkileşimi olan [ruh bilimi]",Fransızca psychosocial,"psi'kososyal, l ince okunur"
psişik,"Başka birinin düşündüklerini veya uzakta geçen bir olayı hiçbir bağlantı olmadan algılama, geleceği görme gibi doğaüstü yeteneklere sahip",Fransızca psychique,
puanlı,Üzerinde puan bulunan | Puanı olan,,
puanlık,Puan değerinde olan,,
puansız,Üzerinde puan bulunmayan | Puanı olmayan,,
puantiye,"Noktalı, benekli (kumaş)",Fransızca pointillé,
puantiyeli,"Noktalı, benekli (kumaş)",,
pudralı,"Pudra sürülmüş olan (yüz, cilt)",,
pullu,Üzerine pul yapıştırılmış | Üzerine pul işlenmiş | Pulu olan,,
pulsu,"Pula benzeyen, pul gibi olan",,
pulsuz,Pulu olmayan,,
puluç,Cinsel gücü olmayan (erkek),,
pul biberli,İçerisine pul biber eklenmiş,,
puntolu,Herhangi bir büyüklükte puntosu olan,,
pusatlı,Pusatı olan | Zırh giymiş,,
puslu,"Puslanmış, pusarık, hafif sisli | Üzerinde pus bulunan",,
pussuz,Pusu (I) olmayan,,
pusulalı,Pusulası olan,,
pusulasız,Pusulası olmayan,,
putperest,Puta tapan,Farsça butperest,
putrelli,Putreli olan,,
pürçekli,Pürçeği olan,,
pürçeksiz,Pürçeği olmayan,,
pürçüklü,Pürçeği olan,,
pürçüksüz,Pürçeği olmayan,,
pürdikkat,Çok dikkatli | Dikkatli bir biçimde,Farsça pur + Arapça diḳḳat,pü'rdikkat
püriten,Kutsal kitapları yeniden ve değişik bir anlayışla okumaya özen gösteren,Fransızca puritain,
pürsıhhat,"Sıhhatli, sağlıklı",Farsça pur + Arapça ṣiḥḥat,pü'rsıhhat
pürtelaş,Telaşlı olarak,Farsça pur + Arapça telāş,"pü'rtelaş, l ince okunur"
pürtüklü,Pürtüğü olan,,
pürtüksüz,Pürtüğü olmayan,,
pürtük pürtük,Üzerinde pürtükler bulunan,,
pürüzlü,"Pürüzü olan | Boğuk ve bozuk (ses); çatallı | Karışık, güç (durum, iş); kılçıklı",,
pürüzsüz,"Pürüzü olmayan | Düzgün (ses) | Karışık olmayan (durum, iş); kılçıksız | Hatasız, takılmadan",,
püsküllü,"Püskülü olan, püskül takılmış olan",,
püskülsüz,Püskülü olmayan,,
püskürme benli,Bir arada irili ufaklı benleri olan,,
püskürük,Yanardağın püskürmesiyle ortaya çıkan [jeoloji],,
püsürlü,Püsürü olan; pürüzlü,,
püsürsüz,Püsürü olmayan; pürüzsüz,,
pütürlü,"Pütürü olan; pürüzlü, pürtüklü",,
pütürsüz,Pütürü olmayan,,
pütür pütür,Üzerinde pek çok pütür bulunan | Sertleşip çatlamış,,
rabbani,"Allah ile ilgili, Allah'a bağlı, ilahi, Allah'tan gelen [din bilimi] | Kalbini ve fikrini Allah'a bağlamış ve sadece onunla meşgul olan",Arapça rabbānī,rabba:ni:
rabıtalı,"Sözünü bilen, tutarlı, ağırbaşlı",,
rabıtasız,"Düzensiz, birbirini tutmaz | Ağırbaşlı olmayan, tutarsız | Birbirine bağlı veya tutarlı olmadan",,
raci,"Geri dönen | Dokunan, ilgilendiren, dayanan",Arapça rāciʿ,ra:ci:
radyasyonlu,İçinde radyasyon bulunan,,
radyasyonsuz,İçinde radyasyon bulunmayan,,
radyoaktif,"Alfa, beta veya gama ışınlarını yayma özelliği olan; ışın etkin [fizik]",Fransızca radioactive,ra'dyoaktif
radyobiyolojik,Radyobiyoloji ile ilgili [biyoloji],Fransızca radiobiologique,"ra'dyobiyolojik, l ince okunur"
radyoelektriksel,Radyoelektriğe ilişkin,,ra'dyoelektriksel
radyofonik,"Radyo ile ilgili, radyo ile yayımlanan",Fransızca radiophonique,ra'dyofonik
radyolojik,Radyoloji ile ilgili,Fransızca radiologique,l ince okunur
radyometrik,Radyometri ile ilgili [fizik],Fransızca radiométrique,ra'dyometrik
rafadan,Kaynar suda kabuğu ile az pişirilmiş (yumurta),,
rafine,"Kristalleştirme, damıtma gibi ayırma yöntemleriyle istenmeyen maddelerden arındırılmış (yağ, petrol vb.) | Hassas, duygulu, nazik, ince, seçkin",Fransızca raffiné,
raflı,Rafı olan,,
rafsız,Rafı olmayan,,
rağbetli,"İstek gören, rağbet gören, rağbet edilen",,
rağbetsiz,"İsteksiz, gönülsüz, rağbet etmeyen | İstenilmeyen, rağbet edilmeyen",,
rahatsız,"Rahatı olmayan, tedirgin, huzursuz | Rahat kullanılmayan, sıkıntı, tedirginlik veren",,
rahman,"Herkese, her canlıya merhamet eden (Tanrı) [din bilimi]",Arapça raḥmān,
rahîm,"Koruyan, acıyan, merhamet eden (Tanrı) | Koruyarak, acıyarak, merhamet ederek",Arapça raḥīm,rahi:m
rakamlı,"Rakamı olan, içinde rakam bulunan",,
rakamsız,Rakamı olmayan,,
rakik,"İnce, narin | Merhametli, yufka yürekli",Arapça raḳīḳ,
rakipsiz,"Daha üstünü, daha iyisi bulunamayan (kimse veya şey)",,
rakit,Durgun (su),Arapça rākid,ra:kit
rakkaslı,Sarkacı olan,,
ram,"Boyun eğen, kendini başkasının buyruğuna bırakan",Farsça rām,ra:m
ramazanlık,Ramazan için ayrılmış (yiyecek),,
rampalı,Yokuşu olan,,
randevulu,Randevusu bulunan | Randevu alarak,,
randevusuz,Randevusu olmayan | Randevu almadan,,
randımansız,Randımanı olmayan,,
rantabl,"Gelir getiren, kâr sağlayan; verimli, getirimli [ekonomi]",Fransızca rentable,
raporlu,"Raporu olan | Hastalandığı için rapor alarak işinden geçici bir süre ayrılmış olan | Ruh sağlığının bozuk olduğunu bildiren raporu olan, kaçık",,
raporsuz,Raporu olmayan,,
rastgele,"(ra'stgele) Seçmeden, iyisini kötüsünü ayırmadan; gelişigüzel, lalettayin",,ra'stgele
rastıklı,Rastık sürülmüş olan (kaş veya saç),,
rastlantısal,Rastlantı ile ilgili; tesadüfi,,
rasyonel,"Akla uygun, aklın kurallarına dayanan; ölçülü, ussal, hesaplı",Fransızca rationnel,
raşitik,Raşitizm hastalığına yakalanmış (çocuk),Fransızca rachitique,
rate,"Yaşlı, verimsiz, geçimsiz (kimse)",Fransızca raté,
rayihalı,Güzel kokulu,,
raylı,Rayı bulunan | Ray üzerinde hareket eden,,
raysız,Rayı bulunmayan | Ray sistemi bulunmayan veya ray sistemine bağlı olmayan,,
razı,"Uygun bulan, benimseyen, isteyen, kabul eden",Arapça rāżī,ra:zı
reçellik,Reçel yapmaya uygun veya reçel yapmak için ayrılmış olan (meyve),,
reçeteli,Reçete karşılığında satılan (ilaç),,
reçetesiz,Reçete aranmaksızın satılan (ilaç),,
reçineli,Özünde reçine bulunduran,,
redingotlu,Redingot giymiş olan,,
rehberli,Rehberi olan,,
rehbersiz,Rehberi olmayan,,
remzî,"Remiz ile, işaretle ilgili",Arapça remzį,remzi:
rencide,"İncinmiş, kalbi kırılmış",Farsça rencīde,
rendeli,"Rendesi olan, rendelenmiş",,
rendesiz,"Rendesi olmayan, rendelenmemiş",,
rengârenk,"Çeşitli renkleri olan, renk renk",Farsça rengāreng,re'ngâ:renk
renksemez,Beyaz ışığı çözümlemeden veren; akromatik [fizik] | Hücrede boyayı kabul etmeyen [biyoloji],,
renkser,Renklerle ilgili olan; kromatik [fizik],,
renksiz,Rengi olmayan | Solgun görünen | Davranış ve düşünce yönünden belli bir niteliği olmayan,,
resimli,İçinde resimler bulunan; musavver,,
resimsi,"Resmi andıran, resme benzeyen, resim gibi | Durumu ve görünüşü resim konusu olmaya değer (görünüş); pitoresk",,
resmî,"Devletin olan, devlete ait, devletle ilgili, özel karşıtı | Devletin öngördüğü yöntemlere uygun olarak yapılan; formel | Samimi olmayan; teklifli",Arapça resmī,resmi:
restore,"""Eski ve değerli bir yapıyı onarıp eski durumuna getirmek"" anlamındaki restore etmek birleşik fiilinde geçen bir söz [mimarlık]",Fransızca restauré,
revaçta,"Gözde, tutulan, rağbet edilen",,
revaklı,Revak bulunan,,
revaksız,Revak bulunmayan,,
revan,"Giden, yürüyen",Farsça revān,
revnaklı,"Revnakı olan, renkli, popüler, göz alıcı olan",,
reye,Çubuklu çizgileri olan (kumaş),Fransızca rayé,
rezil,"Utanılacak, ayıp şeyler yapan (kimse)",Arapça reẕīl,
rezilce,Rezil bir nitelikte olan | (rezi'lce) Rezil bir biçimde; rezilcesine,,
riayetkâr,"Uyan, saygı gösteren, riayet eden",Arapça riʿāyet + Farsça -kār,ria:yetkâr
riayetsiz,"Saygısız, kaba olan | Saygısızca, kabaca davranarak",,
ricacı,Bir kimseden başka biri adına ricada bulunan (kimse),,
rijit,"Sert, katı (davranış) | Kuvvet veya moment etkisi altında şekil değiştirmeyen, formunu koruyan",Fransızca rigidité,
rikkatli,"Nazik, kibar, ince",,
rimelli,Rimel sürülmüş (kirpik),,
rimelsiz,Rimel sürülmemiş (kirpik),,
rintçe,"Rinde yakışan; rindane | (ri'ntçe) Rint gibi, rinde yakışır bir biçimde; rindane",,
riskli,Riski olan,,
risksiz,Riski olmayan,,
ritimli,"Düzenli aralıklarla tekrarlanan; dizemli, tartımlı, ritmik",,
ritimsiz,"Dizemi olmayan; dizemsiz, tartımsız",,
riyasız,"Olduğu gibi görünen, ikiyüzlü davranmayan | İki yüzlü davranmadan",,
rizikolu,Rizikosu olan,,
rizikosuz,Rizikosu olmayan,,
robalı,Robası olan,,
romanesk,"Roman özelliği olan | Romanla ilgili olan | Duygusal, düşçü",Fransızca romanesque,
romansı,"Romanı andıran, romana benzeyen, roman gibi; romanımsı",,
romatizmalı,Romatizması olan,,
romatizmasız,Romatizması olmayan,,
rostoluk,Rosto yapmaya elverişli (et),,
röfleli,Değişik tonlarda boyanmış (saç),,
rötuşlu,"Rötuş yapılmış, düzeltilmiş",,
rötuşsuz,"Rötuş yapılmamış, düzeltilmemiş",,
rubaimsi,"Rubaiyi andıran, rubaiye benzeyen, rubai gibi",,
ruhçu,"Ruhçuluk öğretisini benimseyen (kimse); tinselci, ispritizmacı, spiritüalist [felsefe] | Ruhçulukla uğraşan (kimse); tinselci, ispritizmacı, spiritüalist",,
ruhlu,"Görünüşü veya ruhsal durumu herhangi bir nitelikte olan | Canlı, etkili",,
ruhötesi,"Ruhlarla ilişki kurma, gelecekten haber verme gibi ruh biliminin kapsamına girmeyen ve onun dışında incelenen olayları kapsayan (alan); metapsişik [ruh bilimi]",,
ruhsal,"Maddeyle ilgisi olmayan, ruhla ilgili olan; ruhi, tinsel, spiritüel | Ruh bilimi ile ilgili; psikolojik | Bir grubun veya bir bireyin davranış, düşünce ve duygulanma biçimleriyle ilgili; psikolojik",,
ruhsatlı,"Yapılması, kullanılması vb. için gerekli izni olan, ruhsatı olan",,
ruhsatsız,"Yapılması, kullanılması vb. için gerekli izni olmayan, ruhsatı olmayan | İzin almadan",,
ruhsuz,"Cansız, güçsüz, etkisiz, miskin",,
ruh ikizi,"Düşündükleri, hissettikleri birbirinin aynı olan (kimse)",,
rujlu,Ruj sürülmüş,,
rujsuz,Ruj sürülmemiş,,
rulmanlı,Rulmanı bulunan,,
rulmansız,Rulmanı bulunmayan,,
Rumi,"Anadolu ile ilgili, Anadolu'ya bağlı, Anadolu'da yaşayan [tarih] | Bizans İmparatorluğu'na ve bu imparatorluğun egemenliği altındaki kimselere ilişkin",Arapça rūmī,ru:mi:
rumuzlu,"Rumuzu olan, rumuzla anlatılan",,
runik,Run harfleriyle yazılmış,Fransızca runique,
rutubetsiz,Nemi olmayan,,
rüküş,Gülünç bir biçimde giyinip süslenen (kadın),Arapça ruḳşe,
rüsva,"Ayıplanacak durumda olan, rezil",Farsça rusvā,
rütbeli,Rütbesi olan,,
rütbesiz,Rütbesi olmayan,,
rüzgârlı,"Rüzgâr alan, rüzgâra açık; yelli",,
rüzgârsız,"Rüzgârı olmayan, rüzgâr tutmayan, yel esmeyen",,
saatli,"Saati olan, saati bulunan",,
saatlik,Belli bir saat süresince yapılan veya olan,,
sabahki,"Sabaha özgü, sabah olan, sabah yapılan",,
sabıkalı,Sabıkası olan,,
sabıkasız,Sabıkası olmayan; temiz,,
sabırlı,"Sabır gösteren, katlanan, sabreden",,
sabırsız,"Sabır göstermeyen, sabrı olmayan",,
sabit,"Yerinden oynamayan, yerini değiştirmeyen; durağan | Gerçekliği tespit edilmiş, kanıtlanmış olan | Değişmeyen, hep aynı kalan, önceden ayarlanmış",Arapça s̱ābit,sa:bit
sabitkadem,"Süreklilik gösteren | Sözüne sadık, sözünü tutan ve yerine getiren",Arapça s̱ābit + ḳadem,sa:bitkadem
sabunköpüğü,"Gelip geçici, önemsiz",,sabu'nköpüğü
sabunlu,İçinde sabun eritilmiş | Sabun sürülmüş fakat durulanmamış,,
sabunsuz,İçinde sabun bulunmayan | Sabun sürülmeden,,
sabur,Çok sabırlı,Arapça ṣabūr,
saçaklı,Saçağı olan,,
saçık,"Saçılmış, serpilmiş",,
saçlı,Saçı olan,,
saçlı sakallı,Yaşlanmış (kimse),,
saçmacı,Saçma sapan söz söyleyen,,
saçsız,Saçı olmayan,,
sadakatli,Dostluğu ve bağlılığı içten olan; sadık,,
sadakatsiz,Sadık olmayan,,
sadaklı,Sadağı olan,,
sade,"Şeker katılmamış (kahve); şekersiz | (sa:'de) Yalnızca, yalnız, ancak, sadece | İçine bir şey katılmamış olarak | Süsü, gözterişi olmadan, yalın biçimde, gösterişsiz olarak | Yalın, süssüz, anlaşılır olan (üslup, anlatım) [edebiyat]",Farsça sāde,sa:de
sadık,"Doğru, gerçek",Arapça ṣādiḳ,sa:dık
sadik,Sadistlik özelliği olan [ruh bilimi],Fransızca sadique,
sadist,"Başkalarına acı çektirerek cinsel doyum sağlayan (kimse); elezer, sadik [ruh bilimi] | Başkalarına acı çektirmekten zevk duyan (kimse); elezer, sadik",Fransızca sadiste,
saf,"İçine başka şeyler karışmamış olan; katışıksız, doğal, halis, has, öz (II), som (I) | Etrafında olup bitenleri anlayamayan, kurnazlığa aklı ermeyen, zekâ ve kavrayıştan yoksun olduğu için kolay kandırılabilen (kimse); avanak, bön, safderun, safdil | İyi niyetli, art niyetsiz",Arapça ṣāf,
safça,"Biraz saf; safdilli | (sa’fça) Saf bir biçimde; avanakça, avanakçasına bönce, böncesine, safçasına, safiyane",,
safi,"Katıksız, duru, temiz olan | (sa:'fi) Yalnız olarak, yalnız, sadece",Arapça ṣāfī,sa:fi:
safkan,Irkının katışıksız özelliklerini taşıyan (at),,
safralı,Safrası olan,,
safrasız,Safra konulmamış,,
safsatacı,"Boş, temelsiz, asılsız konuşan (kimse)",,
saftirik,"Kolayca aldatılabilecek (kimse); saftaron, saftorik",,
saf dışı,"Dizi dışı olarak | İlgisiz, bağlantısız, işlemez",,
sağ,"Sağlam, esen | Yaşamakta olan",,
sağcı,Sağ görüşlü partilerin yandaşı olan (kimse),,
sağduyulu,Sağduyusu olan,,
sağımlık,Sağılmak için beslenen (hayvan),,
sağın,"Doğruluk kuralına uygun olan [felsefe] | Sözün anlatılmak istenene tam karşılık olması, tam uygun düşmesi niteliği, sahih",,
sağır,"İşitme ve konuşma sorunu yaşayan, iletişimi işaret dili ile kurabilen ve işiten kişilerle iletişim kurmakta zorlanan (kimse) | Ses geçirmeyen | Isıyı az veren, geç ısınan | Vurulduğu zaman gereği kadar ses vermeyen | İçi görülmeyen, donuk (cam)",,
sağır dilsiz,Hem duymayan hem de konuşamayan (kimse),,
sağlam,"Bozulmadan, değişmeden uzun süre varlığını koruyabilen, dayanıklı olan; bek (I), berk, muhkem | Zarar görmemiş, bozulmamış | Sakatlık veya hastalığı bulunmayan, sağlıklı, sıhhatli | Belgeye dayanan, doğru, doğruluğuna güvenilen; mevsuk | Gerçek, inanılır bir temeli olan | (sa'ğlam) Her hâlde, muhakkak",,
sağlamca,"Oldukça sağlam, sağlama yakın | (sağla'mca) Sağlam bir biçimde",,
sağlamcı,İşini sağlama bağlayan,,
sağlıklı,"Sağlık durumu iyi olan; sıhhatli | Sağlık kurallarına uygun olan; hijyenik | Sağlığı koruyan | Sağlam, doğru, güvenilir, gerçek",,
sağlıksal,Sağlıkla ilgili; hijyenik,,
sağlıksız,"Sağlık durumu iyi olmayan, sağlığı bozuk; sıhhatsiz | Sağlığa zararlı; gayrisıhhi | Sağlam, doğru, güvenilir olmayan",,
sağlı sollu,"Sağda ve solda olan | Sağda ve solda olarak, hem sağına hem soluna",,
sağ eğilimli,"Dünya görüşü sağcılığa, muhafazakârlığa yatkın olan",,
sahici,"Sahte olmayan, gerçek, yapma karşıtı",,
sahih,"Gerçek, doğru, sağın, hakiki",Arapça ṣaḥīh,
sahipli,"Bir kimsenin malı olan | Koruyucusu, gözeteni bulunan",,
sahipsiz,Kimsenin malı olmayan; iyesiz,,
sahte,"Bir şeyin aslına benzetilerek yapılan; çakma, düzme, düzmece | Gerçek olmayan, gerçeğe benzetilmiş; yalancı",Farsça sāḫte,
sahtekâr,"Sahte işler yapan; düzmeci, sahteci, yezit",Farsça sāḫtekār,
sair,"Başka, öteki, diğer",Arapça sāʾir,sa:ir
sak,Uykusu hafif,,
sakağılı,Sakağı hastalığı olan,,
sakalı,Saka hastalığına tutulmuş,,
sakalsız,Sakalı olmayan,,
sakametli,Sakameti bulunan,,
sakarinli,Sakarini olan,,
sakarinsiz,Sakarini olmayan | Sakarin olmaksızın,,
sakat,"Doğuştan veya sonradan herhangi bir nedenle bedensel, zihinsel, ruhsal, duyusal veya sosyal yeteneklerini çeşitli derecelerde kaybetmiş, toplumsal yaşama uyum sağlama ve günlük gereksinimlerini karşılama güçlükleri çeken (kimse); alil, muallel | Bozuk veya eksik; çürük",Arapça saḳaṭ,
sakıncalı,"Sakınmayı, çekinmeyi gerektiren; mahzurlu",,
sakıncasız,Sakınmayı gerektirmeyen; mahzursuz,,
sakınımlı,"İhtiyatlı, tedbirli",,
sakınımsız,"İhtiyatsız, tedbirsiz",,
sakıntılı,Sakıntısı olan,,
sakıntısız,Sakıntısı olmayan,,
sakızlı,"Sakızı olan, içinde sakız bulunan",,
sakim,"Bozuk, yanlış, eksik",Arapça saḳīm,saki:m
sakin,"Hareket etmeyen, kımıldamayan | Dingin olan; durgun, sakince | Kimseyi rahatsız etmeyen | Kolayca sinirlenmeyen; sinirsiz | Huysuzluğu, rahatsızlığı azalmış veya geçmiş | Bir yerde oturan",Arapça sākin,sa:kin
sakince,Sakin | (sa:ki'nce) Sakin bir biçimde,,
sakinleştirici,"Sakinleştiren, sakinleştirme özelliği olan | İnsanın sinirleri yatıştıran (ilaç); yatıştırıcı, müsekkin, trankilizan",,
sakit,"Susmuş, sessiz",Arapça sākit,sa:kit
saklı,"Saklanmış olan | Elde tutulan; mahfuz | Gizli bir yere konarak kaybolması veya çalınması önlenen | Başkalarından gizlenen, gizli tutulan; hafi",,
salak,"Görünüşünden, konuşma ve davranışlarından seviyesiz, dengesiz ve saf olduğu anlaşılan (kimse); saloz",,
salakça,"Salağa benzer, salak gibi | (sala'kça) Salağa benzer bir biçimde",,
salamuralık,Salamura yapmaya elverişli | Salamura yapmaya ayrılmış,,
salatalı,Salata bulunan,,
salatasız,Salata bulunmayan | Salata olmadan,,
salçalı,"Salça konmuş, içinde salça olan",,
salçalık,Salça yapmaya elverişli | Salça yapmak için ayrılmış,,
saldırgan,"Başkasına saldıran, yapısında saldırma özelliği olan (devlet, kimse, hayvan); sataşkan, agresif, mütecaviz",,
saldırıcı,Saldırgan olan,,
saldırısız,Saldırı yapılmayan | Saldırı yapmadan,,
salgılı,Salgı çıkaran veya üreten,,
salıncaklı,Salıncağı olan | Salıncak gibi sallanmaya yarar biçimde olan,,
salıncaksız,Salıncağı olmayan | Salıncak olmadan,,
salıntılı,"Herhangi bir etkiyle sarsılabilen, sallanabilen | Yürüyüşünde iki yana salınan",,
salik,"Bir yola giren, bir yolda giden",Arapça sālik,sa:lik
salim,"Sakin, huzurlu olan",Arapça sālim,sa:lim
salipli,Salibi olan,,
salipsiz,Salibi olmayan,,
saliselik,Belli bir salise süresince yapılan veya olan,,
salisilik,Söğüt kabuğundan çıkarılan antiseptiklerle ilgili olan [kimya],Fransızca salicylique,
salkımlı,Salkımı olan,,
salkım saçak,Çok fazla | Parçalara ayrılmış biçimde,,
salkım salkım,Salkım gibi | Salkımlar biçiminde,,
sallabaş,Başı sürekli sallanan | Her sözü düşünmeden onaylayan,,
sallantılı,Sallantısı olan,,
sallantısız,Sallantısı olmayan,,
sallapati,"Düşünmeden ve saygısızca davranan | Özensiz, dikkatsiz ve kaba saba yapılmış | Düşüncesizce, saygısızca ve patavatsız bir biçimde | Özensiz, dikkatsiz ve kaba saba giyinmiş biçimde",,
sallı,"Büyük ve geniş, sal gibi yayvan",,
salpa,Tembel (kimse); salpak,,
salt,"İçinde yabancı bir öge bulunmayan; mutlak | İçine, kendisine yabancı hiçbir şey karışmamış [felsefe]",Moğolca,
saltanatlı,"Gösterişli, görkemli",,
saltanatsız,"Gösterişsiz, görkemsiz",,
saltçı,Saltçılığı benimseyen; mutlakçı,,
saltık,"Bağımsız, göreli olmayan ve kendi başına tam sayılan (bir olgunun niteliği) [toplum bilimi]",,
salyamsı,"Salya gibi olan, salyayı andıran",,
samanlı,Samanı olan,,
saman alevi,"Gelip geçici, çabuk yatışan, çabuk sona eren",,
sami,"İşiten | Dinleyen, dinleyici",Arapça sāmiʿ,sa:mi
samimi,"İçli dışlı, senli benli olarak",Arapça ṣamīmī,sami:mi:
samur kaşlı,"Kaşları kumral, yumuşak ve gür olan (kimse)",,
sanatlı,"Sanatla yapılmış, bir usta elinden çıkmış; musanna",,
sanatsal,"Sanata ilişkin, sanatla ilgili; sanatlık",,
sanatsever,"Sanatla iç içe olmaktan zevk alan, sanatı koruyan ve yaşatan (kimse)",Arapça ṣanʿat + Türkçe sever,sana'tsever
sanatsız,Sanatı olmayan,,
sancılı,"Sancıya tutulan, sancısı olan | Sancı veren",,
sancısız,Sancısı olmayan,,
sandalyeli,Sandalyesi olan,,
sandalyesiz,"Sandalyesi olmayan | Makamından inmiş, makamını kaybetmiş",,
sangı,"Sersemleşmiş, şaşkınlaşmış olan, sözü kolayca anlamayan",,
saniyelik,Çok kısa süren | Belli bir saniye süresince yapılan veya olan,,
sanlı,"Sanı olan, ünlü",,
sanrısal,Sanrıya ilişkin,,
sansız,"Sanı, ünü olmayan",,
sansürlü,Sansürlenmiş olan,,
sansürsüz,Sansürlenmemiş olan,,
santilitrelik,Belli bir santilitre hacminde olan,,
santimantal,"Duygulu, içli, hassas",Fransızca sentimental,l ince okunur
sapa,"Merkezden uzak, kıyıda köşede kalmış | Gidilen yol üzerinde olmayan, her zaman ve kolayca gidilemeyen | Düzgün olmayan, yolundan sapmış",,
sapasağlam,"Çok sağlam, her yanı sağlam | Sağlam bir biçimde",,sapa'sağlam
sapık,"Tavır ve davranışları normal olmayan veya geleneklerden, törelerden ayrılan, anormal (kimse) | Genel olana, alışılmışa ve kurala aykırı olan, normal olmayan",,
sapıntılı,"Yolundan, gidişinden, normal durumundan sapmış olan | Normal dışı değişiklik gösteren; aberant [tıp] | Az görülen, nadir bir özellik gösteren (tür); aberant [biyoloji] | Bazı özellikleriyle ana biçimden veya ait olduğu türden ayrılan (kelime); aberant [dil bilgisi]",,
sapkın,Doğru yoldan ayrılmış olan | Sapkıya uğramış olan,,
saplantılı,Saplantısı olan; sabit fikirli,,
saplantısız,Saplantısı olmayan | Saplantısı olmadan,,
sapsarı,"Her yanı sarı, çok sarı",,sa'psarı
sapsız,"Sapı olmayan | Boş gezen, bir işe yaramayan (kimse) | Erkek arkadaşı veya eşi olmayan, erkeksiz yaşayan (kadın)",,
sarakacı,Saraka yapan,,
saralı,Sara hastalığı olan (kimse); tutarıklı,,
saraylı,Osmanlı Devleti'nde padişah sarayında bulunmuş olan (kadın),,
sargılı,Sargısı olan | Sargı beziyle sarılmış,,
sargısız,Sargısı olmayan | Sargı beziyle sarılmamış,,
sarhoş,"Alkollü içki veya keyif verici bir madde sebebiyle kendini bilmeyecek durumda olan (kimse); esrik, başı dumanlı, demci, dumanlı, kafası bulutlu, kafası iyi, kafası dumanlı, kafası kıyak, mest (I), sermest | Bir şeyden çok fazla mutluluk duyan | Hoşa giden bir etki ile kendinden geçmiş olarak; esrik",Farsça ser + ḫoş,
sarıklı,"Başına sarık sarmış olan, sarığı olan; destarlı",,
sarılgan,"Sapı yakınındaki başka bitkilere, başka şeylere sarılıp yükselen, otsu veya odunsu (sap, bitki); sarmaşan [bitki bilimi]",,
sarılı,Üstünde sarı renk bulunan,,
sarılı,Sarılmış olan,,
sarılıklı,Sarılık olan (kimse),,
sarımlı,Sarılmış; burgulu,,
sarımsaklı,İçinde sarımsak bulunan,,
sarımsı,"Rengi sarıyı andıran, sarıya benzeyen; sarımtırak",,
sarışın,Sarı saçlı ve ak tenli (kimse) | Sarıya yakın renkli,,
sarışınca,Sarışına yakın,,
sarı sendikacı,İşverenden yana olarak çalışan,,
sarı yağız,Sarı benizli (erkek),,
sarkaçlı,Sarkacı olan,,
sarkaçsız,Sarkacı olmayan,,
sarkık,"Aşağı doğru uzanmış veya sarkmış | Sıkı ve gergin olmayan; sölpük, salpa",,
sarkıl,"Sarkaçla ilgili, hareketi sarkaç hareketine benzeyen [fizik]",,
sarmal,"Dolana dolana oluşmuş, birbirini izleyen; helisel, helezonlu, helezoni, helezonik [fizik] | İçinden çıkılmaz (durum)",,
sarmaşıklı,Sarmaşığı olan,,
sarmaşıksız,Sarmaşığı olmayan,,
sarnıçlı,Sarnıcı olan,,
sarp,"Dik, çıkması ve geçilmesi güç (yer); yalman | Güç, zor olan",,
sarsak,"Yaşlılık, hastalık vb. sebeplerle güçsüz kalarak vücudu titrer gibi sarsılan (kimse) | Değişken, sağlam olmayan",,
sarsıcı,"Sarsan, sarsma özelliği gösteren",,
sarsık,Sarsılmış,,
sarsıntılı,Sarsıntısı olan,,
sarsıntısız,"Sarsıntısı olmayan, sarsılmayan",,
sarsıntı bilimsel,Sarsıntı bilimi ile ilgili; travmatolojik [tıp],,
sası,"Çürük ve küf kokusu çıkaran | Çürümüş olan | Tatsız tuzsuz, yavan olan (yiyecek) | Değerini yitirmiş, geçersiz olan | Kişi, toplum vb. özelliğini, niteliğini yitirerek bozulma",,
satılık,Satışa çıkarılmış olan,,
satirik,"Yergi ile ilgili, yergi niteliğinde olan",Fransızca satirique,
savatlı,"Savatı olan, savatlanmış",,
savruk,"Aklını işine vermeyen | Düzensiz, dağınık",,
savunmalı,Savunmayı esas alarak kurulan (oyun düzeni); defansif [spor],,
savunmalık,Savunmayla ilgili olan; tedafüi,,
savunmasız,Savunma gücü olmayan,,
sayaçlı,Sayaç takılmış olan,,
sayaçsız,Sayaç takılmamış olan,,
saydam,"Açık seçik, belirgin olan",,
saydamsız,Saydam olmayan,,
sayfalık,Herhangi bir sayıda sayfası olan | Herhangi bir sayıda sayfaya sığabilen,,
saygıdeğer,Kendisine saygı gösterilmeye değer; muhterem,,saygı'değer
saygılı,"Saygısı olan, saygı gösteren; hürmetli, hürmetkâr",,
saygın,"Saygı gören, sayılan, hatırı sayılan, itibarı olan, sözü geçer; hatırlı, itibarlı, muteber",,
saygısız,"Gereken saygıyı göstermeyen, saygısı olmayan; hürmetsiz",,
sayılı,"Herhangi bir sayı ile belirtilmiş olan | Sayısı belli olan, sayılmış olan | Az görülen; mahdut",,
sayımlı,Sayısı bulunan,,
sayımsal,Sayımlama veya sayım bilimi ile ilgili olan,,
sayın,Konuşma ve yazışmalarda saygı belirtisi olarak kişi adlarının önüne getirilen söz,,
sayısız,Sayılmayacak kadar çok; sayımsız,,
saymaca,"Gerçekte öyle olmadığı hâlde öyleymiş gibi kabul edilen; itibari, fiktif, nominal | (sa'ymaca) Sayarak",,
sayrımsak,Gerçekte hasta olmadığı hâlde kendini hasta gösteren,,
sazlı,Saz çalınarak yapılan,,
sazlı sözlü,Saz çalınarak yapılan (eğlence),,
sazsız,Sazı olmayan | Eğlencesiz bir biçimde,,
saz benizli,Solgun yüzlü,,
sebatlı,"Bir işi yılmadan sonuna kadar götüren; direşken, sebatkâr",,
sebatsız,Sebat etmeyen,,
sebepli,Sebebi olan; nedenli,,
sebepsiz,"Sebebi olmayan; nedensiz, bilasebep | Bir sebebi olmadan; nedensiz, bilasebep",,
sebzeli,İçinde sebze bulunan,,
sebzesiz,İçinde sebze bulunmayan,,
seciyeli,"Sağlam karakterli, kendisine güvenilir (kimse)",,
seciyesiz,"Karakteri sağlam olmayan, kendisine güvenilmeyen (kimse)",,
seçenekli,Seçeneği olan; alternatifli,,
seçeneksiz,Seçeneği olmayan; alternatifsiz,,
seçici,"Seçme işini yapan (kimse, kurul vb.)",,
seçilmiş,Seçerek ayrılmış; müntehap | Aynı cinsten olan nesneler arasından iyi ve seçkin olanlar çıktıktan sonra geride kalanlar | Seçimle işbaşına gelen,,
seçimlik,"İsteğe bağlı, seçmeli olan; ihtiyari",,
seçkin,"Benzerleri arasında niteliklerinin yüksekliğiyle göze çarpan; değme (II), mümtaz, güzide, mutena | Bir toplumda saygın ve etkin mevkilerde bulunan ve toplumun eğitim, ekonomi, siyaset, askeriye, din, sanat vb. alanlarıyla ilgili etkinliklerin denetimini elinde tutan (kişi veya grup); elit",,
seçkinci,Seçkin kimselerden yana olan,,
seçmece,"Seçerek alınan veya satılan | (se'çmece) Seçme şartı ile, seçerek",,
seçmeci,"Seçmecilik yanlısı olan (filozof, görüş vb.); eklektik",,
seçmeli,Seçilebilen | Zorunlu olmayan; selektif,,
sedefli,Sedefle işlenmiş,,
sedefsi,"Sedefi andıran, sedefe benzeyen, sedef gibi; sedefimsi",,
sedef kakmalı,Sedef kakması olan,,
sedirli,Sediri (I) olan,,
sedyelik,Sedye ile götürülebilecek durumda olan,,
sefalı,"Şenlikli, eğlenceli olan",,
sefasız,"Şenliği, eğlencesi olmayan",,
seferber,Savaşa hazırlanmış veya girmiş (askerî birlik) [askerlik],Arapça sefer + Farsça -ber,
seferli,Sefere giden veya sefere çıkan,,
seferlik,Herhangi bir defaya yetecek miktarda olan,,
sefil,"Yoksulluk içinde olan | Adi, bayağı olan | Yoksul veya bayağı bir biçimde",Arapça sefīl,
sefile,Sefalet içinde bulunan kadın,Arapça sefįle,
seğirtken,Sıçrayarak yakın bir yere doğru koşan,,
sek,"İçine su, başka bir içki veya bir sıvı karıştırılmamış (içki) | İçine su veya bir başka içki karıştırmadan",Fransızca sec,
sekili,Sekisi olan,,
sekizer,"Sekiz sayısının üleştirme sayı sıfatı | Her birine sekiz, her defasında sekizi bir arada olan",,
sekizerli,Sekizer sekizer sıralanmış | Her biri sekiz birimden oluşan,,
sekizinci,"Sekiz sayısının sıra sıfatı, sırada yedinciden sonra gelen",,
seksener,"Seksen sayısının üleştirme sayı sıfatı | Her birine seksen, her defasında sekseni bir arada olan",,
seksenerli,Seksener seksener sıralanmış | Her biri seksen birimden oluşan,,
sekseninci,"Seksen sayısının sıra sıfatı, sırada yetmiş dokuzuncudan sonra gelen",,
seksenli,"Seksen parçası bulunan, seksen parçadan oluşan | İçinde seksen tane aynı nesneden bulunan | Seksen ile doksan arasında olan",,
seksenlik,Seksen tanesi bir arada olan veya içinde aynı şeyden seksen tane bulunan | Seksen yaş dolaylarında olan veya görünen (kimse),,
seksi,Cinsel çekiciliği olan,İngilizce sexy,
sekter,"Başkalarının siyasi, dinî vb. düşüncelerine, inançlarına karşı çıkan, katı ve hoşgörüsüz davranan (kimse) | Katı, hoşgörüsüz (düşünce, tutum)",Fransızca sectaire,
sektörel,"Bölüm, kol, dal, kesim ile ilgili",Fransızca sectoriel,
seküler,"Yüzyıllık, yüzyılda bir olan",Fransızca séculaire,
selim,"Doğru, dürüst, kusursuz | Sonu iyi, tehlikesiz, kötücül olmayan, iyicil (ur veya hastalık)",Arapça selīm,
selülozik,İçinde selüloz bulunan,Fransızca cellulosique,l ince okunur
selülozlu,Bileşiminde selüloz içeren,,
semavi,"Allah’tan gelen, ilahi (I) | Gökle ilgili, göğe ilişkin; ulvi",Arapça semāvī,sema:vi:
seme,"Sersem, ahmak, alık",Farsça seme,
semerli,Semeri olan (yük hayvanı),,
semersiz,Semeri olmayan (yük hayvanı),,
semirgin,"Tembellikten yağ bağlayan, semiren (kimse) | Semirmekten dolayı hareketleri ağırlaşmış (kimse)",,
semiyolojik,Semiyoloji ile ilgili,Fransızca sémiologique,l ince okunur
semiz,"Eti, yağı çok olan; tavlı",,
semizce,"Semiz gibi, semize yakın, semizi andıran",,
sempatik,"Çok hoş, hoşa giden",Fransızca sympathique,
sendikal,Sendika ile ilgili,Fransızca syndical,l ince okunur
sendikalı,Sendika üyesi olan,,
sendikasız,Sendika üyesi olmayan,,
senetli,"Senedi olan, senetle sağlamlaştırılmış olan",,
senetsiz,"Senedi olmayan, senede dayanmayan",,
senfonik,"Senfoni ile ilgili, senfoniye dayanan",Fransızca symphonique,
seninki,"Senin olan, seninle ilgili olan | Yanındakinin karısından veya kocasından söz ederken kullanılan söz | Yakın çevrede olan bir kimseden söz ederken kullanılan bir söz",,
senli benli,"Aşırı derecede samimi | Aşırı ölçüde samimi olarak, teklifsiz bir biçimde",,
sepetli,Sepeti olan,,
sepetsiz,Sepeti olmayan,,
sepet kafalı,"Ahmak, alık",,
sepili,"Sepilenmiş, tabaklanmış (deri, post); tabaklı (II)",,
serazat,"Serbest, özgür",Farsça ser + āzād,sera:zat
serbaz,"Yürekli, yiğit, korkusuz (kimse)",Farsça serbāz,
serbestçe,Hareketlerine dikkat etmeyen | (serbes'tçe) Serbest bir biçimde,,
serencamlı,Serencamı olan,,
serencamsız,Serencamı olmayan,,
sergin,Serilmiş olan | Yatan (hasta),,
seri,Hızlı bir biçimde,Arapça serīʿ,seri:
serili,"Serilmiş, yayılmış",,
serin,"Az soğuk, ılık ile soğuk arası | Hoşa giden, hafif bir soğukluk veren",,
serince,"Az serin, serine yakın",,
serinkanlı,Soğukkanlı bir biçimde,,seri'nkanlı
serkeş,"Kafa tutan, başkaldıran",Farsça serkeş,
sermayeli,Sermayesi olan,,
sermayesiz,Sermayesi olmayan,,
sermelik,"Sermeye yarayan, sermeye elverişli olan",,
serpili,Serpilmiş,,
sersefil,"Çok sefil olan; yoksul | Çok perişan, üzgün | Sefil, yoksul bir biçimde",,se'rsefil
sersem,"Herhangi bir sebeple bilinci ve algıları zayıflamış olan | Düşünmeden hareket eden, ne yaptığının farkında olmayan",Farsça sersām,
sersemce,Serseme benzer | (serse'mce) Sersem bir biçimde; sersemcesine,,
sersemletici,"Sersemletmeye sebep olan, yol açan",,
serseri,"Belli bir işi ve yeri olmayan, başıboş (kimse) | Tutarsız, beğenilmeyen davranışları olan (kimse); daltaban | Belli bir hedefi olmayan, belli bir hedefe atılmamış olan, rastlantıyla gelen (kurşun, mayın vb.)",Farsça serserī,
serserice,Serseri gibi | (serseri'ce) Serseri bir biçimde,,
sert,"Çizilmesi, kırılması, buruşması, kesilmesi veya çiğnenmesi güç olan; bek (I), berk, pek, katı (I), yumuşak karşıtı | Esnekliği az olan, kolayca eğilip bükülmeyen | Kolay dayanılmayan, zor katlanılan, etkili, yumuşak karşıtı | Güçlü kuvvetli | Etkisi şiddetli ve keskin olan, hafif karşıtı | Bağışlaması, hoşgörüsü olmayan | Gönül kırıcı, katı, ters olan | Gönül kırıcı, katı, ters bir biçimde | Hırçın, öfkeli, hiddetli olan | Titizlikle uygulanan; sıkı",Farsça serd,
sertifikalı,Sertifikası olan,,
sertifikasız,Sertifikası olmayan,,
servet sahibi,Malı mülkü çok olan,,
serviyetli,Çantası bulunan,,
servi boylu,İnce ve uzun boylu (kız veya kadın),,
seryumlu,Birleşiminde seryum bulunan,,
sesçil,Sesleri bütün özellikleri ve ayrıntılarıyla gösteren,,
sessiz sedasız,"Sakin, kendi hâlinde (kimse) | Kimse duymadan, görmeden, sessiz ve gürültüsüz bir biçimde",,
sesteş,"Söylenişleri aynı, anlam ve kökleri ayrı olan (kelimeler); eş sesli, homonim [dil bilgisi]",,
ses bilimsel,Ses bilimi ile ilgili; fonolojik,,
sevap,Doğru,Arapça ṣavāb,seva:p
sevdacı,Sevgi düşkünü,,
sevdalı,"Sevdaya tutulmuş olan | Bir şeye gereğinden çok düşkünlük gösteren, eğilim duyan",,
sevdasız,"Sevdaya tutulmamış, sevdası olmayan",,
sevecen,"Acıyarak ve koruyarak seven; şefkatli, müşfik",,
sever,Seven (kimse),,
sevgisiz,Sevgisi olmayan | Sevgi olmadan,,
sevimli,"Hoşa gitme özelliği olan, hoşa giden; şirin",,
sevimsiz,"Hoşa gitmeyen, sevimli gelmeyen; antipatik | Hoşnutsuzluk, memnuniyetsizlik yaratan",,
sevinçli,Sevinci olan ve sevinç veren; mesrur,,
sevinçsiz,"Sevinci olmayan, sevinç vermeyen | Sevinci olmayan, sevinç vermeyen bir biçimde",,
seviyeli,Değeri yüksek olan | Verimli bir biçimde,,
seyahat boyu,"Seyahatlerde şampuan, sabun vb. sık kullanılan malzeme için küçük boy üretilmiş olan",,
seyirlik,Seyir için olan | Seyredilmeye değer nitelikte olan,,
seyrek,"Benzerleri veya parçaları arasında çok aralık bulunan, aralıklı, sık karşıtı | Çok bulunmayan, az rastlanan | Aralıklı olarak, aralıklı bir biçimde; binde bir, nadir, nadiren, bayramdan bayrama, bayramda seyranda",,
seyreltik,"Seyreltilmiş olan, derişik karşıtı [kimya]",,
seyyal,"Akan, akmakta olan",Arapça seyyāl,l ince okunur
seyyar,Belli bir yeri olmayan; gezici,Arapça seyyār,
seyyibe,Dul (kadın),Arapça s̱eyyibe,
seza,"Uygun, yaraşır, bir şeye değer",Farsça sezā,seza:
sezaryenli,Sezaryen ameliyatı olmuş (kadın veya doğum),,
sezgici,Sezgicilik öğretisini benimseyen [felsefe],,
sezgili,"Sezgi ile edinilen, sezgiye dayanan; sezgisel",,
sezgisiz,"Sezgi ile edinilmeyen, sezgiye dayanmayan",,
sezonluk,Belirli bir süre içinde uygulanan,,
sıcacık,"Yeter derecede ve hoşa giden bir sıcaklığı olan | İçten, samimi, sevimli",,
sıcakça,"Biraz sıcak, sıcağa yakın | Sıcak bir biçimde",,
sıcakkanlı,"Normal vücut sıcaklığı, içinde bulundukları ortamın sıcaklığından bağımsız olan (hayvan) | Sevimli olan (kimse); cana yakın, sempatik | Herkesle çabuk anlaşan, çabuk dost olan; munis",,sıca'kkanlı
sıçandişli,Sıçandişi türünde olan,,
sıçırgan,İshale tutulup her yanı pisleten,,
sıçrayıcı,Sıçrama özelliği olan [hayvan bilimi],,
sıfatlı,"Ünvanı, sıfatı olan",,
sıfatsız,"Ünvanı, sıfatı olmayan | Suratsız (kimse)",,
sıfır beden,Normalden çok fazla zayıf olan,,
sığ,"Derinliği az, dibi yüzeyine yakın olan (göl, deniz, akarsu vb.) | Göl, deniz, akarsu vb.nin derinliği az olan yeri | Ayrıntıya inemeyen, yeterli olmayan, yüzeyde kalan",,
sığamsal,Besin maddelerinin sindirim kanalı içinde ilerlemesini sağlayan (hareket) [biyoloji],,
sıhhi,"Sağlıkla ilgili, sağlığa ait | Sağlığa yarar, sağlık için faydalı",Arapça ṣiḥḥī,sıhhi:
sıhri,Evlilik yoluyla meydana gelen (akrabalık),Arapça ṣihrī,sıhri:
sık,"Benzerleri veya parçaları arasında çok az aralık bulunan, seyrek karşıtı | Çok bulunan, çok rastlanan; kesif | Kısa zaman aralıklarıyla, az aralıklarla | Aralıksız olarak, aralarında az aralık bırakarak",,
sıkıcı,"İç sıkan, can sıkan, tedirgin eden",,
sıkıntılı,"Sıkıntısı olan; bungun, bunlu, kasavetli | Sıkıntı veren; çileli (I), sancılı, mukassi",,
sıkıntısız,"Sıkıntısı olmayan; bunsuz (II), kasavetsiz, sancısız | Sıkıntı vermeyen",,
sıkışık,Sıkışmış bir durumda olan,,
sıkış tıkış,Çok sıkışık,,
sıkı ağızlı,"Gizli kalması gereken şeyleri başkasına söylemeyen, sır tutabilen",,
sıkı fıkı,Birbiriyle çok samimi | Çok samimi bir biçimde,,
sıkkın,"Çok sıkılmış | Sıkıntılı, bungun",,
sıkmalık,Sıkılmaya elverişli,,
sımsıcak,"Pek sıcak; sıpsıcak | Çok samimi, çok duygulu | Çok sıcak olarak, sıcak bir biçimde",,sı'msıcak
sımsıkı,"Çok sıkı | Çok sıkı olarak, sıkı bir biçimde; sıkı sıkıya",,sı'msıkı
sınai,Sanayi ile ilgili; endüstriyel,Arapça ṣināʿī,sına:i:
sıngın,"Gözü korkmuş, sinmiş (kimse) | Çekingen, ürkek | Üzgün, düşünceli",,
sınıflı,Sınıfı olan,,
sınıfsal,Sınıfla ilgili,,
sınıfsız,Sınıfı olmayan | Marksçılık akımına göre toplumsal sınıf bilinci olmayan; lümpen | Toplum içinde belli bir sınıfa girmeyen; lümpen,,
sınık,"Kırık, çıkık | Yenilmiş, bozguna uğramış",,
sınıraşan,Bir ülke sınırları içinde doğup başka bir ülke topraklarına geçen (ırmak),,sını'raşan
sınırlı,"Sınırı olan, bir sınırla ayrılmış olan; hudutlu | Sınırlanmış, belirlenmiş, belirli olan; limitet, münhasır | Az sayıda",,
sınırsız,"Sınırı olmayan, bir sınırla ayrılmamış olan; hadsiz, hudutsuz, gayrimahdut | Çok sayıda | Pek çok, sonsuz olan",,
sıracalı,Sıracası olan,,
sıradan,"Herhangi bir özelliği olmayan; bayağı, beribenzer, alelade, amiyane, lalettayin, banal",,
sıralı,"Sıralanmış, düzenlenmiş | Yere, zamana, konuya, yönteme uygun olan",,
sıram sıram,Sıra durumunda veya sıralanmış olan | Sıra hâlinde | Sırası geldikçe,,
sırasız,"Sırada olmayan, sırası olmayan, sıralanmamış olan, düzenlenmemiş olan; düzensiz | Yere, zamana, konuya, yönteme uygun olmayan | Belli bir sıra gözetmeksizin",,
sıra dışı,"Alışılmışın dışında olan; olağan dışı, gayritabii, normalüstü, ekstrem",,
sıra işi,Değeri fazla olmayan,,
sırcı,Sır tutan,,
sırcı,Sırlama işi yapan,,
sırılsıklam,"Büsbütün ıslak, çok ıslak; sırsıklam, yamyaş",,sırı'lsıklam
sırıtık,Sürekli olarak sırıtan (kimse),,
sırıtkan,"Sürekli sırıtan, sırıtma huyu olan",,
sırlı,"Sır sürülmüş, sırı olan",,
sırlı,Sırrı olan,,
sırmalı,Sırma ile işlenmiş veya süslenmiş,,
sırma saçlı,Saçları altın sarısı renginde olan,,
sırnaşık,"Can sıktığına, rahatsız ettiğine aldırmadan bir kimseden sürekli, yalvarırcasına istekte bulunan ve bu isteğinde direnen (kimse) | Rahatsız eden, sıkıntı veren",,
sırsız,"Sır sürülmemiş, sırı olmayan",,
sırsız,"Sırrı olmayan, gizliliği bulunmayan, açık olan",,
sırtı pek,Kalın giyinmiş,,
sırtı yufka,"İnce giyinmiş | Etkili, güçlü, makam sahibi bir dayanağı, arkası veya yakını olmayan (kimse)",,
sıska,"Karın boşluğuna su dolmuş olan | Aşırı zayıf ve çelimsiz (insan veya hayvan); kuru, kaknem, cılız, eneze",,sı'ska
sıskaca,Biraz sıska,,
sıtmagörmemiş,Gür ve kalın (ses),,
sıtmalı,Sıtmaya tutulmuş (kimse) | Sıtmanın salgın denecek kadar çok görüldüğü (yer),,
sıvalı,"Sıva vurulmuş, sıva sürülmüş | Sıvar gibi bulaşmış, sıvanmış",,
sıvalı,"Sıvanmış, kıvrılmış (giysi kolu)",,
sıvaşık,"Sıvaşmış, bulaşmış olan",,
sıvık,"Yumuşak kıvamlı, suyu fazla",,
sıvışık,Yapışıp bulaşan | Bir kimsenin yanından ayrılmayarak insanı tedirgin eden (kimse),,
sızıcı,Ses yolunda oluşan daralma sonucu sürtünerek veya sızarak çıkan (ses); sürekli [dil bilgisi],,
sızılı,Sızısı olan,,
sızıntılı,Sızıntı yapan (hastalık),,
sızısız,Sızısı olmayan | Sızı olmaksızın,,
siber suçlu,Siber suç işleyen (kimse) [bilişim],,
sicilli,"Sicile geçmiş, sicili defterine işlenmiş; müseccel | Suçu sicile geçmiş; sabıkalı, müseccel",,
sidikli,"Üstüne sidik bulaşmış bulunan | Sidiğini tutamayan, üstüne işeyen",,
siftinlik,"Adi, bayağı, berbat",,
sigaralı,Sigarası olan | Sigara içilen,,
sigarasız,"Sigarası olmayan | Sigara içilmeyen | Sigarası olmadan, sigara içmeden",,
siktirici,"Bayağı, aşağılık, adi",,
silahlı,Silahı olan,,
silahsız,Silahı olmayan | Silahı olmadan,,
silik,"Üstündeki yazı veya çizgiler silinmiş, bozulmuş, aşınmış olan | Kendini gösteremeyen, dikkati çekmeyen veya önemli ve belirli olmayan | Kendini gösteremeden",,
siliksiz,Üzerinde silik bulunmayan,,
silindirli,Herhangi bir sayıda silindiri olan,,
silindirsel,Silindirle ilgili; silindirik | Silindir biçiminde olan; silindirik,,
silintili,Silintisi olan,,
silintisiz,Silintisi olmayan,,
silisçil,Silisli yerde yetişen (bitki) [bitki bilimi],,
silisli,Yapısında veya birleşiminde silis bulunan,,
silisseven,Silisli toprakları seven (bitki) [bitki bilimi],,sili'sseven
simgeci,Simgecilik yanlısı olan; sembolist,,
simgesel,Simge ile ilgili; sembolik,,
sinekkaydı,Özenle yapılmış (sakal tıraşı),,sine'kkaydı
sinekolojik,Sinekoloji ile ilgili [biyoloji],,l ince okunur
sinemasever,"Sinemayı seven, sinema sanatı, kültürü ve çalışmalarıyla ilgilenen (kimse)",Fransızca cinéma + Türkçe sever,sinema'sever
sinematografik,"Sinemaya ilişkin, sinemayla ilgili",Fransızca cinématographique,
sinerjik,Görevdaşlık ile ilgili,Fransızca synergique,
sinestezik,Başka nitelikte bir duyum uyandıran [ruh bilimi],Fransızca synésthésique,
singin,"Utangaç, sıkılgan",,
sinik,"Sinmiş, yılmış, pusmuş",,
sinik,Sinizm taraftarı (kimse veya görüş); kinik [felsefe],Fransızca cynique,
sinirleri kuvvetli,"Kolayca, çabuk heyecanlanmayan veya sinirlenmeyen",,
sinirleri zayıf,"Kolayca, çabuk heyecanlanan veya sinirlenen",,
sinirli,İçinde sinir bulunan | Kolayca ve çabuk sinirlenen; asabi,,
sinirsel,"Sinirle ilgili; asabi, nevrotik",,
sinirsiz,Siniri olmayan,,
sinir bilimsel,Sinir bilimi ile ilgili; nörolojik [tıp],,
sinir küpü,Çok sinirli,,
sinkaflı,"İçinde küfür bulunan, küfür içeren (söz, konuşma)",,
sinoptik,Konuyu aynı yönden ele alan,İngilizce synoptic,
sinsi,"Gizli ve kurnazca kötülük yapan | Gizlilik ve kurnazlık belirten | Gizlice başlayan, yavaş gelişen ve ağır sonuçlar doğurabilen (hastalık vb.)",,
sinsice,"Gizlice, belli etmeden yapılan | (sinsi'ce) Kimseye belli etmeyerek; sinsi sinsi",,
sinüzoidal,Sinüzoit ile ilgili olan,Fransızca sinusoïdal,l ince okunur
siperli,Siperi olan,,
siperlikli,Siperliği bulunan,,
siperliksiz,Siperliği bulunmayan,,
sipersiz,Siperi olmayan,,
sipsivri,Çok sivri,,si'psivri
sirkeli,"Üzerinde veya içinde sirke oluşmuş olan | İçinde sirke bulunan, içine sirke konmuş olan",,
sirozlu,Siroza yakalanmış olan,,
sisli,"Üzerine sis inmiş olan, sislenmiş",,
sismik,Depremle ilgili,Fransızca sismique,
sistemik,Sayısal ve ekonomik konulara belli sistemler çerçevesinde bakan,Fransızca systémique,
sistemli,"Belli ilkelere, kurallara uyan; dizgeli, sistematik",,
sistemsiz,Belirli kural ve ilkelere uymayan; dizgesiz,,
sitayişkâr,"Övücü, öven",Farsça sitāyişkār,sita:yişkâr
sitemkâr,"Sitem edici, sitem eden",Farsça sitemkār,
sitemli,Sitem taşıyan,,
sitemsiz,Sitem taşımayan,,
sitotoksik,Hücrelerin yapı ve işleyişinde hasara veya hücre ölümüne sebep olan (madde),Fransızca cytotoxique,
sivilceli,Sivilceleri olan (kimse),,
sivri akıllı,Acayip düşünceleri olan ve kimsenin aklını beğenmeyen (kimse); sivri fikirli,,
sivri dilli,İğneleyici ve kırıcı söz söyleyen (kimse),,
siyahımsı,"Rengi siyahı andıran, siyaha benzeyen; siyahımtırak",,
siyahlı,Siyahı bulunan,,
siyanürik,"İçinde siyanür bulunan (madde, asit) [kimya]",Fransızca cyanurique,
siyasal,"Politika ile ilgili; siyasi, politik",Arapça siyāset + Fransızca -l,siya:sal
sizinki,"Sizin olan, sizinle ilgili olan | Yakın çevrede olan bir kimseden söz ederken kullanılan bir söz",,
slogancı,Slogan hazırlayan veya atan (kimse),,
sloganvari,Slogana benzer,Fransızca slogan + Farsça vārī,sloganva:ri:
smokinli,Smokin giymiş olan,,
sobalı,Sobası olan | Soba ile ısınan,,
sobalık,Sobaya girebilecek büyüklükte olan | Soba yapmaya elverişli olan | Sobanın alabileceği miktarda olan,,
sobasız,Sobası olmayan,,
sodalı,İçinde soda bulunan,,
sodyumlu,Bileşiminde sodyum bulunan,,
sofalı,Sofası olan,,
sofasız,sofası olmayan,,
sofist,"Safsatacı, yanıltıcı",Fransızca sophiste,
sofistik,"Sofistlere özgü | Safsatalı, yanıltmalı",Fransızca sophistique,
sofralık,Sofrada yemeye yarayan,,
sofrası açık,"Konuklarını yedirip içirmeyi seven, sofrasında konuk eksik olmayan (kimse)",,
sofu,Dinin buyruk ve yasaklarına bütünüyle uyan (kimse),Arapça ṣūfī,
soğanlı,"İçinde soğan bulunan, içine soğan doğranmış olan, soğanla pişirilmiş olan",,
soğansı,"Soğanı andıran, soğana benzeyen, soğan gibi; soğanımsı",,
soğukça,Soğuğa yakın | (soğu'kça) Soğuk bir biçimde,,
soğukkanlı,"Olaylara ve gelişmelere sakin, ılımlı ve temkinli yaklaşan (kimse); serinkanlı, telaşsız, itidal sahibi",,soğu'kkanlı
soğurgan,"Emen, soğuran",,
soğurmalı,Soğurma yoluyla çalışan,,
sokucu,Sokma özelliği olan [hayvan bilimi],,
sokulgan,"Kısa sürede insanlarla kaynaşıp dost olabilen, kendini çabucak sevdiren | Sıcakkanlı, samimi",,
sokulu,Sokulmuş olan | Sokulmuş olarak,,
solcu,Sol görüşlü partilerin yandaşı olan (kimse),,
solda sıfır,"Hiçbir değeri ve önemi olmayan, benzerleriyle karşılaştırıldığında değersizliği daha iyi anlaşılan",,
solgun,"Rengini, tazeliğini, canlılığını veya parlaklığını yitirmiş olan, solmuş",,
soluk,"Rengi atmış olan, solmuş; uçuk (I) | Parlaklığını, gücünü yitirmiş (ışık) | Rengi kaybolmuş, matlaşmış (nesne)",,
soluk benizli,Doğuştan veya herhangi bir hastalık sebebiyle yüzünün rengi solmuş olan,,
soluk kesici,Çok heyecan veya korku veren,,
solungaçlı,Solungacı olan,,
sol eğilimli,Dünya görüşü solculuğa yatkın olan,,
som,İçi dolu olan ve dışı kaplama olmayan; masif,,
somurtkan,"Sürekli somurtan; asık suratlı, abus, sorutkan, suratsız, abusülvecih",,
somurtuk,"Asık suratlı, yüzü gülmez, sıkıntılı, çekilmez",,
soncul,Son bulma özelliği olan,,
sonki,"Son olan, en sondaki",,
sonlu,"Sonu olan; bitimli | Sonu olan, sonsuz olmayan [matematik]",,
sonradan görmüş,"Sonradan zenginleşerek gösteriş, övünme vb. yersiz davranışlarda bulunan; sonradan görme",,
sonradan olma,"Diğerlerine kıyasla yeni olan, yeni ortaya çıkan",,
sonraki,Sonra olan,,so'nraki
sonsal,Deneyden çıkan ve deneye bağlı olan (bilgi); aposteriori [felsefe],,
sonuçsuz,"Sonuca ulaşamayan, sonuç vermeyen; neticesiz, akim",,
son dakika,"Son anda gelişen | Kitle iletişim araçlarına son anda ulaşan, toplumu yakından ilgilendiren, önemli (haber)",,
son derece,"Pek çok, çok fazla; son kerte, begayet",,
son model,"Yeni üretilmiş, piyasaya yeni çıkmış olan",,
sopalı,Elinde sopası olan,,
sopsoğuk,Çok soğuk,,so'psoğuk
sorguçlu,Sorgucu olan,,
sorguçsuz,Sorgucu olmayan,,
sorumlu,"Üstüne aldığı veya yaptığı işlerden dolayı hesap vermek zorunda olan, sorumluluk taşıyan (kimse); mesul, mesuliyetli",,
sorumsuz,"Sorumlu olmayan, sorumluluk taşımayan, sorumluluk duygusu bulunmayan, düşünmeden hareket eden (kimse); mesuliyetsiz",,
sorunlu,"Sorunu olan; meseleli, problemli",,
sorunsal,"Çözümü belli olmayan | Doğru olma ihtimali bulunmakla birlikte, şüphe uyandıran, kesin olmayan; problematik",,
sorunsuz,"Sorunu olmayan; meselesiz, problemsiz | Sorunu olmayan, meselesiz, problemsiz ve sıkıntısız bir biçimde",,
sosyal,Sosyal çevreye uyumlu (kimse),Fransızca social,l ince okunur
sosyalistik,"Toplumculukla ilgili, toplumculuğa ait | Toplumculuk yanlısı",Fransızca socialistique,
sosyal antropolojik,Sosyal antropoloji ile ilgili,,
sosyal psikolojik,Sosyal psikoloji ile ilgili,,
sosyetik,Sosyete ile ilgili | Yüksek sınıfın yaşama biçimine özenen; asortik,Fransızca sociétique,
sosyoekonomik,Aynı anda hem toplumsal alanı hem ekonomik alanı veya aralarındaki ilişkileri ilgilendiren,Fransızca socio-économique,so'syoekonomik
sosyokültürel,Aynı anda bir toplumu veya toplumsal bir grubu ve kendine özgü olan kültürü ilgilendiren,Fransızca socio-culturel,so'syokültürel
sota,"Uygun, elverişli (yer)",İtalyanca sotto,
soyguncusuz,Soyguncusu olmayan,,
soylu,"Doğuştan veya hükümdar buyruğuyla, bazı ayrıcalıklara sahip olan ve özel ünvanlar taşıyan (kimse); asaletli, asil, asilzade, kerim, aristokrat | İyi tanınmış, köklü bir aileden gelen (kimse); kişizade, asil, aristokrat | Saygı uyandıran, yücelik taşıyan | Soyu iyi nitelikli olan, iyi cins soydan gelen (at vb.)",,
soylu soplu,Köklü ve tanınmış bir aileden olan,,
soysal,Soyla ilgili,,
soysuz,"Soyuna özgü nitelikleri kaybeden; dejenere | İyi bir soydan gelmeyen (hayvan, bitki); dejenere | Kötü tanınmış, ahlaksız olan; kansız, cibilliyetsiz",,
soyunuk,Soyunmuş olan | Soyunmuş olarak,,
soyut,"Varlığı duyularla algılanamayan; mücerret, abstre; somut karşıtı [felsefe] | Anlaşılması, kavranılması güç",,
soyutçu,Soyutçuluk yanlısı olan; abstraksiyonist [felsefe],,
söğüşlük,Söğüş yapmaya elverişli (et veya sebze),,
söğütlü,Söğüt ağaçları bulunan (yer),,
söktürücü,"Söktürme işini yaptıran, söktüren",,
sölpük,"Yumuşak, kötü olan (et)",,
sömürücü,"Sömürüyü gerçekleştiren (kimse); sömürgen, istismarcı",,
sönük,"Sönmüş olan | Parlaklığı, hızı az, etkisiz ve zayıf olan | Göze çarpmayan, dikkat çekmeyen, silik olan",,
sönümlü,Belirli bir sürede genliği sıfıra inen (salınım hareketi) [fizik],,
sönümsüz,"Genliği hiçbir zaman sıfıra yaklaşmayan, her devirde beslenen (salınım hareketi); beslenen [fizik]",,
sözcüklü,Sözcüğü olan,,
sözcüksüz,Sözcüğü olmayan,,
sözde,"Gerçekte öyle olmadığı hâlde, öyleymiş gibi kabul edilen (şey veya kimse) | Söylendiğine göre, iddia edildiğine göre; sözüm ona, güya",,
sözel,"Sözle ilgili, söze dayanan | Sosyal konuları kapsayan (sınav)",,
sözleşmeli,"Sözleşmeye dayanan, sözleşme yapılan; mukaveleli, kontratlı | Sözleşme yapılarak",,
sözleşmesiz,"Sözleşmeye dayanmayan, sözleşme yapılmamış olan; mukavelesiz, kontratsız | Sözleşme yapılmayarak, sözleşme olmaksızın",,
sözsel,"Söze ilişkin, sözle ilgili",,
sözsüz,"Konuşmadan yapılan; kelimesiz | Sözleri olmaksızın çalınan (müzik); çalgısal, enstrümantal [müzik]",,
sözüne sahip,"Söylediğini yerine getiren, sözünü tutan",,
söz dizimsel,Söz dizimi ile ilgili olan; sentaktik [dil bilgisi],,
söz ehli,"Konuşması istekle, zevkle dinlenen (kimse)",,
söz konusu,"Sözü edilen, üzerinde konuşulan; bahis konusu, bahis mevzusu, mevzubahis",,
söz sahibi,Bir konuda bilgisi veya yetkisi olan (kimse),,
spiralli,Spirali olan | Yaprakları sarmal biçimdeki telle birbirine tutturulmuş (defter),,
spiralsiz,Spirali olmayan | Yaprakları zımba teliyle ortalı olarak birbirine tutturulmuş (defter),,
spor,"Bedeni geliştirmek amacıyla belirli kurallara göre kişisel veya toplu olarak gerçekleştirilen hareketlerin tümü | Belirli kurallara göre kişisel, ikili veya takım olarak gerçekleştirilen, rekabete dayalı bedensel veya zihinsel yarışmaların tümü | Kullanışı rahat, kolay olan",Fransızca sport,
sporsever,Her türlü spora ilgi duyan (kimse),Fransızca sport + Türkçe sever,spo'rsever
sportif,Sporla ilgili,Fransızca sportif,
stabil,"Kararlı, değişmez",Fransızca stable,
stabilize,Silindirle sıkıştırılarak düz duruma getirilmiş (yol),Fransızca stabilisé,
standartlı,Standardı olan,,
standartsız,Standardı olmayan,,
statükocu,Süregelen durumu korumaya meyilli olan | Değişime direnen,,
stereofonik,Stereofoni ile ilgili olan,Fransızca stéréophonique,
stereografik,Stereografi ile ilgili,Fransızca stéréographique,
stereoskopik,Stereoskopla ilgili olan,Fransızca stéréoscopique,
sterilize,Bozulmasına yol açabilecek mikroorganizmalardan ve mayalardan sterilizasyon yöntemiyle arınmış olan (ürün vb.) | Kısırlaştırılmış [biyoloji],Fransızca stérilisé,
stoacı,"Stoacılık yanlısı (kimse, görüş vb.) [felsefe]",,
storlu,Storu bulunan,,
stresli,"Stresi olan, stresi bulunan",,
stressiz,"Stresi olmayan, stresi bulunmayan",,
sualli,Suali olan,,
sualsiz,Suali olmayan,,
subtropik,Sıcak bölgeye ait olan,Fransızca subtropique,
sucul,"Suyu seven, suya düşkün | Suyu emen; hidrofil, hidrofilik",,
suçlu,"Suç işlemiş, suçu olan (kimse); mücrim",,
suçsuz,"Suçu olmayan, suç işlememiş olan; masum",,
suç bilimsel,Suç bilimi ile ilgili; kriminolojik,,
sudan,"Baştan savma, inandırıcı olmaktan uzak olan",,
sudan ucuz,"Çok ucuz, bedava olan",,
sufiyane,Tasavvufla ilgili veya mutasavvıflara yakışır biçimde olan,Arapça ṣūfī + Farsça -āne,su:fiya:ne
sugötürmez,"Başka bir yoruma elverişli olmayan, kesin; sözgötürmez",,su'götürmez
sultani tembel,"Tembel, iş görmekten hoşlanmayan",,
sulu,"Suyu olan, içinde su bulunan, koyu karşıtı | Suyu çok olan | İçine su katılmış, sulandırılmış olan | Yersiz şakalar yapan, söz ve davranışları ile çevresini tedirgin eden veya gereksiz iltifatlarda bulunan (kimse)",,
sulu gözlü,"Çok önemsiz olaylarda bile gözyaşlarını tutamayan, ağlayan (kimse); gözü sulu, sulu göz",,
sulu sepken,Yağmurla karışık bir biçimde yağan (kar) [coğrafya] | Yağmurla karışık bir biçimde (kar yağmak),,
suna boylu,İnce ve uzun boylu,,
sunturlu,Aşırı derecede olan,,
suratsız,"Aksi, huysuz olan",,
surat düşkünü,Çirkin yüzlü (kimse),,
susak ağızlı,"Anlamsız, boş konuşan (kimse)",,
susak burunlu,"İri, çirkin burunlu (kimse)",,
susamlı,Susamı olan,,
susamsı,"Susamı andıran, susama benzeyen, susam gibi",,
susamsız,Susamı olmayan,,
suskun,"Çok az konuşan, sessiz, sakin olan; samut, sükûti | Sessiz, sakin bir biçimde",,
suspus,"Susmuş, sinmiş | Susmuş, sinmiş bir biçimde",,
susuz,"Suyu olmayan, suyu bulunmayan | Suyu çok az olan | Yağmursuz, kurak geçen | Susamış olan | Su olmadan",,
sutlu,Bileşiminde sut bulunan,,
su bazlı,Yapısında su olan,,
sübekli,Sübeği olan,,
süfli,"Aşağı, aşağılık, bayağı, adi | Bir yere veya bir şeye göre aşağıda, alçakta bulunan",Arapça suflī,süfli:
süklüm püklüm,Suç işlemiş gibi utanç veya korku içinde büzülmüş | Suç işlemiş gibi utanç veya korku içinde büzülmüş olarak,,
sükûnetli,"Durgun, sakin, hareketsiz olan",,
sülfürik,Sülfürle ilgili [kimya],Fransızca sulfurique,
sümbüli,Yağmur yağdırmayan koyu renkli bulutlarla örtülü (hava),Farsça sunbul + Arapça -ī,sümbüli:
Sümerolojik,Sümeroloji ile ilgili,Fransızca sumerologique,l ince okunur
sümmettedarik,Son anda düşünülen,Arapça s̱umme + tedāruk,sü'mmetteda:rik
sümsük,"Uyuşuk davranan, miskin, aptal, mıymıntı, sünepe, pısırık (kimse)",,
sümüklü,Sümüğü olan | Burnundan sürekli sümük akan,,
sümüksel,Sümükle ilgili,,
sümüksü,"Sümük özelliğinde olan, sümüğe benzer, sümük gibi; sümüğümsü",,
sünepe,"Kılıksız ve uyuşuk, sümsük (kimse)",,
süngerli,Süngerle döşenmiş veya süngerden yapılmış olan,,
süngersi,"Sünger gibi gözenekleri olan, süngere benzeyen; süngerimsi",,
süngersiz,Süngeri olmayan,,
süngülü,Süngü takmış olan,,
süngüsüz,Süngüsü olmayan,,
süngüsü düşük,"Sağlığı, esenliği bozuk | Ataklığı, etkinliği, neşesi kalmamış",,
sünnetli,Sünnet edilmiş olan,,
sünnetlik,Sünnet için hazırlanmış olan,,
sünnetsiz,Sünnet edilmemiş olan,,
sünnet ehli,"İslam dininin temel konularında Hz. Muhammed’in sünnetini, sahabelerin izlediği yolu ve yöntemi benimseyen kimse; ehlisünnet",,
süper,"Nitelik, nicelik ve derece bakımından üstün olan | Belli bir normun üstünde olan",Fransızca super,sü'per
süpürgeli,Süpürgesi olan,,
süpürgesiz,Süpürgesi olmayan,,
süratsiz,Hızı olmayan,,
sürdürülebilir,Aynı düzeyde veya biçimde devam edebilen,,
süreduran,Süredurum durumunda olan; atıl [fizik],,
süreğen,"Ne kadar süreceği belli olmaksızın sürüp giden; müzmin, kronik | Uzun zamandan beri süren; müzmin, kronik | Uzun zamandan beri süren, uzun süreli olan (hastalık); müzmin, kronik, akut karşıtı [tıp]",,
sürekli,"Kesintisiz olarak süren, devamlı; kalıcı, temelli, daimî, paso | Uzun süreli olarak, daima, durmaksızın; mütemadi, mütemadiyen",,
süreksiz,Az süren; devamsız,,
süreli,"Süresi belli olan; müddetli | Belirli aralıklarla yapılan, çıkan; mevkut, periyodik",,
süremli,Belirli bir zaman ilgisi bulunan,,
süremsiz,Belirli zaman ilgisi olmayan,,
süresiz,Süresi belirli olmayan; müddetsiz | Süresi belli olmayarak,,
sürfile,Seyrek ve çapraz (dikiş),Fransızca surfilé,
sürgülü,"Sürgü kolu olan | Sürgüsü itilmiş, sürgülenmiş olan",,
sürgüsüz,Sürgüsü olmayan,,
sürmeli,"Sürme ile boyanmış olan | Sürgü ile kapatılmış olan, sürmelenmiş olan",,
sürmesiz,Sürme ile boyalı olmayan | Sürme ile boyalı olmaksızın,,
sürtünmeli,Sürtünerek | Sürtünme yoluyla olan,,
sürücül,Sürü durumunda yaşayan | Sürüye özgü,,
sürükleyici,Sürükleme niteliği veya gücü olan; dinamo | İlginin sürmesini sağlayan,,
sürümlü,"Sürümü çok olan, çok satılan (mal)",,
sürümsüz,"Sürümü olmayan, az satılan veya satılmayan (mal)",,
sürüngen,Sürünerek giden (hayvan) [hayvan bilimi] | Yere yatay olarak uzanan (sap veya kök) [bitki bilimi],,
sürüsüz,Sürüsü olmayan,,
süsleyici,Süsleyen; dekoratif,,
süslü,"Süsü olan, süslenmiş, bezenmiş; bezekli, bezemeli | Süslenmeye, süse çok düşkün olan",,
süslüce,Süslüye yakın,,
süslü püslü,Göze çarpacak derecede süslü,,
süssüz,"Süsü olmayan, süslenmemiş; yalın (II), sade",,
sütliman,"Durgun, sakin olan | Gürültüsüz, olaysız",Yunanca,
sütsü,"Sütü andıran, süte benzeyen, süt gibi; sütümsü",,
sütsüz,"İçinde süt bulunmayan, süt katılmadan yapılan | Az süt veren | Körpe olmayan; kart (I) | Kötü soydan gelen, sütü bozuk (kimse)",,
sütunlu,Sütunu olan,,
sütü bozuk,"Kötü soydan gelen (kimse) | Aşağılık, soysuz olan",,
süzgeçli,Süzgeci olan,,
süzgün,"Biraz zayıflamış, güçsüzleşmiş; süzük",,
süzücü,Süzme özelliği olan | Süzen | Süzme işini yapan (kimse),,
süzük,"Süzgünleşmiş, süzülmüş",,
sâdır,"Çıkan, görünen",Arapça ṣādir,sa:dır
sâri,Başkasına geçen,Arapça sārī,sa:ri:
şablonsu,"Şablona benzer, şablon gibi",,
şad,"Sevinçli, neşeli olan",Farsça şād,şa:d
şahane,"Hükümdarla ilgili, hükümdara özgü olan | Hükümdara yakışacak durumda olan | Çok güzel, mükemmel, üstün nitelikli",Farsça şāhāne,şa:ha:ne
şahin bakışlı,"Bakışları sert ve keskin olan | Bakışları ayrıntıları, uzakları gören",,
şahnişinli,Şahnişini olan,,
şaibeli,Şaibesi olan,,
şaibesiz,Şaibesi olmayan,,
şairane,Şaire yakışır biçimde; ozanca | Şair niteliği taşıyan; ozanca,Arapça şā ʿir + Farsça -āne,şa:ira:ne
şairimsi,"Şairi andıran, şaire benzeyen, şair gibi; ozansı",,
şakacı,"Şaka yapmasını seven, şakalaşmadan hoşlanan; latifeci",,
şakalı,"Şaka içeren, içinde şaka bulunan",,
şakırtılı,Şakırtısı olan,,
şakırtısız,Şakırtısı olmayan,,
şakrak,"Şen, neşeli, hayat dolu olan | Şen, neşeli, hayat dolu bir biçimde",,
şakuli,Çekülle ilgili,Arapça şāḳūlī,şa:ku:li:
şalvarlı,Şalvar giyinmiş olan (kimse),,
şal örneği,"Şallarda görülen motiflerle bezenmiş (kumaş örtü, hırka)",,
şamalı,Şama ile yapılmış,,
Şamanlı,Şamanı olan,,
şamatacı,Gürültü patırtı yapan | Ciddi olmayan,,
şamatalı,Çok eğlenceli,,
şamdanlı,Şamdanı olan,,
şamdansız,Şamdanı olmayan,,
şamil,"İçine alan, kaplayan, kapsayan",Arapça şāmil,şa:mil
şampanyalı,Şampanya verilen,,
şampanyasız,Şampanya verilmeyen,,
şangırtılı,"Şangırtısı olan, şangırtı sesi çıkaran",,
şangırtılı şungurtulu,Şangırtı ve şungurtu sesi çıkaran | Şangırtı ve şungurtu sesi çıkararak,,
şanlı,"Yüce, ulu, büyük olan",,
şanlı şöhretli,"Görkemli, etkileyici olan | Çok ünlü",,
şansız,"Kılıksız, kıyafetsiz olan",,
şanslı,İsteklerini bilgi ve emekten çok rastlantı sonucu elde eden; ballı,,
şanssız,Şansı olmayan,,
şantajcı,Şantaj yapan,,
şapkasız,Şapkası olmayan,,
şaplı,İçinde şap bulunan,,
şapşal,"Aptalca davranışlarda bulunan, alık (kimse); ibiş | Üstüne başına önem vermeyen, özen göstermeyen | Bol, dökük ve biçimsiz (giyecek)",,
şapşalak,"Özensiz, düzensiz olan (kimse)",,
şaraplı,"İçinde şarap bulunan | Şaraba batırılmış, şarap bulaşmış",,
şarıltılı,Şarıltısı olan,,
şarıltısız,Şarıltısı olmayan,,
şarjörlü,Şarjörü olan,,
şarjörsüz,Şarjörü olmayan,,
şarkılı,İçinde şarkı bulunan,,
şarkımsı,"Şarkıyı andıran, şarkıya benzeyen, şarkı gibi",,
şarki,"Doğuyla ilgili, doğuya özgü olan",Ar. şarḳį,şarki:
Şarkkâri,Doğu örneklerine benzer | Doğuya özgü,Arapça şarḳ + Farsça kār + Arapça -i,şarkkâ:ri
şartlı,"Şarta bağlı; koşullu, meşrut | Şartlanmış olan; koşullu | Şart etmiş olan (koca)",,
şartsız,Şarta bağlı olmayan; koşulsuz | Dinî bakımdan şartlanmamış,,
şaşı,Birbirine paralel görme ekseni olmayan (göz veya kimse) | Gözlerini çarpıtarak,,
şaşırtıcı,"Şaşırmasına sebep olan, şaşırtan",,
şaşkaloz,Şaşı olan (kimse) | Şaşkın olan (kimse),,
şaşkaval,Şaşkın olan (kimse),,
şaşkın,"Düşünceleri dağılmış, karışmış, ne yapacağını bilemez duruma gelmiş | Akılsız, sersem, budala olan",,
şaşmaz,Değişmez ve yanılmaz nitelikte olan,,
şavalak,"Aptal, alık, sersem, budala olan",,
şayan,"Uygun, yaraşır, değer, layık",Farsça şāyān,şa:ya:n
şayanıdikkat,"Üzerinde durulmaya, ilgilenilmeye, düşünülmeye değer olan",Farsça şāyān + Arapça diḳḳat,şa:ya:'nıdikkat
şayanıhayret,"Hayret edilecek, şaşılacak nitelikte olan",Farsça şāyān + Arapça ḥayret,şa:ya:'nıhayret
şayeste,"Uygun, yakışır",Farsça şāyeste,şa:yeste
şayi,"Yaygın, yayılmış (söz veya haber) | Bir şeyin her noktasıyla ilgisi bulunan (pay)",Arapça şāyiʿ,şa:yi:
şecereli,"Şeceresi olan, oldukça uzak bir ataya kadar dedeleri belli olan",,
şeci,"Yürekli, yiğit olan",Arapça şecīʿ,şeci:
şeddadi,Çok büyük ve sağlam (yapı),Arapça şeddādī,şedda:di:
şeddeli,Üzerinde şedde işareti bulunan veya yan yana iki tane imiş gibi okunan (harf),,
şeffaf,"İçinden ışığın geçmesine ve arkasındaki şeylerin görülmesine engel olmayan (cisim); saydam, transparan | Açıkça görünen, belirgin olan",Arapça şeffāf,
şefik,"Sevecen, şefkatli, müşfik olan (kimse)",Arapça şefīḳ,
şefkatli,Sevecen bir biçimde,,
şefkatsiz,Şefkati olmayan,,
şeftalimsi,"Şeftaliyi andıran, şeftaliye benzeyen, şeftali gibi",,
şehirler arası,"İki veya daha çok şehir arasında ulaşım, iletişim sağlayan; kentler arası",,
şehirli,Şehir halkından olan; kentli,,
şehla,Kusurlu sayılmayacak kadar hafif şaşı (göz),Arapça şehlāʾ,"şehla:, l ince okunur"
şehvetli,"Cinsel isteği fazla olan; kösnülü, şehvani",,
şehvetperest,"Şehvete, cinsel isteklerine aşırı derecede düşkün olan",Arapça şehvet + Farsça -perest,
şehvetsiz,Cinsel isteği olmayan,,
şekerli,"İçinde şeker bulunan | Lezzetli, tatlı olan",,
şekersi,"Şekere benzeyen, şekeri andıran; şekerimsi",,
şekersiz,"Şekeri olmayan | Şekeri az, tadı az olan",,
şematik,Şema biçiminde olan,Fransızca schématique,
şemseli,Şemsesi olan,,
şemsesiz,Şemsesi olmayan,,
şemsî,Güneşle ilgili,Arapça şemsī,şemsi:
şen,"Yaşamaktan mutlu olduğunu davranışlarıyla belli eden; sevinçli | Neşe veren, neşelendiren | Neşe belirtisi olan",,
şeni,"Kötü, çirkin, alçakça, utanç verici",Arapça şenīʿ,şeni:
şenlikli,Eğlenceli (yer); şetaretli | Hareketli (yer); şetaretli,,
şenliksiz,Eğlenceli olmayan; eğlencesiz | Hareketsiz (yer),,
şen şakrak,"Çok neşeli, şakrak; şen şatır | Çok neşeli, şakrak, şen şatır bir biçimde",,
şerbetli,"Şerbet katılmış olan; şuruplu, şireli | Şerbet bulaşmış olan | Olumsuz bir etkene karşı etkilenmemeyi sağlayacak dirence sahip olan | Yılan, akrep vb. hayvanların sokmasına karşı efsunlanmış olan | Kötü davranmayı, kötü işler yapmayı huy edinmiş olan ve bundan zarar görmeyen (kimse) | Kendisine kötü davranılmasına alışmış olan",,
şerbetlik,Şerbet yapmaya yarayan veya şerbet yapmak için ayrılmış olan,,
şerbetsiz,"Şerbeti olmayan, şerbet verilmemiş olan; şurupsuz, şiresiz",,
şerefeli,Şerefesi olan (minare),,
şerefesiz,Şerefesi olmayan (minare),,
şerefli,Şerefi olan; onurlu,,
şerefsiz,Şereften yoksun olan; onursuz,,
şerefyap,Şeref kazanan (kimse),Arapça şeref + Farsça -yāb,şerefya:p
şeri,İslam hukukuyla ilgili,Arapça şerʿī,şeri:
şerif,"Kutsal, şerefli | Soylu, temiz | Hz. Muhammed’in torunu Hz. Hasan’ın soyundan gelen kimse | Mekke emiri",Arapça şerīf,
şeritli,Şeridi olan,,
şeritsiz,Şeridi olmayan,,
şeriye,İslam hukukuyla ilgili,Arapça şerʿiyye,
şevketli,"""Büyüklük, güç sahibi"" anlamında padişahlara verilen bir san",,
şevkli,Şevki olan,,
şevksiz,Şevki olmayan,,
şeytanca,"Şeytana yaraşan | Şeytana yaraşır bir biçimde; iblisçe, iblisane, şeytancasına, şeytani",,şeyta'nca
şeytani,Şeytanla ilgili,Arapça şeyṭānī,şeyta:ni:
şeytansı,"Şeytanı andıran, şeytana benzeyen, şeytan gibi; şeytanımsı",,
şık,"Güzel, zarif, modaya uygun | Güzel, modaya uygun giyinmiş olan | Yerinde, uygun olan",Fransızca chic,
şıkırtılı,Şıkırtısı olan,,
şıkır şıkır,"Parlak, pırıl pırıl olan",,
şıldır şıldır,"Canlı, parlak (göz) | Çok sulu | Canlı, parlak bir biçimde",,
şımarık,"Şımarmış, şımartılmış (kimse) | Şımarmış bir biçimde",,
şıngırtılı,Şıngırtı sesi çıkaran,,
şıngırtısız,Şıngırtı sesi çıkarmayan,,
şıpıldak,Şıpıldama sesi çıkaran,,
şıralı,Tadı ve suyu bol,,
şıralık,Şıra olmaya elverişli (meyve),,
şırasız,Şırası olmayan,,
şırfıntı,"Seviyesi düşük, bayağı olan",,
şiddetli,"Etkisi çok olan; yeğin, zorlu, şedit | Aşırı bir biçimde",,
şifalı,Sağlığa yararlı olan,,
şifasız,Şifası olmayan,,
şifreli,Şifresi olan | Şifre ile yazılmış | Ancak şifresi çözüldüğünde açılabilen,,
şiirli,Şiir havasında olan,,
şiirsel,Şiir niteliğinde olan,,
şiirsi,"Şiiri andıran, şiire benzeyen; şiirimsi",,
şikeli,Şike yapılan,,
şikesiz,Şike yapılmayan,,
şikeste,"Kırılmış | Yenilmiş, yenik düşmüş | Gücenmiş, kırgın, kederli olan",Farsça şikeste,
şikâyetçi,"Sızlanan, sızıltısı olan, yakınan, şikâyet eden; müşteki, şekvacı",,
şimalî,"Kuzeyle ilgili, kuzeye özgü olan",Arapça şimālī,şima:li:
Şimalî,"Kuzey'le ilgili, Kuzey'e özgü olan",Arapça şimālį,şima:li:
şimdiki,"İçinde bulunulan anda olan veya yapılan, bu andaki, bu zamandaki",,şi'mdiki
şimşekli,"Şimşek oluşan, şimşek çakan (hava) | Gürültülü patırtılı, sinirli, tartışmalı",,
şimşeksiz,Şimşeği olmayan,,
Şintocu,Şintoculuk yanlısı,,
şipşirin,"Çok sevimli, çok şirin",,şi'pşirin
şirazeli,Şirazesi olan,,
şirazesiz,Şirazesi olmayan | Dengesini kaybetmiş (kimse),,
şirazesi bozuk,"Şirazesi dağılmış, şirazesi bozulmuş | Akli dengesi yerinde olmayan (kimse) | Düzeni bozulmuş (toplum)",,
şirret,"Kavga çıkarmaktan hoşlanan, çok konuşarak üste çıkan, karşısındakini bastıran, edepsiz (kimse)",Arapça şirret,
şistli,Şist gibi yapraklı,,
şişik,Kabarık olan,,
şişirmece,"Baştan savma, kötü olan (iş)",,
şişkin,"Şişmiş, şişirilmiş",,
şişkince,Biraz şişkin olan,,
şişlik,Şiş (II) olmaya elverişli,,
şişman,"Deri altında fazla yağ toplanması sebebiyle vücudun her yanı şişkin görünen (kimse); kilolu, semiz, şişko, mülahham",,
şişmanca,Biraz şişman,,
şiveli,Konuşması şive özelliği taşıyan | Nazlı davranışlarda bulunan,,
şivesiz,"Konuşması şive özelliği taşımayan, ölçünlü dille konuşan",,
şizofrenik,Şizofreni ile ilgili [tıp],Fransızca schizophrénique,
şoke,"""Birdenbire şaşırtmak, hoşa gitmeyecek bir şey yapmak"" anlamlarındaki şoke etmek ve ""birdenbire şaşırmak, hoşa gitmeyecek bir şeyle karşılaşmak"" anlamlarındaki şoke olmak deyimlerinde kullanılan bir söz",Fransızca choqué,
şom ağızlı,Sürekli kötü şeylerden söz eden ve sözlerinin uğursuzluk getireceğinden korkulan (kimse); ağzı kara,,
şosonlu,Şosonu bulunan,,
şöhret sahibi,Ün kazanmış (kimse),,
şömizli,Şömizi olan,,
şömizsiz,Şömizi olmayan,,
şövalye ruhlu,Şövalye geleneği çerçevesinde yetişen (kimse) | Gereğinden fazla yüreklilik ve atılganlık gösteren (kimse),,
şu,"Bu kelimesine göre yerde, zamanda veya söz zincirinde biraz uzak olanı niteleyen söz | Biraz uzakta olan bir varlığı veya biraz önce anılan bir şeyi işaret yolu ile belirtmek için kullanılan söz; şurası",,
şuh,"Neşeli, canlı, kıvrak olan (kadın)",Farsça şūḫ,
şunca,"Şu kadar çok | (şu'nca) Şu kadar, şu denli",,
şuncacık,"Şu kadarcık, birazcık",,
şuralı,"Şu yerin halkından olan, şu yöreden olan",,şu'ralı
şuralı buralı,Değişik yerlerden olan,,
şuursuz,Bilinçsiz bir biçimde,,
şükürsüz,"Allah’ın verdiklerine şükretmeyen, onlarla yetinmeyen (kimse)",,
şüpheli,"Kendisinden şüphe edilen, kuşkulanılan; zanlı [hukuk]",,
şüphesiz,Kuşkusuz biçimde,,
taahhütlü,"Taahhüt edilmiş, üstlenilmiş olan",,
taarruzi,"Saldırı ile ilgili, saldırıya ilişkin",Arapça taʿarrużį,taarruzi:
tabakalı,Tabakası (II) olan,,
tabakasız,Tabakası (II) olmayan,,
tabaklı,Tabağı olan,,
tabaksız,Tabağı olmayan,,
tabancalı,Tabancası olan,,
tabancasız,Tabancası olmayan | Tabancası olmadan,,
tabanı yanık,Çok gezip dolaşan (kimse),,
tabanı yarık,"Korkak, güven vermeyen (kimse)",,
tabanlı,Tabanı olan,,
tabansız,Tabanı olmayan,,
tabelalı,Tabelası olan,,
tabelasız,Tabelası olmayan,,
tabi,"Birine veya bir şeye uyan, onun arkası sıra giden",Arapça tābiʿ,ta:bi
tabiatlı,"Herhangi bir yaradılışta, huyda olan",,
tabiatsız,"Tabiatı olmayan | Çirkin ve kaba şeylerden tedirgin olmayan, zevksiz (kimse) | Güzellikten, incelikten anlamayan | Huysuz, geçimsiz olan | Karaktersiz, kişiliksiz olan",,
tabii,"Olağan, alışılmış, her zamanki gibi olan, beklenildiği gibi | Sağduyuya, mantığa, olağan düzene uygun olan | Yapmacık olmayan, doğal olan | Katıksız, saf, doğal olan | (ta'bi:) Doğal olarak, işin gereği olarak; elbet, elbette",Arapça ṭabīʿī,tabii:
tablalı,Tablası olan | Tepesi geniş ve daire biçiminde olan,,
taburcu,Hastaneden çıkması kararlaştırılmış (hasta),,
taçlı,Tacı olan | Taç yaprağı olan [bitki bilimi],,
taçsız,Tacı olmayan | Taç yaprağı olmayan [bitki bilimi],,
taç yapraklı,Taç yaprakları olan [bitki bilimi],,
tadımlık,Bir şeyin tadına bakmaya yeter miktarda olan; çeşni | Çok az,,
tafracı,"Böbürlenen, yüksekten atan (kimse)",,
tafrafuruş,"Böbürlenen, yüksekten atan",Arapça ṭafre + Farsça -furūş,
tahammüllü,Tahammülü olan,,
tahammülsüz,"Tahammülü olmayan | Dayanılmaz, tahammül edilmez | Tahammül etmeden, hoşgörüsüz olarak",,
tahinli,"İçinde tahin bulunan (çörek, ekmek, pide vb.)",,
tahinsiz,İçinde tahin bulunmayan,,
tahkimli,Tahkim edilmiş olan,,
tahminî,"Oranlamaya, tahmine göre; kararlama, kestirmece",Arapça taḫmīnī,tahmi:ni:
tahripkâr,"Yıkıcı, yıkan, zarar veren, tahrip eden",Arapça taḥrīb + Farsça -kār,
tahrirli,Renkli kısmı çizgi çizgi olan (göz); tahrilli | Kenarına çizgi çekilmiş olan,,
tahrirî,"Yazılı, yazı ile, şifahi karşıtı",Arapça taḥrīrī,tahri:ri:
tahsilli,Tahsil görmüş olan; öğrenimli,,
tahsisli,"Bir şeye özgü kılınmış, bir şeye ayrılmış",,
tahtalı,Tahtası olan,,
tahtası eksik,"Aklı tam olmayan, şaşkın, alık, budala olan (kimse)",,
tahta göğüslü,Göğsü küçük olan; tahta göğüs,,
takatli,Takati olan,,
takatsiz,"Takati kalmamış; dermansız, hâlsiz, mecalsiz | Takati kalmamış bir biçimde; dermansız, hâlsiz, mecalsiz",,
takdirkâr,"Takdir eden, beğenen",Arapça taḳdīr + Farsça -kār,takdirkâ:rı
takık,Kafaya takmış olan,,
takılı,"Takılmış, tutturulmuş, asılmış",,
takınaklı,Takınakları olan (kimse),,
takınaksız,Takınağı olmayan (kimse),,
takıntılı,Takıntısı olan; obsesif [ruh bilimi],,
takıntısız,Takıntısı olmayan,,
takırtılı,Takırtısı olan,,
takırtısız,Takırtısı olmayan,,
takır takır,Sert ve kuru; takır tukur | Sert ve kuru bir ses çıkararak; takır tukur | Sert ve kuru bir biçimde; takır tukur | Arka arkaya mermi atarak,,
takipsiz,"Üzerinde durulmayan, takip edilmeyen | Takip edilmeden",,
takkeli,Takkesi olan,,
takkesiz,Takkesi olmayan,,
taklidî,Taklit yoluyla yapılan,Arapça taḳlīdī,takli:di:
taksalı,"Pulu yapıştırılmadığı veya eksik yapıştırıldığı için parası, cezasıyla birlikte kendisine gönderilen kimseden alınan (mektup)",,
taksitli,Taksit yapılan,,
taksitsiz,Taksit yapılmayan,,
takunyalı,Takunyası olan; nalınlı | Siyaseti dinî kurallara göre yapmak isteyen kimse,,
takunyasız,Takunyası olmayan; nalınsız | Takunyası olmaksızın,,
talimarlı,Talimarı olan (gemi) [denizcilik],,
talimli,"Talim görmüş, eğitilmiş | Alışık, bir işi çok yapmaktan dolayı eli yatkın duruma gelmiş olan",,
talimsiz,"Talim görmemiş, eğitilmemiş",,
talip,"İsteyen, talep eden, istekli olan kimse | Genellikle evlenmek isteyen ve bu isteğini evleneceği kimseye bildiren erkek",Arapça ṭālib,ta:lip
talipli,Talibi bulunan,,
tamamlayıcı,"Tamamlama özelliği olan, tamamlayan",,
tamlamalı,Tamlama içeren; terkipli [edebiyat],,
tamlamasız,Tamlama içermeyen; terkipsiz [edebiyat],,
tamtakır,İçinde bulunması gereken şeylerden hiçbiri bulunmayan; bomboş,,ta'mtakır
tam otomatik,Bütünüyle otomatik olan (araç),,
tam yol,"Çok çabuk, yüksek hızda, süratli olan [denizcilik]",,
tanecikli,Küçücük tanelerden oluşmuş | Yüzeyi taneciklerle kaplı gibi görünen,,
taneciksiz,Taneciği olmayan,,
tanecil,Tahılla beslenen [hayvan bilimi],,
taneli,Tanelerden oluşmuş | Çeşitli boylarda tanesi olan,,
tanesiz,Tanesi olmayan,,
tangırtılı,Tangırtısı olan; gürültülü,,
tanıdık,"Tanışılıp konuşulan (kimse); bildik, biliş, tanış | Daha önceden bilinen, görülen, aşina olunan",,
tanıklı,Tanığı olan; şahitli,,
tanıksız,Tanığı olmayan; şahitsiz | Tanık olmadan; şahitsiz,,
tanımaz,Tanımayan,,
tanımlı,"Tanımı olan, tanımlanmış",,
tanınmış,Herhangi bir özelliği ile ün kazanmış olan,,
tanısız,Tanısı olmayan,,
tanıtlı,"Tanıtlanmış, tanıta dayanan; ispatlı [felsefe]",,
tanıtsız,"Tanıtlanmamış, tanıta dayanmayan; ispatsız [felsefe]",,
tannan,"Tınlayan, çınlayan",Arapça ṭannān,
tanrıcı,"Evreni yaratan ve yöneten, vahiy yoluyla insanlara buyruklar veren bir Tanrı'nın varlığına inanan; teist [din bilimi]",,
tanrısız,"Tanrısı olmayan, tanrı tanımayan; mülhit",,
tanrıtanımaz,"Tanrı'nın varlığını inkâr eden; ate, ateist [felsefe]",,tanrı'tanımaz
tansıksı,"Mucizeye yakın, mucizeye benzer, mucizeyi andıran",,
tantanalı,"Gürültülü, patırtılı olan",,
tantanasız,Tantanası olmayan,,
Taocu,Taoculuk yanlısı [felsefe],,
tapalı,Tapa konmuş olan; tıpalı,,
tapasız,Tapa konmamış olan; tıpasız,,
tapon,"Niteliği düşük, eski, elde kalmış | Bayağı olan (kimse)",Fransızca tapon,
taptaze,"Çok taze | Bozulmadan, değerinden bir şey yitirmeyerek",,ta'pta:ze
tapulu,"Tapusu olan | Emri altında, maiyetinde olan",,
tapusuz,Tapusu olmayan,,
tarafgir,"Bir tarafı kayıran, bir tarafı tutan",Arapça ṭaraf + Farsça -gīr,
tarafsız,"Birinden yana olmayan veya bir düşünceye, bir isteğe katılmayan, onu desteklemeyen, yan tutmayan; yansız, bitaraf, nötr",,
taraklı,Tarağı olan | Başında tarak bulunan (kuş veya kadın) | Yol yol nakışlı | Tarağı geniş olan (ayak),,
taraksı,"Tarağı andıran, tarağa benzeyen, tarak gibi",,
taraksız,Tarağı olmayan,,
taralı,Taranmış olan,,
tarazlı,Tel tel kabarmış olan | Çatallaşmış,,
tarazsız,Tarazı olmayan,,
taraz taraz,"Üzeri tel tel ipliklenmiş (kumaş) | Karışık, dolaşık (saç)",,
tarçınlı,İçinde tarçın bulunan,,
tarçınsız,İçinde tarçın bulunmayan,,
tarhanalık,Tarhana yapmak için ayrılmış | Tarhana yapmaya elverişli olan,,
tarımsal,Tarımla ilgili; zirai,,
tarifeli,Belli bir tarifeye göre olan,,
tarifesiz,Tarifesi olmayan,,
tarifli,Tarifi olan,,
tarifsiz,"Tarifi olmayan | Tarif edilemeyen, tarif edilemez",,
tarihli,Herhangi bir tarihi taşıyan; günlü | Tarihi yazılmış olan,,
tarihsel,"Tarihe dair, tarihle ilgili; tarihî",,
tarihsel özdekçi,Tarihsel özdekçilik yanlısı olan; tarihî maddeci [felsefe],,
tarihsiz,"Tarihi yazılmamış, yazıldığı gün, ay veya yıl belirtilmemiş | Tarihi olmayan, uzun bir geçmişi olmayan",,
tarihî,"Tarihe geçmiş | Geçmiş yüzyıllardan günümüze ulaşmış olan [mimarlık] | Unutulmayan, anılma değeri olan",Arapça tārīḫī,ta:rihî:
tarlamsı,"Tarlayı andıran, tarlaya benzeyen, tarla gibi",,
tartarik,Yapısında iki alkol ve iki asit bulunan (madde) [kimya],Fransızca tartarique,
tartıl,Tartıya dayanan [kimya],,
tartılı,"Tartılmış; vezinli | Ölçülü, dengeli olan",,
tartısız,"Tartılmamış; vezinsiz | Ölçüsüz, dengesiz olan",,
tartışmagötürmez,Başka bir tartışmaya elverişli olmayan,,tartışma’götürmez
tartışmalı,"Tartışma yapılan | Tartışılmakta olan, üzerinde henüz bir görüş birliğine varılmamış olan, kesinleşmemiş; münakaşalı",,
tartışmasız,Tartışma yapılmadan,,
tasarımlı,"Tasarımlanmış, zihinde canlandırılarak biçim verilmiş; dizaynlı, edimsel karşıtı",,
tasarımsız,Tasarım yapılmamış; dizaynsız,,
tasarruflu,"Parasını ölçülü, dikkatli harcayan | Az masraflı",,
tasasız,Hiçbir şeyi kendine dert edinmeden,,
tasavvufi,"Tasavvufla ilgili, tasavvufa ait",Arapça taṣavvufī,tasavvufi:
tasımsal,Tasımla ilgili,,
taşaklı,"Taşağı olan | Sözünü geçirir, tuttuğunu koparır; yiğit",,
taşçıl,"Taşı andıran, taş gibi | Taşlar ve kayalar üzerinde veya taşlı topraklarda yetişen [bitki bilimi]",,
taşıl bilimsel,Taşıl bilimi ile ilgili; paleontolojik,,
taşkınca,"Biraz taşkın | (taşkı'nca) Taşkın, aşırı bir biçimde",,
taşlı,"İçinde taş olan, taş karışmış olan (tahıl, bakliyat vb.) | Üzerinde taş bulunan | Üzerinde süs taşı bulunan",,
taşralı,"Taşra halkından olan (kimse); dışarılı, dışarlıklı",,
taşsı,"Taşı andıran, taşa benzeyen, taş gibi; taşımsı",,
taşsız,Taşı olmayan,,
taş arabası,"Aptal, sersem olan",,
taş bilimsel,Taş bilimi ile ilgili; litolojik,,
tatarı,Tam pişmemiş,,
tatlandırıcılı,İçinde tatlandırıcı bulunan,,
tatlıca,"Biraz tatlı, az tatlı | (tatlı'ca) Hoş, yumuşak bir biçimde",,
tatlılı,"Tatlısı olan, içinde tatlı bulunan",,
tatlımsı,"Tatlıyı andıran, tatlıya benzeyen, tatlı gibi",,
tatlısız,"Tatlısı olmayan, içinde tatlı bulunmayan | Tatlı olmadan, tatlı olmaksızın",,
tatlı dilli,"Güzel, kandırıcı, gönül alıcı konuşan; tatlı sözlü",,
tatlı sert,"Ne çok sert ne çok yumuşak (söz, davranış)",,
tatminkâr,"Tatmin eden, tatmin edici özellikte olan",Arapça taṭmīn + Farsça -kār,
tatminsiz,Tatmin olmayan,,
tatsal,Tat alma duyusu ile ilgili [biyoloji],,
tatsız,"Tadı iyi olmayan, lezzetsiz olan | Tadı olmayan | Basit, sıradan olan | Hoşa gitmeyen, can sıkan | Sohbeti hoş olmayan veya geçimsizlik çıkaran (kimse) | Hoşa gitmeyen bir biçimde",,
tatsız tuzsuz,"Yavan, lezzetsiz olan | Çok tatsız",,
tavalık,"Tavada pişirilmeye uygun (et, balık, midye)",,
tavanlık,Tavan döşemesine gerekli olan,,
tavırlı,"Mesafeli davranan, uzak duran",,
tavlı,"Tavlanmış, tavı olan, tav verilmiş | Semiz, şişman (hayvan)",,
tavsız,"Tavlanmamış, tav verilmemiş, henüz işlenecek kıvama gelmemiş",,
tavsiyeli,"Birisi tarafından tavsiye edilen | Kayırılması istenen, kayırılan",,
tavsiyesiz,Birisi tarafından tavsiye edilmeyen | Kayırılmayan,,
tavşan dişli,Tavşan dişi olan,,
tavşan dudak,Doğuştan üst dudağı yarık olan (kimse); yarık dudak,,
tavşan yürekli,"Çok ürkek, korkak olan",,
tavuklu,İçinde tavuk eti bulunan,,
tavuksu,"Tavuğu andıran, tavuğa benzeyen, tavuk gibi",,
tayinli,Tayine bağlı olan,,
tayinsiz,Tayine bağlı olmayan,,
Taylorcu,Taylorculuk yöntemini benimseyen [toplum bilimi],,
tazece,"Tazeliğini koruyan, tazeliğini yitirmemiş",,
tazekan,"Kan ihtiyacı olan hastaya verilmek üzere bir başkasından yeni alınan kan | Bir grubu, bir kuruluşu vb.ni canlandırabilecek yeni kişi veya kişiler",,
tazyikli,Tazyiki olan,,
tazyiksiz,Tazyiki olmayan,,
tebelleş,"İstenmediği hâlde, birinden veya bir yerden ayrılmayan, gitmeyen, musallat olan",,
teberli,Teberi olan,,
tebersiz,Teberi olmayan,,
tebessümlü,"Tebessüm eden, tebessümü olan",,
tebessümsüz,"Tebessüm etmeyen, tebessümü olmayan",,
tebeşirli,Tebeşir ile yazılmış,,
tebeşirsiz,Tebeşir ile yazılmamış,,
tecavüzkâr,Tecavüz eden,Arapça tecāvuz + Farsça -kār,teca:vüzkâr
tecimsel,"Ticaret ile ilgili, ticarete ait",,
tecvitli,"Tecvidi olan, tecvidi ortaya koyan",,
teçhizatlı,"Teçhizatı bulunan, teçhizatlanmış",,
tedarikli,"Her şeyi önceden sağlamış olarak, hazırlıklı bir biçimde",,
tedariksiz,"Önceden gereken şeyleri sağlamadan, hazırlıksız bir biçimde",,
tedbirli,"Önceden hazırlıklı davranan, önlemini zamanında alan; müdebbir | İşin arkasını ve sonunu düşünerek hareket eden; müdebbir | Hazırlıklı bir biçimde, önceden düşünerek",,
tedbirsiz,"Önceden hazırlıklı davranmayan, önlemini zamanında almayan | Hazırlıksız bir biçimde, önceden düşünmeyerek",,
tedhişli,Terör dolu | Dehşet ve şiddet dolu,,
tedhişsiz,"Terörü olmayan | Şiddet olmayan, şiddet içermeyen",,
tedirgin,"Rahatı, huzuru kaçmış",,
tedricî,"Derece derece, yavaş yavaş olan",Arapça tedrīcī,tedri:ci:
teenager,343 ergen,İngilizce teenager,
tefeli,Sık dokunmuş (bez),,
tehditkâr,Tehdit edici,Arapça tehdīd + Farsça -kār,
tehditli,Tehdidi bulunan,,
tehditsiz,"Tehdidi bulunmayan, tehditten uzak",,
tehirli,Geciktirilmiş | Ertelenmiş | Gecikmiş bir biçimde,,
tehirsiz,"Gecikmesi olmadan, gecikmeden",,
tehlikeli,Tehlikesi olan; muhataralı,,
tehlikesiz,"Tehlikesi olmayan; emin, muhatarasız",,
tek,"Sessiz, hareketsiz, uslu olan",,
tekbenci,Tekbencilik yanlısı olan,,te'kbenci
tekçi,"Tekçilik taraflısı olan, tekçilikle ilgisi olan; birci, monist [felsefe]",,
tekdüze,"Değişmeksizin, düzenli, aynı biçimde tekrarlanan, sürüp giden; tek örnek, muttarit, yeknesak, monoton | (te'kdüze) Değişmeyerek, aynı biçimde tekrar edilerek; bitevi, biteviye",,
tekerlekli,Tekerleği olan; tekerli,,
tekerleksiz,Tekerleği olmayan,,
tekgövde,"Parçalara ayrılmayan, bütün olarak bulunan; monoblok",,te'kgövde
tekin,"Boş, içinde kimse bulunmayan | Güvenilir (kişi, yer) | İçinde doğaüstü varlıklar bulunmadığı için uğurlu sayılan (kimse veya yer) inanılan (yer)",,
teklifsiz,"Samimi, içli dışlı, sıkı fıkı | Samimi, içli dışlı, sıkı fıkı bir biçimde",,
teknolojik,Teknoloji ile ilgili,Fransızca technologique,l ince okunur
tekrarlı,"Üst üste veya tekrar tekrar yapılan, tekrar edilen; yinelemeli, mükerrer",,
tekrarsız,Tekrarı olmayan; yinelemesiz,,
tektaş,"Sadece bir pırlantası veya elması olan (yüzük, küpe)",,te'ktaş
tek adamcı,Tek adamcılık yanlısı,,
tek anlamlı,Tek anlamı olan (kelime veya kavram) [dil bilimi],,
tek çekirdekli,Yalnız bir çekirdeği olan (hücre) [biyoloji],,
tek çenekli,Tek çeneği olan [bitki bilimi],,
tek eşli,"Eşi bir tek olan; tek evli, monogam",,
tek fazlı,Bir fazı bulunan (elektrik sistemi),,
tek kişilik,"Tek kişinin kullanabileceği, tek kişiye göre, tek kişi için olan | Tek kişinin yapacağı (iş)",,
tek partili,Tek partiye dayanan (siyasi hayat),,
tek renkli,Tek rengi olan | Yalnız basit bir renk veren (ışık) [fizik],,
tek sesli,"Benzer seslerin kullanılmasıyla yapılan (müzik vb.) [müzik] | Değişik düşünceler dile getirilemeyen (ortam, toplum)",,
tek tanrıcı,Tek tanrıcılığa inanan; monoteist [toplum bilimi],,
tek tanrılı,İnandığı tek bir tanrı olan,,
tek taraflı,"Bir yanı, tarafı olan | Tek bakış açısı olan; tek yanlı, tek yönlü",,
tek tip,"Aynı biçim veya nitelikte | Aynı düşünceleri benimseyen, benzer hareket eden",,
tek tük,"Az, seyrek olan | Az, seyrek olarak",,
tek yönlü,Tek yönü olan,,
telaşlı,"Telaş eden, telaşa düşen; pürtelaş",,
telaşsız,"Soğukkanlılıkla, şaşırmadan, telaş etmeden",,
telefonlu,Telefonu olan,,
telefonsuz,Telefonu olmayan,,
telefon ihbarlı,"Kargonun, alıcıya telefon ile duyurulması ve alıcının kargosunu şubeden teslim alması biçiminde gerçekleşen (kargo hizmeti)",,
telejenik,"Televizyon, bilgisayar vb. görüntülü yayın araçlarında olduğundan daha etkileyici ve güzel görünen (kimse)",İngilizce telegenic,
telekli,Teleği olan,,
telepatik,Telepati ile ilgili,Fransızca télépathique,te'lepatik
teles,"Yıpranmış, hırpalanmış bir biçimde telleri, lifleri meydana çıkmış",,
telli,"Teli olan | Teller takınmış, telle süslenmiş",,
telli duvaklı,Duvakla ve telle süslenmiş olan (gelin),,
telli pullu,Zevksiz bir biçimde süslenmiş (şey veya kimse),,
telsel,Tel gibi olan,,
telsi,Çok ince telciklerden oluşan,,
telsiz,Teli olmayan,,
teltikli,"Hatalı, kusurlu olan",,
teltiksiz,"Hatasız, kusursuz olan",,
tel tel,Tel biçiminde olan | Ayrı ayrı teller durumunda,,
temaslı,Teması olan | Bulaşıcı hastalığı olan birisiyle temas eden,,
temassız,Teması olmayan | Bulaşıcı hastalığı olan birisiyle temas etmeyen,,
tematik,Bir tema etrafında oluşan,Fransızca thématique,
tembel,"İş görmeyi, çalışmayı sevmeyen, çaba göstermekten, sıkıntıdan kaçan (kimse); ağırcanlı, haymana | Fonksiyonunu yerine getirmede yavaşlık gösteren (organ) [tıp]",Farsça tenbel,
tembihli,"Hatırlatılmış, tembih edilmiş",,
tembihsiz,"Hatırlatılmamış, tembih edilmemiş",,
temelli,Herhangi bir nitelikte temeli olan | (te'melli) Sürekli olarak | (te'melli) ► tamamen,,
temelsiz,"Temeli olmayan | Gerçek veya sağlam olmayan, asılsız, olan | Asılsız olarak, gerçeğe aykırı bir biçimde",,
teminatlı,Teminatı olan,,
teminatsız,Teminatı olmayan,,
temiz,"Kirli, lekeli, pis, bulaşık olmayan; arı (I), pak, sili (II), tahir, hijyen, hijyenik | Özenle yapılmış | Çok az kullanılmış veya hiç kullanılmamış olan, özrü olmayan | Ahlakça lekesiz | Kirli, lekeli, bulaşık olmayan bir biçimde",Arapça temyīz,
temiz kalpli,Olaylara iyimser ve olumlu yönden bakan | İçinde iyi duygular taşıyan,,
temiz pak,Çok temiz | Tertemiz bir biçimde,,
temiz yürekli,"İçi dışı bir olan, kalbi temiz olan",,
temkinli,Davranışlarında ölçülü olan,,
temkinsiz,Davranışlarında ölçülü olmayan,,
tempolu,Temposu olan | Temposu hızlı olan,,
temposuz,Temposu olmayan | Temposu bozuk olan,,
temsilî,"Bir şeyi göz önünde canlandıran, temsille ilgili",Arapça tems̱īlī,temsi:li:
tenasüpsüz,"Tenasüp olmayan, aralarında uygunluk, düzgünlük bulunmayan",,
tenha,"Kalabalık olmayan | Yalnız, tek",Farsça tenhā,tenha:
tenhaca,Kalabalık olmayan,,tenha:ca
tenkitsiz,Eleştirisi olmayan,,
tensel,"Bedene ait, tenle ilgili",,
tenteli,Tentesi olan,,
tentesiz,Tentesi olmayan,,
tenzihî,Tenzihle ilgili,Arapça tenzįhį,tenzi:hi:
teokratik,Teokrasiye dayanan,Fransızca théocratique,
teolojik,Tanrı bilimiyle ilgili,Fransızca théologique,l ince okunur
tepeden inmeci,Tepeden inme taraftarı; jakoben,,
tepeli,"Tepesi olan | Başında sorguç, hotoz vb. bir süs bulunan (kuş)",,
tepelikli,Tepeliği olan,,
tepesiz,Tepesi olmayan,,
tepkili,Tepkisi olan | Tepki gücü ile çalışan,,
tepkimeli,Tepkimesi olan,,
tepkin,"Tepkime özelliği olan, tepkiyen",,
tepkisel,"Tepkiyle ilgili, tepkiye ait",,
tepkisiz,"Tepkisi olmayan, tepki vermeyen | Tepki gücü ile çalışmayan | Uyaranlara karşın herhangi bir karşılık vermeyen",,
terbiyeli,Terbiye işlemi yapılmış (yemek),,
terbiyesiz,Terbiyesi olmayan | Topluluk kurallarına aykırı davranan,,
terbiyesizce,Terbiyesiz olan | (terbiyesi'zce) Terbiyesiz bir biçimde; terbiyesizcesine,,
tereddütlü,Tereddüde yol açan,,
tereddütsüz,Tereddüde yol açmayan | Kararlı olarak | Duraksamadan,,
terelelli,"Hafif kaçık, dengesiz olan",,terele'lli
tereyağlı,Tereyağı ile yapılmış,,
terimli,Terimi olan,,
terkibî,Tamlama ile ilgili,Arapça terkībī,terki:bi:
terkipli,Bileşim içeren,,
terkipsiz,Bileşim içermeyen,,
terli,Terlemiş olan,,
terliksi,Terlik biçiminde olan,,
terminolojik,Terimler dizgesi ile ilgili,Fransızca terminologique,l ince okunur
termonükleer,"Ancak çok yüksek sıcaklıklarda, hafif elementler arasında doğan (çekirdeksel tepkime) [fizik]",Fransızca thermonucléaire,te'rmonükleer
tersinir,"Bir olayın ortaya çıkma şartlarındaki sonsuz küçük bir değişikliğin etkisiyle herhangi bir anda yön değiştirebilen (kimyasal, fiziksel ve mekanik dönüşüm) [fizik]",,
ters düz,"""Bir süre kullanılmış olan giysilerin içini dışına çevirmek"" anlamında kullanılan ters düz etmek deyiminde geçen bir söz",,
ters orantılı,Birbirine bağlı olan ve biri artarken diğeri azalan (büyüklük) [matematik],,
ters pers,Düzelemeyecek kadar ters bir biçimde,,
ters ters,Uygun olmayan | Ters bir biçimde,,
ters türs,"Tamamen ters, birbirinin zıddı | Düzensiz bir biçimde",,
tertemiz,"Çok temiz, her yanı temiz; arı sili, tiril tiril, pirüpak | Kötülük düşünmeyen, günahsız, lekesiz, suçsuz olan; yepyeni",,te'rtemiz
tertipli,"Düzenli, derli toplu, yerli yerinde | Dağınıklıktan hoşlanmayan, düzenli (kimse) | Düzenli, derli toplu bir biçimde | Önceden düzenlenmiş, hazırlanmış",,
tertipsiz,"Savruk, dağınık, intizamsız (kimse) | Düzensiz bir biçimde",,
terütaze,Dinç bir biçimde,Farsça ter + tāze,te'rüta:ze
tescilli,"Tescil edilmiş, resmen kayıtlı",,
tescilsiz,Tescil edilmemiş,,
tesellisiz,Teselli edilemeyen,,
tesettürlü,Başı kapalı kıyafetler giyinen (kadın),,
teslimiyetçi,"Boyun eğme eğiliminde olan, kabullenmiş",,
tespihli,Tespihi olan | Üzerinde bir sıraya dizilmiş tespih taneleri gibi yuvarlakları olan [mimarlık],,
testereli,Testere biçiminde dişleri olan,,
teşkilatsız,Örgütsüz bir biçimde,,
teşne,Susamış | Çok istekli,Farsça teşne,
teşrifatlı,Resmî veya geleneksel kurallara bağlı,,
teşrifatsız,Resmî veya geleneksel kurallara bağlı olmayan,,
tetikli,Tetiği (I) olan,,
tevazusuz,Alçak gönüllü olmayan,,
tevekkel,Her şeyi oluruna bırakan,Arapça tevekkel,
tevekküllü,Tevekkülü olan,,
tevekkülsüz,Tevekkülü olmayan,,
tevhit ehli,Allah'ın birliğine inananlar,,
teyelli,"Teyelle tutturulmuş, teyellenmiş | Üzerine teyel atılmış",,
tez,Süratli bir biçimde,Farsça tīz,
tezkiyesi bozuk,Doğruluğuna güvenilmez (kimse),,
tezli,"Tezi olan, bir iddia ileri süren",,
tezyinî,"Bezemecilikle, süslemecilikle ilgili",Arapça tezyīnī,tezyi:ni:
tıbbi,"Tıpla ilgili, hekimlikle ilgili",Arapça ṭibbī,tıbbi:
tıkaçlı,"Tıkacı olan, tıkaçlanmış; tıkamalı",,
tıkaçsız,"Tıkacı olmayan, tıkaçlanmamış",,
tıkalı,"Herhangi bir şeyin geçmesine imkân vermeyen, tıkanmış, kapanmış olan",,
tıkanık,Tıkanmış olan,,
tıkırında,"Yolunda, düzen içinde",,
tıkışık,Tıkışmış olan,,
tıkız,Çok sıkıştırılmaktan veya çok sıkı doldurulmaktan katılaşmış; sıkı | Yoğunluğu çok ve katı olan,,
tıknaz,"Şişmanca, toplu, kısa ve kalın yapılı; tıkız",,
tıknazca,Tıknaz bir biçimde olan | Tıknaz bir biçimde,,tıkna’zca
tıknefes,"Herhangi bir sebeple solunum sıkıntısı olan, güçlükle, kesik kesik nefes alan",Arapça ḍīḳ + nefes,tı'knefes
tıksırıklı,Tıksırığı olan | Rahatsız olan,,
tılsımlı,Tılsımı olan,,
tımarhanelik,Tımarhaneye kapatılmasını gerektirecek kadar akıl hastası olan,,
tımarlı,"Tımar edilmiş (binek hayvanı) | Bakılmış, tedavi edilmiş (yara veya hasta) | Bakılmış, işlenmiş (ağaç, toprak vb.)",,
tımtıkız,Çok tıkız,,
tıngırı yolunda,Kazancı iyi,,
tıngır tıngır,Birbirine çarpan metal eşya sürekli ses çıkararak | Bomboş (yer),,
tınlamalı,"""Tın"" sesi çıkaran | Ahenkli, ritmik olan; taninli",,
tıntın,"Boş, bomboş | Bilgisiz, cahil",,
tın tın,"Bilgisiz, cahil, akılsız | Parasız, züğürt | İçinde bir şey olmayan (yer)",,
tıraşlı,"Tıraş olmuş, sakalını tıraş etmiş; matruş | Tıraşı uzamış | Yontulmuş",,
tıraşsız,"Saçı veya sakalı uzamış, tıraşı gelmiş | Yontulmamış (taş vb. sert nesne)",,
tırcı,Tır kullanarak taşımacılık yapan (kimse),,
tırhallı,"Aynı şartlar altında bulunanların aynı durumda olduklarını anlatmak için söylenen tırhallı, hep bir hâlli deyiminde geçen bir söz",,
tırıl,"Çıplak ve zayıf | Parasız, züğürt",,
tırışka,"İşe yaramaz, yararsız",,
tırı vırı,"Değersiz, boş",,
tırmanıcı,Tırmanma özelliği olan [bitki bilimi],,
tırnaklı,Tırnağı olan,,
tırnaksı,"Tırnağı andıran, tırnağa benzeyen, tırnak gibi",,
tırsık,Tırsmış olan | Tırsmış biçimde,,
tırt,İşe yaramayan (kimse),,
tırtıklı,Tırtığı olan,,
tırtıllı,Kenarlarında tırtıl olan,,
tıynetli,İyi huylu,,
tıynetsiz,Kötü huylu,,
ticani,"Yobaz, gerici",Arapça ticānī,tica:ni:
ticari,"Ticaretle ilgili, ticarete ilişkin",Arapça ticārī,tica:ri:
tiftik tiftik,Telleri birbirinden ayrılıp kabarmış,,
tikel,"Bir türün bütün bireylerine değil de bir veya birkaç bireyine ilişkin olan; cüzi, tümel karşıtı [felsefe]",,
tiksindirici,"Tiksinilecek durumda olan; tiksinç, menfur",,
tilkimsi,"Tilkiyi andıran, tilkiye benzeyen, tilki gibi",,
tipik,Bir kimseyi veya nesneyi niteleyen; karakteristik | Çok özgün olan,Fransızca typique,
tipili,Kar fırtınalı,,
tipografik,Tipografi ile ilgili,Fransızca typographique,
tipolojik,Tipolojiye ilişkin,Fransızca typologique,l ince okunur
tirendaz,"Ok atan | Becerikli, elinden iş gelir",Farsça tīrendāz,ti:rendaz
tiril tiril,"Titrer gibi dalgalanan, ince (kumaş, elbise) | Titreye titreye",,
tirink,Peşin olarak,,
tirşe gözlü,Gözü tirşe renkli olan,,
titiz,"Çok dikkat ve özenle davranan veya böyle davranılmasını isteyen (kimse), memnun edilmesi güç; müşkülpesent | Temizliğe aşırı düşkün olan (kimse)",,
titrek,Titreyen; lerzan,,
titreşimli,Titreşim yapan veya titreşim oluşturan; vibrasyonlu,,
titreşimsiz,Titreşim yapmayan veya titreşim oluşturmayan,,
tiyatrosever,"Tiyatro tutkusu olan, tiyatroyu seven (kimse)",,tiyatro'sever
tiz,"İnce keskin (ses), pes karşıtı",Farsça tīz,
tiz sesli,Sesi tiz olan,,
tohumlu,Tohumu olan | Tohumla üreyen,,
tok,"Açlığını gidermiş, doymuş, aç karşıtı | Sık ve kalın dokunmuş (kumaş) | Kalın ve gür (ses) | Sevgi, sevecenlik, başarı, para, mal vb. şeyleri elde etmiş ve bunlara kavuşmuş olan",,
tokalı,"Tokası olan, toka takılmış olan",,
tokasız,Tokası olmayan,,
toksikolojik,Toksikoloji ile ilgili [tıp],Fransızca toxicologique,l ince okunur
tokuz,"Sık ve kalınca, tok (kumaş)",,
tok sözlü,"Hatır ve gönül dinlemeden, hiçbir şeyden çekinmeden konuşan",,
tolere,"""Hoş görmek; kaldırmak, katlanmak, tahammül etmek; gidermek"" anlamlarındaki tolere etmek birleşik fiilinde geçen bir söz",Fransızca toléré,
tolgalı,Miğferi olan,,
tolgasız,Miğferi olmayan,,
tomarla,(toma'rla) Çok fazla bir biçimde,,
tomar tomar,Tomar durumunda olan,,
tombalak,"Kısa boylu, şişman, tıknaz ve tombulca",,
tombul,"Şişman, etine dolgun olan; yumuk",,
tombulca,Biraz tombul,,
tonilatoluk,Herhangi bir tonilato hacminde olan,,
tonlarca,Çok miktarda olan; tonla,,
tonlu,"Akciğerlerden gelen havanın ses tellerini titreştirmesiyle boğumlanan (ses); yumuşak, sedalı, ötümlü, titreşimli [dil bilgisi]",,
tonluk,Belli bir ton ağırlığında olan,,
tonsuz,"Akciğerlerden gelen havanın titreşime uğramadan boğumlanmasıyla oluşan (ses); sert, sedasız, ötümsüz, titreşimsiz [dil bilgisi]",,
tonton,"Sevimli, hoş (kimse)",,
topal,"Bacak veya ayağındaki sakatlık sebebiyle seker gibi veya iki adımda bir, bir yana eğilerek yürüyen (insan veya hayvan) | Ayaklarından biri kısa olan (nesne)",,
toparlacık,Çok yuvarlak | Kısa boylu ve şişman (kimse),,
toparlağımsı,Top biçiminde olan,,
toparlakça,Toparlağa yakın bir biçimde olan,,
toplanık,Toplanmış durumda olan,,
toplaşık,"Bir araya getirilmiş, toplu hâle getirilmiş",,
topless,343 üstsüz,İngilizce topless,
toplu,"Topu olan | Hepsi bir arada bulunan, toplanmış | Bir arada, bütün; kombine | Düzenlenmiş, dağınık olmayan | Topunu, tamamını, bütününü içine alan | Vücutça dolgun",,
topluca,"Vücutça biraz dolgun | (toplu'ca) Toplu olarak, beraber",,
toplumcu gerçekçi,Toplumcu gerçekçilik yanlısı olan [edebiyat],,
toplumlar arası,Birçok toplumu ilgilendiren,,
toplummerkezci,Toplummerkezcilik yanlısı; toplumiçinci [felsefe],,toplu'mmerkezci
toplumsal,"Toplumla ilgili, topluma ilişkin; içtimai, maşerî, sosyal [toplum bilimi]",,
toplum bilimsel,Toplum bilimiyle ilgili olan; sosyolojik,,
toplu taşımacı,Toplu taşıma yapan,,
topoğrafik,Topoğrafyayla ilgili,Fransızca topographique,
topolojik,Topoloji ile ilgili olan,Fransızca topologique,l ince okunur
topraklı,İçine toprak karışmış | Ekecek toprağı olan (köylü),,
topraksı,"Toprağı andıran, toprağa benzeyen, toprak gibi",,
topraksız,İçinde toprak bulunmayan | Ekecek toprağı olmayan (köylü),,
toprak bilimsel,Toprak bilimi ile ilgili; pedolojik,,
topsuz,Topu olmayan,,
toptan,"Büyük ölçüde, çok miktarda yapılan (alışveriş), perakende karşıtı [ticaret] | Toplu bir biçimde olan; global | Toplu bir biçimde",,
topuklu,"Topuğu bulunan (ayakkabı, terlik vb.) | Topuğu herhangi bir özellikte olan",,
topuksuz,Ökçe yüksekliği az olan,,
topuzlu,Topuzu olan,,
top sağır,Sağırlığı ileri derecede olan,,
top sakallı,Top sakalı olan,,
top top,"Birçok topu bir arada bulunan (kumaş vb.) | Top biçiminde olarak, yuvarlak yuvarlak",,
toraman,İri yapılı (genç),,
torbalı,Torbası olan | Torbaya konulmuş olan,,
torbasız,Torbası olmayan,,
torlak,"Genç, toy olan | Henüz evcilleşmemiş, alışmamış (hergele)",,
tornalı,Tornada işlenmiş | Tornalanmış parçalarla yapılmış,,
torpilli,Torpili bulunan | Kayıranı olan,,
torpilsiz,Torpili olmayan | Torpil olmaksızın,,
tortop,"Bütünüyle top biçiminde, yusyuvarlak (olan)",,to'rtop
tortul,Tortu niteliğinde olan | Tortullaşma sonucu oluşmuş,,
tortulu,Tortusu olan,,
tortusuz,Tortusu olmayan,,
tostoparlak,Bütünüyle toparlak,,to'stoparlak
totaliter,"Demokratik hak ve özgürlüklerin baskı altında tutulduğu, bütün yetkilerin bir elde veya küçük bir yönetici grubunun elinde toplandığı demokratik olmayan (devlet düzeni); bütüncül",Fransızca totalitaire,
totemci,Totemcilik yanlısı; onguncu [toplum bilimi],,
toy,Gençliği sebebiyle görgüsüz ve beceriksiz olan,,
tozkoparan,Çok rüzgârlı (yer),,to'zkoparan
tozlu,Toza bulanmış veya tozu olan,,
tozluklu,Üzerinde tozluk bulunan,,
tozluksuz,Üzerinde tozluk olmayan | Tozluğu olmadan,,
töhmetli,Suçlanmış,,
törel,"Töreye uygun; töreli, töresel | Töre ile ilgili",,
törelsiz,Töreye aykırı,,
törenli,Törenle yapılan; merasimli,,
törensel,Törenle ilgili,,
törensiz,Törenle yapılmayan; merasimsiz,,
töresiz,Töresi olmayan,,
töretanımaz,Daha üstün saydığı bir töre adına geçerli töreyi tanımayan; immoral [felsefe] | Töre kurallarına aykırı olan,,töre'tanımaz
töre dışı,"Töreyle hiçbir ilgisi bulunmayan, töre ile ilgili yanı olmayan; ahlak dışı, gayriahlaki",,
töre dışıcı,"Töreyi inkâr eden öğretileri benimseyen; ahlak dışıcı, amoralist",,
törpülü,Törpülenmiş,,
törpüsüz,Törpülenmemiş,,
tövbekâr,"Günah sayılacak bir işten vazgeçmiş olan, bir daha yapmamaya karar vermiş olan (kimse)",Arapça tevbe + Farsça -kār,
tövbeli,Tövbe etmiş olan; tövbekâr | Kötü alışkanlıklarından vazgeçmiş,,
tövbesiz,Tövbe etmemiş,,
tözel,Tözle ilgili,,
trajik,Trajedi ile ilgili | Çok acıklı,Fransızca tragique,
trajikomik,Hem acıklı hem de güldürücü özelliği olan,Fransızca tragi-comique,
transkribe,“Bir metnin çeviri yazısını yapmak” anlamındaki transkribe etmek birleşik fiilinde geçen bir söz,İngilizce transcribe,
transseksüel,Hormon tedavisi görüp ameliyat olarak cinsiyet değiştiren,Fransızca transsexuel,
trapezli,Trapezi olan,,
trapezsiz,Trapezi olmayan,,
travmatik,Travmayla ilgili | Travmaya yol açan,Fransızca traumatique,
trençkotlu,Trençkotu olan,,
trigonometrik,Trigonometri ile ilgili [matematik],Fransızca trigonométrique,
trilyonluk,Niceliği trilyonla ölçülen | Zenginliği trilyon değerinde olan,,
Troçkici,Troçkiciliği benimsemiş veya Troçkicilik yanlısı,,
tropik,Dönenceler çevresinde olan [coğrafya],Fransızca tropique,
tropikal,"Tropika ile ilgili, tropika bölgesinden olan [coğrafya]",Fransızca tropical,l ince okunur
tubeless,343 içsiz,İngilizce tubeless,
tufalı,"Herhangi bir emek ve çaba harcamadan elde edilen, kolayca sağlanan",,
tufeyli,"Salaş, virane, yıkık olan",Arapça ṭufeylī,tufeyli:
tuğlu,Tuğu olan,,
tuğralı,Tuğrası olan,,
tuhaf,"Şaşılacak, garip şey | Şaşılan bir şey karşısında söylenen söz",Arapça tuḥaf,
tumbadız,Kısa boylu ve şişman,,
tumturaklı,"Anlama bir şey katmayan, bir anlam bildirmeyen ancak kulağa hoş gelen",,
tunç bilekli,"Kolu, bileği çok güçlü",,
Turancı,"Turancılık yanlısı (kimse, görüş vb.); Panturanist",,
turfa,"Değeri düşük, işe yaramaz | Acayip, tuhaf olan",Arapça ṭurfe,
turfanda,"Mevsimin başında ilk yetişen (meyve, sebze) | Yeni, ilk kez ortaya çıkan",Farsça tervende,
turistik,"Turizmle ilgili olan | Turistlerin gereksinimlerini karşılama amacı gözeten, turistleri ilgilendirici niteliği olan",Fransızca touristique,
turkuazımsı,Rengi turkuazı andıran,,
turşulu,İçinde turşu bulunan,,
turşuluk,Turşu yapmaya elverişli,,
turuncumsu,"Rengi turuncuyu andıran, turuncuya benzeyen; turuncumtırak",,
tuşlu,Tuşu olan,,
tuşsuz,Tuşu olmayan,,
tutam,Avuç içi veya parmak uçlarıyla tutulabilen miktarda olan; kavram,,
tutamaçlı,Tutamacı olan,,
tutamaksız,"Tutunacak, dayanacak, güvenecek şeyi olmayan",,
tutamlık,Herhangi bir tutam miktarında olan,,
tutam tutam,Tutulacak kadar birçoğu bir arada olan,,
tutarlı,"Aralarında çelişki bulunmayan, her bakımdan uyumlu; insicamlı",,
tutarsız,"Tutarlı olmayan, aralarında çelişki bulunan; insicamsız",,
tutkallı,Tutkal sürülmüş | İçinde tutkal bulunan,,
tutkalsız,Tutkal sürülmemiş | İçinde tutkal bulunmayan,,
tutkulu,Tutkusu olan; ihtiraslı,,
tutkun,Gönül vermiş; meclup,,
tutkusal,"Tutkulu, aşırı bağlı veya düşkün",,
tutkusuz,Tutkusu olmayan; ihtirassız,,
tutturuk,"İnatçı, takıntılı olan",,
tutuk,"Akıcı, rahat konuşamayan | Eski işlevini göremez duruma gelmiş | Olması gereken gibi olmayan | Tutulmuş | Kısılmış, kesik | Kapalı, tıkalı olan | Sıkıntılı olan | Durgun, çekingen, sıkılgan olan",,
tutuklu,"Kanun yoluyla hürriyetlerinden alıkonularak bir yere kapatılan (kimse); tutuk, mevkuf [hukuk]",,
tutuksuz,Tutuklanmadan yargılanan [hukuk] | Tutuklanmadan,,
tutulmaz,"Yakalanmaz, ele avuca gelmez",,
tutulmuş,Engellenmiş | Ele geçirilmiş,,
tutulu,Tutulmuş | Tutu olarak alınmış; ipotekli [ticaret],,
tutumlu,"Aşırı harcamalardan kaçınan; hesaplı, idareli, muktesit",,
tutumsuz,"Aşırı harcamalar yapan; idaresiz, savruk, savurgan, hesapsız, müsrif",,
tuvaletçi,Tuvalet işleten (kimse),,
tuzaklı,Tuzağı bulunan,,
tuzaksız,Tuzağı bulunmayan,,
tuzcul,Tuzlu toprakları seven (bitki),,
tuzlak,"Otları tuzlu olan veya ot bitmeyen, çorak, verimsiz (yer); tuzla",,
tuzlu,Tuzu olan | Tuzu çok olan | Çok pahalı,,
tuzluca,İçerisinde biraz tuz bulunan (su vb.) | Tuzu gereğinden fazla olan | Biraz pahalı olan,,
tuzlumsu,"Tuzluyu andıran, tuzluya benzeyen, tuzlu gibi",,
tuzsu,"Tuzu andıran, tuza benzeyen, tuz gibi; tuzumsu",,
tuzsuz,Tuzu olmayan veya tuzu az olan | Tatsız şakalar yapan (kimse),,
tuzu kuru,"Bir işten zarar görmeyen, kazancı yolunda olan (kimse)",,
tüberkülozlu,Tüberküloz hastalığına yakalanmış (hasta),,
tüfekli,Tüfeği olan,,
tüfeksiz,Tüfeği olmayan | Tüfek olmadan,,
tükenik,"Bitmiş, tükenmiş | Çok azalmış bir biçimde",,
tülek,Tüyleri değişmiş (kuş veya kümes hayvanı),,
tümdengelimci,Tümdengelim yöntemiyle düşünen veya tümdengelim yöntemini uygulayan,,
tümdengelimsel,Tümdengelimle ilgili [felsefe],,
tümel,"Belli bir sınıfa bağlı bireylerin hepsini içine alan; külli [felsefe] | Bütün kapsamıyla alınmış olan (önerme); külli, tikel karşıtı",,
tümevarımcı,Tümevarım yöntemiyle düşünen veya tümevarım yöntemini uygulayan [felsefe],,
tümevarımsal,Tümevarımla ilgili [felsefe],,
tümsekli,Tümseği olan; kemer,,
tüm tanrıcı,"Tüm tanrıcılık yanlısı olan; kamu tanrıcı, panteist [felsefe]",,
tüplü,Tüpü olan | Tüple çalışan | Tüp içinde yetiştirilen | Sıvılaştırılmış petrol gazı tankı bulunan (araç),,
türbanlı,Türban takan,,
türbansız,Türban takmayan,,
türbinli,Türbini olan | Türbinle çalışan,,
türedi,"Kendisinden umulmayan bir biçimde sivrilmiş ve hakkı olmayan bir konuma gelmiş (kimse); yerden bitme, zıpçıktı | Nereden geldiği, nasıl ortaya çıktığı belirsiz, gerçek bir değeri olmayan; çıtırbom",,
türel,Adalet ile ilgili olan,,
Türkçü,Türkçülük akımını benimseyen; Pantürkist,,
Türkkâri,Türk yapımı | Türk yapısını andıran,,türkkâ:ri
Türkolojik,Türklük bilimi ile ilgili,Fransızca turcologique,l ince okunur
türkülü,Türküsü olan,,
türküsüz,Türküsü olmayan,,
Türkvari,Türk tarzı içeren | Türk işi olan,Türkçe türk + Farsça -vārī,türkva:ri
türlü türlü,"Değişik türleri içinde bulunduran; cins cins, her türlü",,
türümcü,Türümcülük öğretisini benimseyen [felsefe],,
tütsülü,"Tütsü yapılmış (yer, kimse veya yiyecek) | Dumanlı, sisli olan | Bulanık, karışık olan | Uyuşturucu madde veya alkol içmiş olan",,
tüylü tüslü,Tüyleri olan,,
tüysü,Tüye benzeyen,,
tüysüz,"Tüyü olmayan | Henüz bıyığı, sakalı çıkmamış | Gençlik sebebiyle tecrübesiz olan",,
tüyü bozuk,Sarışın veya saçı sakalı seyrek olan (kimse) | Soysuz olan (kimse),,
tüzel,Hükümle ilgili; hükmi,,
tüzüksel,Tüzükle ilgili,,
ucube,"Çok acayip, şaşılacak kadar çirkin olan",Arapça uʿcūbe,ucu:be
ucubik,"Çok acayip, çok garip olan",Arapça uʿcūbe'den,
ucuz,"Fiyatı yüksek olmayan, pahası az, düşük fiyatlı; ehven, pahalı karşıtı | Az emekle elde edilen | Bayağı olan",,
ucuzcu,"Malını ucuz satan | Her şeyin ucuzunu arayan, ucuz mal peşinde olan",,
ucu açık,Sonucu belli olmayan,,
ucu kapalı,"Sonucu belli olan, seçenekleri bulunmayan",,
uçaklı,Uçağı olan | Uçakla yapılan,,
uçaksız,Uçağı olmayan | Uçak kullanılmadan yapılan,,
uçar,"Uçan, uçucu olan",,
uçarı,"Ele avuca sığmaz, çok haşarı (kimse) | Kendini çeşitli eğlencelere vermiş, zevk ve eğlenceye düşkün (kimse); sefih",,
uçkurlu,Uçkuru olan,,
uçkursuz,Uçkuru olmayan | Uçkuru olmadan,,
uçlu,"Ucu olan, ucu çıkan | Filtreli (sigara)",,
uçsuz,"Ucu, sonu olmayan",,
uçsuz bucaksız,"Sonu görülmeyecek kadar geniş olan | Çok fazla, pek çok",,
uçuk,"Hafif, belirsiz olan | Abartılı, çok yüksek, çok fazla",,
uçuk kaçık,"Hayatı hafife alan, ciddi ve tutarlı görünmeyen",,
ufacık tefecik,"Çok küçük | Kısa boylu ve zayıf, küçük yapılı, çelimsiz",,
ufak,"Boyutları normalden küçük | Yaşça daha küçük olan | Makam, derece bakımından geri olan | Kısa bir süre | Önemsiz, çok az",,
ufakça,Oldukça ufak,,
ufak çapta,Küçük olan,,
ufarak,Biraz ufak,,
ufarakça,Oldukça ufak veya küçük,,
ufku dar,"İleriyi göremeyen, bakış açısı geniş olmayan",,
ufku geniş,"İleriyi görebilen, bakış açısı geniş olan",,
ufuklu,Ufku olan,,
ufuksuz,Ufku olmayan,,
ufunetli,İçinde irin olan | Pis kokulu,,
ufunetsiz,İçinde irin olmayan,,
uğultulu,"Uğultusu olan, uğultu çıkaran",,
uğultusuz,Uğultusu olmayan,,
uğurlu,"Uğuru olan, iyilik getirdiğine inanılan; kutlu, ongun (I), kademli, meymenetli, mübarek",,
uğursuz,"Kendinde uğursuzluk bulunan; çifteli, yomsuz, kademsiz, menhus, meret, meşum, meymenetsiz, musibet, muzlim, şom",,
uğuru açık,"Talihli, şanslı (kimse)",,
uhrevi,"Öbür dünya ile ilgili, ahiret ile ilgili; maverai, dünyevi karşıtı [din bilimi]",Arapça uḫrevī,uhrevi:
ukala,"Kendini akıllı ve bilgili sanan, bilgiçlik taslayan (kimse); bilecen",Arapça ʿuḳalā,"ukala:, l ince okunur"
ulam ulam,Sıra sıra,,
ultramodern,"Düşünce, eğilim, üslup için en üst sınırda olan, çok modern olan",Fransızca ultramoderne,
ulu,"Erdemleri bakımından çok büyük, yüce olan; azametli | Çok yüksek, çok büyük olan (şey)",,
uluslararası,"Çeşitli milletlerle birlikte yapılan; arsıulusal, memleketler arası, milletlerarası, beynelmilel, enternasyonal | Milletlerin arasında çok yönlü ilişkilerle ilgili olan; arsıulusal, milletlerarası, beynelmilel, enternasyonal | Pek çok milleti ilgilendiren; arsıulusal, milletlerarası, beynelmilel, enternasyonal",,ulusla'rarası
uluslararasıcı,"Uluslararasındaki ilişkileri benimseyen, uluslararasındaki ilişkilerden yana olan; milletlerarasıcı, beynelmilelci, enternasyonalci, enternasyonalist",,
uluslu,Ulusu olan,,
ulusötesi,"Baskın ulusal kimliği olmayan, belirli devletlerin politikalarıyla kontrol edilemeyen, kurallarla kısıtlanamayan",,ulu'sötesi
ulu orta,"Herkesin içinde aleni bir biçimde, çekinmeksizin | Düşünüp taşınmadan, yapacağı etkiyi ölçmeden, ölçüp biçmeden; yerli yersiz | Açıkça yapılan, gizlemeye gerek görmeden yapılan",,
ulvi,"Eşsiz, benzersiz özellikler taşıyan | Manevi ve ruhani âlemle ilgili",Arapça ʿulvī,ulvi:
umulmadık,"Beklenmeyen, umulmayan",,
umurgörmüş,"Önemli görevlerde bulunmuş (kimse) | Görgülü, olgun (kimse) | Deneyimi çok olan",,umu'rgörmüş
umursamaz,"Umursamayan, aldırış etmeyen | Umursamayan biçimde, aldırış etmeden",,
umutlandırıcı,Umut verici,,
umutlu,"Umudu olan, umut besleyen; ümitli, ümitvar",,
umutsuz,"Umudu olmayan, hiç umudu kalmayan; ümitsiz, nevmit | Düzeleceği veya iyileşeceği sanılmayan; ümitsiz",,
unsu,"Un gibi olan, unu andıran",,
unutkan,"Çok unutan, unutma huyu olan",,
upuslu,Çok uslu,,u'puslu
upuygun,Çok uygun,,u'puygun
upuzun,Çok uzun | Tamamıyla uzanmış bir durumda,,u'puzun
uranyumlu,İçinde uranyum bulunan (alaşım),,
usandırıcı,Usanç verici,,
usangın,Usanmış | Usanmış bir biçimde,,
usareli,"Usaresi olan, usaresi çıkarılan (bitki)",,
usaresiz,Usaresi olmayan,,
usçu,Aklını kullanmasını bilen,,
uskurlu,Uskuru olan,,
uslu,"Toplumu, çevresini rahatsız etmeyen; edepli, terbiyeli, müeddep, yaramaz karşıtı | Uysal bir biçimde | Akıllı, zeki olan",,
uslu akıllı,"Olgun, ağırlığı ve değeri olan (kimse) | Olgun bir biçimde",,
ustaca,"Ustaya yakışan | (usta'ca) El uzluğu ile; ustalıkla, ustacasına | (usta'ca) Kurnaz bir biçimde",,
ustalıklı,Ustalıkla yapılmış,,
usta işi,"Eli uz, işinin ehli olan bir kimse tarafından yapılan",,
usturuplu,"Yerli yerinde, işlevine uygun bir biçimde | Derli toplu, ustalıklı, işlevine uygun bir biçimde olan",,
usuli,Usulle ilgili olan,Arapça uṣūlį,usu:li:
usulsüz,Yasalara aykırı olan,,
utangaç,"Bir topluluk içinde gereken güven ve cesareti kendinde bulamayan, rahat konuşamayan ve rahat davranamayan; sıkılgan, utangan, mahcup",,
utanılası,Utanılacak bir durumda olan,,
utanmaz,"Utanması olmayan; arlanmaz, pek yüzlü, sıkılmaz, pişkin, yüzsüz",,
utanmazca,"Utanmaz bir biçimde yapılan | (utanma'zca) Utanmaksızın, utanmaz bir biçimde; arlanmazca, utanmazcasına",,
utlu,Utanma duygusu olan,,
uyandırıcı,"Uyandırma işini yapan, uyandıran",,
uyanık,"Uyumamış; bidar | Uykudan uyanmış | Yapacağı işi bilen, dikkatli ve tetikte olan; sak (I), müteyakkız | Bilgisizlikten kurtulmuş, bilgili olan",,
uyar,"Uygun olan | Eş, benzer olan",,
uyarıcı,Uyarma özelliği olan; münebbih,,
uyarsız,"Uygun davranışta bulunmayan, uyumlu görünmeyen (kimse) | Uygun olmayan, uyum sağlamayan",,
uyducu,Uyduculuk yanlısı,,
uydumcu,"Kolayca uyum sağlayan, buyruğa kolayca uyan",,
uydurmaca,"Düzmece, sahte, yalan yanlış (bilgi, haber) | Kural dışı türetilmiş (söz vb.)",,
uydurmacı,Uydurma işini yapan | Kelime uyduran kimse,,
uyduruk,"Derme çatma, işe yaramaz | İpe sapa gelmez",,
uyduruk kaydırık,"Uydurulmuş, uydurma olan",,
uygar,"Fikir, sanat ve endüstri alanlarında çok büyük bir gelişme göstermiş olan; medeni | Kültürlü, eğitimli, görgü kurallarına uyan (kimse); sivilize",,
uygarca,Uygar bir biçimde; medenice,,uyga'rca
uygarlaştırıcı,"Uygar duruma getiren, uygarlaşmayı sağlayan; medenileştirici",,
uygarlıkçı,Uygarlıkçılık yanlısı; medeniyetçi,,
uygulamalı,"Yalnız düşünce alanında kalmayıp işe dönüşen; kılgılı, kılgısal, kılgın, tatbikî, pratik, amelî, kuramsal karşıtı",,
uygulayıcı,"Uygulayan, gereğini yapan; tatbikatçı",,
uygun,"Yakışır, yaraşır; mutabık, muvafık, reva | Elverişli olan; ideal | Orantılı olan",,
uygunsuz,"Uymayan, yakışık almayan, yaraşmayan; münasebetsiz, namünasip | Kötü davranışlarda bulunan, çirkin hareketleri olan",,
uykulu,Uyku gereksinimi olan | Uyku sersemi olan | Uyku sersemi olarak,,
uykusuz,"Uyumamış veya uykusunu alamamış | Uyumadan, uykusunu almadan",,
uykusu ağır,Uyurken kolayca uyanmayan (kimse); uykusu derin,,
uykusu hafif,Küçük bir sesten hemen uyanan (kimse),,
uyku sersemi,Uyku sersemliği olan (kimse); uyku semesi,,
uymacı,Uymacılık yanlısı olan (kimse); konformist [toplum bilimi],,
uymaz,Başka türlü,,
uyruklu,Bir devletin yönetimi altında olan; tabiiyetli,,
uyruksuz,Herhangi bir devletin uyruğunda olmayan; tabiiyetsiz,,
uysal,"Başkalarına kolayca uyabilen, sözlerini dinleyip karşı gelmeyen; yumuşak başlı, munis | Başkalarına kolayca uyabilen, sözlerini dinleyip karşı gelmeyen, yumuşak başlı bir biçimde",,
uyumlu,"Uyumu olan; uyarlı, ahenkli, imtizaçlı | Bulunduğu şartlara kolayca uyma yeteneğinde olan, kolay intibak eden | Diğer bir nesneye veya sisteme kolayca uyabilen, uyum sağlayabilen (bilgisayar vb.) | Çevresine karşı kendisi ve toplum için yararlı olacak biçimde tepki verebilme yeterliği olan (kimse) [ruh bilimi]",,
uyumsal,"Uyuma yönelik, uyumla ilgili",,
uyumsuz,"Uyumu olmayan; ahenksiz, imtizaçsız | Eş zamanlı olmayan, başlama ve bitme anları başka olan (olaylar); asenkron",,
uyuntu,"Onun bunun ardına takılan, kişiliksiz olan",,
uyur,"Uyuyan, uyku hâlinde olan | Durgun olan (su)",,
uyurgezer,"Uykusu sırasında konuşan, yürüyen (kimse); sairfilmenam",,
uyuşkan,Herkesle veya her şeyle kolayca uyuşabilen,,
uyuşturucu,"Uyuşturma özelliği olan, uyuşturan (madde); narkotik | Hareketten, gereği gibi düşünmekten alıkoyan",,
uyuşuk,"Duymaz ve hareket edemez duruma gelmiş, uyuşmuş | Gevşek, tembel, sünepe olan; uyuntu",,
uyuşumlu,Aralarında uyuşum bulunan,,
uyuşumsuz,Aralarında uyuşum bulunmayan,,
uyutucu,"Uyku getiren, uyku veren",,
uyuzlu,Uyuz hastalığı olan (kimse),,
uz,"İyi, güzel | İşe yatkın; becerikli, mahir",,
uzakça,Biraz uzak olan,,
uzaktan güdümlü,"Hareketleri telsiz veya radyo dalgaları aracılığıyla uzaktan ayarlanabilen | Uzaktan yönlendirilen, uzaktaki başkaları tarafından yönetilen",,
uzaktan kumandalı,Uzaktan kumandası olan,,
uzaktan kumandasız,Uzaktan kumandası olmayan,,
uzaktan uzağa,"Uzak yerden, çok uzaktan | Yakın bir ilişki olmadan, dolaylı olarak | Birazcık, az buçuk, tam olmayarak | İlgisi az olan",,
uzak görüşlü,Uzak görüş sahibi olan (kimse),,
uzatmalı,Süresi uzatılan,,
uzaylı,"Uzayda yaşadığı varsayılan (canlı) | Olaylardan, söylenenlerden habersiz olan",,
uzay bilimsel,"Uzay bilimi ile ilgili; evren bilimsel, kozmolojik",,
uzgörür,"Gerçeği önceden görebilen, ileri görüşlü olan; uzgören",,u'zgörür
uzlaşmalı,Aralarında uzlaşma bulunan,,
uzlaşmaz,"Uzlaşmayan, uzlaşma yanlısı olmayan",,
uzun,"İki ucu arasında fazla uzaklık olan; levent, maksi, kısa karşıtı | Başlangıcı ile bitimi arasında fazla zaman aralığı olan, çok süren | Birçok kez yapılan | Uzun süre devam edecek biçimde, uzun süre",,
uzunca,"Biraz uzun | (uzu'nca) Biraz uzun olarak, bol zaman geçirmek üzere",,
uzun boylu,Boyu uzun olan | Uzun süre,,
uzun dişli,Açgözlü ve hırslı olan,,
uzun kafalı,"Başı dar, kafatasının uzunluğu genişliğinden fazla olan (kimse); dolikosefal [anatomi]",,
uzun ömürlü,"Yaşadığı, var olduğu süre çok uzun olan | Uzun süren",,
uzun vadeli,Süresi uzun olan,,
uzvi,Organla ilgili,Arapça ʿużvī,uzvi:
ücra,"Çok uçta, kenarda veya kıyıda köşede olan",,ücra:
ücretsiz,Bir karşılık ödemeden alınan | Parasız olarak,,
üçer,"Üç sayısının üleştirme sayı sıfatı | Her defasında üçü bir arada olan, her birine üç",,
üçerli,Üçer üçer sıralanmış | Her biri üç birimden oluşan,,
üçüncü,"Üç sayısının sıra sıfatı, sırada ikinciden sonra gelen",,
üçüncül,Organik bir birleşiğin formülünde öbür üç karbon atomuna bağlı olan (karbon atomu); tersiyer [kimya] | Bir hastalığın belirli iki devresinden sonra oluşan (belirtiler) [tıp],,
üçüz,"Üçü bir arada doğan (çocuk) | Üçlü, üç yanlı, üç kollu, üç parçalı",,
üçüzlü,Üçüzleri olan (ana) | Üçü bir arada olan,,
üç başlı,Üç başı olan [anatomi],,
üç beş,Nicelik yönünden az,,
üç boyutlu,Eninden ve boyundan başka derinliği de olan; üç buutlu,,
üç buçuk,"Yarım yamalak, üstünkörü olan | Değersiz, kıymetsiz olan",,
üç düzlemli,İki düzlem kesiştikten sonra üçüncü bir düzlemi eğik olarak kestiğinde ortaya çıkan (açı) [geometri],,
üç etekli,Üç etek giymiş olan,,
üç katlı,Üç katı olan; tripleks,,
üç otuzunda,Çok yaşlı (kimse),,
üç parmaklı,Bir ayağında üç parmak bulunan (hayvan) [hayvan bilimi],,
üflemeli,Üflenerek çalınan (çalgı); nefesli,,
ülkeler arası,"İki veya daha çok ülke arasında oluşan, gerçekleşen",,
ülkesel,Ülkeye ilişkin,,
ülkücü,Bir ülküye çıkar gütmeden bağlı olan; idealist,,
ülküsel,Ülkü ile ilgili; ideal,,
ültimatomsu,"Ültimatomu andıran, ültimatoma benzeyen, ültimatom gibi",,
ümitli,Verim beklenen,,
ümmetçi,"Ümmetçilik yanlısı olan (kimse, görüş vb.)",,
ümmi,Okuyup yazması olmayan | Sahip olduğu bilgiyi okuma yazma yoluyla değil vahiy yoluyla Allah’tan aldığı için Hz. Muhammed’e verilen bir sıfat,Arapça ummī,ümmi:
ümranlı,"Bayındır, gelişmiş olan",,
üniformalı,"Üniforması olan, üniforma giymiş olan (kimse) | Üniforma giyerek",,
üniformasız,Üniforması olmayan | Üniforma giymeksizin,,
ünik,"Tek, eşi olmayan",Fransızca unique,
üniseks,"Herhangi bir cinsiyete özgü olmayan, kadın ve erkek için uygun",İngilizce unisex,
üniter,"Birlikçi, birlikten yana, birleştirici (siyaset)",Fransızca unitaire,
üniversiteler arası,Birçok üniversite ile ilgili olan,,
ünlülü,İçinde ünlü harf bulunan (söz),,
ünsüzlü,İçinde ünsüz harf bulunan (söz),,
ünvanlı,"Ünvanı olan | Başlığı, adı olan",,
ünvansız,Ünvanı olmayan,,
üremik,Üremiyle ilgili olan,Fransızca urémique,
üremsel,Üremeye ilişkin,,
üretimsel,Üretimle ilgili,,
üretken,"Üretme gücü olan, çok üreten",,
ürkek,"Çok ürken, korkuya çabuk kapılan; ürkekçe",,
ürkekçe,(ürke'kçe) Ürkek bir biçimde,,
ürkülü,Ürkü veren,,
ürkünç,"Ürkme, çekinme duygusu veren",,
ürküntülü,Ürküntü veren,,
ürküntüsüz,Ürküntü vermeyen,,
ürküsüz,Ürkü vermeyen,,
ürkütücü,"Ürkme, çekinme duygusu veren, ürküten",,
ürolojik,Üroloji ile ilgili [tıp],Fransızca urologique,l ince okunur
ürpertili,Titreşimi olan,,
ürünlü,Ürünü olan,,
ürünsüz,"Ürünü olmayan | Eseri olmadan, esersiz bir biçimde",,
üsluplu,Üslubu olan,,
üslupsuz,Üslubu olmayan,,
üstel,Üstü olan [matematik],,
üstlü,Belden üst kısmında giysi olan | Üstü olan,,
üstsüz,Belden üst kısmında giysi olmayan | Üstü olmayan,,
üstsüz başsız,"Üstü başı bulunmayan, giysisi olmayan | Üstü başı olmadan, giysisi olmadan",,
üstün,"Benzerlerine göre daha yüksek bir düzeyde olan, onları geride bırakan | Birine veya bir şeye göre nitelik bakımından daha yüksek, daha elverişli olan; yeğin, faik",,
üstünkörü,"İnceliklerine inmeden, özen göstermeden; gelişigüzel, baştan savma, yalan yanlış | (üstü'nkörü) İnceliklerine inmeden, özen göstermeden; gelişigüzel, şöyle bir, baştan savma, eğreti, öylesine, üstten, yalandan, yalap şalap, yalapşap, yarım yamalak",,
üstün zekâlı,Üstün zekâya sahip olan,,
üstüvani,Silindir biçiminde olan [matematik],Farsça ustuvānį,üstüva:ni:
üstü kapalı,Açık ve kesin olmayan; eskülabi | Açık ve kesin olmayan bir biçimde,,
üstyapısal,Üstyapı ile ilgili,,
üst anlamlı,Üst anlamı olan [dil bilimi],,
üst bitken,Başka bir bitkinin üzerinde biten ancak asalak olmayan (bitki); epifit [bitki bilimi],,
üst üste,"Çok kalabalık, sıkışık | Birbirinin üstüne konulmuş bir biçimde; kat kat",,
üşengeç,Çok üşenen; üşengen,,
üşütük,"Aklını yitirmiş, delirmiş (kimse)",,
ütopyacı,Ütopyalara inanan | Ütopyalar ileri süren,,
ütülü,"Ütülenmiş, ütü ile buruşuklukları giderilmiş",,
ütülük,"Ütülenecek olan, ütüye ayrılmış olan",,
ütüsüz,Ütülenmemiş veya ütüsü bozulmuş,,
ütüsü üzerinde,Yeni ütülenmiş,,
üvey,"Yalnız yasaca akraba sayılan, aralarında kan bağı bulunmayan, öz olmayan | Kendisine kötü davranılan",,
üzengili,Üzengisi bulunan,,
üzengisiz,Üzengisi bulunmayan | Üzengi olmaksızın,,
üzgün,"Üzülmüş, üzüntü duymuş; mahzun, melul, meyus",,
üzücü,Üzüntü veren; fena (I),,
üzümlü,İçinde üzüm olan,,
üzümsü,"Üzümü andıran, üzüme benzeyen, üzüm gibi",,
üzümsüz,İçinde üzüm olmayan,,
üzüntülü,"Üzüntüsü olan; acılı, üzünçlü, müteessir | Üzüntü veren; üzünçlü | Üzüntülü bir biçimde, üzüntülü olarak; üzünçlü",,
üzüntüsüz,"Üzüntüsü olmayan; acısız | Üzüntüsüz bir biçimde, üzüntüsü olmadan",,
vacip,İslam dinine göre yapılması gerekli olan [din bilimi] | Yapılması gerekli olan,Arapça vācib,va:cip
vadeli,Vadesi olan | Süresi sınırlanmış,,
vadesiz,Vadesi olmayan | Süresi sınırlandırılmamış,,
vahim,"Ağır, korkulu, çok tehlikeli; vahametli",Arapça vaḫīm,
vahşi,"Yırtıcı olan (hayvan) | Kaba, saygısız, uyum sağlayamayan (kimse)",Arapça vaḥşī,vahşi:
vakarsız,Ağırbaşlı olmayan,,
vaki,"Olan, olmuş",Arapça vāḳiʿ,va:ki:
vakitli,"Zamanında yapılan, zamanında olan",,
vakitsiz,"Uygun bir zamanda olmayan | Vakti, zamanı gelmeden",,
vakum,Havası alınmış | Basıncı düşürülmüş [fizik],Fransızca vacuum,va'kum
vakumlu,Vakumlanmış,,
vantuzlu,"Vantuzu bulunan (hayvan, alet vb.); çekmenli",,
varaklı,"Varağı olan, varaklanmış",,
vardiyalı,Vardiya ile yapılan,,
vareste,Kurtulmuş,Farsça vāreste,va:reste
varisli,Varis rahatsızlığı olan (kimse),,
varissiz,Varisi olmayan,,
varit,Olabileceği akla gelen,Arapça vārid,va:rit
varoluşçu,Varoluşçuluk yanlısı; egzistansiyalist [felsefe],,
varoluşsal,"Varoluşa ilişkin, varoluşla ilgili",,
varsayımlı,Varsayıma dayanan,,
varsayımsal,"Bir varsayıma dayanan; farazi, hipotetik",,
varsıl,"Parası, malı çok olan, zengin, yoksul karşıtı",,
vasıl,"Ulaşan, varan",Arapça vāṣil,va:sıl
vatansız,"Vatanı olmayan [hukuk] | Hiçbir devletin uyruğunda bulunmayan, yurttaşlık haklarından yoksun bırakılan (kimse); haymatlos",,
vatlık,Herhangi bir vat gücünde olan,,
vazelinli,İçinde vazelin olan,,
vazelinsiz,İçinde vazelin bulunmayan,,
vazifesiz,"Ödevi, görevi olmayan",,
vebalı,Vebaya yakalanmış olan,,
veballi,Vebali olan,,
vebalsiz,Vebali olmayan,,
veciz,"Kısa ve etkili (ifade, söz); lakonik",Arapça vecīz,
vefakâr,"Vefası olan, sevgisi geçici olmayan; hakikatli, vefalı",Arapça vefā + Farsça -kār,vefa:kâr
vefasız,"Vefası olmayan, sevgisi çabuk geçen; hakikatsiz, bivefa",,
verecekli,Birinden para yönünden veya iyilik vb. yardımlar görerek borçlanan (kimse),,
veremli,Vereme tutulmuş; müteverrim [tıp],,
verev,"Bir köşeden karşı köşeye doğru kesilmiş, katlanmış veya konulmuş olan",,
vergili,"Vergisi olan, vergi ödenen",,
vergisiz,"Vergisi olmayan, vergi ödenmeyen",,
verimli,"Verimi iyi ve bol olan; bitek, vergili, randımanlı, mahsuldar, mümbit, müsmir, verimkâr, velut | Kendisinden beklenen sonucu veren; semereli | Çok eser ortaya koyan; velut",,
verimsiz,"Verimi olmayan veya az olan, yetersiz olan; semeresiz, akim",,
vernikli,Verniği olan,,
verniksiz,Verniği olmayan,,
vesikalı,Belgesi olan | Genelevde çalışmak için elinde resmî izin kâğıdı bulunan (kadın),,
vesikasız,Vesikası olmayan,,
vıcık,"Sulanarak kıvamı gevşemiş, yumuşamış",,
vıcık vıcık,"Kıvamı çok gevşemiş, yumuşamış | Ciddi olmayan, özden yoksun olan, değersiz olan",,
vıdı vıdı,"“Etrafındakileri rahatsız edecek derecede söylenip durmak, hemen her şeyi eleştirip beğenmediğini söyleyerek durmadan konuşmak” anlamındaki vıdı vıdı etmek deyiminde geçen bir söz",,
vızıltılı,Vızıltısı olan | Vızıltı sesi çıkaran,,
vızıltısız,Vızıltısı olmayan,,
vicahi,Yüz yüze olan veya yapılan,Arapça vicāhī,vica:hi:
vicdani,"Vicdanla ilgili olan, vicdana dayanan",Arapça vicdānī,vicda:ni:
vicdanlı,Vicdanı olan,,
vicdansız,Vicdanı olmayan,,
vicdansızca,Vicdansıza yakışan | (vicdansı'zca) Vicdansız bir biçimde; vicdansızcasına,,
vidalı,Vidası olan | Vida ile tutturulmuş,,
vidasız,Vidası olmayan | Vida ile tutturulmamış,,
vidolu,Vido ile oynanan,,
vidosuz,Vido ile oynanmayan,,
viladi,Doğuştan (olan),Arapça vilādī,"vila:di:, l ince okunur"
vinçli,Vinci olan,,
viral,"Virüslerle ilgili [tıp] | Genel ağda paylaşıldıktan sonra sosyal medya kullanıcıları arasında hızlı ve denetlenemez bir şekilde yayılarak etkinlik kazanan yazılı, görsel veya işitsel içerik",Fransızca viral,l ince okunur
virolojik,Viroloji ile ilgili [tıp],Fransızca virologique,l ince okunur
virütik,"Virüsle ilgili, virüse bağlı",Fransızca virutique,
vitaminli,Vitamini olan,,
vitaminsiz,Vitamini olmayan,,
vitesli,Vitesi olan,,
vitrifiye,Cama benzer biçimde olan,Fransızca vitrifier,
vizyoner,Vizyon sahibi olan (kimse),Fransızca visionary,
vizyon sahibi,"Geniş görüşlü, ileri görüşlü, ufku geniş (kimse)",,
vokabülerli,Söz varlığı olan,,
volanlı,Volanı olan,,
volkanik,Volkanla ilgili | Volkan özelliği taşıyan | Yanardağın püskürmesi sonucu oluşan,Fransızca volcanique,
voltajlı,Voltajı olan,,
vukuflu,Bilgisi olan,,
vulgarize,Herkesin anlayacağı düzeyde olan,Fransızca vulgarisé,l ince okunur
vurdulu kırdılı,"Hareketli, şiddet içeren, maceraya ve dövüşmeye ağırlık veren",,
vurdumduymaz,"Hiçbir şeye aldırış etmeyen, umursamayan, önem vermeyen, kulak asmayan; duvar yüzlü",,
vurgulu,"Vurgu ile söylenen | Üstünde önemle durularak, dikkat çekilerek",,
vurguncu,"Para dalgalanmalarından yararlanarak kolay yoldan kazanç elde eden; muhtekir, ihtikârcı, spekülatör [ticaret] | Yolsuz bir biçimde kazanç elde eden",,
vurgusuz,Vurgu ile söylenmeyen,,
vurmalı,Vurularak çalınan (çalgı),,
vurucu,Silah attığında hedefini vuran,,
vuruk,"Çarpık, çarpılmış",,
vuruntulu,Düzensiz bir biçimde çalışan (motor),,
vuruntusuz,Düzenli bir biçimde çalışan (motor),,
vücutlu,Vücudu iri ve şişman olan,,
vâkıf,"Bilen, farkında olan | Bir şeyi vakıf durumuna getiren",Arapça vāḳif,va:kıf
vârisli,Mirasçısı olan,,
vârissiz,Mirasçısı olmayan | Mirasçısı olmadan,,
yabancı,"Başka bir milletten olan, başka devlet uyruğunda olan (kimse); bigâne, ecnebi | Başka bir milletle ilgili olan | Aileden, çevreden olmayan (kimse veya şey); el (II), namahrem | Tanınmayan, bilinmeyen; yad, yadırgı | Aynı türden, aynı çeşitten olmayan | Bir konuda bilgisi, deneyimi olmayan | Belli bir yere veya kimseye özgü olmayan",,
yabancıl,"Uzak, yabancı ülkelerle ilgili, bu ülkelerden getirilmiş; egzotik",,
yabanıl,"İlkel yaşayan (kimse) | İnsandan ve toplum yaşayışından kaçan, insanlarla ilişkisini kesen",,
yabani,"Doğada yaşayan, evcil olmayan (hayvan); yabanıl, vahşi, evcil karşıtı | Doğada kendiliğinden yetişen (bitki); yabanıl | Görgüsü olmayan, kaba ve hoyrat (kimse); yamyam",,yaba:ni:
yabansı,"Abartılı, görülmemiş, duyulmamış; yabanıl",,
yad estetik,Estetiğe aykırı [felsefe],Türkçe yad + Fransızca esthétique,
yağışlı,Yağışı olan | Yağışı çokça olan,,
yağışsız,Yağışı olmayan; kurak,,
yağız doru,Kızıla çalan siyah tüyleri olan (at),,
yağlı,Üzerinde veya içinde yağı olan | Yağı çok olan | Yağla yapılmış | Yağdan kirlenmiş veya lekelenmiş olan | Bol ve kolay kazanç sağlayan,,
yağmurlu,"Yağmuru olan, yağmur yağan",,
yağmursuz,"Yağmuru olmayan, yağmur yağmayan | Yağmur yağmadan",,
yağsı,"Yağı andıran, yağa benzeyen, yağ gibi; yağımsı",,
yağsız,"Yağı olmayan | Yağı az | İçine yağ konulmamış, yağ ile yapılmamış | İnce, zayıf",,
yağ tulumu,"Çok semiz; yağ fıçısı, yağ küpü",,
yahşi,Çok iyi | Çok güzel,,
yakalı,Herhangi bir biçimde yakası olan,,
yakalıklı,Yakalığı olan,,
yakalıksız,Yakalığı olmayan,,
yakamozlu,Yakamozu olan,,
yakasız,Yakası olmayan,,
yakıcı,"Yakma özelliği olan, yakan; muhrik | Başka bir maddeyle birleşerek o maddenin yanmasını sağlayan (madde) [kimya]",,
yakınsak,Tek bir noktaya doğru yönelen (ışın) [fizik] | Işıkları aynı noktaya doğru yöneltme özelliği taşıyan (mercek vb.) | Değerleri birbirine gittikçe yaklaşarak bir noktaya doğru yönelen (fonksiyon veya nicelik) [matematik],,
yakın anlamlı,Anlamları arasındaki ayrım çok az olan (kelimeler),,
yakın sesli,Benzer sesli,,
yakışıklı,"Güzel, gösterişli (erkek)",,
yakışıksız,"Yakışık almayan, uygunsuz, çirkin, münasebetsiz (tavır, hâl vb.)",,
yakıştırmaca,"Herhangi bir sebeple ortaya atılan, uydurma (söz)",,
yaklaşık,"Gerçek değeri ve miktarı değil, ondan az fazla veya eksik bir niceliği gösteren, aşağı yukarı bir değerlendirme yapılarak bulunan; takribî",,
yakutumsu,"Yakutu andıran, yakuta benzeyen, yakut gibi",,
yalansız,İçinde yalan olmayan | Doğru bir biçimde,,
yalan yanlış,"Gerçek olmayan, yanlış şeylerle dolu; ters pers | Doğru, düzgün olmasına önem verilmeyerek",,
yalbırdak,Yarı çıplak,,
yalçın,"Dik, sarp olan | Düz, kaygan olan",,
yaldırak,"Parlak, cilalı olan",,
yaldızlı,"Üzerine yaldız sürülmüş, yaldızla süslenmiş | Aldatan, göz boyayan",,
yaldızsız,"Üzerine yaldız sürülmemiş, yaldızla süslenmemiş | Aldatmayan, göz boyamayan",,
yalın,Kınından çıkmış,,
yalınç,"Birleşik olmayan, yalnız bir maddeden oluşan | Karışık olmayan; basit",,
yalıngaç,Kabuğu çatlayıp soyulan,,
yalın ayak,Ayakları çıplak | Çıplak ayakla,,
yalın kat,"İnce, tek katı olan | Sağlam olmayan, dayanıksız olan | Basit, derinliği olmayan",,
yalın yapıldak,Üstü başı perişan durumda olan (kimse),,
yalıtımlı,"Hava, ısı, ses vb.ni geçirmeyen; hermetik",,
yalız,Düz ve parlak (kas),,
yalnızcı,Yalnızcılık siyasetini izleyen (devlet); infiratçı,,
yalpık,"Derinliği az ve geniş, yayvan olan",,
yalpılı,Bir yanı öbüründen yüksek veya kalın,,
yamalı,"Yama vurulmuş, yama ile onarılmış olan | Yüzünde lekeler bulunan (kimse)",,
yaman,"Güç, etki veya beceri bakımından alışılmışın üzerinde olan (kimse) | Kötü, korkulan (kimse) | Alışılmadık, olağanın dışında",,
yamçılı,Yamçısı olan,,
yamçısız,Yamçısı olmayan,,
yampiri,"Eğri büğrü, yan yan ve çarpık giden",,
yamru yumru,"Eğri büğrü, çarpık olan; yamuk yumuk",,
yamyam,"Daha çok din, tapınma, büyü vb. amaçlarla insan eti yiyen (kimse) | Açgözlü olan (kimse)",(Orta Afrika'daki zenci bir topluluğun adından),
yanaklı,Yanağı olan | Yan yüzeyinde şişkinlik olan (lastik),,
yanal,"Yanda olan, yana düşen | Alaca, iki renkli",,
yanardöner,"Kıpırdadıkça çeşitli renklerde parlayan (kumaş, deri vb.); janjan | Daldan dala atlanan, konudan konuya geçilen | Çabuk fikir ve yön değiştiren (kimse)",,yana'rdöner
yanaşık,Yanaşmış durumda olan | Yanaşmış bir biçimde,,
yanaz,"Ters, huysuz (kimse)",,
yanıcı,Yanma özelliği olan,,
yanıksı,Biraz yanık olan,,
yanık sesli,Dokunaklı sese sahip (kimse),,
yanıltıcı,"Yanıltma özelliği olan; paralojik, sofistike",,
yankıcıl,Yankıdan yararlanarak yönünü bulan (hayvan) [hayvan bilimi],,
yankılı,"Yankısı olan; akisli, ekolu",,
yankısız,"Yankısı olmayan; akissiz, ekosuz",,
yanlışlamacı,Yanlışlamacılık yanlısı olan (kimse) [felsefe],,
yanlışsız,Yanlışı olmayan | Yanlıştan uzak bir biçimde,,
yanmaz,"Isıya karşı dayanıklı olan, yanmayan",,
yansımalı,Yansıtan veya yansıyan | Doğadaki insan dışı canlı ve cansız varlıkların çıkardığı seslere benzer seslerle yapılan (kelime) [dil bilgisi],,
yansımasız,Yansıtmayan veya yansımayan,,
yansız,"Turnusol gibi bir ayıraç karşısında, asit ve alkali tepkisi göstermeyen; nötr [kimya] | Elektriğe karşı hiçbir tepkisi olmayan; nötr [fizik] | Cinsiyet kategorisinin söz konusu olduğu dillerde erkek veya dişi cinsten sayılmayan (kelime) [dil bilgisi]",,
yanşak,Yersiz ve çok konuşan,,
yantutmaz,"Tarafsız, yandaş olmayan",,
yan kabağı,Birinin yanından ayrılmayan (kimse),,
yan yana,Birbirinin yanında olan | Biri ötekinin yanında olarak; borda bordaya,,
yapağılı,Yapağısı olan,,
yapay,"Doğadaki örneklerine benzetilerek insan eliyle yapılmış veya üretilmiş; yapma, bileşimli, suni, tasni, sentetik, doğal karşıtı",,
yapayalnız,Yanında kimse veya hiçbir şey bulunmayan (kimse); yapyalnız | Yanında kimse veya hiçbir şey bulunmayarak; yapyalnız,,yapa'yalnız
yapılı,Yapısı herhangi bir nitelikte olan | Vücudu gelişmiş; iri | Eksiği olmayan veya yenilenmiş,,
yapıntıcı,Yapıntıcılık görüşünü benimseyen,,
yapıntılı,Yapıntı niteliğinde olan; musanna [felsefe],,
yapıntısal,"Yapıntı ile ilgili, yapıntıya ait",,
yapısal,"Yapı ile, yapılış ile, kuruluş ile ilgili; strüktürel, konstrüktif",,
yapısalcı,Yapısalcılık görüşü ve yöntemini benimseyen; strüktüralist,,
yapışık,"Bir yere yapışmış olan | Fizyolojik yönden birbirlerine bağlı olarak doğan | Sürekli bir arada bulunan | Dokunan, değen",,
yapış yapış,"Yapışkan bir madde ile bulanmış | Nemli, rutubetli (hava) | Yapışmış",,
yapı bilimsel,Yapı bilimi ile ilgili; morfolojik,,
yapmacık,"İçten olmayan (tavır, davranış, duygu); yapma, yapay, sahte, suni, zahirî, sofistike",,
yapmacıklı,"İçtenliği olmayan, içten olmayan",,
yapmacıksız,"İçten, içten geldiği gibi; samimi",,
yaprakçıklı,Yaprakçığı olan,,
yaprakçıl,Yaprakla beslenen hayvan [hayvan bilimi],,
yapraklı,Yaprağı olan,,
yapraksı,Yaprak görünüşünde olan,,
yapraksız,Yaprağı olmayan,,
yaprak yaprak,"Kat kat, üst üste yığılmış olan",,
yaptırımcı,Yaptırım gücü bulunan,,
yaptırımlı,Yaptırımı olan,,
yaptırımsız,Yaptırımı olmayan,,
yapyalın,Çok yalın,,ya'pyalın
Yaradancı,Yaradancılık öğretisi yanlısı olan [felsefe],,
yaradılışlı,Doğuştan vücut ve ruh özelliklerinin tümünü üzerinde taşıyan,,
yaralı,"Yarası olan, yaralanmış (kimse); başlı, mecruh",,
yaramaz,"Uygun ve yararlı olmayan, bir işe yaramayan | Söz dinlemeyen, uslu durmayan, yasaklanan şeyleri yapmakta ayak direyen, haşarı (çocuk), uslu karşıtı | Çapkın olan",,
yararcı,"Yarar peşinde koşan; faydacı, pragmatik [felsefe]",,
yararlı,"Yarar sağlayan, yararı olan; yarayışlı, faydalı, istifadeli, nafi, müfit",,
yararsız,"Yarar sağlamayan, yararı olmayan, işe yaramayan; yarayışsız, faydasız,  beyhude, istifadesiz, nafile",,
yaraş,Girişken olan (kimse),,
yaraşıklı,"Yaraşan, uygun, yakışır",,
yaraşıksız,"Yaraşık olmayan, yaraşmayan, yakışmayan",,
yaraşır,"Layık, uygun",,
yaratıcı,"Yaratma yeteneği olan; mucit, kreatif | Zekâ, düşünce ve hayal gücünden yararlanarak görülmeyen yeni bir şey ortaya koyan, yapan; kreatif",,
yaratımsal,Yaratım ile ilgili,,
yargılı,Herhangi bir biçimde yargısı olan | Yargı bildiren | Yargılanmış olan,,
yargısal,Yargı ile ilgili,,
yarım akıllı,"Aklı az, aptal olan",,
yarım pabuçlu,"Pabuçlarının arkasına basmış olan | İşsiz, yoksul olan (kimse)",,
yarım porsiyon,Tam porsiyonun yarısı kadar | Ufak tefek olan (kimse),,
yarım yamalak,"Kusurlu, eksik olan; çat pat",,
yarınki,"Yarına özgü, yarın olan, yarın yapılan",,
yarı belgesel,Bütünüyle belgesel nitelikli olmayan,,
yarı buçuk,"Baştan savma, üstünkörü olan",,
yarı geçirgen,Aynı eritici içindeki iki eriyiği birbirinden ayıran ve eriticiyi geçirdiği hâlde erimiş cisimleri geçirmeyen (çeper) [fizik],,
yarı iletken,Elektrik akımını tam iletmeyen (metal dışı madde),,
yarı mamul,Tam işlenmemiş,,
yarı otomatik,"Bütünüyle mekanik olmayan (araç, otomobil, silah vb.)",,
yarı resmî,Tam resmî olmayan,,
yarı saydam,Işığı geçiren fakat arkasındaki nesnelerin sınırlarını ve biçimini belirgin olarak göstermeyen [fizik],,
yarmalık,Yarma yapmak için ayrılmış (buğday vb.),,
yasaklayıcı,"Yasaklama, önleme niteliği olan",,
yasaklı,Herhangi bir şeyi yapması kendisine yasak edilmiş olan (kimse) | Yasaklanmış,,
yasaksız,Yasak konulmamış (kimse veya şey),,
yasal,"Yasanın, dinin ve kamu vicdanının doğru bulduğu, yasalara uygun; kanuni (I), meşru, legal [hukuk]",,
yasalı,Yasaya uygun veya yasanın buyurduğu; kanuni (I) [hukuk],,
yasamalı,Yasa yapma ile ilgili; teşrii,,
yasasız,Yasaya bağlı olmayan; kanunsuz,,
yasa dışı,"Yasalara, yasa kurallarına uymayan; kanun dışı, gayrikanuni, gayrimeşru, illegal [hukuk]",,
yasa koyucu,"Yasa yapma veya koyma yetkisi olan; kanun koyucu, vazııkanun [hukuk]",,
yaslı,Yas tutan (kimse); matemli,,
yassı,Yayvan ve düz; piyata,,
yassıca,Biraz yassı,,
yastıkaltı,"Banka veya bir başka yere yatırılmak yerine evde, iş yerinde saklanan taşınabilir (değer) [ekonomi]",,yastı'kaltı
yastıklı,Yastığı olan,,
yaşamüstü,İnsan ömrünü aşan,,yaşa'müstü
yaşam öyküsel,Öz geçmişle ilgili,,
yaşatkan,"Büyümeyi, çoğalmayı ve hayatın sürmesini sağlayan",,
yaşlı,"Yaşı ilerlemiş, kocamış (kimse); ak saçlı, ihtiyar (I), kart (I), koca (II) | Uzun yılları geride bırakmış",,
yaşlı,Yaşla dolmuş (göz),,
yaşlıca,Biraz yaşlı olan,,
yaşlıca başlıca,"Yaşı biraz geçkin durumda olan, deneyimli (kimse)",,
yaşlı başlı,"Yaşlı, deneyimli ve görgülü olan",,
yaşmaklı,Yaşmak örtünmüş,,
yaşmaksız,Yaşmak örtünmemiş,,
yatalak,"Felç, sakatlık vb. bir sebeple yataktan kalkamayan (kimse)",,
yatay,"Durgun bir su yüzeyine veya zemine paralel, düşey doğrultusuna dikey olan; ufki [matematik]",,
yatılı,"Geceleri de kalınıp yatılan (okul vb.); leyli | Geceleri de kalıp yatan (öğrenci, konuk); leyli",,
yatısız,Geceleri yatılmayan,,
yatıştırıcı,"Yatıştırma özelliği olan, yatıştıran, sakinleştiren",,
yatkın,"Bir işte yeteneği, becerisi olan | Çok durmaktan sağlamlığını yitirmiş, çürük olan | Benimsemiş, alışmış, eğilimli olan",,
yavan,"Yağı az | Hoşa gitmeyen, tatsız olan | Görgüsüz, bilgisiz olan",,
yavaş,"Hızlı olmayan; ağır, aheste, çabuk karşıtı | Yumuşak huylu (kimse) | Kısık olan (ses) | Kısık sesle | Hızlı olmayarak; ağır aksak, aheste",,
yayan,"Yürüyerek giden | Bilgisiz olan | Yürüyerek, yaya olarak; tabanvay, yaya",,
yaygaracı,Gerekli gereksiz çok bağırıp çağıran; vayvaycı,,
yaygın,"Çoğu kimselerce duyulmuş, öğrenilmiş, kullanılmış veya benimsenmiş olan | Sınırı genişlemiş | Herhangi bir bölgede çok görülen, bulunan",,
yayık,"Yayılmış, yayvan olan",,
yayık ağızlı,"Kelimeleri yayarak, uzatarak söyleyen",,
yayılı,"Yayılmış, serilmiş",,
yayınık,Pürüzlü yüzeyde yansıyan (ışık) [fizik],,
yaysız,Yayı olmayan,,
yayvan,"Eni boyundan ve derinliğinden çok olan, basık ve geniş",,
yazarçizer,Yazarlıkla uğraşan (kimse),,yaza'rçizer
yazarımsı,"Yazarı andıran, yazara benzeyen, yazar gibi",,
yazgıcı,"Yazgıcılık yanlısı olan; kaderci, fatalist [felsefe]",,
yazgısal,"Kadere, mukadderata ait",,
yedilik,"Yedisi bir arada, yedi taneden oluşmuş, yedi tane alabilen",,
yedinci,"Yedi sayısının sıra sıfatı, sırada altıncıdan sonra gelen",,
yedişer,"Yedi sayısının üleştirme sayı sıfatı | Her birine yedi, her defasında yedisi bir arada olan",,
yedişerli,Yedişer yedişer sıralanmış | Her biri yedi birimden oluşan,,
yeditaş,"Üzerinde yedi adet pırlantası veya elması olan (yüzük, küpe)",,ye'ditaş
yediveren,"Yılda birkaç kez meyve veren veya çiçek açan (asma, gül vb.) | Çok meyve veren veya çiçek açan (bitki)",,yedi'veren
yediz,Yedisi bir arada doğan (çocuk),,
yedi canlı,Sonucu ölüm olabilecek birçok olaydan sağ çıkan (kimse veya hayvan),,
yedi gömlek uzak,Soyca veya yakınlık bakımından bir hayli uzak,,
yedi kat el,Çok yabancı,,
yeğ,"Bir başkasından daha çok beğenilip tercih edilen, üstün görülen; müreccah",,
yeğni,Ciddi olmayan,,
yeğrek,"Daha iyi, daha üstün",,
yekpare,"Tek parça olarak, bütün olarak",Farsça yek + pāre,yekpa:re
yeksan,"Bir, aynı düzeyde, eşit olan",Farsça yeksān,yeksa:n
yeldirmeli,Yeldirmesi olan,,
yeldirmesiz,Yeldirmesi olmayan,,
yeleli,Yelesi olan (hayvan),,
yelengeç,Kabuğu kendi kendine çatlayıp soyulan (ağaç),,
yelken kulaklı,Dış kulağı iri ve geniş olan; yelken kulak,,
yelli,Çok yellenen,,
yelloz,"Ahlaksız, hafifmeşrep, şıllık (kadın)",,
yemekli,"Yemek verilen (nişan, düğün, parti vb.)",,
yemeksiz,Yemek verilmeyen | Yemeği olmayan,,
yemenili,Yemeni takmış olan,,
yeminli,Açıklamasını yemin ederek yapan | Bir şeyi yapmaya veya yapmamaya yemin etmiş kimse | Bazı mesleklerde işini doğru yapacağına dair noter veya odalardan onay almış olan (kimse),,
yeminsiz,Yemine dayanmayan,,
yemişçil,Yemişle beslenen (hayvan),,
yemlikli,Yemliği olan,,
yemliksiz,Yemliği olmayan,,
yemyeşil,"Her yanı yeşil, çok yeşil",,ye'myeşil
yeni,"Kullanılmamış veya az kullanılmış olan; cedit, eski karşıtı | Oluş veya çıkışından beri çok zaman geçmemiş olan; cedit | En son edinilen; gıcır | İşe henüz başlamış | O güne kadar söylenmemiş, görülmemiş, gösterilmemiş, düşünülmemiş olan | Tanınmayan, bilinmeyen | Daha öncekilerden farklı olan | Eskisinin yerine gelen | Biraz önce, çok zaman geçmeden",,
yenice,Oldukça yeni | (yeni'ce) Yakın günlerde,,
yenici,"Yenen, üstün gelen, mağlup eden",,
yenici,"Yenilik yanlısı, yeniliği tutan",,
yenik,Savaş veya yarışmada yenilmiş; mağlup,,
yenikli,"Fare, kurt vb. tarafından yenilmiş olan",,
yenilenebilir,Yenilenme ihtimali veya imkânı olan,,
yenilgisiz,Hiç yenilmemiş; namağlup | Yenilmeden; namağlup,,
yenilikçi,Yenilikten yana olan; ceditçi,,
yenimsi,"Yeniyi andıran, yeniye benzeyen, yeni gibi",,
yeni eleştirici,Yeni eleştiricilik yanlısı olan,,
yeni gerçekçi,Yeni gerçekçilik yanlısı olan,,
yeni izlenimci,Yeni izlenimcilik yanlısı olan,,
yeni Platoncu,Yeni Platonculuk yanlısı olan; yeni Eflatuncu [felsefe],,
yeni yetme,"Toy, acemi",,
yenli,Yenleri olan,,
yensiz,Yenleri olmayan,,
yepyeni,"Çok yeni, hiç kullanılmamış; gıcır gıcır | Eskiyle bağlantısı olmayan | Alışılmamış, görülmemiş | Tertemiz bir biçimde",,ye'pyeni
yeraltı,"Gizli ve yasa dışı | Alışılmışın dışında olan, aykırı olan",,ye'raltı
yerden bitme,Kısa boylu; yerden yapma,,
yerel,"Gözlem yerine veya gözlemcinin bulunduğu yere göre tanımlanan [gök bilimi] | Sınırlı bir yerle ilgili olan; mevzii, lokal [tıp]",,
yerinde,"İyi, yeterli olan; münasip | Zamanı, yeri uygun düşerek, gerektiği biçimde | Durumunda",,
yerinden yönetimci,Yerinden yönetim yanlısı olan; ademimerkeziyetçi [toplum bilimi],,
yerleşik,Belli bir yere yerleşmiş; beledi | Bir yerin yerlisi olmuş; mütemekkin | Bir yerde varlığını sürekli olarak sürdürecek olan,,
yerli,"Yurt içinde yapılan veya bir yurdun kendine özgü niteliklerini taşıyan | Belli bir bölgede yetişen; otokton | Bir yerin ilk sakini olan; otokton | Oturduğu bölgede doğup büyüyen, ataları da orada yaşamış olan | Amerika, Avustralya ve Afrika'nın uygarlıktan uzak, ilkel biçimde yaşayan kimi halklarına verilen ad | Taşınmamak, başka yere götürülmemek amacıyla yapılan",,
yermerkezci,"Yerin gözlem noktası olarak alınan merkeziyle ilgili; yer merkezli, yer özekçil, jeosantrik | Yer merkezcilik yanlısı olan (kimse)",,ye'rmerkezci
yersel,Yerle ilgili,,
yersiz,"Barınacak yeri olmayan | Yerinde olmayan, uygunsuz",,
yersiz yurtsuz,Barınacak yeri olmayan,,
yer bilimsel,Yer bilimle ilgili; jeolojik,,
yeşilimsi,"Rengi yeşili andıran, yeşile benzeyen; yeşilimtırak",,
yeşilli,Yeşili olan | Yeşil giysi giymiş,,
yetenekli,"Yeteneği olan; çaplı, istidatlı, kabiliyetli",,
yeteneksiz,"Yeteneği olmayan; istidatsız, kabiliyetsiz",,
yeter,"İhtiyacı karşılayacak kadar, yetecek ölçüde olan; kâfi | “Kâfi, yetişir, yeterli” anlamlarında bir söz",,
yeterli,"Bir işi yapma gücünü sağlayan özel bilgisi olan; kifayetli, ehliyetli | Bir görevi, işlevi yerine getirme gücü olan, etkisi olan | Gereksinimlere cevap veren, ihtiyaçları karşılayan",,
yetersiz,"Gerekli bilgi ve yeteneği olmayan, yeterliği olmayan; kifayetsiz, ehliyetsiz | Eksiği olan, yetecek kadar olmayan | Gereken, istenen niteliği olmayan | Verimli olmayan | İşlevini tam olarak yapamayan (organ, alet vb.)",,
yetik,"Yetişmiş, erişmiş, büyümüş | Bilgili, olgun (kimse)",,
yetim,Babası ölmüş olan (çocuk); babasız,Arapça yetīm,
yetişmiş,Gereken niteliğe veya olgunluğa erişmiş,,
yetkili,"Herhangi bir işte yetkisi olan (kimse); salahiyetli, salahiyettar",,
yetkisiz,Herhangi bir işte yetkisi olmayan; salahiyetsiz,,
yetmişer,"Yetmiş sayısının üleştirme sayı sıfatı | Her birine yetmiş, her defasında yetmişi bir arada olan",,
yetmişerli,Yetmişer yetmişer sıralanmış | Her biri yetmiş birimden oluşan,,
yetmişinci,"Yetmiş sayısının sıra sıfatı, sırada altmış dokuzuncudan sonra gelen",,
yetmişli,"Yetmiş parçası bulunan, yetmiş parçadan oluşan | İçinde yetmiş tane aynı nesneden bulunan | Yetmiş ile seksen arasında olan",,
yığılı,Yığılmış olan,,
yığınla,"Çok, pek çok",,yığı'nla
yığışık,Üst üste birikmiş,,
yıkık,Yıkılmış olan,,
yıkık dökük,"Harabeye benzeyen, harabeye dönmüş",,
yıkık yıprak,Yıpranmış,,
yılankavi,"Dolambaçlı, dolanarak giden",,yılankavi:
yılanlı,Yılanı olan,,
yılansız,Yılanı olmayan,,
yıldırımlı,"Yıldırım oluşan, yıldırım düşen (hava)",,
yıldızı dişi,Herkesçe sevilen,,
yıldızı düşük,"Şanssız, talihsiz (kimse) | Gözden düşmüş",,
yıldızlı,"Üzerinde yıldız bulunan | Bulutsuz, duru, açık (gökyüzü) | Yıldızlarla kaplı (gökyüzü)",,
yıldızsı,"Yıldızı andıran, yıldıza benzeyen, yıldız gibi; yıldızımsı",,
yıldızsız,"Bulutlu, kapalı, açık olmayan",,
yılgın,"Yılmış, korkmuş olan | Bıkmış, usanmış | Morali bozulmuş, çökmüş",,
yılık,"Çarpık, eğri olan (ağız) | Şaşı olan (göz)",,
yılışık,Yapmacık davranışlarla hoş görünmeye çalışan; yıvışık,,
yılışkan,Hoşa gitmek düşüncesiyle sürekli olarak ve yapmacıklı bir biçimde gülen (kimse),,
yılış yılış,"Yılışık, ciddiyetsiz hâlde olan | Yılışık biçimde",,
yıllıklı,Ücreti yılda bir verilen; yıllıkçı,,
yılmaz,"Bir işten gözü korkup vazgeçmeyen, yılmayan",,
yıprak,"Yıpranmış, aşınmış, eski",,
yırık,Yırtılmış,,
yırtıcı,"Beslenmek için başka hayvanları parçalayarak yiyen (hayvan); müfteris | Kan dökmekten, insan öldürmekten zevk alan (kimse); müfteris | Tiz ve yüksek olan (ses) | İş bitiren, mahir olan",,
yırtıkça,"Girişken, becerikli olan | Hafifmeşrep, oynak, cazibeli olan",,
yırtık pırtık,"Parça parça olmuş, eskiyip parçalanmış",,
yırtılmış,Yırtık duruma gelmiş,,
yırtlak,Göz kuyruğu yırtılmış gibi açık duran (göz),,
yırtmaçlı,Yırtmacı olan,,
yırtmaçsız,Yırtmacı olmayan,,
yıvışık,"Islak, kaygan, yapışkan olan",,
yirmili,"Yirmi parçası bulunan, yirmi parçadan oluşan | İçinde yirmi tane aynı nesneden bulunan | Yirmi ile otuz arasında olan",,
yirminci,"Yirmi sayısının sıra sıfatı, sırada on dokuzuncudan sonra gelen",,
yirmişer,"Yirmi sayısının üleştirme sayı sıfatı | Her birine yirmi, her defasında yirmisi bir arada olan",,
yirmişerli,Yirmişer yirmişer sıralanmış olan | Her biri yirmi birimden oluşan,,
yirmişerlik,İçinde yirmi tane bulunan,,
yivli,"Yivi olan, üzerine yiv açılmış olan",,
yiyici,Yiyen | Rüşvet alan (kimse); mürtekip | Çok yiyen,,
yiyimli,Zevkle yenen,,
yobaz,"Dinde bağnazlığı aşırılığa vardıran, başkalarına baskı yapmaya yönelen (kimse) | Bir düşünceye, bir inanca aşırı ölçüde bağlı olan (kimse) | Kaba saba, incelikten anlamayan (kimse)",,
yobazca,Yobaz bir biçimde | Yobaza yakışan,,yoba'zca
yoğun,"Hacmine oranla ağırlığı çok olan; kesif | Etkisi güçlü olan (koku, ses vb.); ağır, derin | Dolu, sıkı, sıkışık, çok olan; kompakt, konsantre | Artmış, çoğalmış bir durumda olan; sıkı | Şişman, iri, tombul olan | Kaba, kalın, iri olan (elek, iğne)",,
yoğunluklu,Yoğunluğu olan,,
yoğurtlu,"İçine yoğurt katılmış, içinde yoğurt bulunan",,
yoğuşmalı,Su buharının yoğunlaşmasıyla oluşan suyun yeniden kullanılmasını sağlayan (kombi vb.) [fizik],,
yokluklu,Eksik olan,,
yoksul,"Geçinmekte çok sıkıntı çeken, geçimini güçlükle sağlayan (kimse, toplum, ülke); yoksuz, yokluklu, çulsuz, varlıksız, variyetsiz, yok yoksul, fakir, fukara, beş parasız, parasız, sersefil, zengin, varsıl karşıtı | İstenilen nitelikte ve özellikte olmayan bir biçimde; kan ayaklı",,
yoksun,"Belli bir şeyden kendisinde olmayan, belli bir şeyin yokluğunu çeken; mahrum",,
yoksunlu,Yokluk bildiren,,
yoksuz,"Yok olmuş, yok olan, bulunmayan",,
yokuşlu,Yokuşu olan,,
yokuşsuz,Yokuşu olmayan,,
yok yoksul,"Zengin olmayan; yoksul | Herhangi bir mal varlığına sahip olmaksızın, kimsesiz bir biçimde",,
yolkesen,Issız yollarda engelleme yapıp soygun düzenleyen; kıray,,yo'lkesen
yollu yordamlı,Yol yordam bilen (kimse),,
yolsuz,Yolu olmayan | Yavaş giden (taşıt) | Kurallara aykırı | Parasız olan,,
yolsuz yöntemsiz,"Bir kurala, bir yönteme uymayan",,
yoluk,Yolunmuş olan,,
yordamlı,Yakışıklı olan | Elinden iş gelen,,
yordamsız,Çevik olmayan | Yöntem bilmeyen,,
yorgun,"Çalışma vb. sebeplerle beden veya zihin etkinliği yavaşlayan, yorulmuş olan",,
yorumlu,Yorum içeren,,
yorumsuz,"Yorum içermeyen | ""Her şey ortada, yorum yapmaya gerek yok"" anlamında kullanılan bir söz, yorum yok | Farklı bir düşünce öne sürülmeden",,
yosma,"Şen, güzel, fettan olan (genç kadın)",,
yosuncul,Yosunla beslenen veya yosunların içinde yaşayan,,
yosunlu,"Yosunu olan, yosunla kaplanmış olan",,
yozlaşık,Yozlaşmış,,
yöndeş,"Yönü aynı olan, aynı yöne bakan",,
yönelik,Belli bir yöne çevrilmiş olan; müteveccih,,
yönelmeli,Yönelme durumunda olan,,
yönetimsel,"Yönetimle ilgili; yönetsel, idari",,
yönlendirici,"İnsanları kendi bilgileri dışında veya istemedikleri hâlde bilinçli ve amaçlı olarak etkileyen; manipülatör | Yönlendiren, özendiren (kimse veya şey) | Açık oturum vb. toplantılarda etkinliği yöneten, konuşmacı ve katılımcıları yönlendiren kimse; moderatör | Genel ağda yapılan grup paylaşımlarında iletileri silme, düzenleme, kilitleme vb. yetkilere sahip kimse; moderatör",,
yönlü,Yönü olan,,
yönsüz,Yönü olmayan,,
yöntemli,"Belli bir yönteme dayanılarak yapılan; metotlu, metodik",,
yöntemsiz,"Bir yönteme dayanmayan; usulsüz, metotsuz",,
yöntem bilimsel,Yöntem bilimle ilgili; metodolojik,,
yöresel,"Belli bir yöre ile ilgili; yerel, mahallî, lokal | Belli bir yöreye özgü; domestik",,
yufka yürekli,"Kötü olaylardan çok çabuk etkilenen, üzülen; bağrı yufka",,
yuları eksik,Söz ve davranışlarında incelikten yoksun olan (kimse),,
yumuk,"Yumulmuş olan, yumulmuş gibi duran; yumulu",,
yumuk gözlü,"Göz kapakları şişkin, gözü kısık olan",,
yumuşacık,"Hoşa giden, istenilen yumuşaklıkta olan, çok yumuşak olan",,yumu'şacık
yumuşak,"Dokunulduğunda veya üzerine basıldığında çukurlaşan, eski biçimini kaybeden, katı karşıtı | Kolaylıkla bükülen, buruşmayan, sert karşıtı | Dokunulduğunda hoş bir duygu uyandıran | Kolaylıkla işlenebilen | Kolay çiğnenen, kolay kesilen | Ilıman olan (iklim), sert karşıtı | Kaba, hırçın, sert olmayan, kolay yola gelen | Okşayıcı, tatlı, hoş | Sessiz, hafif",,
yumuşak ağızlı,Kolay gem alan (hayvan),,
yumuşak yüzlü,"Kendisinden istenilen bir şeyi geri çeviremeyen, hayır diyemeyen (kimse)",,
yundusuz,Aklı kıt,,
yurtsal,Yurtla ilgili; vatani,,
yurtsever,"Yurdunu, milletini büyük bir tutku ile seven, bu uğurda her türlü özveriye katlanan (kimse); vatansever, vatanperver",,yu'rtsever
yurtsuz,"Yurdu olmayan (kimse) | Kalacak, barınacak yeri olmayan (kimse)",,
yusyumru,Tam bir yumru durumuna gelmiş olan,,yu'syumru
yusyuvarlak,Çok yuvarlak,,yu'syuvarlak
yuvalı,"Bir yuva içinde bulunan, yuvası olan",,
yuvarlacık,Küçük ve yuvarlak,,
yüce,"Nicelik, nitelik, erdem vb. bakımlardan en üstün olan; ali, muazzez, uca (II), ulvi, mürtefi",,
yüce gönüllü,"Soylu, asil olan (kimse)",,
yüğrük,"İyi yürüyen, iyi koşan | Çevik ve güçlü olan",,
yüklü,"Yükü olan, mahmul | Yapılacak işi çok olan | Çok çalışmayı gerektiren | Çok fazla, pek çok | Bir duyguyu, bir olguyu içinde veya üzerinde fazlaca bulunduran | Çok sarhoş | Paralı, varlıklı",,
yüklüce,"Oldukça çok, bir hayli fazla",,yüklü'ce
yüksüksü,"Yüksüğe benzer, yüksüğü andıran",,
yüksüz,Yükü olmayan,,
yükümlü,"Bir şeyi yapma zorunluluğu olan; memur, mükellef",,
yülük,Ustura ile kesilmiş (kıl),,
yünsüz,Yünü olmayan | Yün içermeyen,,
yüreği dar,Çabuk sıkılan (kimse),,
yüreği delik,Dertli olan (kimse),,
yüreği dolu,"Kinli, hınçlı olan (kimse)",,
yüreği geniş,Hiçbir şeyi kendine tasa etmeyen (kimse),,
yüreği katı,Acınacak durumlar karşısında duygusuz kalabilen (kimse),,
yüreği pek,Yüreği katı olan (kimse) | Yürekli olan (kimse),,
yüreği temiz,"Temiz yürekli, saf, iyi niyetli olan (kimse)",,
yüreği yanık,"Duygulu, hassas olan (kimse)",,
yüreği yaralı,"Felakete uğramış (kimse); yüreği dağlı | Gönlü yaralı, âşık, tutkun olan (kimse); yüreği dağlı",,
yüreği yufka,"Üzüntülü, acıklı durumlara dayanamayan, merhametli olan (kimse)",,
yürekler acısı,Çok acıklı,,
yürekli,"Tehlikeyi korkusuzca karşılayan, hiçbir şeyden korkusu olmayan; koçak",,
yüreksi,"Yüreği andıran, yüreğe benzeyen, yürek gibi",,
yüreksiz,Yürekli olmayan; yalımı alçak,,
yürütücü,Yürütme yetkisini kullanan (kimse),,
yüzer,Yüz sayısının üleştirme sayı sıfatı,,
yüzerli,Yüzer yüzer sıralanmış | Her biri yüz birimden oluşan,,
yüzerlik,Yüz tane alabilen,,
yüzeyli,Yüzeyi olan,,
yüzeysel,"Yüzey ile ilgili; sathi | Derine inmeyen, gelişigüzel, ayrıntılı olmayan; kışri, sathi",,
yüzgeçli,Yüzgeci olan,,
yüzlemece,"Yüz yüze yapılan | Birinin yüzüne karşı, vicahen",,yüzle'mece
yüzlerce,"Pek çok, çok sayıda",,
yüzlü,"Yüzü herhangi bir nitelikte olan; benizli, simalı, çehreli, suratlı | Şımartılmış, yüz bulmuş (kimse)",,
yüzsüz,Yüzü olmayan,,
yüzüksü,"Yüzüğü andıran, yüzüğe benzer, yüzük gibi",,
yüzüncü,"Yüz sayısının sıra sıfatı, sırada doksan dokuzuncudan sonra gelen",,
yüzü ak,Suçu ve utanılacak bir durumu olmayan (kimse),,
yüzü asık,"Somurtkan, küskün olan (kimse)",,
yüzü astarlı,Utanma duygusu olan (kimse),,
yüzü astarsız,Utanma duygusu olmayan veya zayıf olan (kimse),,
yüzü kara,Utanacak bir durumu olan (kimse),,
yüzü pek,Birine söylenmesi güç olan şeyi sıkılmadan söyleyebilen veya kendisinden istenilen şeyleri rahatlıkla geri çevirebilen (kimse),,
yüzü yerde,Alçak gönüllü olan (kimse),,
yüzü yumuşak,Kendisinden istenilenleri geri çeviremeyen (kimse),,
yüzyıllık,Yaklaşık olarak sürerliği yüzyıl olan; asırlık,,yü'zyıllık
yüz binlerce,"Pek çok, çok sayıda",,
zahirî,"Görünen, görünürdeki",Arapça ẓāhirī,za:hiri:
zahit,"Dinin yasak ettiği şeylerden sakınıp buyurduklarını yerine getiren, dünya işlerine önem vermeyen (kimse)",Arapça zāhid,za:hit
zahmetli,Sıkıntı veren,,
zahmetsiz,"Sıkıntı çekmeden, güçlükle karşılaşmadan",,
zahîr,"Yardım eden, destekleyen, arka çıkan",Arapça ẓahīr,zahi:r
zail,"Yok olan, ortadan kalkan | Sürekli olmayan",Arapça zāʾil,za:il
zakkumlu,Zakkumun zehri bulaşmış | Acı veya üzüntü veren,,
zalim,"Acımasız ve haksız davranan, zulmeden",Arapça ẓālim,za:lim
zalimce,(zali'mce) ► acımasızca,,
zamanlı,Zamanı olan [müzik] | Uygun bir zamanda,,
zamansız,"Uygun olmayan bir zamanda yapılan, vakitsiz | Uygun olmayan bir zamanda",,
zaman ayarlı,Belirli bir ana ayarlanmış olan,,
zaman bilimsel,Zaman bilimi ile ilgili olan; kronolojik,,
zaman dışı,Zamanın dışında gerçekleşmiş olan | Zamanın ve çağın dışında,,
zaman dizinsel,Zaman dizinle ilgili olan; kronolojik,,
zamklı,Üstüne zamk sürülmüş,,
zamlı,Fiyatı arttırılmış; bindirimli | Fiyatı artırılmış olarak,,
zampara,"Sürekli kadın peşinde koşan, kadınlara düşkün (erkek); kadıncıl, keskin, zendost",Farsça zenbāre,
zamsız,Fiyatı arttırılmamış; bindirimsiz,,
zararlı,"Zarar veren, zararı dokunan; dokuncalı, muzır",,
zararsız,"Zarar vermeyen, zararı dokunmayan; dokuncasız, ziyansız | Oldukça iyi; ziyansız | Zarar görmeden",,
zarflı,"Zarfı olan | Zarf içine konmuş, zarflanmış; mazruf | Zarfa konularak, zarfa konulmuş olarak",,
zarfsız,"Zarfı olmayan | Zarfa konulmamış, zarflanmamış | Zarfa konulmadan",,
zarif,"Çekicilik, biçim, görünüş, durum, konuşma ve davranışlarıyla hoşa giden, beğenilen; zarafetli | Beğenilir ve nükteli (dil, konuşma vb.) | Güzel, hoş, albenili olan | Hoşa gider bir biçimde konuşan ve davranan",Arapça ẓarīf,
zarifane,Zarife yakışır,Arapça ẓarįf + Farsça -āne,zari:fa:ne
zarsı,"Zarı andıran, zara benzeyen, zar gibi; zarımsı",,
zavallı,"Acınacak kadar kötü durumda bulunan; biçare, fukara | Gücü bir şeye yetmeyen",,za'vallı
zayıf nahif,Çok zayıf,,
zayıf sesli,Sesi pek duyulmayan,,
zebun,"Güçsüz, zayıf, âciz olan",Farsça zebūn,zebu:n
zebunküş,"Güçsüze acımayan, zavallıları ezen",Farsça zebūnkuş,zebu:nküş
zecrî,"Zorlayıcı, zorlayan, yasaklayan",Arapça zecrī,zecri:
zedeli,Zedelenmiş olan,,
zedesiz,Zedelenmemiş olan,,
zehirli,"Zehri olan; ağılı, toksik | Zararlı olan (duygu, düşünce vb.)",,
zehirsiz,Zehri olmayan,,
zehir zemberek,"Son derece sert, hakaret dolu | Son derece ağır, sert bir biçimde | Son derece acı",,
zehir zıkkım,Son derece acı,,
zeki,"Anlama, kavrama yeteneği olan, zekâsı olan; anlaklı, zeyrek | Çabuk ve kolay kavrayan | Zekâ varlığı gösteren",Arapça ẕekī,zeki:
zekice,"Zeki olan | Zeki olarak, zekiye uygun bir biçimde",,zeki:ce
zekâlı,Zeki olan,,
zekâsız,Zeki olmayan,,
zekât keçisi,Yetersiz olan | Zayıf olan,,
zelil,"Hor görülen, aşağı tutulan, aşağılanan",Arapça ẕelīl,zeli:l
zemberekli,Zembereği olan,,
zeminli,Zemini olan,,
zengin,"Parası, malı çok olan; varlıklı, yokluksuz, variyetli, fakir, yoksul karşıtı | Yararlı veya kendisinden beklenilen, istenilen nitelikleri çok olan | Verimi yüksek olan | Gösterişi olan | Çok, bol",Farsça sengīn,
Zerdüştçü,Zerdüştçülüğü benimseyen [din bilimi],,
zevalsiz,"Yok olmayan, ortadan kalkmayan, bitmeyen; kalımlı",,
zevalî,Zeval ile ilgili,Arapça zevālī,zeva:li:
zevkli,"Beğenilen, hoşa giden | Beğenisi olan (kimse)",,
zevksiz,"Beğenilmeyen, hoşa gitmeyen | Beğenisi olmayan (kimse) | Beğenilmez, hoşa gitmez bir biçimde",,
zevzek,Saçma sapan şeylerle uğraşan,,
zevzekçe,"Gevezeye yakışan, geveze gibi | (zevze'kçe) Gevezeye yakışır bir biçimde",,
zeytinli,Üzerinde veya içinde zeytin olan,,
zeytinsi,"Zeytini andıran, zeytine benzeyen, zeytin gibi; zeytinimsi",,
zeytinsiz,Üzerinde veya içinde zeytin olmayan,,
zeytinyağlı,İçine zeytinyağı katılan,,
zıhlı,Zıhı olan,,
zıhsız,Zıhı olmayan,,
zımbalı,Zımbası olan,,
zımbasız,Zımbası olmayan,,
zımparamsı,"Zımparayı andıran, zımparaya benzeyen, zımpara gibi",,
zındık,Tanrı'ya ve ahirete inanmayan (kimse),Arapça zindīḳ,
zıpır,"Şımarık ve delice tavırlı, hareketlerinde ölçüsüz; hırtapoz, zırtapoz, zirzop",,
zırcahil,Çok cahil,,zı'rca:hil
zırdeli,"Aşırı deli, çılgın olan",,zı'rdeli
zırhsız,Zırhı olmayan,,
zırlak,Sürekli zırlayan,,
zırtlak,"Yavan, tatsız olan",,
zıt kutup,Farklı durum ve yapıda olan (kimse),,
zıvanalı,Zıvanası olan,,
zıvanasız,Zıvanası olmayan,,
zifirli,"İs, duman vb. sebeplerle siyah renge dönmüş olan | Çok kirli olan",,
zifirsiz,Karanlık olmayan | Karanlık olmaksızın,,
zifirî,Çok koyu,Arapça zefīrī,zifi:ri:
zihinsel,Zihinle ilgili; zihnî,,
zihinsiz,Akıl ve düşünce bakımından yetersiz olan (kimse),,
zikzaklı,Zikzak biçiminde olan | Sık sık düşünce değiştiren,,
zilli,"Zili olan, üstünde zili bulunan | Edepsiz, eli maşalı, şirret olan (kadın)",,
zilsiz,Zili olmayan,,
zilzurna,Kendini bilmeyecek ölçüde olan | Aşırı sarhoş bir biçimde,,zi'lzurna
zimmetli,Zimmet edilmiş,,
zincirli,Zinciri olan | Zincirle bağlı olan,,
ziyade,"Çok, daha çok",Arapça ziyāde,ziya:de
ziyankâr,Sürekli zarar veren veya zarar vermeyi huy edinmiş olan,Farsça ziyānkār,
ziyansız,Zarar görmeden,,
zom,Çok sarhoş | Olgun olan (kimse),,
zoraki,İstemeyerek yapılan; gıcırı bükme,Farsça zūr + Yunanca,zo'raki
zorba,"Gücüne güvenerek hükmü altında bulunanlara söz hakkı ve davranış özgürlüğü tanımayan (kimse); kefenci, müstebit, mütegallibe, despot (I), diktatör",Farsça zūrbāz,
zorbaca,Zorbaya yakışır bir biçimde | Zorbalıkla yapılan,,zorba'ca
zorca,Biraz zor | (zo'rca) Zor bir biçimde,,
zorgulu,Davranışları uygunsuz ve yersiz olmasına karşın bunları yapmak için önüne geçilmez bir zorgu duyan (kimse) [ruh bilimi],,
zorlamasız,"Zorlaması olmayan, zorlamayan",,
zorlayıcı,Zorlayan; mücbir,,
zorlu,"Tuttuğunu koparan, baskı yapabilecek ölçüde güçlü (kimse) | Zor, güç yapılan; çetin | Zorbalık yapan",,
zorunlu,"Kesin olarak gereksinim duyulan; zaruri, mecburi, ıztırari | Doğal olarak kaçınılması imkânsız olan, olumsal karşıtı [felsefe]",,
zurnalı,Zurnası olan,,
züğürt,"Parasız, yoksul olan (kimse); meteliksiz",,
zührevi hastalıklı,Zührevi hastalığı olan,,
zülüflü,Zülfü olan,,
zümrütsü,"Zümrüdü andıran, zümrüde benzeyen, zümrüt gibi",,
züppe,"Giyinişte, söz söyleyişte, dilde, düşünüşte toplumun gülünç ve aykırı saydığı yapmacıklıklara ve aşırılıklara kaçan; didon (I) | Seçkin görünmek için, bazı çevrelerdeki düşünceleri benimseyen, hayranlık duyan ve onlar gibi davranmaya özenen; snop",,
zürriyetli,"Dölü olan, soyu olan | Çocuk sahibi olan",,
zürriyetsiz,"Dölü olmayan, soyu olmayan | Çocuk sahibi olmayan",,
âciz,"Bir işi yapabilecek gücü, becerisi veya yeteneği olmayan | Herhangi bir durum karşısında çaresiz kalan | Güçsüz veya çaresiz bir biçimde",Arapça ʿāciz,a:ciz
Âdemci,Âdemcilik yanlısı olan [edebiyat],,
âlimane,Âlime yakışan | Âlime yakışır bir biçimde,Arapça ʿālim + Farsça -āne,a:lima:ne
âlâ,"Daha yüksek, en yüksek, pek yüce | Daha iyi, çok iyi, pek iyi | Çok güzel, çok nefis",Arapça aʿlā,a:lâ:
âşıkane,Âşığa yaraşır bir biçimde olan | Âşığa yaraşır bir biçimde,Arapça ʿāşiḳ + Farsça -āne,a:şıka:ne
âşıklı,Âşığı olan | Çok seven; düşkün,,
