madde,anlam,lisan,telaffuz
abanabilmek,Abanma ihtimali veya imkânı bulunmak | Abanmaya gücü yetmek,,
abandırabilmek,Abandırmaya gücü yetmek,,
abandırıvermek,Çabucak abanmasını sağlamak,,
abandırmak,Bir kimsenin veya bir şeyin bir yere veya bir kimseye yaslanmasını sağlamak | Bir hayvanı yere çöktürmek,,
abanıvermek,"Ansızın, çabucak abanmak",,abanı'vermek
abanmak,"Eğilerek bir şeyin, bir kimsenin üzerine kapanmak | Bir yere veya bir kimseye yaslanmak, dayanmak | Birine yük olarak onun sırtından geçinmeye çalışmak | Bir şeyin veya bir kimsenin üzerine çöküp çullanmak | Boksta karşılaşma sırasında rakibine yaslanmak [spor] | Futbolda topa olanca gücüyle vurmak [spor]",,
abanozlaşıvermek,Çabucak abanozlaşmak,,
abanozlaşmak,"Ağaç gibi maddeler suda uzun süre kalarak kararmak | Güneşte uzun süre kalarak kararmak, matlaşmak, sertleşmek",,
abanozlaştırabilmek,Abanozlaştırma ihtimali veya imkânı bulunmak | Abanozlaştırmaya gücü yetmek,,
abanozlaştırıvermek,Çabucak abanozlaşmasını sağlamak,,
abanozlaştırmak,Abanoz gibi olmasını sağlamak,,
abartabilmek,Bir şeyi olduğundan daha abartılı bir biçimde anlatma eğiliminde olmak,,
abartılabilmek,Abartılma ihtimali veya imkânı bulunmak,,
abartılmak,Abartma işine konu olmak,,
abartmak,"Bir nesneyi veya durumu olduğundan daha önemli, daha büyük veya daha çok göstermek; şişirmek, mübalağa etmek | Bir iş, bir davranış vb.nde gereğinden fazlasına kaçmak, aşırıya kaçmak",,
abazanlaşmak,Cinsel ilişkiden uzun süre uzak kalmış olmak,,
ablavutlaşmak,Ablavut duruma gelmek,,
abramak,"Fırtınalı havalarda gemiyi ustalıkla yönetmek | Başarmak, bir işi becermek, bir işin üstesinden gelmek",,
abuslaşmak,"Suratı asılmak, somurtkan bir hâl almak",,
acarlaşmak,Acar duruma gelmek,,
acayipleşebilmek,Acayipleşme ihtimali veya imkânı bulunmak,,
acayipleşivermek,Çabucak acayipleşmek,,acayipleşi'vermek
acayipleşmek,"Başkalaşmak, yadırganacak bir duruma gelmek",,
acayipleştirmek,Yadırganacak bir duruma getirmek,,
acemileşebilmek,Acemileşme ihtimali veya imkânı bulunmak,,
acemileşivermek,Acemi olmamasına karşın acemi gibi davranmak,,acemileşi'vermek
acemileşmek,Beceriksizlik göstermek,,
Acemleşmek,Acemlere özgü yaşayış tarzını benimsemek; Farslaşmak,,
Acemleştirilmek,Acemleştirme işi yapılmak; Farslaştırılmak,,
Acemleştirmek,Acemlere özgü yaşayış tarzını benimsetmek; Farslaştırmak,,
acıkabilmek,Acıkma ihtimali veya imkânı bulunmak,,
acıkılmak,Acıkma işine konu olmak,,
acıkıvermek,Çabucak acıkmak,,acıkı'vermek
acıkmak,Yemek yeme gereksinimi duymak,,
acıktırmak,Açlık duymasına sebep olmak | Aç bırakmak,,
acılanmak,"Tadı acı olmak, acı duruma gelmek | Acılı durumda olmak, üzüntüye kapılmak, üzülmek",,
acılaşabilmek,Acılaşma ihtimali veya imkânı bulunmak,,
acılaşıvermek,Çabucak acılaşmak,,acılaşı'vermek
acılaşmak,Tadı bozulmak; acımak | Acı duruma gelmek | Yemlerde genellikle yağ asitlerinin oksidasyonu ve hidroliz sonucu uygun olmayan koku ve tat meydana gelmek | Dokunaklı duruma gelmek | Konuşma sert bir durum almak,,
acılaştırabilmek,Acılaştırma ihtimali veya imkânı bulunmak | Acılaştırmaya gücü yetmek,,
acılaştırılmak,Acı duruma getirilmek,,
acılaştırmak,Acı bir duruma getirmek,,
acımak,"Acılı, ağrılı olmak | Merhamet etmek | Başkasının uğradığı veya uğrayacağı kötü bir duruma üzülmek",,
acımak,"Acılı, ağrılı olmak",,
acımak,Merhamet etmek | Başkasının uğradığı veya uğrayacağı kötü bir duruma üzülmek,,
acımasızlaşabilmek,Acımasız duruma gelme ihtimali veya imkânı bulunmak,,
acımasızlaşmak,"Acımasız duruma gelmek, acımamak",,
acımsamak,"Acır gibi olmak, biraz acımak",,
acındırabilmek,Acındırma ihtimali veya imkânı bulunmak | Acındırma becerisi bulunmak,,
acındırılmak,Acındırma işine konu olmak,,
acındırmak,"Birinin acımasına yol açmak, birini merhamete getirmek",,
acınılmak,Acınma işine konu olmak,,
acınmak,Başkalarının merhametine muhtaç duruma düşmek | Başkasının hesabına üzülmek,,
acıtabilmek,Acıtma ihtimali veya imkânı bulunmak | Acıtmaya gücü yetmek,,
acıtılmak,Acıtma işine konu olmak,,
acıtıvermek,Çabucak acıtmak,,acıtı'vermek
acıtmak,"Acılık vermek | Ağrı, sızı duyulmasına sebep olmak",,
acıyabilmek,Acıma ihtimali veya imkânı bulunmak | Acıma becerisi bulunmak,,
açabilmek,Açma ihtimali veya imkânı bulunmak | Açmayı becermek,,
açadurmak,Açmayı sürdürmek,,aça'durmak
açgözlüleşebilmek,Açgözlü olma ihtimali bulunmak,,
açgözlüleşmek,Açgözlü duruma gelmek,,
açıklamak,"Bir konuyla ilgili gerekli bilgileri vermek; izah etmek | Bir sorunla ilgili aydınlatıcı bilgi vermek; tavzih etmek | Bir sözün, bir yazının ne anlatmak istediğini belirtmek, yorumlamak | Açıkça söylemek | Belirtmek, göstermek, açığa vurmak",,
açıklanabilmek,Anlaşılır bir duruma getirilme ihtimali veya imkânı bulunmak,,
açıklanmak,Açıklama işi yapılmak,,
açıklaşmak,Açık duruma gelmek | Rengi açılmak,,
açıklaştırabilmek,Daha açık bir duruma getirme ihtimali veya imkânı bulunmak,,
açıklaştırılmak,Açıklaştırma işine konu olmak,,
açıklaştırmak,Açık duruma getirmek | Rengini açtırmak,,
açıklatabilmek,Açıklamasını veya açıklanmasını sağlamak,,
açıklatmak,Açıklamasını sağlamak,,
açıklattırmak,Açıklatma işini yaptırmak,,
açıklayabilmek,Açıklama ihtimali veya imkânı bulunmak | Açıklama becerisi bulunmak,,
açıklayıvermek,Çabucak veya kolayca açıklamak,,açıklayı'vermek
açılabilmek,Açılma ihtimali veya imkânı bulunmak,,
açılıvermek,Çabucak ve ansızın açılmak,,açılı'vermek
açılmak,"Açık duruma gelmek veya getirilmek | Renk daha açık bir tona gelmek | Kendine gelmek, biraz iyileşmek | Sıkılması, çekinmesi, tutukluğu kalmamak | Kuruluş ilk kez veya yeniden işe başlamak | İşini gereğinden veya yapabileceğinden geniş tutmak | Geniş bir duruma gelmek | Yırtık duruma gelmek | Sis, karanlık, duman vb. dağılmak, yoğunluğunu yitirmek | Gereken güce ulaşmak | Kıyıdan uzaklaşmak | Kapı, yol vb. geçit vermek | Herhangi bir konuyla veya sorunla ilgili olarak düşünce ve uygulamalarda yeni koşulların gerektirdiği değişiklikleri veya yenilikleri yapmak | Sırrını, üzüntüsünü, sorunlarını birine anlatmak | Karşı cinse sevdiğini ilk kez dile getirmek",,
açımlamak,"Bir sorunu veya konuyu ele alıp en ince noktasına kadar gözden geçirerek anlatmak; şerh etmek, teşrih etmek",,
açımlanmak,Açımlama işine konu olmak,,
açındırmak,Açınmasını sağlamak | Bir cismin yüzeyini açarak bir düzlem üzerine yaymak; düzlemleştirmek [matematik] | Alıcıda kullanılan boş film üzerindeki gizli görüntüyü görülebilir biçime sokmak amacıyla filmi kimyasal işlemden geçirmek [sinema],,
açınmak,Uyurken üzerindeki yorgan ve örtüyü atmak | Tohum çimlenme gelişimini tamamlamak [biyoloji] | Açık saçık giyinmek,,
açınsamak,Bir yerin özelliklerini ortaya çıkarmak için araştırma ve inceleme yapmak; istikşaf etmek [jeoloji],,
açıvermek,Ansızın veya çabucak açmak,,açı'vermek
açkılamak,Açkı ile parlatmak,,
açkılanmak,Açkı yapılmak; perdahlanmak,,
açkılatılmak,Açkılatma işine konu olmak,,
açkılatmak,Açkı işi yaptırmak,,
açmak,"Bir şeyi kapalı durumdan açık duruma getirmek | Engeli kaldırmak | Sarılmış, katlanmış, örtülmüş veya iliklenmiş olan şeyleri açık duruma getirmek | Bir şeyi, bir yeri oyarak veya kazarak çukur, delik oluşturmak | Tıkalı bir şeyi bu durumdan kurtarmak | Alanını genişletmek | Birbirinden uzaklaştırmak | Düğümü veya dolaşmış bir şeyi bu durumdan kurtarmak | Bir toplantıyı, etkinliği başlatmak | Bir kuruluşu, bir iş yerini işler duruma getirmek | Bir aygıtı, bir düzeneği çalıştırmak | Alışverişi başlatmak | Rengin koyuluğunu azaltmak | Yakışmak, güzel göstermek | Ferahlık vermek | Geçit sağlamak | Bir konu ile ilgili konuşmak | Avunmak veya danışmak üzere söylemek, içini dökmek | Satranç, poker vb. oyunları başlatmak | Yapmak, düzenlemek | Ayırmak, tahsis etmek | Görünür duruma getirmek | Gökyüzü bulutların dağılmasıyla aydınlanmak | Bitki çiçekli duruma gelmek | Sıkıntısını gidermek, içine, gönlüne ferahlık vermek | Sıkılganlığını, utangaçlığını gidermek | Savaşla almak",,
açtırabilmek,Açmasını veya açılmasını sağlamak | Açtırmaya becerisi bulunmak,,
açtırılmak,Açtırma işi yaptırılmak,,
açtırmak,Açma işini yaptırmak,,
adaklamak,Küçük çocuk yürümeye başlamak,,
adaklanmak,Adına adak adanmak,,
adamak,"Bir dileğin gerçekleşmesi amacıyla kutsal olduğuna inanılan bir güce niyette bulunmak; nezretmek | Kutsal saydığı, değer verdiği bir şey veya kimse uğruna kendini feda etmek üzere söz vermek | Bir şeyle yoğun olarak ilgilenmek",,
adanmak,Adama işine konu olmak,,
adatmak,Adama işini yaptırmak,,
adayabilmek,Adama ihtimali veya imkânı bulunmak | Adama becerisi bulunmak,,
adımlamak,Adımla ölçmek | Bir yerde ileri geri gezinmek,,
adımlanmak,Adımlama işi yapılmak,,
adımlayabilmek,Adımlama ihtimali veya imkânı bulunmak | Adımlama becerisi bulunmak,,
adileşebilmek,Adileşme ihtimali bulunmak,,
adileşivermek,Çabucak adi bir duruma gelmek,,adileşi'vermek
adileşmek,Adi bir duruma girmek,,
adileştirmek,Adileşmesine yol açmak,,
adlandırabilmek,"Adlandırma, ad verme ihtimali bulunmak; isimlendirebilmek | Adlandırmaya gücü yetmek; isimlendirebilmek",,
adlandırılabilmek,"Adlandırılma, ad verilme ihtimali bulunmak; isimlendirilebilmek",,
adlandırılmak,Adlandırma işi yapılmak; isimlendirilmek,,
adlandırıvermek,"Çabucak adlandırmak, ad koymak; isimlendirivermek",,adlandırı'vermek
adlandırmak,"Çağırmak veya anmak için bir canlıya, bir yere, bir şeye ad vermek; ad koymak, ad takmak, ad vermek, anmak, isim koymak, isim takmak, isim vermek, isimlendirmek, tesmiye etmek",,
adlanmak,Kendisine ad verilmek; isimlenmek,,
adlaşmak,Ad durumuna gelmek; isimleşmek,,
adlaştırmak,Ad durumuna getirmek; isimleştirmek,,
afacanlaşmak,"Yaramazlaşmak, yaramaz, ele avuca sığmaz duruma gelmek",,
afallamak,Şaşkınlıktan sersemleşmek,,
afallaşmak,"Şaşkınlık içinde kalmak, şaşırıp bir şey yapamaz olmak",,
afallaştırmak,"Şaşkınlık içinde bırakmak, birini şaşırıp bir şey yapamaz duruma sokmak",,
afallatmak,Şaşkınlığa düşürerek sersemleştirmek,,
affetmek,Hoşgörü ile karşılamak; mazur görmek | Birinin sorumluluğundaki bir görevden veya işten çıkmasına izin vermek,Arapça ʿafv + Türkçe etmek,a'ffetmek
aforozlamak,"Hristiyanlıkta bir Hristiyan'ın kiliseyle ilgisini kesmek; aforoz etmek [din bilimi] | Darılıp biriyle konuşmamak, ilgiyi kesip kendinden uzaklaştırmak; aforoz etmek | Birini sergilediği olumsuz eylemler sebebiyle toplum veya bir topluluktan dışlamak; aforoz etmek, toplum dışılamak",,
aforozlanmak,Aforozlama işi yapılmak,,
afyonlamak,"Afyon vererek uyuşturmak, uyutmak | Birini telkin yoluyla doğru düşünmesini önleyerek zararlı bir yola sürüklemek",,
afyonlanmak,Afyonlama işi yapılmak,,
agulamak,"Bebek ""agu"" diye ses çıkarmak | Bebek konuşma öncesi dönemde birtakım anlamsız sesler çıkarmak; gığıldamak [eğitim]",,
ağaçlandırabilmek,Bir yeri fidanlar dikerek ağaçlı duruma getirme ihtimali veya imkânı bulunmak | Ağaçlandırmaya gücü yetmek,,
ağaçlandırılmak,Ağaçlı duruma getirilmek,,
ağaçlandırmak,Bir yeri ağaçlı duruma getirmek; ağaçlamak,,
ağaçlanmak,Ağaçlı duruma gelmek,,
ağaçlaşmak,Ağaç durumuna gelmek,,
ağalanmak,Ağa tavrı takınarak çalım yapmak,,
ağarıvermek,Aniden beyazlaşmak,,ağarı'vermek
ağarmak,Rengi solmak,,
ağartmak,Kuyumculukta gümüşü temizlemek,,
ağdalanmak,Ağda durumuna gelmek | Ağda kıvamına gelmek | Ağda bulaşmak,,
ağdalaşabilmek,Ağda durumuna gelme ihtimali bulunmak,,
ağdalaşıvermek,Çabucak ağda durumuna gelmek,,ağdalaşı'vermek
ağdalaşmak,"Ağda durumuna gelmek | Ağda kıvamına gelmek | Sohbet derinleşmek, tam tadına varılır durum almak",,
ağdalaştırılmak,Ağda durumuna getirilmek,,
ağdalaştırmak,Ağda durumuna getirmek,,
ağdırmak,Ağmasına sebep olmak | Yük veya terazide denge bozularak bir yanı yukarı gelmek,,
ağılamak,Bir şeye zehir katmak,,
ağılandırmak,Zehirli duruma getirmek,,
ağılaşmak,Zehirli duruma gelmek,,
ağıllanmak,Toplanıp bir arada durmak | Çevresinde ağıl denen hale oluşmak; halelenmek,,
ağınmak,Hayvan yere yatıp yuvarlanmak,,
ağırlamak,"Konuğa gerekli ilgiyi göstererek izzet ve ikramda bulunmak; ilgilenmek, izaz etmek",,
ağırlanabilmek,Ağırlanma ihtimali bulunmak,,
ağırlanmak,Ağırlama işine konu olmak,,
ağırlaşabilmek,Ağırlaşma ihtimali veya imkânı bulunmak,,
ağırlaşmak,"Ağır duruma gelmek | Sıkıcı ve bunaltıcı bir durum almak | Gökyüzü bulutlu, karanlık, iç karartıcı bir hâl almak | Yiyecek bozulmaya yüz tutmak | Organ görevini yapamaz duruma gelmek | Göz kapakları kapanmak üzere olmak | Artan, çoğalan | Gebe kadının doğurması yaklaşmak | Ağırbaşlı hâle gelmek | Hasta tehlikeli duruma gelmek",,
ağırlaştırabilmek,Ağırlaştırma ihtimali veya imkânı bulunmak | Ağırlaştırmaya gücü yetmek,,
ağırlaştırılabilmek,Ağırlaştırılma ihtimali veya imkânı bulunmak,,
ağırlaştırılmak,Ağırlaştırma işi yapılmak,,
ağırlaştırmak,Bir şeyin ağırlaşmasına yol açmak,,
ağırlatabilmek,Ağırlatma ihtimali veya imkânı bulunmak,,
ağırlatmak,Ağırlama işini yaptırmak | Ağır olmasını sağlamak,,
ağırlayabilmek,Ağırlama ihtimali veya imkânı bulunmak | Ağırlama becerisi bulunmak,,
ağırsamak,"Birine karşı soğuk davranarak sıkıntı verdiğini anlatmak | Bir işi yavaş yapmak, önemsememek, ilgilenmemek | Bir işi ağır bulmak",,
ağırşaklanmak,Ergenlik döneminde çıbanda veya memede ağırşak biçiminde bir tümsek oluşmak,,
ağızlamak,Bir boğazın veya bir limanın ağzını ortalamak [denizcilik] | Bir parçayı yuvasına geçirmek için önce yuvanın ağzını ayarlamak [teknik] | Bir işi kolaylamak,,
ağızlaşmak,İki kan damarı birbiri içine açılmak [anatomi],,
ağlamak,"Üzüntü, acı, sevinç, pişmanlık vb.nin etkisiyle gözyaşı dökmek | Ağaç budandığında kesilen yerlerden besi suyu veya öz su akmak | Herhangi bir şeyden yakınmak | Bir duruma üzülmek",,
ağlanmak,Ağlama işi yapılmak,,
ağlaşmak,Birlikte ağlamak,,
ağlatabilmek,Ağlatma ihtimali veya imkânı bulunmak | Ağlatmaya gücü yetmek,,
ağlatmak,Ağlamasına yol açmak,,
ağlayabilmek,Ağlama ihtimali bulunmak | Ağlama becerisi bulunmak,,
ağlayıvermek,"Çabucak ağlamak, ağlamayı alışkanlık edinmek",,ağlayı'vermek
ağmak,"Sarkmak, aşağıya inmek | Yük vb. şeyler bir yana eğilmek",,
ağmak,"Yükselmek, yukarı doğru çıkmak; inmek",,
ağnamak,Hayvan yere yatıp yuvarlanmak,,
ağrımak,Vücudun bir yeri ağrılı durumda olmak,,
ağrıtabilmek,Ağrıtma ihtimali veya imkânı bulunmak,,
ağrıtmak,Ağrımasına yol açmak,,
ağrıyabilmek,Ağrıma ihtimali veya imkânı bulunmak,,
aharlamak,Ahar sürmek,,
ahdetmek,Bir şeyi yapmak için kendi kendine söz vermek,Arapça ʿahd + Türkçe etmek,a'hdetmek
ahırlamak,Hayvan ahırda uzun süre kalıp hamlamak | Kışın hayvanları ahırda tutmak,,
ahlamak,"İç çekmek, ah etmek, ah çeker gibi ses çıkarmak",,
ahmak,"Aklını gereği gibi kullanamayan, anlama ve kavrama yetenekleri gelişmemiş (kimse)",Arapça aḥmaḳ,
ahmaklaşabilmek,Ahmaklaşma ihtimali bulunmak,,
ahmaklaşmak,Aklını gereği gibi kullanamamak | Bir an için şaşalayıp bocalamak | Bilinci ve algıları yavaşlamak,,
ahmaklaştırabilmek,Ahmaklaştırma ihtimali bulunmak | Ahmaklaştırma becerisi bulunmak,,
ahmaklaştırmak,Ahmak durumuna getirmek,,
akabilmek,Akma ihtimali veya imkânı bulunmak,,
akaçlamak,Bir yerde birikmiş suları akıtmak | Bataklıkları akaç yoluyla kurutmak,,
akaçlatmak,Akaçlama işini yaptırmak,,
akçalamak,"Bir girişim için gereken parayı, krediyi sağlamak; finanse etmek",,
akçalanmak,"Parayla desteklenmek, finanse edilmek",,
akçıllanmak,"Akçıl duruma gelmek, rengi atmak veya atmış gibi olmak",,
akçıllaşmak,Akçıl duruma gelmiş olmak,,
akdedebilmek,Akdetme ihtimali veya imkânı bulunmak | Akdetmeye gücü yetmek,Arapça ʿaḳd + Türkçe edebilmek,a'kdedebilmek
akdedilmek,Akdetme işi yapılmak,Arapça ʿaḳd + Türkçe edilmek,a'kdedilmek
akdetmek,"Barış, ittifak, mütareke, muahede, mukavele vb.ni yapmak; imzalamak | Toplantı, konferans, nikâh vb.ni tertip etmek, düzenlemek",Arapça ʿaḳd + Türkçe etmek,a'kdetmek
akıllanabilmek,Akıllanma ihtimali veya imkânı bulunmak | Akıllanma becerisi bulunmak,,
akıllandırmak,"Aklını kullanmasını sağlamak, aklını başına getirmek",,
akıllanıvermek,Çabucak aklı başına gelmek,,akıllanı'vermek
akıllanmak,"Doğruyu yanlıştan, iyiyi kötüden ayırt edebilecek durumda olmak, edindiği deneyimlerden ders alarak, gerçeği iyi görerek olması gerektiği gibi doğru ve tedbirli hareket edebilmek",,
akıllılaşmak,Akıllı duruma gelmek,,
akılsallaştırmak,Bir şeyi akılsal duruma getirmek,,
akışkanlaşmak,Akışkan duruma gelmek,,
akışkanlaştırmak,Akışkan duruma getirmek,,
akışmak,Karşılıklı akmak | Her yönden gelip gitmek,,
akıtabilmek,Akmasını sağlama ihtimali veya imkânı bulunmak | Akıtmaya gücü yetmek,,
akıtılmak,Akıtma işi yapılmak,,
akıtıvermek,Çabucak akmasını sağlamak,,akıtı'vermek
akıtmak,"Akmasını sağlamak, akmasına yol açmak; dökmek",,
akıvermek,Çabucak akmak,,akı'vermek
akkorlaşmak,Akkor durumuna gelmek,,
akkorlaştırılmak,Akkor durumuna getirilmek,,
akkorlaştırmak,Akkor durumuna getirmek,,
aklamak,"Suçsuz veya borçsuz olduğu yargısına vararak birini temize çıkarmak; tebriye etmek, ibra etmek [hukuk]",,
aklanabilmek,Aklanma ihtimali veya imkânı bulunmak,,
aklanmak,"Ak olmak; temizlenmek | Hakkında dava açılan sanık yargılama sonunda suçsuz bulunmak; temize çıkmak, beraat etmek [hukuk] | Kooperatif, şirket, dernek vb. kuruluşların faaliyetleri ve harcamaları genel kurulca uygun bulunmak [hukuk]",,
aklatmak,Aklama işini yaptırmak,,
aklayabilmek,Aklama ihtimali veya imkânı bulunmak | Aklamaya gücü yetmek,,
aklayıvermek,Çabucak aklamak,,aklayı'vermek
aklileşmek,Herhangi bir iş veya davranış akla uygun duruma gelmek; ussallaşmak,,
aklileştirilmek,Herhangi bir iş veya davranış akla uygun duruma getirilmek; ussallaştırılmak,,
aklileştirmek,Herhangi bir iş veya davranışı akla uygun duruma getirmek; ussallaştırmak,,
akmak,"Sıvı maddeler veya çok ince taneli katı maddeler bir yerden başka bir yere doğru gitmek | Sıvı maddeler aşağıya yönelmek | Sıvı madde bir yerden çıkmak; süzülmek | Bir kap veya bir yer içindeki veya üstündeki sıvıyı sızdırmak | Art arda ve toplu olarak gitmek | Kumaş yıpranıp iplikleri erimeye başlamak | Boya birbirine karışmak | Sürüp gitmek | Zaman çabuk geçmek | Çabucak savuşmak, ortadan kaybolmak | Kayıp gitmek",,
akortlamak,Akort etmek,,
akortlanmak,Akortlama işi yapılmak,,
akortlatmak,Akortlama işini yaptırmak,,
akortsuzlaşmak,Akordu bozulmak,,
akortsuzlaştırmak,Ses düzensizliği veya ayarsızlığı meydana getirmek | Radyoda bir ayar frekansında sapma meydana getirmek [teknik],,
aksamak,"Hafifçe topallamak | Bir iş gereği gibi yürümemek, geri kalmak",,
aksatabilmek,Aksatma ihtimali veya imkânı bulunmak | Aksatmaya gücü yetmek,,
aksatılmak,Aksamasına yol açılmak,,
aksatmak,Bir işi gereği gibi yürütmemek,,
aksayabilmek,Aksama ihtimali veya imkânı bulunmak,,
aksetmek,Birileri aracılığıyla duyulmak,Arapça ʿaks + Türkçe etmek,a'ksetmek
aksettirmek,"Haberi, durumu ulaştırmak, yaymak, duyurmak",Arapça ʿaks + Türkçe ettirmek,a'ksettirmek
aksileşmek,İnatçılık etmek; aksilenmek | Hırçın duruma gelmek; aksilenmek | Olumlu ve uysal davranışları terk ederek huysuzluk etmek,,
akşamlamak,Bütün günü bir yerde veya bir işte geçirerek akşama erişmek | Akşamı bir yerde geçirmek | Ay dolunay durumundan sonra geç doğmak,,
akşamlatmak,Akşamlama işini yaptırmak,,
akşamlayabilmek,Akşamlama ihtimali veya imkânı bulunmak | Akşamlamaya gücü yetmek,,
aktarabilmek,Aktarma ihtimali veya imkânı bulunmak | Aktarma becerisi bulunmak,,
aktarılabilmek,Aktarılma ihtimali veya imkânı bulunmak,,
aktarılıvermek,Çabucak aktarılmak,,aktarılı'vermek
aktarılmak,Aktarma işine konu olmak,,
aktarıvermek,Çabucak aktarmak,,aktarı'vermek
aktarmak,"Bir şeyi bir yerden, bir kaptan başka bir yere veya kaba geçirmek | Bir şeyin yolunu, yönünü değiştirmek | Bir lehçeyi başka bir lehçeye uyarlamak [dil bilimi] | Bir konu, haber vb.ni iletmek, bildirmek | Bir kitabı başından sonuna kadar okumak | Birinin başka biriyle telefonla konuşmasını sağlamak | Çatı kiremitlerinin kırık ve bozuk olanlarının yerlerine sağlamlarını koymak | Kaynak kişiden derlenen herhangi bir parçayı kitlelere duyurmak ve yaymak [edebiyat] | Tür değişikliği yapmak [edebiyat] | Bir veri veya programı bulunduğu yerden bir başka yere taşımak [bilişim] | Üretilmiş olan bir enerjiyi, başka organlara iletmek [teknik]",,
aktartmak,Aktarma işini yaptırtmak,,
alabilmek,Alma ihtimali veya imkânı bulunmak | Almaya gücü yetmek | Alma becerisi bulunmak,,
alacaklandırmak,Vadeli satış yapan firmaların her türlü mal ve hizmet satışından doğan haklarını alacaklandırıcı adı verilen finansal kuruluşlara devretmek [ekonomi],,
alacalamak,"Alaca duruma getirmek | Renk renk, benek benek boyamak",,
alacalandırmak,Alaca duruma getirmek,,
alacalanmak,"Alaca bir duruma gelmek | Herhangi bir heyecan dolayısıyla benzi kızarıp bozarmak, renkten renge girmek | Eriyen karlar arasından yer yer toprak görünmek",,
alafrangalaşmak,"Alafranga olmak, alafranga davranmak",,
alafrangalaştırmak,Alafrangalaşmasına sebep olmak,,
alakalanmak,"Gönül bağlamak, yakınlık duymak | Bir şey çekici gelmek | Bir şeyden zevk almak",,
alarmak,Ala renkli duruma gelmek,,
alaşımlamak,Alaşımı oluşturan metalleri eriterek birbirine katmak,,
alaturkalaşmak,Alaturka olmak,,
alaturkalaştırmak,Alaturkalaşmasını sağlamak,,
alazlamak,"Bir şeyin yüzünü alevden geçirmek, aleve tutmak",,
alazlanmak,Alazlama işine konu olmak | Vücutta kızıllık veya kızıl lekeler belirmek,,
alçaklaşabilmek,Alçaklaşma eğilimi veya ihtimali bulunmak,,
alçaklaşmak,Alçak duruma gelmek,,
alçaklaştırmak,Alçaklaşmasına sebep olmak,,
alçalabilmek,Alçalma eğilimi veya ihtimali bulunmak,,
alçalıvermek,Beklenmedik bir anda ve kısa sürede alçalmak,,alçalı'vermek
alçalmak,"Alçak duruma gelmek, yüksekten aşağı doğru inmek | Onurunu yitirecek kadar bayağılaşmak | Ses, gürültü vb. azalmak, kısık duruma gelmek",,
alçaltabilmek,Alçaltma ihtimali veya imkânı bulunmak | Alçaltmaya gücü yetmek,,
alçaltılmak,Alçak duruma getirilmek,,
alçaltıvermek,Çabucak alçaltmak,,alçaltı'vermek
alçaltmak,Alçak duruma getirmek | Değerini azaltmak,,
alçılamak,"Alçı ile sıvamak | Kırılan bir kemiği gereği gibi kaynaması için alçıya batırılmış sargı ile sarmak, alçıya almak",,
alçılanmak,Alçılama işine konu olmak,,
alçılatmak,"Alçı ile kapattırmak, sıvatmak",,
alçılayabilmek,Alçılama ihtimali veya imkânı bulunmak | Alçılama becerisi bulunmak,,
alçılayıvermek,Çabucak alçılamak,,
aldanabilmek,Aldanma eğilimi veya ihtimali bulunmak,,
aldanıvermek,"Çabucak, kolaylıkla aldanmak",,aldanı'vermek
aldanmak,"Görünüşe bakarak yanlış bir yargıya varmak | Bir hileye, bir yalana kanmak | Hayal kırıklığına uğramak | Havanın birden ısınmasıyla zamansız açan çiçek soğuk sebebiyle donmak",,
aldatabilmek,Aldatma ihtimali veya imkânı bulunmak | Aldatma becerisi bulunmak,,
aldatılabilmek,"Aldatılmaya eğilimli olmak, kolayca aldatılmak, aldatılma ihtimali bulunmak",,
aldatılmak,Aldatma işine konu olmak; çarpılmak,,
aldatıvermek,Çabucak aldatmak,,aldatı'vermek
aldatmak,"Beklenmedik bir davranışla yanıltmak | Karşısındakinin dikkatsizliğinden, ilgisizliğinden yararlanarak onun üzerinden kazanç sağlamak | Birine verilen sözü tutmamak | Yalan söylemek | Bir şeyin görünürdeki durumu, o şeyin niteliği bakımından yanlış bir kanı vermek | Yanlış yapmaya yöneltmek; kandırmak | Karı ve kocadan biri eşine sadakatsizlik etmek, ihanet etmek | Olmayacak bir şeyle oyalamak",,
aldırabilmek,Aldırma ihtimali veya imkânı bulunmak | Aldırmaya gücü yetmek,,
aldırılabilmek,"Aldırılma ihtimali veya imkânı bulunmak, kolayca aldırılmak",,
aldırılmak,Aldırma işi yapılmak,,
aldırmak,"Alma işini yaptırmak | Getirilmesini sağlamak | Vücuttan herhangi bir parçayı veya organı sağlık sebebiyle çıkarttırmak | Başkasına kaptırmak | Bir nesneyi bir kaba veya yere sığdırmak | Birine veya bir şeye önem vermek, değer vermek",,
aldırtabilmek,Aldırtma ihtimali veya imkânı bulunmak | Aldırtmaya gücü yetmek,,
aldırtmak,Alma işini başkasına yaptırmak,,
alenileşmek,Herkesçe bilinir duruma gelmek,,
alevlendirebilmek,Alevlendirme ihtimali veya imkânı bulunmak | Alevlendirmeye gücü yetmek,,
alevlendirilmek,Alevlendirme işine konu olmak,,
alevlendirmek,"Alevlenmesini sağlamak, tutuşturmak | Etkisini, şiddetini artırmak, çoğaltmak; harlatmak",,
alevlenebilmek,Alevlenme ihtimali veya imkânı bulunmak,,
alevlenivermek,Çabucak alevlenmek,,alevleni'vermek
alevlenmek,Yanmaya başlamak | Sıcaklığı artmak | Şiddeti artmak | Çok öfkelenmek,,
algılamak,Bir olayı veya bir nesnenin varlığını duyu organlarıyla kavramak; idrak etmek [ruh bilimi],,
algılanabilmek,Algılanma ihtimali bulunmak,,
algılanmak,Algılama işine konu olmak; idrak edilmek [ruh bilimi],,
algılatabilmek,Algılatma ihtimali veya imkânı bulunmak | Algılatma becerisi bulunmak,,
algılatılmak,Algılatma işine konu olmak,,
algılatmak,Algılama işini birine yaptırmak; idrak ettirmek [ruh bilimi],,
algılattırmak,Algılatma işini yaptırmak,,
algılayabilmek,Algılama ihtimali veya imkânı bulunmak | Algılama becerisi bulunmak,,
algılayıvermek,Çabucak algılamak,,algılayı'vermek
alıklaşabilmek,Alıklaşma ihtimali bulunmak,,
alıklaşıvermek,Çabucak alıklaşmak,,
alıklaşmak,Alık duruma gelmek | Bir şey karşısında aptallaşıp şaşırmak,,
alıklaştırılmak,Alıklaştırma işine konu olmak,,
alıklaştırmak,Alık duruma getirmek,,
alıkonulabilmek,Alıkonulma ihtimali veya imkânı bulunmak,,
alıkonulmak,Alıkoyma işine konu olmak,,
alıkoyabilmek,Alıkoyma yetkisi veya ihtimali bulunmak | Alıkoymaya gücü yetmek,,
alıkoymak,"Bir süre için bir yerde tutmak | Birini, yapmakta olduğu veya yapmak istediği işten geri tutmak | Ayırıp saklamak | Yoksun bırakmak | Mâni olmak, engel olmak",,
alımlamak,Herhangi bir şeyi kendi bilgi ve tecrübe birikimine göre anlamak,,
alımlanmak,Alımlama işi yapılmak,,
alınabilmek,Alınma ihtimali veya imkânı bulunmak,,
alınganlaşabilmek,Alınganlaşma eğiliminde olmak veya alınganlaşma ihtimali bulunmak,,
alınganlaşmak,Daha alıngan bir duruma gelmek,,
alınmak,"Alma işi yapılmak | Elde edilmek | Bir sözün, bir davranışın kendisine söylendiğini veya yapıldığını sanarak incinmek",,
alıntılamak,"Bir yazıya başka bir yazarın yazısından cümle veya cümleler almak, alıntı yapmak; aktarmak, iktibas etmek [edebiyat]",,
alıntılanabilmek,Alıntılanma ihtimali veya imkânı bulunmak,,
alıntılanmak,Alıntılama işine konu olmak,,
alıntılayabilmek,Alıntılama ihtimali veya imkânı bulunmak | Alıntılama becerisi bulunmak,,
alışabilmek,Alışma yeteneği veya ihtimali bulunmak | Alışma becerisi bulunmak,,
alışagelmek,İyice alışmak,,
alışılabilmek,Alışılma ihtimali veya imkânı bulunmak,,
alışılagelmek,İyice alışmak,,
alışılmak,Bir şeye alışmış duruma gelinmek,,
alışıvermek,Çabucak alışmak,,alışı'vermek
alışmak,"Bir işi tekrarlayarak kolaylıkla yapabilmek | Yadırgamaz duruma gelmek | Uyar duruma gelmek, intibak etmek | Sürekli ister olmak, bağımlılık kazanmak | Yaban hayvanı evcil duruma gelmek | Dayanıklı bir duruma gelmek",,
alıştırabilmek,Alıştırma ihtimali veya imkânı bulunmak | Alıştırma becerisi bulunmak,,
alıştırılmak,Alıştırma işine konu olmak,,
alıştırmak,Alışmasına yol açmak | Uyar duruma getirmek,,
alıvermek,Çabucak veya ansızın almak,,alı'vermek
alkışlamak,"Bir şeyin beğenildiğini, onaylandığını anlatmak için iki eli ses çıkaracak şekilde birbirine vurmak | Bir işi, bir düşünceyi, bir sözü beğenmek, takdir etmek",,
alkışlanabilmek,Alkışlanma ihtimali bulunmak,,
alkışlanmak,Alkışlama işine konu olmak,,
alkışlatabilmek,Alkışlatma ihtimali veya imkânı bulunmak | Alkışlatmaya gücü yetmek,,
alkışlatmak,Alkışlama işini yaptırmak,,
alkışlayabilmek,Alkışlama ihtimali veya imkânı bulunmak | Alkışlamaya gücü yetmek,,
alkışlayıvermek,Hiç düşünmeksizin alkışlamak,,alkışlayı'vermek
alkollemek,Bir yere veya bir şeye alkol sürmek,,
allamak,Kırmızı duruma getirmek,,
allanmak,Allama işi yapılmak,,
allaşmak,Kırmızı duruma gelmek,,
almak,"Bir şeyi elle veya başka bir araçla tutarak bulunduğu yerden ayırmak, kaldırmak | Bir yeri ele geçirmek | Bir şeyi veya kimseyi bulunduğu yerden ayırmak | Birlikte götürmek | İçine sığmak | Kabul etmek; ahzetmek | Bir şey kendine ulaştırılmak, iletilmek | İçeri girmek veya sızmak | Erkek, birisiyle evlenmek | Sürükleyip götürmek | Bir şeyi kazanmak, elde etmek | Zararlı, tehlikeli bir şeye uğramak | ... ile temizlemek | İçeri girmesini sağlamak | Tat veya koku duymak | Yol gitmek, mesafe katetmek | Bir şey çalmak | Vücuttaki hasta bir organı ameliyatla çıkarmak | Motor çalışması için gerekli olan elektrik veya yakıttan yararlanır duruma gelmek | Göreve, işe başlatmak | Görevden, işten çekmek | İçecek veya yiyecekten bir parça içmek veya yemek | Kazanç sağlamak | Etkisini azaltmak | Yer değiştirmek",,
Almanlaşmak,Almanlara özgü yaşayış tarzını benimsemek,,
Almanlaştırmak,Almanlara özgü yaşayış tarzını benimsetmek,,
almazlanmak,"Almak istememek, alma konusunda nazlanmak",,
altınlaşmak,Altın durumu veya görünümü almak,,
altıparmak,Bir tür iri palamut balığı [hayvan bilimi],,altı'parmak
altıparmak,Ayrı renkte altı yolu olan kumaş | Bu kumaştan yapılan gelin giysisi,,altı'parmak
altlamak,"Özel diye alınan bir şeye, genel bir kavramın altında yer vermek [mantık] | Özel bir bireyi bir türe, bir türü de bir cinse bağlamak [felsefe]",,
amaçlamak,Bir amaca ulaşmayı istemek; istihdaf etmek,,
amaçlanmak,Amaçlama işine konu olmak,,
amaçlaştırmak,Amaç durumuna getirmek,,
ambalajlamak,Ambalaj yapmak,,
ambalajlanmak,Ambalajlı duruma gelmek,,
ambarlamak,Saklamak veya korumak amacıyla ambara koymak,,
ambarlanmak,Ambarlama işine konu olmak,,
ambarlatmak,Ambarlama işini yaptırmak,,
Amerikalılaşmak,Amerikalıların yaşayış tarzını benimsemek,,
amipleşmek,Amipler gibi bölünerek çoğalmak,,
amonyaklamak,"Bazı yemleri amonyak veya bir amonyum bileşiği ile karıştırmak, doyurmak",,
anabilmek,Anma ihtimali veya imkânı bulunmak,,
anaçlaşmak,Anaç duruma gelmek,,
anaforlamak,Yolsuzluk yaparak kazanç elde etmek,,
analaştırmak,Annedeki özellikleri kazandırmak,,
anarşistleşmek,Anarşist özelliği taşımak,,
anayasallaşmak,Yürürlükte olan anayasaya uygun duruma gelmek,,
anayasallaştırmak,Yürürlükte olan anayasaya uygun duruma getirmek,,
andırışmak,Birbirine çok benzeyen iki şeyi karıştırmak,,
andırmak,Benzer yanları bulunmak; çağrıştırmak,,
angutlaşmak,Angut duruma gelmek,,
anıklaşmak,Hazır durumda olmak,,
anılabilmek,Anılma ihtimali veya imkânı bulunmak,,
anılagelmek,Sürekli olarak anılmak,,anıla'gelmek
anılaşmak,Anı niteliği kazanmak,,
anılmak,Anma işine konu olmak,,
anımsamak,"Bilinip unutulan bir şeyi akla getirmek; ansımak, bulmak, çıkarmak, hatırlamak",,
anımsanabilmek,Anımsanma ihtimali veya imkânı bulunmak; hatırlanabilmek,,
anımsanmak,Anımsama durumuna konu olmak; hatırlanmak,,
anımsatabilmek,Anımsatma ihtimali veya imkânı bulunmak; hatırlatabilmek | Anımsatma becerisi bulunmak; hatırlatabilmek,,
anımsatılabilmek,Anımsatma ihtimali veya imkânı bulunmak; hatırlatılabilmek,,
anımsatılmak,Anımsatma işine konu olmak; hatırlatılmak,,
anımsatıvermek,Beklenmeyen bir anda anımsatmak; hatırlatıvermek,,anımsatı'vermek
anımsatmak,"Birisinin unuttuğu bir şeyi aklına getirmek; ansıtmak, hatırlatmak | Birinin bir şeyi unutmamasını sağlamak; ansıtmak, hatırlatmak",,
anımsayabilmek,Anımsama ihtimali veya imkânı bulunmak; hatırlayabilmek | Anımsama becerisi bulunmak; hatırlayabilmek,,
anımsayıvermek,Aniden anımsamak; hatırlayıvermek,,anımsayı'vermek
anırmak,Eşek bağırmak,,
anırtmak,Anırmasını sağlamak,,
anıştırılmak,Anıştırmak işine konu olmak,,
anıştırmak,"Bir şeyi açıkça söylemeyip üstü kapalı anlatmak, dolaylı anlatmak; ima etmek, ihsas etmek",,
anıtlaşabilmek,Anıtlaşma ihtimali veya imkânı bulunmak,,
anıtlaşmak,"Anıt durumuna gelmek, anıt değeri kazanmak; abideleşmek | Saygı ve sevgi ile anılır duruma gelmek; abideleşmek",,
anıtlaştırılmak,Anıt durumuna getirilmek; abedileştirilmek,,
anıtlaştırmak,Anıt durumuna getirmek; abideleştirmek,,
anıvermek,"Ansızın, çabucak anmak",,anı'vermek
anlamak,"Bir şeyin ne demek olduğunu, neye işaret ettiğini kavramak; fehmetmek | Yeni bilgileri eskileriyle bir araya getirerek sonuç niteliğinde başka bir bilgi edinmek; fehmetmek | Sorup öğrenmek | Doğru ve yerinde bulmak | Birinin duygularını, istek ve düşüncelerini sezebilmek; çakozlamak, fehmetmek | Bir şey hakkında bilgisi bulunmak | Yarar sağlamak",,
anlamlandırabilmek,Anlamlı duruma getirme ihtimali veya imkânı bulunmak | Anlamlandırma becerisi bulunmak,,
anlamlandırılabilmek,Anlamlı duruma getirilme ihtimali veya imkânı bulunmak,,
anlamlandırılmak,Anlamlandırma işine konu olmak,,
anlamlandırmak,"Anlamını açıklamak | Anlam vermek, anlam kazandırmak; anlamlamak",,
anlamsızlaşabilmek,Anlamsızlaşma ihtimali veya imkânı bulunmak,,
anlamsızlaşmak,Anlamsız duruma gelmek,,
anlamsızlaştırabilmek,Anlamsızlaştırma ihtimali veya imkânı bulunmak | Anlamsızlaştırmaya gücü yetmek,,
anlamsızlaştırılmak,Anlamsız duruma getirilmek,,
anlamsızlaştırmak,Anlamsız duruma getirmek,,
anlaşabilmek,Anlaşma ihtimali veya imkânı bulunmak | Anlaşma becerisi bulunmak,,
anlaşılabilmek,Anlaşılma ihtimali veya imkânı bulunmak,,
anlaşılmak,"Anlama işine konu olmak | Belli olmak, ortaya çıkmak",,
anlaşıvermek,Çabucak anlaşmak,,anlaşı'vermek
anlaşmak,"Düşünce, duygu, amaç bakımından birleşmek; antant kalmak | Sözleşme imzalamak; kavletmek",,
anlaştırabilmek,Anlaştırma ihtimali veya imkânı bulunmak | Anlaştırmaya gücü yetmek,,
anlaştırmak,"Anlaşmayı, uzlaşmayı, uyuşmayı sağlamak",,
anlatabilmek,Anlatma ihtimali veya imkânı bulunmak | Anlatma becerisi bulunmak,,
anlatılabilmek,Anlatılma ihtimali veya imkânı bulunmak,,
anlatılmak,Anlatma işine konu olmak,,
anlatıvermek,Çabucak anlatmak,,anlatı'vermek
anlatmak,"Bilgi vermek | Bir konu üzerinde açıklama yapmak, açıklamada bulunmak",,
anlattırmak,"Bir konu üzerinde bilgisini ölçmek, açıklama yaptırmak",,
anlayabilmek,Anlama ihtimali veya imkânı bulunmak | Anlama becerisi bulunmak,,
anlayışsızlaşmak,"Anlayışsız duruma gelmek, anlayış göstermez olmak",,
anlayıvermek,Çabucak anlamak,,anlayı'vermek
anmak,Birini veya bir şeyi akla getirerek sözünü etmek veya onu düşünmek; zikretmek | Bir armağanla birinin gönlünü almak,,
anonimleşmek,Anonim bir duruma gelmek,,
anonimleştirmek,Anonim bir duruma gelmesini sağlamak,,
anormalleşmek,Anormal duruma gelmek,,
anormalleştirmek,Anormal duruma getirmek,,
antikalaşmak,"Antika duruma gelmek | Tuhaflaşmak, yadırganacak bir duruma gelmek | Bulunduğu çağın genel yargılarından uzak, geçmişe bağlı durumda yaşıyor olmak",,
antlaşmak,Antlaşma yapmak; ahitleşmek,,
aparmak,"Alıp götürmek | Gizlice almak, alıp kaçmak",,
apartmak,Aparma işini yaptırmak,,
apazlamak,Gemi apazlama rüzgârla gitmek [denizcilik] | Yelken rüzgârla dolup şişmek [denizcilik],,
apışmak,"Hayvan yorgunluktan bacaklarını birbirinden ayırarak çöküvermek | Ne yapacağını kestirememek, nasıl davranacağını bilememek | Oturmak, bacakları ayırarak çömelmek",,
apıştırmak,Hayvanı çok yorarak yürüyecek güç bırakmamak | Çifte demir atarak döndükçe geminin bir alan içinde kalmasını sağlamak [denizcilik],,
aprelemek,Kumaş veya deriyi cilalamak; perdahlamak,,
apseleşmek,Yara içinde irin oluşmak,,
aptallaşabilmek,Elinde olmadan aptal bir duruma gelme ihtimali bulunmak,,
aptallaşmak,"Zekâsının azlığından dolayı yeterince düşünemeyip akıllıca hareket edememek; budalalaşmak | Beklenmedik bir durum karşısında şaşırıp kalarak bir şey yapamamak; budalalaşmak, şabanlaşmak",,
aptallaştırılmak,Aptal duruma getirilmek,,
aptallaştırmak,"Aptallaşmasına sebep olmak, aptal duruma getirmek; budalalaştırmak",,
arabeskleşmek,Arabesk özelliği kazanmak,,
araçsallaştırmak,"Kendi hedeflerine, planlarına ulaşabilmek için herhangi bir şeyi, değeri araç olarak kullanmak",,
araklamak,Küçük bir şeyi sahibi görmeden gizlice çalmak,,
araklanmak,Araklama işine konu olmak,,
araklayabilmek,Araklama ihtimali veya imkânı bulunmak | Araklamaya gücü yetmek,,
araklayıvermek,Çabucak araklamak,,araklayı'vermek
aralamak,"İki şey arasında açıklık oluşturmak, az açmak | Bitkilerin fazla dal ve çubuklarını kesmek",,
aralanmak,"Biraz açılmak, aralık olmak | Araya zaman girmek | Gitmek, uzaklaşmak, yanından ayrılmak",,
aralatmak,"Aralık duruma getirtmek, biraz açtırmak",,
aralayabilmek,Aralama ihtimali veya imkânı bulunmak | Aralamaya gücü yetmek,,
aralayıvermek,Çabucak aralamak,,aralayı'vermek
aramak,"Birini veya bir şeyi bulmaya çalışmak | Bir yerde bir şey bulmak için bakmak, araştırmak | Ziyarete, hatır sormaya gitmek | Bir şeyin yokluğunu duyarak geri gelmesini istemek, özlemek | Önem verip istemek | Bir kişiyle görüşmek üzere telefon etmek | Şart koşmak",,
aranabilmek,Aranma ihtimali bulunmak,,
aranılmak,Arama işine konu olmak | Söz konusu olmak,,
aranmak,"Arama işine konu olmak | İsteklisi bulunmak | Eksikliği duyulmak | Kendi kendine bir şeyler aramak | Şart koşulmak | Olumsuz, kötü davranışlarda bulunarak zor duruma düşmek | Kendisine eş veya sevgili aramak",,
Arapçalaştırmak,Arapçaya çevirmek | Arap dili özelliği kazandırmak,,
Araplaşmak,Araplara özgü yaşayış tarzını benimsemek,,
Araplaştırmak,Araplara özgü yaşayış tarzını kazandırmak,,
araşmak,Telefonla birbirini aramak,,
araştırabilmek,Araştırma ihtimali veya imkânı bulunmak | Araştırmaya gücü yetmek | Araştırma becerisi bulunmak,,
araştırılabilmek,Araştırılma ihtimali veya imkânı bulunmak,,
araştırılmak,"Araştırma yapılmak, gözden geçirilmek",,
araştırıvermek,Çabucak araştırmak,,araştırı'vermek
araştırmak,Birini veya bir şeyi bulmak için bir yeri gözden geçirmek | Bir gerçeği ortaya çıkarmak için incelemelerde bulunmak; deşelemek | Bilimde ve sanatta yöntemli çalışmalar yapmak,,
araştırtmak,Araştırma işini yaptırmak,,
aratabilmek,Aratma ihtimali veya imkânı bulunmak | Aratmaya gücü yetmek,,
aratılmak,Aratma işine konu olmak,,
aratmak,Arama işini bir başkasına yaptırmak | Bir şeyin yokluğunu duyarak geri gelmesini istemek,,
aratmamak,"yerini doldurabilmek, yokluğunu hissettirmemek",,
arattırmak,Aratma işini yaptırmak,,
arayabilmek,Arama ihtimali veya imkânı bulunmak | Aramaya gücü yetmek | Arama becerisi bulunmak,,
arayıvermek,Çabucak aramak,,arayı'vermek
ardaklanmak,Ağaçlarda mantarların sebep olduğu çürümeye uğramak,,
ardılmak,"Birisinin sırtına asılmak | Birisine sataşmak, çatmak | Birisine musallat olmak",,
argolaşmak,Karşılıklı argo konuşmak | Söz argo durumuna gelmek,,
argolaştırmak,Argo özelliği kazandırmak,,
arıklamak,Arık (II) duruma gelmek,,
arıklaşmak,Arık (II) olmak,,
arıklatmak,Arık (II) duruma getirmek,,
arılamak,Bir şeyde herhangi bir ayıp veya kusur bulunmadığını bildirmek; tenzih etmek,,
arılaşmak,Yabancı şeylerden arınmış duruma gelmek; arılanmak,,
arılaştırılmak,Arılaştırma işine konu olmak,,
arılaştırmak,Yabancı şeylerden arınmış duruma getirmek,,
arınabilmek,Arınma ihtimali veya imkânı bulunmak,,
arındırabilmek,Arındırma ihtimali veya imkânı bulunmak | Arındırmaya gücü yetmek,,
arındırılmak,Arındırma işine konu olmak,,
arındırmak,Arınmasını sağlamak,,
arınmak,"Katışıksız, arı (I) duruma gelmek | İçinde bulunduğu sıkıntılı, tehlikeli veya kötü bir durumdan kurtularak kendini huzurlu ve rahat hissetmek",,
arıtabilmek,Arıtma ihtimali veya imkânı bulunmak | Arıtmaya gücü yetmek | Arıtma becerisi bulunmak,,
arıtılmak,Arıtma işine konu olmak,,
arıtmak,Temiz duruma getirmek | Katışıksız duruma getirmek; tasfiye etmek,,
arızalanabilmek,Arızalanma ihtimali bulunmak,,
arızalanıvermek,Çabucak arıza yapmak,,arızalanı'vermek
arızalanmak,"Arıza yapmak, aksaklık göstermek; bozulmak",,
arkalamak,"Bir kimseye güven vererek yardım etmek, destek olmak, korumak",,
arkalanmak,"Kendisine yardım edilmek, destek olunmak | Arka vermek, destek olmak | Arkasına almak; sırtlamak",,
Arnavutlaşmak,Arnavutlara özgü yaşayış tarzını benimsemek,,
Arnavutlaştırmak,Arnavutlara özgü yaşayış tarzını benimsetmek,,
arsızlanmak,Arsızlık etmek,,
arsızlaşabilmek,Arsızlaşma ihtimali veya imkânı bulunmak,,
arsızlaşmak,Arsız duruma gelmek,,
arsızlaştırmak,"Arsız bir duruma getirmek, arsızlaşmasına yol açmak",,
arşınlamak,"Arşınla ölçmek | Amaçsız, geniş adımlarla dolaşmak",,
arşivlemek,"Arşive kaldırmak, arşivde saklamak | Arşive kaldırılacak belgeleri tasnif etmek",,
arşivlenebilmek,Arşive koyulma ihtimali bulunmak,,
arşivlenmek,"Arşive kaldırılmak, arşivde saklanmak",,
arşivletmek,Arşivlenmesini sağlamak,,
arşivleyebilmek,Arşive koyma ihtimali veya imkânı bulunmak | Arşivlemeye gücü yetmek | Arşivleme becerisi bulunmak,,
artabilmek,Artma ihtimali veya imkânı bulunmak,,
artakalmak,"Artmak, geriye kalmak, fazla bulunmak",,arta'kalmak
artıklamak,Yemekte artık bırakmak,,
artırabilmek,Artırma ihtimali veya imkânı bulunmak | Artırmaya gücü yetmek,,
artırılabilmek,Artırılma ihtimali veya imkânı bulunmak,,
artırılmak,Artırma işine konu olmak,,
artırmak,"Artmasını sağlamak | Bir şeye başkalarının verdiğinden daha fazla fiyat vermek, ortaya daha fazla para sürmek | Tutumlu davranıp biriktirmek, tasarruf etmek | Herhangi bir davranışta ileri gitmek",,
artırtmak,Artırma işini yaptırmak,,
artmak,Büyük heybe,,
artmak,"Harcandıktan, kullanıldıktan veya yenildikten sonra bir miktar geri kalmak | Değeri yükselmek, fazlalaşmak",,
arttırılmak,Arttırma işi yapılmak,,
arttırmak,Artırma işi yapılmak,,
arttırtmak,Arttırma işini yaptırmak,,
asabilmek,Asma ihtimali veya imkânı bulunmak | Asmaya gücü yetmek,,
asalaklaşmak,Asalak duruma gelmek,,
asfaltlamak,Asfaltla kaplamak,,
asfaltlanabilmek,Asfaltlanma ihtimali veya imkânı bulunmak,,
asfaltlanmak,"Asfalt dökülmek, asfaltla kaplanmak",,
asfaltlatabilmek,Asfaltlatma ihtimali veya imkânı bulunmak | Asfaltlatmaya gücü yetmek,,
asfaltlatmak,Asfaltlama işini yaptırmak,,
asfaltlayabilmek,Asfaltlama ihtimali veya imkânı bulunmak | Asfaltlamaya gücü yetmek,,
asılabilmek,Asılma ihtimali veya imkânı bulunmak,,
asılanmak,Bir şeyden yarar sağlamak; intifa etmek,,
asılmak,"Asma işi yapılmak veya asma işine konu olmak | Bir yere tutunup sarkmak | Tutup çekmek | Hızla eline almak | Boynuna ip geçirip sallandırılarak öldürülmek; idam edilmek | Bir şey isterken karşısındakini tedirgin edecek derecede üstelemek, ısrar etmek, ileri gitmek | Sonuna kadar mücadele etmek | Karşı cinsin ilgisini çekmek için rahatsız edici davranışlarda bulunmak; sulanmak",,
asıvermek,Çabucak asmak,,ası'vermek
asileşmek,"Asi durumuna gelmek; başkaldırmak, isyan etmek",,
asileştirmek,Asi duruma getirmek,,
askerîleşmek,"Bir yer askerlikle ilişkili duruma gelmek, askerlik niteliği kazanmak",,
askerîleştirilmek,Askerîleştirme işine konu olmak,,
askerîleştirmek,Asker yönetimine geçirmek | Bir şeye askerlik niteliği kazandırmak,,
aslanlaşmak,Aslan gibi güçlü ve korkusuz duruma gelmek,,
asmak,Bir şeyi aşağıya sarkacak bir biçimde bir yere iliştirip sarkıtmak; talik etmek | Üzerine takınmak | Bir kimseyi boğazından ip vb. geçirip sallandırarak öldürmek; idam etmek | Gitmek zorunda olunan bir yere özürsüz gitmemek | Görevi olan bir işi özürsüz yapmamak,,
astarlamak,"Astar geçirmek | Boyacılıkta astar vurmak, astar sürmek",,
astarlanmak,Astar geçirilmek,,
astarlatmak,Astar yaptırmak veya geçirtmek,,
astırabilmek,Astırma ihtimali veya imkânı bulunmak | Astırmaya gücü yetmek,,
astırılmak,Astırma işine konu olmak,,
astırıvermek,Çabucak astırmak,,astırı'vermek
astırmak,Asma işini yaptırmak,,
aşabilmek,Aşma ihtimali veya imkânı bulunmak | Aşmaya gücü yetmek,,
aşağılamak,"Değerinden düşük göstermek | Küçültücü davranışlarda bulunmak, hor görmek",,
aşağılanabilmek,Aşağılanma ihtimali bulunmak,,
aşağılanmak,Aşağılık duruma düşürülmek,,
aşağılaşabilmek,Aşağılaşma ihtimali bulunmak,,
aşağılaşmak,Aşağılık duruma düşmek,,
aşağılatmak,Aşağılama işine uğratmak; tenzil etmek,,
aşağılayabilmek,Aşağılama ihtimali veya imkânı bulunmak,,
aşağısamak,"Bir kimseyi veya bir şeyi aşağılık ve değersiz göstermek, hafife almak, hafifsemek; tezyif etmek",,
aşağısanmak,Aşağısama işine konu olmak,,
aşamalamak,Aşamalara ayırmak,,
aşamalandırılmak,Aşamalandırmak işi yapılmak,,
aşamalandırmak,Aşamalara ayırmak | Aşamalamak işini yaptırmak,,
aşamalanmak,Aşamalamak işi yapılmak,,
aşermek,"Hamilelikte bazı yiyeceklere karşı aşırı düşkünlük göstermek, çok arzulamak veya nefret etmek, tiksinmek | Bir şeye karşı aşırı istek ve arzu duymak",,
aşılabilmek,Aşılma ihtimali veya imkânı bulunmak,,
aşılamak,"Vücutta bağışıklık yaratmak veya yerleşmiş bir hastalığa karşı koyabilmek için hazırlanmış bir aşıyı vücuda vermek [tıp] | Başkasına hastalık geçirmek [tıp] | Elde edilmesi istenilen herhangi bir ağacın bir parçasını anaç üzerine kaynaştırarak üretmek | Soğuğa sıcak, sıcağa soğuk su katmak | Birtakım düşünce veya duyguları başkasına benimsetmek, telkin etmek, etkilemek",,
aşılanmak,Aşılama işine konu olmak,,
aşılatabilmek,Aşılatma ihtimali veya imkânı bulunmak | Aşılatmaya gücü yetmek,,
aşılatılmak,Aşılatma işine konu olmak,,
aşılatmak,Aşılama işini yaptırmak,,
aşılayabilmek,Aşılama ihtimali veya imkânı bulunmak | Aşılamaya gücü yetmek,,
aşılmak,Aşma işine konu olmak,,
aşınabilmek,Aşınma ihtimali bulunmak,,
aşındırabilmek,Aşındırma ihtimali veya imkânı bulunmak | Aşındırmaya gücü yetmek,,
aşındırılmak,Aşındırma işine konu olmak,,
aşındırmak,Aşınmasına yol açmak | Bir yere çok gidip gelmek | Cisimlerin aşınmasına yol açmak [kimya],,
aşınıvermek,Çabucak aşınmak,,aşını'vermek
aşınmak,"Birbirine sürtünerek incelmek | Zamanla veya çok kullanılma sonucu eskimek; yenmek (II) | Çıkıntıları silinmek, düzleşmek | Değeri azalmak",,
aşırabilmek,Aşırma ihtimali veya imkânı bulunmak | Aşırmaya gücü yetmek,,
aşırılabilmek,Aşırılma imkânı veya ihtimali bulunmak,,
aşırılaşmak,Aşırı duruma gelmek,,
aşırılaştırmak,Aşırı duruma getirmek,,
aşırılmak,Aşırma işine konu olmak,,
aşırıvermek,Çabucak aşırmak,,aşırı'vermek
aşırmak,Yüksek veya geçilmesi güç bir yerin üstünden diğer yanına geçirmek; aşırtmak | Başkasına ait bir şeyi izinsiz olarak almak | Tehlike içinde bulunan bir şeyi acele kaçırmak | Başkasının eserinden parçalar alıp kendisininmiş gibi göstermek; intihal yapmak [edebiyat],,
aşırtmak,Aşırma işini yaptırmak,,
aşıvermek,Çabucak aşmak,,aşı'vermek
aşmak,"Yüksek, uzak veya geçilmesi güç bir yerin öte yanına geçmek | Süre bitmek, sona ermek | Erkek hayvan dişiyle çiftleşmek | Görünmeden kaçmak",,
aştırmak,Aşma işini yaptırmak,,
atabilmek,Atma ihtimali veya imkânı bulunmak | Atmaya gücü yetmek | Atma becerisi bulunmak,,
atamak,"Birini bir göreve getirmek; nasbetmek, tayin etmek",,
atanabilmek,Atanma ihtimali veya imkânı bulunmak,,
atandırmak,Atanma işini yaptırmak,,
atanılmak,Atanma işine konu olmak,,
atanmak,Bir göreve getirilmek; tayin edilmek,,
atarlanmak,Birine karşı veya bir olaya karşında korkusuzca güç gösterisinde bulunmak,,
ateşlemek,"Bir şeyi tutuşturup yakmak | Top, tüfek vb. patlayıcı maddeleri patlatmak | Birini bir işi yapması için kışkırtmak | Birini heyecanlı, coşkulu duruma getirmek",,
ateşlendirmek,Ateşlemek işini yaptırmak,,
ateşlenebilmek,Ateşlenme ihtimali veya imkânı bulunmak,,
ateşlenmek,"Ateşleme işine konu olmak | Vücut ısısı artmak | Coşmak, kızışmak, şiddetlenmek",,
ateşletmek,Ateşleme işini yaptırmak,,
ateşleyebilmek,Ateşleme ihtimali veya imkânı bulunmak | Ateşlemeye gücü yetmek,,
ateşleyivermek,Çabucak ateşlemek,,ateşleyi'vermek
atfedebilmek,Atfetme ihtimali veya imkânı bulunmak,,
atfedilmek,Atfetme işine konu olmak,Arapça ʿaṭf + Türkçe edilmek,a'tfedilmek
atfetmek,"Bir işi veya bir sözü bir kimseye mal etmek, yüklemek | Bir tarafa doğru çevirmek",Arapça ʿaṭf + Türkçe etmek,a'tfetmek
atıflamak,Bir başkasının daha önce yayımlanmış bir çalışmasına atıf yapmak,,
atıflanmak,Bir başkasının daha önce yayımlanmış bir çalışmasına atıf yapılmak,,
atılabilmek,Atılma ihtimali veya imkânı bulunmak,,
atılganlaşmak,Atılgan duruma gelmek,,
atılıvermek,"Ansızın, çabucak atılmak",,atılı'vermek
atılmak,"Atma işine konu olmak | Saldırmak, hücum etmek | Bir şeye doğru birden gitmek, birden bir davranışta bulunmak | Sonunu hesaba katmadan kendini atmak | Silah patlatılmak | Bir yerden, görevden veya işten uzaklaştırılmak",,
atışabilmek,Atışma ihtimali veya imkânı bulunmak | Atışma becerisi bulunmak,,
atışmak,Birbirine karşılıklı söz söyleyerek tartışmak | Saz şairleri belli bir ayak üzerine karşılıklı deyiş söylemek; aytışmak [edebiyat] | Çocuk oyunlarında ebeyi veya takımda olanları belirlemek için karşılıklı olarak adım atmak | Ok vb. atarak yarışmak,,
atıştırabilmek,Atıştırma ihtimali veya imkânı bulunmak,,
atıştırıvermek,Çabucak atıştırmak,,atıştırı'vermek
atıştırmak,Acele olarak yemek veya içmek | Yağmur veya kar serpiştirmek,,
atıvermek,"Ansızın, çabucak atmak",,atı'vermek
atkılamak,Dokuma tezgâhlarında mekikle atkı atmak; argaçlamak,,
atlamak,"Bir engeli sıçrayarak veya fırlayarak aşmak | Yüksek bir yerden alçak bir yere, ayaküstü gelecek bir biçimde kendini bırakmak | Basında haberi zamanında verememek veya diğer gazetelerden öğrenmek | Okuma, yazı yazma, sayı sayma vb. işlerde bazı bölümleri üstünkörü geçmek | Sınıfı okumadan geçmek | Yanılmak, aldanmak | Bir işe sonucunu düşünmeden hemen girişmek",,
atlanılmak,Atlanma işi yapılmak,,
atlanmak,Ata binmek | At edinmek | Sıradakinden bir sonrakine geçilmek,,
atlanmak,Atlama işi yapılmak,,
atlatabilmek,Atlatma ihtimali veya imkânı bulunmak | Atlatmaya gücü yetmek,,
atlatılabilmek,Atlatılma ihtimali veya imkânı bulunmak,,
atlatılmak,Atlatma işi yapılmak veya bu işe konu olmak,,
atlatmak,"Atlama işini yaptırmak | Basında başka ilgililerden önce bir haberin yayımlanmasını sağlamak | Kötü bir durumu geçiştirmek, savmak | Görüşmek, konuşmaktan kaçmak | Bir işi savsaklamak | Birini aldatmak",,
atlattırmak,Atlatma işini yaptırmak,,
atlayabilmek,Atlama ihtimali veya imkânı bulunmak | Atlamaya gücü yetmek | Atlama becerisi bulunmak,,
atlayıvermek,Çabucak atlamak,,atlayı'vermek
atmak,"Bir cismi bir yöne doğru fırlatmak | Bir şeyi yere doğru bırakmak | Bir kimsenin ilişiğini kesmek | İçine koymak | Rastgele bir kenara koymak | İp, halat, zincir gibi şeylerin bir ucunu ulaştırmak | Bir yerden başka bir yere taşımak | Sille, tokat vurmak | Top, tüfek vb. silahları patlatmak | Kurşun, gülle, ok vb. şeyleri hedefe fırlatmak | Bir işi ertelemek | Örtünüp korunmak için bir şeyi üzerine almak | Suç vb.ni bir başkasına yüklemek | Kovmak, dışarıya çıkarmak, ilgisini kesip uzaklaştırmak | İstenilmeyen bir şeyi kendi malı olmaktan çıkarmak | Kullanılması gelenek hâline gelmiş bir şeyi kullanmaktan vazgeçmek | Çıkarmak, dışarıya vermek | Patlayıcı maddelerle havaya uçurup yıkmak | Yay ve tokmakla ditmek, kabartmak | Herhangi bir nesnenin üzerindeki boya dağılmadan yarılmak | Yapışık olduğu yerden ayrılmak | Kalp, nabız vurmak, çarpmak | Sıkıntı dolayısıyla giyilen bir şeyi çıkarmak | Yazılı veya banda alınmış bir metinden bazı bölümleri çıkarmak | Değerini eksiltmek | Yazılmış bir şeyi göndermek, yollamak | Birini terk etmek | Kendi istediği gizli bir yere götürmek | Yalan veya abartmalı söz söylemek | Bilmeden, kestirerek söylemek | İçki içmek",,
attırabilmek,Attırma ihtimali veya imkânı bulunmak | Attırmaya gücü yetmek,,
attırılmak,Attırma işine konu olmak,,
attırmak,Atma işini yaptırmak,,
attırtmak,Attırma işini yaptırmak,,
avallaşmak,Aval duruma gelmek,,
avareleşmek,Aylaklık etmek,,
avareleştirmek,Avare duruma getirmek,,
avlamak,"Bir avı diri veya ölü olarak ele geçirmek; tutmak | Tuzağa düşürmek, kurnazlıkla kandırmak",,
avlanabilmek,Avlanma ihtimali veya imkânı bulunmak | Avlanma becerisi bulunmak,,
avlanmak,"Avlama işine konu olmak | Ava gitmek, ava çıkmak, av için dolaşmak",,
avlatmak,Avlanma işini yaptırmak,,
avlayabilmek,Avlama ihtimali veya imkânı bulunmak | Avlama becerisi bulunmak,,
avlayıvermek,Çabucak avlamak,,avlayı'vermek
Avrupalılaşmak,"Avrupalıların düşünce, davranış ve yaşantılarını benimsemek",,
Avrupalılaştırmak,Avrupalılaşmasını sağlamak,,
avuçlamak,"Avuçla kavramak, avuçla almak; apazlamak, hapazlamak",,
avuçlanmak,Avuçlama işine konu olmak,,
avuçlatmak,Avuçlama işini yaptırmak,,
avuçlayabilmek,Avuçlama ihtimali veya imkânı bulunmak | Avuçlamaya gücü yetmek,,
avuçlayıvermek,Çabucak avuçlamak,,avuçlayı'vermek
avunabilmek,Avunma ihtimali veya imkânı bulunmak,,
avundurmak,"Acısını hafifletmek, acısını unutturmak, teselli etmek",,
avunmak,"Bir şeyle uğraşarak acısını unutmak, sıkıntılardan uzaklaşmak; aldanmak, teselli bulmak, müteselli olmak | Bir şeyler yaparak oyalanmak | Hayvan gebe kalmak",,
avunulmak,Avunma işi yapılmak,,
avunuvermek,Çabucak avunmak,,avunu'vermek
avurtlamak,"Büyüklenmek, çalım satmak | Yüksekten atmak",,
avutabilmek,Avutma ihtimali veya imkânı bulunmak | Avutma becerisi bulunmak,,
avutmak,"Bir kimsenin acısını veya sıkıntısını yatıştırmak; avundurmak, teselli etmek | Bir şeyler yaparak oyalamak; eğlemek",,
avutulmak,Avutma işine konu olmak,,
avutuvermek,Çabucak avutmak,,avutu'vermek
ayaklamak,Ayakla ölçmek,,
ayaklanabilmek,Ayaklanma ihtimali veya imkânı bulunmak | Ayaklanmaya gücü yetmek,,
ayaklandırabilmek,Ayaklandırma ihtimali veya imkânı bulunmak | Ayaklandırmaya gücü yetmek,,
ayaklandırılabilmek,Ayaklandırılma ihtimali veya imkânı bulunmak,,
ayaklandırılmak,Ayaklanması sağlanmak,,
ayaklandırmak,Ayaklanmasına yol açmak,,
ayaklanıvermek,Çabucak ayaklanmak,,ayaklanı'vermek
ayaklanmak,"Çocuk yürümeye başlamak | Hasta iyileşip yürüyebilir duruma gelmek | Ayağa kalkıp gitmeye davranmak | Toplu bir biçimde zor ve şiddet kullanarak devlet güçlerine karşı gelmek | Uyanmak, uyanıp kalkmak",,
ayarlamak,"Bir ölçünün doğruluğunu belli bir örneğe göre düzeltmek, doğrulamak | Bir aygıtı belli bir iş yapabilecek duruma getirmek | İşleri birbiriyle çatışmayacak veya zamanında bitirecek bir biçimde düzenlemek | Bir şeyi, bir işi amaca uygun şekilde düzenlemek | Birisini isteklerini kabule razı etmek | Bir şeyi temin etmek",,
ayarlanabilmek,Ayarlanma ihtimali veya imkânı bulunmak,,
ayarlanmak,"Ayar edilmek, birbirine uygun duruma getirilmek",,
ayarlatabilmek,Ayarlatma ihtimali veya imkânı bulunmak,,
ayarlatmak,Ayar yaptırmak,,
ayarlayabilmek,Ayarlama ihtimali veya imkânı bulunmak | Ayarlamaya gücü yetmek | Ayarlama becerisi bulunmak,,
ayarlayıvermek,Çabucak ayarlamak,,ayarlayı'vermek
ayartabilmek,Ayartma ihtimali veya imkânı bulunmak,,
ayartılabilmek,Ayartılma ihtimali veya imkânı bulunmak,,
ayartılmak,Ayartma işine konu olmak,,
ayartmak,"Baştan çıkarmak, doğru yoldan saptırmak | Kötü yola sürüklemek, baştan çıkarmak; aldatmak, iğfal etmek | Birini, çalıştığı yerden ayırıp başkasının yanında çalışmaya kandırmak",,
ayazlamak,"Hava ayaza çevirmek | Ayazda kalıp üşümek | Boş yere beklemek, eline bir şey geçmemek",,
ayazlandırılmak,Ayazlanması sağlanmak,,
ayazlandırmak,Ayazlanmasını sağlamak,,
ayazlanmak,Ayazda bırakılıp soğumak,,
ayazlatmak,Soğukta bekletmek | Ayazda soğutmak,,
aydınlanabilmek,Aydınlanma ihtimali veya imkânı bulunmak,,
aydınlanıvermek,Çabucak aydınlanmak,,aydınlanı'vermek
aydınlanmak,"Aydınlık olmak; ağarmak, ışımak | Açıklığa kavuşmak | Bir sorun üzerine gereği kadar bilgi edinmek; tenevvür etmek",,
aydınlaşmak,Aydın niteliği kazanmak,,
aydınlatabilmek,Aydınlatma ihtimali veya imkânı bulunmak | Aydınlatmaya gücü yetmek,,
aydınlatılabilmek,Aydınlatılma ihtimali veya imkânı bulunmak,,
aydınlatılmak,Aydınlatma işine konu olmak,,
aydınlatıvermek,Çabucak aydınlatmak,,aydınlatı'vermek
aydınlatmak,"Karanlığı giderip görünür duruma getirmek; ışıklandırmak, ışıtmak, nurlandırmak | Bir sorun üzerine bilgi vermek",,
ayıklamak,"Bir şeyin içinden, işe yaramayan, gereksiz veya istenmeyen taneleri ayırıp çıkarmak, temizlemek | Bir görevde gereksiz görülenleri işinden ayırmak",,
ayıklanabilmek,Ayıklanma ihtimali veya imkânı bulunmak,,
ayıklanıvermek,Çabucak ayıklanmak,,ayıklanı'vermek
ayıklanmak,Ayıklama işine konu olmak,,
ayıklatabilmek,Ayıklatma ihtimali veya imkânı bulunmak | Ayıklatma becerisi bulunmak,,
ayıklatmak,Ayıklama işini yaptırmak,,
ayıklayabilmek,Ayıklama ihtimali veya imkânı bulunmak | Ayıklama becerisi bulunmak,,
ayıklayıvermek,Çabucak ayıklamak,,ayıklayı'vermek
ayılabilmek,Ayılma ihtimali veya imkânı bulunmak,,
ayılaşmak,"Kaba saba, görgüsüz biri durumuna gelmek",,
ayılmak,"Sarhoşluk, baygınlık vb. bir durumdan kurtulmak, kendine gelmek; ayıkmak, aymak | Aklı başına gelip gerçeği görmek; ayıkmak, aymak",,
ayıltabilmek,Ayıltma ihtimali veya imkânı bulunmak | Ayıltma becerisi bulunmak,,
ayıltılmak,Ayıltma işine konu olmak,,
ayıltmak,Ayılmasını sağlamak,,
ayıplamak,"Bir durumun, bir davranışın veya sözün toplumun ahlak kurallarına aykırı, utanılacak bir davranış veya söz olduğunu belirtir biçimde muhatabına söylemek",,
ayıplanmak,Ayıplama işine konu olmak,,
ayıplayabilmek,Ayıplama ihtimali veya imkânı bulunmak,,
ayırabilmek,Ayırma ihtimali veya imkânı bulunmak | Ayırma becerisi bulunmak,,
ayırıvermek,Çabucak ayırmak,,ayırı'vermek
ayırmak,"Bir bütünü kendi içinde parçalara bölmek | Bir bütünden bir parçayı herhangi bir amaçla bir tarafa koymak | Bir yeri bir engelle bölmek | Birbirinden uzaklaştırmak; fasletmek | Nitelik değişikliğini anlamak, fark etmek | İki veya daha çok kimse arasındaki anlaşmayı, uzlaşmayı bozmak | Farklı davranmak, ayrı tutmak | Bir şey veya yeri bir kimsenin hizmetine hazır tutmak; tahsis etmek",,
ayırtabilmek,Ayırtma ihtimali veya imkânı bulunmak | Ayırtma becerisi bulunmak,,
ayırtılmak,Ayırtma işine konu olmak,,
ayırtmak,Ayırma işini yaptırmak,,
ayırttırmak,Ayırtma işini yaptırmak,,
aykırılamak,Kestirmeden gitmek | Düz yoldan ayrılmak | Dikey olarak gelmek,,
aykırılaşmak,Aykırı duruma gelmek; marjinalleşmek,,
aylamak,"Bir aylık süreyi geçirmek | Bir yerde aylarca kalmak | Ayı dolduran bir süre geçirmek, aylarca kalmak",,
aylanmak,Bir yerin çevresinde dolanmak,,
aymazlaşabilmek,Aymazlaşma ihtimali veya imkânı bulunmak,,
aymazlaşmak,Aymaz duruma gelmek,,
aynalaşmak,Bir şeyi ayna gibi yansıtmak,,
aynılaşmak,Aynı duruma gelmek,,
aynılaştırmak,"Aynı duruma getirmek | Aynı görmek, aynı varsaymak",,
ayranlaşmak,Ayran durumuna gelmek,,
ayrılabilmek,Ayrılma ihtimali veya imkânı bulunmak | Ayrılma becerisi bulunmak,,
ayrılanmak,Ayrı duruma gelmek,,
ayrılaşmak,Benzerleri arasında ayrı bir yeri ve önemi olmak,,
ayrılışmak,Birbirinden ayrılmak,,
ayrılıvermek,Çabucak ayrılmak,,ayrılı'vermek
ayrılmak,"Ayırma işine konu olmak | Bir yerden, bir kimseden, bir şeyden uzaklaşmak",,
ayrımlamak,Ayrım yapmak; tefrik etmek,,
ayrımsamak,"Bir şeyi anlamak, bir şeyi görmek",,
ayrımsanmak,Ayrımsama işine konu olmak,,
ayrıntılandırabilmek,Ayrıntılandırma ihtimali veya imkânı bulunmak | Ayrıntılandırma becerisi bulunmak,,
ayrıntılandırılmak,Ayrıntılandırma işine konu olmak; detaylandırılmak,,
ayrıntılandırmak,Ayrıntılı bir duruma getirmek; detaylandırmak,,
ayrışabilmek,Ayrışma ihtimali veya imkânı bulunmak,,
ayrışmak,"Birbirinden ayrılmak, birliği bozulmak | Moleküller, türlü etkenler sebebiyle geçici olarak daha yalın atom veya moleküllere bölünmek [kimya]",,
ayrıştırabilmek,Ayrıştırma ihtimali veya imkânı bulunmak | Ayrıştırma becerisi bulunmak,,
ayrıştırmak,Bütünün bozulmasına sebep olmak | Ayrışmasını sağlamak [kimya],,
ayyaşlaşmak,Ayyaş bir duruma gelmek,,
azabilmek,Azma ihtimali veya imkânı bulunmak | Azma becerisi bulunmak,,
azalabilmek,Azalma ihtimali veya imkânı bulunmak,,
azalmak,Az denecek bir miktara inmek; daralmak | Eskisinden az bir duruma gelmek | Etkisini yitirmek,,
azaltabilmek,Azaltma ihtimali veya imkânı bulunmak | Azaltma becerisi bulunmak,,
azaltılabilmek,Azaltılma ihtimali veya imkânı bulunmak,,
azaltılmak,Azaltma işi yapılmak,,
azaltmak,Az denecek bir miktara indirmek; azlaştırmak | Eskisinden az bir duruma getirmek; azlaştırmak | Etkisini yitirmesine sebep olmak,,
azalttırmak,Azaltma işini yaptırmak,,
azarlamak,"Kırıcı ve sert söz söylemek; donatmak, görünmek, paylamak, darılmak, kakımak, terslemek (I), zılgıt vermek, tekdir etmek, takaza etmek",,
azarlanabilmek,Azarlanma ihtimali bulunmak,,
azarlanmak,Kırıcı ve sert sözle karşılaşmak; paylanmak,,
azarlatmak,Azarlama işini yaptırmak veya azarlanmasına yol açmak,,
azarlayabilmek,Azarlama ihtimali veya imkânı bulunmak,,
azarlayıvermek,Hemen azarlamak,,azarlayı'vermek
azdırabilmek,Azdırma ihtimali veya imkânı bulunmak | Azdırma becerisi bulunmak,,
azdırılmak,Azmasına yol açılmak,,
azdırmak,"Azmasına sebep olmak | Azgın duruma getirmek | Kötü davranış veya alışkanlıklara sürüklemek, yoldan çıkarmak",,
azelleşmek,Azel durumuna gelmek; oligopolleşmek [ekonomi],,
azgınlaşmak,Azgın duruma gelmek | Cinsel istekleri aşırılaşmak,,
azgınlaştırmak,Azgın duruma getirmek,,
azımsamak,"Bir şeyin umulduğundan az olduğu yargısına varmak, az görmek, az bulmak",,
azımsanabilmek,Azımsanma ihtimali veya imkânı bulunmak,,
azımsanmak,Azımsama işine konu olmak,,
azımsayabilmek,Azımsama ihtimali veya imkânı bulunmak,,
azışmak,"Gittikçe kızışmak, gitgide şiddetlenmek",,
azıştırmak,Azışmasına yol açmak,,
azıtabilmek,Azıtma ihtimali veya imkânı bulunmak | Azıtma becerisi bulunmak,,
azıtılmak,Azıtma işine konu olmak,,
azıtmak,"Azgın duruma getirmek | Bitki çok uzamak | Çığırından çıkmak veya çıkarmak, ölçüyü kaçırmak | Çocuk çok şımarmak, aşırı yaramazlık etmek | Baştan çıkmak, doğru yoldan ayrılmak, yolunu şaşırmak | Kedi, köpek vb. hayvanları evden geri dönemeyecekleri kadar uzak bir yere bırakmak",,
azıttırmak,Azıtma işini yaptırmak,,
azledilebilmek,Azledilme ihtimali bulunmak,,a'zledilebilmek
azledilmek,Görevden alınmak,Arapça ʿazl + Türkçe edilmek,a'zledilmek
azletmek,"Bir kişiyi görevinden almak, uzaklaştırmak",Arapça ʿazl + Türkçe etmek,a'zletmek
azlettirmek,Azletme işini yaptırmak,,a'zlettirmek
azlolunmak,"Görevinden alınmak, görevinden çıkarılmak",Arapça ʿazl + Türkçe olunmak,a'zlolunmak
azmak,Bir nehir veya dereden taşıp biriken küçük su birikintisi | Bir nehir veya dereden ayrılan kol,,
azmak,"Taşkınlıkta ileri gitmek | Deniz, ırmak vb. kabarmak, taşmak | Yara, hastalık etkili, tehlikeli duruma gelmek | Cinsel duyguları artmak | Çamaşır artık ağartılamaz duruma gelmek | Hayvanlar iki ayrı ırktan doğmak | Bitkiler aşırı büyümek",,
azmanlaşmak,"Aşırı gelişmek, çok büyük duruma gelmek",,
azmetmek,"Bir işi yapmak için kararlılıkla gayret etmek, bir işte azim göstermek | Bir yere gitmek için hareket etmek",Arapça ʿazm + Türkçe etmek,a'zmetmek
azmettirmek,Bir suçu işlemesine veya herhangi bir işi kesinlikle yapmasına karar verdirmek,Arapça ʿazm + Türkçe ettirmek,a'zmettirmek
azotlamak,Azotla karıştırmak veya birleştirmek [kimya],,
babacanlaşmak,Babacan duruma gelmek,,
babalanabilmek,Babalanma ihtimali veya imkânı bulunmak | Babalanma becerisi bulunmak,,
babalanmak,"Babaları tutmak, çok öfkelenmek | Diklenerek kabadayıca davranmak | Babalı olmak, babalı duruma gelmek",,
babıldamak,"Bebek konuşma öncesi dönemde anlamsız basit heceleri tekrar etmek: ma-ma-ma, ba-ba-ba vb [eğitim]",,
badanalamak,Duvarları boyamak için sulandırılmış kireç veya plastik boya sürmek,,
badanalanmak,Badana yapılmak,,
badanalatmak,Badanalama işini yaptırmak,,
badiklemek,Ördek gibi iki yana sallana sallana yürümek,,
badikleşmek,Ördek gibi sağa sol yalpa vurarak yürüme eğilimi göstermek,,
bağdalamak,Çelme atmak | Güreşte rakibe ayak sarması takmak [spor],,
bağdamak,"Birkaç şeyi birbirine geçirerek bağlamak | İçinden çıkılmayacak bir duruma getirmek, kördüğüm etmek",,
bağdaşabilmek,Bağdaşma ihtimali veya imkânı bulunmak,,
bağdaşıklaşmak,Aynı özelliği göstermek; homojenleşmek,,
bağdaşıklaştırmak,Bağdaşık duruma getirmek; homojenleştirmek,,
bağdaşılmak,Bağdaşma işine konu olmak,,
bağdaşmak,Çocuk oyunlarında arkadaş olmak | Bağdaş kurup oturmak,,
bağdaştırabilmek,Bağdaştırma ihtimali veya imkânı bulunmak,,
bağdaştırılabilmek,Bağdaştırılma ihtimali veya imkânı bulunmak,,
bağdaştırılmak,Bağdaştırma işine konu olmak,,
bağdaştırmak,Bağdaşmasını sağlamak; eklemlemek,,
bağımlamak,"Bir şeyi bağım altına sokmak, etkisi altında tutmak",,
bağımlaşmak,Bir şeye veya bir kimseye tamamen bağımlı olmak,,
bağımlılaşabilmek,Bağımlılaşma ihtimali veya imkânı bulunmak,,
bağımlılaşmak,Bağımlı duruma gelmek,,
bağımlılaştırılmak,Bağımlı bir duruma getirilmek,,
bağımlılaştırmak,Bağımlı duruma getirmek,,
bağımsızlaşabilmek,Bağımsızlaşma ihtimali veya imkânı bulunmak,,
bağımsızlaşmak,Bağımsız duruma gelmek,,
bağımsızlaştırabilmek,Bağımsızlaştırma ihtimali veya imkânı bulunmak,,
bağımsızlaştırmak,Bağımsız duruma getirmek,,
bağırabilmek,Bağırma ihtimali veya imkânı bulunmak | Bağırma becerisi bulunmak,,
bağırıvermek,"Ansızın, birdenbire bağırmak",,bağırı'vermek
bağırmak,İnsan yüksek ve gür ses çıkarmak; banlamak | Yüksek sesle azarlamak | Kendini belli etmek,,
bağırtabilmek,Bağırtma ihtimali veya imkânı bulunmak | Bağırtma becerisi bulunmak,,
bağırtmak,Bağırmasına yol açmak,,
bağırttırmak,Bağırtma işini yaptırmak,,
bağışıklamak,Bağışık duruma getirmek,,
bağışlamak,"Herhangi bir kötü davranış için ceza vermekten vazgeçmek; affetmek, affeylemek | Bir kimse, kuruluş veya ülke ayni veya nakdi varlıklarını kendi iradesi ile bir başka kişi, kurum veya tüzel kişiliklere karşılıksız olarak devretmek; bağış yapmak, hibe etmek, bahşetmek, teberru etmek | Bir kişinin üzerinde bulunan görevi ve sorumluluğu kaldırmak | Hoş görmek",,
bağışlamamak,"karşısındakinin yanlışından, kusurundan doğacak fırsatları kaçırmamak, acımadan değerlendirmek",,
bağışlanabilmek,"Bağışlanma ihtimali veya imkânı bulunmak; affedilebilmek, affolunabilmek",,
bağışlanmak,"Bağışlama işine konu olmak, affa uğramak; affedilmek, affolmak, affolunmak, bahşedilmek | Bir mal veya hak karşılık beklemeden birine verilmek; bahşedilmek",,
bağışlatabilmek,Bağışlatma ihtimali veya imkânı bulunmak; affettirebilmek | Bir mal veya hakkı karşılık beklemeden birine verdirme ihtimali veya imkânı bulunmak,,
bağışlatılmak,Bağışlatma işine konu olmak,,
bağışlatmak,Bağışlama işini yaptırmak; affettirmek | Bir mal veya hakkın karşılık beklemeden birine verilmesini sağlamak; bahşettirmek,,
bağışlayabilmek,Bağışlama ihtimali veya imkânı bulunmak; affedebilmek | Bir mal veya hakkı karşılık beklemeden birine verme ihtimali veya imkânı bulunmak; bahşedebilmek,,
bağışlayıvermek,Çabucak bağışlamak; affedivermek,,bağışlayı'vermek
bağıtlamak,Sözleşmeyle sonuçlandırmak,,
bağıtlanabilmek,Bağıtlanma ihtimali veya imkânı bulunmak,,
bağıtlanmak,Sözleşme ile sonuçlanmak,,
bağıtlaşmak,Aralarında sözleşme yapmak,,
bağıtlayabilmek,Bağıtlama ihtimali veya imkânı bulunmak,,
bağlamak,"İp, bağ veya başka bir araçla bir şeyi bir yere veya birkaç şeyi birbirine tutturmak, birleştirmek | Kumaş, ip, tel gibi şeyleri uçlarını birbiri arasından geçirmek suretiyle düğümlemek | Yaraya ilaç koyup bezle sarmak | Denk yapmak, paket yapmak | Anlaşma yapmak | Uyulması zorunlu olmak | Eklemek, bir araya getirmek, birleştirmek | Başka bir işle uğraşamaz durumda olmak | Sona erdirmek, bitirmek, tamamlamak | Geçişi engellemek | Birini söz veya yazı ile bağlamak; taahhüt etmek, angaje etmek | Büyü, muska vb.nin aracılığıyla birinin birtakım isteklerini veya yetkinliğini engellemek, yok etmek | Yoğurt, yara vb. yüzey üzerinde katman oluşmak; tutmak | Gönlünü kazanmak | Birinde bir şeye karşı ilgi, istek uyandırarak o şeye ilgi, yakınlık duymasını sağlamak | Bütün ilgisini bir yerde yoğunlaştırmak",,
bağlanabilmek,Bağlanma ihtimali veya imkânı bulunmak,,
bağlanıvermek,Çabucak bağlanmak,,bağlanı'vermek
bağlanmak,"Bağlama işine konu olmak | Sevmek, içten bağlı olmak | Yalnızca belli bir işle uğraşmak | Bir şey bir kimseye ayrılmak, tahsis edilmek | Sözle veya yazılı olarak bir şeye bağlanmak; angaje olmak | Beklenen şey elde edilmez olmak",,
bağlaşmak,"Bir şey yapmak için birbirine antlaşma veya sözleşme ile bağlanmak, ittifak etmek",,
bağlatabilmek,Bağlatma ihtimali veya imkânı bulunmak | Bağlatmaya gücü yetmek,,
bağlatmak,Bağlama işini yaptırmak,,
bağlattırılmak,Bağlatma işi yaptırılmak,,
bağlattırmak,Bağlatma işini yaptırmak,,
bağlayabilmek,Bağlama ihtimali veya imkânı bulunmak | Bağlamaya gücü yetmek,,
bağlayıvermek,Çabucak bağlamak,,bağlayı'vermek
bağlılaşmak,İki şey arasında karşılıklı bağıntı olmak veya bağlılık kurmak,,
bağnazlaşmak,Bağnaz duruma gelmek,,
bağnazlaştırılmak,Bağnazlaşması sağlanmak,,
bağnazlaştırmak,Bağnazlaşmasına yol açmak,,
bağrılmak,Bağırma işi yapılmak,,
bağrışabilmek,Bağrışma ihtimali veya imkânı bulunmak,,
bağrışmak,Birlikte veya karşılıklı bağırmak,,
bağrıştırmak,"Bağırmasına yol açmak, hep birden bağırtmak",,
baharatlamak,"İçine baharat koymak, üzerine baharat sürmek | Baharatla terbiye etmek | Daha zevkli, sevimli hâle getirmek",,
baharatlandırmak,"Baharat ile lezzetlendirmek, baharat ekmek",,
baharatlanmak,Baharatlama işi yapılmak; baharlanmak (II),,
baharlanmak,Ağaçlar çiçek açmak,,
bahsedebilmek,Bahsetme ihtimali veya imkânı bulunmak | Bahsetme becerisi bulunmak,Arapça baḥs̱ + Türkçe edebilmek,ba'hsedebilmek
bahsedilmek,Bahsetme işine konu olmak,,ba'hsedilmek
bahsetmek,"Bir konu üzerinde söz söylemek, konuşmak",Arapça baḥs̱ + Türkçe etmek,ba'hsetmek
bahsolunmak,"Sözü edilmek, konu edilmek",,ba'hsolunmak
bakabilmek,Bakma ihtimali veya imkânı bulunmak | Bakma becerisi bulunmak,,
bakadurmak,Bakma işini sürdürmek,,baka'durmak
bakakalmak,Şaşkınlığa uğrayıp ne yapacağını bilmez durumda kalmak,,baka'kalmak
bakayazmak,Bakacak gibi olmak,,baka'yazmak
bakılabilmek,Bakılma ihtimali veya imkânı bulunmak,,
bakılmak,Bakma işine konu olmak veya bakma işi yapılmak,,
bakınabilmek,Bakınma ihtimali veya imkânı bulunmak | Bakınma becerisi bulunmak,,
bakınmak,"Çevreye göz gezdirmek, araştırmak | Muayene olmak",,
bakırlaşmak,"Bakır rengini almak, rengi bakırın rengine benzemek",,
bakışabilmek,Bakışma ihtimali veya imkânı bulunmak | Bakışma becerisi bulunmak,,
bakışıvermek,Çabucak bakışmak,,bakışı'vermek
bakışmak,İki veya daha çok kimse karşılıklı birbirine bakmak | Kaçamak ve gizli olarak birbirine bakmak,,
bakıvermek,Çabucak bakmak,,bakı'vermek
bakmak,"Bakışı bir şey üzerine çevirmek | Bir şeyin yüzü bir yöne doğru olmak | Bir şeyin gelişmesi veya iyi bir durumda kalması için emek vermek; esermek | Bir iş birinden beklenmek | Hastayı muayene etmek | Tedavi etmek için ilgilenmek | Görüp incelemek | Kontrol etmek | Bir işi yapmak, bir işi yapmakla görevli olmak | İtina göstermek; ilgilenmek | Başka bir şeyle ilgilenmeyip elindeki veya önündeki işle uğraşır olmak | Yapılabilmesi bir şeye bağlı bulunmak | Bir şeyi gözetmek, korumak | -e benzemek | Bir şeyin farkına varmak | Özen göstermek",,
baktırabilmek,Baktırma ihtimali veya imkânı bulunmak | Baktırma becerisi bulunmak,,
baktırmak,"Bakmasına yol açmak, bakmasını sağlamak",,
baktırtmak,Baktırma işini yaptırmak,,
balabanlaşmak,Balaban duruma gelmek,,
balçıklaşmak,Balçık durumuna gelmek,,
balıklandırmak,Balıklı duruma getirmek,,
balkımak,"Parlamak, parıldamak | Şimşek çakmak | Su halka biçiminde dalgalanmak | Organ kesik kesik ağrımak, sancımak",,
ballamak,Bal sürmek,,
ballandırmak,"Bir yere bal vb. bulaştırmak | Bir şeyin içine bal katmak | Tatlı, sevimli duruma getirmek | İmrendirecek bir biçimde abartarak anlatmak",,
ballanmak,"Bal bulaşmak, bal sürülmek | Tatlı duruma gelmek",,
baltalamak,Balta ile kesmek | Bir işi veya durumu bilinçli ve kasıtlı olarak bozup zarara yol açan davranışta bulunmak; sabote etmek | Bir olayın gerçekleşmesine engel olmak,,
baltalanabilmek,Baltalanma ihtimali veya imkânı bulunmak,,
baltalanmak,Baltalama işine konu olmak,,
baltalayabilmek,Baltalama ihtimali veya imkânı bulunmak,,
baltalayıvermek,Çabucak baltalamak,,baltalayı'vermek
balyalamak,"Balya yapmak, denk yapmak | Belli bir noktaya toplamak",,
balyalanmak,Balyalama işi yapılmak,,
balyalatmak,Balyalama işini yaptırmak,,
balyalayabilmek,Balyalama ihtimali veya imkânı bulunmak | Balyalama becerisi bulunmak,,
balyozlamak,"Balyozla vurmak, balyozla dövmek",,
balyozlanmak,Balyoz ile dövülmek,,
balyozlatmak,Balyozlama işini yaptırmak,,
banabilmek,Banma ihtimali veya imkânı bulunmak,,
bandajlamak,Sargı ile sarmak,,
bandajlanmak,Bandajlama işine konu olmak,,
bandajlatmak,"Sargı ile sardırmak, bandaj yaptırmak",,
bandırabilmek,Bandırma ihtimali veya imkânı bulunmak | Bandırma becerisi bulunmak,,
bandırmak,"Üzüm salkımlarını, inciri çabuk kuruması ve renginin parlak olması için küllü veya potaslı ılık suya daldırıp çıkarmak",,
bangırdamak,"Öfkelenerek yüksek sesle bağırıp çağırmak, bangır bangır bağırmak | Bağırarak şarkı, türkü söylemek",,
banlamak,Horoz ötmek,,
banlatmak,Banlama işini yaptırmak,,
banlattırmak,Banlatma işini yaptırmak,,
banmak,"Katı bir şeyi sulu veya tuz, biber vb. toz durumundaki maddelerin içine batırıp çıkarmak; bandırmak",,
bantlamak,"Bantla iki şeyi birbirine tutturmak, bant yapıştırmak",,
bantlayabilmek,Bantlama ihtimali veya imkânı bulunmak | Bantlama becerisi bulunmak,,
barbarlaşabilmek,Barbarlaşma ihtimali veya imkânı bulunmak | Barbarlaşma becerisi bulunmak,,
barbarlaşmak,Barbar gibi davranmak,,
barınabilmek,Barınma ihtimali veya imkânı bulunmak | Barınma becerisi bulunmak,,
barındırabilmek,Barındırma ihtimali veya imkânı bulunmak | Barındırma becerisi bulunmak,,
barındırılabilmek,Barındırılma ihtimali veya imkânı bulunmak,,
barındırılmak,Barındırma işine konu olmak,,
barındırmak,Barınmasını sağlamak,,
barınılmak,Barınma işi yapılmak,,
barınmak,"Doğa etkilerinden korunmak için kapalı bir yere sığınmak | Yerleşmek, yaşamak için uygun şartlar bularak oturmak | Bir yerde yatarak geceyi geçirmek | Bir yerde etkili olmak, gelişecek ortamı bulmak | Çevresiyle uyumlu, dirlik içinde yaşamak",,-de
barışabilmek,Barışma ihtimali veya imkânı bulunmak,,
barışmak,"İki taraf aralarındaki dargınlığı kaldırmak | Sevmek, zevk almak",,
barıştırabilmek,Barıştırma ihtimali veya imkânı bulunmak | Barıştırma becerisi bulunmak,,
barıştırılmak,Barıştırma işine konu olmak,,
barıştırmak,"Barışmalarını sağlamak, ara bulmak",,
barikatlamak,"Barikat ile çevirmek, barikat yapmak",,
barizleşmek,Bariz duruma gelmek,,
barizleştirmek,Bariz duruma getirmek,,
barlanmak,"Turşu, sirke vb.nin üstü zamanla küf bağlamak",,
basabilmek,Basma ihtimali veya imkânı bulunmak | Basma becerisi bulunmak,,
basamak,"Bir yere çıkarken veya bir yerden inerken basılan ve art arda gelen, birbirine belirli aralıkları olan düz yüzeylerden her biri; ayak, sekmen | Bir amaca ulaşmak için yararlanılan kişi, durum veya yer | Ondalık sayı sisteminde bir sayının sağdan sola doğru rakamlarının derecelerine göre her birinin bulunduğu yer; hane [matematik] | Bir tam denklemde bulunan bilinmeyenin en yüksek kuvveti [matematik]",,
basamaklamak,Basamaklara ayırmak | Basamak hâline getirmek | Merdivenleri çıkmak,,
basamaklandırılmak,Basamaklandırmak işi yapılmak,,
basamaklandırmak,Basamaklara ayırmak | Basamaklama işini yaptırmak,,
basamaklanmak,Basamaklamak işi yapılmak,,
basıklaşmak,Basık bir duruma gelmek,,
basıklaştırmak,Basık duruma getirmek,,
basılabilmek,Basılma ihtimali veya imkânı bulunmak,,
basılmak,"Basma işine konu olmak veya basma işi yapılmak; tabedilmek, tabolunmak | Uygunsuz durumda yakalanmak",,
basılmak,Uygunsuz durumda yakalanmak,,
basınçlamak,"Hava taşıtlarında, insan organizması için yeterli basınç düzeyini sağlamak veya ayarlamak",,
basıvermek,Çabucak basmak,,bası'vermek
basitleşebilmek,Basitleşme ihtimali veya imkânı bulunmak,,
basitleşmek,Basit duruma gelmek,,
basitleştirebilmek,Basitleştirme ihtimali veya imkânı bulunmak | Basitleştirme becerisi bulunmak,,
basitleştirilmek,Basit bir duruma getirilmek,,
basitleştirmek,Gereksiz ayrıntılardan arıtarak sade duruma getirmek,,
baskılamak,Baskı altına almak | Etkisini azaltmak | Kumaş üzerine resim veya desen basmak | Toprak vb.ni sıkı duruma getirmek | Turşu vb.nin üzerine ağırlık koyarak içindekilerin su yüzüne çıkmasını önlemek | Peynir vb.nin şekil alması için herhangi bir şeyin üzerine ağırlık koymak | Duygu ve düşüncelerin açığa çıkmasına engel olmak [ruh bilimi],,
baskılanmak,Baskı altına alınmak,,
basmak,"Vücudun ağırlığını verecek bir biçimde ayak tabanını bir yere veya bir şeyin üzerine koymak | Küçük çocuk ayakta durabilmek | Bir şeyi üzerine kuvvet vererek itmek | Sıkıştırarak yerleştirmek | Bası işi yapmak; tabetmek | Bir şey üzerinde kalıp, mühür vb.yle iz yapmak | Bir yere baskın yapmak | Bir kimse bir yaşa girmek | Duman, sis vb. bir yere çökmek | Basınç yaparak sıvı ve gazları itmek | Kümes hayvanı kuluçkaya yatmak | Uygunsuz vaziyette yakalamak | Bir şeyin etkisinde kalıp eziklik, üzüntü ve ağırlık duymak",,
basmakalıplaşmak,Basmakalıp durumuna gelmek,,
bastırabilmek,Bastırma ihtimali veya imkânı bulunmak | Bastırma becerisi bulunmak,,
bastırılmak,Bastırma işine konu olmak,,
bastırıvermek,Çabucak bastırmak,,bastırı'vermek
bastırmak,"Basma işini yaptırmak | Basma işini yapmak | Zararlı bir olayı önlemek | Üstünlüğünü göstermek | Bir kumaşın kenarını kıvırıp dikmek | Hemen söylemek | Bir yere beklenmedik bir anda kalabalık hâlde gelmek | Birdenbire gerçekleşmek ve pek çok etki göstermek | Baskı yapmak, üzerine iyice düşmek | Kümes hayvanlarını kuluçkaya yatırmak",,
bastırtmak,Bastırma işini yaptırmak; yenmek (I),,
başaklamak,Tarlada kalmış başakları veya bağlarda dökülen meyveleri toplamak,,
başaklanmak,"Başak bağlamak, tutmak",,
başarabilmek,Başarma ihtimali veya imkânı bulunmak | Başarma becerisi bulunmak,,
başarılabilmek,Başarılma ihtimali veya imkânı bulunmak,,
başarılmak,Başarma işine konu olmak,,
başarıvermek,Çabucak başarmak,,başarı'vermek
başarmak,Bir işi istenilen bir biçimde bitirmek; muvaffak olmak,,
başartmak,Başarma işini yaptırmak,,
başkalaşabilmek,Başkalaşma ihtimali veya imkânı bulunmak | Başkalaşma becerisi bulunmak,,
başkalaşmak,"Başka bir varlığa, niteliğe dönüşmek, değişmek, farklılık kazanmak | Biçim değiştirmek; istihale etmek",,
başkalaştırmak,Başka bir duruma getirmek,,
başkaldırabilmek,Başkaldırma ihtimali veya imkânı bulunmak | Başkaldırma becerisi bulunmak,,
başkaldırmak,"Herhangi bir amaçla kurulu düzene veya devlet güçlerine karşı gelmek; isyan etmek, kalkışmak, asileşmek | İyice coşmak, kabarmak",,ba'şkaldırmak
başkaldırtmak,Başkaldırma işini yaptırmak,,
başlamak,"Bir işe girişmek, harekete geçmek | Çalışır, işler, yürür duruma girmek | Ortaya çıkmak, başlangıç noktası oluşturmak | Görülür duruma gelmek | Ay, mevsim, ağrı vb. kendini hissettirmek, etkisini göstermek; almak",,
başlanabilmek,Başlanma ihtimali veya imkânı bulunmak,,
başlanılmak,Başlanmak,,
başlanmak,Başlama işine konu olmak | Baş oluşmak,,
başlatabilmek,Başlatma ihtimali veya imkânı bulunmak | Başlatma becerisi bulunmak,,
başlatılabilmek,Başlatılma ihtimali veya imkânı bulunmak,,
başlatılmak,Başlatma işi yapılmak,,
başlatıvermek,Çabucak başlatmak,,başlatı'vermek
başlatmak,Başlamasına yol açmak | Birinin kötü konuşmasına yol açmak,,
başlattırmak,Başlatma işini yaptırmak,,
başlayabilmek,Başlama ihtimali veya imkânı bulunmak | Başlama becerisi bulunmak,,
başlayıvermek,Çabucak başlamak,,başlayı'vermek
başparmak,El ve ayakta bulunan en kalın parmak; badem parmak,,ba'şparmak
başvurabilmek,Başvurma ihtimali veya imkânı bulunmak | Başvurma becerisi bulunmak,,
başvurdurmak,"Başvuru işi yaptırmak, müracaat etmesini sağlamak",,
başvurmak,"Bir işin yapılması için bir kimsenin aracılığını istemek | Bir şeye yararlanmak amacıyla el atmak | Bilgi sahibi olmak için bir kaynağı kullanmak; müracaat etmek | Bir işe girmek, bir sınava katılmak vb. konularda müracaatta bulunmak; gitmek | İsteği, dileği belirtmek için herhangi bir işlem başlatmak",,ba'şvurmak
başvurulabilmek,Başvurulma ihtimali veya imkânı bulunmak,,
başvurulmak,Başvuru yapılmak; müracaat edilmek,,
batabilmek,Batma ihtimali veya imkânı bulunmak | Batma becerisi bulunmak,,
Batılılaşabilmek,Batılılaşma ihtimali veya imkânı bulunmak | Batılılaşma becerisi bulunmak,,
Batılılaşmak,"Düşünce, çalışma, görüş ve anlayışta özellikle Avrupa ülkelerinin izledikleri temel ilkeleri benimsemiş olmak; Garplılaşmak | Gelişmişlikte Avrupa ülkeleri düzeyine ulaşmak | Batı uygarlığını benimsemek; Garplılaşmak",,
Batılılaştırılmak,Batılılaştırma durumuna olmak; Garplılaştırılmak,,
Batılılaştırmak,Batılılaşmasını sağlamak; Garplılaştırmak,,
batırabilmek,Batırma ihtimali veya imkânı bulunmak | Batırma becerisi bulunmak,,
batırılabilmek,Batırılma ihtimali veya imkânı bulunmak,,
batırılmak,Batırma işine konu olmak | Yok edilmek,,
batırıvermek,Ansızın batırmak,,batırı'vermek
batırmak,"Bir şeyin sıvı veya yumuşak bir maddenin içine gömülmesine yol açmak, batmasını sağlamak | Sivri uçlu bir şeyi yumuşak bir yere saplamak | Denizde ve suda yüzen taşıtların suya gömülmesine, batmasına sebep olmak | Elindeki mal, para vb. varlığını kaybetmek | Çok kirletmek | Bir şeye aşırı derecede maruz bırakmak | Son bulmasına sebep olmak | Bir kimseyi çekiştirip iyice kötülemek",,
batırtmak,Batırma işini yaptırmak,,
batıvermek,Ansızın batmak,,batı'vermek
batmak,"Bir sıvının üstündeyken içine gömülmek | Güneş, Ay ve yıldız Dünya’nın dönüşü dolayısıyla ufkun altına inmek | İflas etmek | Bir yere saplanmak | Tedirgin etmemesi gereken şeyler tedirgin etmek | Hoşa gitmeyen bir duruma uğramak | Devlet, kurum vb. yıkılmak, sona ermek | Daha kötü bir duruma uğramak | Yıkılmak, egemenliği sona ermek",,
battallaşmak,Battal duruma gelmek,,
bavlımak,Şahin ve köpeği ava alıştırmak,,
bayağılaşmak,"Bayağı bir durum almak, bayağı bir duruma girmek; sıradanlaşmak",,
bayağılaştırmak,Bayağılaşmasına sebep olmak; sıradanlaştırmak,,
bayatlamak,"Bayat duruma gelmek, tazeliğini yitirmek | Güncelliğini, önemini, özelliğini yitirmek | Canlılığını yitirmek",,
bayatlatmak,"Bayat duruma getirmek, bayatlamasına sebep olmak",,
bayatsımak,Bayatlamaya yüz tutmak,,
baygınlaşmak,Baygın duruma gelmek | Göz süzülmek,,
bayılabilmek,Bayılma ihtimali veya imkânı bulunmak | Bayılma becerisi bulunmak,,
bayılayazmak,Bayılacak gibi olmak,,bayıla'yazmak
bayılmak,"Baygın duruma girmek, uyur gibi olmak, kendinden geçmek, kendini kaybetmek, geçici bir süre bilinç kaybına uğramak | Çok hoşlanmak, çok sevmek, hayran kalmak | Sıcak, açlık, susuzluk, yorgunluk vb. etkenlerle dayanma gücünü yitirmek | Çiçek ve sebze gibi yeşillikler için susuzluk veya sıcaktan yaprakları buruşup tazeliğini kaybederek solmak | Karşılık olarak ödemek",,
bayıltılmak,Bayıltma işi yapılmak,,
bayıltmak,"Bayılmasını sağlamak, bayılmasına yol açmak",,
bayılttırmak,"Bayılmasına yol açmak, bayılmasını sağlamak",,
bayındırlaşmak,Bayındır duruma gelmek,,
bayındırlaştırabilmek,Bayındırlaştırma ihtimali veya imkânı bulunmak,,
bayındırlaştırmak,Bir yeri bayındır duruma getirmek; imar etmek,,
bayırlaşmak,Yer ve yol dik duruma gelmek,,
baylanmak,Nazlanmak; baylanlanmak | Şımarmak; baylanlanmak,,
baymak,"Yiyecek mideyi bulandırmak, midede ezinti yapmak | Birini aldatmak, kandırmak, etki altında bırakmak | Birine can sıkıntısı vermek, sıkmak, bunaltmak",,
bayraklaşabilmek,Bayraklaşma ihtimali veya imkânı bulunmak,,
bayraklaşmak,Bayrak değeri kazanmak,,
bayraklaştırılmak,Bayrak durumuna getirilmek,,
bayraklaştırmak,Bayrak durumuna getirmek,,
bayramlaşabilmek,Bayramlaşma ihtimali veya imkânı bulunmak,,
bayramlaşmak,Birbirinin bayramını kutlamak,,
bebekleşmek,Bebek gibi davranışlarda bulunmak,,
becerebilmek,Becerme ihtimali veya imkânı bulunmak | Becerme gücü bulunmak,,
beceriksizleşmek,Beceriksiz bir duruma gelmek,,
becerilmek,Becerme işine konu olmak,,
becerivermek,Çabucak becermek,,beceri'vermek
becermek,"Güç görünen bir iş veya duruma çözüm bulmak, üstesinden gelmek | Bir şeyi kullanılmaz duruma getirmek, bozmak, kirletmek | Irzına geçmek | Birini öldürmek",,
becertmek,Becerme işini yaptırmak,,
bedavalaşmak,Bedava duruma gelmek,,
bedenleşmek,"Beden durumuna gelmek, beden hâli almak",,
bediileşmek,Bedii duruma gelmek,,
bedirlenmek,Dolunay biçimini almak | Parlak ve sağlıklı görünmek,,
beğendirebilmek,Beğendirme ihtimali veya imkânı bulunmak | Beğendirme becerisi bulunmak,,
beğendirilmek,Beğendirme işine konu olmak,,
beğendirmek,"Beğenilmesini, hoş görünmesini sağlamak",,
beğendirtmek,Beğendirme işini yaptırmak,,
beğenebilmek,Beğenme ihtimali veya imkânı bulunmak,,
beğenilmek,İyi ve güzel bulunmak | Hoşa gitmek; sevilmek,,
beğenivermek,Çabucak beğenmek,,beğeni'vermek
beğenmek,"İyi veya güzel bulmak; açmak | Benzerleri arasından birini seçip ayırmak | Onaylamak, kabul etmek, tasvip etmek",,
beğenmemek,"kuşku duymak, kuşku ile karşılamak | küçümsemek, hor görmek",,
beklemek,"Bir iş oluncaya, biri gelinceye değin bir yerde kalmak, durmak | Süre tanımak, acele etmemek | Bir şeyi, bir kimseyi gözetmek, korumak, muhafaza etmek | Herhangi bir şey ummak | Karşılaşma ihtimali bulunmak | Bir kimsenin gelmesini veya bir işin olmasını gözler vaziyette olmak",,
beklenebilmek,Beklenme ihtimali veya imkânı bulunmak,,
beklenmek,Bekleme işine konu olmak veya bekleme işi yapılmak; beklenilmek,,
bekleşmek,Birlikte veya karşılıklı olarak beklemek,,
bekletebilmek,Bekletme ihtimali veya imkânı bulunmak,,
bekletilebilmek,Bekletilme ihtimali veya imkânı bulunmak,,
bekletilmek,Bekletme işine konu olmak veya bekletme işi yapılmak,,
bekletivermek,Kısa süreliğine bekletmek | İstemeden bekletmek,,bekleti'vermek
bekletmek,Bekleme işini birine yaptırmak,,
bekleyebilmek,Bekleme ihtimali veya imkânı bulunmak | Bekleme becerisi bulunmak,,
bekleyedurmak,Beklemesini sürdürmek,,bekleye'durmak
bekleyekoymak,Beklemesini sürdürmek,,bekleye'koymak
bekleyivermek,Çok kısa süre beklemek,,bekleyi'vermek
belemek,Çocuğu kundaklamak | Beşiğe yatırıp bağlamak,,
belermek,Göz akı iyice belirecek bir biçimde açılmak,,
belertmek,"Gözünü, akı iyice belirecek bir biçimde açmak",,
belgegeçerlemek,"Bir yazıyı belgegeçer ile başka bir yere göndermek; belgeçlemek, fakslamak",,
belgegeçerletmek,"Belgegeçerle göndertmek; belgeçletmek, fakslatmak",,
belgelemek,"Bir olgunun doğru olduğunu belge ile göstermek, ortaya çıkarmak; tevsik etmek",,
belgelendirebilmek,Belgelendirme ihtimali veya imkânı bulunmak,,
belgelendirilebilmek,Belgelendirilme ihtimali veya imkânı bulunmak,,
belgelendirilmek,Belgelendirme işi yapılmak,,
belgelendirmek,Belge göstererek belirtmek,,
belgelenebilmek,Belgelenme ihtimali veya imkânı bulunmak,,
belgelenmek,Belgeleme işine konu olmak | İki yıl üst üste aynı sınıfta kalan öğrenci okuldan çıkarılmak,,
belgeletmek,Belgeleme işini yaptırmak,,
belgeleyebilmek,Belgeleme ihtimali veya imkânı bulunmak,,
belgeleyivermek,Çabucak belgelemek,,belgeleyi'vermek
belgilemek,Belgi ile göstermek,,
beliklemek,Saçları örmek,,
belinlemek,Birden uyanarak çevresine korku ile şaşkın şaşkın bakmak; benildemek,,
belirebilmek,Belirme ihtimali veya imkânı bulunmak | Belirme gücü bulunmak,,
belirginleşebilmek,Belirginleşme ihtimali veya imkânı bulunmak | Belirginleşme gücü bulunmak,,
belirginleşmek,Belirgin duruma gelmek,,
belirginleştirebilmek,Belirginleştirme ihtimali veya imkânı bulunmak,,
belirginleştirilebilmek,Belirginleştirme ihtimali veya imkânı bulunmak,,
belirginleştirilmek,Belirgin bir duruma getirilmek,,
belirginleştirmek,Belirgin duruma getirmek,,
belirivermek,Ansızın belirmek,,beliri'vermek
belirlemek,"Belirli duruma getirmek, belirli kılmak; tayin etmek, tespit etmek, vermek | Yeni bir kavramı, özünü oluşturan ögeleri açıklayarak tanımlamak [mantık] | Bir kavramı, ayırıcı bir öge ekleyerek sınırlamak, kapsam bakımından daraltmak, genellemek karşıtı",,
belirlenebilmek,Belirlenme ihtimali veya imkânı bulunmak,,
belirlenmek,Belirli duruma getirilmek,,
belirleşmek,Belirgin duruma girmek,,
belirletmek,Belirleme işini yaptırmak,,
belirleyebilmek,Belirleme ihtimali veya imkânı bulunmak | Belirleme becerisi bulunmak,,
belirleyivermek,Çabucak belirlemek,,belirleyi'vermek
belirmek,Önce belli veya görünür olmayan bir şey ortaya çıkmak; tezahür etmek | Bir düşünce veya durum kesin bir biçim almak; tebellür etmek | İyice görünür ve anlaşılır bir durum almak; tebarüz etmek,,
belirsizleşebilmek,Belirsizleşme ihtimali veya imkânı bulunmak | Belirsizleşme gücü bulunmak,,
belirsizleşmek,Belirsiz bir duruma gelmek,,
belirsizleştirebilmek,Belirsizleştirme ihtimali veya imkânı bulunmak,,
belirsizleştirilebilmek,Belirsizleştirilme ihtimali veya imkânı bulunmak,,
belirsizleştirilmek,Belirsiz bir duruma getirilmek,,
belirsizleştirmek,Belirsiz bir duruma getirmek,,
belirtebilmek,Belirtme ihtimali veya imkânı bulunmak | Belirtme becerisi bulunmak,,
belirtilebilmek,Belirtilme ihtimali veya imkânı bulunmak | Belirtme gücü bulunmak,,
belirtilmek,Belirtme işine konu olmak,,
belirtmek,"Belirli duruma getirmek, açıklığa kavuşturmak; tebarüz ettirmek",,
belitlemek,Belgeye dayanarak ortaya koymak | Belitleme kuramını ortaya koymak [mantık],,
belitlenebilmek,Belitlenme ihtimali veya imkânı bulunmak,,
belleksizleşmek,Biri veya bir şey geçmişle ilgisi kesilip belleksiz duruma gelmek,,
belleksizleştirmek,Birinin veya bir şeyin geçmişle ilgisini kesip belleksiz duruma getirmek,,
bellemek,Akılda tutmak,,
bellemek,Bel denilen araçla toprağı altı üstüne gelecek bir biçimde işlemek; aktarmak,,
bellenebilmek,Bellenme ihtimali veya imkânı bulunmak,,
bellenmek,Belleme (I) işine konu olmak,,
bellenmek,Belleme (II) işine konu olmak,,
belletebilmek,Belletme ihtimali veya imkânı bulunmak | Belletme becerisi bulunmak,,
belletilebilmek,Belletilme ihtimali veya imkânı bulunmak,,
belletilmek,Belletme işine konu olmak,,
belletmek,Bir şeyi öğrenmesini sağlamak,,
belletmek,Bel ile toprağın aktarılması işini yaptırmak,,
bellettirmek,Belletme (I-II) işini yaptırmak,,
belleyebilmek,Belleme ihtimali veya imkânı bulunmak | Belleme becerisi bulunmak,,
belleyivermek,Çabucak bellemek,,belleyi'vermek
bencilleşebilmek,Bencilleşme ihtimali veya imkânı bulunmak | Bencilleşme becerisi bulunmak,,
bencilleşmek,Bencil duruma gelmek,,
beneklemek,Herhangi bir şeyin üzerine benekler yapmak | Herhangi bir şeyin üzerine dışkılamak,,
beneklenebilmek,Beneklenme ihtimali veya imkânı bulunmak,,
beneklenivermek,Çabucak beneklenmek,,benekleni'vermek
beneklenmek,Benek oluşmak,,
benekleşmek,Benek benek durum almak,,
bengileştirmek,Bengileşmesini sağlamak,,
benimsemek,"Bir şeyi kendine mal etmek, sahip çıkmak, kabullenmek, tesahup etmek | Bir şeye, birine bağlanmak, ısınmak",,
benimsenebilmek,Benimsenme ihtimali veya imkânı bulunmak,,
benimsenivermek,Çabucak benimsenmek,,benimseni'vermek
benimsenmek,Benimseme işine konu olmak,,
benimsetebilmek,Benimsetme ihtimali veya imkânı bulunmak | Benimsetme gücü bulunmak,,
benimsetilebilmek,Benimsetilme ihtimali veya imkânı bulunmak | Benimsetilme gücü bulunmak,,
benimsetilmek,Benimsetme işine konu olmak,,
benimsetmek,Birinin benimsemesini sağlamak,,
benimsettirmek,Benimsetme işini yaptırmak,,
benimseyebilmek,Benimseme ihtimali veya imkânı bulunmak | Benimseme gücü bulunmak,,
benimseyivermek,Çabucak benimsemek,,benimseyi'vermek
benlenmek,Ben (I) oluşmak,,
benzemek,"İki kişi veya nesne arasında birbirini andıracak kadar ortak nitelikler bulunmak | Sanısını uyandırmak, gibi görünmek",,
benzerleşmek,Benzer duruma gelmek,,
benzersizleşmek,Benzersiz bir duruma gelmek,,
benzeşmek,Birbirine benzemek,,
benzeştirmek,Benzer duruma getirmek,,
benzetebilmek,Benzetme ihtimali veya imkânı bulunmak | Benzetme becerisi bulunmak,,
benzetilebilmek,Benzetilme ihtimali veya imkânı bulunmak,,
benzetilmek,Benzetme işine konu olmak,,
benzetmek,Benzer duruma getirmek | Bir şeyde başka şeye benzeyen yönler bulmak | Olduğu biçimden daha kötü bir duruma getirmek,,
benzeyebilmek,Benzeme ihtimali veya imkânı bulunmak | Benzeme becerisi bulunmak,,
benzinlemek,Benzin dökerek yakmak | Bir nesneyi benzine bulamak,,
bereketlendirmek,Bereketlenme işini yaptırmak,,
bereketlenebilmek,Bereketlenme ihtimali veya imkânı bulunmak,,
bereketsizleşmek,Bereketsiz duruma gelmek,,
berelemek,Bereli duruma getirmek,,
berelenebilmek,Berelenme ihtimali veya imkânı bulunmak,,
berelenmek,Bereli duruma gelmek; bertilmek,,
bereleyebilmek,Bereleme ihtimali veya imkânı bulunmak | Bereleme gücü bulunmak,,
berraklaşabilmek,Berraklaşma ihtimali veya imkânı bulunmak,,
berraklaşmak,Berrak duruma gelmek,,
berraklaştırabilmek,Berraklaştırma ihtimali veya imkânı bulunmak,,
berraklaştırılmak,Berrak bir duruma getirilmek,,
berraklaştırmak,"Berrak duruma getirmek | Açık, net ve kolay anlaşılır duruma getirmek",,
bertilmek,"Çarpma, sıkışma, burkulma vb. etkenlerle vücudun bir yeri ağrı verir duruma gelmek; bertmek | Morarmak, çürümek",,
beslemek,"Yiyecek ve içeceğini sağlamak | Bir şeyi korumak veya sağlamca durmasını sağlamak için çevresini veya altını desteklemek, doldurmak, pekiştirmek | Bir duyguyu gönülde yaşatmak | Maddi yardım yapmak",,
beslenebilmek,Beslenme ihtimali veya imkânı bulunmak | Beslenme becerisi bulunmak,,
beslenilmek,Beslenme işine konu olmak,,
beslenmek,Kendini beslemek | Besleme işine konu olmak,,
besletebilmek,Besletme ihtimali veya imkânı bulunmak | Besletme gücü bulunmak,,
besletmek,Besleme işini başkasına yaptırmak,,
besleyebilmek,Besleme ihtimali veya imkânı bulunmak | Besleme gücü bulunmak,,
bestelemek,Beste yapmak,,
bestelenebilmek,Bestelenme ihtimali veya imkânı bulunmak,,
bestelenmek,"Besteleme işine konu olmak, bestesi yapılmak",,
besteletmek,Besteleme işini yaptırmak,,
besteleyebilmek,Besteleme ihtimali veya imkânı bulunmak | Besteleme becerisi bulunmak,,
besteleyivermek,Çabucak bestelemek,,besteleyi'vermek
beşlemek,Bir işi beş kez yapmak | Bir şeyin sayısını beşe çıkarmak,,
beşparmak,"Derisi dikenlilerden, beş ışınlı yıldız biçiminde bir deniz hayvanı; beşpençe (Uraster) [hayvan bilimi] | Beş renkte dokunmuş çubuklu kumaş",,be'şparmak
betelenmek,"Karşı gelmek, kafa tutmak",,
beterleşebilmek,Beterleşme ihtimali veya imkânı bulunmak,,
beterleşmek,Beter duruma gelmek,,
betimlemek,"Bir nesnenin, kendine özgü niteliklerini tam ve açık bir biçimde söz veya yazı ile anlatmak; tasvir etmek | Göz önünde canlandırmak",,
betimlenebilmek,Betimlenme ihtimali veya imkânı bulunmak,,
betimlenmek,Betimleme işi yapılmak,,
betimleyebilmek,Betimleme ihtimali veya imkânı bulunmak | Betimleme becerisi bulunmak,,
betimleyivermek,Çabucak betimlemek,,betimleyi'vermek
betonlaşmak,Beton durumuna gelmek,,
betonlaştırmak,Betonlaşma işini yaptırmak,,
beyazlamak,Beyaz duruma gelmek,,
beyazlaşmak,"Beyaz duruma gelmek; ağarmak, aklaşmak, beyazlanmak",,
beyazlaştırmak,"Beyazlaşmasına yol açmak; ağartmak, aklaştırmak",,
beyazlatabilmek,Beyazlatma ihtimali veya imkânı bulunmak; ağartabilmek | Beyazlatma becerisi bulunmak; ağartabilmek,,
beyazlatılmak,Beyaz duruma getirilmek; ağartılmak,,
beyazlatmak,Beyaz duruma getirmek; ağartmak,,
beyazlayabilmek,Beyazlama ihtimali bulunmak; ağarabilmek,,
beyazlayıvermek,Çabucak beyazlaşmak; ağarıvermek,,beyazlayı'vermek
beyhudeleşmek,Yararsız duruma gelmek,,
beyhudeleştirmek,Yararsız duruma getirmek,,
bezdirebilmek,Bezdirme ihtimali veya imkânı bulunmak | Bezdirme gücü bulunmak,,
bezdirilebilmek,Bezdirilme ihtimali veya imkânı bulunmak,,
bezdirilmek,"Bezmesine sebep olmak, bezmesine yol açmak",,
bezdirmek,Bezgin duruma getirmek,,
bezebilmek,Bezme ihtimali veya imkânı bulunmak,,
bezelemek,Hamur topağı yapmak,,
bezenebilmek,Bezenme ihtimali veya imkânı bulunmak,,
bezginleşmek,Bezgin duruma gelmek,,
bezilebilmek,Bezilme ihtimali veya imkânı bulunmak,,
bezilmek,"Bezme işine konu olmak, bezme durumuna gelinmek",,
bezirlemek,"Bezir yağı ile yağlamak, bezir yağı sürmek",,
bezlemek,"Bez, kumaş vb. ile örtmek veya kaplamak | Çocuğun altına bez koymak, çocuğu belemek",,
bezletmek,Bezleme işini yaptırmak,,
bezmek,Bezgin duruma gelmek,,
bıçaklamak,Bıçakla kesmek | Bıçakla yaralamak,,
bıçaklanmak,Bıçaklama işine konu olmak,,
bıçaklatmak,Bıçakla saldırtmak ve yaralatmak,,
bıçaklayabilmek,Bıçaklama ihtimali veya imkânı bulunmak | Bıçaklama gücü bulunmak,,
bıçaklayıvermek,Çabucak bıçaklamak,,bıçaklayı'vermek
bıçkınlaşmak,Kabadayılık taslamak,,
bıkabilmek,Bıkma ihtimali veya imkânı bulunmak,,
bıkılabilmek,Bıkılma ihtimali veya imkânı bulunmak,,
bıkılmak,Bıkma işine konu olmak,,
bıkışmak,Karşılıklı olarak birbirinden bıkmak,,
bıkıvermek,Çabucak bıkmak,,bıkı'vermek
bıkmak,"Tekrarlanması, sürüp gitmesi yüzünden bir şeyden doygunluk veya yorgunluk duyarak onu istemez duruma gelmek | Dayanamaz duruma gelmek",,
bıktırabilmek,Bıktırma ihtimali veya imkânı bulunmak | Bıktırma gücü bulunmak,,
bıktırılabilmek,Bıktırılma ihtimali veya imkânı bulunmak,,
bıktırılmak,Bıktırma işine konu olmak,,
bıktırmak,"Bıkmasına yol açmak, bıkkınlık vermek",,
bılkımak,"Çürümeye, erimeye yüz tutmak",,
bıngıldamak,"Et veya sıvı yumuşaklık veya şişmanlık sebebiyle oynamak, titremek",,
bırakabilmek,Bırakma ihtimali veya imkânı bulunmak | Bırakma gücü bulunmak,,
bırakılabilmek,Bırakılma ihtimali veya imkânı bulunmak,,
bırakılıvermek,Ansızın ve çabucak bırakılmak,,bırakılı'vermek
bırakılmak,Bırakma işine konu olmak; terk edilmek,,
bırakışmak,"Savaşma, çarpışma vb. durumları karşılıklı olarak bırakmak; ateşkes yapmak, mütareke yapmak",,
bırakıvermek,Ansızın ve çabucak bırakmak,,bırakı'vermek
bırakmak,"Elde bulunan bir şeyi tutmaktan vazgeçip tutmaz olmak | Eldeki, sırttaki bir şeyi bir yere koymak | Bir işi başka bir zamana ertelemek | Bir şeyi bir yerde unutmuş olmak | Bulunduğu yeri veya durumu değiştirmemek | Geriye kalmasını sağlamak | Bir işin sorumluluğunu, yükümlülüğünü başkasına vermek, onu görevlendirmek | Birinin bir şeyi yapmasına engel olmamak | Ölen, ayrılan birinden iş, kişi, nesne vb. şeyler kalmak | Bir alışkanlıktan veya bir işten vazgeçmek | Uğraşmaz olmak, artık uğraşmamak | Bıyık veya sakal uzatmak | Özgürlük vermek, hürriyetine kavuşmasını sağlamak | Kötü bir durumda terk etmek | Koyup gitmek | Sınıftan veya sınavdan geçirmemek | Bir malı pazarlık sonucu fiyat indirimine razı olarak satmak | Bakılmak, korunmak için vermek | Bir kimseyi beraberinde getirmemek veya götürmemek | Sahiplik hakkını başkasına vermek | Yapışık olan bir şey yapışıklıktan kurtulmak | Bulunduğu veya dokunduğu yerde bir şey oluşturmak, meydana getirmek | Bir şeyi başkasına iletilmek üzere vermek | Bir şeyi bir kimse veya belli bir amaç için ayırmak | Kâr getirmek, yarar sağlamak | Birilerini koyuvermek, salıvermek | Bir yana itmek, önem vermemek | Kendi hâline terk etmek | Beraberinde bulunması gereken bir şeyi yanına almamak | Bir işi veya çalışmayı bitirmeden sona erdirmek | Bir şey yeni bir duruma dönüşmek | Geride … kalmasını sağlamış olmak | … durumda bulunmasına, … hâle gelmesine sebep olmak | Ölüm sebebiyle kaybetmiş olmak",,
bıraktırabilmek,Bıraktırma ihtimali veya imkânı bulunmak | Bıraktırma gücü bulunmak,,
bıraktırılabilmek,Bıraktırılma ihtimali veya imkânı bulunmak,,
bıraktırılmak,Bırakması sağlanmak,,
bıraktırmak,"Bırakmasını sağlamak, bırakmasına yol açmak",,
bıraktırtmak,Bıraktırma işini yaptırmak,,
bıyıklanmak,"Bıyığı çıkmak, bıyıklı duruma gelmek",,
biberlemek,"Biber serpmek, biber katmak",,
biçebilmek,Biçme ihtimali veya imkânı bulunmak | Biçme gücü bulunmak,,
biçemlemek,Üslup kazandırmak,,
biçilebilmek,Biçilme ihtimali veya imkânı bulunmak,,
biçilmek,Biçme işine konu olmak,,
biçimlendirebilmek,Biçimlendirme ihtimali veya imkânı bulunmak; şekillendirebilmek | Biçimlendirme becerisi bulunmak; şekillendirebilmek,,
biçimlendirilebilmek,Biçimlendirilme ihtimali veya imkânı bulunmak; şekillendirilebilmek,,
biçimlendirilmek,Bir şeye biçim verilmek; şekillendirilmek,,
biçimlendirmek,"Bir şeye belirli bir biçim vermek; biçimlemek, şekillendirmek | Yazı ve simgeleri bilgisayara elverişli duruma getirmek; formatlamak [bilişim] | Disk, disket, CD, DVD, taşınır bellek vb.ni içlerine verileri ve programları kaydetmeye hazır hâle getirmek için düzenlemek; formatlamak [bilişim]",,
biçimlendirtmek,Biçimlendirme işini yaptırtmak; formatlatmak,,
biçimlenebilmek,Biçimlenme ihtimali veya imkânı bulunmak; şekillenebilmek,,
biçimlenivermek,Çabucak biçimlenmek; şekillenivermek,,biçimleni'vermek
biçimlenmek,"Bir şey belli bir biçim kazanmak; şekillenmek, şekilleşmek",,
biçimselleştirmek,Biçimsel duruma getirmek; şekilselleştirmek | Bir kuramı biçimsel bir kurama dönüştürmek; şekilselleştirmek,,
biçimsizleşebilmek,Biçimsizleşme ihtimali veya imkânı bulunmak; şekilsizleşebilmek,,
biçimsizleşmek,"Biçimsiz duruma gelmek, biçimi bozulmak; şekilsizleşmek, deforme olmak",,
biçimsizleştirebilmek,Biçimsizleştirme ihtimali veya imkânı bulunmak; şekilsizleştirebilmek,,
biçimsizleştirilmek,"Biçimsiz duruma getirilmek, biçimi bozdurulmak; şekilsizleştirilmek",,
biçimsizleştirmek,"Biçimsiz duruma getirmek, biçimini bozmak; şekilsizleştirmek",,
biçivermek,Ansızın veya çabucak biçmek,,biçi'vermek
biçmek,"Belli bir biçim vererek kesmek | Dikilecek kumaşı belli bir ölçüye ve modele uygun olarak makasla kesmek | Ekin, ot vb.ni orakla, tırpanla, makine ile kesmek | Yaylım ateşiyle öldürmek | Değer, paha, fiyat belirlemek | Futbolda rakip oyuncuyu, kural dışı olarak ayakları yerden kesilecek bir biçimde düşürmek [spor]",,
biçtirebilmek,Biçtirme ihtimali veya imkânı bulunmak | Biçtirme gücü bulunmak,,
biçtirilmek,Biçilmesi sağlanmak,,
biçtirivermek,Çabucak biçtirmek,,biçtiri'vermek
biçtirmek,Biçme işini yaptırmak,,
bildirebilmek,Bildirme ihtimali veya imkânı bulunmak,,
bildirilebilmek,Bildirilme ihtimali veya imkânı bulunmak,,
bildirilmek,Bildirme işine konu olmak,,
bildirişmek,"Bir duyguyu, bir düşünceyi işaretle veya sesler dizgesiyle bildirerek anlaşmak",,
bildirivermek,Çabucak bildirmek,,bildiri'vermek
bildirmek,Herhangi bir şeyi haber vermek | Herhangi bir konuda bilgi vermek | Herhangi bir şeyi bilinir duruma getirmek,,
bildirtmek,Bildirme işini yaptırmak,,
bilebilmek,Bilme ihtimali veya imkânı bulunmak | Bilme becerisi bulunmak,,
bilemek,"Kesici aletlerin ağzını çark, zımpara, eğe, bileği taşı vb.ni kullanarak keskinleştirmek, keskin duruma getirmek; bileğilemek, bileylemek | Güçlendirmek, etkisini artırmak",,
bilenebilmek,Bilenme ihtimali veya imkânı bulunmak,,
bilenmek,"Bileme işine konu olmak, keskin duruma getirilmek; bileğilenmek, bileylenmek | Bir işe yoğun bir biçimde hazırlanmak | Hırslanmak, aşırı derecede istemek | Hırslanmak, aşırı derecede istemek",,
bileşmek,İki veya daha çok öge bir araya gelerek yeni bir öge oluşmak; terekküp etmek,,
bileştirmek,"Bileşmesini sağlamak | İki veya daha çok vektörün, paralel kenar kuralına uygun olarak geometrik toplamını almak [fizik]",,
biletebilmek,Biletme ihtimali veya imkânı bulunmak,,
biletilmek,Biletme işine konu olmak,,
biletmek,Bileme işini yaptırmak,,
bileyazmak,Bilecek gibi olmak,,bile'yazmak
bileyebilmek,Bileme ihtimali veya imkânı bulunmak | Bileme gücü bulunmak | Bileme becerisi bulunmak,,
bileyivermek,Çabucak bilemek,,bileyi'vermek
bilgeleşebilmek,Bilgeleşme ihtimali veya imkânı bulunmak,,
bilgeleşmek,Bilge durumuna gelmek,,
bilgeleştirmek,Bilge durumuna gelmesini sağlamak,,
bilgilendirebilmek,Bilgilendirme ihtimali veya imkânı bulunmak | Bilgilendirme gücü bulunmak,,
bilgilendirilebilmek,Bilgilendirilme ihtimali veya imkânı bulunmak,,
bilgilendirilmek,Bilgilendirme işi yapılmak,,
bilgilendirmek,Bir konuda bilgi sahibi olmasını sağlamak,,
bilgilenebilmek,Bilgilenme ihtimali veya imkânı bulunmak,,
bilgilenmek,Bilgi sahibi olmak,,
bilginleşmek,Bilgin durumuna gelmek,,
bilgisayarlaşmak,"Bilgisayarla donatılmak, her alanda bilgisayar kullanımına geçmek",,
bilgisizleşmek,Bilgisiz bir duruma gelmek; cahilleşmek,,
bilimleştirmek,"Bilim durumuna getirmek, bilim özelliği kazandırmak",,
bilimselleşmek,Bilimsel bir nitelik kazanmak,,
bilimselleştirmek,Bilimin metotlarına uygun duruma getirmek,,
bilinçlendirebilmek,Bilinçlendirme ihtimali veya imkânı bulunmak; şuurlandırabilmek | Bilinçlendirme becerisi bulunmak; şuurlandırabilmek,,
bilinçlendirilebilmek,Bilinçlendirilme ihtimali veya imkânı bulunmak; şuurlandırılabilmek,,
bilinçlendirilmek,"Bilinçli bir duruma getirilmek, bilinçlenmesi sağlanmak; şuurlandırılmak",,
bilinçlendirmek,"Bilinçli duruma getirmek; şuurlandırmak, şuurlaştırmak",,
bilinçlenebilmek,Bilinçlenme ihtimali veya imkânı bulunmak; şuurlanabilmek,,
bilinçlenmek,Bilinçli duruma gelmek; şuurlanmak,,
bilinçsizleşebilmek,Bilinçsizleşme ihtimali veya imkânı bulunmak; şuursuzlaşabilmek,,
bilinçsizleşmek,"Bilincini yitirmek, bilinçsiz bir duruma gelmek; şuursuzlaşmak",,
bilinebilmek,Bilinme ihtimali veya imkânı bulunmak,,
bilinegelmek,Önceden beri bilinmek,,biline'gelmek
bilinmek,"Bilme işine konu olmak, anlaşılmak, öğrenilmek",,
bilişmek,Birbirini tanımak; muarefesi olmak,,
bilivermek,Çabucak bilmek,,bili'vermek
billurlandırmak,Billur duruma getirmek; kristallendirmek,,
billurlaşabilmek,Billurlaşma ihtimali veya imkânı bulunmak; kritalleşebilmek | Billurlaşma gücü bulunmak; kritalleşebilmek,,
billurlaşmak,"Billur durumuna gelmek, billur durumunda yoğunlaşmak; billurlanmak, kristalleşmek, kristallenmek | Belirgin duruma gelmek, netlik kazanmak",,
billurlaştırabilmek,Billurlaştırma ihtimali veya imkânı bulunmak; kristalleştirebilmek,,
billurlaştırılmak,Billurlaştırmak işi yapılmak; kristallendirilmek,,
billurlaştırmak,Billur durumuna getirmek; kristalleştirmek,,
bilmek,"Bir şey hakkında bilgi sahibi olmak, öğrenmiş bulunmak | Bir şeyi anlamak, onun farkına varmak, gerçeğine ermek | Bir bilim veya sanat dalında yeterli olmak | Beceri ve ustalık isteyen bir işten anlıyor ve o iş elinden geliyor olmak | Birini veya bir şeyi özelliklerinden tanıyıp çıkarmak | Sorumlu kabul etmek, muhatap kabul etmek | Bir şeyi yapmaya yeteneği olmak | Birinin, bir şeyin veya bir olayın tanıtılan veya belirtilen biçimde olduğunu düşünmek | İşine gelmek, uygun bulmak | Bir dili kullanabilmek | Öyle olduğunu kabul etmek | -a / -e eki almış bir fiilin sonuna gelerek fiilin bildirdiği işi yapma gücünde bildiren birleşik fiiller oluşturur [dil bilgisi] | Olumsuz şekli bazı mastarlardan sonra kullanıldığında iş ve hareketin geciktiğini, uzun süre yapılmadığını veya bir türlü olmadığını ifade eder [dil bilgisi]",,
bilmezlemek,"Bir kimsenin bir konuda bilgisizliğini, cehaletini ortaya çıkarmak; teçhil etmek | Bilmezlikten gelmek, bilmez gibi davranmak",,
bilmezlenmek,"Bilmiyor gibi görünmek, bilmezlikten gelmek; tecahül etmek",,
bindirebilmek,Bindirme ihtimali veya imkânı bulunmak | Bindirme gücü bulunmak,,
bindirilebilmek,Bindirilme ihtimali veya imkânı bulunmak,,
bindirilmek,Bindirme işi yapılmak,,
bindirmek,"Bir kimseyi bir şeyin üzerine çıkartmak, oturtmak veya içine yerleştirmek, binmesini sağlamak | Taşıt, ön tarafından başka bir taşıta çarpmak veya bir yere vurmak | Üzerine koymak | Birden bastırmak",,
binebilmek,Binme ihtimali veya imkânı bulunmak | Binme gücü bulunmak,,
binilmek,Binme işi yapılmak,,
binişmek,İki parçadan biri öbürünün üstünde olmak | Kas kirişleri birbiri üstüne binmek | Kırık bir kemiğin iki parçası birbiri üstüne gelmek,,
binivermek,Ansızın veya çabucak binmek,,bini'vermek
binmek,"Yüksek bir şeyin veya bir hayvanın üstüne çıkıp ayaklarını sallandırarak oturmak | Bir yere gitmek için tren, vapur, uçak, otomobil vb. bir taşıtta yer almak; atlamak | Bisiklet, motosiklet, binek hayvanı kullanmak | Bir şey sıkışarak yanındakinin üstüne çıkmak, üst üste gelmek | Fiyatı artmak | Bir şeyin üzerine ilave edilmek",,
bireyleşebilmek,Bireyleşme ihtimali veya imkânı bulunmak,,
bireyleşmek,"Bağımsız hareket etme yetisini edinmek, birey durumuna gelmek",,
bireyleştirmek,"Bireye özgü kılmak, başkalarından ayırmak",,
bireyselleşmek,Bireye özgü bir duruma gelmek,,
bireyselleştirilmek,Bireysel olması sağlanmak,,
bireyselleştirmek,"Bir şeyi ayrı olarak, bireysel olarak göz önüne almak",,
birikebilmek,Birikme ihtimali veya imkânı bulunmak,,
birikişmek,"Bir yere toplanmak, bir araya gelmek",,
birikivermek,Çabucak birikmek,,biriki'vermek
birikmek,Toplanıp yığılmak | Birbirine eklenip çoğalmak,,
biriktirebilmek,Biriktirme ihtimali veya imkânı bulunmak | Biriktirme gücü bulunmak,,
biriktirilebilmek,Biriktirilme ihtimali veya imkânı bulunmak,,
biriktirilmek,Biriktirme işi yapılmak,,
biriktirmek,"Toplayıp yığmak | Bir şeyi ölçülü kullanarak artırmak | Öğrenme, yarar sağlama vb. sebeplerle bazı nesneleri bir araya getirmek, koleksiyon yapmak",,
birlemek,"Bir etmek, tek duruma getirmek | Allah’ın birliğini kabul etmek, şirk koşmamak [din bilimi]",,
birlenmek,Tek duruma getirilmek,,
birleşebilmek,Birleşme ihtimali veya imkânı bulunmak | Birleşme gücü bulunmak | Birleşme becerisi bulunmak,,
birleşilebilmek,Birleşilme ihtimali veya imkânı bulunmak,,
birleşilmek,"Birleşme işi yapılmak, bir araya gelinmek, buluşulmak",,
birleşivermek,Çabucak veya ansızın birleşmek,,birleşi'vermek
birleşmek,Ayrıyken tek bir bütün durumuna gelmek | Bir araya gelmek | Aynı görüşte olmak | Aynı amaç çevresinde toplanmak | Cinsel ilişkide bulunmak | İki veya daha fazla madde birbiri içinde kaynaşarak tepkime sonucu başka bir madde meydana gelmek; kaynaşmak [kimya],,
birleştirebilmek,Birleştirme ihtimali veya imkânı bulunmak | Birleştirme becerisi bulunmak,,
birleştirilebilmek,Birleştirilme ihtimali veya imkânı bulunmak,,
birleştirilmek,Birleştirme işi yapılmak,,
birleştirivermek,Çabucak veya ansızın birleştirmek,,birleştiri'vermek
birleştirmek,Bir araya getirmek,,
bitebilmek,Bitme ihtimali veya imkânı bulunmak,,
bitirebilmek,Bitirme ihtimali veya imkânı bulunmak | Bitirmeye gücü yetmek,,
bitirilebilmek,Bitirilme ihtimali veya imkânı bulunmak,,
bitirilivermek,Çabucak bitirilmek,,bitirili'vermek
bitirilmek,Bitirme işine konu olmak; tamamlanmak,,
bitirivermek,Çabucak bitirmek,,bitiri'vermek
bitirmek,"Bitmesini sağlamak; tamamlamak | Güçsüz düşürmek, bitkin duruma getirmek, yormak | Onulmaz duruma getirmek, mahvetmek",,
bitirtmek,Bitirme işini yaptırmak,,
bitişebilmek,Bitişme ihtimali veya imkânı bulunmak,,
bitişmek,Birbirine dokunacak kadar yanaşmak,,
bitiştirebilmek,Bitiştirme ihtimali veya imkânı bulunmak | Bitiştirme becerisi bulunmak,,
bitiştirilebilmek,Bitiştirilme ihtimali veya imkânı bulunmak,,
bitiştirilmek,Bitiştirilme işi yapılmak,,
bitiştirivermek,Çabucak bitiştirmek,,bitiştiri'vermek
bitiştirmek,Bitişmesini sağlamak,,
bitivermek,Çabucak bitmek | Beklenmedik bir anda ortaya çıkmak,,biti'vermek
bitkileşmek,Bitki durumuna gelmek,,
bitkinleşmek,Bitkin duruma gelmek; dermansızlaşmak,,
bitlenebilmek,Bitlenme ihtimali veya imkânı bulunmak,,
bitlenivermek,Çabucak bitlenmek,,bitleni'vermek
bitlenmek,Bitli duruma gelmek,,
bitmek,"Sona ermek; tükenmek | Çok yorulmak | Güçsüz kalmak, çok zayıflamak | Çok sevmek, bayılmak, beğenmek",,
bitmek,"Tohum filizlenerek topraktan çıkmak | Saç, tüy, kıl vb. bedende çıkmak | Beklenmedik zamanda, aniden ortaya çıkmak",,
bitümlemek,Belirli bir kalınlıkta bitüm ile örtmek,,
bizlemek,Ucu çivili değnekle hayvanı dürtmek,,
bloklamak,"Voleybolda, karşı oyuncunun vurduğu topu file üstünde avuç içi karşı takıma dönük bir biçimde ellerini kaldırarak karşılamak; blok yapmak [spor] | Basketbolda hücum yapan takım oyuncusunun atışını top inişe geçmeden engellemek; blok yapmak",,
bloklaşmak,Blok durumuna gelmek,,
bocalamak,"Gemi rüzgâra karşı gidemeyerek sürüklenmek [denizcilik] | Bir işte tutulması gereken yolu kestirememek, ne yapacağını bilememek, kararsız olmak",,
bocalatabilmek,Bocalatma ihtimali veya imkânı bulunmak,,
bocalatmak,Bocalamasına yol açmak,,
bocalayabilmek,Bocalama ihtimali bulunmak,,
bodoslamak,"İleri sürmek, dayatmak",,
bodurlaşmak,Bodur duruma gelmek,,
bodurlaştırmak,Bodur duruma getirmek,,
boğabilmek,Boğma ihtimali veya imkânı bulunmak | Boğmaya gücü yetmek,,
boğasamak,İnek boğa istemek veya boğaya gelmek,,
boğazlamak,"Hayvan veya insanı boğazından keserek öldürmek | Gaddarca, kan dökerek öldürmek",,
boğazlanabilmek,Boğazlanma ihtimali veya imkânı bulunmak,,
boğazlanmak,Boğazlama işine konu olmak veya boğazlama işi yapılmak,,
boğazlaşabilmek,Boğazlaşma ihtimali veya imkânı bulunmak,,
boğazlaşmak,Karşılıklı olarak birbirini boğazlamak | Kıyasıya dövüşmek,,
boğazlatabilmek,Boğazlatma ihtimali veya imkânı bulunmak,,
boğazlatılmak,Boğazı kesilerek öldürülmesi sağlanmak,,
boğazlatmak,Boğazlama işini yaptırmak,,
boğazlayabilmek,Boğazlama ihtimali veya imkânı bulunmak | Boğazlamaya gücü yetmek,,
boğazlayıvermek,Çabucak veya ansızın boğazlamak,,boğazlayı'vermek
boğdurabilmek,Boğdurma ihtimali veya imkânı bulunmak | Boğdurmaya gücü yetmek,,
boğdurmak,Boğma işini yaptırmak,,
boğdurtmak,Boğdurma işini birine yaptırmak,,
boğdurulmak,Boğdurma işi yapılmak,,
boğduruvermek,Çabucak boğdurmak,,boğduru'vermek
boğmak,"Bir canlıyı, soluk almasına engel olarak öldürmek | El, ip vb. ile bir şeyi çepeçevre sıkmak | Motorlu taşıtlarda fazla yakıt motoru çalışmaz duruma getirmek | Renkler uygun düşmemek | Silik bir duruma getirmek | Tamamıyla kaplamak | Peş peşe yapmak, bir kimseyi bir şeyin fazlasına eriştirmek veya uğratmak | Bir durumu başka bir durum yaratarak örtmeye çalışmak | Gelişmesine engel olmak",,
boğmak,Boğum yeri,,
boğuklaşabilmek,Boğuklaşma ihtimali bulunmak,,
boğuklaşmak,Ses boğuk duruma gelmek; sağırlaşmak,,
boğuklaştırmak,Boğuklaşmasına sebep olmak,,
boğulabilmek,Boğulma ihtimali bulunmak,,
boğulmak,Boğma işine konu olmak | Havasızlıktan ölmek | Kumarda hileli oyun sonunda her şeyini yitirmek,,
boğuluvermek,Çabucak veya ansızın boğulmak,,boğulu'vermek
boğumlamak,Boğum durumuna getirmek,,
boğumlanabilmek,Boğumlanma ihtimali bulunmak,,
boğumlanmak,"Boğum oluşmak, boğum boğum olmak | Bir ses çıkarmak için ses yolunun herhangi bir yerinde daralma veya kapanma olmak",,
boğuşabilmek,Boğuşma ihtimali veya imkânı bulunmak | Boğuşmaya gücü yetmek,,
boğuşmak,"Karşılıklı olarak birbirinin boğazına sarılmak, dövüşmek | Mücadele etmek | Çabalamak, altından kalkmaya çalışmak",,
boğuşulmak,Boğuşma işi yapılmak,,
boğuvermek,Çabucak boğmak,,boğu'vermek
bohçalamak,Bir şeyi bohça içine koyup sarmak | Ayakları havada bağdaş kurar gibi toplayarak denize veya havuza atlamak | Güreşte rakibin kol ve ayaklarını üst üste getirerek kımıldayamaz durumda alttan kavrayıp kucaklamak [spor],,
bohçalanmak,Bohçaya konulmak,,
bohçalatmak,Bohçaya koydurmak,,
boklamak,Bir yere büyük abdestini yapmak | Bir yeri veya bir işi kötü bir duruma getirmek,,
boklanmak,Kötü bir duruma gelmek,,
boklaşmak,Kötü bir duruma girmek,,
bolarabilmek,Bolarma ihtimali veya imkânı bulunmak,,
bolarmak,Bol duruma gelmek,,
bollanmak,Bol duruma gelmek,,
bollaşabilmek,Bollaşma ihtimali veya imkânı bulunmak,,
bollaşıvermek,Çabucak veya ansızın bollaşmak,,bollaşı'vermek
bollaşmak,"Bol duruma gelmek; genişlemek, bolalmak | Giysi geniş duruma gelmek; genişlemek, bolalmak",,
bollaştırabilmek,Bollaştırma ihtimali veya imkânı bulunmak | Bollaştırmaya gücü yetmek,,
bollaştırılabilmek,Bollaştırılma ihtimali veya imkânı bulunmak,,
bollaştırılmak,Bollaşması sağlanmak,,
bollaştırmak,Bol duruma getirmek,,
bollatmak,Bol duruma getirmek,,
bombalamak,Belli bir hedefe bomba atmak | Öfkelenerek birdenbire ve yüksek sesle bağırıp çağırmak,,
bombalanabilmek,Bombalanma ihtimali veya imkânı bulunmak,,
bombalanmak,Bombalama işine konu olmak,,
bombalatabilmek,Bombalatma ihtimali veya imkânı bulunmak | Bombalatmaya gücü yetmek,,
bombalatılmak,Bombalanması sağlanmak,,
bombalatmak,Bombalama işini yaptırmak,,
bombalayabilmek,Bombalama ihtimali veya imkânı bulunmak | Bombalamaya gücü yetmek,,
bombalayıvermek,Çabucak veya ansızın bombalamak,,bombalayı'vermek
bombelenebilmek,Bombelenme ihtimali veya imkânı bulunmak,,
bombelenmek,"Üzerinde bombe oluşmak; bombeleşmek, bombe yapmak",,
boncuklanmak,Boncuk biçiminde taneler oluşmak,,
boncuklaşmak,Boncuk biçimini almak,,
bonkörleşebilmek,Bonkörleşme ihtimali veya imkânı bulunmak,,
bonkörleşmek,Bonkörce davranmaya başlamak,,
borçlanabilmek,Borçlanma ihtimali veya imkânı bulunmak,,
borçlandırabilmek,Borçlandırma ihtimali veya imkânı bulunmak,,
borçlandırılabilmek,Borçlandırılma ihtimali veya imkânı bulunmak,,
borçlandırılmak,Borçlanmasına yol açılmak,,
borçlandırmak,"Borçlanmasına yol açmak, borçlu duruma getirmek",,
borçlanılmak,"Borca girilmek, borç edilmek",,
borçlanmak,Karşılığını sonra vermek şartıyla birinden ödünç para veya bir şey almak; istikraz etmek | Manevi bir yükümlülük altına girmek,,
bordalamak,Bir gemiye bordası hizasından yaklaşmak [denizcilik] | Bir gemiye borda hizasından çarpmak | Bir geminin sancak veya iskele hizasında olmak | Kıyıya paralel olarak gitmek,,
boşalabilmek,Boşalma ihtimali veya imkânı bulunmak | Boşalma gücü bulunmak,,
boşalıvermek,"Çabucak veya ansızın boşalmak | Derdini anlatmak, içini dökmek",,boşalı'vermek
boşalmak,"Boş duruma gelmek, içinde veya üzerinde bir şey kalmamak | Dışarıya akmak, dökülmek | Bir şey gevşemek, açılmak | Memuriyet, makam, kadro vb. açık duruma gelmek; inhilal etmek | Cinsel doyuma ulaşmak | Derdini, sıkıntısını birine anlatarak ferahlamak; deşarj olmak",,
boşaltabilmek,Boşaltma ihtimali veya imkânı bulunmak | Boşaltmaya gücü yetmek,,
boşaltılabilmek,Boşaltılma ihtimali veya imkânı bulunmak,,
boşaltılıvermek,Çabucak boşaltılmak,,boşaltılı'vermek
boşaltılmak,Boşaltma işine konu olmak,,
boşaltıvermek,Çabucak veya ansızın boşaltmak,,boşaltı'vermek
boşaltmak,Boş duruma getirmek | İçindekileri bir yere dökmek; çıkarmak | Kurtarmak veya güvenliği sağlamak amacıyla bir yerin içindekileri dışarı çıkarmak | Bir silahta ne kadar mermi varsa hepsini arka arkaya patlatmak | Düğüm vb.ni çözülmüş duruma getirmek,,
boşamak,Eşlerden biri diğeriyle nikâhı bozup aile ilişkisini kesmek; bırakmak,,
boşanabilmek,Boşanma ihtimali veya imkânı bulunmak,,
boşandırılmak,Boşanması sağlanmak,,
boşandırmak,Boşanmasına yol açmak | Karı ile kocayı istekleri üzerine kanunlara uyarak ayırmak,,
boşanılmak,Boşanma işi yapılmak,,
boşanıvermek,Çabucak veya ansızın boşanmak,,boşanı'vermek
boşanmak,"Karı ve koca mahkeme kararı ile evlilik birliğini bitirmek; ayrılmak | Hayvan başlığından, koşum takımından veya bağından kurtulmak; boşalmak | Kan, su, ter, gözyaşı, yağmur vb. sıvılar aniden ve şiddetle akmaya, dökülmeye başlamak | Baskı altında gergin duran bir şey birden ve hızla kurtulmak | Kapalı bir yerde bulunan insanlar birden dışarı çıkmak | Kıyafet, ruh hâli vb. şeylerden kurtulmak | Bir süre kendini tuttuktan sonra aniden ağlamaya başlamak",,
boşatabilmek,Boşatma ihtimali veya imkânı bulunmak | Boşatmaya gücü yetmek,,
boşatılabilmek,Boşaltılma ihtimali veya imkânı bulunmak,,
boşatılmak,Boşatma işine konu olmak,,
boşatmak,Boşama işini yaptırmak,,
boşattırmak,Boşatma işini yaptırtmak,,
boşayabilmek,Boşama ihtimali veya imkânı bulunmak | Boşamaya gücü yetmek,,
boşayıvermek,Çabucak boşamak,,boşayı'vermek
boşlamak,"Serbest bırakmak, elinden koyuvermek | İlgi göstermemek; ihmal etmek",,
boşlaşmak,Boş bir duruma gelmek,,
boşlatmak,Boşlama işini yaptırmak,,
boyalamak,Gelişigüzel boya sürmek,,
boyalanmak,Boya sürülmek,,
boyamak,"Boya sürerek veya boyaya batırarak renk vermek | Ağır söz söyleyerek aşağılamak, azarlamak",,
boyanabilmek,Boyanma ihtimali veya imkânı bulunmak,,
boyanıvermek,Çabucak boyanmak,,boyanı'vermek
boyanmak,Boyama işi yapılmak | Makyaj yapmak | Boya bulaşmak | Belli bir renge bürünmek,,
boyatabilmek,Boyatma ihtimali veya imkânı bulunmak | Boyatmaya gücü yetmek,,
boyatılabilmek,Boyatılma ihtimali veya imkânı bulunmak,,
boyatılmak,Boyama işi yaptırılmak,,
boyatıvermek,Çabucak boyatmak,,boyatı'vermek
boyatmak,"Boyama işini yaptırmak, boya sürdürmek",,
boyattırmak,Boyatma işini yaptırmak,,
boyayabilmek,Boyama ihtimali veya imkânı bulunmak | Boyamaya gücü yetmek | Boyama becerisi bulunmak,,
boyayıvermek,Çabucak boyamak,,boyayı'vermek
boylamak,"Boy ve hacmine göre ayırmak | İstemeyerek bir yere gitme durumunda kalmak | Herhangi bir yere erişmek, ulaşmak",,
boylamak,Hikâye anlatmak,,
boylanabilmek,Boylanma ihtimali veya imkânı bulunmak,,
boylanıvermek,Çabucak boylanmak,,boylanı'vermek
boylanmak,Boyu uzamak,,
boylatmak,Boylama işini yaptırmak,,
boylayabilmek,Boylama ihtimali veya imkânı bulunmak,,
boynuzlamak,Hayvan boynuzu ile vurmak; süsmek | Eşler veya sevgililer birbirini aldatmak,,
boynuzlanmak,"Hayvanın boynuzu çıkmak | Boynuz batırılmak, boynuz yarası almak | Eşi veya sevgilisi tarafından aldatılmak",,
boynuzlaşmak,Boynuz durumuna girmek,,
boynuzlatmak,Birinin birisini boynuzlamasını sağlamak | Eşler veya sevgililer birbirini aldatmak,,
boynuzlayabilmek,Boynuzlama ihtimali veya imkânı bulunmak,,
boyunlandırmak,Kapsam kazandırmak,,
boyutlamak,"Boyutları belirlemek, ortaya koymak",,
boyutlandırılmak,Boyut kazanması sağlanmak,,
boyutlandırmak,Boyut kazandırmak,,
boyutlanmak,Boyut kazanmak,,
bozabilmek,Bozma ihtimali veya imkânı bulunmak | Bozmaya gücü yetmek,,
bozarabilmek,Bozarma ihtimali bulunmak,,
bozarmak,"Boz renge dönüşmek | Rengi solmak, rengi atmak",,
bozartmak,Bozarma işini yaptırmak,,
bozdurabilmek,Bozdurma ihtimali veya imkânı bulunmak | Bozdurmaya gücü yetmek,,
bozdurmak,Bozma işini yaptırmak; bozdurtmak,,
bozdurulabilmek,Bozdurulma ihtimali veya imkânı bulunmak,,
bozdurulmak,Bozma işi yaptırılmak,,
bozkırlaşmak,Bozkır durumuna gelmek,,
bozkırlaştırmak,Bozkır durumuna getirmek,,
bozlamak,Deve acı acı bağırmak | Çığlık atmak,,
bozmak,"Bir şeyi kendisinden beklenilen işi yapamayacak duruma getirmek | Bir yerin, bir şeyin düzenini karıştırmak | Dokunmak, zarar vermek | Geçersiz, hükümsüz bir duruma getirmek; nakzetmek | Büyük parayı küçük birimlere ayırmak | Bozguna uğratmak | Altını paraya çevirmek | Yabancı ülke parasını Türk parasına çevirmek | Bağ veya bostanın son ürününü toplamak | Bir kızın bekâretine zarar vermek | Biçimini ve kullanılışını değiştirmek | Altüst etmek, çıkmaza sokmak | Bir kimseyi beklemediği bir davranış karşısında bırakarak veya bir yalanını ortaya çıkararak küçük düşürmek | Aklını yitirecek derecede bir şeye düşkün olmak | Kötü duruma getirmek | Mahkeme itiraz yoluyla verilen kararı değiştirmek, yeniden yargılamanın önünü açmak [hukuk] | Oruç, abdest vb.ni geçersiz duruma getirmek [din bilimi]",,
bozulabilmek,Bozulma ihtimali veya imkânı bulunmak,,
bozulaşmak,Develer karşılıklı olarak bağırmak,,
bozulmak,"Bozma işine konu olmak | Yiyecek kokmak, yenilemeyecek duruma gelmek; ekşimek | Dağılmak, bozguna uğramak | İyi ve değerli niteliğini yitirmek | Bir şeye kızmak, içerlemek | Sağlığını yitirip zayıflamak",,
bozuluvermek,Çabucak bozulmak,,bozulu'vermek
bozunmak,"Birleşik bir madde daha yalın bileşiklere veya bileşenlere tek yönlü olarak ayrılmak; dejenere olmak [kimya] | Radyoaktif bir çekirdek ışınım salarak değişikliğe uğramak, radyoaktif bozunuma uğramak; dejenere olmak [fizik]",,
bozuşabilmek,Bozuşma ihtimali veya imkânı bulunmak,,
bozuşmak,Araları açılmak,,
bozuşturmak,Bozuşma işini yaptırmak,,
bozuşuvermek,Çabucak veya ansızın bozuşmak,,bozuşu'vermek
bozuvermek,Çabucak bozmak,,bozu'vermek
böbürlenebilmek,Böbürlenme ihtimali veya imkânı bulunmak,,
böbürlenmek,"Övünerek kabarmak, üstünlük taslamak",,
böceklenebilmek,Böceklenme ihtimali veya imkânı bulunmak,,
böceklenmek,İçinde veya üstünde böcek üremek,,
böcelenmek,Tahıl böceklenmek,,
böğürebilmek,Böğürme ihtimali veya imkânı bulunmak | Böğürme becerisi bulunmak,,
böğürmek,"Öküz, manda, deve acı acı bağırmak | İnsan anlaşılmaz bir biçimde yüksek sesle bağırmak; öğürmek",,
böğürtmek,Böğürme işini yaptırmak,,
böğürüvermek,Çabucak veya ansızın böğürmek,,böğürü'vermek
böldürebilmek,Böldürme ihtimali veya imkânı bulunmak | Böldürmeye gücü yetmek,,
böldürmek,Bölme işi yaptırmak,,
böldürtmek,Böldürme işini yaptırmak,,
böldürülmek,Bölünmesi sağlanmak,,
bölebilmek,Bölme ihtimali veya imkânı bulunmak | Bölmeye gücü yetmek | Bölme becerisi bulunmak,,
bölgelemek,Bölgelere ayırmak,,
bölgeselleşmek,Bölgesel bir nitelik kazanmak,,
bölmek,"Bir bütünü iki veya daha çok parçaya ayırmak, taksim etmek | Birliğin bozulmasına yol açmak, parçalamak | Bir sayının içinde başka bir sayının kaç defa bulunduğunu belirlemek [matematik]",,
bölümlemek,"Birçok şey arasında, birbirine eşit veya benzer olanları kümelere ayırmak; sınıflamak, tasnif etmek, tasniflemek",,
bölümlendirilmek,Bölümlendirme işi yapılmak; sınıflandırılmak,,
bölümlendirmek,Bir şeyi bölümlere ayırmak; sınıflandırmak,,
bölümlenmek,Bölümleme işine konu olmak; sınıflanmak,,
bölünebilmek,Bölünme ihtimali veya imkânı bulunmak,,
bölünmek,"Belirli bölümlere, parçalara ayrılmak",,
börtletmek,"Biber, patlıcan, soğan gibi yiyecekleri ateşte közlemek",,
börtmek,"Et rengi değişinceye kadar pişmek, hafifçe kavrulmak | Çok susamaktan dili, damağı kabarmak",,
börttürmek,Börtme işi yaptırılmak,,
börtülmek,Börtme işine konu olmak,,
briketlemek,Briket durumuna getirmek,,
bronzlaşmak,Güneşte yanarak bronz rengini almak,,
bronzlaştırmak,Bronzlaşmasına yol açmak,,
budaklandırmak,Budaklanmasını sağlamak,,
budaklanmak,"Budak sürmek, dallanmak",,
budamak,"Yeni filiz sürmesini sağlamak, daha çok ürün almak veya düzgün bir biçim vermek amacıyla ağaç, asma vb.nin dallarını kesmek, kısaltmak; dallamak | Bir şeyi eksiltmek, azaltmak | Uzun bir yazı, kitap, senaryo, film vb.ni kısaltmak | Güreşte rakibinin ayaklarını bir ayak oyunu veya vuruşu ile yerden kesmek [spor]",,
budanabilmek,Budanma ihtimali veya imkânı bulunmak,,
budanmak,Budama işine konu olmak,,
budatabilmek,Budatma ihtimali veya imkânı bulunmak | Budatmaya gücü yetmek,,
budatmak,Budama işini yaptırmak,,
budayabilmek,Budama ihtimali veya imkânı bulunmak | Budamaya gücü yetmek,,
budayıvermek,Çabucak budamak,,budayı'vermek
buğulamak,"Buğudan geçirmek, buğuya tutmak | Bazı yemekleri buğu ile pişirmek",,
buğulanabilmek,Buğulanma ihtimali veya imkânı bulunmak,,
buğulandırmak,Buğulanmasına yol açmak,,
buğulanıvermek,Çabucak buğulanmak,,buğulanı'vermek
buğulanmak,"Üzerinde buğu oluşmak, buğu ile kaplanmak; puslanmak | Göz nemlenmek | Canlılığını yitirmek",,
buğulaşmak,Buğu durumuna gelmek,,
buğulaştırmak,Bir sıvının buğulaşmasını sağlamak,,
buğzetmek,"Kin beslemek, nefret etmek",Arapça buġż + Türkçe etmek,bu'ğzetmek
buharlaşabilmek,Buharlaşma ihtimali veya imkânı bulunmak,,
buharlaşıvermek,Çabucak buharlaşmak,,buharlaşı'vermek
buharlaşmak,Buhar durumuna dönüşmek; tebahhur etmek | Yok olmak,,
buharlaştırmak,Bir sıvıyı kaynatarak buhar durumuna getirmek | Bir sıvıyı ince damlacıklar durumunda damıtmak,,
bukağılamak,Ağır cezalıların ayaklarına ucuna demir halka bağlanan pranga vurmak | Kaçmaması için hayvanların ayağına ip veya zincir vurmak,,
bukağılanmak,Hayvanın veya ağır cezalının ayağına bukağı takılmak,,
bukağılayabilmek,Bukağılama ihtimali veya imkânı bulunmak | Bukağılamayı becermek,,
bukalemunlaşmak,"Davranışını, görüşünü çıkarına göre değiştirmek",,
bulabilmek,Bulma ihtimali veya imkânı bulunmak | Bulmayı becermek,,
bulamak,Bir nesnenin her yanını bir şeye değdirerek üstünü onunla kaplamak; belemek | Bir nesneyi başka bir maddenin içine sokmak; batırmak,,
bulanabilmek,Bulanma ihtimali veya imkânı bulunmak,,
bulandırabilmek,Bulandırma ihtimali veya imkânı bulunmak | Bulandırma becerisi bulunmak,,
bulandırılabilmek,Bulandırılma ihtimali veya imkânı bulunmak,,
bulandırılmak,Bulandırma işi yapılmak,,
bulandırıvermek,Çabucak bulandırmak,,bulandırı'vermek
bulandırmak,"Bulanmasına yol açmak, bulanmasını sağlamak | Mideyi kusacak duruma getirmek",,
bulanıklaşmak,Bulanık olmak,,
bulanıklaştırılmak,Bulanık bir duruma getirilmek,,
bulanıklaştırmak,Bulanık duruma getirmek,,
bulanıvermek,Çabucak bulanmak,,bulanı'vermek
bulanmak,"Bulama işine konu olmak, her yanı bir şeyle kaplanmak; belenmek | Duruluğunu yitirmek | Parlaklığını ve açıklığını yitirmek | Mide bulantısı olmak",,
bulaşabilmek,Bulaşma ihtimali veya imkânı bulunmak,,
bulaşılmak,Bulaşma işine konu olmak,,
bulaşıvermek,Çabucak bulaşmak,,bulaşı'vermek
bulaşmak,"Bir nesne üzerine sürülen bir şey yüzünden kirlenmek | Bir şey diğer bir şeyin üstüne sürülmek; sıvaşmak, sıvışmak | Hastalık geçmek, sirayet etmek, girmek | İstemeden veya rastlantı sonucu bir işe karışmak",,
bulaştırabilmek,Bulaştırma ihtimali veya imkânı bulunmak | Bulaştırmaya gücü yetmek,,
bulaştırılmak,Bulaştırma işine konu olmak,,
bulaştırıvermek,Çabucak bulaştırmak,,bulaştırı'vermek
bulaştırmak,"Bulaşmasına yol açmak; bulatmak, sıvaştırmak",,
bulayabilmek,Bulama ihtimali veya imkânı bulunmak | Bulamaya gücü yetmek,,
buldurabilmek,Buldurma ihtimali veya imkânı bulunmak,,
buldurmak,Bulma işini yaptırmak,,
buldurtmak,Bulmasını veya buldurmasını sağlamak,,
bulgulamak,Yeni olayları ve bilgileri bulmak [felsefe],,
bulgulanabilmek,Bulgulanma ihtimali veya imkânı bulunmak,,
bulgulanmak,Bulgulama işine konu olmak,,
bulgulayabilmek,Bulgulama ihtimali veya imkânı bulunmak,,
bulgurlamak,Bulgur taneleri gibi küçük parçalara ayırmak,,
bulgurlanmak,Bulgur taneleri gibi küçük parçalara ayrılmak,,
bulmak,"Bir şeyle, bir kimseyle arayarak veya aramadan karşılaşmak | Bir şeyi elde etmek | Kaybedilen bir şeyi yeniden ele geçirmek | İcat etmek | İstenilen şeye kavuşmak | Bir yere, bir noktaya erişmek, ulaşmak | Herhangi bir görüşe, bir yargıya varmak | Uygun görüp seçmek | Bir şeyi temin etmek | Cezaya uğramak | Bir şeyi belirlemek",,
bulunabilmek,Bulunma ihtimali veya imkânı bulunmak,,
bulundurabilmek,Bulundurma ihtimali veya imkânı bulunmak,,
bulundurmak,"Bir şeyin hazır durmasını, elde var olmasını sağlamak",,
bulundurulabilmek,Bulundurulma ihtimali veya imkânı bulunmak,,
bulundurulmak,Bulundurma işi yapılmak,,
bulunmak,Bulma işine konu olmak | Herhangi bir durumda olmak | Bir yerde olmak,,
bulunuvermek,Çabucak bulunmak,,bulunu'vermek
buluşabilmek,Buluşma ihtimali veya imkânı bulunmak | Buluşmayı becermek,,
buluşmak,"Uzun bir ayrılıktan sonra birbirini görmek, birbirine kavuşmak | Önceden belirlenmiş bir yer ve zamanda bir araya gelmek | Bir araya gelmek",,
buluşturabilmek,Buluşturma ihtimali veya imkânı bulunmak | Buluşturmaya gücü yetmek,,
buluşturmak,"Bir araya gelmelerini sağlamak, bir araya getirmek",,
buluşturulabilmek,Buluşturulma ihtimali veya imkânı bulunmak,,
buluşturulmak,"(birilerinin) Bir araya gelmeleri sağlanmak, (birileri) bir araya getirilmek",,
buluşturuvermek,Çabucak buluşturmak,,buluşturu'vermek
buluşulabilmek,Buluşulma ihtimali veya imkânı bulunmak,,
buluşulmak,Buluşma işi yapılmak,,
buluşuvermek,Çabucak veya ansızın buluşmak,,
bulutlanabilmek,Bulutlanma ihtimali bulunmak,,
bulutlanıvermek,Ansızın veya çabucak bulutlanmak,,bulutlanı'vermek
bulutlanmak,Bulutlarla kaplanmak | Kötü bir duruma gelmek,,
buluvermek,Çabucak bulmak | Ansızın bulmak,,bulu'vermek
bumlamak,Taşıt lastiği patlamak,,
bunaklaşabilmek,Bunaklaşma ihtimali bulunmak,,
bunaklaşmak,Bunak bir duruma gelmek,,
bunalabilmek,Bunalma ihtimali bulunmak,,
bunalıvermek,Çabucak bunalmak,,bunalı'vermek
bunalmak,"Soluk alması güçleşmek | Çok sıkılmak, çok tedirgin olmak; boğulmak, darlanmak",,
bunaltabilmek,Bunaltma ihtimali veya imkânı bulunmak | Bunaltmaya gücü yetmek,,
bunaltılmak,Bunalmasına yol açılmak,,
bunaltmak,"Bunalmasına yol açmak; boğmak, darlamak, sıkılamak",,
bunamak,Çeşitli sebeplerle zihin gücünü yitirerek ne yaptığını bilemez duruma gelmek; ateh getirmek,,
bunayabilmek,Bunama ihtimali bulunmak,,
bunayıvermek,Çabucak bunamak,,bunayı'vermek
bungunlaşmak,Sıkıntılı duruma gelmek,,
bungunlaştırmak,Sıkıntılı duruma getirmek,,
bunmak,Azla yetinmemek,,
burabilmek,Burma ihtimali veya imkânı bulunmak | Burmaya gücü yetmek,,
burcumak,Güzel koku yaymak,,
burdurabilmek,Burdurma ihtimali veya imkânı bulunmak | Burdurmaya gücü yetmek,,
burdurmak,Burma işini yaptırmak,,
burdurulmak,Burulması sağlanmak,,
burgulamak,"Burgu ile delmek, delik açmak",,
burgulanmak,"Burgulama işine konu olmak, burgu ile delinmek",,
burkabilmek,Burkma ihtimali veya imkânı bulunmak | Burkmaya gücü yetmek,,
burkmak,"Bir şeyi burar gibi ekseni etrafında döndürmek, döndürerek çevirmek | Kolu, parmağı veya bileği zorlama sonucunda incitmek | Kırılmasına, üzülmesine sebep olmak",,
burkulabilmek,Burkulma ihtimali veya imkânı bulunmak,,
burkulmak,"Burkma işine konu olmak | Kol, parmak veya bilek zorlama sonucunda incinmek | Üzüntü duymak",,
burkuluvermek,Çabucak veya ansızın burkulmak,,burkulu'vermek
burkuvermek,Çabucak veya ansızın burkmak,,burku'vermek
burmak,"Bir şeyi iki ucundan tutup ekseni etrafında ters yönlere çevirerek bükmek | Hadım etmek | İğdiş etmek | Ağza kekre tat vermek | Mide, bağırsak sancımak",,
buruklaşmak,Buruk bir durum almak,,
burulabilmek,Burulma ihtimali veya imkânı bulunmak,,
burulmak,Ekseni çevresinde döndürülmek | Alınarak küskünlük göstermek,,
burunlatmak,Sivri duruma getirmek,,
buruşabilmek,Buruşma ihtimali veya imkânı bulunmak,,
buruşmak,"Düzgünlüğü bozulmak, üzerinde kırışık ve katlar oluşmak | Ağızda kekrelik duymak",,
buruşturabilmek,Buruşturma ihtimali veya imkânı bulunmak | Buruşturmaya gücü yetmek,,
buruşturmak,Buruşuk duruma getirmek,,
buruşturulabilmek,Buruşturulma ihtimali veya imkânı bulunmak,,
buruşturulmak,Buruşuk duruma getirilmek,,
buruşturuvermek,Çabucak buruşturmak,,buruşturu'vermek
buruşuvermek,Çabucak buruşmak,,buruşu'vermek
buymak,Soğuktan donarak ölmek,,
buyurabilmek,Buyurma becerisi bulunmak,,
buyurganlaşmak,Buyurgan duruma gelmek,,
buyurmak,"“Buyurun” diyerek konuğu saygı ile içeri almak veya dışarı çıkarmak | İkram edilen bir şeyi almak | “Etmek, olmak” anlamında yardımcı fiil olarak kullanılır",,
buzağılamak,Sığır yavrulamak,,
buzağılaşmak,Buzağı durumuna gelmek,,
buzlanabilmek,Buzlanma ihtimali veya imkânı bulunmak,,
buzlanmak,"Buzla kaplanmak, buz tutmak",,
buzlaşabilmek,Buzlaşma ihtimali veya imkânı bulunmak,,
buzlaşmak,Buz durumuna gelmek,,
buzullaşmak,Buzul durumuna gelmek,,
bücürleşmek,"Bücür duruma gelmek | Gittikçe azalmak, küçülmek",,
büğemek,"Önüne bent yaparak suyu toplamak | Önünü kesmek, engel olmaya çalışmak",,
bükebilmek,Bükme ihtimali veya imkânı bulunmak | Bükme becerisi bulunmak | Bükmeye gücü yetmek,,
bükmek,Sertçe çevirmek | Birkaç tel ipliği burarak sarmak | Eğik duruma getirmek | İşaret koymak için kıvırmak,,
büktürebilmek,Büktürme ihtimali veya imkânı bulunmak | Büktürmeye gücü yetmek,,
büktürmek,"Bükme işini yaptırmak, kıvırtmak",,
büktürülmek,Bükülmesi sağlanmak,,
bükülebilmek,Bükülme ihtimali veya imkânı bulunmak,,
bükülmek,Bükme işine konu olmak; bükünmek | İplik eğrilmek | Eğik bir duruma gelmek,,
bükülüvermek,Çabucak bükülmek,,bükülü'vermek
bükünmek,"Ağrıdan, sancıdan kıvranmak",,
büküvermek,Çabucak bükmek,,bükü'vermek
bülbülleşmek,Bülbül gibi ötmek veya şakımak | Dile gelmek,,
bürokratlaşmak,Bürokrat durumuna gelmek,,
bürümek,"Çok, güçlü etkilemek",,
büründürmek,Bürünme işini yaptırmak,,
bürünebilmek,Bürünme ihtimali veya imkânı bulunmak,,
bürünmek,"Bürüme işine konu olmak | Herhangi bir görünüşe, kimliğe girmek",,
bürünüvermek,Çabucak bürünmek,,bürünü'vermek
bürüyebilmek,Bürüme ihtimali veya imkânı bulunmak | Bürümeye gücü yetmek,,
bütçelemek,Bütçe yapmak veya hazırlamak,,
bütünlemek,"Eksiksiz duruma getirmek; tamamlamak, tümlemek, ikmal etmek | Ufak, bozuk paraları büyük para durumuna getirmek",,
bütünlenebilmek,Bütünlenme ihtimali veya imkânı bulunmak,,
bütünlenmek,"Bütünleme işine konu olmak; tamamlanmak, ikmal edilmek, tümlenmek",,
bütünleşebilmek,Bütünleşme ihtimali veya imkânı bulunmak | Bütünleşme becerisi bulunmak,,
bütünleşmek,Bütün duruma gelmek,,
bütünleştirebilmek,Bütünleştirme ihtimali veya imkânı bulunmak | Bütünleştirmeye gücü yetmek,,
bütünleştirilebilmek,Bütünleştirilme ihtimali veya imkânı bulunmak,,
bütünleştirilmek,Bütünleşmesi sağlanmak; tamlaştırılmak,,
bütünleştirmek,Bütün duruma getirmek; tamlaştırmak,,
bütünletebilmek,Bütünletme ihtimali veya imkânı bulunmak | Bütünletmeye gücü yetmek,,
bütünletmek,"Bütün durumuna getirmek; tamamlatmak, tümletmek",,
bütünleyebilmek,Bütünleme ihtimali veya imkânı bulunmak | Bütünlemeye gücü yetmek,,
büyüklenebilmek,Büyüklenme ihtimali veya imkânı bulunmak,,
büyüklenmek,"Kendini büyük göstermek, büyüklük taslamak; kasılmak, kibirlenmek",,
büyüksemek,Büyük olduğunu kabul etmek; büyümsemek,,
büyülemek,"Büyü ile etki altına almak; afsunlamak, efsunlamak | Çekiciliği ile etkisi altına almak, birini kendine bağlamak, teshir etmek",,
büyülenebilmek,Büyülenme ihtimali veya imkânı bulunmak,,
büyülenmek,"Büyüleme işine konu olmak; afsunlanmak, efsunlanmak, sihirlenmek",,
büyüleyebilmek,Büyüleme ihtimali veya imkânı bulunmak | Büyüleme becerisi bulunmak,,
büyültebilmek,Büyültme ihtimali veya imkânı bulunmak | Büyültmeye gücü yetmek,,
büyültmek,"Resim, harita vb.nin daha büyük örneğini yapmak | Bir nesneyi veya durumu olduğundan daha önemli, büyük göstermek",,
büyümek,"Organizmanın bütününde veya bu bütünün bir bölümünde boyutlar artmak, irileşmek, eskisinden büyük duruma gelmek | Belli bir yaşa gelmek | Yaşı artmak; yaş almak | Şiddeti artmak | Sayıca artmak | Önem ve değer kazanmak",,
büyütebilmek,Büyütme ihtimali veya imkânı bulunmak | Büyütmeye gücü yetmek,,
büyütmek,Büyük duruma getirmek; büyültmek | Olduğundan fazla görmek veya göstermek,,
büyüttürmek,Büyütme işini yaptırmak,,
büyütülebilmek,Büyütülme ihtimali veya imkânı bulunmak,,
büyütülmek,Büyütme işi yapılmak,,
büyüyebilmek,Büyüme ihtimali veya imkânı bulunmak,,
büyüyüvermek,Çabucak büyümek,,büyüyü'vermek
büzdürmek,Büzme işini birine yaptırmak,,
büzdürülmek,Büzülmesi sağlanmak,,
büzebilmek,Büzme ihtimali veya imkânı bulunmak | Büzmeye gücü yetmek,,
büzgülemek,Büzgü şeklini vermek,,
büzmek,"Buruşturarak, sıkıştırarak veya kıvrım yaparak bir şeyin alanını ve hacmini küçültmek",,
büzülebilmek,Büzülme ihtimali veya imkânı bulunmak,,
büzülmek,"Büzme işi yapılmak | Korku, şaşkınlık, soğuk vb. etkenlerle bir kenara sinmek, bir kenara çekilmek",,
büzülüvermek,Çabucak büzülmek,,büzülü'vermek
büzüşebilmek,Büzüşme ihtimali veya imkânı bulunmak,,
büzüşmek,Büzülerek alan hacmini küçültmek,,
büzüştürebilmek,Büzüştürme ihtimali veya imkânı bulunmak | Büzüştürmeye gücü yetmek,,
büzüştürmek,Büzüşmesine yol açmak,,
büzüştürülebilmek,Büzüştürülme ihtimali veya imkânı bulunmak,,
büzüştürülmek,Büzüşmesine yol açılmak,,
büzüşüvermek,Çabucak büzüşmek,,büzüşü'vermek
cadalozlaşmak,Karşısındakini ağız kalabalığı ile yıldırmak,,
cadılaşmak,Kadın huysuz gibi davranmaya başlamak | Bitki bakımsızlıktan yabanileşmek,,
cahilleşebilmek,Cahilleşme ihtimali bulunmak,,
cakalanmak,Caka satmak,,
camlamak,Cam takmak,,
camlanmak,Cam takılmak,,
camlaşmak,"Cama benzer duruma gelmek | Duygusuz bir duruma gelmek, duygusunu yitirmek | Kemik vb. hemen kırılacak şekilde incelmek",,
camlatılmak,Cam taktırılmak | Camlı çerçeve ile çerçeveletilmek,,
camlatmak,Cam taktırmak,,
canavarlaşabilmek,Canavarlaşma ihtimali veya imkânı bulunmak,,
canavarlaşmak,"Canavar gibi, vahşi, acımasız biçimde davranmak | Korkunç, ürkütücü bir durum almak",,
canavarlaştırmak,Canavar durumuna getirmek,,
canlanabilmek,Canlanma ihtimali veya imkânı bulunmak,,
canlandırabilmek,Canlandırma ihtimali veya imkânı bulunmak | Canlandırma becerisi bulunmak | Canlandırmaya gücü yetmek,,
canlandırılabilmek,Canlandırılma ihtimali veya imkânı bulunmak,,
canlandırılmak,Canlandırma işine konu olmak,,
canlandırıvermek,Çabucak canlandırmak,,canlandırı'vermek
canlandırmak,"Canlanmasını sağlamak, canlanmasına yol açmak | Yaşatmak, birinin kılığına girmek | Canlılık, tazelik, dirilik getirmek | Yoğunluk, etkinlik kazandırmak | Ölen birinin canlanmasını sağlamak veya canlanmasına, yol açmak, yaşama döndürmek [tıp] | Bir karakteri oynamak, ona kişilik vermek [sinema]",,
canlanıvermek,Çabucak canlanmak,,canlanı'vermek
canlanmak,"Gücü artmak, diri duruma gelmek | Harekete geçmek | Geçmişte yaşanan bir olay veya durum yeniden hatırlanmak | Etkinliği artmak, hareketlilik kazanmak; yenilenmek",,
cansızlaşabilmek,Cansızlaşma ihtimali bulunmak,,
cansızlaşmak,Cansız duruma gelmek,,
cansızlaştırılmak,Cansız duruma getirilmek,,
cansızlaştırmak,Cansız duruma getirmek | Bir dişin canlı dokusunu yok etmek [tıp],,
carlamak,"Bağırarak konuşmak | Çok söylemek | Nara atmak, haykırmak | İlan etmek, duyurmak",,
cavlamak,"Tüyünü dökmek, çıplak kalmak",,
cayabilmek,Cayma ihtimali veya imkânı bulunmak,,
caydırabilmek,Caydırma ihtimali veya imkânı bulunmak | Caydırma becerisi bulunmak,,
caydırılabilmek,Caydırılma ihtimali veya imkânı bulunmak,,
caydırılmak,Caydırma işi yapılmak,,
caydırmak,Cayma işini yaptırmak,,
cayırdamak,"Nesneler ""cayır"" sesi çıkararak yanmak, sürtünmek veya yırtılmak",,
cayırdatmak,"Sert, uzun, gürültülü ses çıkartmak",,
cayıvermek,Çabucak caymak,,cayı'vermek
caymak,"Sözünden, kararından dönmek",,
cazırdamak,"""Caz"" diye ses çıkarmak",,
cazırdatmak,Cazırdamasına yol açmak,,
cedelleşmek,"Karşısındakini susturmak amacıyla tartışmak; becelleşmek, cebelleşmek | Uğraşmak, çabalamak, mücadele etmek; becelleşmek, cebelleşmek",,
cehdetmek,Israrlı biçimde çalışıp çabalamak,Arapça cehd + Türkçe etmek,ce'hdetmek
cehennemleşmek,Cehenneme dönmek | Aşırı üzüntü ve sıkıntı çekilen yer durumunu almak,,
celallenebilmek,Celallenme ihtimali veya imkânı bulunmak,,
celallenivermek,Çabucak celallenmek,,celalleni'vermek
celallenmek,"Öfkelenmek, kızmak",,
celbetmek,"Kendi üzerine çekmek | Getirtmek, davet etmek, çağırtmak",Arapça celb + Türkçe etmek,ce'lbetmek
cemaatleşmek,Cemaat durumuna gelmek,,
cemaatleştirmek,Cemaatleşme durumuna getirmek,,
cendereleşmek,Manevi açıdan baskı altında mücadele etmek,,
cennetleşmek,Cennete benzemek,,
cephelenmek,Cephe oluşturmak,,
cepheleşmek,Farklı düşünce ve istekler çerçevesinde zıt birlikler oluşturmak,,
ceplemek,Cebine indirmek,,
cerahatlenmek,Yara irin toplamak,,
cesaretlendirebilmek,Cesaretlendirme ihtimali veya imkânı bulunmak | Cesaretlendirme becerisi bulunmak,,
cesaretlendirilmek,Cesaretli olması sağlanmak,,
cesaretlendirmek,"Korkusunu ve çekingenliğini gidermek; cesaret vermek, cüretlendirmek",,
cesaretlenmek,Cesaretli duruma gelmek; cüretlenmek,,
cesaretsizlenmek,Cesaretini kaybetmek,,
cevaplamak,"Bir soruya, bir isteğe, bir söz veya yazıya karşılık vermek; yanıtlamak",,
cevaplandırılmak,"Bir şeyin cevabı, karşılığı verilmek; yanıtlandırılmak",,
cevaplandırmak,"Bir şeyin cevabını, karşılığını vermek; yanıtlandırmak",,
cevaplanmak,Cevaplama işi yapılmak; yanıtlanmak,,
cevaplayabilmek,Cevaplama ihtimali veya imkânı bulunmak; yanıtlayabilmek | Cevaplamaya gücü yetmek; yanıtlayabilmek,,
cevretmek,Eziyet etmek,Arapça cevr + Türkçe etmek,ce'vretmek
cezalandırabilmek,Cezalandırma ihtimali veya imkânı bulunmak | Cezalandırmaya gücü yetmek,,
cezalandırılabilmek,Cezalandırılma ihtimali veya imkânı bulunmak,,
cezalandırılmak,Cezaya çarptırılmak,,
cezalandırmak,Bir kimseye veya varlığa ceza vermek; tecziye etmek,,
cezalanmak,Cezaya çarpılmak,,
cezbelenmek,"Cezbeye tutulmak, kendinden geçmek, kendini kaybetmek",,
cezbetmek,Kendine çekmek | Etkileyerek kendine bağlamak,Arapça ceẕb + Türkçe etmek,ce'zbetmek
cılızlaşmak,"Zayıf ve güçsüz olmak | Basit, değersiz, önemsiz olmak | Gücünü, değerini yitirmek",,
cılklaşmak,Cılk duruma gelmek,,
cımbızlamak,"Cımbızla yolmak | Dokumacılıkta kumaş yüzlerindeki düğüm, çöp vb. maddeleri cımbızla temizlemek | Kendi çıkarına uygun düşen noktaları asıl konu içinden özellikle ayırıp ön plana çıkarmak",,
cırıldamak,"""Cır cır"" diye ses çıkarmak",,
cırlamak,İnce ve usandırıcı ses çıkarmak,,
cırlatmak,Cırlamasına yol açmak,,
cırtlamak,"""Cırt"" diye ses çıkarmak | “Cırt” diye ses çıkararak yırtılmak",,
cıvatalamak,Cıvata ile tutturmak,,
cıvıklaşabilmek,Cıvıklaşma ihtimali bulunmak,,
cıvıklaşmak,Cıvık duruma gelmek,,
cıvıklaştırılmak,Cıvık duruma getirilmek,,
cıvıklaştırmak,Cıvık duruma getirmek,,
cıvıldamak,Cıvıl cıvıl ötmek,,
cıvıldaşmak,Hep birden cıvıl cıvıl ötmek,,
cıvımak,Cıvık duruma gelmek | Bir iş ciddiyetten uzaklaşmak | Şımarıklık etmek | Yakışık almayacak davranışlarda bulunmak,,
cıvıtabilmek,Cıvıtma ihtimali veya imkânı bulunmak | Cıvıtma becerisi bulunmak,,
cıvıtılmak,Cıvık duruma getirilmek,,
cıvıtıvermek,Çabucak cıvıtmak,,cıvıtı'vermek
cıvıtmak,Cıvık duruma getirmek | Yakışık almayacak davranışlarda bulunmak | Ciddiyetten uzaklaşmak | Sözünde durmamak,,
cıvmak,"Hedef değiştirmek, amaçtan şaşmak; çavmak, çıvmak",,
cıyaklamak,"İnce, acı ve yüksek sesle bağırmak; ciyaklamak",,
cıyaklatmak,Cıyaklamasına sebep olmak; ciyaklatmak,,
cıyırdamak,"Yırtılırken, gıcırdatılırken veya kanat çırpılırken cıyırtı çıkarmak",,
cıyırdatmak,Cıyırdamasına sebep olmak,,
cızırdamak,"""Cızır"" diye ses çıkarmak; cızıldamak | Boğazındaki gıcıktan dolayı kesik ve ince ses çıkarmak; cızıldamak",,
cızırdatmak,Cızırdamasına yol açmak; cızıldatmak | Kâğıt üzerinde ustaca kalem oynatmak veya beceriyle yazı yazmak; cızıldatmak,,
cızlamak,"""Cız"" diye ses çıkarmak | Birlikte yapılması planlanan bir işten çekilmek | Çok üzülmek",,
cicozlamak,"Savuşup gitmek | Bitip tükenmek, artık kalmamak",,
ciddileşebilmek,Ciddileşme ihtimali bulunmak | Ciddileşme becerisi bulunmak,,
ciddileşivermek,Ansızın veya çabucak ciddileşmek,,ciddileşi'vermek
ciddileşmek,Ciddi bir durum almak | Ciddi bir tavır takınmak,,
cifeleşmek,Cife durumuna gelmek,,
cihazlanmak,Teknolojik gelişmelerin en son ürünleriyle donatılmak,,
cilalamak,Cila sürerek parlatmak; cila vurmak | Birini yermek amacıyla övmek | Tat katmak,,
cilalanmak,Cilalama işine konu olmak,,
cilalatılmak,Cilalama işi yaptırılmak,,
cilalatmak,Cilalama işini yaptırmak,,
cilalayabilmek,Cilalama ihtimali veya imkânı bulunmak | Cilalamaya gücü yetmek | Cilalama becerisi bulunmak,,
ciltlemek,Kitaba cilt yapmak,,
ciltlenebilmek,Ciltlenme ihtimali veya imkânı bulunmak,,
ciltlenmek,Ciltleme işi yapılmak,,
ciltletebilmek,Ciltletme ihtimali veya imkânı bulunmak | Ciltletmeye gücü yetmek,,
ciltletmek,Ciltleme işini yaptırmak,,
ciltlettirmek,Cilt yaptırmak,,
ciltleyebilmek,Ciltleme ihtimali veya imkânı bulunmak | Ciltleme becerisi bulunmak,,
cilvelenmek,Cilve yapmak; fıkırdamak,,
cilveleşebilmek,Cilveleşme ihtimali veya imkânı bulunmak,,
cilveleşmek,Karşılıklı cilve yapmak | Birbirine çok yakın arkadaşmış gibi takılmak,,
cimrileşebilmek,Cimrileşme ihtimali veya imkânı bulunmak,,
cimrileşmek,Cimri gibi davranmaya başlamak; pintileşmek,,
cinleşmek,Cin gibi davranmak,,
cisimlendirmek,Cisimlenme işini yaptırmak,,
cisimlenmek,Cismi olmayan bir şey cisim durumuna gelmek; tecessüm etmek,,
cisimleşebilmek,Cisimleşme ihtimali veya imkânı bulunmak | Cisimleşmeye gücü yetmek,,
cisimleşmek,Cisim durumuna gelmek,,
cisimleştirmek,Cisimleşme işini yaptırmak,,
contalamak,Conta koymak veya yerleştirmek,,
coplamak,"Copla vurmak, copla dövmek",,
coplanmak,"Copla vurulmak, copla dövülmek",,
coplatmak,Coplama işini yaptırmak,,
coşabilmek,Coşma ihtimali veya imkânı bulunmak | Coşma becerisi bulunmak,,
coşkulanabilmek,Coşkulanma ihtimali veya imkânı bulunmak,,
coşkulandırabilmek,Coşkulandırma ihtimali veya imkânı bulunmak | Coşkulandırma becerisi bulunmak,,
coşkulandırmak,Coşkulu duruma getirmek,,
coşkulanmak,Coşkulu duruma gelmek,,
coşkunlaşmak,Coşkun bir duruma gelmek,,
coşmak,"Duygu ve düşünceleri güçlü bir tepki ile dışarı vurmak; çağlamak, galeyan etmek | Doğa olaylarından herhangi biri birdenbire çoğalıp hızlanmak | Heyecanlanmak, içten içe kaynamak, aşırı duygulanmak",,
coşturabilmek,Coşturma ihtimali veya imkânı bulunmak | Coşturmaya gücü yetmek | Coşturma becerisi bulunmak,,
coşturmak,"Coşmasını sağlamak, coşmasına yol açmak",,
coşturulmak,Coşma işi yaptırılmak,,
coşuvermek,Çabucak veya ansızın coşmak,,coşu'vermek
cozurdamak,Sıcak bir şeyin üstüne bir sıvı veya ıslak bir şey konulduğunda cozur sesi çıkarmak,,
cozurdatmak,Cozurdama işini yaptırmak; cozurtmak,,
cozutmak,"Aklını kaybetmek | Yoldan çıkmak, doğru yoldan ayrılmak | Bir işi yapmaktan kaçmak | Oyunbozanlık etmek | Bir şeyi abartmak | Bir işin ciddiyetini, ağırlığını kaybettirmek",,
cömertleşebilmek,Cömertleşme ihtimali veya imkânı bulunmak,,
cömertleşmek,Cömertçe davranmak,,
cukkalamak,Hakkı olmayan bir şeyi alıp sahiplenmek,,
cumbalamak,Bir parçanın dar kenarındaki testere izi vb. girinti ve çıkıntıları düzeltmek,,
cumbalatmak,Cumbalama işini yaptırmak,,
cumbuldamak,Sıvı bir kabın içinde çalkalanıp “cumbul” sesi çıkarmak,,
cumbuldatmak,Bir sıvıyı kabın içinde çalkalayıp “cumbul” sesi çıkartmak,,
cumburdamak,"""Cumburtu"" sesi çıkarmak",,
cüceleşmek,Cüce durumuna gelmek,,
cücüklenmek,"Soğan, patates, buğday vb. filizlenmek",,
çabalamak,"Güç bir durumdan kurtulmaya uğraşmak | Bir işi başarmak için uğraşmak, gayret etmek",,
çabalanmak,Çabalama işi yapılmak,,
çabalatmak,Çaba göstermesini sağlamak,,
çabalayabilmek,Çabalama ihtimali veya imkânı bulunmak | Çabalama becerisi bulunmak,,
çabalayadurmak,Çabalamasını sürdürmek,,çabalaya'durmak
çabuklaşabilmek,Çabuklaşma ihtimali veya imkânı bulunmak,,
çabuklaşmak,Çabukluk kazanmak; aceleleşmek,,
çabuklaştırabilmek,Çabuklaştırma ihtimali veya imkânı bulunmak | Çabuklaştırma becerisi bulunmak,,
çabuklaştırılabilmek,Çabuklaştırılma ihtimali veya imkânı bulunmak,,
çabuklaştırılmak,Çabuklaşma işi yaptırılmak,,
çabuklaştırmak,"Bir işin yapılmasını hızlandırmak; aceleleştirmek, tesri etmek",,
çağdaşlaşabilmek,Çağdaşlaşma ihtimali veya imkânı bulunmak,,
çağdaşlaşmak,"Çağın tutumuna, anlayışına, gereklerine uymak, çağdaş duruma gelmek; çağcıllaşmak, modernleşmek, asrileşmek, muasırlaşmak",,
çağdaşlaştırabilmek,Çağdaşlaştırma ihtimali veya imkânı bulunmak | Çağdaşlaştırmaya gücü yetmek | Çağdaşlaştırma becerisi bulunmak,,
çağdaşlaştırılabilmek,Çağdaşlaştırılma ihtimali veya imkânı bulunmak,,
çağdaşlaştırılmak,Çağdaşlaşması sağlanmak,,
çağdaşlaştırmak,"Çağdaşlaşmasına yol açmak; çağcıllaştırmak, modernleştirmek, asrileştirmek, muasırlaştırmak",,
çağıldamak,"Sular akarken taşlara, kayalara çarparak ""çağıl çağıl"" ses çıkarmak | Bebek konuşma öncesi dönemde farklı heceleri söylemek [eğitim]",,
çağırabilmek,Çağırma ihtimali veya imkânı bulunmak | Çağırmaya gücü yetmek,,
çağırıvermek,Çabucak veya ansızın çağırmak,,çağırı'vermek
çağırmak,"Birinin gelmesini kendisine yüksek sesle söylemek, seslenmek | Herhangi birinin bir yere gelmesini istemek; davet etmek, seslemek | Binmek için bir araç istemek | Yüksek sesle şarkı, türkü söylemek; çığırmak",,
çağırtabilmek,Çağırtma ihtimali veya imkânı bulunmak | Çağırtmaya gücü yetmek,,
çağırtılmak,Çağırtma işine konu olmak,,
çağırtmak,Çağırma işini yaptırmak; çığırtmak,,
çağlamak,Su köpürerek ve ses çıkararak coşkun bir biçimde akmak,,
çağlayabilmek,Çağlama ihtimali veya imkânı bulunmak,,
çağlayıvermek,Çabucak veya ansızın çağlamak,,çağlayı'vermek
çağmak,Güneş ışığı vurmak,,
çağrılabilmek,Çağrılma ihtimali veya imkânı bulunmak,,
çağrılmak,Çağırma işi yapılmak; çığrılmak,,
çağrışmak,Birbirini çağırmak | Hep birden bağırarak yaygara etmek; çığrışmak,,
çağrıştırabilmek,Çağrıştırma ihtimali veya imkânı bulunmak,,
çağrıştırıvermek,Çabucak veya ansızın çağrıştırmak,,çağrıştırı'vermek
çağrıştırmak,"Bir çağrışıma yol açmak | Akla getirmek, hatırlatmak, andırmak | Benzemek, andırmak",,
çakabilmek,Çakma ihtimali veya imkânı bulunmak | Çakmaya gücü yetmek | Çakma becerisi bulunmak,,
çakılabilmek,Çakılma ihtimali veya imkânı bulunmak,,
çakılayazmak,Çakılır gibi olmak,,çakıla'yazmak
çakıldamak,"Sürtünen, yuvarlanan çakıl taşları gibi ses çıkarmak",,
çakıldatmak,Çakıldama işini yaptırmak,,
çakılıvermek,Çabucak veya ansızın çakılmak,,çakılı'vermek
çakılmak,Çakma işine konu olmak | Hızla düşüp saplanmak,,
çakırlaşmak,Çakırkeyif olmaya başlamak | Olgunlaşmaya yüz tutmak,,
çakışabilmek,Çakışma ihtimali veya imkânı bulunmak,,
çakışmak,"Birbirine geçip kenetlenmek, takılmak | Aynı zaman dilimine denk gelmek | Söz yarışı etmek | Doğru, açı, yüzey vb. geometrik biçimler üst üste konulduklarında birbirini bütünüyle örterek eşit olmak [matematik]",,
çakıştırabilmek,Çakıştırma ihtimali veya imkânı bulunmak | Çakıştırmaya gücü yetmek | Çakıştırma becerisi bulunmak,,
çakıştırılmak,Çakışma işi yaptırılmak,,
çakıştırmak,Çakışma işini yaptırmak | İçki içip keyfetmek | Porte üzerindeki notalara söz ögesinin bölümlerini yerleştirmek [müzik],,
çakıvermek,Çabucak veya ansızın çakmak,,çakı'vermek
çakmak,"Taşa vurulup kıvılcım çıkarılan çelik parçası | Çelik, taş, cam, plastik vb. maddeden yapılmış gaz veya benzinle dolu tutuşturma aleti | Tabanca veya tüfeklerde bulunan tetik düzeni [askerlik]",,
çakmak,Kuruduğunda kalın kabuk bağlayan kabarcıklarla beliren ve genellikle yüzde çıkan bir deri hastalığı [tıp],,
çakmak,"Vurarak sokup yerleştirmek | Çivi ile tutturmak | Kazık çakıp hayvan bağlamak | Bir şeyi başka bir şeye sürtmek, vurmak veya çarpmak | Parıldamak, ışık vermek | Bir şey saplamak | Sezinlemek, anlamak, farkına varmak | İçki içmek | Anlamak, bilmek | Sınavda başarısız olmak | Kabul etmeyeceği bir şeyi kurnazlıkla kabul etmesini sağlamak",,
çakmaklamak,Düvenin altına sert taş veya keskin demir parçaları çakmak,,
çakmaklaşmak,"Göz çakmak çakmak olmak, kızarmak ve iyice açılmak",,
çakozlamak,Uygunsuz bir durumu fark etmek,,
çaktırabilmek,Çaktırma ihtimali veya imkânı bulunmak | Çaktırmaya gücü yetmek,,
çaktırılmak,Çaktırma işi yapılmak,,
çaktırmak,Çakma işini yaptırmak | Sınavda bırakmak | Birinin bir şeyi sezmesini sağlamak,,
çalabilmek,Çalma ihtimali veya imkânı bulunmak | Çalmaya gücü yetmek | Çalma becerisi bulunmak,,
çalarmak,"Ekinler veya meyveler olmaya, olgunlaşmaya yüz tutmak",,
çaldırabilmek,Çaldırma ihtimali veya imkânı bulunmak,,
çaldırılmak,Çalma işi yaptırılmak | Hırsıza kaptırılmak,,
çaldırmak,Çalma işini yaptırmak | Hırsıza kaptırmak,,
çalılandırmak,Çorak bir araziyi çalı ekimi yöntemi ile yeşertmek,,
çalımlamak,Bir oyuncu topu elinden veya ayağından kaçırmadan karşısındaki oyuncuları şaşırtıcı ve dikkat dağıtıcı kıvrak hareketlerle geçmek [spor] | Karşısındakini etkilemek amacıyla davranışlarını abartmak | Bir fırsattan yararlanarak bir başkasının hakkı olan bir şeyi ele geçirmek,,
çalımlanmak,Çalımlı davranmak | Kendisine çalım yapılmak,,
çalımlayabilmek,Çalımlama ihtimali veya imkânı bulunmak | Çalımlama becerisi bulunmak,,
çalınabilmek,Çalınma ihtimali veya imkânı bulunmak,,
çalınıvermek,Aniden çalınmak,,çalını'vermek
çalınmak,Çalma işine konu olmak | İnme inmek,,
çalışabilmek,Çalışma ihtimali veya imkânı bulunmak | Çalışmaya gücü yetmek,,
çalışılmak,Çalışma işine konu olmak,,
çalışmak,"Bir şeyi oluşturmak veya ortaya çıkarmak için emek harcamak | Herhangi bir iş üzerinde olmak | İşi veya görevi olmak, bulunmak | İşler duruma gelmek | Bir şeyi yapmak için gereken çarelere başvurmak, o şeyi gerçekleştirmek için kendini zorlamak, çaba harcamak | Bir şeyi öğrenmek veya yapmak için emek vermek",,
çalıştırabilmek,Çalıştırma ihtimali veya imkânı bulunmak | Çalıştırmaya gücü yetmek,,
çalıştırılabilmek,Çalıştırılma ihtimali veya imkânı bulunmak,,
çalıştırılmak,Çalışması sağlanmak,,
çalıştırıvermek,Çabucak çalıştırmak,,çalıştırı'vermek
çalıştırmak,Çalışmasını sağlamak | Çalışma işini yaptırmak,,
çalıştırtmak,Çalıştırma işini yaptırmak,,
çalıvermek,Çabucak çalmak,,çalı'vermek
çalkalamak,"Sulu bir şeyi sarsarak veya çırparak karıştırmak; çalkamak | İçinde bir şey bulunan bir nesneyi sarsarak sallamak | Bir şeyi içinden su çarparak geçirmek yolu ile temizlemek | Tahılı sarsarak kalburdan geçirmek, elemek | Vücudun göbek, kalça vb. yerini sürekli oynatmak | Kuluçka yumurtalarını çevirmek | Sağlığının bozulmasına yol açmak",,
çalkalanabilmek,Çalkalanma ihtimali veya imkânı bulunmak,,
çalkalanmak,Çalkama işine konu olmak | Üzerinde çok konuşulmak,,
çalkalatmak,Çalkalama işini yaptırmak; çalkatmak,,
çalkalayabilmek,Çalkalama ihtimali veya imkânı bulunmak | Çalkalamaya gücü yetmek,,
çalkamak,Tahıl elemek,,
çalkanabilmek,Çalkalanma ihtimali veya imkânı bulunmak,,
çalkanmak,"Çalkama işine konu olmak | Deniz, göl dalgalanmak | Haber, söylenti herkesin ağzında dolaşmak | Coşkunluk, hareketlilik içinde bulunmak",,
çalmak,"Başkasının malını gizlice almak; hırsızlamak, kaldırmak, tüydürmek, uğrulamak | Vurarak veya sürterek ses çıkartmak | Çalgı aleti ile bir müzik parçasını seslendirmek | Ses çıkarmak, ses vermek | Bir şeyi bir yere çarpmak, vurmak | Üzerine sürmek | Bozmak, zarar vermek | Madeni oymak, kalemle işlemek | Benzemek, andırmak | Zamanı boşa harcatmak, ziyan edilmesine yol açmak | Süpürmek, temizlemek | Kök durumunda veya zarf-fiil eki alarak hızlı, aralıksız ve özensiz tekrarlanan anlamı veren birleşik kelimeler yapar [dil bilgisi]",,
çamurlamak,"Çamur sürmek, çamurla sıvamak",,
çamurlanabilmek,Çamurlanma ihtimali bulunmak,,
çamurlanmak,"Üzerine çamur sıçramak, bulaşmak | Kötülenmek, sataşılmak",,
çamurlaşabilmek,Çamurlaşma ihtimali veya imkânı bulunmak,,
çamurlaşmak,"Çamur durumuna gelmek | Sataşmaya, kavga çıkarmaya başlamak, terbiyesizleşmek",,
çamurlatmak,"Çamur sürdürmek, çamurla sıvatmak",,
çamurlayabilmek,Çamurlama ihtimali veya imkânı bulunmak,,
çangırdamak,Düşerek veya birbirine çarparak gürültü çıkarmak,,
çapaçullaştırmak,Çapaçul duruma getirmek,,
çapaklanabilmek,Çapaklanma ihtimali bulunmak,,
çapaklanmak,Çapak oluşmak,,
çapalamak,Çapa ile toprağı kabartmak,,
çapalanabilmek,Çapalanma ihtimali veya imkânı bulunmak,,
çapalanmak,Bir yer çapa ile kabartılmak,,
çapalatmak,Çapalama işini yaptırmak,,
çapalayabilmek,Çapalama ihtimali veya imkânı bulunmak | Çapalamaya gücü yetmek | Çapalama becerisi bulunmak,,
çapkımak,"Enini boyunu ölçmek, çaplamak",,
çapkınlaşmak,Çapkın duruma gelmek,,
çaplamak,"Bir şeyin enini, boyunu ölçmek; çapkımak | Keresteleri dört köşe olarak kesip biçmek",,
çapmak,"Akın etmek, koşmak",,
çapraşıklaşmak,Çapraşık duruma gelmek,,
çapraşmak,"Karışık, çapraşık, çözülmez duruma gelmek | İki şey birbiriyle çapraz olarak kesişmek",,
çaprazlamak,Çapraz duruma getirmek,,
çaprazlaşmak,"İçinden çıkılamamak, ne yapılacağı bilinememek",,
çaprazlaştırmak,Çaprazlaşmasına yol açmak,,
çapullamak,"Bir yeri soymak, yağmalamak",,
çapullanmak,"Bir yer soyulmak, yağmalanmak",,
çaresizleşmek,Çaresiz duruma gelmek; umarsızlaşmak,,
çaresizleştirmek,Çaresiz hâlde bırakmak; umarsızlaştırmak,,
çarpabilmek,Çarpma ihtimali veya imkânı bulunmak | Çarpma becerisi bulunmak,,
çarpayazmak,Çarpacak duruma gelmek,,çarpa'yazmak
çarpıklaşmak,Çarpık duruma gelmek,,
çarpıklaştırılmak,Çarpık duruma getirilmek,,
çarpıklaştırmak,Çarpık duruma getirmek,,
çarpılabilmek,Çarpılma ihtimali veya imkânı bulunmak,,
çarpılıvermek,Çabucak çarpılmak,,çarpılı'vermek
çarpılmak,"Çarpma işine konu olmak | Çarpık duruma gelmek | Bir yankesici tarafından eşyaları el çabukluğuyla çalınmak, soyulmak | Çekiciliğine kapılmak, etkilenmek | Bir şeye ederinden fazla para ödemek",,
çarpışabilmek,Çarpışma ihtimali veya imkânı bulunmak,,
çarpışılmak,Çarpışma işi yapılmak,,
çarpışıvermek,Ansızın çarpışmak,,çarpışı'vermek
çarpışmak,"Birbirine çarpmak, tokuşmak | Düşmanla küçük çaplı savaşmak; vuruşmak [askerlik] | Birbirine üstün gelmeye çalışmak",,
çarpıştırabilmek,Çarpıştırma ihtimali veya imkânı bulunmak | Çarpıştırma becerisi bulunmak,,
çarpıştırılmak,Çarpışmaları sağlanmak,,
çarpıştırmak,Çarpışma işini yaptırmak,,
çarpıtabilmek,Çarpıtma ihtimali veya imkânı bulunmak | Çarpıtma becerisi bulunmak,,
çarpıtılabilmek,Çarpıtılma ihtimali bulunmak,,
çarpıtılmak,Çarpıtma işi yapılmak,,
çarpıtmak,Çarpık duruma getirmek | Yanlışa ve kötü duruma götürmek | Gerçek anlamından saptırmak,,
çarpıvermek,Çabucak veya ansızın çarpmak,,çarpı'vermek
çarpmak,"Hızla değmek, vurmak | Etkisiyle birdenbire hasta etmek | Varlığına inanılan bir gücün öfkesine uğramak | El çabukluğu ile çalmak, dolandırarak elde etmek | Kurnazlıkla ele geçirmek | Kalp, hızlı hızlı vurmak | Biri çarpılan, öbürü çarpan denilen iki sayı verildiğinde çarpanı çarpılandaki birim kadar çoğaltarak ""çarpım"" adı verilen bir üçüncü sayıyı elde etmek; darbetmek [matematik] | Çekiciliğiyle etkilemek, şaşırtmak",,
çarptırabilmek,Çarptırma ihtimali veya imkânı bulunmak | Çarptırmaya gücü yetmek,,
çarptırılmak,Çarptırma işine konu olmak,,
çarptırmak,Çarpma işini yaptırmak veya çarpmasına yol açmak | Yankesiciye kaptırmak,,
çarşaflamak,Yorganı çarşafla kaplamak | Kötü ve başarısız duruma düşmek; çarşafa dolanmak,,
çarşaflanmak,Çarşaflama işine konu olmak | Çarşaf giymek,,
çarşaflatmak,Çarşaflama işini yaptırmak,,
çaşıtlamak,Casusluk yapmak,,
çatabilmek,Çatma ihtimali veya imkânı bulunmak,,
çatallanabilmek,Çatallanma ihtimali veya imkânı bulunmak,,
çatallanmak,Çatal gibi ikiye ayrılmak,,
çatallaşabilmek,Çatallaşma ihtimali veya imkânı bulunmak,,
çatallaşmak,İki veya daha çok ihtimal ortaya çıkarak anlaşılması güç bir duruma gelmek | Ses bozuk çıkmak; tarazlanmak,,
çatallaştırmak,Çatallaşmasına yol açmak,,
çatıklaşmak,Çatık duruma gelmek,,
çatılabilmek,Çatılma ihtimali veya imkânı bulunmak,,
çatıldamak,Çatık duruma gelmek,,
çatılmak,Çatma işine konu olmak,,
çatınmak,Kaşlarını çatıp surat asmak,,
çatırdamak,"""Çatır"" diye ses çıkarmak | Çökmeye, yok olmaya yüz tutmak, tehlikeli duruma düşmek",,
çatırdatmak,"Bir şeyin ""çatır"" diye sesini çıkartmak",,
çatırdayabilmek,Çatırdama ihtimali bulunmak,,
çatışabilmek,Çatışma ihtimali veya imkânı bulunmak | Çatışmaya gücü yetmek,,
çatışılmak,Çatışma işi yapılmak,,
çatışmak,"Birbirine çatmak veya çatılmak | Karşılıklı vuruşmak | Kavga etmek | Söz, iddia veya davranış birbirini tutmamak, birbirini çelmek, mütenakız olmak | Deve ve köpek çiftleşmek",,
çatıştırabilmek,Çatıştırma ihtimali veya imkânı bulunmak | Çatıştırmaya gücü yetmek,,
çatıştırılmak,Çatıştırma işi yapılmak,,
çatıştırmak,"Birbirine çattırmak, kavga ettirmek, birbirine düşürmek",,
çatıvermek,Çabucak veya ansızın çatmak,,çatı'vermek
çatlamak,"Parçaları ayrılıp dağılmayacak bir biçimde yarılmak | Bir yüzeyde kırışıklar, çizgiler oluşmak | Aşırı yemekten, içmekten, yorgunluktan, ağlamaktan ölecek duruma gelmek veya ölmek | Sıkıntı, sevinç, yalnızlık, heyecan, sabırsızlık, kıskançlık vb. ruhsal durumları aşırı derecede duymak | Ses pürüzlü, bozuk çıkmak",,
çatlatabilmek,Çatlatmak ihtimali veya imkânı bulunmak,,
çatlatılabilmek,Çatlatılma ihtimali veya imkânı bulunmak,,
çatlatılmak,Çatlatma işine konu olmak,,
çatlatmak,Çatlak duruma getirmek | Çatlamasına yol açmak | Sabrını taşırmak | Aklını kaçırmak,,
çatlayabilmek,Çatlama ihtimali veya imkânı bulunmak,,
çatlayıvermek,Çabucak veya ansızın çatlamak,,çatlayı'vermek
çatmak,"Odun, değnek, kılıç, tüfek vb. uzun şeylerden birkaç tanesini, tepelerinden birbirine çaprazlama dayayarak durdurmak | Kereste vb.ni birbirine tutturmak | Bir şeyi yapmak için gerekli parçaları bir araya getirmek | Yükü hayvana iki yanlı yüklemek | Başa yemeni, çatkı, yazma vb.ni bağlamak | Üzücü, kızdırıcı veya şaşırtıcı olaylarla karşılaşmak | Yazıyla veya sözle sataşmak | Rastlamak, karşılaşmak | Gemiler birbirine çarpmak [hukuk]",,
çattırmak,Çatma işini yaptırmak,,
çavlanmak,"Gürültüsü çevreye yayılmak | Dillere düşmek, şüyu bulmak",,
çavmak,"Güneş doğmak | Dağılıp yayılmak, saçılmak",,
çayırlamak,Hayvan yediği çayırdan hastalanmak,,
çayırlanmak,"Hayvan, çayırda otlamak; çayırlamak",,
çayırlaşmak,Çayır durumuna gelmek,,
çayırlatmak,Çayırlama işini yaptırmak,,
çaylaklaşmak,Çaylağa yakışır bir biçimde davranmak,,
çeğmellenmek,Yay veya çengel biçimini almak,,
çekebilmek,Çekme ihtimali veya imkânı bulunmak | Çekmeye gücü yetmek,,
çekelemek,Tekrar tekrar çekmek,,
çekememek,Çekme işini yapamamak | Katlanamamak,,
çekicileşebilmek,Çekicileşme ihtimali veya imkânı bulunmak; cazipleşebilmek,,
çekicileşmek,"Çekici duruma gelmek; cazipleşmek, cazibeleşmek",,
çekicileştirebilmek,Çekicileştirme ihtimali veya imkânı bulunmak; cazipleştirebilmek,,
çekicileştirilebilmek,Çekicileştirilme ihtimali veya imkânı bulunmak; cazipleştirilebilmek,,
çekicileştirilmek,Çekici duruma getirilmek; cazipleştirilmek,,
çekicileştirmek,"Çekici duruma getirmek; cazipleştirmek, cazibeleştirmek",,
çekiçlemek,Çekiçle dövmek,,
çekiçlenebilmek,Çekiçlenme ihtimali veya imkânı bulunmak,,
çekiçlenmek,Çekiçle dövülmek,,
çekiçletebilmek,Çekiçletme ihtimali veya imkânı bulunmak,,
çekiçletilebilmek,Çekiçletme ihtimali veya imkânı bulunmak,,
çekiçletilmek,Çekiçle dövdürülmek,,
çekiçletmek,Çekiçle dövdürmek,,
çekiçleyebilmek,Çekiçleme ihtimali veya imkânı bulunmak | Çekiçlemeye gücü yetmek,,
çekiçleyivermek,Çabucak çekiçlemek,,çekiçleyi'vermek
çekilebilmek,Çekilme ihtimali veya imkânı bulunmak,,
çekilivermek,Çabucak veya ansızın çekilmek,,çekili'vermek
çekilmek,"Çekme işi yapılmak | Kendini geriye veya bir yana çekmek | Bir işten, bir görevden kendi isteğiyle ayrılmak; istifa etmek | Bir şey azalmak | Yok olmak | Bir yerden uzaklaşmak, bir yere uğramamak | Geri gitmek; ricat etmek | Katılmamak, vazgeçmek | Katlanmak, üstlenmek, tahammül etmek | Parça hâlindeki et kıyma biçimine getirilmek | Uzaklaşmak, araya mesafe koymak",,
çekimlemek,"Bir cisim genel çekim yasasına göre başka bir cismi çekmek [fizik] | Bir fiili zaman, kip ve kişilere, bir ismi ise çokluk, şahıs, iyelik ve durum eklerine göre biçimlendirmek [dil bilgisi]",,
çekimlenebilmek,Çekimlenme ihtimali veya imkânı bulunmak,,
çekimlenmek,Çekimleme işine konu olmak,,
çekimleyebilmek,Çekimleme ihtimali veya imkânı bulunmak,,
çekimsenmek,"Bir şeyi yapmaktan geri durmak, kaçınmak, el çekmek; istinkâf etmek",,
çekimsizleşmek,"Çekim gücünden kurtulmak, çekim gücünü yitirmek; ağırlıksızlaşmak",,
çekindirmek,Çekinme işini yaptırmak,,
çekinebilmek,Çekinme ihtimali veya imkânı bulunmak,,
çekingenleşebilmek,Çekingenleşme ihtimali bulunmak,,
çekingenleşmek,Çekingen duruma gelmek,,
çekingenleştirmek,Çekingen duruma getirmek,,
çekinilmek,Çekinme işine konu olmak,,
çekinmek,"Saygı, korku, utanma vb. duygularla bir şeyi yapmak istememek, kaçınmak | Bir şey sürünmek",,
çekirdeklenmek,Çekirdek bağlamak,,
çekişebilmek,Çekişme ihtimali veya imkânı bulunmak | Çekişmeye gücü yetmek | Çekişme becerisi bulunmak,,
çekişilmek,Çekişme işine konu olmak,,
çekişmek,"İki yönünden karşılıklı çekmek | Bir şeyi birbirine karşı çekmek | Aralarında ad, niyet, kâğıt veya piyango çekmek | Ağız kavgası etmek | Üstün gelmek için karşılıklı çabalamak; itişmek",,
çekiştirebilmek,Çekiştirme ihtimali veya imkânı bulunmak | Çekiştirme becerisi bulunmak,,
çekiştirilmek,Çekiştirme işine konu olmak,,
çekiştirmek,"Uçlarından tutarak ayrı yönlere doğru çekmek | Tekrar tekrar çekerek koparmak | Bir kimsenin kötü taraflarını uzun uzadıya sayıp dökmek, dedikodusunu yapmak",,
çekivermek,Çabucak veya ansızın çekmek,,çeki'vermek
çekmek,"Bir şeyi tutup kendine veya başka bir yöne doğru yürütmek | Taşıtı bir yere bırakmak, koymak | İçine almak, emmek | Bir yerden başka bir yere taşımak | Bir amaçla ortadan kaldırmak | Üzerinde bulunan bir silahla saldırmak için davranmak | Atmak, vurmak | Bir kimseyi veya bir şeyi geri almak | Güç durumlara dayanmak, katlanmak | Tartıda ağırlığı olmak | Herhangi bir engel kurmak | Şans denemek amacıyla hazırlanmış kâğıtlardan birini almak | İmbik yardımı ile elde etmek | Çizgi durumunda uzatmak | Aynısını yazmak veya çizmek | Tedavi amacıyla şişe, vantuz, sülük vb.ni uygulamak | Bir yerden bir şeyi yukarı doğru almak | Görüntüyü bir aletle özel bir nesne üzerine kaydetmek | Taşıma gücü olmak | Bir şeyi öğütmek | Protesto, poliçe, çek vb. düzenleyip yürürlüğe koymak | Hoşa gitmek, sarmak | Kaçan ilmeği örmek | Masrafını karşılamak, ikramda bulunmak | Bir duyguyu içinde yaşatmak | Yürütmek, sürmek | Bir kimse ailesinden birine herhangi bir bakımdan benzemek | Bir şeyin içyüzünü anlamak amacıyla bir kimseyi sıkıştırmak | Herhangi bir anlama almak | Örtmek, giymek | Dişi hayvanı çiftleşmek için erkeğin yanına götürmek | Yol, ay sürmek | Daralıp kısalmak | Bir şeyi asmak | Boya, badana vb. sürmek | Bir şey yollamak | Bir şeyi emip dışarıya çıkarmak | Hamur vb. iyice pişmiş duruma gelmek | Bir cisim, belli bir yakınlıktaki başka bir cismi kendisine yaklaşmaya zorlamak, itmek karşıtı [fizik] | Vericiden gelen dalgaları algılayarak televizyon, radyo, telefon vb. aygıtlarla bağlantı kurmak [teknik] | İçki içmek",,
çektirebilmek,Çektirme ihtimali veya imkânı bulunmak | Çektirme becerisi bulunmak,,
çektirilebilmek,Çektirilme ihtimali veya imkânı bulunmak,,
çektirilmek,Çekme işi yaptırılmak,,
çektirmek,"Çekme işini yaptırmak | Birini sıkıntılı duruma sokmak, içinden çıkılamaz duruma düşürmek",,
çektirtmek,Çektirme işini yaptırmak,,
çeldirebilmek,Çeldirme ihtimali veya imkânı bulunmak,,
çeldirmek,Çelme işini yaptırmak | Yanılmasına yol açmak,,
çelebileşmek,"Görgülü, terbiyeli, olgun bir kimse olmak",,
çelebilmek,Çelme ihtimali veya imkânı bulunmak,,
çeliklemek,Çelik dikerek ağaç yetiştirmek,,
çelikleşebilmek,Çelikleşme ihtimali veya imkânı bulunmak,,
çelikleşmek,"Çelik durumuna gelmek | Güçlenmek, güç kazanmak",,
çelikleştirmek,"Çelik durumuna getirmek | Güçlendirmek, güç kazandırmak",,
çelişebilmek,Çelişme ihtimali bulunmak,,
çelişmek,"Düşünce ve davranış birbirini tutmamak, birbirlerine ters düşmek, tutarsız olmak, mütenakız olmak",,
çeliştirmek,Çelişme işini yaptırmak,,
çelmek,"Ayak uzatarak birisini düşürmek | Yolundan çevirmek, engel olmak, engellemek | Örtü vb.ni örtünüp iki ucunu bağlamak | Bir şeyin kenarını verev veya çapraz kesmek; çalmak | Topa gidiş yönünü değiştirecek biçimde vurmak [spor] | Kendi yanına çekmek, beğenisini, sevgisini kazanmak | Düşünce ve davranış birbirini tutmamak, birbirine ters düşmek",,
çelmelemek,Çelme takmak | Bir iş veya kimseyi engellemek | Bir işi baltalamak,,
çelmelenmek,"Çelme takılmak | Bir iş veya kimse engellenmek, baltalanmak",,
çelmeleyebilmek,Çelmeleme ihtimali veya imkânı bulunmak | Çelmelemeye gücü yetmek,,
çemberlemek,Çemberle kuşatmak,,
çemberlenmek,Çemberle kuşatılmak | Çember durumuna gelmek,,
çemberletmek,Çemberlenmesini sağlamak,,
çemenlemek,Çemen sürmek,,
çemenlenmek,Çemen sürülmek,,
çemkirebilmek,Çemkirme ihtimali veya imkânı bulunmak | Çemkirme becerisi bulunmak,,
çemkirivermek,Ansızın çemkirmek,,çemkiri'vermek
çemkirmek,"Birine karşı gelmek, sert cevap vermek | Köpek kesik kesik havlamak",,
çemkirtmek,Çemkirmesini sağlamak,,
çemremek,"Kolunu veya paçalarını sıvamak, eteğini toplamak",,
çemrenmek,"Kendi kol ve paçalarını sıvamak, eteğini toplamak | Bir işe girişmek için hazırlanmak, paçaları sıvamak",,
çeneleşmek,Karşılıklı olarak konuşmak,,
çengellemek,Çengelini takmak | Çengel atış yapmak,,
çengellenmek,"Çengel takılmak, çengelle tutturulmak",,
çenilemek,Canı yanan köpek ağlar gibi acı acı ses çıkarmak,,
çentebilmek,Çentme ihtimali veya imkânı bulunmak | Çentmeye gücü yetmek | Çentme becerisi bulunmak,,
çentiklemek,Bir şeyde çentik açmak; kertiklemek | Bir şeyi ince doğramak,,
çentiklenmek,Çentikli duruma gelmek,,
çentilebilmek,Çentilme ihtimali veya imkânı bulunmak,,
çentilmek,Çentme işine konu olmak; kertilmek,,
çentmek,"Bir şeyin kenarında çentik açmak; kertmek | Soğan, salatalık vb.ni küçük ve ince parçalar biçiminde doğramak",,
çepellemek,Çepel duruma getirmek | Karıştırıp bozmak,,
çepellenmek,Çepelli duruma gelmek | Karışıp bozulmak,,
çerçevelemek,Bir şeyi çerçeve içine almak | Bir şeye çerçeve geçirmek,,
çerçevelenmek,Çerçeve içine alınmak,,
çerçeveletebilmek,Çerçeveletme ihtimali veya imkânı bulunmak | Çerçeveletmeye gücü yetmek,,
çerçeveletilmek,Çerçevelenmesi sağlanmak,,
çerçeveletmek,Çerçeve geçirtmek,,
çerçevelettirilmek,Çerçevelettirme işine konu olmak,,
çerçevelettirmek,Çerçeveleme işini yaptırmak,,
çerçeveleyebilmek,Çerçeveleme ihtimali veya imkânı bulunmak | Çerçevelemeye gücü yetmek,,
çerezlenmek,"Çerez türünden bir şeyler yemek | Bir şeyden biraz yararlanmak, çimlenmek",,
çeşitlemek,Bir şeyin çeşidini artırmak,,
çeşitlendirebilmek,Çeşitlendirme ihtimali veya imkânı bulunmak,,
çeşitlendirilebilmek,Çeşitlendirilme ihtimali veya imkânı bulunmak,,
çeşitlendirilmek,Çeşitlenmesi sağlanmak,,
çeşitlendirmek,Çeşitlerini artırmak,,
çeşitlenebilmek,Çeşitlenme ihtimali veya imkânı bulunmak,,
çeşitlenmek,Çeşitli duruma gelmek | Çeşidi artmak,,
çeşnilemek,Çeşni vermek,,
çeşnilendirmek,Çeşni vermek,,
çeşnilenmek,Tadı yerine gelmek,,
çeteleşmek,Çete durumuna gelmek,,
çeteleştirmek,Çete durumuna getirmek,,
çetinleşmek,Çetin duruma gelmek,,
çetinleştirmek,Çetin duruma getirmek,,
çetrefilleşebilmek,Çetrefilleşme ihtimali bulunmak,,
çetrefilleşmek,Çetrefil duruma gelmek,,
çetrefilleştirmek,Çetrefil duruma getirmek,,
çevikleşmek,Çevik duruma gelmek,,
çevikleştirmek,Çevik duruma getirmek,,
çevirebilmek,Çevirme ihtimali veya imkânı bulunmak | Çevirmeye gücü yetmek | Çevirme becerisi bulunmak,,
çevirivermek,Çabucak çevirmek,,çeviri'vermek
çevirmek,"Bir şeyin yönünü değiştirmek | Öteki yüzünü görünür duruma getirmek | Döndürerek hareket ettirmek | Yönetmek, idare etmek | Yolundan alıkoymak, yoldan döndürmek | Geri göndermek | Bir giyeceği söküp iç yüzünü dışa getirmek | Çevrilemek, tevil etmek | Çeviri yapmak | Bir durumdan başka duruma getirmek, dönüştürmek | Bir durumdan başka duruma geçmek | Kâğıt oyunu oynamak | İşlemek, yapmak",,
çevirtebilmek,Çevirtme ihtimali veya imkânı bulunmak,,
çevirtilebilmek,Çevirtilme ihtimali veya imkânı bulunmak,,
çevirtilmek,Çevrilmesi sağlanmak,,
çevirtmek,Çevirme işi yaptırmak,,
çevirttirmek,Çevirtme işini yaptırma,,
çevrelemek,"İçine almak | Bir desen veya resimde çevre çizgisini iyice belirterek çizmek | Bir konunun sınırlarını çizmek, tahdit etmek",,
çevrelenmek,Çevreleme işi yapılmak,,
çevreleyebilmek,Çevreleme ihtimali veya imkânı bulunmak | Çevrelemeye gücü yetmek,,
çevrilebilmek,Çevrilme ihtimali veya imkânı bulunmak,,
çevrilemek,Çevriye uğratmak; tevil etmek,,
çevrilmek,"Çevirme işine konu olmak | Kendini çevirmek, birine dönmek",,
çevrinebilmek,Çevrinme ihtimali veya imkânı bulunmak,,
çevrinmek,"Bir şeyin etrafında saygı ile dolanmak; tavaf etmek | Kendini çevirmek, dönmek",,
çeyizlemek,Çeyiz hazırlamak,,
çeyizlenmek,Çeyizleme işi yapılmak,,
çeyreklemek,"Yatan bir kimsenin, özellikle süt çocuklarının kollarını ve bacaklarını çaprazlayarak vücutlarına idman yaptırmak",,
çıbanlaşmak,Çıban durumuna gelmek,,
çığalanmak,"Atın kuyruğu horoz kuyruğu gibi dikilmek | Başa takılan tüy, tel vb. süsleri göstermek",,
çığırabilmek,Çığırma ihtimali veya imkânı bulunmak | Çığırma becerisi bulunmak,,
çığrışmak,Hep birlikte çığlık atmak,,
çıkabilmek,Çıkma ihtimali veya imkânı bulunmak | Çıkmaya gücü yetmek,,
çıkagelmek,Beklenmedik bir zamanda gelmek,,çıka'gelmek
çıkarabilmek,Çıkarma ihtimali veya imkânı bulunmak | Çıkarmaya gücü yetmek,,
çıkarayazmak,Çıkaracak duruma gelmek,,çıkara'yazmak
çıkarılabilmek,Çıkarılma ihtimali veya imkânı bulunmak,,
çıkarılıvermek,Çabucak çıkarılmak,,çıkarılı'vermek
çıkarılmak,Çıkarma işine konu olmak,,
çıkarıvermek,Çabucak veya ansızın çıkarmak,,çıkarı'vermek
çıkarmak,"Birinin veya bir şeyin çıkmasını sağlamak, çıkmasına sebep olmak | Sonunu getirmek | Anlamak, ne olduğunu bilmek, sezmek | Bulmak, ortaya koymak | Öfke, hırs, acı vb.nin zararını çektirmek | Sağlamak, elde etmek | Gibi göstermek, bir davranış yüklemek | İlgisini keserek uzaklaştırmak | Giysi, ayakkabı vb.ni vücuttan ayırmak, soymak | Bir şeyi temizlemek | Ortaya koymak | İkram etmek | Bir müzik parçasını notalarıyla çalmak | Resim yapmak | Fotoğraf çektirmek | Bir şeyi açık etmek | Bir sayıyı başka bir sayı kadar eksiltmek; tarh etmek [matematik]",,
çıkartabilmek,Çıkartma ihtimali veya imkânı bulunmak | Çıkartmaya gücü yetmek,,
çıkartılabilmek,Çıkartılma ihtimali veya imkânı bulunmak,,
çıkartılmak,Çıkartma işi yapılmak,,
çıkartıvermek,Çabucak veya ansızın çıkarmak,,çıkartı'vermek
çıkartmak,Çıkarma işini yapmak,,
çıkarttırmak,Çıkartma işini yaptırmak,,
çıkayazmak,Çıkacak gibi olmak,,çıka'yazmak
çıkılabilmek,Çıkılma ihtimali veya imkânı bulunmak,,
çıkılamak,Çıkı yapmak,,
çıkılanmak,Çıkılama işi yapılmak,,
çıkılatıvermek,Çabucak çıkılatmak,,çıkılatı’vermek
çıkılatmak,Çıkı yaptırmak,,
çıkılmak,Çıkma işi yapılmak,,
çıkınlamak,Çıkına koyup bağlamak,,
çıkışabilmek,Çıkışma ihtimali veya imkânı bulunmak | Çıkışma becerisi bulunmak,,
çıkışamamak,"boy ölçüşememek, eşit derecede olmamak",,
çıkışmak,"Bir kimseye hoşa gitmeyen bir davranışından dolayı sert sözler söylemek, azarlamak | Yeter olmak, yetmek",,
çıkıştırabilmek,Çıkıştırma ihtimali veya imkânı bulunmak,,
çıkıştırmak,Bir şeyi gereken miktara ulaştırmak | Çıkışma işini yaptırmak,,
çıkıvermek,Çabucak veya ansızın çıkmak,,çıkı'vermek
çıkkınlaşmak,"Kabarmak, şişmek",,
çıkmak,"İçeriden dışarıya varmak, gitmek | Elde edilmek, sağlanmak, istihsal edilmek | Bir meslek veya bilim kurumunda okuyup yetişmek, mezun olmak | Bulunduğu yeri bırakıp başka yere geçmek, taşınmak, ayrılmak, ilgisini kesmek | Süresi dolduğunda ayrılmak | Yapılmak, yürümek | Yetişecek ölçüde olmak | Bir şeyden bir şey eksilmek | Meydana gelmek | Sıyrılmak, ayrılmak | Herhangi bir durumda olduğu anlaşılmak | Bir durumla ilgili niteliklerini yitirmek, bir durumdan başka bir duruma geçmek | Bir şeyin yukarısına doğru yürümek | Bir inceleme, bir araştırma sonucu ... bulunmak | Yetkili birinin makamına iş için gitmek | Talihine veya payına düşmek, isabet etmek, vurmak | Bir konu yetkililerce karara bağlanmak | Mal olmak | Oyunda herhangi bir rolü oynamak | Bir yere ulaşmak, varmak | Karaya ayak basmak | Yayılmak, duyulmak | Olmak, bulunmak, var olmak | Bir iddia ile ortalıkta görünmek | Koku, ses vb. yayılmak | Karşı gelebilmek, boy ölçüşmek | Bir şey bulaşmak | Binaya kat eklemek | Bir sebeple bulunulan yerden ayrılmak | Niteliği sonradan anlaşılmak | Belirmek, tanınmak | Davranışta herhangi bir niteliği bulunmak | Yerinden oynamak | Görünür veya belli bir durumda bulunmak | Oluşmak, olmak | Piyasaya sürülmek | Bitmek, büyümek, sürmek | Emir, talimat vb. verilmek | Ay veya mevsim geçmek | Yeni yetişip satışa sunulmak | Sesini yükseltmek | Giderilmek, yok olmak | Bir şeyi unutmak | Ay, Güneş görünmek | Kitap, dergi vb. yayımlanmak | Aktarılmış olmak | Gerçek hâle gelmek | Bulunduğu yerden fırlamak, kopmak | Bir şeyin düzeni bozulmak, eskisinden daha değişik, kötü bir duruma girmek | Flört etmek | Erişmek, görmek | Harcamak zorunda kalmak | Vermeye katlanmak",,
çıldırabilmek,Çıldırma ihtimali bulunmak,,
çıldırıvermek,Ansızın çıldırmak,,çıldırı'vermek
çıldırmak,"Delirmek, aklını oynatmak | Israrlı bir biçimde istemek, büyük arzu göstermek",,
çıldırtabilmek,Çıldırtma ihtimali veya imkânı bulunmak | Çıldırtma becerisi bulunmak,,
çıldırtmak,Çıldırmasına sebep olmak,,
çılgınlaşabilmek,Çılgınlaşma ihtimali veya imkânı bulunmak | Çılgınlaşma becerisi bulunmak,,
çılgınlaşmak,Çılgınca davranışlarda bulunmak,,
çımbarlamak,Dokunmakta olan halının veya bezin kenarını çımbarla geriye alma; cımbarlamak,,
çımkırmak,Kuş pislemek,,
çıngırdamak,Çıngırak sesi çıkarmak,,
çıngırdatmak,Çıngırak sesi çıkarmasını sağlamak,,
çınlamak,"""Çın"" diye ses çıkarmak | Yankı vermek",,
çınlatabilmek,Çınlatma ihtimali veya imkânı bulunmak | Çınlatmaya gücü yetmek,,
çınlatmak,Çınlamasını sağlamak,,
çınlayabilmek,Çınlama ihtimali bulunmak,,
çıpalamak,"Gemi, kayık vb.nin dalgalara, akıntılara kapılarak yer değiştirmesini çıpa aracılığıyla önlemek [denizcilik] | Gemi, kayık vb.ni çıpa aracılığıyla çıpaya bağlı halatın uzunluğu ölçüsünde, dar bir bölgede tutmak | Herhangi bir yatırım aracını esas almak [ekonomi]",,
çıplaklaşmak,Çıplak duruma gelmek,,
çıplaklaştırmak,Çıplak duruma getirmek,,
çıplanmak,Çıplak duruma gelmek,,
çırçırlamak,"Pamuk, keten, kendir vb. bitkisel dokuma ham maddelerini çekirdek veya kabuklarından temizlemek",,
çırçırlanmak,Çırçırlamak işi yapılmak,,
çırpabilmek,Çırpma ihtimali veya imkânı bulunmak | Çırpmaya gücü yetmek | Çırpma becerisi bulunmak,,
çırpılabilmek,Çırpılma ihtimali veya imkânı bulunmak,,
çırpılmak,Çırpma işine konu olmak,,
çırpınabilmek,Çırpınma ihtimali bulunmak | Çırpınmaya gücü yetmek,,
çırpınıvermek,Ansızın çırpınmak,,çırpını'vermek
çırpınmak,Acı ile debelenmek; çarpınmak | Kaslar birdenbire kendiliğinden ve düzensiz bir biçimde kımıldamak; ihtilaç etmek | Ses çıkararak hafifçe dalgalanmak | Ne yapacağını şaşırmış bir durumda üzülmek ve telaşlanmak | Çok istenilen bir şeyi gerçekleştirebilmek için aşırı derecede çaba harcamak,,
çırpışmak,Kuşlar kanatlarını oynatmak,,
çırpıştırılmak,Çırpıştırma işi yaptırılmak,,
çırpıştırıvermek,Çabucak çırpıştırmak,,çırpıştırı'vermek
çırpıştırmak,"Hafif hafif vurmak, dövmek, çarpmak | Bir şeyi özensiz, gelişigüzel, üstünkörü ve çabucak yapıvermek | Hırsızlık yapmak",,
çırpmak,"Halı, kilim vb. şeyleri hızla ve kesik kesik silkelemek; dövmek | İki şeyi birbirine çarpmak | Bir şeyin ucundan bir parça kesmek | Sulu yiyecekleri hızla ve sürekli olarak çatal, kaşık vb. ile karıştırmak | Çalmak, hırsızlık etmek | Güreşte rakibinin kollarını beli hizasında sımsıkı kavrayarak minderde kendi üzerinden sağa ve sola sırtüstü savurmak [spor] | Uzun bir sırıkla ceviz, badem, zeytin vb. meyveleri ağaca vurarak dökmek | Kuşlar kanatlarını vurarak uçmak",,
çırptırmak,Çırpma işini yaptırmak,,
çıtçıtlamak,Çıtçıtla tutturmak,,
çıtırdamak,Çıtır çıtır ses çıkarmak,,
çıtırdatabilmek,Çıtırdatma ihtimali veya imkânı bulunmak,,
çıtırdatmak,Çıtır çıtır ses çıkarmasına yol açmak,,
çıtırdayabilmek,Çıtırdama ihtimali bulunmak,,
çıtlamak,"""Çıt"" sesi çıkarmak",,
çıtlatabilmek,Çıtlatma ihtimali veya imkânı bulunmak | Çıtlatmaya gücü yetmek,,
çıtlatılabilmek,Çıtlatılma ihtimali veya imkânı bulunmak,,
çıtlatılmak,Çıtlatma işi yapılmak,,
çıtlatıvermek,Çabucak çıtlatmak,,çıtlatı'vermek
çıtlatmak,"Bir şeyden ""çıt"" sesi çıkarmak | Antep fıstığının kabuğunu aralamak | İş parçalarının bazı yerlerini oyup çıkarmadan makasla kesmek | Bir kimseye, bilmediği bir şeyden ancak sezdirecek kadar söz etmek",,
çıtlayabilmek,Çıtlama ihtimali veya imkânı bulunmak,,
çıvmak,"Atlamak, sıçramak, zıplamak",,
çiçeklemek,Çiçek dikmek | Çiçekle donatmak | Çiçekli bir durumdaymış gibi göstermek,,
çiçeklendirmek,Çiçekli duruma getirmek | Çiçekli bir durumdaymış gibi görünmek,,
çiçeklenebilmek,Çiçeklenme ihtimali veya imkânı bulunmak,,
çiçeklenivermek,Çabucak çiçeklenmek,,çiçekleni'vermek
çiçeklenmek,"Çiçek açmak, çiçek vermek, çiçekli duruma gelmek | Gelişmeye başlamak | Tazelenmek, gençleşmek",,
çiçekleşmek,"Çiçek durumuna girmek, çiçek gibi olmak",,
çiçeksimek,"Çiçek gibi olmak | Kristal durumunda bulunan bir bileşik, kristal suyunu yitirip beyazımsı bir toz durumunu almak [kimya] | Deride leke, sivilce, çiçek gibi döküntüler belirmek [tıp]",,
çiftelemek,"Hayvan arka ayaklarıyla tepmek, çifte vurmak | Gemi havanın sertleşmesi üzerine ikinci demirini de atmak [denizcilik]",,
çiftelenmek,Çifte yemek,,
çifteleşmek,Birbirini çiftelemek,,
çifteleyebilmek,Çifteleme ihtimali veya imkânı bulunmak | Çiftelemeye gücü yetmek | Çifteleme becerisi bulunmak,,
çiftlemek,Çift duruma getirmek; ikilemek | Dişi ile erkeği bir araya getirmek,,
çiftlenmek,İkili duruma getirilmek,,
çiftleşebilmek,Çiftleşme ihtimali veya imkânı bulunmak | Çiftleşme becerisi bulunmak,,
çiftleşmek,"Bir şey tekken bir tanesinin daha katılmasıyla iki olmak; eşleşmek | Erkek ve dişi hayvan veya bitki hücreleri döllenmek için bir araya gelmek; eşleşmek, karılmak, karınmak",,
çiftleştirebilmek,Çiftleştirme ihtimali veya imkânı bulunmak | Çiftleştirmeye gücü yetmek,,
çiftleştirilebilmek,Çiftleştirilme ihtimali veya imkânı bulunmak,,
çiftleştirilmek,Çiftleşmesi sağlanmak,,
çiftleştirmek,Çift yapmak | Hayvanları çiftleşmek üzere bir araya getirmek,,
çiğleşmek,"Göze batmak | Kaba, yersiz, yakışıksız davranışlarda bulunmak",,
çiğnemek,"Ağza alınan bir şeyi dişler arasında ezmek, öğütmek | Ayağı veya tekerleği altına alarak ezmek | Sayılması gereken bir şeyi saymamak, itibar etmemek, ayaklar altına almak | Egemenliği altına almak",,
çiğnenebilmek,Çiğnenme ihtimali veya imkânı bulunmak,,
çiğnenmek,Çiğneme işi yapılmak | İşgal altına alınmak,,
çiğnetebilmek,Çiğnetme ihtimali veya imkânı bulunmak | Çiğnetmeye gücü yetmek,,
çiğnetilmek,Çiğnenmesi sağlanmak,,
çiğnetmek,Çiğneme işini yaptırmak,,
çiğneyebilmek,Çiğneme ihtimali veya imkânı bulunmak | Çiğnemeye gücü yetmek,,
çiğneyivermek,Çabucak veya ansızın çiğnemek,,çiğneyi'vermek
çilemek,"Yağmur çiselemek | Nemlenmek, ıslanmak | Bülbül şakımak",,
çillenmek,"Bitki köklerinde kılı andıran uzantılar çıkmak | Yüz vb.nde çil oluşmak | Eşya, yiyecek vb. lekeli, çilli hâle gelmek",,
çimdiklemek,Bir kimsenin etini başparmakla işaret parmağı arasında kıstırarak sıkıp acıtmak | Bir bütünden küçük küçük parçalar koparmak,,
çimdiklenmek,Çimdik atılmak,,
çimdirmek,Çimme işini yaptırmak,,
çimek,Çimecek yer,,
çimenlemek,"Çimenli hâle getirmek, çimen ekmek",,
çimentolamak,"Çimento sürmek, çimento ile sıvamak",,
çimentolanmak,"Çimento sürülmek, çimento ile kaplanmak",,
çimentolatmak,"Çimento ile sıvatmak, çimento karışımı malzeme ile yaptırmak",,
çimentolayabilmek,Çimentolama ihtimali veya imkânı bulunmak | Çimentolamaya gücü yetmek,,
çimlemek,Çim ekmek,,
çimlendirebilmek,Çimlendirme ihtimali veya imkânı bulunmak | Çimlendirmeye gücü yetmek,,
çimlendirilebilmek,Çimlendirilme ihtimali veya imkânı bulunmak,,
çimlendirilmek,Çimlenmesi sağlanmak,,
çimlendirmek,Çimlenmesini sağlamak,,
çimlenivermek,Çabucak çimlenmek,,çimleni'vermek
çimlenmek,"Tohum çim hâline gelmek | Çimle kaplanmak | Üzerinde çim bitmek | Patates, soğan vb. ürünlerin üzerinde filiz oluşmak | Yiyeceklerden azar azar alıp yemek | Yeni bir oluşum, düşünce biçimi doğmak | Kendinin olmayan şeylerden biraz yarar sağlamak",,
çimmek,Suya dalıp çıkmak,,
Çingeneleşmek,Çingenelere özgü yaşayış tarzını benimsemek | Çingene gibi davranmak,,
çipilleşmek,Gözleri çipil duruma gelmek,,
çirişlemek,Çiriş sürmek,,
çirişlenmek,Çiriş sürülmek,,
çirkefleşebilmek,Çirkefleşme ihtimali bulunmak | Çirkefleşme becerisi bulunmak,,
çirkefleşmek,Çirkef durumuna gelmek,,
çirkinleşebilmek,Çirkinleşme ihtimali bulunmak | Çirkinleşme becerisi bulunmak,,
çirkinleşivermek,Ansızın çirkinleşmek,,çirkinleşi'vermek
çirkinleşmek,Çirkin bir duruma gelmek,,
çirkinleştirebilmek,Çirkinleştirme ihtimali veya imkânı bulunmak | Çirkinleştirmeye gücü yetmek,,
çirkinleştirilebilmek,Çirkinleştirilme ihtimali veya imkânı bulunmak,,
çirkinleştirilmek,Çirkinleşmesi sağlanmak,,
çirkinleştirmek,Çirkin bir duruma getirmek,,
çirkinsemek,Bir şeyi çirkin bulmak,,
çirozlaşmak,"Uskumru, yumurtasını atarak zayıflamak | Çok zayıflamak",,
çiselemek,Yağmur yavaşça ve ince ince yağmak; çisemek,,
çiseleyivermek,Yağmur ansızın çiselemek,,çiseleyi'vermek
çitilemek,Kirini çıkarmak için çamaşırın iki yanını birbirine sürtmek,,
çitilenmek,Çitileme işine konu olmak,,
çitilmek,Çitme işine konu olmak,,
çitlemek,"Kabak çekirdeği, ayçiçeği, fıstık vb.nin kabuklarını çıkararak yemek | Çitle çevirmek",,
çitmek,"Bir araya getirmek; çitilemek (II), çitimek | Deri, örgü veya kumaştaki deliği örerek yamamak; çitilemek, çitimek | Tarağın dişlerini iplikle bağlayıp sıkıştırmak",,
çivilemek,"Bir şeyi bir yere çivi ile tutturmak; mıhlamak | Aynı noktaya sürekli olarak bakmak | Bir kişiyi öldürmek | Olduğu yerde hareketsiz bırakmak | Sabitleştirmek, kesin olarak yerleştirmek",,
çivilenebilmek,Çivilenme ihtimali veya imkânı bulunmak,,
çivilenmek,Çivi ile tutturulmak; mıhlanmak | Bir yerde hareketsiz kalmak,,
çiviletmek,Çivi çaktırmak,,
çivileyebilmek,Çivileme ihtimali veya imkânı bulunmak; mıhlayabilmek | Çivilemeye gücü yetmek; mıhlayabilmek,,
çivileyivermek,Ansızın veya çabucak çivilemek; mıhlayıvermek,,çivileyi'vermek
çivitlemek,Çamaşırı çivitli suya sokup sarılığını gidermek,,
çivitlenmek,Çivitleme işine konu olmak,,
çiylemek,"Yağmur, hafif ve ince yağmak",,
çizdirebilmek,Çizdirme ihtimali bulunmak | Çizdirmeye gücü yetmek,,
çizdirilebilmek,Çizdirilme ihtimali bulunmak,,
çizdirilmek,Çizdirme işine konu olmak,,
çizdirmek,Çizme işini yaptırmak,,
çizebilmek,Çizme ihtimali veya imkânı bulunmak | Çizme becerisi bulunmak,,
çizgilemek,"Çizgi çekmek, karikatür çizmek",,
çizgilenmek,Çizgi meydana gelmek,,
çizgileşmek,Çizgi durumuna gelmek,,
çizgileştirmek,Yazılı duruma getirmek,,
çizginmek,Bir şeyin etrafında dönüp durmak | Tereddüt etmek,,
çiziktirebilmek,Çiziktirme ihtimali veya imkânı bulunmak | Çiziktirme becerisi bulunmak,,
çiziktirivermek,Çabucak çiziktirmek,,çiziktiri'vermek
çiziktirmek,"Çabucak çizmek; cızıktırmak, çızıktırmak | Baştan savma yazmak, gelişigüzel karalamak; cızıktırmak, çızıktırmak",,
çizilebilmek,Çizilme ihtimali veya imkânı bulunmak,,
çizilivermek,Çabucak veya ansızın çizilmek,,çizili'vermek
çizilmek,Çizme işine konu olmak,,
çizivermek,Çabucak çizmek,,çizi'vermek
çizmek,"Çizgi çekmek | Bir şeyin resmini yapmak | Çizgiler hâlinde belirtmek, desenini yapmak | Çizgi biçiminde yaralamak | Yüzeyi çizgi biçiminde bozmak | Geçersiz kılmak için üzerine çizgi çekmek | Kişiyle ilgiyi kesmek, bağı koparmak",,
çocuklamak,"Doğurmak, dünyaya getirmek",,
çocuklaşabilmek,Çocuklaşma ihtimali bulunmak,,
çocuklaşmak,Çocuk gibi davranışlarda bulunmak | Çocuğa benzer durum almak,,
çocuklaştırmak,Çocuklaşmasına yol açmak,,
çocuksulaşmak,Çocuksu duruma gelmek,,
çoğalabilmek,Çoğalma ihtimali veya imkânı bulunmak,,
çoğalıvermek,Çabucak veya ansızın çoğalmak,,çoğalı'vermek
çoğalmak,"Azken çok olmak, çok duruma gelmek; artmak (II), bereketlenmek, fazlalaşmak, yükselmek, ziyadeleşmek",,
çoğaltabilmek,Çoğaltma ihtimali veya imkânı bulunmak | Çoğaltmaya gücü yetmek,,
çoğaltılabilmek,Çoğaltılma ihtimali veya imkânı bulunmak,,
çoğaltılmak,Çoğalması sağlanmak,,
çoğaltıvermek,Çabucak çoğaltmak,,çoğaltı'vermek
çoğaltmak,"Miktarını, sayısını, ölçüsünü artırmak; çoğullaştırmak, çoklaştırmak, fazlalaştırmak, ziyadeleştirmek | Çoğaltma makinesi kullanılarak sayısını artırmak; teksir etmek",,
çoğalttırmak,Çoğaltma işini yaptırmak,,
çoğullamak,Çoğul duruma getirmek,,
çoğullaşmak,Çoğul duruma gelmek,,
çoğullaştırılmak,Bir kelime çokluk ifade edecek biçime getirilmek,,
çoğumsamak,"Bir şeyin düşünülenden daha çok olduğu yargısına varmak, çok görmek, çok bulmak",,
çoksamak,Çok görmüş olmak,,
çomak,Ucu topuzlu değnek,,
çomaklamak,Çomakla vurmak | Bozguncu hareket ve davranışta bulunmak,,
çopurlaşmak,Çopur duruma gelmek,,
çopurlaştırmak,Çopur duruma getirmek,,
çoraklaşabilmek,Çoraklaşma ihtimali bulunmak,,
çoraklaşmak,Çorak duruma gelmek,,
çoraklaştırabilmek,Çoraklaştırma ihtimali bulunmak | Çoraklaştırmaya gücü yetmek,,
çoraklaştırılmak,Çorak duruma getirilmek,,
çoraklaştırmak,Çorak duruma getirmek,,
çöğdürmek,İleri doğru fışkırtmak,,
çöğmek,Aşağıya inmek,,
çöğünmek,Bir yanı inerken öbür yanı kalkmak,,
çökebilmek,Çökme ihtimali veya imkânı bulunmak | Çökmeye gücü yetmek,,
çökelmek,Bir sıvının içinde erimiş olan katı bir madde bir ayıracın yardımıyla sıvı dibine çökmek; teressüp etmek [kimya],,
çökeltebilmek,Çökeltme ihtimali veya imkânı bulunmak [kimya] | Çökeltmeye gücü yetmek,,
çökeltilebilmek,Çökeltilme ihtimali veya imkânı bulunmak [kimya],,
çökeltilmek,Çökelmesi sağlanmak [kimya],,
çökeltmek,"Çökelmeye uğratmak, çökelmesini sağlamak [kimya] | Moral çöküntüsü yaratmak",,
çökermek,Devenin çökmesini sağlamak,,
çökertebilmek,Çökertme ihtimali veya imkânı bulunmak | Çökertmeye gücü yetmek,,
çökertilebilmek,Çökertilme ihtimali veya imkânı bulunmak,,
çökertilmek,Çökertme işine konu olmak,,
çökertivermek,Çabucak veya ansızın çökertmek,,çökerti'vermek
çökertmek,"Çöktürüp oturtmak | Bulunduğu yere yıkmak, çökmesini sağlamak | Moral bozmak, dağınıklığa yol açmak",,
çökkünleşmek,Çökkün duruma gelmek,,
çökmek,"Bulunduğu düzeyden aşağı inmek; çukurlaşmak, batmak, obrumak | Üzerinde bulunduğu yere yıkılmak | Oturmak, birdenbire oturmak | Birinin, bir şeyin üzerine çullanmak | Deve, sığır vb. olduğu yere oturmak | Şakak, avurt vb. içeri doğru girmek; çukurlaşmak | Basmak, yayılmak | Sis, duman vb. inerek kaplamak | Sarsılıp dinçliğini yitirmek | Tortu dibe inmek | Son bulmak, yıkılıp dağılmak; göçmek | Yoğun bir biçimde duymak",,
çöktürmek,"Çökmesine yol açmak, çökmesine sebep olmak",,
çöktürtmek,Çöktürme işini yaptırmak,,
çöktürülmek,Çökmesi sağlanmak,,
çöküşmek,Birlikte çökmek | Bir şeyin başına çöküp toplanmak,,
çöküvermek,Ansızın çökmek,,çökü'vermek
çölleşebilmek,Çölleşme ihtimali bulunmak,,
çölleşmek,"Bir arazi, verimli toprağı akıp çöl durumuna gelmek | Yeni bilgi, düşünce ve değer üretememek",,
çölleştirilmek,"Çöl durumuna getirilmek | İşlevsiz, bir şey üretemez duruma getirilmek",,
çölleştirmek,Çöl durumuna getirmek | Düşünce ve değer üretme özelliğini yitirmek,,
çömelebilmek,Çömelme ihtimali veya imkânı bulunmak | Çömelmeye gücü yetmek,,
çömelivermek,Çabucak veya ansızın çömelmek,,çömeli'vermek
çömelmek,"Dizlerini bükerek topukları üzerine oturmak; çömmek, çökmek",,
çömeltilmek,Çömelmesi sağlanmak,,
çömeltmek,Çömelme işini yaptırmak,,
çöplemek,"Pirinç, bulgur, fasulye vb.nin içindeki taşı, çöpü temizlemek",,
çöplenebilmek,Çöplenme ihtimali veya imkânı bulunmak,,
çöplenmek,Çeşitli yiyeceklerden azar azar yemek | Kendine açıktan ufak tefek çıkarlar sağlamak,,
çöreklenebilmek,Çöreklenme ihtimali veya imkânı bulunmak,,
çöreklenmek,"Yılan halka durumunda kıvrılıp toplanmak | Rahat bir biçimde yayılıp oturmak | Bir yerde, orada yaşayanları rahatsız etme pahasına sürekli kalmak, yerleşmek | Bir duyguyu güçlü ve sürekli olarak duymak",,
çözdürebilmek,Çözdürme ihtimali veya imkânı bulunmak | Çözdürmeye gücü yetmek,,
çözdürmek,Çözme işini yaptırmak,,
çözdürülebilmek,Çözdürülme ihtimali veya imkânı bulunmak,,
çözdürülmek,Çözülmesi sağlanmak,,
çözebilmek,Çözme ihtimali veya imkânı bulunmak | Çözme becerisi bulunmak,,
çözmek,"Düğümlü, bağlı veya sarılı bir şeyi açmak | Düğmeyi iliğinden açmak | Saçı açmak | Bulmaca, sorun vb.nin bilinmeyen, gizli noktasını bulup açıklamak, sonuca bağlamak | Bir maddeyi çözücüyle çözündürmek, onun çözeltisini yapmak [kimya] | Bir problemde aranan sonucu, belli ögeler yardımıyla ortaya çıkarmak; halletmek [matematik] | Çözgü ipini tezgâha yerleştirmek",,
çözülebilmek,Çözülme ihtimali veya imkânı bulunmak,,
çözülmek,"Çözme işine konu olmak | Gevşeyip yumuşamak, erimeye başlamak | Birliğini, beraberliğini yitirmek, dağılmak, parçalanmak | Güçsüz kalmak; gevşemek | Dağılmak, çökmek",,
çözülüvermek,Çabucak veya ansızın çözülmek,,çözülü'vermek
çözümlemek,"Çözümleme yoluyla bir şeyi incelemek; tahlil etmek, analizlemek, analiz etmek | Anlamı ve niteliği anlaşılamayan bir konuyu açıkladıktan sonra sonuca bağlamak; tahlil etmek, analiz etmek",,
çözümlenebilmek,Çözümlenme ihtimali veya imkânı bulunmak,,
çözümlenivermek,Çabucak çözümlenmek,,çözümleni'vermek
çözümlenmek,"Çözümleme işine konu olmak; analiz edilmek, tahlil edilmek | Onluk sayma düzeninde, sayılar basamak değerlerine ayrılarak yazılmak [matematik]",,
çözümleyebilmek,Çözümleme ihtimali veya imkânı bulunmak | Çözümleme becerisi bulunmak,,
çözümleyivermek,Çabucak çözümlemek,,çözümleyi'vermek
çözümsüzleşmek,"Bir iş, bir konu artık çözülemez duruma gelmek",,
çözümsüzleştirilmek,Çözümsüz duruma getirilmek,,
çözümsüzleştirmek,Çözümsüz duruma getirmek,,
çözündürebilmek,Çözündürme ihtimali veya imkânı bulunmak [kimya] | Çözündürmeye gücü yetmek,,
çözündürmek,Çözünmesini sağlamak [kimya],,
çözündürülmek,Çözünmesi sağlanmak,,
çözünebilmek,Çözünme ihtimali bulunmak,,
çözünmek,"Çözülme işine konu olmak; dağılmak, erimek",,
çözüşmek,Bir şeyi oluşturan ögeler birbirinden ayrılmak,,
çözüştürmek,Çözüşme işini yaptırmak,,
çözüvermek,Çabucak çözmek,,çözü'vermek
çubuklamak,"Halı, kilim vb. örtülerin tozunu temizlemek veya şilte, pamuk gibi şeyleri kabartıp düzeltmek için üzerlerine değnekle vurmak | Büyükbaş ve küçükbaş hayvanları hareket ettirmek için değnekle vurmak | Ceviz, badem vb.ni çubukla dalından dökmek",,
çukurlanmak,Çukur durumuna girmek veya çukurlu olmak,,
çukurlaşmak,Çukur duruma gelmek,,
çukurlaştırılmak,Çukur durumuna getirilmek,,
çukurlaştırmak,Çukur duruma getirmek,,
çukurlatmak,Çukur durumuna getirmek veya çukurlu yapmak,,
çullamak,Hayvana çul örtmek | Fırtınalı denizde dalgalar güverteye su atmak,,
çullanabilmek,Çullanma ihtimali veya imkânı bulunmak | Çullanmaya gücü yetmek | Çullanma becerisi bulunmak,,
çullandırabilmek,Çullandırma ihtimali veya imkânı bulunmak | Çullandırmaya gücü yetmek | Çullandırma becerisi bulunmak,,
çullandırmak,Çullanmasına sebep olmak,,
çullanıvermek,Aniden çullanmak,,çullanı'vermek
çullanmak,"Alta almak için birinin üzerine abanmak | Birine beklemediği bir anda saldırmak | Birini bezdirecek, bıktıracak kadar üzerine gitmek",,
çuvallamak,"Çuvala doldurmak | Başaracağını vehmettiği bir işte başarısız olmak, başaramamak",,
çuvallanmak,Çuvallama işine konu olmak,,
çuvallatabilmek,Çuvallatma ihtimali veya imkânı bulunmak | Çuvallatma becerisi bulunmak,,
çuvallatmak,Çuvallamasını sağlamak,,
çuvallayabilmek,Çuvallama ihtimali veya imkânı bulunmak | Çuvallamaya gücü yetmek,,
çuvallayıvermek,Çabucak veya ansızın çuvallamak,,çuvallayı'vermek
çürümek,"Genellikle mikroorganizmaların etkisiyle, kimyasal değişikliğe uğrayarak bozulup dağılmak; ufunet | Sağlamlığını, dayanıklılığını yitirmek | Vurulma veya sıkışma yüzünden vücutta lekeler oluşmak | Yıpranmak, çökmek | Bir düşünce temelsiz ve kanıtsız kalmak",,
çürütebilmek,Çürütme ihtimali veya imkânı bulunmak | Çürütmeye gücü yetmek,,
çürütmek,"Çürümesine sebep olmak | Eti bayatlatıp gevrek bir duruma getirmek | Doğru olarak ileri sürülen bir düşüncenin, bir davanın, bir iddianın yanlışlığını ortaya koymak",,
çürütülebilmek,Çürütülme ihtimali veya imkânı bulunmak,,
çürütülmek,"Çürütme işine konu olmak | Doğru olarak ileri sürülen düşüncenin, davanın, iddianın yanlışlığı, gerçeklere dayanmadığı ortaya çıkarılmak",,
çürütüvermek,Çabucak çürütmek,,çürütü'vermek
çürüyüvermek,Çabucak veya ansızın çürümek,,çürüyü'vermek
dadanabilmek,Dadanma ihtimali veya imkânı bulunmak | Dadanmaya gücü yetmek,,
dadandırmak,Dadanmasına yol açmak,,
dadanmak,"Tadını aldığı, hoşlandığı bir şeyi sık sık istemek | Yarar, çıkar amacıyla veya alışkanlıkla bir yere sık uğramak; abone olmak",,
dağılabilmek,Dağılma ihtimali veya imkânı bulunmak,,
dağılıvermek,Çabucak veya ansızın dağılmak,,dağılı'vermek
dağılmak,"Toplu durumdayken ayrılıp birbirinden uzaklaşmak | Değer ve birimler belli etkenlerle, oranlı olarak bölünmek | Parçalanarak yayılmak, ufalanmak | Karışık duruma gelmek, düzeni bozulmak | Birliği, beraberliği bozulmak | Bir topluluğun, kuruluşun varlığı son bulmak; fesholunmak, münfesih olmak | Yavaş yavaş kaybolmak, yok olmak",,
dağıtabilmek,Dağıtma ihtimali veya imkânı bulunmak | Dağıtmaya gücü yetmek,,
dağıtılabilmek,Dağıtılma ihtimali veya imkânı bulunmak,,
dağıtılıvermek,Çabucak dağıtılmak,,dağıtılı'vermek
dağıtılmak,Dağıtma işi yapılmak,,
dağıtıvermek,Çabucak veya ansızın dağıtmak,,dağıtı'vermek
dağıtmak,"Toplu durumda bulunanları birbirinden uzaklaştırmak veya ayırmak | Belli bir orana göre bölüştürmek; tevzi etmek | Herhangi bir şeyi ayrı ayrı kimselere vermek | Bir şeyin veya bir yerin düzenini bozmak | Yenilgiye uğratmak | Bir topluluğun varlığına son vermek; feshetmek | Kurulu bir düzeni bozmak | Etkisini, gücünü azaltmak, gidermek | Ne yaptığını bilmeyecek kadar içip kendinden geçmek | Değişik sebeplerle kendini koyuvermek, beklenmedik davranışlarda bulunmak",,
dağıttırmak,Dağıtma işini yaptırmak,,
dağlamak,"Kızgın bir demirle hayvan derisine damga vurmak | Akan kanı dindirmek veya hasta bölümleri ortadan kaldırmak için vücudun bir yerini kızdırılmış bir metal araçla yakmak | Çok sıcak, soğuk veya acı bir şey yakmak | Acısı yüreğine işlemek",,
dağlanıvermek,Çabucak dağlanmak,,dağlanı'vermek
dağlanmak,Dağlama işine konu olmak,,
dağlatmak,Dağlama işini yaptırmak,,
dağlayabilmek,Dağlama ihtimali veya imkânı bulunmak | Dağlamaya gücü yetmek,,
dağlayıvermek,Çabucak dağlamak,,dağlayı'vermek
dahletmek,"Karışmak, burnunu sokmak",Arapça daḫl + Türkçe etmek,da'hletmek
dalabilmek,Dalma ihtimali veya imkânı bulunmak | Dalmaya gücü yetmek | Dalma becerisi bulunmak,,
dalamak,"Köpek, kurt vb. hayvanlar dişlemek, ısırmak; haşlamak | Zehirli böcek, ısırgan otu, sert kumaş dokunarak teni acıtmak veya kaşındırmak; batmak, yemek (II)",,
dalanmak,Dalama işine konu olmak,,
dalaşabilmek,Dalaşma ihtimali veya imkânı bulunmak | Dalaşmaya gücü yetmek,,
dalaşmak,Köpekler boğuşup birbirini ısırmak | Ağız kavgası etmek,,
dalaştırmak,Dalaşmasına yol açmak,,
daldalanmak,Gölgeli yere saklanmak,,
daldırabilmek,Daldırma ihtimali veya imkânı bulunmak | Daldırma becerisi bulunmak,,
daldırılabilmek,Daldırılma ihtimali veya imkânı bulunmak,,
daldırılmak,Daldırma işine konu olmak,,
daldırıvermek,Ansızın daldırmak,,daldırı'vermek
daldırmak,"Dalma işini yaptırmak, dalmasına sebep olmak",,
daldırtmak,Daldırmasını sağlamak,,
dalgalanabilmek,Dalgalanma ihtimali veya imkânı bulunmak,,
dalgalandırabilmek,Dalgalandırma ihtimali veya imkânı bulunmak | Dalgalandırmaya gücü yetmek,,
dalgalandırılmak,Dalgalanması sağlanmak,,
dalgalandırmak,"Dalgalı duruma getirmek, dalgalanmasını sağlamak; çalkandırmak",,
dalgalanıvermek,Çabucak veya ansızın dalgalanmak,,dalgalanı'vermek
dalgalanmak,"Üzerinde dalga oluşmak; çalkalanmak, talazlanmak | Renk, ton değiştirmek | Hareketli olmak | Tutarlı olamamak, tutarlı davranışlarda bulunamamak; yüzmek (I)",,
dalgınlaşabilmek,Dalgınlaşma ihtimali bulunmak,,
dalgınlaşmak,Dalgın duruma gelmek,,
dalgınlaştırmak,Dalgın duruma getirmek,,
dalıvermek,Çabucak veya ansızın dalmak,,dalı'vermek
dalkavuklaşmak,Dalkavukça davranmaya başlamak,,
dallamak,"Bir işten alıkoymak, el çektirmek, pasifleştirmek",,
dallanabilmek,Dallanma ihtimali veya imkânı bulunmak,,
dallandırılmak,"Dallanmasına yol açılmak, dallanması sağlanmak",,
dallandırmak,"Dallanmasına yol açmak | Bir işi, bir sorunu büyütüp karışık duruma getirmek",,
dallanıvermek,Çabucak dallanmak,,dallanı'vermek
dallanmak,"Dal vermek | Yayılmak, genişlemek | Bir iş, bir sorun karışık, güç bir duruma girmek",,
dalmak,"Suyun içine bütün vücuduyla ve hızla girmek | Bir yerin içine girmek | Kendini bilmez duruma gelmek, kendinden geçmek | Başka bir şeyle uğraşamayacak veya başka bir şeyi düşünemeyecek biçimde kendini bir şeye kaptırmak; daldırmak | Güreşte rakibinin bacağını aniden tutmak [spor]",,
damak,Ağız boşluğunun tavanı [anatomi],,
damaksıllaşmak,"Bir kelimede art damaktan çıkan bir ünsüz veya kalın bir ünlü ön damağa kayıp yumuşamak ve incelmek: yana > yine, alma > elma vb [dil bilgisi]",,
damaksıllaştırmak,Bir fonemin boğumlanma noktasını sert damağa doğru kaydırmak [dil bilgisi],,
damarlanmak,Damarlı duruma gelmek,,
damgalamak,"Bir şeyin üzerine damga ile işaret yapmak, damga vurmak | Bir kimseye, gerçeğe dayanmadan herhangi bir özellik veya nitelik yüklemek | Birine yüz kızartıcı bir suç yüklemek",,
damgalanabilmek,Damgalanma ihtimali veya imkânı bulunmak,,
damgalanıvermek,Çabucak damgalanmak,,damgalanı'vermek
damgalanmak,Damgalama işine konu olmak,,
damgalatmak,Damgalama işini yaptırmak,,
damgalayabilmek,Damgalama ihtimali veya imkânı bulunmak | Damgalamaya gücü yetmek,,
damgalayıvermek,Çabucak damgalamak,,damgalayı'vermek
damıtabilmek,Damıtma ihtimali veya imkânı bulunmak [kimya] | Damıtmaya gücü yetmek,,
damıtılabilmek,Damıtılma ihtimali veya imkânı bulunmak [kimya],,
damıtılmak,Damıtma işi yapılmak veya damıtma işine konu olmak [kimya],,
damıtmak,"Bir sıvıyı buhar durumuna getirdikten sonra soğutup yabancı maddelerden arınmış hâlde yeniden damla damla elde etmek; imbikten geçirmek, taktir etmek [kimya] | Sıvı karışımlarda, karmaşık, değişken birleşimleri oluşturan ögeleri, özellikleri belirli ürünlere ayırmak; damlatmak | Daha öz ve saf bir duruma getirmek",,
damlamak,"Damla durumunda tane tane düşmek | İçindekini damla damla akıtmak | Bir yere çağrılmadan, çekinmeden gitmek",,
damlatabilmek,Damlatma ihtimali veya imkânı bulunmak | Damlatmaya gücü yetmek,,
damlatılabilmek,Damlatılma ihtimali veya imkânı bulunmak,,
damlatılmak,Damlatma işi yapılmak,,
damlatıvermek,Çabucak veya ansızın damlatmak,,damlatı'vermek
damlatmak,Damla damla akıtmak,,
damlayabilmek,Damlama ihtimali veya imkânı bulunmak,,
damlayıvermek,Ansızın damlamak,,damlayı'vermek
dandikleşmek,Dandik bir duruma gelmek,,
dangalaklaşmak,Dangalak gibi davranmaya başlamak,,
dangırdamak,"Yüksek sesle, bağıra bağıra konuşmak",,
danışabilmek,Danışma ihtimali veya imkânı bulunmak,,
danışılabilmek,Danışılma ihtimali veya imkânı bulunmak,,
danışılmak,Danışma işi yapılmak,,
danışmak,"Bir iş için bilgi veya yol sormak, görüş almak; istişare etmek, müracaat etmek, meşveret etmek",,
daralabilmek,Daralma ihtimali veya imkânı bulunmak,,
daralıvermek,Çabucak veya ansızın daralmak,,daralı'vermek
daralmak,Dar duruma gelmek; darlaşmak | Bir şey zayıf duruma gelmek | Başı dara gelmek; bunalmak,,
daraltabilmek,Daraltma ihtimali veya imkânı bulunmak | Daraltmaya gücü yetmek,,
daraltılabilmek,Daraltılma ihtimali veya imkânı bulunmak,,
daraltılmak,Daraltma işi yapılmak,,
daraltıvermek,Çabucak daraltmak,,daraltı'vermek
daraltmak,Dar duruma getirmek | Sayıca azaltmak,,
daralttırmak,Daraltma işini yaptırmak,,
darbelemek,"Vurmak, çarpmak | Yıkıma uğratmak | Bir işi engellemek",,
darbetmek,"Vurmak, çarpmak | Para basmak",Arapça ḍarb + Türkçe etmek,da'rbetmek
dargınlaşmak,Dargın bir durum almak,,
darılabilmek,Darılma ihtimali veya imkânı bulunmak,,
darılışmak,Karşılıklı birbirine darılmak,,
darılıvermek,Çabucak darılmak,,darılı'vermek
darılmak,"Herhangi birinin hoşa gitmeyen bir söz veya davranışı yüzünden görüşmez olmak; kakımak | Gücenmek, kırılmak, alınmak, incinmek",,
darıltmak,Darılmasına sebep olmak,,
darlaşabilmek,Darlaşma ihtimali bulunmak,,
darlaştırabilmek,Darlaştırma ihtimali veya imkânı bulunmak | Darlaştırmaya gücü yetmek,,
darlaştırılabilmek,Darlaştırılma ihtimali veya imkânı bulunmak,,
darlaştırılmak,Dar duruma getirilmek,,
darlaştırmak,Dar duruma getirmek,,
davalaşmak,Birbiri aleyhinde mahkemeye başvurmak,,
davalaştırmak,Dava hâline getirmek,,
davranabilmek,Davranma ihtimali veya imkânı bulunmak | Davranma becerisi bulunmak,,
davrandırmak,Birinin davranmasını sağlamak,,
davranılabilmek,Davranılma ihtimali veya imkânı bulunmak,,
davranılmak,Davranma işi yapılmak,,
davranmak,"Bir kimseye veya bir şeye karşı belli tavır takınmak | Bir şeye el atmak, girişmek | Bir işi yapmaya hazır olmak, hazırlanmak",,
dayaklamak,"Yıkılmaması için bir şeye destek koymak | Kapıyı bir destekle arkasından kapamak, sürgülemek",,
dayaklanmak,Dayaklama işi yapılmak,,
dayamak,"Bir yerden, bir kimseden yararlanmak, güç almak | Korkutmak için hızla, öfkeyle yaklaştırmak, uzatmak | Varmak, ulaşmak | Kalitesiz, kötü veya çürük bir malı, gizlice iyi olanların arasına katıp müşteriye satmak | Vakit geçirmeden, bekletmeden vermek | Kapı veya pencereyi ardına kadar açmak",,
dayanabilmek,Dayanma ihtimali veya imkânı bulunmak | Dayanmaya gücü yetmek,,
dayandırabilmek,Dayandırma ihtimali veya imkânı bulunmak,,
dayandırmak,Dayanmasını sağlamak; istinat ettirmek,,
dayanıksızlaşmak,Dayanıksız bir duruma gelmek,,
dayanılabilmek,Dayanılma ihtimali veya imkânı bulunmak,,
dayanılmak,Dayanma işi yapılmak,,
dayanılmazlaşmak,Dayanılmaz bir duruma gelmek,,
dayanışabilmek,Dayanışma ihtimali veya imkânı bulunmak,,
dayanışmak,"Bir topluluğu oluşturan kişiler bir şeyi gerçekleştirmek için duygu, düşünce ve çıkar birliği göstermek, birbirini kollamak; mütesanit olmak",,
dayanmak,"Bir yere yaslanmak, kendini dayamak | Temelde bir şeyle ilgili olmak | Zarar görmemek, varlığını korumak, hasar görmemek; gitmek | Varmak, ulaşmak | Bütün gücünü kullanarak bir işi yapmak | Bir iş sonunda birinin veya bir şeyin üzerinde kalmak | Birinden, bir şeyden güç almak, güvenmek; istinat etmek | Uzun süre kullanılmaya uygun olmak | Tutunmak, karşı durmak, karşı koymak; mukavemet etmek | Yetişmek, yeter olmak | Güç bir duruma katlanmak; sabretmek, tahammül etmek",,
dayatabilmek,Dayatma ihtimali veya imkânı bulunmak | Dayatmaya gücü yetmek,,
dayatılabilmek,Dayatılma ihtimali veya imkânı bulunmak,,
dayatılmak,Dayatma işine konu olmak,,
dayatıvermek,Ansızın veya çabucak dayatmak,,dayatı'vermek
dayatmak,Dayama işini yaptırmak | Kendi istediğini yaptırmakta direnmek | Başkasının isteğine karşı koymak | Bir şeyi zorla kabul ettirmek; empoze etmek,,
dayattırmak,Dayatma işini yaptırmak,,
dayayabilmek,Dayama ihtimali veya imkânı bulunmak,,
dayayıvermek,Çabucak dayamak,,dayayı'vermek
dayılanabilmek,Dayılanma ihtimali veya imkânı bulunmak,,
dayılanmak,Güç gösterisinde bulunmak,,
dazkırlaşmak,Doğal olaylar veya insanların etkisiyle yeryüzü bölgesi çıplaklaşmak ve kelleşmek,,
dazlaklaşmak,"İnsanın tepesindeki saçı dökülmüş olmak, dazlak duruma gelmek | Saçlarını ustura ile kazıtmak",,
dazlamak,"Güç beğenmek, güç beğenir olmak",,
debelenebilmek,Debelenme ihtimali veya imkânı bulunmak,,
debelenmek,"Bir acının etkisiyle veya bir baskıdan kurtulmak için çırpınmak | Çırpınmak, tepinmek, kımıldanmak | Boşuna uğraşıp durmak",,
dedirmek,Demek zorunda bırakmak | Denilmesini sağlamak,,
dedirtebilmek,Söylemesini sağlamak,,
dedirtmek,Demek zorunda bıraktırmak,,
defedilebilmek,Defedilme ihtimali veya imkânı bulunmak,,de'fedilebilmek
defedivermek,Çabucak kovmak,,de'fedivermek
defnedilmek,Defnetme işi yapılmak,Arapça defn + Türkçe edilmek,de'fnedilmek
defnetmek,"Ölüyü gömmek, toprağa vermek",Arapça defn + Türkçe etmek,de'fnetmek
defnolunmak,"Ölü gömülmek, toprağa verilmek",Arapça defn + Türkçe olunmak,de'fnolunmak
defolmak,"Savuşmak, çekilip gitmek",Arapça defʿ + Türkçe olmak,de'folmak
değdirebilmek,Değdirme ihtimali veya imkânı bulunmak | Değdirmeye gücü yetmek,,
değdirilebilmek,Değdirilme ihtimali veya imkânı bulunmak,,
değdirilmek,Değmesi sağlanmak,,
değdirivermek,Çabucak değdirmek,,değdiri'vermek
değdirmek,"Değmesini sağlamak, değmesine yol açmak",,
değebilmek,Değme ihtimali veya imkânı bulunmak,,
değerlemek,Değer belirtmek,,
değerlendirebilmek,Değerlendirme ihtimali veya imkânı bulunmak,,
değerlendirilebilmek,Değerlendirilme ihtimali veya imkânı bulunmak,,
değerlendirilmek,Değerlendirme işi yapılmak; kıymetlendirilmek,,
değerlendirivermek,Çabucak değerlendirmek,,değerlendiri'vermek
değerlendirmek,"Bir şeyi yerinde ve yararlı bir yolda kullanmak | Değer kazandırmak; kıymetlendirmek | Değer biçmek | Bir şeyin özünü, önemini, nitelik ve niceliğini belirlemek",,
değerlenebilmek,Değerlenme ihtimali veya imkânı bulunmak,,
değerlenivermek,Çabucak değerlenmek,,değerleni'vermek
değerlenmek,"Değer kazanmak, değeri artmak, değer sağlamak; kıymetlenmek",,
değersizleşebilmek,Değersizleşme ihtimali bulunmak,,
değersizleşmek,Değersiz duruma gelmek,,
değersizleştirebilmek,Değersizleştirme ihtimali bulunmak,,
değersizleştirmek,Değersiz duruma getirmek,,
değinebilmek,Değinme ihtimali veya imkânı bulunmak,,
değinilebilmek,Değinilme ihtimali veya imkânı bulunmak,,
değinilmek,Değinme işine konu olmak,,
değinivermek,Çabucak değinmek,,değini'vermek
değinmek,"Bir konuyu ele alarak ondan kısaca söz etmek; dokunmak (I), temas etmek",,
değirmek,"Duyurmak, bildirmek, ulaştırmak | Değdirmek, dokundurmak",,
değirmilemek,Yuvarlak biçime sokmak,,
değirmileşmek,Değirmi duruma gelmek,,
değişebilmek,Değişme ihtimali veya imkânı bulunmak,,
değişivermek,Çabucak veya ansızın değişmek,,değişi'vermek
değişmek,Başka bir biçim veya duruma girmek; tahavvül etmek | Yerine başka şey veya kimse gelmek | Karşılıklı alıp vermek; mübadele etmek,,
değiştirebilmek,Değiştirmeye ihtimali veya imkânı bulunmak,,
değiştirilebilmek,Değiştirilme ihtimali veya imkânı bulunmak,,
değiştirilivermek,Çabucak veya ansızın değiştirilmek,,değiştirili'vermek
değiştirilmek,Değiştirme işi yapılmak,,
değiştirivermek,Çabucak veya ansızın değiştirmek,,değiştiri'vermek
değiştirmek,"Başka bir biçime sokmak, değişikliğe uğratmak | Bir şeyi veya bir kimseyi bulunduğu yerden başka bir yere götürmek | Bir şey verip yerine başka bir şey almak; takas etmek | Birini bırakıp başkasını kullanmak; değişmek | Başka bir duruma, başka bir görünüme getirmek | Anlatıma yeni bir içerik vermek",,
değiştirtmek,Değiştirme işini yaptırmak,,
değmek,"Aralık kalmayıncaya kadar birbirine yaklaşarak dokunmak | Ulaşmak, erişmek | İstenilen yere düşmek; rast gelmek, isabet etmek",,
değmek,Herhangi bir değerde olmak | Karşılık olmak | Zevk veren şeyler hoşa gitmek | Beğenilen bir durum taşımak | Denk olmak,,
değneklemek,Değnekle vurmak,,
dehlemek,"Hayvanı ""deh"" diyerek yürütmek",,
dehlenmek,Dehleme işi yapılmak,,
dehletmek,Dehleme işini yaptırmak,,
dehşetlenmek,Dehşete kapılmak,,
deldirebilmek,Deldirme ihtimali veya imkânı bulunmak,,
deldirilmek,Deldirme işi yaptırılmak,,
deldirmek,"Delme işini yaptırmak | Kimlik, pasaport, bilet vb.ni delerek geçersiz duruma getirmek",,
deldirtmek,Deldirme işini yaptırmak,,
delebilmek,Delme ihtimali veya imkânı bulunmak,,
delikanlılaşmak,Delikanlı olmak | Delikanlı gibi davranmak,,
delikleşmek,"Delikler, girintiler oluşmak",,
delilendirmek,Delilenme işini yaptırmak,,
delilenmek,Deli gibi davranmak,,
delinebilmek,Delinme ihtimali veya imkânı bulunmak,,
delinivermek,Çabucak veya ansızın delinmek,,delini'vermek
delinmek,"Delme işi yapılmak | Bir şeyde delik oluşmak | Kurala uyulmamak, aykırı davranılmak",,
delirebilmek,Delirme ihtimali bulunmak,,
delirivermek,Ansızın delirmek,,deliri'vermek
delirmek,"Deli olmak, aklını yitirmek, çıldırmak; dellenmek, kaçırmak",,
delirtebilmek,Delirtme ihtimali veya imkânı bulunmak,,
delirtilebilmek,Delirtilme ihtimali bulunmak,,
delirtilmek,"Deli edilmek, çıldırtılmak",,
delirtmek,"Deli etmek, çıldırtmak",,
delivermek,Çabucak veya ansızın delmek,,deli'vermek
dellenmek,"Çok öfkelenmek, öfkeden deliye dönmek",,
delmek,"Delik açmak, delik duruma getirmek | İncinmesine, kırılmasına sebep olmak | Nüfuz etmek, içini veya ardını görebilmek",,
demek,"Söylemek, söz söylemek; eyitmek | Ad vermek | Bir dilde karşılığı olmak | Herhangi bir ses çıkarmak | Herhangi bir kanıya, yargıya varmak | ... diye düşünmek | Bir işe kalkışmak, yeltenmek | Saymak, kabul etmek",,
demek,"bir şey anlamına gelmek | öyle mi | yani, anlaşılan | inanılmayan, beklenmeyen durumlarda kullanılan pekiştirme veya şaşma sözü",,
dememek,koşullar ne olursa olsun aldırış etmemek,,
demetlemek,"Demet yapmak, demet durumunda ayırıp bağlamak",,
demetlenmek,Demet yapılmak,,
demetletmek,Demet yaptırmak,,
demirlemek,"Kapı ve pencerenin kol demirini takmak, kapatmak | Gemi demir atmak [denizcilik] | Zincire vurmak, demirle bağlamak",,
demirlenmek,Demirleme işine konu olmak,,
demirleşmek,Demir durumuna gelmek | Demir gibi sağlam duruma gelmek,,
demirletilmek,Demirlemesi sağlanmak,,
demirletmek,Demirleme işini yaptırmak,,
demirleyebilmek,Demirleme ihtimali veya imkânı bulunmak,,
demlemek,"Çay, kahve, bitki çayları vb.ni kaynar suyun içine attıktan sonra renk ve koku vermesi için bir süre bekletmek; demlendirmek | Pilav piştikten sonra bir süre bekleterek kıvama gelmesini sağlamak; demlendirmek | Yazı, şiir vb.ni tamamladıktan sonra yayımlamayıp bir süre bekletmek",,
demlendirilmek,Demlenmesi sağlanmak,,
demlenebilmek,Demlenme ihtimali veya imkânı bulunmak,,
demlenmek,Demleme işi yapılmak | İçki içmek,,
demletebilmek,Demletme ihtimali veya imkânı bulunmak,,
demletmek,Demleme işini yaptırmak,,
demleyebilmek,Demleme ihtimali veya imkânı bulunmak,,
demleyivermek,Çabucak demlemek,,demleyi'vermek
demodeleşmek,Modası geçmek,,
demokratikleşebilmek,Demokratik hâle gelebilmek,,
demokratikleşmek,Demokrasiye uygun biçime girmek,,
demokratikleştirebilmek,Demokratik hâle getirebilmek,,
demokratikleştirilmek,Demokratik olması sağlanmak,,
demokratikleştirmek,Demokrasiye uygun biçime getirmek,,
demokratlaşabilmek,Demokratlaşma ihtimali veya imkânı bulunmak,,
demokratlaşmak,"Demokrasi ilkelerini uygulamak, demokrasiye uygun yapıyı kurmak | Demokrat bir biçimde davranmak",,
denebilmek,Denme ihtimali veya imkânı bulunmak,,
denemek,"Değerini anlamak, gerekli niteliği taşıyıp taşımadığını bulmak için bir insanı, bir nesneyi veya bir düşünceyi sınamak; tecrübe etmek | Bir işe, başarmak amacıyla başlamak, girişimde bulunmak; teşebbüs etmek",,
denenebilmek,Denenme ihtimali veya imkânı bulunmak,,
denenmek,Deneme işine konu olmak,,
denetilmek,Denetleme işine konu olmak,,
denetlemek,"Bir işin doğru ve usulüne uygun olarak yapılıp yapılmadığını incelemek; murakabe etmek, teftiş etmek, kontrol etmek",,
denetlenebilmek,Denetlenme ihtimali veya imkânı bulunmak,,
denetlenmek,Denetleme işine konu olmak,,
denetletebilmek,Denetletme ihtimali veya imkânı bulunmak,,
denetletmek,Denetleme işini yaptırmak,,
denetlettirmek,Denetletme işini yaptırmak,,
denetleyebilmek,Denetleme ihtimali veya imkânı bulunmak,,
denetleyivermek,Çabucak veya ansızın denetlemek,,denetleyi'vermek
denetmek,Denemesini sağlamak,,
denettirmek,Denetme işini yaptırmak,,
deneyebilmek,Deneme ihtimali veya imkânı bulunmak,,
deneyimlemek,Herhangi bir iş veya konuyla ilgili olarak bire bir uygulama ve deneme yapmak; tecrübe etmek,,
deneyimlenmek,Deneyimleme işi yapılmak; tecrübe edilmek,,
deneyivermek,Çabucak veya ansızın denemek,,deneyi'vermek
deneylemek,Deney yapmak,,
dengelemek,Dengeli duruma getirmek | Bir cismi güç katarak veya eksilterek denge durumuna getirmek [fizik],,
dengelenebilmek,Dengelenme ihtimali veya imkânı bulunmak,,
dengelenmek,Dengesi sağlanmak; terazilenmek,,
dengeleyebilmek,Dengeleme ihtimali veya imkânı bulunmak,,
dengesizleşebilmek,Dengesizleşme ihtimali bulunmak,,
dengesizleşmek,Dengesiz duruma gelmek,,
dengesizleştirebilmek,Dengesizleştirme ihtimali veya imkânı bulunmak,,
dengesizleştirilmek,Dengesiz duruma getirilmek,,
dengesizleştirmek,Dengesiz duruma getirmek,,
denilebilmek,Denilme ihtimali veya imkânı bulunmak,,
denilmek,"Ad verilmek | Söylenmek, sözü edilmek | Kabul edilmek",,
denklemek,Denk duruma getirmek,,
denklenmek,Denk yapılmak,,
denkleşmek,"Birbirine denk olmak, denk duruma gelmek",,
denkleştirebilmek,Denkleştirme ihtimali veya imkânı bulunmak,,
denkleştirilebilmek,Denkleştirilme ihtimali veya imkânı bulunmak,,
denkleştirilmek,Denk duruma gelmesi sağlanmak,,
denkleştirivermek,Çabucak denkleştirmek,,denkleştiri'vermek
denkleştirmek,Birbirine denk duruma getirmek | Gereken miktarda para sağlamak,,
denmek,"Ad verilmek | Söylenmek, sözü edilmek",,
densizlenmek,Densizlik etmek,,
densizleşebilmek,Densizleşme ihtimali bulunmak,,
densizleşmek,Yakışıksız ve saygısızca davranır duruma gelmek,,
denşirmek,"Bir şeyin yapısını veya niteliğini bozmak, tağyir etmek",,
depolamak,"Saklamak veya korumak amacıyla depoya koymak, depo etmek, depoda biriktirmek | Programları veya verileri ana bellekte saklamak [bilişim]",,
depolanabilmek,Depolanma ihtimali veya imkânı bulunmak,,
depolanmak,Depolama işi yapılmak,,
depolatılmak,Depolanması sağlanmak,,
depolatmak,Depolama işini yaptırmak,,
depolayabilmek,Depolama ihtimali veya imkânı bulunmak,,
depremek,"Hareket etmek, yerinden oynamak",,
deprenebilmek,Deprenme ihtimali veya imkânı bulunmak,,
deprenmek,"Kımıldamak, hareket etmek, sarsılmak",,
depreşebilmek,Depreşme ihtimali veya imkânı bulunmak,,
depreşivermek,Çabucak nüks etmek,,depreşi'vermek
depreşmek,"Yeniden ortaya çıkmak, tekrar uyanmak; nüks etmek",,
depreştirebilmek,Depreştirme ihtimali veya imkânı bulunmak,,
depreştirmek,Depreşmesine sebep olmak,,
dercetmek,Bir araya getirmek,Arapça derc + Türkçe etmek,de'rcetmek
derebilmek,Derme ihtimali veya imkânı bulunmak,,
derecelemek,Derecelere ayırmak,,
derecelendirebilmek,Derecelendirme ihtimali veya imkânı bulunmak,,
derecelendirilebilmek,Derecelendirilme ihtimali veya imkânı bulunmak,,
derecelendirilmek,Derecelendirme işi yapılmak,,
derecelendirmek,Dereceleme işini yaptırmak,,
derecelenmek,Dereceli bir biçim almak,,
derilmek,Derme işine konu olmak,,
derinleşebilmek,Derinleşme ihtimali veya imkânı bulunmak,,
derinleşivermek,Çabucak veya ansızın derinleşmek,,derinleşi'vermek
derinleşmek,"Derin duruma gelmek | Ses kaynağı uzaklaşarak az duyulur duruma gelmek | Bir konuda köklü, sağlam bilgi edinmek, bilgisini genişletmek",,
derinleştirebilmek,Derinleştirme ihtimali veya imkânı bulunmak,,
derinleştirilebilmek,Derinleştirilme ihtimali veya imkânı bulunmak,,
derinleştirilmek,"Derin duruma getirilmek | Ayrıntılarına kadar incelenmek, derinliğine incelenmek",,
derinleştirmek,"Derin duruma getirmek | Ayrıntılarına kadar incelemek, derinliğine incelemek",,
derinletmek,Derin duruma getirmek,,
derişmek,"Bir nokta dolayında toplanmak; temerküz etmek | Bir sıvı, içindeki su veya sıvı miktarı azalarak koyulaşmak; tekâsüf etmek [kimya]",,
deriştirmek,Derişme işini yaptırmak,,
derlemek,"Seçme yaparak toplamak, bir araya getirmek; tedvin etmek | Düzgün bir biçimde toplamak",,
derlendirmek,Derlenme işini yaptırmak,,
derlenebilmek,Derlenme ihtimali veya imkânı bulunmak,,
derlenmek,"Derleme işi yapılmak, toplanmak, düzene girmek",,
derletilmek,Derleme işi yaptırılmak,,
derletmek,Derleme işini yaptırmak,,
derleyebilmek,Derleme ihtimali veya imkânı bulunmak,,
derleyivermek,Çabucak derlemek,,derleyi'vermek
dermek,"Bir araya getirmek, toplamak",,
dernekleşmek,Dernek kurmak,,
dertlenebilmek,Dertlenme ihtimali bulunmak,,
dertlenilmek,Dertlenme işi yapılmak,,
dertlenmek,"Üzüntüye kapılmak, dertli duruma gelmek",,
dertleşebilmek,Dertleşme ihtimali veya imkânı bulunmak,,
dertleşmek,Rahatlamak ve çözüm bulmak amacıyla dertlerini karşılıklı anlatmak,,
desenlemek,Desen yaparak çizmek,,
despotlaşabilmek,Despotlaşma ihtimali veya imkânı bulunmak,,
despotlaşmak,Despot biri durumuna gelmek,,
destanlaşabilmek,Destanlaşma ihtimali veya imkânı bulunmak,,
destanlaşmak,Olağanüstü kahramanlık ve başarı göstermek,,
destanlaştırılmak,Destan olarak anlatılmak,,
destanlaştırmak,Destan olarak anlatmak,,
desteklemek,"Destek koymak | Bir kimse veya kuruluşa yardım sağlamak | Arka olmak, arka çıkmak",,
desteklenebilmek,Desteklenme ihtimali veya imkânı bulunmak,,
desteklenmek,Destekleme işine konu olmak; beslenmek,,
destekleşmek,Birbirlerini desteklemek,,
destekletmek,Destekleme işini yaptırmak,,
destekleyebilmek,Destekleme ihtimali veya imkânı bulunmak,,
destelemek,"Deste durumuna getirmek, deste yapmak",,
destelenmek,Desteleme işi yapılmak,,
desteletmek,Deste durumuna getirtmek,,
desteleyebilmek,Desteleme ihtimali veya imkânı bulunmak,,
deşebilmek,Deşme ihtimali veya imkânı bulunmak,,
deşelemek,"Güçlü bir biçimde deşmek, karıştırmak",,
deşilebilmek,Deşilme ihtimali veya imkânı bulunmak,,
deşilmek,Deşme işi yapılmak,,
deşivermek,Çabucak deşmek,,deşi'vermek
deşmek,"Bir yeri oymak, delmek, kazmak | Bir sorunun üzerinde yeniden durmak, hatırlatmak, kurcalamak",,
devindirebilmek,Devindirme ihtimali veya imkânı bulunmak,,
devindirilebilmek,Devindirilme ihtimali veya imkânı bulunmak,,
devindirilmek,Devinmesi sağlanmak,,
devindirmek,Devinmesine yol açmak,,
devinebilmek,Devinme ihtimali veya imkânı bulunmak,,
devinmek,Vücudu oynatmak veya kıpırdatmak; hareket etmek | Bir cismin bir noktaya göre yeri veya durumu değişmek; hareket etmek [fizik],,
devirebilmek,Devirme ihtimali veya imkânı bulunmak,,
devirivermek,Çabucak veya ansızın devirmek,,deviri'vermek
devirmek,"Ayakta veya dik duran bir şeyi düşürmek, yatay duruma getirmek | Bir yönetim organının veya başkanının yönetim gücünü zorla elinden almak | Hepsini kısa sürede içip bitirmek | Bir yana eğmek | Belli bir yaş dönemini geride bırakmak | Bir kitabı başından sonuna kadar okuyup bitirmek",,
devirtmek,Devirme işini yaptırmak,,
devitmek,Hareket durumuna getirmek,,
devleşebilmek,Devleşme ihtimali veya imkânı bulunmak,,
devleşmek,"Çok büyümek, irileşmek | Aşırı bir gelişme göstermek",,
devleştirebilmek,Devleştirme ihtimali veya imkânı bulunmak,,
devleştirmek,"Dev duruma getirmek, aşırı ölçüde geliştirmek",,
devralabilmek,Devralma ihtimali veya imkânı bulunmak,,de'vralabilmek
devralmak,"Bir şeyi devir yoluyla almak, teslim almak",Arapça devr + Türkçe almak,de'vralmak
devredilebilmek,Devredilme ihtimali veya imkânı bulunmak,,devredilebilmek
devredilmek,"Devretme işi yapılmak; devrolmak, devrolunmak",Arapça devr + Türkçe edilmek,de'vredilmek
devretmek,"Dönmek, dolaşmak | Bir malın mülkiyetini, bir mal üzerindeki hakkı başkasına geçirmek [hukuk] | Bir şeyi aktarmak | Baştan sona değin okumak, bitirmek",Arapça devr + Türkçe etmek,de'vretmek
devrilebilmek,Devrilme ihtimali bulunmak,,
devrileyazmak,Devrilecek duruma gelmek,,devrile'yazmak
devrilivermek,Çabucak veya ansızın devrilmek,,devrili'vermek
devrilmek,"Devirme işi yapılmak | Başka bir şeye dönmek, değişmek | Yok edilmek, ortadan kaldırılmak",,
devşirebilmek,Devşirme ihtimali veya imkânı bulunmak,,
devşirilebilmek,Devşirilme ihtimali veya imkânı bulunmak,,
devşirilmek,Devşirme işi yapılmak,,
devşirmek,"Bir araya getirmek, derlemek; toplamak | Katlamak, düzgün duruma getirmek",,
devşirtilmek,Devşirme işi yaptırılmak,,
devşirtmek,Devşirme işini yaptırmak,,
deyimleşebilmek,Deyimleşme ihtimali veya imkânı bulunmak,,
deyimleşmek,Deyim özelliği kazanmak,,
deyimleştirmek,"Deyim durumuna getirmek, deyim özelliği kazandırmak",,
deyivermek,Çabucak veya ansızın demek,,deyi'vermek
dımbırdatmak,"Saz, cura, tambur vb. çalgılar çalmak",,
dırdırlanmak,Dırdır etmek,,
dırlanmak,"Herkesi tedirgin edecek, bezdirecek biçimde söylenmek",,
dırlaşmak,"Kavga etmek, ağız kavgası etmek; dilleşmek",,
dışkılamak,Dışkıyı dışarı atmak,,
dışkılayabilmek,Dışkılama ihtimali veya imkânı bulunmak,,
dışlamak,"Bir kimse veya bir toplum, bir kimse, bir durum, bir düşünce vb.ni yok saymak, ilgilenmemek; burunlamak, ötekileştirmek",,
dışlanabilmek,Dışlanma ihtimali veya imkânı bulunmak,,
dışlanmak,"Dışarıda tutulmak, bir yere veya topluluğa alınmamak; ötekileşmek, ötekileştirilmek",,
dışlaştırmak,Dışa vurmak,,
dışlaştırtmak,Dışlaştırma işini yaptırmak,,
dışlayabilmek,Dışlama ihtimali veya imkânı bulunmak,,
dışlayıvermek,Çabucak dışlamak,,dışlayı'vermek
dışsallaşmak,"Dışla ilgili, dışa ilişkin olmak",,
didiklemek,"Çekiştirerek veya ısırarak parçalamak | Bir yerin veya bir şeyin içindeki eşyayı karıştırarak aramak, araştırmak | Bir konuyu bütün ayrıntılarıyla gözden geçirmek, iyice araştırmak | Huzursuzluk vermek, sıkıntıya sokmak",,
didiklenmek,Didikleme işi yapılmak,,
didikletmek,Didikleme işini yaptırmak,,
didikleyebilmek,Didikleme ihtimali veya imkânı bulunmak,,
didilmek,Ditme işi yapılmak,,
didinilmek,Didinme işi yapılmak,,
didinmek,Çok güçlük çekerek sürekli çalışmak,,
didişebilmek,Didişme ihtimali veya imkânı bulunmak,,
didişmek,"El veya sözle birbirini hırpalamak | Geçimini sağlamak amacıyla güç şartlarda çalışmak, uğraşmak",,
diftonglaşmak,Diftong durumuna gelmek,,
dikebilmek,Dikme ihtimali veya imkânı bulunmak,,
dikelebilmek,Dikelme ihtimali veya imkânı bulunmak,,
dikelmek,Ayakta durmak,,
dikeltmek,"Dik duruma getirmek, dik duruma gelmesini sağlamak",,
dikenleşmek,"Diken durumu almak, diken gibi olmak",,
dikeyleşmek,Dikey duruma gelmek,,
dikilebilmek,Dikilme ihtimali veya imkânı bulunmak,,
dikilivermek,Ansızın veya çabucak dikilmek,,dikili'vermek
dikilmek,Dikme işi yapılmak | Dik duruma gelmek | Ayakta durmak | Göz belli bir noktaya uzun süre bakmak | Karşı koymak | Bazı üreme organları dokularına kan dolmasıyla sert ve dik bir duruma gelmek [fizyoloji],,
dikilmek,Dikme işi yapılmak,,
dikivermek,Ansızın veya çabucak dikmek,,diki'vermek
diklenmek,"Birinin söylediklerine veya yaptıklarına karşı gelmek; dikelmek, dinelmek",,
dikleşebilmek,Dikleşme ihtimali veya imkânı bulunmak,,
dikleşmek,"Dik duruma gelmek; dikelmek | Birine karşı ters tutum içine girmek, karşı durmak",,
dikleştirmek,Dik duruma getirmek | Sert duruma getirmek,,
dikmek,"Bir cismi dik olarak durdurmak | Yetiştirmek için bir bitkiyi toprağa yerleştirmek | Bardak, kadeh, testi vb. kapların içindekini bir çırpıda, bir solukta içmek | Beklemek için birini bir şeyin başına getirmek | Top, taş vb.ni dikine havaya atmak | Yapı kurmak, inşa etmek | Top vb.ni oyun alanında belirli bir yere koymak [spor]",,
dikmek,"Biçilmiş veya yırtılmış kumaş, deri, yara vb.ni iğneye geçirilmiş iplikle tutturmak",,
diktirebilmek,Diktirme ihtimali veya imkânı bulunmak,,
diktirilmek,Dikme işi yaptırılmak,,
diktirmek,Dikme işini yaptırmak,,
diktirtmek,Diktirmesini sağlamak,,
dilebilmek,Dilme ihtimali veya imkânı bulunmak,,
dilemek,"Birinden bir şeyin yapılmasını istemek; rica etmek | Bir şeyin gerçekleşmesini veya olmasını istemek; arzu etmek | Biri için dilekte bulunmak | Kendi düşünce, görüş ve isteğini yapmak",,
dilendirilmek,Dilenme işi yaptırılmak,,
dilendirmek,Dilenecek duruma getirmek | Dilencilik yaptırmak,,
dilenebilmek,Dilenme ihtimali veya imkânı bulunmak,,
dilenmek,Sadaka istemek | Kendisini acındırarak bir kimseden bir şey istemek,,
diletmek,Dilenme işini yaptırmak,,
dileyebilmek,Dileme ihtimali veya imkânı bulunmak,,
dilimlemek,"Dilimlere ayırmak, dilim dilim etmek",,
dilimlenebilmek,Dilimlenme ihtimali veya imkânı bulunmak,,
dilimlenmek,Dilimlere bölünmek veya ayrılmak,,
dilimletmek,Dilimleme işini yaptırmak,,
dilimleyebilmek,Dilimleme ihtimali veya imkânı bulunmak,,
dilinmek,Dilme işi yapılmak,,
dilivermek,Çabucak dilmek,,dili'vermek
dillendirebilmek,Dillendirme ihtimali veya imkânı bulunmak,,
dillendirilmek,Dillendirme işi yapılmak,,
dillendirmek,"Biri hakkında dedikodu yapılmasına sebep olmak | Bir şeyi söz ile ifade etmek, söylemek",,
dillenmek,Çocuk konuşmaya başlamak | Konuşma yeteneği olmayan varlık konuşmak; dile gelmek | Onaylanmayan bazı davranışlar yüzünden hakkında dedikodu yapılmak; dile düşmek,,
dilleşmek,Karşılıklı tatlı tatlı söyleşmek,,
dilmek,Bir bütünü ince ve yassı parçalara ayırarak kesmek,,
dinamikleşmek,Dinamik duruma gelmek,,
dinamikleştirmek,Dinamik duruma getirmek,,
dinamitlemek,"Dinamitle havaya uçurmak | Bir girişimi, bir kuruluşu engelleyici, yıkıcı davranışta bulunmak",,
dinamitlenmek,Dinamitle havaya uçurulmak | Bir biçimde engellenmek,,
dinçleşebilmek,Dinçleşme ihtimali veya imkânı bulunmak,,
dinçleşmek,"Dinç duruma gelmek; dincelmek, dinçlenmek",,
dinçleştirebilmek,Dinçleştirme ihtimali veya imkânı bulunmak,,
dinçleştirmek,Dinç duruma gelmesini sağlamak; dinceltmek,,
dindarlaşmak,Dindar duruma gelmek,,
dindirebilmek,Dindirme ihtimali veya imkânı bulunmak,,
dindirilmek,Dinmesi sağlanmak,,
dindirivermek,Çabucak veya ansızın dindirmek,,dindiri'vermek
dindirmek,Dinmesini sağlamak,,
dindirtmek,Dindirme işini yaptırmak,,
dinebilmek,Dinme ihtimali veya imkânı bulunmak,,
dinelmek,"Ayakta durmak | Ayağa kalkmak, dik durmak",,
dingildemek,"Hafifçe sallanmak, yerinden oynamak | Bir şeyden korkmak | Bir şeyden kuşkulanmak",,
dingildetmek,Dingildemesini sağlamak,,
dinginleşebilmek,Dinginleşme ihtimali veya imkânı bulunmak,,
dinginleşmek,Dingin duruma gelmek,,
dinginleştirmek,Dingin duruma gelmesini sağlamak,,
dinivermek,Çabucak veya ansızın dinmek,,dini'vermek
dinlemek,"İşitmek için kulak vermek | Birinin sözünü, öğüdünü kabul edip gereğince davranmak | Kulakla veya dinleme aletiyle hastayı muayene etmek | Uymak, baş eğmek, itaat etmek",,
dinlendirebilmek,Dinlendirme ihtimali veya imkânı bulunmak,,
dinlendirilmek,Dinlenmesi sağlanmak,,
dinlendirmek,"Dinlenmesini sağlamak; gölgelendirmek | Durulmaya bırakmak | Tarlayı nadasa bırakmak | Yanan lamba, ateş vb.ni söndürmek",,
dinlenebilmek,Dinlenme ihtimali veya imkânı bulunmak,,
dinlenilmek,Dinlenme işi yapılmak,,
dinlenmek,"Güç kazanmak için çalışmaya ara vermek, yorgunluğunu gidermek; soluklanmak, istirahat etmek | Bazı yiyecek ve içecekleri, tadını arttırma, kolay pişmesini sağlama vb. sebeplerle bir süre bekletmek",,
dinlenmek,"Dinleme işine konu olmak | Önemsenmek, öğüdü yerine getirilmek",,
dinletebilmek,Dinletme ihtimali veya imkânı bulunmak,,
dinletilmek,Dinleme işi yaptırılmak,,
dinletmek,"Dinlemesini sağlamak, söz geçirmek",,
dinleyebilmek,Dinleme ihtimali veya imkânı bulunmak,,
dinleyivermek,Bir biçimde dinlemek,,dinleyi'vermek
dinmek,"Sona ermek, bitmek, durmak | Kar ve yağmurun yağması, rüzgârın esmesi kesilmek veya durmak | Yara iyileşmek",,
dinozorlaşmak,"Dinozor gibi davranmak | Gelişmelere ayak uyduramamak, çağın gerisinde kalmak veya mevcut durum ve düzeni koruyup herhangi bir köklü değişiklik yapmamak",,
dinsizleşebilmek,Dinsizleşme ihtimali bulunmak,,
dinsizleşmek,Dinsiz duruma gelmek,,
dinsizleştirilmek,Dinsiz duruma getirilmek,,
dinsizleştirmek,Dinsiz duruma getirmek,,
dipçiklemek,Dipçikle vurmak,,
dipçiklenmek,Dipçikle vurulmak,,
dipçikletmek,Dipçikleme işini yaptırmak,,
diplemek,Bitkiyi kökünden sökmek | İçilecek bir şeyi dibine kadar içmek,,
diremek,"Bir şeyi dikine koymak, dayamak, durdurmak | Direnmek, karşı koymak, inat etmek, ısrar etmek",,
dirençsizleşmek,Dirençsiz bir duruma gelmek,,
direnebilmek,Direnme ihtimali veya imkânı bulunmak,,
direnilebilmek,Direnilme ihtimali veya imkânı bulunmak,,
direnilmek,Direnme işi yapılmak,,
direnmek,"Kendisine zor kullanılarak kabul ettirilmek istenen durumu, düşünceyi reddetmek, bu duruma karşı koymak; bekinmek, inat etmek, mukavemet etmek, taannüt etmek",,
direşmek,Sebat etmek,,
diretebilmek,Diretme ihtimali veya imkânı bulunmak,,
diretmek,"Herhangi bir düşüncede, bir istekte veya bir durumda ayak diremek",,
dirgenlemek,Dirgenle yaymak; direnlemek,,
dirilebilmek,Dirilme ihtimali bulunmak,,
dirileşmek,"Bitkin, pörsümüş veya solmuşken yeniden diri duruma gelmek",,
dirilivermek,Çabucak veya ansızın dirilmek,,dirili'vermek
dirilmek,"Güçlenip canlanmak | Bitki solmuş, pörsümüş durumdayken yeniden canlılık kazanmak, diri duruma gelmek | Hasta yeniden sağlığını kazanmak, iyileşmek | Öldüğü sanılan şey canlanmak | Yeniden etkin olmak, geçerli duruma gelmek",,
diriltebilmek,Diriltme ihtimali veya imkânı bulunmak,,
diriltivermek,Çabucak veya ansızın diriltmek,,dirilti'vermek
diriltmek,Dirilmesini sağlamak,,
dirseklemek,"Dirsekle vurmak, dirsekle itmek",,
dirseklenmek,"Dirsek biçiminde kıvrılmak, dirsek oluşturmak | Dirsekle itilmek",,
dişeğilemek,"Dişeği ile değirmen taşı üzerinde diş yapmak, değirmen taşının dişlerini bilemek",,
dişemek,Diş çıkarmak,,
dişileşmek,Dişiye özgü davranışta bulunmak,,
dişileştirmek,Dişi duruma getirmek,,
dişilleştirmek,Cinsiyet kategorisinin söz konusu olduğu dillerde bir kelimeyi dişil duruma getirmek [dil bilgisi],,
dişlemek,Bir şeyin bir parçasını ısırmak veya koparmak,,
dişlenebilmek,Dişlenme ihtimali bulunmak,,
dişlenmek,"Dişleme işine konu olmak, dişle ısırılmak | Güçlenmek, dediğini yaptırır olmak",,
dişletmek,Dişleme işini yaptırmak | Bir şeye diş açtırmak,,
dişleyebilmek,Dişleme ihtimali veya imkânı bulunmak,,
dişleyivermek,Çabucak veya ansızın dişlemek,,dişleyi'vermek
ditilmek,Ditme işi yapılmak,,
ditmek,"Yün, pamuk vb.ni tellere ayırarak kabartmak | Elle çok küçük parçalara ayırmak",,
divaneleşmek,Divane duruma gelmek,,
divaneleştirmek,Divane duruma getirmek,,
diyebilmek,Deme ihtimali veya imkânı bulunmak,,
dizdirebilmek,Dizdirme ihtimali veya imkânı bulunmak,,
dizdirilebilmek,Dizdirilme ihtimali veya imkânı bulunmak,,
dizdirilmek,Dizdirme işi yapılmak,,
dizdirmek,Dizme işini yaptırmak,,
dizebilmek,Dizme ihtimali veya imkânı bulunmak,,
dizelemek,Dize durumuna getirmek,,
dizeleşmek,Dize durumuna gelmek,,
dizeleştirebilmek,Dizeleştirme ihtimali veya imkânı bulunmak,,
dizeleştirmek,Dize durumuna getirmek,,
dizgeleşmek,Dizge niteliği kazanmak,,
dizgeleştirmek,Dizge niteliği kazandırmak,,
dizginlemek,Ata dizgin takmak veya atı yürütmek için dizginini oynatmak | Birinin aşırı davranışlarını önlemek,,
dizginlenebilmek,Dizginlenme ihtimali veya imkânı bulunmak,,
dizginlenmek,Dizginleme işi yapılmak veya dizginleme işine konu olmak,,
dizginletmek,Dizginleme işini yaptırmak,,
dizginleyebilmek,Dizginleme ihtimali veya imkânı bulunmak,,
dizilebilmek,Dizilme ihtimali veya imkânı bulunmak,,
dizilemek,Dizi durumunda sıralamak,,
dizilivermek,Çabucak veya ansızın dizilmek,,dizili'vermek
dizilmek,"Dizi durumuna getirilmek, dizme işi yapılmak | Sıraya girmek | Yan yana veya üst üste sıralanmak",,
dizinlemek,Dizinini yapmak,,
dizinlenmek,Dizini yapılmak,,
dizivermek,Çabucak veya ansızın dizmek,,dizi'vermek
dizlemek,Dize kadar batmak | Dizini kullanarak bastırmak,,
dizmek,"Bazı nesneleri iplik, tel vb.ne geçirmek | Yan yana veya üst üste sıralamak | Harfleri yan yana getirerek yazı düzenlemek | Düzenlemek, hazırlamak",,
dogmalaşmak,Dogma durumuna gelmek,,
dogmalaştırabilmek,Dogmalaştırma ihtimali veya imkânı bulunmak,,
dogmalaştırılabilmek,Dogmalaştırılma ihtimali bulunmak,,
dogmalaştırılmak,Dogma durumuna getirilmek,,
dogmalaştırmak,Bir inancı dogma durumuna getirmek,,
doğabilmek,Doğma ihtimali veya imkânı bulunmak,,
doğaçlamak,"Birdenbire ve içine doğduğu gibi söylemek, irticalen dile getirmek | O anda şiir söylemek, irticalen şiir söylemek | Bir metne dayanmadan içe doğduğu gibi konuşmak ve oynamak; tuluat yapmak [tiyatro]",,
doğallaşmak,Doğal duruma gelmek; tabiileşmek,,
doğallaştırmak,Doğal duruma getirmek; tabiileştirmek,,
doğayazmak,Ansızın doğmak,,doğa'yazmak
doğdurmak,Doğuncaya kadar beklemek,,
doğmak,"Dünyaya gelmek | Güneş, Ay, yıldız ufuktan yükselerek görünmek | Düşünce, hayal vb. zihinde birdenbire oluşmak | Ortaya çıkmak, sonucu olmak",,
doğramak,Keserek parçalamak veya elle küçük parçalara ayırmak,,
doğranmak,"Kesilmek, parça parça edilmek | Kesilir gibi ağrımak",,
doğratmak,Doğrama işini yaptırmak,,
doğrayabilmek,Doğrama ihtimali veya imkânı bulunmak | Doğramaya gücü yetmek,,
doğrulabilmek,Doğrulmak elinde olmak,,
doğrulamak,"Bir şeyin doğru olduğunu ortaya koymak, desteklemek; gerçeklemek, teyit etmek, tasdik etmek | Bir önermenin doğruluğunu veya yanlışlığını belirlemek amacıyla olayları inceleyip araştırmak [felsefe]",,
doğrulanmak,Doğrulama işine konu olmak veya doğrulama işi yapılmak; gerçeklenmek,,
doğrulatabilmek,Doğrulatma ihtimali veya imkânı bulunmak,,
doğrulatmak,Herhangi bir bilginin doğru olduğunu teyit etmek,,
doğrulayabilmek,Doğrulama ihtimali veya imkânı bulunmak,,
doğrulmak,"Eğik veya eğri bir şey, düz bir duruma gelmek | Oturan veya yatan bir kimse toparlanmak, dik bir duruma gelmek; kalkmak | Bir yere yönelmek | Yeniden güçlenmek, kalkınmak | Para sağlanmak, kazanılmak",,
doğrultabilmek,Doğrultma ihtimali veya imkânı bulunmak | Doğrultmaya gücü yetmek,,
doğrultmak,"Doğrulmasını sağlamak, doğru duruma getirmek | Düzgün duruma getirmek | Bir şeye veya yere doğru yöneltmek | Yön bulmak | Para sağlamak, kazanmak",,
doğruluvermek,Aniden doğrulmak,,doğrulu'vermek
Doğululaşmak,Doğu uygarlığını benimsemek; Şarklılaşmak,,
Doğululaştırmak,Doğulu duruma getirmek; Şarklılaştırmak,,
doğurabilmek,Doğurma ihtimali veya imkânı bulunmak,,
doğurganlaşmak,Doğurgan duruma gelmek,,
doğurganlaştırmak,Doğurgan duruma getirmek,,
doğurmak,"Yavru dünyaya getirmek; vermek, doğum yapmak | Ortaya çıkmasına yol açmak, sebep olmak",,
doğurtabilmek,Doğurtma ihtimali veya imkânı bulunmak,,
doğurtmak,"Doğurmasını sağlamak, doğurmasına yardım etmek",,
doğuruvermek,Ansızın doğurmak | Kolayca doğurmak,,doğuru'vermek
doğuvermek,Ansızın doğmak,,doğu'vermek
dokumak,"Tezgâhta ipliği, çözgü ve atkı durumunda kullanarak kumaş yapmak | En ince noktalarına kadar özen göstererek, emek vererek ortaya çıkarmak | Ağacın yemişlerini sırıkla vurarak indirmek",,
dokunabilmek,Dokunma ihtimali veya imkânı bulunmak,,
dokundurabilmek,Dokundurma ihtimali veya imkânı bulunmak,,
dokundurmak,Dokunmasını sağlamak | Bir şeyi üstü kapalı ve sitem yollu hatırlatmak; tariz etmek,,
dokundurtmak,Dokundurma işini yaptırmak,,
dokunmak,"Nesnelerin sıcaklık, soğukluk, sertlik, yumuşaklık vb. niteliklerini derinin altındaki sinir uçları aracılığıyla duymak; yordamlamak, temas etmek | Birbirine veya bir şeye hafifçe değmek; ilmek (III) | El sürmek, el sürüp arıştırmak | Alıp kullanmak, el sürmek | Sağlığını bozmak, rahatsızlanmasına sebep olmak, yaramamak | İnsanın içine işlemek, duygulandırmak, etkilemek | Onur, anlayış vb. ile uyuşmaz bir durum ortaya çıkmak | Tedirgin etmek, rahatsız etmek; batmak",,
dokunmak,Dokuma işi yapılmak,,
dokunulmak,Dokunma işine konu olmak,,
dokunuvermek,Çabucak dokunmak,,dokunu'vermek
dokutmak,Dokuma işini yaptırmak,,
dokuyabilmek,Dokuma ihtimali veya imkânı bulunmak,,
dolabilmek,Dolma ihtimali veya imkânı bulunmak,,
dolamak,"İplik, şerit, tel vb. nesneleri bir şeyin üzerine döndürerek sarmak | Sarmak, kavuşturmak",,
dolanabilmek,Dolanma ihtimali veya imkânı bulunmak,,
dolandırabilmek,Dolandırma ihtimali veya imkânı bulunmak | Dolandırmayı becermek,,
dolandırılmak,Dolandırma işine konu olmak,,
dolandırmak,"Dolanma işini yaptırmak | Birisini aldatarak parasını veya malını elinden almak; dızlamak, kıvırmak, söğüşlemek",,
dolanıvermek,Çabucak veya kısa zamanda dolanmak,,dolanı'vermek
dolanmak,"Bir şeyin çevresine sarılmak | Bir şeyin çevresinde dönmek, gezmek, dolaşmak | Gelişigüzel gezmek",,
dolaplamak,"Rutubetini ayarlamak, fazla yağını ve bağlanmamış boyasını uzaklaştırmak, parlaklık vermek amacıyla dolap içinde talaş, kaolin, alçı vb. ile birlikte döndürerek deriyi tabaklamak | Kendirleri dolapta işleyerek bükmek | Kumaşı döverek kumaşın düzelmesini sağlamak | Parlaklık kazandırmak için halıyı üstündeki tozlardan, tüylerden arındırmak | Dolap içinde küçük sert parçalarla beraber yuvarlayıp çarptırarak metallerin ve taşların üzerlerindeki pas, kireç tabakaları, döküm çapakları vb.ni temizleyerek, kaba yüzeylerini pürüzsüzleştirmek, parlatmak",,
dolaplanmak,Dolaplamak işi yapılmak,,
dolaplatmak,Dolaplamak işini yaptırmak,,
dolaşabilmek,Dolaşma ihtimali veya imkânı bulunmak,,
dolaşılmak,Dolaşma işi yapılmak,,
dolaşıvermek,Çabucak veya kısa zamanda dolaşmak,,dolaşı'vermek
dolaşmak,"Doğru gitmeyip yolu uzatmak | Dönüp başka bir yönden gelmek | Bir şey akmak | Saç, iplik vb. şeyler birbirine karışarak güç çözülür duruma gelmek; dolanmak | Bir yeri belli bir amaçla gezmek | Denetlemek amacıyla bir yeri gezmek | Nefes, el bir şey üzerinde hafifçe hareket etmek | Çok kimse tarafından söylenmek | Kendini hissettirmek",,
dolaştırabilmek,Dolaştırma ihtimali veya imkânı bulunmak,,
dolaştırılmak,Dolaştırma işine konu olmak,,
dolaştırmak,Dolaşma işini yaptırmak; dolandırmak,,
dolayabilmek,Dolama ihtimali veya imkânı bulunmak | Dolamaya gücü yetmek,,
doldurabilmek,Doldurma ihtimali veya imkânı bulunmak,,
doldurmak,"Dolmasını sağlamak, dolu duruma getirmek; kaplamak | Araç deposunu akaryakıtla tamamen dolu duruma getirmek | Ateşli silahların içine mermi sürmek | Bildirge, çizelge, fiş vb. basılı kâğıtların boş yerlerini tamamlamak | Yaşını, yılını bitirmek | Ses, koku yayılıp kaplamak | Belirli bir süreyi kaplamak, almak | Canlılık kazandırmak | Birini, başkası için kötü düşünecek bir duruma getirmek",,
doldurtabilmek,Doldurtma ihtimali veya imkânı bulunmak,,
doldurtmak,Doldurma işini yaptırmak,,
doldurulmak,"Dolu bir duruma getirilmek | Biri, başkası için kötü düşünecek bir duruma getirilmek",,
dolduruvermek,Çabucak ve kısa zamanda doldurmak,,dolduru'vermek
dolgunlaşmak,Dolgun duruma gelmek,,
dolgunlaştırmak,Dolgunlaşma işini yaptırmak,,
dolmak,"Dolu duruma gelmek | Bitkiler olgunlaşmak, erginleşmek | Bir yere iyice yayılmak, kaplamak | Bir yerde pek çok eşya veya kimse toplanmak, kalabalık duruma gelmek | Süre, hesap tamamlanmak | Sabrı tükenip öfkesi taşacak duruma gelmek",,
dolukmak,"Göz yaşarmak, ağlayacak duruma gelmek",,
doluşmak,"Bir yerde toplanmak, bir araya gelmek",,
doluşulmak,Topluca bir yere girilmek; dolunmak,,
doluvermek,Çok çabuk veya kısa zamanda dolmak,,dolu'vermek
domalmak,"Elleri, diz ve dizlerden aşağısını yere değdirerek kalçayı havaya kaldırıp durmak",,
domaltmak,Domalmasını sağlamak,,
domuzlaşmak,"Hainlik etmek, aksilik etmek",,
donabilmek,Donma ihtimali veya imkânı bulunmak,,
donakalmak,"Şaşırıp bir süre ne yapacağını, ne diyeceğini bilememek",,dona'kalmak
donanabilmek,Donanma ihtimali veya imkânı bulunmak,,
donanmak,"Giyinip kuşanmak, süslenmek | Yayılıp kaplanmak | Işıklı duruma gelmek, ışıklarla bezenmek | Gerekli nesneler bir araya getirilip süslenmek, gösterişli duruma getirilmek",,
donatabilmek,Donatma ihtimali veya imkânı bulunmak,,
donatılmak,Donatma işine konu olmak veya donatma işi yapılmak,,
donatmak,"Birinin giyimini sağlamak | Bir şeyin iş görebilmesi için gereken nesneleri, gereçleri katmak; teçhiz etmek",,
donattırmak,Donatma işini yaptırmak,,
donayazmak,"Donma tehlikesi atlatmak, az kalsın donmak",,dona'yazmak
dondurabilmek,Dondurma ihtimali veya imkânı bulunmak,,
dondurmak,Donmasını sağlamak; buydurmak | Hareketsiz hâle getirmek | Bir işin gerektirdiği sorumluluk ve yetkileri geçici bir süre için kullanmamak üzere durdurmak | Beklemeye almak,,
dondurulmak,Dondurma işine konu olmak veya dondurma işi yapılmak | Beklemeye alınmak | Değişmez duruma getirilmek,,
donmak,"Sıvı, soğuğun etkisiyle katı duruma gelmek; buymak | Yaşamını yitirmek, soğuktan ölmek | Çok üşümek | Bitki soğuktan zarar görmek, yararlanılmaz duruma gelmek | Kimyasal bir etki ile katılaşmak | Eriyik durumda bulunan bir metal katı duruma geçmek [fizik] | Beklenmedik bir durum karşısında birden hareketsiz kalmak | Gelişmemek, yeniliklere açık olmamak",,
donuklaşmak,Donuk duruma gelmek,,
donuklaştırmak,Donuk duruma getirmek,,
donuvermek,Kısa sürede donmak,,donu'vermek
dopinglemek,Doping yapmak,,
doruklamak,Bir kabı tepeleme doldurmak,,
dostlaşmak,"Dost durumuna gelmek, dost olmak",,
dosyalamak,"Yazıları, belgeleri dosyaya koymak",,
dosyalanmak,Dosyalama işi yapılmak veya dosyalama işine konu olmak,,
doyabilmek,Doyma ihtimali veya imkânı bulunmak,,
doygunlaşmak,"İyice doymak, doygun bir duruma gelmek",,
doymak,"İsteği kalmayıncaya kadar yemek, yeteri kadar yemiş olmak, açlığı kalmamak; doyunmak | Bir gereksinimini yeteri kadar karşılamak | Yeter bulmak, kanmak, tatmin olmak",,
doyulmak,Doymak işi yapılmak,,
doyurabilmek,Doyurma ihtimali veya imkânı bulunmak,,
doyurmak,"Açlığını gidermek | Geçindirmek, yaşamasını sağlamak | Bir maddenin içine alabileceği kadar başka bir madde katmak | Kandırıcı, inandırıcı olmak; tatmin etmek | Para yedirmek | Doyma durumuna getirmek [fizik]",,
doyurulmak,Doyurma işine konu olmak,,
doyuvermek,Çabucak doymak,,doyu'vermek
dökebilmek,Dökme ihtimali veya imkânı bulunmak,,
dökmek,"Sıvı veya tane durumunda olan şeyleri bulundukları kaptan başka bir yere boşaltmak | Belli bir yere boşaltmak | Bir şeyi salmak, bırakmak | Üstünde bulunan bir şeyi düşürmek | Teninde kızamık, kızıl, suçiçeği hastalıklarında olduğu gibi kırmızı lekeler çıkmak | Maden, mum eriyiği veya çimento, alçı vb.ni kalıba akıtarak biçim vermek, döküm yapmak | Sulu hamuru kızgın yağ veya tepsinin içine akıtarak pişirmek | Bir yere çokça bir şey yığmak, taşımak | Çok söylemek | Bir şeyi yok etmek için atmak | Bir işte veya bir konuyu ele alış biçiminde değişiklik yapmak | Yakmak, tutuşturmak | Kullanmak, harcamak, sarf etmek | Çok sayıda öğrenciyi sınavda veya bir üst sınıfa geçirmede başarısız saymak | Bol bol vermek, ödemek, sarf etmek | Açığa vurmak, söylemek, ortaya koymak",,
döktürebilmek,Döktürme ihtimali veya imkânı bulunmak,,
döktürmek,"Dökme işini yaptırmak | Kolaylıkla ve güzel söylemek, yazmak veya oynamak",,
döktürtmek,Döktürme işini yaptırmak,,
dökülebilmek,Dökülme ihtimali veya imkânı bulunmak,,
dökülmek,"Dökme işi yapılmak veya dökme işine konu olmak | Yaprak, saç, diş, sıva bağlı bulunduğu yerden veya organdan kopup düşmek | Kumaş dökümlü olmak | Bir işi, bir konuyu ele alış biçiminde değişiklik olmak | Bir yere düşmek | Çıkmak, ortaya konulmak | Bir şey kaplamak, yayılmak | Salınmak, serbest bırakılmak | Kır, sokak vb. yerlerde insanlar çokça birikmek | Çok eskimiş olmak, değerini ve güzelliğini yitirmek | Çok yorgun, hasta olmak | Akarsular, göl veya denize akmak [coğrafya]",,
dökülüvermek,Çabucak veya kısa sürede dökülmek,,dökülü'vermek
dökümlemek,Bir işin dökümünü yapmak,,
dökünmek,Kendi üstüne dökmek,,
döküvermek,Aniden dökmek,,dökü'vermek
döllemek,"Erkek gamet bir yumurtacıktaki dişi gametle kaynaşmayı sağlayarak yumurtacığı tam bir hücre durumuna getirmek; tohumlamak, ilkah etmek [biyoloji]",,
döllendirmek,Döllenme işini yaptırmak,,
döllenmek,Dölleme işine konu olmak,,
dölleyebilmek,Döllenme ihtimali veya imkânı bulunmak,,
döndürebilmek,Döndürme ihtimali veya imkânı bulunmak,,
döndürmek,"Dönmesini sağlamak | Başarısız saymak, geri çevirmek | Bir şeyi çevirmek, bükmek | ... bir duruma getirmek | Düzene koymak, yönetmek",,
döndürtmek,Döndürme işini yaptırmak,,
döndürülmek,Döndürme işine konu olmak,,
dönebilmek,Dönme ihtimali veya imkânı bulunmak,,
dönelemek,"Dolaşmak, dolaşıp durmak",,
dönelmek,En yüksek noktaya çıktıktan sonra alçalmaya başlamak,,
dönenmek,Olduğu yerde veya bir şeyin çevresinde dönmek,,
dönmek,"Kendi ekseni üzerinde veya başka bir şeyin dolayında hareket etmek | Geri gelmek, geri gitmek | Yönünü belli bir tarafa doğru çevirmek | Bir tarafa sapmak | Bir şeyi andıracak duruma girmek, benzemek | Sınıfta kalmak | Durumdan duruma geçmek, değişmek, olduğundan daha değişik bir durum almak | Belirli bir yerde dolaşmak | Kendini bir yandan bir yana çevirmek | Yönetilmek, düzene konulmak, çekip çevrilmek | Söz konusu etmek, hatırlamak | Bırakılan bir konu veya işe başlamak | Hileyle, gizlice yapılmak | İnanç, din veya düşüncesini değiştirmek [din bilimi]",,
dönülmek,Dönme işi yapılmak,,
dönüşebilmek,Dönüşme ihtimali veya imkânı bulunmak,,
dönüşmek,"Bir biçimden, bir durumdan başka bir biçime veya duruma geçmek; tahavvül etmek",,
dönüştürmek,"Dönüşmesini sağlamak; tahvil etmek | Bir şekli, belli bir kurala göre, başka bir şekle çevirmek [matematik]",,
dönüştürülebilmek,Dönüştürülme ihtimali veya imkânı bulunmak,,
dönüştürülmek,Dönüştürme işine uğramak,,
dönüşüvermek,Aniden dönüşmek,,dönüşü'vermek
dönüvermek,Ansızın veya kısa sürede dönmek,,dönü'vermek
dörtlemek,Bir şeyin sayısını dörde çıkarmak,,
döşemek,"Bir tabanı, tahta, karo, mermer vb. yapı gereçleriyle kaplamak | Kumaş, halı vb.ni bir yeri iyice örtecek biçimde sermek | Bir ev veya dairenin oturulabilir duruma gelmesi için gerekli eşyayı oraya yerleştirmek | Boru, kablo vb. yerleştirmek; çekmek",,
döşenebilmek,Döşenme ihtimali veya imkânı bulunmak,,
döşenmek,Döşeme işi yapılmak | Birine kızarak kötü ve küçük düşürücü sözler söylemek | Uzun uzadıya ve yererek yazmak,,
döşetebilmek,Döşetme ihtimali veya imkânı bulunmak,,
döşetilmek,Döşetme işi yaptırılmak,,
döşetmek,Döşeme işini yaptırmak,,
döşeyebilmek,Döşeme ihtimali veya imkânı bulunmak,,
dövdürmek,Dövme işini yaptırmak,,
dövdürtmek,Dövdürme işini yaptırmak | Dövme yaptırmak,,
dövdürtülmek,Birine dövdürülmek,,
dövdürülmek,Dövme işi yaptırılmak,,
dövebilmek,Dövme ihtimali veya imkânı bulunmak; pataklayabilmek,,
dövmek,"Tokat, yumruk, tekme vurarak canını acıtmak; benzetmek, girişmek, hırpalamak, pataklamak,  silkelemek, sopalamak, ufalamak | Çamaşır, halı vb.ni tokaç, sopa gibi şeylerle vurarak temizlemek | Bir şeyi toz durumuna getirmek için ezmek | Ateşte ısıtılarak yumuşatılmış bir madeni, vurarak istenilen biçime getirmek | Topa tutmak | Çarpmak, sertçe dokunmak | Davul vb.ni çalmak, vurmak",,
dövülmek,"Dövme işine konu olmak; pataklanmak, sopalanmak",,
dövünmek,"Aşırı üzüntü, çaresizlik, pişmanlık duyarak çırpınmak, kendi kendini dövmek; vurunmak | Çok üzülmek",,
dövüşebilmek,Dövüşme ihtimali veya imkânı bulunmak,,
dövüşmek,Karşılıklı birbirini dövmek | İki silahlı kuvvet çatışmak | Boks yapmak [spor],,
dövüştürebilmek,Dövüştürme ihtimali veya imkânı bulunmak,,
dövüştürmek,Dövüşmelerini sağlamak,,
dramatikleşmek,Dramatik bir durum almak,,
dramatikleştirmek,Dramatik duruma getirmek,,
duldalamak,"Korumak, siper altına almak",,
duldalanmak,"Korumak, siper altına girmek",,
dumanlamak,Dumanlı duruma getirmek | Dumana tutmak | Sarhoş etmek,,
dumanlanmak,"Dumanlı duruma gelmek | Sarhoş olmak | Bulanmak, karışmak",,
durabilmek,Durma ihtimali veya imkânı bulunmak,,
durağanlaşmak,Durağan duruma gelmek,,
durakalmak,Ne yapacağını bilemez bir biçimde durup kalmak,,dura'kalmak
duraklamak,"Hareket durumundayken kısa bir süre için durmak veya arada bir durmak; duralamak | Bir süre ses çıkarmamak, bir şey söylememek; duralamak, tereddüt etmek",,
duraklatmak,Bir şeyin duraklamasını sağlamak,,
duraksamak,Ne yapmak veya ne demek gerektiğini kestiremeyerek duraklamak; tereddüt etmek,,
duraksatmak,Duraksama işini yaptırmak,,
duralatmak,Duralama işini yaptırmak,,
durayazmak,Duracak gibi olmak,,dura'yazmak
durdurabilmek,Durdurma ihtimali veya imkânı bulunmak | Durdurmaya gücü yetmek,,
durdurmak,"Durmasını sağlamak; bastırmak, çevirmek, eğlemek, yenmek (I)",,
durdurtmak,"Durmasını sağlamak, durmasına yol açmak",,
durdurulmak,Durdurma işi yapılmak,,
durduruvermek,Çabucak durdurmak,,durduru'vermek
durgunlaşmak,Durgun bir duruma gelmek,,
durgunlaştırmak,Durgun duruma getirmek,,
durmak,"Hareketsiz durumda olmak | İşlemez olmak, çalışmamak | Bir yerde bir süre oyalanmak, eğlenmek, eğleşmek; tevakkuf etmek | Sona ermek; kesilmek | Varlığını sürdürmek | Var olmak | Beklemek, dikilmek | Birisinin malı olarak bulunmak veya o malla ilişkisi olmak | Bir yerde kalmak | Bir yerde olmak veya bulunmak | Belli bir durumda, bir görevde bulunmak | Ara vermek | Kök veya gövdeleri sonuna -a (-e) zarf-fiil eki almış fiillere gelerek süreklilik bildiren birleşik fiiller oluşturur: Çalışadurmak, bakadurmak, getiredurmak, yiyedurmak gibi",,
durulamak,Yıkanmış şeyleri duru sudan geçirmek,,
durulanmak,"Yıkanmış şeyler duru sudan geçirilmek | İnsan, yıkandıktan sonra bir daha temiz su dökünmek",,
durulaşmak,Duru bir duruma gelmek,,
durulaştırmak,Durulaşma işini yaptırmak,,
durulmak,"Duru duruma gelmek | Gürültü, kımıldanış, karışıklık, yağış, yel vb. dinmek",,
durulmak,Durma işi yapılmak,,
durultmak,Duru duruma getirmek,,
duruluvermek,Ansızın durulmak,,durulu'vermek
duruvermek,Ansızın durmak,,duru'vermek
duşaklamak,Hayvanın iki ayağını duşakla bağlamak,,
duvaklamak,Başını ve yüzünü duvakla örtmek,,
duvaklanmak,Duvak örtünmek | Gelin olmak,,
duyabilmek,Duyma ihtimali veya imkânı bulunmak,,
duyarlılaşmak,Duyarlı duruma gelmek,,
duyarsızlaşmak,Duyarlı olma yeteneği kalmamak,,
duyarsızlaştırmak,"Duyarlılığını ortadan kaldırmak, duyarsız duruma getirmek",,
duygulandırmak,"Duygulanmasını sağlamak, duygulanmasına sebep olmak; hislendirmek",,
duygulanıvermek,Çabucak duygulanmak,,duygulanı'vermek
duygulanmak,"Bir olay, bir görünüm karşısında birdenbire güçlü duyguların etkisinde kalmak; hislenmek",,
duymak,"Bilgi almak, öğrenmek, haber almak | İşitmek, ses almak | Nesnelere dokunmakla onların sıcaklık, soğukluk, sertlik, ağırlık, hareket vb. fizik durumlarını algılamak; hissetmek | Bir şeyi sezmek, fark etmek",,
duymazlanmak,İlgilenmek istemediği için duymamış gibi davranmak,,
duyulabilmek,Duyulma ihtimali veya imkânı bulunmak,,
duyulmak,Duyma işine konu olmak; işitilmek,,
duyumsamak,Duyular aracılığıyla bir şeyi algılamak,,
duyumsatmak,Duyumsamasına sebep olmak,,
duyurabilmek,Duyurma ihtimali veya imkânı bulunmak,,
duyurmak,"Duymasını sağlamak | İlan etmek | Bir duyguyu, olayı sezdirmek",,
duyurtmak,Duyurma işini yaptırmak,,
duyurulmak,Duyulmasını sağlamak | İlan edilmek,,
duyuvermek,Beklemediği bir anda duymak,,duyu'vermek
düdüklemek,"Aldatmak, kandırmak | Değersiz bir şeyi çok değerliymiş gibi birine satmak | Cinsel ilişkide bulunmak",,
düğmek,Düğüm yapmak,,
düğümlemek,Düğüm yapmak | Düğüm yaparak bağlamak,,
düğümlenmek,Düğümle bağlanmak | Bir şey sıkışmak | Bütün sorunlar bir yerde toplanıp birleşmek,,
düğümleyebilmek,Düğümleme ihtimali veya imkânı bulunmak,,
dünyevileşmek,"Dünyaya ait olmak, dünya ile ilgili duruma gelmek; dünyasallaşmak | Dünyanın çekiciliğine kapılarak yaşamak; dünyasallaşmak | Geçici olana gönül vermek; dünyasallaşmak",,
dürebilmek,Dürme ihtimali veya imkânı bulunmak,,
dürmek,Bir şeyi kıvırıp silindir biçiminde kendi üzerine sarmak | Bir şeyi üst üste katlamak,,
dürtelemek,"Dürter gibi yapmak, hafifçe dürtmek",,
dürtmek,"Ucu sivri bir şeyle veya elle hafifçe itmek | Bir yere değmek, dokunmak | İstenilen şeyi yaptırmak için birine kışkırtıcı söz söylemek, birini tahrik etmek | Birini uyarmak, ikaz etmek",,
dürtüklemek,Üst üste birkaç kez dürtmek | Birini uyarmak veya kışkırtmak,,
dürtülmek,Dürtme işine konu olmak veya dürtme işi yapılmak,,
dürtüşlemek,Birkaç kez dürtmek,,
dürtüşmek,Birbirini dürtmek,,
dürtüştürmek,Kısa aralıklarla sık sık dürtmek,,
dürülmek,"Dürme işine konu olmak veya dürme işi yapılmak | Sarılmak, katlanmak | Toplanmak, toparlanmak",,
dürümlemek,"Dürüm biçiminde sarmak, kıvırmak",,
düşebilmek,Düşme ihtimali veya imkânı bulunmak,,
düşeyazmak,Düşme tehlikesi atlatmak,,düşe'yazmak
düşkünleşmek,Düşkün duruma gelmek,,
düşlemek,"Bir şeyi, bir kimseyi, bir durumu istenilen biçimde tasarlamak, zihinde canlandırmak",,
düşleyebilmek,Düşleme ihtimali veya imkânı bulunmak,,
düşmanlaşmak,Düşman durumuna girmek,,
düşmanlaştırmak,Düşmanlaşmasına yol açmak,,
düşmek,"Yer çekiminin etkisiyle boşlukta, yukarıdan aşağıya inmek | Durduğu, bulunduğu, tutunduğu yerden ayrılarak veya dayanağını, dengesini yitirerek yukarıdan aşağıya inmek | Yere devrilmek, yere serilmek; boylamak (I) | Hava taşıtları kaza sonucu hızla yere inerek çarpmak | Vücuda bol gelen giysi aşağı kaymak | Kar, yağmur vb. yağmak | Vurmak, değmek, rastlamak | Vakti gelmeden ölü doğmak | Atlanmak, aradan çıkmak, eksik kalmak | Aşırı ilgi veya sevgi göstermek | Uğramak, kapılmak | Yakışmak, uygun gelmek | Yakışık almak | Ödevi veya yetkisi içinde bulunmak | Bir yerde bulunmak | Biriyle yaşama, çalışma, birlikte olma durumunda kalmak | Bir bölüşme sonunda payına ayrılmak | Kötü bir sebeple istenmeden bir yerde bulunmak | İşbaşından uzaklaşmak | Hızı, gücü, değeri azalmak | Isı, basınç, ateş vb. eksilmek, azalmak | Düşkün, fakir vb. duruma gelmek | Bir yere ansızın gelmek, damlamak, tesadüfen gelmek | Belirli zamana rastlamak | Fırsat çıkmak | Olmak, olumsuz bir duruma girmek | Savaşta savunulmaz duruma gelerek teslim olmak | Bazı deyimlerde ""yürümek, birlikte gelmek"" anlamlarında kullanılan bir fiil | Kötü yola girmek | Alışmak, müptela olmak | Telefon, sanal ağ vb. alanlarda bağlantı kurmak [teknik]",,
düşüncelenmek,"Düşünceye dalmak, dalıp gitmek",,
düşündürebilmek,Düşündürme ihtimali veya imkânı bulunmak,,
düşündürmek,"Düşünmesine sebep olmak, düşünmesine yol açmak | Bir şeyi akla getirmek, hatırlatmak | Birini kaygılandırmak",,
düşündürtmek,Düşündürmesine sebep olmak,,
düşünebilmek,Düşünme ihtimali veya imkânı bulunmak,,
düşünmek,"Aklından geçirmek, göz önüne getirmek; kurmak | Bir sonuca varmak amacıyla bilgileri incelemek, karşılaştırmak ve aradaki ilgilerden yararlanarak düşünce üretmek, zihinsel yetiler oluşturmak; muhakeme etmek | Zihniyle arayıp bulmak | Bir şeye karşı ilgili ve titiz davranmak | Akıl etmek, ne olabileceğini önceden kestirmek | Birisi veya bir şey için kaygılanmak",,
düşünülebilmek,Düşünülme ihtimali veya imkânı bulunmak,,
düşünülmek,Düşünme işine konu olmak,,
düşünüvermek,Çabucak düşünmek,,düşünü'vermek
düşürebilmek,Düşürme ihtimali veya imkânı bulunmak,,
düşürmek,"Düşmesine yol açmak, düşmesine sebep olmak | Değerini, fiyatını indirmek | Hızını, gücünü azaltmak | Vücuttan yavru, çocuk, taş, solucan vb. atmak | Görevi bıraktırmak | Bir şeye uğratmak | Değerli bir şeyi ucuz veya kolay elde etmek | Zayıf bırakmak, gücünü azaltmak",,
düşürtmek,Düşürmesini sağlamak,,
düşürttürmek,Düşürtme işini yaptırmak,,
düşürülmek,Düşürme işine konu olmak veya düşürme işi yapılmak,,
düşürüvermek,Çabucak veya kısa sürede düşürmek,,düşürü'vermek
düşüvermek,Ansızın veya kısa sürede düşmek,,düşü'vermek
düvesimek,"Boğa, dişi istemek",,
düzdürmek,Düzme işini yaptırmak,,
düzebilmek,Düzme ihtimali veya imkânı bulunmak,,
düzelebilmek,Düzelme ihtimali veya imkânı bulunmak,,
düzelmek,"Kötü, bozulmuş bir durumdayken düzenli duruma gelmek | Soğuk ve yağış azalmak | Hasta iyileşmek",,
düzeltebilmek,Düzeltme ihtimali veya imkânı bulunmak | Düzeltmeye gücü yetmek | Düzeltme becerisi bulunmak,,
düzeltilebilmek,Düzeltilme ihtimali veya imkânı bulunmak,,
düzeltilmek,Düzeltme işine konu olmak veya düzeltme işi yapılmak,,
düzeltmek,"Düzgün duruma getirmek | Bozukluğunu gidermek, onarmak | Yanlıştan kurtarmak",,
düzelttirmek,Düzeltme işini yaptırmak,,
düzemek,"Herhangi bir karışımı istenilen orana göre hazırlamak, karışımın dozunu belirlemek [kimya]",,
düzenlemek,"Düzenli, düzgün duruma getirmek, düzen vermek; tanzim etmek | Yapmak, hazırlamak | Düzenleme yapmak; örgülemek, yapılandırmak [müzik] | Müzik aletlerini akort etmek [müzik]",,
düzenlenebilmek,Düzenlenme ihtimali veya imkânı bulunmak,,
düzenlenmek,"Düzenli, düzgün duruma getirilmek | Yapılmak, tertip edilmek",,
düzenletebilmek,Düzenletme ihtimali veya imkânı bulunmak | Düzenletmeye gücü yetmek,,
düzenletmek,Düzenleme işini yaptırmak,,
düzenlettirmek,Düzenletme işini yaptırmak,,
düzenleyebilmek,Düzenleme ihtimali veya imkânı bulunmak | Düzenlemeye gücü yetmek | Düzenleme becerisi bulunmak,,
düzlemek,Düz duruma getirmek; tesviye etmek,,
düzlenmek,Düz duruma getirilmek,,
düzleşmek,Düz duruma gelmek; düzelmek,,
düzleştirmek,Düzleşme işini yaptırmak,,
düzletmek,Düz duruma getirmek,,
düzmek,"Bir gereksinimi karşılamak amacıyla birçok şeyi birbirini tamamlayacak biçimde bir araya getirmek | Düzene sokmak, düzene koymak, sıralamak, elverişli, uygun bir duruma getirmek | Şiir, destan, şarkı vb. yaratmak, oluşturmak, meydana getirmek | Erkek, cinsel ilişkide bulunmak",,
düzülmek,Düzme işine konu olmak veya düzme işi yapılmak,,
ebelemek,Oyunda ebe yapmak,,
eblehleşmek,Ebleh durumuna gelmek,,
ebrulamak,"Kitre, kola vb. yapıştırıcılarla yoğunlaştırılmış suya neft yağı ile sulandırılmış yağlı boya damlatıp hare, dalga, damar vb. şekiller verdikten sonra üstüne kâğıdı kapatarak ebru yapmak | Kâğıt veya kumaşı boya ile mermer damarları gibi renkli dalgalar yaparak süslemek",,
ebrulanmak,Ebru işi yapılmak,,
edebilmek,Etme ihtimali veya imkânı bulunmak,,
edememek,"yapamamak, yapmadan duramamak | yeterli olmamak",,
edeplendirmek,Edeplenme işini yaptırmak,,
edeplenmek,"Uslanmak, ince ve terbiyeli olmak",,
edilebilmek,Edilme ihtimali veya imkânı bulunmak,,
edilgenleşmek,Edilgen duruma gelmek [dil bilgisi],,
edilgenleştirmek,Edilgen duruma getirmek [dil bilgisi],,
edilgenleştirtmek,Edilgenleştirme işini yaptırmak,,
edilmek,Etme işine konu olmak; yapılmak,,yar
edindirmek,Edinme işini yaptırmak,,
edinebilmek,Edinme ihtimali veya imkânı bulunmak,,
edinilebilmek,Edinilme ihtimali veya imkânı bulunmak,,
edinilmek,Edinme işi yapılmak,,
edinivermek,Çabucak veya kısa sürede edinmek,,edini'vermek
edinmek,"Kendini bir şeye sahip kılmak, bir şeyi elde etmek; iktisap etmek",,
edivermek,Çabucak yapmak,,edi'vermek
efelenmek,"Diklenmek, kafa tutmak",,
efeleşmek,Efe durumuna gelmek,,
efendileşmek,Efendi duruma gelmek,,
efildemek,Rüzgâr yavaş ve serin bir biçimde esmek,,
efilemek,Efil efil esmek,,
efkârlanmak,Herhangi bir üzücü olay sebebiyle hüzünlenmek,,
efsaneleşmek,Efsane durumuna gelmek,,
efsaneleştirilmek,Efsane niteliği kazandırılmak,,
efsaneleştirmek,Efsane durumuna getirmek,,
egavlamak,"Bir şeyi ayarlamak, sağlamak",,
eğdirebilmek,Eğdirme ihtimali veya imkânı bulunmak | Eğdirmeye gücü yetmek,,
eğdirmek,Eğme işini yaptırmak | Eğik duruma getirmek,,
eğdirtmek,Eğdirme işini yaptırmak,,
eğebilmek,Eğme ihtimali veya imkânı bulunmak | Eğmeye gücü yetmek,,
eğelemek,"Eğe ile düzleştirmek, aşındırmak",,
eğelenmek,Eğeleme işi yapılmak,,
eğilebilmek,Eğilme ihtimali veya imkânı bulunmak | Eğilmeye gücü yetmek,,
eğilinmek,Eğilme işi yapılmak,,
eğilmek,"Bir yana doğru eğik duruma gelmek | İnsan, bir işi yapmak için belini eğmek | Başkasının baskısını veya egemenliğini benimsemek, kabul etmek | Bir işi önemseyip ele almak",,
eğinmek,Gönül vermek,,
eğirmek,"Yün, pamuk vb.ni iğ ile büküp iplik durumuna getirmek",,
eğirtmek,Eğirme işi yaptırmak,,
eğitebilmek,Eğitme ihtimali veya imkânı bulunmak | Eğitme becerisi bulunmak,,
eğitilebilmek,Eğitilme ihtimali veya imkânı bulunmak,,
eğitilmek,Eğitme işine konu olmak,,
eğitmek,"Birinin akla uygun, fiziksel ve moral gelişmesi üzerine etki yaparak çeşitli davranış yatkınlıkları, bilgi ve görgü aşılayarak önceden tespit edilmiş amaçlara göre onun belirli bir yönde gelişmesini sağlamak; terbiyelemek, terbiye etmek | Belli bir konuda yetiştirme | Hayvanı istenilen davranışları yapabilecek biçimde yetiştirmek",,
eğlendirebilmek,Eğlendirme ihtimali veya imkânı bulunmak | Eğlendirme becerisi bulunmak,,
eğlendirmek,"Eğlenmesini sağlamak, eğlenmesine yol açmak",,
eğlenebilmek,Eğlenme ihtimali veya imkânı bulunmak | Eğlenme becerisi bulunmak,,
eğlenilmek,Eğlenme işi yapılmak,,
eğlenmek,"Neşeli, hoşça vakit geçirmek | Bir kimsenin herhangi bir kusuru veya zayıf noktası ile alay etmek | Bir yerde durmak, beklemek; tevakkuf etmek",,
eğleşmek,"Oyalanmak, eğlenmek; kalmak, tevakkuf etmek | Bir yerde oturmak, ikamet etmek",,
eğmek,Düz olan bir şeyi eğik duruma getirmek | Sert bir cismi bükmek,,
eğretilemek,Ödünç almak | Eğreti olarak yapmak,,
eğrilmek,Eğri duruma gelmek,,
eğriltmek,Eğri duruma getirmek; eğritmek,,
ekebilmek,Ekme ihtimali veya imkânı bulunmak | Ekmeye gücü yetmek | Ekme becerisi bulunmak,,
ekilmek,Ekme işi yapılmak,,
eklemek,"Bir şeyi ekle tamamlamak; beslemek, koymak, ulamak, ilave etmek | Bir şeyi ek olarak kullanmak",,
eklemlemek,Eklemle birleştirmek,,
eklemlendirmek,Eklemlenme işini yaptırmak,,
eklemlenmek,"Eklemle birleşmek | Bir araya getirilmek, topluca bitiştirmek",,
eklenebilmek,Eklenme ihtimali veya imkânı bulunmak,,
eklenivermek,Kısa sürede eklenmek,,ekleni'vermek
eklenmek,Ekleme işi yapılmak | Ekle tamamlanmak,,
ekleşmek,Kelime zamanla ek durumuna gelmek [dil bilgisi],,
ekleştirmek,Tokat atmak,,
ekletebilmek,Ekletme ihtimali veya imkânı bulunmak | Ekletmeye gücü yetmek,,
ekletmek,Ekleme işini yaptırmak,,
ekleyebilmek,Ekleme ihtimali veya imkânı bulunmak | Eklemeye gücü yetmek,,
ekleyivermek,Çabucak veya kısa sürede eklemek,,ekleyi'vermek
ekmek,"Bir bitkiyi üretmek için toprağa tohum atmak veya gömmek | Toprağı ekip biçmek için kullanmak | Bir şeyin başlamasına yol açacak sebepleri hazırlamak | Birini uydurma bir sebeple bırakıp gitmek; savuşmak, atlatmak | Parayı boşuna harcamak | Yarışta geçmek",,
ekmek,"Tahıl unundan yapılmış hamurun fırında, sacda veya tandırda pişirilmesiyle yapılan yiyecek; nan, nanıaziz | İnsanı geçindirecek iş; kazanç",,
eksiklenmek,Eksiklik duymak,,
eksilmek,"Eskisinden daha az, daha eksik duruma gelmek; düşmek | Yok olmak, varlığı devam etmemek",,
eksiltebilmek,Eksiltme ihtimali veya imkânı bulunmak | Eksiltmeye gücü yetmek,,
eksiltilmek,Eksiltme işine veya durumuna konu olmak,,
eksiltmek,"Eksik duruma getirmek, sayısını azaltmak",,
ekşimek,"Ekşi duruma gelmek | Utanmak, mahcup olmak | Sırnaşmak, ısrar etmek | Kaşlarını çatıp yüzüne küskün veya dargın bir anlam vermek",,
ekşitilmek,Ekşitme işi yapılmak,,
ekşitmek,Ekşimesine yol açmak,,
ektirmek,Ekme işini yaptırmak,,
eleklemek,Elekten geçirmek,,
elektriklemek,"Üzerinde elektrik gücü bulunmayan bir iletkene, elektrikli başka bir iletkeni yaklaştırmak veya değdirmek yoluyla elektrik gücü vermek [fizik] | Birini etkilemek",,
elektriklendirmek,Bir yere elektrik sağlamak | Sinirli ve gergin bir duruma yol açmak,,
elektriklenmek,Elektrik enerjisiyle yüklü duruma gelmek | Sinirli ve gergin bir duruma gelmek | Biri tarafından etkilenmek,,
elemek,"Elek yardımıyla ayıklamak veya incesini kabasından ayırmak; elekten geçirmek | Sınav veya yarışma yoluyla en iyileri seçmek | İpliği elemgeden geçirip yumak yapmak | Gözden geçirmek, ayıklamak, iyisini kötüsünden ayırmak | Bir yarışmacıyı, oyuncuyu veya takımı yarışma dışı bırakmak; elimine etmek [spor]",,
elenmek,Eleme işine konu olmak veya eleme işi yapılmak; silkelenmek | Sınavda başarısız sayılmak | Yenilen oyuncu veya takım yarış dışı kalmak [spor],,
eleştirilebilmek,Eleştirilme ihtimali veya imkânı bulunmak | Eleştirmeye gücü yetmek,,
eleştirilmek,Eleştirme işi yapılmak,,
eleştirmek,"Bir düşünceyi, bir eseri, bir yargıyı inceleyerek doğruluk veya yanlışlığını ortaya çıkarmak ve gerçek değerini belirtmek; tenkit etmek",,
eletmek,Eleme işini yaptırmak,,
eleyebilmek,Eleme ihtimali veya imkânı bulunmak | Elemeye gücü yetmek,,
elleçlemek,"Gümrük gözetimi altındaki eşyanın asli niteliklerini değiştirmeden istiflemek, yerini değiştirmek, büyük kaplardan küçük kaplara aktarmak, kapları yenilemek veya tamir etmek, havalandırmak",,
elleçlenmek,Elleçlemek işi yapılmak,,
ellemek,Elle dokunmak,,
ellenebilmek,Ellenme ihtimali veya imkânı bulunmak,,
ellenmek,Bir şeye elle dokunulmak,,
elleşmek,"Elle dokunmak | Elle itişerek şakalaşmak | Alışverişte, alanla satan birbirlerinin ellerini tutup sıkarak uzlaşmak | Birbirinin elini sıkarak güç denemesi yapmak | El sıkarak selamlaşmak | Ağır bir yükü kaldırmak için birkaç kişi birden tutmak | Birine dokunacak söz söylemek | Herhangi bir konuda yardımlaşmak",,
elletmek,Elleme işini yaptırmak,,
ellettirmek,Elletme işini yaptırmak,,
elleyebilmek,Elleme ihtimali veya imkânı bulunmak,,
elvermek,"Yetmek, yetecek kadar olmak | Uygun gelmek",,
emaylamak,Emayla kaplamak,,
emdirebilmek,Emdirme ihtimali veya imkânı bulunmak,,
emdirmek,Emmesini sağlamak,,
emdirtmek,Emdirmesini sağlamak,,
emebilmek,Emme ihtimali veya imkânı bulunmak | Emme becerisi bulunmak,,
emek,"Bir işin yapılması için harcanan beden ve kafa gücü; alın teri | Uzun ve yorucu, özenli çalışma | İnsanın bilinçli olarak belli bir amaca ulaşmak için giriştiği, hem doğal ve toplumsal çerçevesini hem de kendisini değiştiren çalışma süreci [toplum bilimi]",,
emeklemek,Ayağa kalkmadan hem dizleri hem de elleri kullanarak ilerlemek | Bir işe yeni başlarken deneyimsizlikten ötürü acemilik geçirmek,,
emilebilmek,Emilme ihtimali veya imkânı bulunmak,,
emilmek,Emme işine konu olmak,,
emişmek,"Karşılıklı olarak emmek | Koyunlar kuzular tarafından emilmek | Birbirine iyice karışmak, birleşmek | İki ayrı çocuk aynı kadını emmek, süt kardeş olmak",,
emiştirmek,Emişmelerini sağlamak,,
emlemek,"İlaç sürmek, ilaç vermek",,
emmek,Tükürük yardımıyla eriterek içine çekmek | Uzun süre yararlanmak,,
emredebilmek,Emretme ihtimali veya imkânı bulunmak; buyurabilmek | Emretmeye gücü yetmek; buyurabilmek,,e'mredebilmek
emredilmek,"Emretme işi yapılmak; buyrulmak, emrolunmak",,e'mredilmek
emretmek,"Bir şeyin yapılmasını veya yapılmamasını kesin olarak söylemek; buyurmak, emreylemek",Arapça emr + Türkçe etmek,e'mretmek
emzirebilmek,Emzirme ihtimali veya imkânı bulunmak | Emzirmeye gücü yetmek | Emzirme becerisi bulunmak,,
emzirilmek,Çocuğa meme verilmek,,
emzirmek,"Kadın veya dişi hayvan, memesindeki sütü yavruya vermek",,
emzirtmek,Emzirme işini yaptırmak,,
enayileşmek,Enayi durumuna düşmek,,
endazelemek,Endaze ile ölçmek,,
endekslemek,Endekse bağlamak,,
endekslenmek,Endekse bağlanmak,,
endeksletmek,Endekse bağlatmak,,
enemek,İğdiş etmek | Hadım etmek,,
enenmek,İğdiş edilmek | Hadım edilmek,,
engellemek,Bir şeyin gerçekleşmesini veya yapılmasını önlemek | Güreşte hasmı çaprazda sürerken düşürmek için ayağına basmak veya topuğuna ayak takmak [spor],,
engellenmek,Engel olunmak,,
engelletmek,Engel olmak,,
engelleyebilmek,Engelleme ihtimali veya imkânı bulunmak | Engellemeye gücü yetmek,,
enginleşmek,Engin bir durum almak,,
eniklemek,"Kedi, köpek vb. doğurmak",,
enselemek,Kaçan veya saklanan birini yakalamak,,
enselenmek,"Yakalanmak, ele geçirilmek",,
enseletmek,Enseleme işini yaptırmak,,
enseleyebilmek,Enseleme ihtimali veya imkânı bulunmak | Enselemeye gücü yetmek,,
eprimek,"Bozulmak, ekşiyip çürümek | Yemiş dura dura olgunlaşmak, yumuşamak",,
erdirebilmek,Erdirme ihtimali veya imkânı bulunmak | Erdirmeye gücü yetmek,,
erdirmek,"Ermesini sağlamak, ermesine yol açmak",,
erebilmek,Erme ihtimali veya imkânı bulunmak,,
ergenleşmek,"Döl verebilecek erişkin duruma gelmiş olmak; erinleşmek, akil baliğ olmak, büluğa ermek | Rüşdünü ispat etme yaşına gelmiş olmak; erinleşmek, akil baliğ olmak, büluğa ermek",,
ergimek,Dokuma aşınıp incelerek dağılmak | Sıcaklığı artırılmak yoluyla bir cisim katı durumdan sıvı duruma geçmek; zeveban etmek [fizik],,
erginlemek,"Birini bir konu üzerinde aydınlatıp onu gerekli temel bilgi ve becerilerle donatarak ergin ve yetişmiş kılmak | Bir kişiyi dernek, topluluk vb.ne özel bir törenle almak",,
erginlenmek,Ergin duruma gelmek,,
erginleşmek,Ergin bir duruma gelmek; reşit olmak,,
ergitmek,Sıcaklığın yükseltilmesi ile bir cismin veya maddenin katı durumdan sıvı duruma geçişini sağlamak [fizik],,
ergürmek,"Ulaştırmak, eriştirmek",,
erimek,"Katı cisim sıvı içine karışarak sıvı durumuna geçmek | Katı cisim ısı etkisiyle sıvı duruma gelmek | Dokumalar aşınıp incelerek dağılmak; eprimek | Çok zayıflamak | Utancından çok sıkılmak | Yok olmak, bitmek, tükenmek",,
erişebilmek,Erişme ihtimali veya imkânı bulunmak,,
erişilebilmek,Erişilme ihtimali veya imkânı bulunmak,,
erişilmek,"Erişme işi yapılmak, ulaşılmak, yetişilmek",,
erişmek,"Varılması zamana, emeğe bağlı olan veya uzakta bulunan bir amaca varmak, ulaşmak | Bir yere ulaşmak, varmak | Bitkiler veya bunların ürünleri olgunlaşmak | Zaman gelip çatmak",,
eriştirebilmek,Eriştirme ihtimali veya imkânı bulunmak | Eriştirmeye gücü yetmek,,
eriştirilmek,Eriştirme işi yapılmak,,
eriştirmek,Erişmesini sağlamak,,
eritebilmek,Eritme ihtimali veya imkânı bulunmak | Eritmeye güç yetmek,,
eritilmek,Eritme işi yapılmak,,
eritivermek,Çabucak veya ansızın eritmek,,eriti'vermek
eritmek,"Erimesini sağlamak, erimesine yol açmak | Harcayıp tüketmek | Çok üzmek | Bir şeyi yok etmek",,
eriyebilmek,Erime ihtimali veya imkânı bulunmak,,
eriyivermek,Çabucak veya kısa sürede erimek,,eriyi'vermek
erkeklenmek,Kabadayılık gösterisinde bulunmak,,
erkekleşmek,Çocukluk çağından çıkıp erkeklik çağına girmek | Erkek gibi sert davranır duruma gelmek,,
erkekleştirmek,Erkekleşme işini yaptırmak,,
erkeksileşmek,"Erkeği andırmak, erkeğe benzemek, erkek gibi davranmak; maskülenleşmek",,
ermek,"Bir şeye erişmek, ulaşmak | Yetişip dokunmak | İnsan veya bitki büyüyüp gelişmek, yetişmek | Ürün olgunlaşmak | Kendini Tanrı yoluna vermiş kimse insanüstü kutsal bir aşamaya erişmek [din bilimi]",,
ersemek,Erkek istemek,,
ertelemek,"Sonraya bırakmak; tehir etmek, tecil etmek, talik etmek",,
ertelenebilmek,Ertelenme ihtimali veya imkânı bulunmak,,
ertelenmek,Daha sonraki bir zamana bırakılmak; kalmak,,
erteletebilmek,Erteletme ihtimali veya imkânı bulunmak | Erteletmeye güç yetmek,,
erteletmek,Erteleme işini yaptırmak,,
ertelettirmek,Erteletme işini yaptırmak,,
erteleyebilmek,Erteleme ihtimali veya imkânı bulunmak | Ertelemeye gücü yetmek,,
esaslandırmak,"Esaslı duruma getirmek, sağlamlaştırmak",,
esaslanmak,"Temeli sağlamlaşmak, temelleşmek",,
esebilmek,Esme ihtimali veya imkânı bulunmak,,
esenlemek,"Birine esenlik dileyerek ayrılmak, veda etmek",,
esindirmek,Birinde esin uyandırmak; ilham etmek,,
esinlemek,Birine esin duymasını sağlamak; ilham vermek,,
esinlendirmek,Esinlenme işini yaptırmak,,
esinlenmek,"Bir şeyden ilham almak, içine doğmak; mülhem olmak",,
esirgemek,"Birini korumak, himaye etmek | Bir şeyi yapmaktan veya vermekten kaçınmak",,
esirgememek,"feda etmekten çekinmemek, diriğ etmemek",,
esirgenmek,Esirgeme işi yapılmak,,
esirgeyebilmek,Esirgeme ihtimali veya imkânı bulunmak | Esirgemeye gücü yetmek,,
esirmek,"Sarhoş olmak | Aklını yitirmek, delirmek | Çok kızmak, sertleşmek",,
eskimek,"Eski duruma gelmek; eskileşmek, köhnemek | Gözden düşmek, değeri kalmamak",,
eskitebilmek,Eskitme ihtimali veya imkânı bulunmak | Eskitmeye gücü yetmek,,
eskitilmek,"Eskitme işi yapılmak, eski duruma getirilmek",,
eskitmek,Çok kullanarak eskimiş duruma getirmek | Etkisini sürdürememek | Daha eski görünmesi için herhangi bir eşya üzerinde boya vb. ile işlem yapmak,,
eskiyebilmek,Eskime ihtimali bulunmak,,
eslemek,"Önem vermek, aldırış etmek",,
esmek,"Hava bir yönden bir yöne akmak, rüzgâr olmak | Yapılması önce düşünülmüş olmayan veya beklenmeyen bir şeyi yapmaya birdenbire karar vermek",,
esmerleşmek,Esmer duruma gelmek | Siyaha yakın bir koyu renk almak,,
esmerleştirmek,Esmer duruma getirmek,,
esnekleşmek,Esnek bir durum almak,,
esnekleştirmek,Esnek duruma getirmek,,
esnemek,"Uykulu, sıkıntılı veya yorgunluk duyulan bir anda ağzı genişçe açarak soluk alıp vermek | Bir cisim bir etki ile biçim değiştirmek | Bollaşıp genişlemek",,
esnetebilmek,Esnetme ihtimali veya imkânı bulunmak | Esnetmeye gücü yetmek,,
esnetmek,Esnemesine sebep olmak,,
esneyebilmek,Esneme ihtimali veya imkânı bulunmak | Esnemeye gücü yetmek,,
esrimek,Herhangi bir sebeple kendinden geçmek; gaşyolmak | Coşup kendinden geçmek; vecde gelmek | Sarhoş olmak,,
esritmek,"Sarhoş olmasına yol açmak, sarhoş etmek",,
estirilmek,Estirme işi yapılmak,,
estirmek,Esmesini sağlamak,,
eşekleşmek,Çok anlayışsız ve kaba davranışlarda bulunmak,,
eşelemek,"Toprak, kül gibi toz durumunda bulunan şeyleri hafifçe kazıp karıştırmak | Dağıtıp karıştırmak | Bir işin, sorunun aslını anlamaya çalışmak, kurcalamak",,
eşelenmek,Eşeleme işi yapılmak | Bulunduğu yeri kendi kendine eşelemek,,
eşeletmek,Eşelemesini sağlamak,,
eşelettirmek,Eşelemesini sağlamak,,
eşilmek,Eşme işine konu olmak,,
eşinmek,"Hayvan, ayağıyla yeri kazmak",,
eşitlemek,Eşit duruma getirmek,,
eşitlenmek,Birbiriyle eşit duruma gelmek,,
eşitleşmek,Eşit duruma gelmek,,
eşitleştirmek,Eşit duruma getirmek,,
eşitleyebilmek,Eşitleme ihtimali veya imkânı bulunmak | Eşitlemeye gücü yetmek,,
eşivermek,Çabucak veya ansızın eşmek,,eşi'vermek
eşlemek,Benzer iki şeyi bir araya getirmek | Ses ile görüntü arasında gerekli bağı sağlamak [sinema],,
eşlenmek,Eşleme işine konu olmak,,
eşleşebilmek,Eşleşme ihtimali veya imkânı bulunmak,,
eşleşmek,"Birbiriyle eş olmak, eş tutmak",,
eşleştirebilmek,Eşleştirme ihtimali veya imkânı bulunmak | Eşleştirme becerisi bulunmak,,
eşleştirmek,Eşleşmesini sağlamak,,
eşmek,"Toprağı veya toprak gibi yumuşak bir şeyi biraz kazmak | Bir olayı ayrıntılarına inerek araştırmak, incelemek",,
eşmek,At hızlı gitmek,,
eştirmek,Eşmesini sağlamak,,
eştirmek,"Atı hızlı sürmek, koşturmak",,
eteklemek,"Birinin eteğini saygı göstermek amacıyla öpmek veya öper gibi yapmak | Yaranmaya çalışmak, dalkavukluk etmek",,
etenelenmek,Oğulcuk veya eklentileriyle ana arasında ilgi kurmak [biyoloji],,
eterlemek,Eter buharı koklatarak anestezi yapmak [tıp],,
eterleşmek,Bir alkol veya bir asit eter durumuna dönüşmek [kimya],,
eterleştirmek,Eter durumuna getirmek [kimya],,
etiketlemek,Satışa çıkarılan mal üzerine etiket koymak,,
etiketlenmek,Satışa çıkarılan mal üzerine etiket konulmak,,
etiketletmek,Etiketleme işini yaptırmak,,
etkilemek,Etkiye uğratmak; tesir etmek | Karşısındaki kişiyi kendi duygu ve istekleri doğrultusuna yöneltmek,,
etkilenebilmek,Etkilenme ihtimali veya imkânı bulunmak,,
etkilenmek,Etkiye uğramak; müteessir olmak,,
etkileşebilmek,Etkileşme ihtimali veya imkânı bulunmak,,
etkileşmek,Karşılıklı olarak birbirini etkilemek,,
etkileştirmek,Etkileşme işini yaptırmak,,
etkileyebilmek,Etkileme ihtimali veya imkânı bulunmak | Etkileme becerisi bulunmak,,
etkimek,Etkide bulunmak; tesir etmek [kimya],,
etkinleşebilmek,Etkinleşme ihtimali veya imkânı bulunmak | Etkinleşme becerisi bulunmak; aktifleşebilmek,,
etkinleşmek,"Canlı, hareketli, etkin duruma gelmek; aktifleşmek",,
etkinleştirmek,Etkin duruma getirmek; aktifleştirmek,,
etkisizleşmek,Etkisiz duruma gelmek,,
etkisizleştirebilmek,Etkisizleştirme ihtimali veya imkânı bulunmak | Etkisizleştirme becerisi bulunmak,,
etkisizleştirmek,"Etkisiz, etki yapamaz duruma getirmek",,
etlenmek,"Şişmanlamak, semirmek",,
etmek,"Bir işi yapmak; eylemek | ""İyi, kötü"" zarflarıyla birlikte davranmak | Bir zamana erişmek | Birini bir şeyden yoksun bırakmak | Eşit değer kazanmak | Herhangi bir değerde olmak | Kötülükte bulunmak | Küçük veya büyük abdestini yapmak",,
ettirebilmek,Ettirme ihtimali veya imkânı bulunmak | Ettirmeye gücü yetmek,,
ettirilmek,Ettirme işi yapılmak,,
ettirmek,Etme işini yaptırmak,,yar
ettirtmek,Ettirme işini yaptırmak,,
evcilleşmek,Evcil bir duruma gelmek; ehlîleşmek,,
evcilleştirebilmek,Evcileştirme ihtimali veya imkânı bulunmak | Evcilleştirme becerisi bulunmak,,
evcilleştirilmek,Evcil duruma getirilmek; ehlîleştirilmek,,
evcilleştirmek,Evcil bir duruma getirmek; ehlîleştirmek,,
evetlemek,"Evet demek, onaylamak",,
evhamlanmak,"Yersiz korkuya, kuşkuya düşmek, kuruntuya kapılmak; vehmetmek",,
evinlenmek,"Buğday, arpa vb. olgunlaşmak",,
evirebilmek,Evirme ihtimali veya imkânı bulunmak | Evirmeye gücü yetmek,,
evirmek,"Döndürmek, çevirmek | Yapısını değiştirmek, taklip etmek",,
evirtmek,Sakkarozu glikoz ve levüloza çevirmek [kimya] | Bakışımlı olarak ters çevirmek [fizik],,
evleklemek,Sürülecek tarlayı eşit bölümlere ayırmak,,
evlendirebilmek,Evlendirme ihtimali veya imkânı bulunmak | Evlendirmeye gücü yetmek,,
evlendirilmek,Evlenmesi sağlanmak,,
evlendirmek,"Evlenmesini sağlamak; evermek, yapmak",,
evlenebilmek,Evlenme ihtimali veya imkânı bulunmak | Evlenmeye gücü yetmek,,
evlenilmek,Evlenme işi yapılmak,,
evlenmek,"Erkekle kadın, aile kurmak için yasaya uygun olarak birleşmek; izdivaç etmek",,
evrelemek,Evrelere ayırmak,,
evrelendirmek,Evrelemek işini yaptırmak,,
evrelenmek,Evrelemek işi yapılmak,,
evrenselleşebilmek,Evrenselleşme ihtimali veya imkânı bulunmak | Evrenselleşme becerisi bulunmak,,
evrenselleşmek,Evrensel duruma gelmek,,
evrenselleştirebilmek,Evrenselleştirme ihtimali veya imkânı bulunmak,,
evrenselleştirilmek,Evrensel duruma getirilmek,,
evrenselleştirmek,Evrensel duruma getirmek,,
evrilmek,Bir biçimden başka bir biçime doğal olarak dönmek,,
evrimleşmek,Evrim geçirmek,,
evsemek,"Evini, yurdunu özlemek",,
eyerlemek,"Eyeri atın sırtına koyup bağlamak, eyer vurmak",,
eyerlenmek,Eyer vurulmak,,
eyerletmek,Eyerleme işi yaptırılmak,,
eylemek,Bir kişiden veya bir şeyden yoksun bırakmak,,
eyleyebilmek,Eyleme ihtimali veya imkânı bulunmak | Eyleme becerisi bulunmak,,
ezberlemek,"Çok tekrar edilen bir şeyi iyice öğrenmiş olmak | Bir şeyi olduğu gibi akılda tutmak; ezber etmek, hıfzetmek",,
ezberlenmek,Ezberleme işi yapılmak,,
ezberletebilmek,Ezberletme ihtimali veya imkânı bulunmak | Ezberletme becerisi bulunmak,,
ezberletmek,Ezberlemesini sağlamak,,
ezberlettirmek,Ezberleme işi yaptırmak,,
ezberleyebilmek,Ezberleme ihtimali veya imkânı bulunmak | Ezberleme becerisi bulunmak,,
ezdirmek,Ezme işini yaptırmak,,
ezdirtmek,Ezdirme işini yaptırmak,,
ezebilmek,Ezme ihtimali veya imkânı bulunmak | Ezmeye gücü yetmek | Ezme becerisi bulunmak,,
ezgilenmek,Ezgi özelliğini kazanmak,,
ezgileşmek,Ezgi durumuna gelmek,,
ezgileştirmek,Ezgi durumuna getirmek,,
ezilebilmek,Ezilme ihtimali veya imkânı bulunmak,,
ezilivermek,Çabucak veya kısa sürede ezilmek,,ezili'vermek
ezilmek,Ezme işine konu olmak,,
ezivermek,Çabucak veya kısa sürede ezmek,,ezi'vermek
ezmek,"Üstüne basarak veya bir şey arasına sıkıştırarak yassılaştırmak, biçimini değiştirmek | Ağır bir şey, başka bir şeyin üzerinden geçmek, çiğnemek | Sıvı içinde bastırıp karıştırarak eritmek | Maddi sıkıntıya sokmak | Dayanıklılığını aşacak derecede çalıştırarak yormak | Karşıdakini tamamen yok edecek biçimde yenmek | Üzerine baskı yaparak hükmü altında inletmek",,
facialaşmak,Facia durumuna gelmek,,
facialaştırmak,Facia durumuna getirmek,,
faizlendirmek,"Parayı faize verip işletmek, çoğaltmak; nemalandırmak",,
fanatikleşmek,Fanatik duruma gelmek,,
farımak,"Güçsüz düşmek, yorulmak | Eskimek, yıpranmak | Vazgeçmek, usanmak",,
farklılaşmak,Farklı duruma gelmek; ayrımlaşmak,,
farklılaştırmak,Farklı duruma getirmek; ayrımlaştırmak,,
farksızlaşmak,Farksız duruma gelmek,,
fasletmek,"Bir sorunu, olayı çözmek",Arapça faṣl + Türkçe etmek,fa'sletmek
faşistleşmek,Faşist duruma gelmek,,
faşistleştirmek,Faşistleşmesini sağlamak,,
faturalamak,Satılan bir malın veya verilen bir hizmetin niteliklerini ve tutarını belirterek fatura düzenlemek | Fatura düzenleyerek ilgiliye göndermek | Bir görevi birine yerine getirmesi için vermek | Bir suçu birinin üzerine yüklemek,,
faturalandırılmak,Faturalandırma işi yapılmak,,
faturalandırmak,Faturalama işini yapmak,,
faturalatmak,Faturalama işini yaptırmak,,
federalleşmek,Federal duruma gelmek,,
felfellemek,"Eski canlılığını yitirmek | Bir şey karşısında afallamak, şaşırmak | Dönen, hareket eden bir cisim, durmadan önce hızını yitirmek",,
fenalaşmak,Kötü bir duruma girmek | Hastanın durumu ağırlaşmak | Ansızın bayılacak gibi olmak,,
fenalaştırmak,"Fenalaşmasına sebep olmak, fena duruma getirmek",,
fenlenmek,Yaşına göre bilmemesi gereken şeyleri öğrenmiş olmak,,
ferahlamak,"Bir yer geniş, rahat ve iç açıcı duruma gelmek; ferahlanmak | Sıkıntısı, tasası dağılmak; ferahlanmak",,
ferahlandırmak,Ferahlamasını sağlamak,,
ferahlatmak,"Ferah duruma getirmek, rahatlatmak",,
ferahlayıvermek,Çabucak ferahlamak,,ferahlayı'vermek
fersizleşmek,Fersiz duruma gelmek,,
feshedebilmek,Feshetme ihtimali veya imkânı bulunmak | Feshetmeye gücü yetmek,Arapça fesḫ + Türkçe edebilmek,fe'shedebilmek
feshedilmek,"Kapatılmak, dağıtılmak, faaliyetten men edilmek; lağvedilmek",Arapça fesḫ + Türkçe edilmek,fe'shedilmek
feshetmek,"Verilmiş bir yargıyı kaldırmak, bozmak | Kapatmak, dağıtmak; lağvetmek",Arapça fesḫ + Türkçe etmek,fe'shetmek
fesholmak,"Verilmiş bir yargı kaldırılmak, bozulmak | Kapatılmak, dağıtılmak; lağvolmak",Arapça fesḫ + Türkçe olmak,
fesholunmak,"Bir topluluğun, kuruluşun varlığı son bulmak, dağılmak; lağvolunmak",Arapça fesḫ + Türkçe olunmak,fe'sholunmak
fethedebilmek,Fethetme ihtimali veya imkânı bulunmak | Fethetmeye gücü yetmek,,fe'thedebilmek
fethetmek,"Bir yeri veya ülkeyi savaşarak almak, ülke açmak | Herkesin takdirini, övgüsünü kazanıp kendine hayran bırakmak",Arapça fetḥ + Türkçe etmek,fe'thetmek
fethettirmek,Fethetme işini yaptırmak,,fe'thettirmek
fettanlaşmak,Fettan bir duruma gelmek,,
feyizlendirmek,Feyizlenme işini yaptırmak,,
feyizlenmek,"Feyzalıp aydınlanmak, faydalanmak",,
feyzalmak,"Etkilenmek, olgunlaşmak, ders almak",Arapça feyż + Türkçe almak,fe'yzalmak
fıçılamak,Fıçıya koymak,,
fıkırdamak,Fıkır fıkır kaynamak,,
fıkırdaşmak,Oynakça davranışlarda bulunmak,,
fıkırdatmak,Fıkır fıkır kaynatmak | Cilve yapmasına sebep olmak,,
fıkramak,Herhangi bir yiyecek ekşimek; fışlamak,,
fırçalamak,"Temizlemek veya parlatmak için fırça ile sürtmek | Sık ve bataklık ormandan geçmek | Bir kimseyi çok azarlamak, fırça çekmek",,
fırçalanmak,"Fırça ile ovulmak, düzgünleştirilip parlatmak veya temizlenmek | Çok azarlanmak",,
fırçalatmak,Fırçalama işini yaptırmak,,
fırçalayabilmek,Fırçalama ihtimali veya imkânı bulunmak | Fırçalamaya gücü yetmek | Fırçalama becerisi bulunmak,,
fırıldanmak,Fırıl fırıl dönmek,,
fırıldatmak,Fırıl fırıl çevirmek,,
fırınlamak,Fırında pişirmek | Fırında kurutmak,,
fırınlanmak,Fırına konulmak veya fırında kurutulmak,,
fırınlatmak,Fırınlama işini yaptırmak,,
fırlamak,"Hızla, birdenbire bulunduğu yerden çıkmak, ayrılmak | Yerinden oynayıp ileriye doğru çıkıntı yapmak | Fiyatı birdenbire yükselmek",,
fırlatabilmek,Fırlatma ihtimali veya imkânı bulunmak | Fırlatmaya gücü yetmek,,
fırlatılmak,Fırlatma işi yapılmak,,
fırlatıvermek,Ansızın fırlatmak,,fırlatı'vermek
fırlatmak,"Hızla atmak, bulunduğu yerden dışarı atmak",,
fırlayıvermek,Çabucak fırlamak,,fırlayı'vermek
fırtlamak,Baskı sonucu birdenbire yerinden çıkmak,,
fısfıslamak,"Koku, ilaç vb. sıvıları püskürtmek",,
fısfıslanmak,"Koku, ilaç vb. sıvılar püskürtülmek",,
fısfıslatmak,"Koku, ilaç vb. sıvıları püskürttürmek",,
fısıldamak,Başkalarının duyamayacağı kadar alçak sesle konuşmak; fıslamak,,
fısıldanmak,Fısıltı hâlinde söylenmek,,
fısıldaşmak,Birbirine fısıldamak,,
fısıldayabilmek,Fısıldama ihtimali veya imkânı bulunmak | Fısıldamaya gücü yetmek | Fısıldama becerisi bulunmak,,
fıslamak,Gizlice haber vermek,,
fıslanmak,Fıslama işi yapılmak,,
fıslatmak,Fıslama işini yaptırmak,,
fıstıklamak,Kışkırtmak amacıyla araya nifak sokmak,,
fışıldamak,Fışır fışır ses çıkarmak,,
fışırdamak,Fışır fışır ses çıkartmak,,
fışırdatmak,Fışır fışır ses çıkartmak,,
fışkılamak,Toprağı fışkı ile gübrelemek,,
fışkırabilmek,Fışkırma ihtimali bulunmak,,
fışkırıvermek,Ansızın veya çabucak fışkırmak,,fışkırı'vermek
fışkırmak,"Gaz veya sıvılar bir yerden basınç etkisiyle yukarıya doğru birdenbire ve hızla çıkmak | Bitkiler toplu hâlde, gür olarak yetişmek | Bir şey bir yerde bol bol görülmek",,
fışkırtılmak,Fışkırması sağlanmak,,
fışkırtmak,Fışkırmasını sağlamak; püskürtmek,,
fıttırmak,"Aklını kaçırmak, delirmek, aklını yitirmek, çıldırmak",,
fidelemek,Fide dikmek,,
fidelenmek,Fide toprağa dikilmek | Tam olarak gerçekleşmek,,
fihristlemek,Fihriste geçirmek,,
fikirleşmek,Bir konuyu karşılıklı olarak tartışıp görüş alışverişinde bulunmak,,
fikirleştirmek,"Fikrî yanını geliştirmek, olgunlaştırmak",,
filarizlemek,Keteni döverek tel durumuna getirmek,,
filizlemek,Bitkilerin gereğinden çok olan filizlerini kırmak,,
filizlendirmek,Filizlenme işini yaptırmak,,
filizlenmek,"Bitki filiz vermek | Gelişmeye, büyümeye başlamak",,
filmleştirilmek,Film durumuna getirilmek,,
filmleştirmek,Film durumuna getirmek,,
filozoflaşmak,Filozof özelliği kazanmak,,
fingirdemek,"Dikkati çekecek kadar kırıtkan, oynak davranmak | Gülüşerek sohbet etmek",,
fingirdeşmek,Karşılıklı fingirdemek,,
firavunlaşmak,"Kötü, acımasız bir insan olmak",,
firketelemek,Firkete ile tutturmak,,
fiskelemek,Fiske vurmak | Hafifçe sitem etmek,,
fişlemek,"Fiş üzerine yazmak | Bir işle ilgili konuda fiş açmak | Güvenlik kuruluşu, bir kişi hakkında dosya açmak",,
fişlenmek,Fişleme işi yapılmak,,
fişletmek,Fişleme işini yaptırmak,,
fişteklemek,Sinsice destekleyip kışkırtmak; fıştaklamak,,
fitillemek,"Fişek, dinamit vb. patlayıcı maddelerin fitilini ateşlemek | Birini kızdırmak veya kışkırtmak, fitil vermek",,
fitillenmek,"Fitil takılmak | Kızdırılmak, kışkırtılmak",,
fitlemek,"Birini, başkasına karşı kışkırtmak",,
fitlenmek,Biri başkasına karşı kışkırtılmak,,
fitnelemek,"Birini çekiştirmek, yermek, gammazlamak",,
fiyatlandırmak,"Fiyatını belirlemek, fiyat tespit etmek",,
fiyatlanmak,"Bir şeyin fiyatı yükselmek, pahalılaşmak",,
flitlemek,Flit vb. kullanarak bir yere ilaç püskürtmek,,
flörtleşmek,Flört etmek | Sıkı ilişkiye girmeye çalışmak,,
fokurdamak,Fokur fokur ses çıkararak kaynamak,,
fokurdatmak,Fokurdamasını sağlamak,,
fonlamak,Bir yere fon oluşturmak | Herhangi bir proje vb.ne maddi destek sağlamak | Girişim şirketi platformlar ve kampanyalar vasıtasıyla belli bir miktar hissesini ihraç ederek menkul kıymete dönüştürmek ve bu payların karşılığında toplanan tutarları emanet yetkilisinde toplamak [ekonomi],,
formülleşmek,Formül durumuna gelmek | Kısa ve özlü duruma gelmek,,
formülleştirmek,Formül durumuna getirmek,,
fosfatlamak,Ekilen topraklara fosfatlı gübre vermek | Madensel bir parçanın yüzeyinde koruyucu bir fosfat tabakası oluşturmak,,
fosfatlatmak,Fosfatlama işini yaptırmak,,
fosilleşmek,"Fosil durumuna gelmek; taşıllaşmak | Gerilemek, köhneleşmek | Düşünme gücünü yitirmek",,
foslamak,Fos çıkmak,,
foslatmak,"Yanlışını veya hilesini ortaya çıkararak birini bozmak, utandırmak",,
fosurdamak,Solurken ağızdan ses çıkarmak,,
fosurdatmak,"Tütün, sigara vb.ni duman çıkararak içmek",,
foşurdamak,Foşur foşur ses çıkarmak,,
foşurdatmak,Suyun foşurdamasına yol açmak,,
fotoğraflamak,"Fotoğrafla tespit etmek, fotoğrafını çekmek, görüntülemek",,
Fransızlaşmak,Fransızlara özgü yaşayış tarzını benimsemek,,
Fransızlaştırmak,Fransızlara özgü yaşayış tarzını benimsetmek,,
Frenkleşmek,"Frenge benzemek, Frenk gibi davranışlarda bulunmak",,
Frenkleştirmek,Frenklere özgü yaşayış tarzı kazandırmak,,
frenlemek,"Bir taşıtın, mekanizmanın hareketini fren yardımıyla yavaşlatmak veya durdurmak | Aşırı istek ve davranışlara engel olmak; gemlemek",,
frenlenmek,Frenleme işi yapılmak,,
frenleyebilmek,Frenleme ihtimali veya imkânı bulunmak | Frenlemeye gücü yetmek,,
frezelemek,Bir parçayı freze tezgâhında işlemek,,
gacırdamak,"""Gacır"" diye kulak tırmalayıcı ve düzensiz ses çıkarmak",,
gacırdatmak,Gacırdamasına sebep olmak,,
gadretmek,Haksızlık etmek,Arapça ġadr + Türkçe etmek,ga'dretmek
gadrolmak,Haksızlığa uğramak,Arapça ġadr + Türkçe olmak,ga'drolmak
gadrolunmak,Haksızlığa uğratılmak,,ga'drolunmak
gagalamak,"Kuş, gagasıyla yemi toplamak | Kuş, gaga ile vurup ısırmak | Azarlamak, hırpalamak",,
gagalanmak,"Gagalama işi yapılmak | Azarlanmak, hırpalanmak",,
gagalaşmak,Kuşlar birbirini gagalamak | Birbirini gagalayarak oynaşmak,,
gaklamak,"Karga, ""gak"" diye ses çıkarmak",,
galvanizlemek,Madenî bir parçayı paslanmaktan korumak için galvaniz banyosunda erimiş çinko ile kaplamak [teknik],,
galvanizlenmek,Galvanizleme işi yapılmak,,
galvanizletmek,Galvanizle kaplatmak,,
garantilemek,"Bir işin gerçekleşmesi için gereken önlemleri almak, sağlama bağlamak",,
garantiletmek,Garantileme işini yaptırmak,,
garantileyebilmek,Garantileme ihtimali veya imkânı bulunmak | Garantilemeye gücü yetmek,,
garipleşmek,Garip bir duruma gelmek,,
garipsemek,"Kendini gurbette veya kimsesiz gibi düşünerek içlenmek | Bir şeyi garip, tuhaf ve uygunsuz bulmak, alışamamak",,
garipsenmek,Garipseme işi yapılmak,,
gasbedilmek,Gasbetme işi yapılmak,,ga’sbedilmek
gasbetmek,Sahibinin izni ve haberi olmadan malı zorla almak,Arapça ġaṣb+ Türkçe etmek,ga'sbetmek
gasletmek,Ölüyü cenaze namazı kılınmadan önce dinî usullere göre yıkamak,Arapça ġasl + Türkçe etmek,ga'sletmek
gayretlendirmek,Gayretlenme işini yaptırmak,,
gayretlenmek,Çalışma isteği duymak veya çalışma isteği artmak,,
gazaplandırmak,"Öfkelendirmek, kızdırmak",,
gazaplanmak,"Öfkelenmek, kızmak",,
gazellenmek,Ağaç yapraklarını dökmek | Yaprak sararıp kurumak,,
gazlamak,Gaz yağı sürmek | Motorlu taşıtlarda aracın hızlanmasını sağlamak için gaz pedalına kuvvetle basmak,,
gazlanmak,Gaz yağı sürülmek | Sindirim yolunda gaz olmak,,
gazlaşmak,Gaz durumuna girmek,,
gazlaştırmak,Bir maddeyi gaz durumuna dönüştürmek,,
gazlayabilmek,Gazlama ihtimali veya imkânı bulunmak | Gazlamaya gücü yetmek,,
gebermek,"Sevilmeyen bir kişi ölmek | Bir kimseye aşırı ilgi, istek ve yakınlık duymak",,
gebrelemek,Hayvanı gebre (I) ile tımar etmek,,
gebrelenmek,Gebreleme işine konu olmak,,
gecekondulaşmak,Gecekondu sayısı çoğalmak,,
gecelemek,Geceyi bir yerde geçirmek | Gecenin geç saatlerine kadar bir şeyle uğraşmak,,
geceleyebilmek,Geceleme ihtimali veya imkânı bulunmak | Gecelemeye gücü yetmek,,
gecikebilmek,Gecikme ihtimali veya imkânı bulunmak,,
gecikilmek,Gecikme işi yapılmak,,
gecikmek,"Geç kalmak, herhangi bir işi kararlaştırılan zamandan sonra yapmak | Bir taşıt zamanında kalkamamak veya zamanında varamamak",,
geciktirebilmek,Geciktirme ihtimali veya imkânı bulunmak | Geciktirmeye gücü yetmek,,
geciktirilmek,Gecikmesine yol açılmak,,
geciktirmek,Gecikmesine sebep olmak; tehir etmek,,
geçebilmek,Geçme ihtimali veya imkânı bulunmak | Geçmeye gücü yetmek,,
geçerlemek,"Geçerliğini sağlamak, onaylamak; konfirme etmek",,
geçerlenmek,Geçerliliği onaylanmak,,
geçerletmek,Geçer duruma getirtmek,,
geçersizleşmek,"Geçersiz duruma düşmek, geçerliğini yitirmek",,
geçersizleştirmek,Geçersiz duruma getirmek,,
geçgeçlemek,Televizyon kanallarını taramak,,
geçilebilmek,Geçilme ihtimali veya imkânı bulunmak,,
geçilmek,"Geçme işi yapılmak | Bırakmak, terk etmek",,
geçilmemek,"bol, çok, aşırı olmak",,
geçimsizleşmek,Çevresindekilerle iyi geçinememek,,
geçindirebilmek,Geçindirme ihtimali veya imkânı bulunmak | Geçindirmeye gücü yetmek,,
geçindirmek,Geçinmesini sağlamak; bakmak,,
geçinebilmek,Geçinme imkânı bulunmak | Geçinmeye gücü yetmek,,
geçinilmek,Geçinme işi yapılmak,,
geçinmek,"Yaşamak için gerekeni sağlamak | Uzlaşmak, anlaşmak | Kendi gereksinimlerini başkalarından sağlamak",,
geçirebilmek,Geçirme ihtimali veya imkânı bulunmak | Geçirmeye gücü yetmek,,
geçirilebilmek,Geçirilme ihtimali veya imkânı bulunmak,,
geçirilmek,Geçirme işi yapılmak,,
geçirivermek,"Ansızın, çabucak veya kısa sürede geçirmek",,geçiri'vermek
geçirmek,"Geçme işini yaptırmak, geçmesini sağlamak | Bir şeyi bir yandan öbür yana götürmek | Bir şeyi bir yerden başka yere taşımak, nakletmek | Tespit etmek, yazmak, kaydetmek | Bir şeyi kendisine ayrılmış olan yere yerleştirmek, takmak | Yola çıkan birini uğurlamaya gitmek, selametlemek, teşyi etmek | Bir süre yaşamak, oturmak, kalmak | Giymek, giyinmek | Bir işi birden çok kişi üzerinde uygulamak | Herhangi bir durumu yaşamış olmak | Etmek, yapmak | Hastalık bulaştırmak | Zaman harcamak | Bir gereksinimi eldeki imkânla karşılamak | Alışverişte aldatmak, kötü mal satmak, kazıklamak | Birine kötü söz söylemek",,
geçirtilmek,Geçirme işi yapılmak,,
geçirtmek,Geçirme işini yaptırmak,,
geçişmek,Birbirinin içine geçip karışmak; tedahül etmek,,
geçiştirebilmek,Geçiştirme ihtimali veya imkânı bulunmak | Geçiştirme becerisi bulunmak,,
geçiştirilmek,Geçiştirme işi yapılmak,,
geçiştirmek,"Gereken önemi vermemek, üstünde durmadan başından savmak | Az bir zararla atlatmak, kurtulmak",,
geçivermek,Çabucak veya kısa sürede geçmek,,geçi'vermek
geçmek,"Bir yerden başka bir yere gitmek | Bir yandan girip diğer yandan çıkmak | Yol, araç veya akarsu bir yerin yakınından veya içinden gitmek | Bir duruma uğramak; konu olmak | Okulda, sınavda başarı göstermek | Ömür yaşamak | Bir şeyi bundan böyle yapma durumunda olmamak | Olmak, vuku bulmak, cereyan etmek | Hastalık bulaşmak, sirayet etmek | Herhangi bir durum, soya çekim yoluyla birinde görünmek | Bulunduğu yeri veya konumu değiştirmek | Bir yeri aşmak, öbür yana ulaşmak | Yerini bırakıp başka yer almak | Bir konu üzerinde veya bir yerde çalışmış olmak | Etki yapmak; işlemek | Görev almak | Kalmak, devrolmak | Geride bırakmak; aşmak | Tükenmek, bitmek; sona ermek | Üstünlük sağlamak | Söylemeden veya bitirmeden atlamak | Zamanı aşmak, geride bırakmak | Zaman tükenmek | Bir müzik parçasını meşk ederek öğrenmek, çalmak veya söylemek | Birinden meşk etmek | Haberi bir iletişim aracı ile bildirmek | Ateş vb. sönmek | Yazılmak, girmek | Sürümü olmak, satılmak | Konuşmada sözü geçmek veya basında yer almak | Kullanımda olmak, tedavülde olmak | Kabul edilemez olmak | Bırakmak, vazgeçmek | Bir yere gidip oturmak | Çok bekletilmekten çürümeye yüz tutmak | Sıyrılmak, kurtulmak, işin içinden çıkmak | Bazı kelimelerle birleşik fiil yapar | Çekiştirmek, yermek",,
gedilmek,"Gedik olmak, gedik açılmak | Bıçak, keser vb.nin ağızları aşınmak",,
gedmek,"Gedik açmak, çentmek, delmek",,
geğirebilmek,Geğirme ihtimali bulunmak | Geğirme becerisi bulunmak,,
geğirmek,Midede toplanan gazı ağızdan sesli bir biçimde çıkarmak,,
geğirtmek,Geğirme işini yaptırmak,,
gelebilmek,Gelme ihtimali veya imkânı bulunmak | Gelmeye gücü yetmek,,
gelenekleşmek,"Gelenek durumuna gelmek, gelenek değeri kazanmak; ananeleşmek",,
gelenekleştirmek,Bir şeyi gelenek durumuna getirmek,,
gelenekselleşmek,Gelenek durumunu almak,,
gelinmek,Gelme işi yapılmak,,
gelişebilmek,Gelişme ihtimali veya imkânı bulunmak,,
gelişivermek,Çabucak veya ansızın gelişmek,,gelişi'vermek
gelişmek,"Büyüyüp boy atmak, yetişmek; neşvünema bulmak [biyoloji] | İlerlemek, olgunlaşmak, genişlemek; inkişaf etmek",,
geliştirebilmek,Geliştirme ihtimali veya imkânı bulunmak | Geliştirmeye gücü yetmek | Geliştirme becerisi bulunmak,,
geliştirilebilmek,Geliştirilme ihtimali veya imkânı bulunmak,,
geliştirilmek,Geliştirme işi yapılmak,,
geliştirmek,"Gelişmesini sağlamak, gelişmesine yol açmak",,
gelivermek,"Ansızın, çabucak veya kısa sürede gelmek",,geli'vermek
gelmek,"Ulaşmak, varmak | Bir yerden getirmek | Oturmaya, ziyarete gitmek | İsabet etmek | Varlığını sürdürmek, yaşamak, intikal etmek | Ortaya çıkmak, doğmak | Belli bir süre dolmak | Belli bir zamana ulaşmak | Kadar olmak | Çıkmak, yönelmek | İzlemek, takip etmek | Bir yerden alınıp bir yere ulaştırılmak | Katılmak, eklenmek | Daha önce üzerinde durulmuş olan bir konuya yeniden dönmek | Sonuç çıkmak | Dayanmak, tahammül etmek | Kendine yapılan herhangi bir davranış veya durumu iyi karşılamak | Bir şeye sonradan inanmak, doğruluğuna hak vermek, eğilim göstermek, kabul etmek | Etkisini herhangi bir biçimde göstermek | Kazanılmak, sağlanılmak | Olmak, -e uğramak | Bir şey akmak | Düşmek, rast gelmek | Görünmek, sanılmak | Uygun düşmek | Başlamak, ortaya çıkmak | Mal olmak | Biriyle birlikte gitmek | İhtiyaç anlatan deyimler kurmaya yarayan bir fiil | Kök veya gövdeleri sonuna -a (-e) eki almış fiillere gelerek süreklilik bildiren birleşik fiiller oluşturur | -mez, -mezlik ile birlikte yapmacıklık anlatan deyimler yapar | Yönelme durumundaki bazı kelimelere getirilerek birleşik fiil yapar | -dikçe, -esi biçiminde kullanılan sıfat-fiil eklerinden sonra geldiğinde önceki fiille ilgili olarak pekiştirilmiş bir istek ve sürerlik bildiren bir fiil | Herhangi bir sırada bulunmak",,
gemlemek,Hayvanın ağzına gem takmak,,
gemlenmek,Gemleme işi yapılmak veya gemleme işine konu olmak,,
gençleşmek,Yeniden gençlik ve canlılık kazanmak; gencelmek | Genç görünmek | Bir kuruluş genç üyelerle yenileşmek,,
gençleştirilmek,Gençleştirme işi yapılmak,,
gençleştirmek,Yeniden gençliğine ve dinçliğine kavuşturmak | Genç göstermek | Bir kuruluşu genç üyelerle canlandırmak,,
genellemek,"Varlıklar veya olaylar arasındaki benzerlik bağıntılarını bir düşüncede toplamak; tamim etmek, belirlemek karşıtı",,
genellenmek,Genelleme işine konu olmak,,
genelleşmek,"Genel duruma gelmek, genel bir durum almak; umumileşmek, taammüm etmek",,
genelleştirebilmek,Genelleştirme ihtimali veya imkânı bulunmak | Genelleştirme becerisi bulunmak,,
genelleştirilmek,Genelleştirme işi yapılmak; umumileştirilmek,,
genelleştirmek,Genel duruma getirmek; umumileştirmek,,
genelleyebilmek,Genelleme ihtimali veya imkânı bulunmak | Genelleme becerisi bulunmak,,
genişlemek,"Geniş duruma gelmek; büyümek, genelmek | Rahat bir duruma gelmek, açılmak, ferahlamak | Yaygın duruma gelmek | Maddi imkânları artmak ve rahatça yetecek duruma gelmek",,
genişletebilmek,Genişletme ihtimali veya imkânı bulunmak | Genişletmeye gücü yetmek,,
genişletilmek,Genişletme işi yapılmak,,
genişletmek,Geniş duruma getirmek,,
genişlettirmek,Genişletme işini yaptırmak,,
genişleyebilmek,Genişleme ihtimali veya imkânı bulunmak,,
genleşmek,Bir cisim birleşimi ve yapısı değişmeden ısı etkisiyle hacimce büyümek [fizik],,
genleştirmek,"Sıcaklığını yükselterek bir cismin yapısını ve birleşimini bozmadan hacmini, boyunu artırmak [fizik]",,
gerçeklemek,"Bir şeyin doğruluğunu herhangi bir şeyle ortaya koymak; doğrulamak, teyit etmek",,
gerçeklenmek,"Bir şeyin doğruluğu herhangi bir şeyle ortaya konulmak; doğrulanmak, teyit edilmek",,
gerçekleşebilmek,Gerçekleşme ihtimali veya imkânı bulunmak,,
gerçekleşmek,"Gerçek olmak, gerçek duruma gelmek, meydana gelmek; tahakkuk etmek",,
gerçekleştirebilmek,Gerçekleştirme ihtimali veya imkânı bulunmak | Gerçekleştirmeye gücü yetmek | Gerçekleştirme becerisi bulunmak,,
gerçekleştirilebilmek,Gerçekleştirilme ihtimali veya imkânı bulunmak,,
gerçekleştirilmek,Gerçek duruma getirilmek,,
gerçekleştirmek,"Gerçek duruma getirmek; yapmak, ortaya koymak",,
gerdirebilmek,Gerdirme ihtimali veya imkânı bulunmak | Gerdirmeye gücü yetmek,,
gerdirilmek,Gerdirme işi yapılmak,,
gerdirmek,Germe işini yaptırmak,,
gerdirtmek,Gerdirme işini yaptırmak,,
gerebilmek,Germe ihtimali veya imkânı bulunmak | Germeye gücü yetmek | Germe becerisi bulunmak,,
gerekçelendirmek,"Gerekçeli duruma getirmek, bir gerekçeye dayandırmak",,
gerekmek,"Bir şeyin yapılabilmesi veya gerçekleşmesi bazı nesne, fiil vb.ne bağlı olmak; gerek olmak, lazım olmak, icap etmek, iktiza etmek",,
gereksemek,"Bir şeyi kendisi için gerek saymak; ihtiyaç duymak, muhtaç olmak",,
gereksinmek,"İhtiyaç duymak, ihtiyacı olmak",,
gereksizleşmek,Gereksiz duruma gelmek,,
gereksizleştirmek,Gereksiz duruma getirmek,,
gerektirmek,"Gerekli kılmak; icap ettirmek, istilzam etmek, mucip olmak",,
gerginleşmek,Gergin duruma gelmek,,
gerginleştirmek,Gergin duruma getirmek,,
gerilemek,"Geri çekilmek, geriye çekilmek | Daha aşağı bir dereceye düşmek | Hastalık, gelişmeksizin yok olmaya yüz tutmak | Bir tepki karşısında katı sayılan bir tutumdan vazgeçmek",,
geriletebilmek,Geriletme ihtimali veya imkânı bulunmak | Geriletmeye gücü yetmek,,
geriletmek,Gerilemesine yol açmak,,
gerileyebilmek,Gerileme ihtimali veya imkânı bulunmak,,
gerillalaşmak,Gerilla gibi faaliyet göstermek,,
gerilmek,"Germe işi yapılmak, gergin duruma gelmek, belirli bir uzama ile çekilmek | Gergin bir biçimde açılmak | Kızmak, öfkelenmek, sinirlenmek | İlişki ve davranış bozulacak duruma gelmek",,
gerinmek,Kolları açarak gövdeyi gergin bir duruma sokmak,,
germek,"Bir şeyin uçlarından veya kenarlarından çekerek gergin duruma getirmek; çekmek, uzatmak | Gergin bir şeyle örtmek | Kolu, bacağı açılabileceği kadar açıp, uzatılabileceği kadar uzatıp dümdüz ve dimdik tutmak | Gerginlik yaratmak, sinirlendirmek",,
gerzekleşmek,Gerzek gibi davranmak,,
getirebilmek,Getirme ihtimali veya imkânı bulunmak | Getirmeye gücü yetmek,,
getirilebilmek,Getirilme ihtimali veya imkânı bulunmak,,
getirilmek,Gelmesi sağlanmak,,
getirivermek,Çabucak veya ansızın getirmek,,getiri'vermek
getirmek,"Gelmesini sağlamak | Bir şeyi yanında veya üstünde bulundurmak | Erişmek veya eriştiğini sanmak | İleri sürmek | Sebep olmak, ortaya çıkarmak | İletmek, bildirmek | Bir şey sağlamak | Bir makama atamak veya seçmek | Bazı kelimelerle birleşik fiil yapar | Bir şeyi aktarmak",,
getirtebilmek,Getirtme ihtimali veya imkânı bulunmak | Getirtmeye gücü yetmek,,
getirtilmek,Getirtme işi yapılmak,,
getirtmek,Getirme işini yaptırmak; celbetmek,,
getirttirmek,Getirtme işini yaptırmak,,
gettolaşmak,"Aynı şehir, ülke veya kültürden gelen insanlar belirli bir yerleşim bölgesine yerleşmek",,
gettolaştırılmak,Getto durumuna getirilmek,,
gettolaştırmak,Belirli bir bölgeyi getto durumuna getirmek | Bazı grupları toplumdan tecrit ederek kendileri için belirlenmiş bir alanda yaşamaya zorlamak,,
gevelemek,Bir şeyi çiğnemeden ağız içinde evirip çevirmek | Bir sözü tam olarak ve açıkça söylememek,,
gevelenmek,Geveleme işi yapılmak,,
geveleyivermek,Çabucak gevelemek,,geveleyi'vermek
gevezelenmek,Gevezelik etmek; zevzeklenmek,,
gevezeleşmek,Geveze duruma gelmek | Birlikte gevezelik etmek,,
gevmek,"Ağızda katı bir şey çiğnemek, geviş getirmek",,
gevremek,Kolay kırılır duruma gelmek | Ekin olgunlaşmak,,
gevretilmek,Gevreme işi yapılmak,,
gevretmek,Bir şeyin gevremesini sağlamak,,
gevşekleşmek,Gevşek duruma gelmek,,
gevşemek,"Sertlik ve gerginliği bozulmak | Yumuşamak, yatışmak, sakinleşmek | Sevmek, hoşlanmak | Para piyasasında değer yitirmek [ekonomi]",,
gevşetebilmek,Gevşetme ihtimali veya imkânı bulunmak | Gevşetmeye gücü yetmek,,
gevşetilmek,"Bir şeyin gevşemesini sağlamak, bir şeyi gevşek duruma getirmek",,
gevşetmek,"Sertlik ve gerginliğini bozmak | Rahatlatmak, sakinleştirmek",,
gevşeyebilmek,Gevşeme ihtimali veya imkânı bulunmak,,
gezdirebilmek,Gezdirme ihtimali veya imkânı bulunmak | Gezdirmeye gücü yetmek,,
gezdirilmek,Gezdirme işi yapılmak,,
gezdirmek,"Birinin gezmesini sağlamak, dolaştırmak | Tanıtmak amacıyla dolaştırmak | Bir şeyi başka bir şeyin üzerinde dolaştırarak dökmek | Sürterek, değdirerek hareket ettirmek | Bir şeyi herkesin alması için dolaştırmak, sunmak | Herhangi bir biçimde giydirmek",,
gezebilmek,Gezme ihtimali veya imkânı bulunmak | Gezmeye gücü yetmek,,
gezelemek,"Sıkıntılı bir durumda dolaşmak, gezinmek",,
gezilmek,"Gezme işi yapılmak, dolaşılmak",,
gezinebilmek,Gezinme ihtimali veya imkânı bulunmak | Gezinmeye gücü yetmek,,
gezinmek,"Eğlenmek, vakit geçirmek için gezmek; dolaşmak | Belirli bir çevre içinde gezip durmak; gezelemek | Özellikle doğaçlama yapılan müzikte, ezgiyi belli bir makam anlayışı içinde değişik perdeler üzerinde çalmak; dolaşmak [müzik]",,
gezlemek,Bir hedefi vurmak için silaha gerekli doğrultuyu vermek; nişan almak | Okun gezini kirişe yerleştirmek,,
gezlemek,Bir yeri ölçmek,,
gezmek,"Hava alma, hoş vakit geçirme vb. amaçlarla bir yere gitmek | Bir yerde dolaşmak, yürümek | Gitmek, başvurmak | Bir yeri görüp incelemek | Hasta iyileşip yürümeye başlamak | Herhangi bir biçimde gezinmek | Bir yerde gezi yapmak; görmek",,
gıcıklamak,"Gıcık oluşturmak, kaşındırmak | Cinsel istek uyandırmak",,
gıcıklanmak,"Gıcık oluşmak | Kuşkulanmak, huylanmak | Cinsel istek uyanmak",,
gıcırdamak,Gıcırtı çıkarmak,,
gıcırdatılmak,Gıcırdatma işi yapılmak,,
gıcırdatmak,Gıcırtı çıkarmasına yol açmak,,
gıdaklamak,Tavuk kesik kesik bağırmak,,
gıdıklamak,"Vücudun bazı yerlerine dokunarak ürperme veya gülerek kaçınma ile beliren bir sinir tepkisi uyandırmak | Eğlendirici, hoşa giden sözler söylemek",,
gıdıklanmak,Gıdıklama işi yapılmak,,
gırgırlamak,Gırgırla süpürmek,,
gırgırlatmak,Gırgırlama işini yaptırmak,,
gırtlaklamak,Birinin gırtlağını sıkmak,,
gırtlaklaşmak,Birbirinin gırtlağına sarılarak dövüşmek,,
gıygıylamak,Keman vb. çalgılardan tekdüze usandırıcı ses çıkarmak,,
gicişmek,"Kaşınmak, kaşıntı duymak; gidişmek",,
gidebilmek,Gitme ihtimali veya imkânı bulunmak | Gitmeye gücü yetmek,,
giderebilmek,Giderme ihtimali veya imkânı bulunmak | Gidermeye gücü yetmek,,
giderilebilmek,Giderilme ihtimali veya imkânı bulunmak,,
giderilmek,"Ortadan kaldırılmak, yok edilmek",,
giderivermek,Çabucak veya kısa sürede gidermek,,gideri'vermek
gidermek,Ortadan kaldırmak; bastırmak,,
gidertmek,"Giderilmesine, ortadan kaldırılmasına yol açmak",,
gidilebilmek,Gidilme ihtimali veya imkânı bulunmak,,
gidilmek,Gitme işi yapılmak,,
gidişmek,"Kaşıntı duymak, kaşınmak; gicişmek",,
gidivermek,Ansızın gitmek,,gidi'vermek
girdirmek,Girme işini yaptırmak,,
girebilmek,Girme ihtimali veya imkânı bulunmak | Girmeye gücü yetmek,,
girenlemek,"Hava bulutlanmak, serinlemek",,
girilebilmek,Girilme ihtimali veya imkânı bulunmak,,
girilmek,Girme işi yapılmak,,
girişebilmek,Girişme ihtimali veya imkânı bulunmak | Girişmeye gücü yetmek,,
girişilmek,Girişme işi yapılmak,,
girişmek,Bir işi ele almak | Bir şeye başlamak | Bir işe kalkışmak | Birbirine karışmak | Kavgaya tutuşmak,,
girivermek,Ansızın veya çabucak girmek,,giri'vermek
girmek,"Dışarıdan içeriye geçmek; kaçmak | Almak, fethetmek | İncelemek, ayrıntılara inmek | Girişmek, başlamak | Su dolu bir yerin içine batmak veya dalmak | Zaman anlamlı kavramlar için gelmek | Ağrı, sancı başlamak, saplanmak | Yeni bir duruma geçmek, dönüşmek | İyice anlamak, iyice bilmek | Kavgaya tutuşmak | Erişmek, ulaşmak | Bir şeyin yapımında, birleşiminde yer almak | Yazılmak, başlamak | Tecavüz etmek, bir yere geçmek [hukuk]",,
gitmek,"Bir yere doğru yönelmek; gidedurmak, uzanmak | Bir yerden veya bir işten ayrılmak | Çıkmak, ulaşmak | Belli bir amaçla bir yere devam etmek veya bir işle uğraşmak | Sürmek, devam etmek | Yakışmak, yaraşmak | Tüketilmek, harcanmak | Götürülmek, gönderilmek | Yeter olmak, yetmek, yetişmek | Yürümek, yol almak | Sona ermek | Herhangi bir durumda olmak | Yok olmak, elden çıkmak | Bir şey zarar görmüş olmak | Makine, işlemek, çalışmak | Bir duruma, bir sonuca ulaşmak, varmak; yuvarlanmak | Değerlendirmek, saymak, karşılamak",,
giydirebilmek,Giydirme ihtimali veya imkânı bulunmak | Giydirmeye gücü yetmek | Giydirme becerisi bulunmak,,
giydirilmek,Giydirme işi yapılmak,,
giydirmek,"Giyme işini yaptırmak | Ağır sözler söylemek, hakaret etmek",,
giyebilmek,Giyme ihtimali veya imkânı bulunmak | Giymeye gücü yetmek | Giyme becerisi bulunmak,,
giyilmek,Giyme işi yapılmak,,
giyinebilmek,Giyinme ihtimali veya imkânı bulunmak | Giyinmeye gücü yetmek | Giyinme becerisi bulunmak,,
giyinivermek,Çabucak veya kısa sürede giyinmek,,giyini'vermek
giyinmek,"Giysiyi belli bir yerden almak veya belli bir yerde diktirmek | Ağır bir söze veya davranışa, sesini çıkarmadan içerlemek",,
giyivermek,Çabucak giymek,,giyi'vermek
giymek,"Örtünüp korunmak için bir şeyi vücuduna geçirmek; giyinmek, kuşanmak | Ağır söz veya hakareti, küçültücü davranışı ses çıkarmadan dinlemek",,
gizlemek,"Saklamak, görünmeyecek, belli olmayacak bir yere veya bir duruma koymak | Beneklerle, çizgilerle veya renklerle bezeyerek bir şeyi bulunduğu çevreye uydurmak; alalamak, peçelemek, kamufle etmek | Bilerek ve isteyerek bir olguyu haber vermemek",,
gizlenebilmek,Gizlenme ihtimali veya imkânı bulunmak | Gizlenme becerisi bulunmak,,
gizlenilmek,"Gizlenme işi yapılmak, saklanmak | Gizli tutulmak",,
gizlenmek,"Kendi kendini gizlemek; saklanmak | Gizlenilmek, gizli tutulmak",,
gizletmek,Gizleme işini yaptırmak,,
gizleyebilmek,Gizleme ihtimali veya imkânı bulunmak | Gizleme becerisi bulunmak,,
gocundurmak,Gocunmasına sebep olmak,,
gocunmak,"Bir şeyden alınmak | Çekinmek, kaçınmak | Tedirgin olmak",,
göbeklenmek,"Karnı yağlanıp şişmanlamak | Marul, lahana yaprakları büyüyüp sıklaşmak",,
göçebeleşmek,Göçebe durumuna gelmek,,
göçebilmek,Göçme ihtimali veya imkânı bulunmak | Göçmeye gücü yetmek,,
göçermek,"Bir kimseden diğer kimseye geçirmek, havale etmek, devretmek",,
göçertmek,Bir şeyin çökmesine sebep olmak,,
göçmek,"Yerleşmek amacıyla mahalle, köy, şehir veya ülke değiştirmek | Bazı hayvanlar iklime göre topluca yer değiştirmek",,
göçmenleşmek,Göçmen durumuna girmek,,
göçmenleştirmek,Göçmen durumuna getirmek,,
göçürmek,Göçmesine sebep olmak | Çökmesine yol açmak | Yiyip bitirmek | Bitkileri yerinden çıkarıp başka yere dikmek; göçermek,,
göçürtmek,Göçmesine sebep olmak,,
göçürülmek,Göçürme işi yapılmak,,
göğüslemek,"Göğsünü dayayarak zorlamak | Karşı durmak, engel olmak, direnmek",,
göğüslenmek,Göğüsleme işi yapılmak,,
göğüsleşmek,Kavgada göğüs göğüse gelmek,,
göğüsleyebilmek,Göğüsleme ihtimali veya imkânı bulunmak | Göğüsleme becerisi bulunmak,,
gölermek,Göl durumuna gelmek | Hayvanın ipi ayağına ve boynuna dolaşarak kalkamayacak biçimde yere yıkılmak,,
gölermek,Hayvanın ipi ayağına ve boynuna dolaşarak kalkamayacak biçimde yere yıkılmak,,
gölgelemek,"Gölgeli duruma getirmek | Resimde gölge oluşturmak | Değersiz hâle getirmek, ününe zarar vermek",,
gölgelendirmek,"Gölge etmek, gölgeli yapmak | Bulandırmak, bozmak | Dinlendirmek",,
gölgelenmek,Gölgeli duruma girmek | Üzerine karartı inmiş gibi olmak | Değerinin bilinmesi engellenmek,,
gölgeleyebilmek,Gölgeleme ihtimali veya imkânı bulunmak | Gölgeleme becerisi bulunmak,,
göllemek,Göl durumuna getirmek,,
göllenmek,"Su, çukurlarda birikmek, gölcük olmak",,
gölleşmek,Göl durumuna gelmek,,
gömebilmek,Gömme ihtimali veya imkânı bulunmak | Gömmeye gücü yetmek,,
gömmek,"Yerin altına koyarak üstünü toprakla örtmek | Bir ölüyü toprağın içine yerleştirmek; defnetmek | Bir cenazeyi kaldırmak | Birinin cenaze törenine katılmak | Bir nesnenin içine yerleştirmek, batırmak | Birinden daha çok yaşamak",,
gömülebilmek,Gömülme ihtimali veya imkânı bulunmak,,
gömülemek,Para veya değerli şeyleri toprak altına gömerek saklamak,,
gömülmek,"Gömme işi yapılmak veya gömme işine konu olmak | Yerleşmek, oturtulmak, kendini gömmek | Yok olmak, kaybolmak, görünmez olmak | Bir şeyin derinliğine inmek",,
gömülüvermek,Çabucak veya kısa sürede gömülmek,,gömülü'vermek
gömüvermek,Çabucak veya kısa sürede gömmek,,gömü'vermek
gönderebilmek,Gönderme ihtimali veya imkânı bulunmak | Göndermeye gücü yetmek,,
gönderilebilmek,Gönderilme ihtimali veya imkânı bulunmak,,
gönderilmek,Gönderme işi yapılmak veya gönderme işine konu olmak,,
gönderivermek,Çabucak göndermek,,gönderi'vermek
göndermek,"Bir yere doğru yola çıkarmak, ulaşmasını, gitmesini sağlamak; yollamak, irsal etmek | Yetki vererek gitmesini sağlamak | Bir kaynaktan çıkıp gelmek, ulaşmak | Yolcu etmek | Araştırma, yazışma vb.nde kaynak kişiye veya esere işaret etmek, atıf yapmak",,
göndertmek,Gönderme işini yaptırmak,,
gönendirilmek,Gönenme işi yaptırılmak,,
gönendirmek,Gönenme işi yaptırmak,,
gönenmek,"Mutlu, mesut olmak, rahat bir hayat sürmek, sevinç duymak; sevinmek, abat olmak",,
gönüllendirmek,Gönüllenmesine sebep olmak,,
gönüllenmek,"Gücenmek, darılmak, alınmak",,
gönyelemek,Gönye ile ölçmek,,
gördürebilmek,Gördürme ihtimali veya imkânı bulunmak | Gördürmeye gücü yetmek,,
gördürmek,Görme işini yaptırmak | Bir işi başkasına yaptırmak,,
gördürtmek,Gördürme işini yaptırmak,,
görebilmek,Görme ihtimali veya imkânı bulunmak,,
göresimek,"Göreceği gelmek, görmek isteği duymak, özlemek",,
görevlendirebilmek,Görevlendirme ihtimali veya imkânı bulunmak | Görevlendirmeye gücü yetmek,,
görevlendirilebilmek,Görevlendirilme ihtimali veya imkânı bulunmak,,
görevlendirilmek,"Görev verilmek; vazifelendirilmek, tavzif edilmek",,
görevlendirmek,"Birine bir görev vermek; vazifelendirmek, tavzif etmek",,
görevlenmek,Görev almak,,
görgülenmek,Görgülü duruma gelmek,,
görkemleşmek,Görkemli hâle gelmek,,
görmek,"Gözle algılamak, seçmek | Anlamak, kavramak, sezmek | Yanına gidip konuşmak | Bir şey hakkında bir yargıya varmak, değerlendirmek | Belirli bir zamanın içinde bir olaya tanık olmak, yaşamak | Yapmak, etmek | Kendisine yapılmak, bir davranışla karşılaşmak, maruz kalmak | Bir şeye erişmek | Çok değer vermek | Bir işleme uğramak | Yüzü bir yöne doğru olmak, bakmak | Ziyaret etmek | Karşılaşmak, rastlaşmak | Gözlerin görmediği durumlarda başka duyu organlarıyla algılamak | Sahne olmak, geçirmek | Saymak, herhangi bir şey gibi görmek | Gezmek | Para vermek | Takım arkadaşlarından en uygun olanına pas atmak [spor]",,
görmezlenmek,"Görmüyor gibi yapmak, görmezlikten gelmek",,
görülebilmek,Görülme ihtimali veya imkânı bulunmak,,
görülmek,"Göz yardımıyla bir şey, bir varlık algılanmak, seçilmek | Gereken iş yapılmış olmak | Bir şeyin bulunduğu anlaşılmak, karşılaşılmak, rastlanmak | Kabul edilmek, sayılmak",,
görünebilmek,Görünme ihtimali veya imkânı bulunmak,,
görünmek,"Görülür duruma gelmek, görülür olmak; gözükmek | İzlenim uyandırmak | Benzemek, görünüşünde olmak | Gözdağı vermek",,
görüntülemek,"Belirli bir konuyu buna en yakın görüntüler içinde tasarlamak, yaratmak, gerçekleştirmek",,
görüntülenmek,Görüntüleme işine konu olmak,,
görüntületmek,Görüntüleme işini yaptırmak,,
görüntüleyebilmek,Görüntüleme ihtimali veya imkânı bulunmak,,
görünüvermek,Ansızın veya kısa süreli olarak görünmek,,görünü'vermek
görüşebilmek,Görüşme imkânı veya ihtimali bulunmak,,
görüşmek,"Buluşup konuşmak, konuşup sohbet etmek | Dostluk, ahbaplık etmek | Bir iş, bir konu üzerinde karşılıklı görüş ileri sürmek; müzakere etmek",,
görüştürebilmek,Görüştürme ihtimali veya imkânı bulunmak | Görüştürmeyi becermek,,
görüştürmek,Görüşmelerini sağlamak,,
görüştürülmek,Görüşmeleri sağlanmak,,
görüşülebilmek,Görüşülme ihtimali veya imkânı bulunmak,,
görüşülmek,Görüşme işi yapılmak; müzakere edilmek | Herhangi biriyle görüşmek,,
görüvermek,Ansızın veya çabucak görmek,,
gösterebilmek,Gösterme ihtimali veya imkânı bulunmak | Göstermeye gücü yetmek,,
gösterilebilmek,Gösterilme ihtimali veya imkânı bulunmak,,
gösterilmek,Görülmesi sağlanmak,,
gösterivermek,Ansızın veya çabucak göstermek,,gösteri'vermek
göstermek,"Birini veya bir şeyi işaretle belirtmek | Görülmesini sağlamak, görmesine yol açmak; çıkarmak | Belirtmek, anlatmak | Bir şeyin etkisi altında tutulmak | Kanıtla inandırmak | Öğretmek, açıklamak | Yapmasını söylemek, görevlendirmek | Güzelliğini ortaya çıkarmak, temsil etmek | Herhangi bir biçimde değerlendirmeye yol açmak | Görünmek, benzemek | Etmek | Sert bir biçimde karşılık vermek",,
göstertmek,Gösterme işini yaptırmak,,
götürebilmek,Götürme ihtimali veya imkânı bulunmak | Götürmeye gücü yetmek,,
götürmek,"Taşımak, ulaştırmak veya koymak | Bir kimseyi bir yere kadar yanında yürütmek | Yerinden ayırıp uzağa atmak veya yok etmek | Dayanmak, katlanmak, tahammül etmek | Birinin yanında yürüyüp ona bir yere kadar arkadaşlık etmek; bırakmak | Bir sonuca vardırmak | Kaybolmasına, yok olmasına yol açmak | Herhangi bir yiyeceği tek başına ve hızlı bir biçimde yemek | Tümüyle sahip olmak | Haksız kazanç sağlamak, mal veya para sahibi olmak",,
götürtmek,Götürülmesini sağlamak,,
götürülmek,Götürme işi yapılmak veya götürme işine konu olmak,,
gövdelenmek,"Gövde oluşmak | Gövde kalınlaşmak, belirgin duruma gelmek",,
göymek,Bir şeyi yakmak,,
göynümek,"Dertlenmek, üzülmek, içlenmek | Ham meyve olgunlaşmak",,
gözemek,Kumaştaki deliği örerek kapatmak | Dikilen bitkilerin seyrek yerlerini sıklaştırmak,,
gözetebilmek,Gözetme ihtimali veya imkânı bulunmak | Gözetmeye gücü yetmek,,
gözetilmek,Gözetme işi yapılmak veya gözetme işine konu olmak,,
gözetlemek,Birine veya bir şeye gizlice bakmak; dikizlemek | Birinin yaptıklarını belli etmeden izlemek,,
gözetlenmek,Gözetleme işi yapılmak; dikizlenmek,,
gözetletmek,Gözetleme işini birine yaptırmak; dikizletmek,,
gözetleyebilmek,Gözetleme ihtimali veya imkânı bulunmak; dikizleyebilmek | Gözetlemeye gücü yetmek; dikizleyebilmek,,
gözetmek,"Korumak, bakmak, özen göstermek; himaye etmek | Önem vermek, göz önünde bulundurmak, ayrı tutmak; kovmak | Kollamak, beklemek | Bir sonuca giderken bütün ayrıntı ve etkenleri dikkate almak",,
gözettirmek,"Gözetme işini yaptırmak, gözetmesini sağlamak",,
gözlemek,"Bir şeyin olmasını veya bir kimsenin gelmesini beklemek; intizar etmek | Dikkatle bakmak; gözlemlemek, tarassut etmek | İncelemek, araştırmak | Gizlice bakmak, gözetlemek | Korumak, kollamak",,
gözlemlemek,"Bir nesneyi, olayı veya bir gerçeği, niteliklerinin bilinmesi amacıyla, dikkatli ve planlı olarak ele alınıp incelemek; müşahede etmek",,
gözlemleyebilmek,Gözlemleme ihtimali veya imkânı bulunmak,,
gözlenebilmek,Gözlenme ihtimali veya imkânı bulunmak,,
gözlenmek,Gözleme işi yapılmak veya gözleme işine konu olmak,,
gözletmek,Gözleme işini yaptırmak,,
gözleyebilmek,Gözleme ihtimali veya imkânı bulunmak | Gözlemeye gücü yetmek,,
gözükebilmek,Gözükme imkânı veya ihtimali bulunmak,,
gramerleşmek,"Belli kurallara bağlanmak, sistemli hâle getirilmek [felsefe]",,
gruplandırmak,Gruplara ayırmak | Dağınık olan şeyleri toplayarak grup oluşturmak,,
gruplanmak,Grup grup olarak bulunmak,,
gruplaşmak,"Grup oluşturmak, gruplara ayrılmak",,
gruplaştırmak,Gruplaşmasına yol açmak,,
gucurdamak,"""Gucur"" diye kulak tırmalayıcı ve düzensiz ses çıkarmak",,
gurklamak,Kuluçka olmak | Erkek hindi kubarmak,,
guruldamak,"“Gurul gurul” ses çıkarmak | Mide, karın ve bağırsaklar “gurul gurul” diye ses çıkarmak; gurlamak",,
guruldatmak,Guruldama sesi çıkartmak,,
gururlanabilmek,Gururlanma ihtimali veya imkânı bulunmak,,
gururlandırmak,"Gururlanmasına yol açmak, gururlanmasını sağlamak",,
gururlanmak,Kendini beğenmek,,
gusletmek,Gusül abdesti almak,Arapça ġusl + Türkçe etmek,gu'sletmek
gübrelemek,Verimini artırmak için toprağa gübre dökmek; kemrelemek,,
gübrelenmek,"Gübre dökülmüş olmak | Gelişmesi, yetişmesi için her türlü imkân sağlanmış olmak",,
gübreletmek,Gübreleme işini yaptırmak,,
gücendirmek,"Gücenmesine yol açmak, gönlünü kırmak, incitmek",,
gücenilmek,"Gücenme işine konu olmak, herhangi bir kimseye gücenmek",,
gücenmek,"Birinin herhangi bir söz veya davranışı yüzünden kırgınlık duymak; içerlemek, kırılmak",,
gücümsemek,"Bir şeyin yapılmasını güç görmek, bir işi isteksiz yapmak",,
güçlendirebilmek,Güçlendirme ihtimali veya imkânı bulunmak | Güçlendirmeye gücü yetmek,,
güçlendirilmek,"Güçlü duruma getirilmek, güç kazanması sağlanılmak",,
güçlendirmek,"Güçlü duruma getirmek, güç kazanmasını sağlamak",,
güçlenebilmek,Güçlenme ihtimali veya imkânı bulunmak,,
güçlenmek,"Güçlü duruma gelmek, kuvvetlenmek",,
güçleşmek,"Güç duruma gelmek; ağırlaşmak, daralmak",,
güçleştirmek,Güç duruma getirmek,,
güçsünmek,Bir şeyin yapılması zor gelmek,,
güdebilmek,Gütme ihtimali veya imkânı bulunmak,,
güdelemek,"Ardına düşmek, kovalamak, sürmek",,
güderilemek,Güderi işlemlerini yapmak,,
güdükleşmek,Güdük duruma gelmek,,
güdülemek,"Amaçlanan davranışa yönelirken bireye güç vermek, hedefe yoğunlaştırmak",,
güdülenmek,"Bir işe başlamaya ve öğrenmeye teşvik edilmek [ruh bilimi] | İşe ve öğrenmeye hazır hâlde olmak | Birey işinin yönünü, gücünü ve öncelik sırasını belirleyen iç veya dış dürtücünün etkisi ile işe geçmek",,
güdülmek,Gütme işi yapılmak | Bir kimse veya topluluk birinin düşünce ve amacı doğrultusunda yönetilmek,,
güdümlemek,Belli bir amaca veya inanca yönlendirmek,,
güldürebilmek,Güldürme ihtimali veya imkânı bulunmak | Güldürme becerisi bulunmak,,
güldürmek,Gülmesine sebep olmak,,
güldürtmek,Gülmesine yol açmak,,
gülebilmek,Gülme ihtimali veya imkânı bulunmak,,
güleyazmak,Az kalsın gülmek,,güle’yazmak
güllenmek,Güllü duruma gelmek,,
gülmek,"İnsan, hoşuna veya tuhafına giden olaylar, durumlar karşısında, genellikle sesli bir biçimde duygusunu açığa vurmak | Mutlu, sevinçli zaman geçirmek, eğlenmek, hoşça vakit geçirmek | Biriyle alay etmek",,
gülümsemek,"Güler gibi olmak, hafifçe gülmek",,
gülümsetmek,Gülümsemesine yol açmak,,
gülümseyebilmek,Gülümseme ihtimali veya imkânı bulunmak | Gülümseme becerisi bulunmak,,
gülümseyivermek,Bir an gülümsemek,,gülümseyi'vermek
gülünçleşmek,Gülünç duruma gelmek; komikleşmek,,
gülünçleştirmek,Gülünç duruma getirmek,,
gülünmek,Gülme işi yapılmak | Alay edilmek,,
gülüşmek,Karşılıklı veya birlikte gülmek,,
gülüşülmek,Karşılıklı veya birlikte gülünmek,,
gülüvermek,Ansızın gülmek,,gülü'vermek
gümbürdemek,"""Gümbür"" diye ses çıkarmak",,
gümbürdetmek,Gümbürdemesine yol açmak,,
gümlemek,"""Güm"" diye ses çıkarmak | Sınıfta kalmak",,
gümletmek,Güm diye ses çıkmasına neden olmak,,
gümrahlaşmak,"Bitki aşırı derecede büyümek | Su deli dolu akmak | Ses gür, yüksek, kuvvetli olmak | Saç uzun, sık ve dalgalı olmak",,
gümrüklemek,Bir malın gümrükte giriş işlemini yapmak,,
gümrüklendirmek,Bir malın gümrük işlemlerini yaptırmak,,
gümrüklenmek,Gümrükleme işlemi yapılmak,,
gümüşlemek,Gümüşle kaplamak veya süslemek | Gümüşün rengini andıran bir renk vermek,,
gümüşlenmek,Gümüşle kaplanmak | Gümüş gibi parıldamak,,
gümüşletmek,Gümüşle kaplatmak veya süsletmek,,
güncellemek,Güncel duruma getirmek,,
güncellenmek,Güncel duruma getirilmek,,
güncelleşmek,Güncel duruma gelmek; aktüelleşmek,,
güncelleştirebilmek,Güncelleştirme ihtimali veya imkânı bulunmak | Güncelleştirmeye gücü yetmek,,
güncelleştirmek,Güncel duruma getirmek; aktüelleştirmek | Eski bir programı veya yazılımı yeni sürümüyle değiştirmek [bilişim],,
güncelletmek,Güncelleme işini yaptırmak,,
güncelleyebilmek,Güncelleme ihtimali veya imkânı bulunmak | Güncellemeye gücü yetmek,,
güneşlendirmek,Güneşlenmesini sağlamak,,
güneşlenebilmek,Güneşlenme ihtimali veya imkânı bulunmak,,
güneşlenmek,Güneş ışınlarından vücudun yararlanmasını sağlamak; güneşlemek,,
güneşletmek,Bir şeyi güneş ışığının etkisinde bırakmak,,
günlemek,"Günü belirlemek, tarihlendirmek",,
gürbüzleşmek,"Gelişmek, gürbüz duruma gelmek",,
güreşebilmek,"Güreşme ihtimali veya imkânı bulunmak | Güreşmeye gücü yetmek | Güreşme becerisi bulunmak | Mücadele edebilmek, baş edebilmek",,
güreşilmek,Güreş yapılmak,,
güreşmek,İki kişi türlü oyunlarla birbirinin sırtını yere getirmeye çalışmak; yıkışmak [spor] | Mücadele etmek,,
güreştirilmek,Güreştirme işi yapılmak,,
güreştirmek,Güreş yaptırmak,,
gürlemek,Kalın ve gür ses çıkarmak | Kuvvetli ve etkili bir biçimde varlığını göstermek,,
gürleşmek,Gür bir duruma gelmek,,
gürleştirmek,Gürleşme işi yaptırılmak,,
gürletmek,Gürlemesine sebep olmak,,
Güroymak,Bitlis iline bağlı ilçelerden biri,,gü'roymağı
gürüldemek,Çok hızlı ve gürültülü ses çıkarmak,,
gütmek,"Hayvan veya hayvan sürüsünü önüne katıp otlatmak | Bir düşünceyi veya bir ilkeyi gerçekleştirmeye çalışmak | Bir kimseyi, bir topluluğu kendi düşünce ve amacı doğrultusunda yönetmek, sevk ve idare etmek",,
güvelenmek,"Ahşap, yün, kumaş vb. güve tarafından yenmek",,
güvencelemek,"Güven altına almak, güvenliği sağlamak",,
güvendirmek,Güvenmesini sağlamak,,
güvenebilmek,Güvenme ihtimali veya imkânı bulunmak,,
güvenilebilmek,Güvenilme ihtimali veya imkânı bulunmak,,
güvenilmek,Kendisine güven duyulmak,,
güvenmek,"Güven duymak, güveni olmak; itimat etmek, yaslanmak (I)",,
güzelleşebilmek,Güzelleşme ihtimali veya imkânı bulunmak | Güzelleşme becerisi bulunmak,,
güzelleşmek,Güzel bir durum almak,,
güzelleştirebilmek,Güzelleştirme ihtimali veya imkânı bulunmak | Güzelleştirme becerisi bulunmak,,
güzelleştirilmek,"Kendisine güzellik verilmek, güzel duruma getirilmek",,
güzelleştirmek,"Güzellik vermek, güzellik kazandırmak",,
güzlemek,"Sonbaharı bir yerde geçirmek | Mevsim yazdan güze geçmek, güz gelmek",,
gâvurlaşmak,"Toplumun genel kabullerinin dışına çıkmaya, başka dinlere mensupmuş gibi davranmaya başlamak | Merhametsiz, acımasız davranmaya başlamak",,
haberleşebilmek,Haberleşme ihtimali veya imkânı bulunmak,,
haberleşilmek,Haberleşme işi yapılmak,,
haberleşmek,"Bir durumu karşılıklı olarak iletmek, karşılıklı olarak haber alıp vermek; iletişmek, muhabere etmek",,
haberleştirmek,Haberleşme işini yaptırmak,,
hacamatlamak,Hafifçe yaralamak,,
haccetmek,Müslümanlıkta hac zamanında Kâbe'yi ziyaret ve tavaf etmek | Hristiyanlıkta kutsal sayılan yerleri ziyaret etmek,Arapça ḥacc + Türkçe etmek,ha'ccetmek
haczetmek,"Bir alacağın ödenmesi için borçlunun geçim ve mesleğinde gerekli olan şeyler dışında kalan para, aylık veya malına icra dairesi el koymak [hukuk]",Arapça ḥacz + Türkçe etmek,ha'czetmek
haçlamak,Çarmıha germek,,
haddelemek,Madenleri haddeden geçirerek birtakım işlemler sonucu istenilen biçime getirmek [madencilik],,
haddelenmek,Haddeleme işi yapılmak,,
hadımlaştırmak,"Eneyerek kısırlaştırmak | Önemini azaltmak, değersizleştirmek",,
hafızlamak,"Durmadan çalışmak, ezberlercesine okumak | Dersini anlamadan ezberlemek, ineklemek",,
hafiflemek,"Herhangi bir sebeple eski ağırlığı azalmak; yeğnilmek | Etkisi, gücü azalmak | Bir sıkıntıdan kurtulmak, rahatlamak",,
hafifleşmek,Hafif duruma gelmek | ... belli belirsiz olmak | Etkisi azalmak | Ağırbaşlılığını yitirmek,,
hafifletebilmek,Hafifletme ihtimali veya imkânı bulunmak,,
hafifletilmek,Hafifletme işi yapılmak; hafifleştirilmek,,
hafifletmek,"Hafiflemesine yol açmak; hafifleştirmek, yeğniltmek, tahfif etmek | Etkisini, gücünü azaltmak",,
hafifleyebilmek,Hafifleme ihtimali veya imkânı bulunmak,,
hafifsemek,"Bir kimseyi veya bir şeyi önemsememek; yeğnilemek, yeğnisemek, istihfaf etmek",,
hafifsenmek,Hafifsemek işi yapılmak,,
hainleşmek,Haince davranır duruma gelmek,,
hakkedebilmek,Hakketme ihtimali veya imkânı bulunmak | Hakketme becerisi bulunmak,Arapça ḥakk + Türkçe edebilmek,ha'kkedebilmek
hakketmek,Yazı ve şekilleri kazıyarak silmek,Arapça ḥakk + Türkçe etmek,ha'kketmek
haklamak,"Bozmak, perişan etmek, yenmek | Kırmak, bozmak | Yiyip bitirmek",,
haklaşmak,"İki taraf birbirine hakkını verip alacak verecekleri kalmamak, ödeşmek",,
haklayabilmek,Haklama ihtimali veya imkânı bulunmak | Haklamaya gücü yetmek,,
haledilmek,Tahttan indirilmek,Arapça ḫal´ + Türkçe edilmek,
halelendirmek,Bir yer veya şeyin üstünde ışık halkası oluşturmak; halkalandırmak,,
halelenmek,Ay'ın çevresinde ışık halkası oluşmak; ağıllanmak,,
haletmek,Tahttan indirmek,Arapça ḫalʿ + Türkçe etmek,ha'letmek
halkalamak,Bir şeyi kıvırarak halka biçimine getirmek | Bir yer veya şeyin çevresini çember biçiminde kuşatmak,,
halkalanmak,Halka biçiminde oluşmak,,
halledebilmek,Halletme ihtimali veya imkânı bulunmak | Halletme becerisi bulunmak,Arapça ḥall + Türkçe edebilmek,ha'lledebilmek
halledilmek,Halletme işine konu olmak,,
halledivermek,Çabucak halletmek,,halledi'vermek
halletmek,"Güç görünen bir olay veya duruma çözüm yolu bulmak | Yoluna koymak, olumlu sonuca bağlamak | Bir cismi bir sıvı içinde eritmek | Cinsel ilişki kurmak | Bir yemeği yenecek duruma getirmek",Arapça ḥall + Türkçe etmek,ha'lletmek
hallettirmek,Halletmesini sağlamak,,ha'llettirmek
hallolmak,"Çözümlenmek, sonuçlanmak | Bir sıvı içinde erimek",Arapça ḥall + Türkçe olmak,ha'llolmak
hallolunmak,"Çözülmek, sonuca bağlanmak",,ha'llolunmak
hamak,"İki ağaç veya direk arasına asılarak kurulan, içine yatılarak sallanılabilen, ağ, bez vb.nden yapılmış yatak; ağ yatak",Fransızca hamac,
hamaratlaşmak,"Hamarat duruma gelmek, hamarat olmak",,
hamdetmek,Tanrı'ya şükretmek,Arapça ḥamd + Türkçe etmek,ha'mdetmek
hamlamak,"Uzun süre idman yapmama, hareket etmeme yüzünden gücünü veya çevikliğini yitirmek",,
hamlaşmak,Ham duruma gelmek,,
hamletmek,"Bir sebebe yüklemek, yormak",Arapça ḥaml + Türkçe etmek,ha'mletmek
hamurlamak,"Hamur sürmek | Yemek pişirirken tencere, güveç vb. kaplardan buğu çıkmasını önlemek için kenarını hamurla sıvamak",,
hamurlanmak,Hamura bulanmak,,
hamurlaşmak,"Hamur kıvamı almak, gevşemek",,
hançerlemek,Hançerle yaralamak veya öldürmek,,
hançerlenmek,Hançerle yaralanmak veya öldürülmek,,
hançerletmek,Hançerleme işini yaptırmak,,
hanımlaşmak,Hanım durumuna gelmek,,
hantallaşmak,Hantal bir duruma gelmek,,
haplamak,Birisine içmesi için uyuşturucu özelliği olan hap temin etmek,,
haplanmak,Uyuşturucu özelliği olan hap içmiş olmak,,
hapsedebilmek,Hapsetme ihtimali veya imkânı bulunmak | Hapsetmeye gücü yetmek,Arapça ḥabs + Türkçe edebilmek,ha'psedebilmek
hapsedilmek,"Hapsetme işi yapılmak | Bir yerde tutulmak; kapatılmak, tıkılmak",,ha'psedilmek
hapsetmek,"Bir suçluyu hapishaneye koymak | Engellemek, sınırlamak | Bir kimseyi veya bir şeyi boşu boşuna tutmak, alıkoymak",Arapça ḥabs + Türkçe etmek,ha'psetmek
hapsettirmek,Hapsedilmesine yol açmak,,ha'psettirmek
hapsolmak,Bulunduğu yerden dışarı çıkamamak,Arapça ḥabs + Türkçe olmak,ha'psolmak
hapşırabilmek,Hapşırma ihtimali veya imkânı bulunmak; aksırabilmek | Hapşırma becerisi bulunmak; aksırabilmek,,
hapşırıvermek,Beklenmedik bir zamanda hapşırmak; aksırıvermek,,hapşırı'vermek
hapşırmak,"Burun zarlarının gıcıklanması ile solunum kaslarının birdenbire kasılmasıyla ağız ve burundan hızlı, gürültülü soluk boşaltmak; aksırmak",,
hapşırtabilmek,Hapşırma etkisi veya ihtimali bulunmak; aksırtabilmek | Hapşırtmaya gücü yetmek; aksırtabilmek,,
hapşırtmak,Birinin hapşırmasına sebep olmak; aksırtmak,,
haptetmek,"Karşısındakini susturmak, cevap veremez durumunda bırakmak",Arapça ḥabṭ + Türkçe etmek,ha'ptetmek
haraplaşmak,"Harap duruma gelmek, viran olmak, perişan olmak",,
hararetlendirmek,Hararetlenmesine yol açmak,,
hararetlenmek,"Isısı artmak | Canlanmak, kızışmak | Herhangi bir konuda çok heyecanlı olmak, coşmak",,
harcamak,"Bir iş görmek veya bir şey satın almak için parayı elden çıkarmak; ezmek, sarf etmek | Bir şey yapmak için kullanmak, tüketmek | Birinin değer ve onurunu kırıcı bir durum yaratmak | Manevi yönden kötü duruma düşürmek, feda etmek | Yok olmasına, ölmesine sebep olmak",,
harcanabilmek,Harcanma ihtimali bulunmak,,
harcanılmak,Harcanma işi yapılmak,,
harcanmak,"Harcama işi yapılmak, harcama işine konu olmak",,
harcatılmak,Harcatma işi yapılmak,,
harcatmak,Harcamasına yol açmak,,
harcayabilmek,Harcama ihtimali veya imkânı bulunmak | Harcamaya gücü yetmek,,
harcayıvermek,Çabucak harcamak,,harcayı'vermek
harcetmek,Harcama yapmak,Arapça ḫarc + Türkçe etmek,ha'rcetmek
harekelemek,Arap alfabesiyle yazılmış metinlerde ünlü ile okunabilmesi için ünsüzlerin altına veya işaret koymak; harekelendirmek,,
hareketlendirebilmek,Hareketlendirme ihtimali veya imkânı bulunmak | Hareketlendirme becerisi bulunmak,,
hareketlendirmek,Hareketlenmesine yol açmak,,
hareketlenmek,"Hareket kazanmak, harekete geçmek",,
harelemek,Bir yüzeyde renk dalgalanmaları oluşturmak; menevişlemek,,
harelenmek,"Kımıldadıkça üzerinde parlak çizgiler görünmek, dalgalanmak; menevişlenmek",,
harflemek,Harf harf söylemek,,
harılanmak,"Hayvan huysuzlanmak, huysuzluk etmek",,
harıldamak,Gürültüyle ve sürekli olarak akmak,,
harlamak,"Ateş için kuvvetlenmek, harlı bir biçimde yanmak | Birden öfkelenerek bağırmak, birine çıkışmak",,
harlatmak,"Ateşi kuvvetlendirmek; harlandırmak | Coşkunluk vermek, canlandırmak",,
harmanlamak,Harman etmek | Bir çember oluşturacak biçimde dolaşmak | Gemi az bir dümen açısıyla büyük bir eğri çizerek yürümek [denizcilik],,
harmanlanmak,"Tütün, çay, içki vb.nin birkaç çeşidi birbirine katılıp karıştırılmak | Ay çevresinde ağıl oluşmak",,
harmanlatmak,Harman yaptırmak,,
hasırlamak,"Hasırla döşemek, üstünü hasırla örtmek",,
hasırlanmak,"Hasırla döşenmek, üstü hasırla örtülmek",,
hasredebilmek,Hasretme ihtimali veya imkânı bulunmak,Arapça ḥaṣr + Türkçe edebilmek,ha'sredebilmek
hasretmek,"Bir şeyin bütününü birine, bir şeye ayırmak, vermek",Arapça ḥaṣr + Türkçe etmek,ha'sretmek
hasrolmak,"Bir şeyin bütünü birine, bir şeye ayrılmak, verilmek",Arapça ḥaṣr + Türkçe olmak,ha'srolmak
hasrolunmak,"Bir şey bütünüyle birine verilmek, ayrılmak",Arapça ḥaṣr + Türkçe olunmak,ha'srolunmak
hastalanabilmek,Hastalanma ihtimali bulunmak,,
hastalandırmak,"Hasta etmek, hastalanmasına sebep olmak",,
hastalanmak,"Sağlığı bozulmak, esenliği yerinde olmamak; rahatsızlanmak, hasta olmak",,
haşarılaşmak,Haşarı davranışlarda bulunmak,,
haşıllamak,Dokumayı unlu veya çirişli sıvıya batırmak,,
haşırdamak,"Kâğıt, kolalı kumaş vb. sert şeyler birbirine sürtünürken kalın ve boğuk ses çıkarmak",,
haşinleşmek,"Sertleşmek, gönül kırıcı davranışlarda bulunmak",,
haşlamak,"Bir şeyi kaynar suya daldırmak | Bir şeyin üstüne kaynar su dökmek | Suda kaynatarak pişirmek | Kaynar sıvı bir şeyi yakmak | Don, kırağı bitkilere zarar vermek | Sızı vermek, acı vermek | Sertçe paylamak, azarlamak",,
haşlanmak,Haşlama işi yapılmak | Kaynar su vb. ile yanmak,,
haşlatmak,Haşlamasını sağlamak,,
haşlayabilmek,Haşlama ihtimali veya imkânı bulunmak | Haşlamaya gücü yetmek,,
hatıllamak,Duvarı hatılla güçlendirmek,,
hatmetmek,"Kur'an'ın tamamını okumak | Herhangi bir kitabı baştan sona kadar tekrar tekrar okumak | Sona erdirmek, bitirmek",Arapça ḫatm + Türkçe etmek,ha'tmetmek
havalanabilmek,Havalanma ihtimali veya imkânı bulunmak,,
havalandırabilmek,Havalandırma ihtimali veya imkânı bulunmak,,
havalandırılmak,Havalandırma işi yapılmak,,
havalandırmak,Kapalı bir yerin pencere ve kapılarını açarak havalanmasını sağlamak | Havaya kaldırmak,,
havalanmak,"Temiz hava alması sağlanmak, havası değiştirilmek | Yerden ayrılıp göğe yükselmek | Bir şey hava akımıyla yer değiştirmek | Kibirli, gururlu, çalımlı davranışlarda bulunmak | Yerinde oturamaz duruma gelmek | Beğenilmeyen davranışlarda bulunmak",,
havlamak,Köpek bağırmak; ürümek,,
havlanmak,Üzerinde hav oluşmak,,
havlatmak,Havlamasına sebep olmak,,
havlayabilmek,Havlama yeteneği bulunmak,,
havuzlamak,Gemiyi onarmak için havuza çekmek,,
havuzlanmak,"Gemi, onarılmak için havuza çekilmek",,
hayallemek,Hayal etmek,,
hayallenmek,"Hayale gelmek, hayalde canlanmak",,
hayalîleşmek,Hayalî bir duruma gelmek,,
haydalamak,"Hayvanı hızlandırmak için ""hayda"" diye seslenmek",,
haydalanmak,Hayvan daha hızlı gitmesi için dehlenmek,,
haydamak,"Hayvanı sürmek; dehlemek | Kovmak, defetmek",,
hayıflanmak,Yapılamayan bir şey için üzüntü duymak,,
hayırlaşmak,Pazarlıkta anlaştıktan sonra birbirlerine hayır dilemek,,
haykırabilmek,Haykırma ihtimali veya imkânı bulunmak | Haykırmaya gücü yetmek,,
haykırışmak,Karşılıklı haykırmak,,
haykırmak,"Telaş, şikâyet vb. sebeplerle yüksek sesle bağırmak | Çağırmak, seslenmek | Bir durum veya nitelik çok belirgin olarak görünmek",,
haykırtmak,Haykırmasına yol açmak,,
haylamak,At gibi hayvanları sürmek için seslenmek,,
haylazlaşmak,Haylaz bir duruma gelmek,,
hayretmek,Yararı olmak,Arapça ḫayr + Türkçe etmek,ha'yretmek
hayvanlaşmak,"İnsanlık erdemlerini yitirmek, kaba bir duruma gelmek",,
hayvanlaştırmak,Hayvan durumuna getirmek,,
hazfetmek,Ortadan kaldırmak,Arapça ḥaẕf + Türkçe etmek,ha'zfetmek
hazırlamak,"Bir şeyi kullanılacak, yararlanılacak duruma getirmek; anıklamak | Bir şeyi ortaya koymak, gerçekleştirmek; kotarmak | Önceden düzenlemek; kurmak | Önlem almak, sağlamak | Sebep olmak, yol açmak | Birini herhangi bir şeyi yapabilecek veya bir şeyi yüklenebilecek duruma getirmek; alıştırmak | Bir maddeyi elde etmek [kimya]",,
hazırlanabilmek,Hazırlanma ihtimali veya imkânı bulunmak,,
hazırlanmak,Hazır duruma getirilmek | Kendini hazırlamak,,
hazırlatmak,Hazır duruma getirmek,,
hazırlattırmak,Hazırlatmasını sağlamak,,
hazırlayabilmek,Hazırlama ihtimali veya imkânı bulunmak | Hazırlamaya gücü yetmek,,
hazırlayıvermek,Çabucak hazırlamak,,hazırlayı'vermek
hazmedebilmek,Hazmetme ihtimali veya imkânı bulunmak,Arapça hażm + Türkçe edebilmek,ha'zmedebilmek
hazmetmek,"Hoşa gitmeyen bir davranışı karşılıksız bırakmak, içine atmak | Herhangi bir olay veya duruma katlanmak, dayanmak, sabretmek",Arapça hażm + Türkçe etmek,ha'zmetmek
hecelemek,Bir kelimenin hecelerini teker teker söylemek | Bir kelimeyi ilk bakışta okuyamayıp heceleri teker teker okumak,,
heceletmek,Hecelemesini sağlamak,,
hecelettirmek,Heceletme işini yaptırmak,,
hedeflemek,Hedef yapmak,,
hedeflenmek,Hedef durumuna gelmek,,
hedefleyebilmek,Hedefleme ihtimali veya imkânı bulunmak,,
helalleşebilmek,Helalleşme ihtimali veya imkânı bulunmak,,
helalleşmek,Alışverişte veya ayrılma sırasında hakkını birbirine bağışlamak,,
helecanlanmak,Kalp çarpıntısına tutulmak,,
helezonlaşmak,"Sarmal, kıvrımlı biçime gelmek",,
helmelenmek,"Helme durumuna gelmek | Karışmak, birbirinin içinde erimek",,
helmeleşmek,Helme durumuna gelmek,,
helvalaşmak,Helva durumuna gelmek,,
hesaplamak,"Hesap işlemini yapmak, hesap etmek | Bir şeyi, bir durumu ayrıntılı bir biçimde düşünmek, hesap etmek",,
hesaplanmak,Hesap edilmek,,
hesaplaşabilmek,Hesaplaşma ihtimali veya imkânı bulunmak,,
hesaplaşmak,"Birbirindeki alacakla vereceğin hesabını yapmak | Karşılıklı olarak kozlarını paylaşmak | Bir şeyin olumlu veya olumsuz yönlerini düşünerek, tartışarak bir yargıya varmak",,
hesaplatmak,Hesap ettirmek,,
hesaplattırmak,Hesaplama işini yaptırmak,,
hesaplayabilmek,Hesaplama ihtimali veya imkânı bulunmak | Hesaplama becerisi bulunmak,,
heyecanlanabilmek,Heyecanlanma ihtimali veya imkânı bulunmak,,
heyecanlandırabilmek,Heyecanlandırma ihtimali veya imkânı bulunmak | Heyecanlandırma becerisi bulunmak,,
heyecanlandırmak,Heyecan duymasına sebep olmak,,
heyecanlanıvermek,Çabucak heyecanlanmak,,heyecanlanı'vermek
heyecanlanmak,"Herhangi bir nedenle güçlü, geçici bir duygulanımdan etkilenmek, heyecana gelmek",,
heyheylenmek,Durup dururken veya sudan sebeplerle sinirlenmek,,
heykelleştirmek,Heykel durumuna getirmek,,
hıçkırabilmek,Hıçkırma ihtimali bulunmak,,
hıçkırmak,Boğazdan hıçkırık sesi çıkarmak | İçini çekerek ağlamak,,
hıçkırtmak,Hıçkırmasına sebep olmak,,
hımbıllaşmak,Hımbıl gibi davranmak,,
hınzırlaşmak,Hınzır gibi davranmak,,
hırçınlaşmak,"Hırçınlık etmek, hırçın davranmak",,
hırıldamak,Hırıltılı bir ses çıkarmak,,
hırlamak,"Hırıltıyla ses çıkarmak | Köpek, saldırmadan önce hırıltıyla ses çıkarmak | Kızgınlıkla ters konuşmak",,
hırlaşmak,Karşılıklı hırlamak; hırıldaşmak | Ağız kavgasına girişmek,,
hırlatmak,Hırlamasına sebep olmak,,
hırpalamak,"İtip kakmak, azarlamak veya yıpratmak",,
hırpalanmak,Hırpalama işine konu olmak veya hırpalama işi yapılmak,,
hırpalatmak,Hırpalanmasına sebep olmak,,
hırpalayabilmek,Hırpalama ihtimali veya imkânı bulunmak | Hırpalamaya gücü yetmek,,
hırpanileşmek,"Derbeder, perişan, kılıksız bir duruma girmek",,
hırslandırmak,"Öfkelendirmek, kızdırmak",,
hırslanmak,"Aşırı istek duymak, tutkuyla davranmak | Çok kızmak, öfkelenmek",,
hışıldamak,Hışıltılı ses çıkarmak,,
hışıldatmak,Hışıldamasına sebep olmak,,
hışımlanmak,"Öfkelenmek, kızgın duruma gelmek",,
hışırdamak,"Kâğıt, kumaş, kuru yaprak vb. nesneler birbirlerine sürtünürken, buruşturulurken ""hışır"" diye ses çıkarmak",,
hışırdatmak,Hışırtı çıkartmak,,
hışlamak,"Hışıldamak, hışıltı çıkarmak",,
hıyarlaşmak,"Kaba saba, budalaca davranışlarda bulunmaya başlamak",,
hızlanabilmek,Hızlanma ihtimali veya imkânı bulunmak,,
hızlandırabilmek,Hızlandırma ihtimali veya imkânı bulunmak | Hızlandırmaya gücü yetmek | Hızlandırma becerisi bulunmak,,
hızlandırılmak,"Hız verilmek, hızı artırılmak",,
hızlandırmak,"Hız verilmek, hızı artırılmak; çurlatmak",,
hızlanmak,"Hız almak, hızı artmak",,
hicvedebilmek,Hicvetme ihtimali veya imkânı bulunmak | Hicvetme becerisi bulunmak,Arapça hecv + Türkçe edebilmek,hi'cvedebilmek
hicvetmek,Alay yoluyla yermek,Arapça hecv + Türkçe etmek,hi'cvetmek
hiçlemek,"Önem vermemek, yok saymak",,
hiçleştirmek,Kendi benliğinde hiçliği kabul etmek [felsefe],,
hidrojenlemek,Hidrojen ile birleştirmek [kimya],,
hidrojenlenmek,Hidrojenli duruma gelmek,,
hikâyelemek,"Roman, hikâye, masal vb. edebî türlerde bir olay dizisini anlatmak",,
hikâyeleştirmek,Hikâye durumuna getirmek,,
hinleşmek,Kurnaz duruma gelmek,,
hinoğluhinleşmek,"Çok kurnazlaşmak, her dönemin şartlarına uymak",,
hissedebilmek,Hissetme ihtimali veya imkânı bulunmak | Hissetme becerisi bulunmak,Arapça ḥiss + Türkçe edebilmek,hi'ssedebilmek
hissedilebilmek,Hissedilme ihtimali veya imkânı bulunmak,Arapça ḥiss + edilebilmek,hi'ssedilebilmek
hissedilmek,Hissetme işine konu olmak; hissolunmak,,hi'ssedilmek
hissetmek,"Bir şeyden etkilenmek, duymak | Bir şeyi sezmek, farkına varmak, anlamak | Saymak, addetmek",Arapça ḥiss + Türkçe etmek,hi'ssetmek
hissettirebilmek,Hissettirme ihtimali veya imkânı bulunmak | Hissettirme becerisi bulunmak,Arapça ḥiss + Türkçe ettirebilmek,hi'ssettirebilmek
hissettirmek,"Hissetmesine sebep olmak, duyurmak; sezdirmek",,hi'ssettirmek
hissettirtmek,Hissettirmesine sebep olmak,,hi'ssettirtmek
hizalamak,Hizaya getirmek,,
hizipleşmek,Hiziplere ayrılmak; klikleşmek,,
hohlamak,Ağzını yaklaştırıp soluğunu bir şeyin üzerine hızla vermek,,
holdingleşmek,Holding durumuna gelmek,,
holiganlaşmak,"Fanatizmden beslenen, çevreye veya kişilere zarar vermeye eğilimli aşırı davranışlarda bulunmak [spor]",,
homurdanmak,"Öfke, kızgınlık, can sıkıntısıyla anlaşılmaz sesler çıkarmak; homurdamak | Taşıt, alet vb. alışılmışın dışında bozuk ses çıkarmak",,
hoplamak,"Sevinçten, korkudan veya oyun için, bulunduğu yerde havaya doğru fırlamak",,
hoplatabilmek,Hoplatma ihtimali veya imkânı bulunmak | Hoplatmaya gücü yetmek,,
hoplatılmak,Hoplatma işi yapılmak,,
hoplatmak,Hoplamasını sağlamak | Çocuğu koltuklarından tutup hafifçe havaya fırlatarak eğlendirmek,,
horlamak,Uyku sırasında soluk alırken boğaz ve burundan gürültülü sesler çıkarmak; horuldamak,,
horlamak,Birinin gönlünü incitircesine davranmak; hor görmek,,
horlanmak,Hor görülmek,,
horozlanmak,"Kabadayı tavrı takınmak, çalım satmak",,
hortlamak,Yanlış bir inanışa göre ölü mezardan çıkmak | Herhangi bir sorun yeniden ortaya çıkmak,,
hortlatmak,Hortlama işi yapılmak,,
hortumlamak,Yasa dışı yollarla zimmetine para veya mal geçirmek,,
hortumlanmak,Hortumlama işi yapılmak,,
hortumlatmak,Hortumlamasına yol açmak,,
horuldamak,Horlama sesine benzer gürültü çıkarmak,,
hoşlamak,"Birini ‘hoş geldiniz’ diyerek güzel bir biçimde karşılamak | Birini hoş tutmak | Yaptığı yararlı işler, söylediği güzel sözler nedeniyle birini onurlandırmak",,
hoşlanabilmek,Hoşlanma ihtimali veya imkânı bulunmak,,
hoşlandırmak,Hoşlanmasına yol açmak,,
hoşlanmak,"Hoşuna gitmek, hoş bulmak; hazzetmek, hoşlaşmak",,
hoşlaşmak,Hoş duruma gelmek | İyilik hissetmek | Birbirinden hoşlanmak,,
hoşlaştırmak,Hoşlaşmasını sağlamak,,
hovardalaşmak,Hovarda gibi davranmaya başlamak,,
hödükleşmek,Hödükçe davranmak,,
höpürdetmek,"Bir şey içerken ""höpür"" diye ses çıkarmak; hopurdatmak",,
höykürmek,Heyecanlı veya kızgın bir biçimde bağırarak konuşmak,,
Hristiyanlaşmak,"Bir kimse veya topluluk bir dinden çıkıp Hristiyanlığı kabul etmek, Hristiyan olmak [din bilimi]",,
Hristiyanlaştırmak,"Bir kimse veya topluluğu Hristiyan dinine sokmak, Hristiyan yapmak [din bilimi]",,
huylandırmak,"Huylanmasına sebep olmak, huylanmasına yol açmak",,
huylanmak,"Bir şeyden huzursuz olup sinirlenmek | Hayvan, ürküp huysuzlaşmak",,
huysuzlanmak,"Huysuzluk etmek, huysuzca davranmak",,
huysuzlaşıvermek,Çabucak veya ansızın huysuzlaşmak,,huysuzlaşı'vermek
huysuzlaşmak,Huysuz bir duruma gelmek,,
huysuzlaştırmak,Huysuzlaşmasına yol açmak,,
hükmedebilmek,Hükmetme ihtimali veya imkânı bulunmak | Hükmetmeye gücü yetmek | Hükmetme becerisi bulunmak,,hü'kmedebilmek
hükmetmek,Egemenliği altında bulundurmak | Düşünme veya yargılama sonunda bir kanıya varmak | Aklına esmek | Bir kimseye veya topluluğa sözünü geçirmek,Arapça ḥukm + Türkçe etmek,hü'kmetmek
hükmolunmak,Hüküm verilmek,Arapça ḥukm + Türkçe olunmak,hü'kmolunmak
hükümsüzleştirmek,"Yürürlükten çıkarmak, yürürlükten kaldırmak | Geçerliliğini sonlandırmak, geçersiz duruma getirmek",,
hülyalaşmak,Hülya durumuna gelmek,,
hülyalaştırmak,Hülya durumuna getirmek,,
hümanistleşmek,İnsancıl davranışlar ve düşünceler içinde olmak,,
hüngürdemek,Yüksek sesle ve hıçkırarak ağlamak,,
hüzünlendirmek,Hüzünlü duruma getirmek,,
hüzünlenebilmek,Hüzünlenme ihtimali veya imkânı bulunmak,,
hüzünlenmek,Hüzünlü duruma gelmek,,
hâllenmek,"Yeni bir duruma girmek, durum değiştirmek | Kendinden geçmek, bayılır gibi olmak | Bir şeye karşı istek duymak",,
hâlleşmek,"Karşılıklı dertlerini anlatmak, dertleşmek | Bir şeyle yakından ilgilenmek",,
ıhlamak,"Hastalıktan veya yorgunluktan inler gibi ""ıh"" sesi çıkarmak",,
ıhmak,Deve çöküp oturmak,,
ıhtırılmak,Deve çöktürülerek oturtulmak,,
ıhtırmak,Deve çöktürüp oturtmak,,
ıkınabilmek,Ikınma ihtimali veya imkânı bulunmak | Ikınmaya gücü yetmek,,
ıkındırmak,Ikınmasına yol açmak,,
ıkınmak,Herhangi bir nedenle soluğunu içinde tutarak kendini zorlamak | Peklikte veya doğum sırasında kasları zorlayarak soluğunu tutmak | Büyük abdestini yapmak için kaslarını zorlamak,,
ıklamak,Yük altında güçlükle solumak | Ağlarken bunalır ve soluğu kesilir gibi iç çekmek,,
ılgamak,Atı dörtnala sürmek,,
ılgarlamak,Bir ülkeye ılgarla saldırmak [tarih],,
ılıklaşmak,Ilık duruma gelmek,,
ılıklaştırmak,Ilık duruma getirmek; ılıtmak,,
ılındırmak,Ilık duruma getirmek,,
ılınmak,Ilık duruma gelmek; ılımak,,
ılıştırmak,Sıcak suya soğuk veya soğuğa sıcak su katarak ılık duruma getirmek,,
ılıtmak,Ilık duruma getirmek; ılıklaştırmak,,
ımızganmak,Uyku ile uyanıklık arası bir durumda bulunmak | Kararıp söner gibi olmak,,
ıraksınmak,Uzak bulmak,,
ıralamak,Bir şeyin ayırıcı özelliğini belirterek benzerlerinden farkını ortaya koymak; karakterize etmek,,
ırgalamak,Yerinden oynatıp sallamak,,
ırgalanmak,Irgalama işi yapılmak; sallanmak,,
ırgamak,"Çabuk olmak, davranmak",,
ırlamak,"Türkü, şarkı söylemek; yırlamak",,
ırmak,"Çoğunlukla denize dökülen, özellikle genişliği ve taşıdığı su niceliği bakımından en büyük akarsu; nehir",,
ırmaklaşmak,"Irmak durumuna gelmek, ırmak gibi akmak",,
ısınabilmek,Isınma ihtimali veya imkânı bulunmak,,
ısındırabilmek,Isındırma ihtimali veya imkânı bulunmak,,
ısındırmak,"Isınmasını sağlamak, sıcaklık kazandırmak | Birinin bir şeye alışmasını, ilgi duymasını sağlamak",,
ısınıvermek,Çabucak ısınmak,,ısını'vermek
ısınmak,"Sıcak duruma gelmek | Üşümesini gidermek, üşümez duruma gelmek | Yadırgamaz olmak, hoşlanır olmak; alışmak | Var olan gerginlik sona ermek | Isınma hareketleri yaparak vücudu maça veya antrenmana hazırlamak [spor]",,
ısırabilmek,Isırma ihtimali veya imkânı bulunmak | Isırmaya gücü yetmek,,
ısırılmak,Dişleri arasında sıkılmak veya koparılmak,,
ısırıvermek,Ansızın ısırmak,,ısırı'vermek
ısırmak,"Dişleri arasına alıp sıkmak | Dişleriyle koparmak; yemek (II) | Rüzgâr sert esmek, keskin bir biçimde etkilemek | Kumaş dalamak, kaşındırmak",,
ısırtmak,Isırmasına sebep olmak,,
ısıtabilmek,Isıtma ihtimali veya imkânı bulunmak | Isıtmaya gücü yetmek,,
ısıtılmak,Isıtma işi yapılmak,,
ısıtmak,"Sıcak duruma getirmek | Çekici, olumlu, hoş bir duruma getirmek",,
ıskalamak,Hedefe denk getirememek,,
ıslanabilmek,Islanma ihtimali bulunmak,,
ıslanmak,Islak duruma gelmek,,
ıslatabilmek,Islatma ihtimali veya imkânı bulunmak | Islatmaya gücü yetmek,,
ıslatılmak,"Islatma işi yapılmak, ıslak duruma getirilmek",,
ıslatmak,Islak duruma getirmek; ıslamak | Mutlu bir olayı yeme içme ile kutlamak | Dayak atmak veya ağır hakarette bulunmak,,
ıslıklamak,"Birinin sevilmediğini, istenmediğini veya beğenilmediğini ıslık çalarak belli etmek",,
ıslıklanmak,Islıklama işi yapılmak veya ıslıklama işine konu olmak,,
ısmarlamak,"Bir şeyin yapılmasını veya getirilmesini, bu işlerle uğraşan birine söylemek; sipariş etmek, sipariş vermek | Parasını kendi ödeyerek başkaları için yiyecek veya içecek getirilmesini söylemek | Kendi için bir şey alınmasını başkasına söylemek | Bir şeyin, bir kimsenin bakılmasını, korunmasını birine veya birinin gözetilmesine bırakmak, emanet etmek | Bir işin yapılmasını, bırakılmasını veya o işten vazgeçilmesini söylemek",,
ısmarlanmak,Bir şeyin yapılması veya getirilmesi birine söylenmek,,
ısmarlatmak,Ismarlama işini yaptırmak,,
ısmarlayabilmek,Ismarlama ihtimali veya imkânı bulunmak,,
ıssızlaşmak,Issız duruma gelmek; tenhalaşmak,,
ıstampalamak,Ham madeni sıcakta veya soğukta istenilen kalıba sokarak şekillendirmek,,
ışıklamak,Bir yeri aydınlatmak,,
ışıklandırılmak,Işıklandırma işi yapılmak veya ışıklanması sağlanmak,,
ışıklanmak,Işıklı duruma gelmek | Işık saçmak,,
ışıldamak,"Titrek, parlak bir ışık saçmak; ışılamak",,
ışıldatmak,"Işıldamasını sağlamak, ışıl ışıl parlatmak; ışılatmak",,
ışımak,Işık saçmak,,
ışınlamak,"Bilim kurguya göre ışın gücüyle bir varlığı, atomlara ayırarak görünmez duruma getirmek veya atomlarını birleştirerek bir varlığı yeniden oluşturmak [fizik] | Virüslerden başka mikroorganizmaların, özellikle mikropların bulaşmasını azaltmak amacıyla yiyecek maddelerini hafif iyonlaştırıcı ışınlara tutmak [fizik] | Bir şeyi bir yerden başka bir yere hızla göndermek",,
ışınlandırmak,"İnsan, hayvan veya herhangi bir materyal röntgen, gama, nötron vb. ışınların etkisinde kalmak",,
ışınlanmak,Işınlama işine konu olmak veya ışınlama işi yapılmak,,
içebilmek,İçme ihtimali veya imkânı bulunmak | İçme becerisi bulunmak,,
içerebilmek,İçerme ihtimali veya imkânı bulunmak,,
içerlemek,İçin için öfkelenmek,,
içermek,"İçine almak, içinde bulundurmak; ihtiva etmek | Bir şey, başka bir şeyin varlığını gerektirmek, biri ötekini ister istemez düşündürmek; tazammun etmek [felsefe]",,
içilebilmek,İçilme ihtimali veya imkânı bulunmak,,
içilmek,İçme işi yapılmak,,
içirebilmek,İçirme ihtimali veya imkânı bulunmak | İçirmeye gücü yetmek,,
içirilmek,İçmesi sağlanmak,,
içirmek,"İçmesine yol açmak, içmesini sağlamak",,
içirtmek,İçmesine sebep olmak,,
içivermek,Çabucak veya kısa sürede içmek,,içi'vermek
içlendirmek,İçlenmesine yol açmak,,
içlenmek,"İçli bitkiler tanelenmek, iç tutmak | Kimseye belli etmeden bir şeyi kendine dert etmek, duygulanmak",,
içmek,"Bir sıvıyı ağza alıp yutmak | Sigara, nargile vb.nin dumanını içe çekmek | Bir şey, bir sıvıyı içine çekmek, emmek | İçki kullanmak",,
iddialaşmak,Karşılıklı iddiaya girmek,,
idealleştirmek,İdeal duruma getirmek; idealize etmek,,
ifadelendirmek,"Anlamlandırmak, bir şey anlatır duruma getirmek",,
ifildemek,Hafifçe titremek,,
ifritleşmek,"Ortalığı birbirine katan, kötü ve zarar verici hâle dönmek",,
iğnelemek,"İğne ile tutturmak | Üstü kapalı olarak onur kırıcı, incitici, üzüntü verici söz söylemek",,
iğnelenmek,İğneleme işi yapılmak veya iğneleme işine konu olmak | Vücudun herhangi bir yerinde iğne batar gibi acı duymak,,
iğneletmek,İğne vurdurmak,,
iğrençleşmek,İğrenç duruma gelmek,,
iğrendirmek,İğrenmesine yol açmak,,
iğrenebilmek,İğrenme ihtimali veya imkânı bulunmak,,
iğrenilmek,İğrenme işi yapılmak,,
iğrenmek,"Mide bulandırıcı bir his duymak, tiksinmek | Bir şeyi tiksindirici bulmak; istikrah etmek | Aşağılık, bayağı bulmak, hoşlanmamak, nefret etmek",,
ihbarlamak,İhbar etmek,,
ihtisaslaşmak,Herhangi bir konuda uzmanlaşmak,,
ihtiyarlamak,"Yaşlı görünüşü almak, yaşlı görünmek",,
ihtiyarlatmak,Yaşlanmasına sebep olmak,,
ikilemek,"Bir şeyin sayısını ikiye çıkarmak; çiftlemek | Tekrarlamak, yinelemek | Tarlayı ikinci kez sürmek",,
ikilenmek,İkileme işi yapılmak,,
ikileşmek,Sayısı ikiye çıkmak,,
ikiletmek,İkilemesine yol açmak,,
ikincilleştirmek,İkincil duruma getirmek,,
ikirciklenmek,Kararsız olmak,,
iktidarsızlaşmak,İktidarsız duruma gelmek,,
iktidarsızlaştırmak,İktidarsızlaşmasına yol açmak,,
ilaçlamak,"İlaç sürmek | Mikroplardan arındırmak, zararlı böcekleri öldürmek amacıyla ilaç püskürtmek veya sıkmak",,
ilaçlanmak,İlaçlama işi yapılmak,,
ilahlaşmak,"İlah durumuna veya biçimine gelmek | Yücelmek, çok beğenilmek, hayranlık uyandıran bir duruma gelmek",,
ilahlaştırmak,İlah durumuna veya biçimine getirmek,,
ilenilmek,İlenme işi yapılmak,,
ilenmek,"Birinin kötü bir duruma düşmesi dileğini gönlünden geçirmek veya açıkça söylemek; beddua etmek, kargımak, kargışlamak, intizar etmek",,
ilerlemek,"Bulunduğu yerden daha ileriye gitmek, yol almak | Vakit geçmek | Daha güçlü, daha etkili duruma gelmek | Daha iyi, daha yüksek bir düzeye, aşamaya erişmek, gelişmek; terakki etmek",,
ilerletebilmek,İlerletme ihtimali veya imkânı bulunmak,,
ilerletmek,"İlerlemesini sağlamak, ilerlemesine yol açmak",,
ilerleyebilmek,İlerleme ihtimali veya imkânı bulunmak | İlerleme becerisi bulunmak,,
iletebilmek,İletme ihtimali veya imkânı bulunmak | İletmeye gücü yetmek,,
iletilebilmek,İletilme ihtimali veya imkânı bulunmak,,
iletilmek,İletme işi yapılmak,,
iletmek,"Götürmek, ulaştırmak, nakletmek, geçirmek | Elektrik akımı, ısı, gaz vb.ni bir yerden başka bir yere götürmek [fizik]",,
ilgilendirebilmek,İlgilendirme ihtimali veya imkânı bulunmak,,
ilgilendirmek,"İlgisini çekmek, önem vermek; alakalandırmak, ırgalamak | Bir şeyle ilgili kılmak | İlişkin olmak | Elverişli, uygun bulmak",,
ilgilenebilmek,İlgilenme ihtimali veya imkânı bulunmak | İlgilenmeye gücü yetmek,,
ilgilenmek,"İlgi göstermek; alakalanmak | Birine karşı yakınlık duymak | Bir şeye karşı merak duymak | Görev gereği bir sorumluluğu yerine getirmek | Bir konu üzerinde çalışmak, uğraşmak | Bir şeyi çekici bulmak",,
ilginçleşmek,İlginç duruma gelmek,,
iliklemek,Bir şeyin düğmesini iliğine geçirmek; düğmelemek,,
iliklenmek,İlikleme işi yapılmak; düğmelenmek,,
ilintilemek,Bir şeyle ilgili kılmak,,
ilişilmek,İlişme işi yapılmak,,
ilişivermek,Çabucak ilişmek,,ilişi'vermek
ilişkilendirebilmek,İlişkilendirme ihtimali veya imkânı bulunmak | İlişkilendirme becerisi bulunmak,,
ilişkilendirmek,İlişkili duruma getirmek,,
ilişmek,"Bir şeye hafifçe dokunmak | Elini sürmek, dokunmak | Bir şeyin kenarına kısa bir süre için oturmak; büzüşmek | Karışmak, rahat vermemek, müdahale etmek | Değinmek, sözünü etmek | Şaka etmek",,
iliştirebilmek,İliştirme ihtimali veya imkânı bulunmak | İliştirmeye gücü yetmek,,
iliştirilebilmek,İliştirilme ihtimali veya imkânı bulunmak,,
iliştirilmek,"İliştirme işi yapılmak, eğreti takılmak, hafifçe tutturulmak",,
iliştirivermek,Çabucak iliştirmek,,iliştiri'vermek
iliştirmek,"İlişmesini sağlamak | Bağlamak, tutturmak, eğreti takmak, hafifçe tutturmak",,
ilkeleşmek,İlke durumuna gelmek,,
ilkeleştirmek,İlke durumuna getirmek,,
ilkelleşmek,İlkel bir durum almak | İlkel bir duruma gelmek,,
ilkelleştirmek,İlkel duruma getirmek,,
ilmek,"İpe halka şekli verilerek yapılan düğüm; ilmik, din (IV)",,
ilmek,Hafif bir düğüm yaparak bağlamak | Halı dokurken düğümleri bağlamak,,
ilmeklemek,İpe halka şekli vererek düğüm atmak; ilmiklemek,,
ilmiklenmek,İlmekle tutturulmak,,
ilsizleşmek,"Yurtsuz, vatansız kalmak",,
iltihaplanmak,Bir doku veya bir organda iltihap oluşmak; yangılanmak,,
imgelemek,"Bir şeyin imgesini zihinde canlandırmak, hayal etmek",,
imgelenmek,İmgeleme işine konu olmak,,
imkânsızlaşmak,İmkânsız bir duruma gelmek,,
imkânsızlaştırmak,Îmkânsız duruma getirmek,,
imlemek,"İm koymak, imle göstermek | Dolayısıyla anlatmak; ima etmek",,
imrendirmek,İmrenmesine yol açmak,,
imrenilmek,İmrenme işi yapılmak,,
imrenmek,"Beğenilen, hoşlanılan bir şeyi edinme veya bir yiyeceği yeme isteğini duymak | Beğenilen bir kişi veya şeye benzemeyi istemek; gıpta etmek",,
imzalamak,"Bir yazı veya belgeye imzasını yazmak, imza atmak; akdetmek | Eserin yazarı, yapımcısı olduğunu imza veya işaretle belirtmek | Bir kimseye, hatıra olarak sunulan esere imza atmak",,
imzalanmak,İmzalama işi yapılmak,,
imzalatabilmek,İmzalatma ihtimali veya imkânı bulunmak,,
imzalatılabilmek,İmzalatılma ihtimali veya imkânı bulunmak,,
imzalatmak,İmza attırmak,,
imzalayabilmek,İmzalama ihtimali veya imkânı bulunmak,,
inanabilmek,İnanma ihtimali bulunmak,,
inandırabilmek,İnandırma ihtimali veya imkânı bulunmak | İnandırma becerisi bulunmak,,
inandırılmak,İnanması sağlanmak,,
inandırıvermek,Çabucak inandırmak,,inandırı'vermek
inandırmak,İnanmasını sağlamak,,
inanılmak,İnanma işi yapılmak,,
inanıvermek,Çabucak inanmak,,inanı'vermek
inanmak,"Bir şeyi doğru olarak benimsemek | Birini doğru sözlü olarak bilmek, güvenmek | Bir şeyin varlığını, doğruluğunu kabul etmek | Sevecek, güvenecek ve bağlanacak en yüksek varlık olarak bilmek, iman etmek | Kanarak aldanmak | İman etmek",,
inatlaşmak,Karşılıklı inat etmek; dayatışmak | Kendi istek ve arzuları doğrultusunda ısrar etmek,,
incelebilmek,İncelme ihtimali veya imkânı bulunmak | İncelmeye gücü yetmek,,
incelemek,"Bir işi veya bir şeyi ele alıp özelliklerini, ayrıntılarını inceden inceye, özenli bir biçimde anlamaya, öğrenmeye çalışmak; tetkik etmek",,
incelenebilmek,İncelenme ihtimali veya imkânı bulunmak,,
incelenmek,İnceleme işi yapılmak,,
inceletebilmek,İnceletme ihtimali veya imkânı bulunmak | İnceletmeye gücü yetmek,,
inceletmek,"İnceleme işini başkasına yaptırmak, birinin incelemesini sağlamak",,
incelettirmek,İnceletmesini sağlamak,,
inceleyebilmek,İnceleme ihtimali veya imkânı bulunmak | İncelemeye gücü yetmek,,
incelmek,"İnce duruma gelmek | Sıvı, koyu durumdan akışkan duruma gelmek, akışkanlığı artmak | Davranışları incelik kazanmak, kibarlaşmak",,
inceltebilmek,İnceltme ihtimali veya imkânı bulunmak | İnceltmeye gücü yetmek,,
inceltmek,İnce duruma getirmek,,
incinmek,"Çarpma, sıkışma, burkulma vb. etkenlerle vücudun bir yeri ağrı verir duruma gelmek | Birinin herhangi bir sözü veya davranışı yüzünden üzüntü duymak, gücenmek, kırılmak",,
incitebilmek,İncitme ihtimali veya imkânı bulunmak,,
incitilmek,İncitme işi yapılmak,,
incitmek,"İncinmesine yol açmak | Kötü söz veya davranışla birini kırmak, üzmek; kıtlamak",,
indirebilmek,İndirme ihtimali veya imkânı bulunmak | İndirmeye gücü yetmek,,
indirgemek,Daha kolay ve yalın duruma getirmek | Bir maddenin oksijenini alarak oksit özelliğini yok etmek; irca etmek [kimya] | Bir işlemi daha kısa veya daha yalın bir biçime sokmak; irca etmek [matematik],,
indirgenmek,İndirgeme işi yapılmak,,
indirgeyebilmek,İndirgeme ihtimali veya imkânı bulunmak,,
indirilmek,İndirme işi yapılmak,,
indirivermek,Çabucak veya kısa sürede indirmek,,indiri'vermek
indirmek,"Yüksekten, sarp ve kötü yerden veya yukarıdan aşağıya inmesini sağlamak | Bir taşıt veya binek hayvanından aşağıya almak | Fiyatını azaltmak, düşürmek | Hızla vurmak | Yağmur, sis, birdenbire bastırmak | Kırmak, tahrip etmek | Çeşitli alanlarda farklı amaçlarla kullanılması için hazırlanmış oyun, program, uygulama vb.ni genel ağ üzerinden bilgisayar, telefon ve tablet gibi araçlara kaydetmek",,
indirtebilmek,İndirtme ihtimali veya imkânı bulunmak | İndirtmeye gücü yetmek,,
indirtmek,İndirmesini sağlamak,,
indüklemek,"Kapalı bir devreyi, şiddeti her an değişen bir manyetik alanın içine koyarak onun üzerinde bir elektrik akımı oluşturmak [fizik]",,
inebilmek,İnme ihtimali veya imkânı bulunmak | İnmeye gücü yetmek,,
ineklemek,"Çok çalışmak, ezberleyerek öğrenmek",,
inhimak,"Bir şeye aşırı düşkünlük gösterme, kapılma",Arapça inhimāk,inhima:ki
inilmek,İnme işi yapılmak,,
inivermek,Çabucak veya kısa sürede inmek,,ini'vermek
inlemek,"Acı, üzüntü belirten kesik sesler çıkarmak; inildemek | Gür, uğultulu, yankılı ses çıkarmak",,
inletmek,"İnlemesine yol açmak | Çok eziyet vermek, eziyet çektirmek",,
inleyebilmek,İnleme ihtimali veya imkânı bulunmak,,
inmek,"Yüksekten veya yukarıdan aşağıya doğru gelmek | Bir taşıt veya binek hayvanından yere basmak; atlamak | Dağ, tepe vb. yüksek bir yerden gelmek | Bir yerden başka bir yere gitmek, varmak | Alçalıp eski durumuna dönmek | Fiyatı düşürmek | Değeri düşmek | İnme gelmek | Bir yeri kaplamak, basmak veya bir yerden akmak, kaymak | Uzamak, ulaşmak | Sayısı azalmak",,
insancıllaşmak,İnsancıl duruma gelmek,,
insanlaşmak,"İnsanca davranma özelliği kazanmak, insana yaraşır biçimde davranmak",,
ipildemek,"Parlak bir ışıkla yanmak, bir sönüp bir parlamak",,
ipilemek,Az ışıkla yanmak,,
iplemek,"Saygı göstermek, değer vermek",,
ipliklenmek,"Tel tel olmak, lif lif olmak",,
ipoteklemek,Tutuya bırakmak,,
irdelemek,"Bir konunun incelenmesi ve eleştirilmesi gereken bütün yönlerini birer birer incelemek, araştırmak, tetkik ve tetebbu etmek, mütalaa etmek",,
irdelenmek,İrdeleme işine konu olmak,,
irdeleyebilmek,İrdeleme ihtimali veya imkânı bulunmak,,
irileşmek,İri bir duruma gelmek,,
irileştirmek,İrileşmesine yol açmak,,
irinlenmek,"Yarada irin oluşmak; iltihaplanmak, cerahatlenmek",,
irkebilmek,İrkme ihtimali veya imkânı bulunmak,,
irkilmek,Ürkerek geri çekilir gibi olmak | Şaşırıp duraklamak,,
irkilmek,"Vücudun bir yeri dışarıdan gelen bir uyarıcının etkisiyle kanlanıp şişmek; taharrüş etmek [biyoloji] | Akan bir şey, bir engel karşısında duraklayıp birikmek",,
irkiltmek,İrkilmesine sebep olmak,,
irkmek,"Birikmek, toplanmak | Biriktirmek, toplamak",,
irkmek,"Tiksinmek, iğrenmek",,
islemek,İse tutup karartmak,,
islenmek,İsli duruma gelmek,,
ispiyonlamak,"Birinin sırlarını, davranışlarını, düşüncelerini gözleyerek yetkili kişilere bildirmek; gammazlamak",,
ispiyonlanmak,İspiyon işi yapılmak; gammazlanmak,,
ispiyonlatmak,İspiyonlamasını sağlamak,,
isteklendirmek,"Birinde bir şey yapma isteğini uyandırmak; heveslendirmek, teşvik etmek, motive etmek",,
isteklenmek,Bir şeye karşı istek duymak; heveslenmek,,
istemek,"İstek duymak; arzulamak | Bir şeyin kendisine verilmesini söylemek | Kendi için veya başkası için bir şeyin olmasını, gerçekleşmesini arzu etmek | Görmek istediğini bildirmek | Gerekli olmak | Evlenmek dileğinde bulunmak",,
istenilebilmek,İstenme ihtimali veya imkânı bulunmak,,
istenmek,İsteme işi yapılmak; istenilmek | Kendisine istek duyulmak; arzulanmak,,
isteşmek,Karşılıklı sevgi belirtileri göstermek; flört etmek,,
istetmek,İstemesini sağlamak; arzulatmak,,
istettirmek,İstetmesini sağlamak,,
isteyebilmek,İsteme ihtimali veya imkânı bulunmak; arzulayabilmek,,
istiflemek,Düzgün bir biçimde üst üste yığmak | Stok etmek,,
istiflenmek,İstifleme işi yapılmak,,
istifleyebilmek,İstifleme ihtimali veya imkânı bulunmak | İstiflemeye gücü yetmek,,
istikametlendirmek,Bir tarafa yönelmesini sağlamak,,
istikametlenmek,Bir tarafa yönelmek,,
istikrarlılaştırmak,İstikrarlı duruma getirmek,,
istikrarsızlaştırılmak,İstikrarsız duruma getirilmek,,
istikrarsızlaştırmak,İstikrarsız duruma getirmek,,
işaretlemek,"Bir şeye işaret koymak, bir şeyi işaretle belirtmek | Belirtecek biçimde hareket etmek",,
işaretlenmek,Bir şeye işaret konulmak,,
işaretleşmek,"Birbirine işaret etmek | Uzak bir yerden, bilgi vermek için özel bir düzene göre türlü işaretler kullanmak",,
işaretletmek,İşaretlemesini sağlamak,,
işaretleyebilmek,İşaretleme ihtimali veya imkânı bulunmak | İşaretleme becerisi bulunmak,,
işemek,"İdrar torbasında biriken sidiği dışarı atmak, çiş yapmak; çöğdürmek",,
işetmek,"İşemesini sağlamak, işemesine yol açmak; çiş yaptırmak",,
işeyebilmek,İşeme ihtimali veya imkânı bulunmak,,
işitebilmek,İşitme ihtimali veya imkânı bulunmak,,
işitilebilmek,İşitilme ihtimali bulunmak,,
işitmek,Kulakla algılamak; duymak | Haber almak,,
işittirebilmek,İşittirme ihtimali veya imkânı bulunmak,,
işittirmek,İşitmesini sağlamak; duyurmak,,
işlemek,"Bir şeye emek vererek onu daha elverişli bir duruma getirmek | İnce ve süslü şeyler yapmak; nakışlamak | İçine girmek, etkilemek; nüfuz etmek | İyi çalışmak, müşterisi bol olmak | Durağan durumdan hareketli duruma geçmek; çalışmak | Herhangi bir konuyu ele alarak incelemek, öğretmek | Düşüncelerini herhangi birine etki yaparak benimsetmek | Bir yerden girip çıkmak | Çıban, olgunlaşma yolunda olmak | Yara, kapanmamak | Gidip gelmek | Hesapları, kayıtları düzenli olarak tutmak veya gereken yere aktarmak | Herhangi bir ürünü satışa sunulmadan önce birtakım işlemlerden geçirmek",,
işlenebilmek,İşlenme ihtimali veya imkânı bulunmak,,
işlenmek,İşleme işi yapılmak,,
işletebilmek,İşletme ihtimali veya imkânı bulunmak | İşletmeye gücü yetmek,,
işletilebilmek,İşletilme ihtimali veya imkânı bulunmak,,
işletilmek,İşletme işi yapılmak,,
işletmek,"İşlemesini sağlamak; çalıştırmak | Bir kurumu kârlı ve verimli bir şekilde yönetmek | Bağımsız bütçeye sahip kamu işletmelerini sevk ve idare etmek | Bir şeyi, bir kimseyi, bir yeri kullanarak veya çalıştırarak yarar sağlamak | Üzerine işleme yaptırmak | Şaka ve birtakım yalanlarla sezdirmeden birini kandırmak veya onunla eğlenmek",,
işlettirmek,İşletmesini sağlamak,,
işleyebilmek,İşleme ihtimali veya imkânı bulunmak | İşleme becerisi bulunmak,,
iştahlandırmak,"İştahını uyandırmak, iştahlanmasını sağlamak",,
iştahlanmak,"İştahı uyanmak veya artmak | İsteği, arzusu artmak",,
itebilmek,İtme ihtimali veya imkânı bulunmak | İtmeye gücü yetmek,,
iteklemek,"Sürekli olarak itmek, kakmak",,
itelemek,"Sürekli itmek, arka arkaya itmek; iteklemek",,
itelenmek,İteleme işi yapılmak,,
iteleyebilmek,İteleme ihtimali veya imkânı bulunmak | İtelemeye gücü yetmek,,
itibarsızlaşmak,"İtibarsız duruma gelmek, saygınlığını, değerini yitirmek",,
itibarsızlaştırmak,İtibarsız duruma getirmek,,
itilmek,İtme işi yapılmak,,
itişmek,Birbirini itmek | Birbirini iterek şakalaşmak,,
itiştirmek,İtişmelerine yol açmak | Kımıldatarak itmek,,
itivermek,Ansızın itmek,,iti'vermek
itlenmek,Aşağılık niyetlerle yaltaklanmak veya terbiyesizce davranmak; itleşmek,,
itmek,"Bir şeyi güç uygulayarak ileri götürmek | Kapı, pencere vb.ni güç uygulayarak açmak veya kapamak | Bulunduğu yerden aşağı düşürmek | Birini bir şeye sürüklemek, sevk etmek | Kendinden uzaklaştırmak | Bir cisim, belli bir yakınlıktaki başka bir cismi kendisinden uzaklaşmaya zorlamak, çekmek karşıtı [fizik]",,
ittirebilmek,İttirmeye gücü yetmek,,
ittirmek,İtmesini sağlamak,,
ivdirmek,Hareket durumunda olan bir nesnenin hareketini çabuklaştırmak,,
ivedilenmek,"Tez canlılık etmek, acele etmek, istical etmek",,
ivedileşmek,İvedi duruma gelmek,,
ivedileştirmek,İvedi duruma getirmek,,
ivmek,Çabuk davranmak; acele etmek,,
ivmelenmek,"Hareket, olay vb. hızlanmak, hızını artırmak; hız kazanmak",,
iyileşmek,"İyi duruma gelmek | Hastalıktan kurtulmak, sağlığı yerine gelmek; salah bulmak",,
iyileştirebilmek,İyileştirme ihtimali veya imkânı bulunmak | İyileşmesine gücü yetmek,,
iyileştirmek,"İyileşmesini sağlamak, sağlığına kavuşturmak; tedavi etmek | Eksikliğini, bozukluğunu gidermek; ıslah etmek",,
iyonlaştırmak,Bir ortamda iyonlar oluşturmak,,
izlemek,"Birinin veya bir şeyin arkasından gitmek; takip etmek | Zaman, süre, sıra vb. bakımından gelmek, arkasından gelmek, arkasında olmak | Bir olayın gelişimini gözden geçirmek | Eğlenmek, görmek, öğrenmek için bakmak; seyretmek | Belirli bir yönde gitmek | Gözlemek, incelemek | Belirli bir tutum, davranış veya düşünceyi benimsemek | Bir şeye uymak, bağlı olmak | Herhangi bir olayla ilgilenmek",,
izlenebilmek,İzlenme ihtimali veya imkânı bulunmak | İzlenmeye değer olmak,,
izlenmek,İzleme işi yapılmak; takip edilmek,,
izletebilmek,İzletme ihtimali veya imkânı bulunmak | İzletmeye gücü yetmek,,
izletilmek,İzlenmesi sağlanmak,,
izletmek,İzlemesini sağlamak,,
izlettirmek,İzletmesini sağlamak,,
izleyebilmek,İzleme ihtimali veya imkânı bulunmak | İzlemeye gücü yetmek,,
İslamlaşmak,Müslüman olmak [din bilimi],,
İslamlaştırmak,Birini Müslüman yapmak [din bilimi],,
jelatinlemek,Bir yeri veya şeyi jelatin ile kaplamak,,
jelleşmek,Jel durumuna gelmek,,
jiletlemek,Vücudun çeşitli yerlerini jiletle kesmek,,
jurnallemek,"Şikâyet etmek, ihbar etmek",,
kabadayılanmak,"Kabadayılık etmek, kabadayı gibi davranmak",,
kabadayılaşmak,"Kabadayı gibi davranmak, kabadayılık etmek; yavuzlanmak, yavuzlaşmak, horozlaşmak",,
kabaklamak,Ağaçların gençleşmesi için dallarını budamak,,
kabaklaşmak,"Saçları dökülmek | Taşıt lastikleri, dişleri aşınıp yüzeyi düz bir duruma gelmek",,
kabalaşmak,"Kaba bir duruma gelmek; odunlaşmak | Kabalık etmek, görgü ve incelikten yoksun söz söylemek; odunlaşmak",,
kabalaştırmak,"Kaba bir duruma getirmek, kabalaşmasına sebep olmak",,
kaballamak,Maden ocaklarında galerileri direklerle pekiştirmek,,
kabarabilmek,Kabarma ihtimali bulunmak,,
kabarıvermek,Ansızın kabarmak,,kabarı'vermek
kabarmak,"Ağırlığı artmadan hacmi büyümek | Yağışlardan veya kaynamaktan taşmaya yüz tutmak | Niceliği artmak, büyümek | Cilt üzerinde kabarcıklar oluşmak; börtlemek | Hayvanların tüyleri dikilmek | Kumaş üzerinde pürüzler oluşmak | Islanıp veya ısınıp yerinden kurtulmak | Deniz dalgalanmak, büyük dalgalar oluşmak | Öfke, sevgi vb. duygular gittikçe güçlenmek | Kafa tutmak, öfkelenip üstüne yürüyecek gibi davranmak | Böbürlenmek, gururlanmak",,
kabartabilmek,Kabartma ihtimali veya imkânı bulunmak | Kabartmayı becermek,,
kabartıvermek,Çabucak kabartmak,,kabartı'vermek
kabartmak,"Kabarmasını sağlamak, kabarmasına yol açmak | Toprağı tırmık, çapa vb. bir araçla karıştırmak, altüst etmek, yumuşatmak",,
kabuklanmak,"Kabuk oluşmak, kabuk bağlamak",,
kabuklaşmak,"Kabuk durumunu almak, kabuk gibi sertleşmek",,
kabullendirmek,Kabullenmesini sağlamak,,
kabullenebilmek,Kabullenme ihtimali veya imkânı bulunmak,,
kabullenivermek,Çabucak veya kısa sürede kabullenmek,,kabulleni'vermek
kabullenmek,"Kabul etmek, benimsemek | İstemeyerek kendine mal etmek",,
kaçabilmek,Kaçma ihtimali bulunmak | Kaçmaya gücü yetmek,,
kaçamak,"Hoş görülmeyen bir şeyi ara sıra yapma | Bir şeyi belli etmeden, gizlice yapmaya çalışma | Bir şeyden kaçınma yolu | Kaçacak yer, özellikle çobanların sürüyü barındırmak, saklamak için yaptıkları yer | Başkalarına belli etmeden, gizlice yapılan",,
kaçamak,Mısır unundan yapılan yağlı bir yemek,,
kaçılmak,"Kaçma işi yapılmak | Çekilmek, savulmak",,
kaçımsamak,Bir işi yapmamak için sözde nedenler ileri sürmek,,
kaçınabilmek,Kaçınma ihtimali veya imkânı bulunmak,,
kaçındırmak,Kaçınmasına yol açmak,,
kaçınmak,Herhangi bir işi yapmaktan veya özverili davranmaktan geri durmak; kaçmak,,
kaçırabilmek,Kaçırma ihtimali veya imkânı bulunmak | Kaçırmaya gücü yetmek,,
kaçırılmak,Kaçırma işi yapılmak veya kaçırma işine konu olmak,,
kaçırıvermek,Çabucak veya ansızın kaçırmak,,kaçırı'vermek
kaçırmak,"Kaçmasını sağlamak veya kaçmasına imkân yaratmak | Bir işi belirlenen zamanda yapamamak | Zor kullanarak yanında götürmek; kaldırmak | Bir daha ele geçmemek üzere yitirmek | Yararlanamamak | Gitmek, kaçmak zorunda bırakmak | Çalmak, kimsenin haberi olmadan götürmek | Yasal olmayan yoldan bir ülkeye mal sokmak veya çıkarmak [hukuk] | Ölçüyü, sınırı aşmak, fazlasına gitmek | Sıvı, gaz vb. sızdırmak | İstemeyerek altını kirletmek | Bir araç veya aletle iş görürken aracı iyi kullanamama yüzünden kendine veya bir başkasına zarar vermek | Birini veya bir şeyi göstermemek | Yarışan bir koşucu diğeri tarafından hızla geçilip ara açılmak [spor] | Futbol veya basketbolda savunma yaptığı oyuncunun topla yanından geçmesine engel olamamak [spor]",,
kaçırtmak,Kaçırmasını sağlamak | Birinin kaçırılmasına sebep olmak,,
kaçışılmak,Kaçışma işine konu olmak,,
kaçışmak,Hep birden kaçıp çeşitli yönlere dağılmak,,
kaçıvermek,Çabucak kaçmak,,kaçı'vermek
kaçmak,"Hızla koşup bir yere saklanmak | Kimseye bildirmeden bulunduğu yerden ayrılmak; firar etmek, gazlamak | Kendini göstermemek, rastlaşmamaya çalışmak | Gaz, sıvı vb. şeyler sızmak | İpi kopmak | Bir yana doğru kaymak | Görünmeden gitmek; savuşmak, sıvışmak | Hızlı koşmak | Yok olmak | Benzemek, andırmak | Kaçgöçe uymak | Kız veya kadın yasalara ve aile isteklerine karşı gelerek evlenmek için evinden ayrılmak | Rengi ağarmak | Yarışçı diğerlerinden hızla ayrılıp arayı açmak [spor] | Futbol ve basketbolda engelleyen adamdan kurtulmak veya pas alabilmek için boş alana koşmak [spor]",,
kadastrolamak,Kadastrosunu yapmak,,
kadastrolanmak,Kadastrosu yapılmak,,
kadavralaşmak,Kadavra durumuna gelmek,,
kademelemek,Kademeli bir biçimde düzenlemek,,
kademelendirmek,Kademeli duruma getirmek,,
kademelenmek,Kademeli duruma gelmek,,
kadınlaşmak,Çocukluk çağından çıkıp kadınlık çağına girmek | (erkek) Kadın gibi davranır duruma gelmek,,
kadınlaştırmak,Kadınlaşmasına yol açmak,,
kadınsılaşmak,Kadın özelliği kazanmak; feminenleşmek,,
kadifeleşmek,"Yumuşamak, samimi olmak",,
kadifeleştirmek,Kadifeleşmesine yol açmak,,
kadrajlamak,Fotoğraf veya kamera görüntüsünün çerçevesini belirlemek | Basılmış bir fotoğraftaki görüntünün çerçevesini yeniden belirlemek,,
kadrajlanmak,Kadrajlama işi yapılmak,,
kadrolandırmak,Kadroda yer vermek,,
kadrolaşmak,"Kadrolara, aynı görüşü paylaşan insanları toplamak, yerleştirmek",,
kadrolaştırmak,Kadrolaşmasını sağlamak,,
kafeslemek,Çıkar sağlamak için birini aldatmak,,
kafiyelendirilmek,Kafiyeli duruma getirilmek; uyaklandırılmak [edebiyat],,
kafiyelendirmek,Kafiyeli duruma getirmek; uyaklandırmak [edebiyat],,
kafiyelenmek,Kafiyeli duruma gelmek; uyaklanmak [edebiyat],,
kağşamak,"Eskimek, dağılmaya yüz tutmak | Herhangi bir şey ek yerlerinden ayrılmak, oynamak | Zayıflamak, gevşemek, güçsüzleşmek",,
kahırlanmak,Çok ve için için üzülmek,,
kahpelenmek,"Kahpelik etmek, kahpece davranmak",,
kahpeleşmek,Kahpece davranmak,,
kahramanlaşmak,Kahraman durumuna gelmek; yiğitleşmek,,
kahramanlaştırmak,Kahramanlaşma işini yaptırmak,,
kahretmek,"Ezmek, perişan etmek | Çok üzmek | Kendine dert etmek, içlenmek, çok üzülmek | İlenmek, beddua etmek",Arapça ḳahr + Türkçe etmek,ka'hretmek
kahreylemek,Üzülmesine sebep olmak,Arapça ḳahr + Türkçe eylemek,ka'hreylemek
kahrolabilmek,Kahrolma ihtimali bulunmak,,
kahrolmak,Çok üzülmek; içlenmek,Arapça ḳahr + Türkçe olmak,ka'hrolmak
kakalamak,"Sürekli çekiştirmek, itmek, kakıp durmak | Alışverişte aldatmak, kötü mal satmak",,
kakalamak,Kaka yapmak,,
kakalanmak,Kakalama işine konu olmak,,
kakalanmak,Kaka ile kirlenmek,,
kakılmak,Kakma işi yapılmak | Ağaç veya diğer ahşap malzeme üzerine kakma işi yapılmak; hakkedilmek,,
kakımak,"Bir kimsenin yaptığı işin beğenilmediğini kendisine sert sözlerle söylemek | Öfkelenmek, kızmak",,
kakırdamak,"""Kakır kakır"" diye ses çıkarmak",,
kakışmak,Şaka yapmak amacıyla birbirine vurmak,,
kakıştırmak,Sürekli ve hafif hafif kakmak,,
kakmak,"İtmek, vurmak | Kakma yapmak; hakketmek, kakalamak (I) | Vurarak dar bir yere sokmak",,
kaktırmak,Kakma işini yaptırmak,,
kalabalıklaşmak,Kalabalık duruma gelmek,,
kalabalıklaştırmak,Kalabalıklaşma işini yaptırmak,,
kalabilmek,Kalma ihtimali bulunmak,,
kalafatlamak,"Geminin kaplamasını kalafatla onarmak [denizcilik] | Onarmak, çekidüzen vermek",,
kalafatlanmak,"Kalafatlama işi yapılmak | Onarılmak, çekidüzen verilmek",,
kalakalmak,Bir şey veya durum karşısında şaşırmak | Güç durumda kalmak,,kala'kalmak
kalaylamak,"Oksitlenmeden korumak için bir metal parçasını veya kabı kalay tabakası ile kaplamak | Eksiklikleri, kusurları görünüşte gizlemeye çalışmak",,
kalaylanmak,Kalaylanma işi yapılmak veya kalaylama işine konu olmak,,
kalaylatmak,Kalaylama işini yaptırmak,,
kalburlamak,Kalburdan geçirmek,,
kalburlanmak,Kalburdan geçirilmek,,
kalburlatmak,Kalburdan geçirtmek,,
kaldırabilmek,Kaldırma ihtimali veya imkânı bulunmak | Kaldırmaya gücü yetmek,,
kaldırılıvermek,Çabucak kaldırılmak,,kaldırılı'vermek
kaldırılmak,Kaldırma işi yapılmak,,
kaldırıvermek,Çabucak kaldırmak; kaldırtıvermek,,kaldırı'vermek
kaldırmak,"Bulunduğu yerden almak | Yukarı doğru hareket ettirmek | Ürün toplamak, taşımak | Çekmek, taşımak | Bir kuruluşun çalışmasına son vermek | Hastayı hastaneye götürmek | Tören yaparak ölüyü gömmek | Alıp başka yere götürmek | Piyasadan çekmek | Elin ulaşamayacağı yere koymak; saklamak | İyi etmek, birini iyileştirmek | Bir şeyden çokça satın almak | Bir yere tayin etmek | Yok etmek, ortadan silmek | Oturur veya yatar durumdan çıkararak ayakları üzerinde doğrultmak | Bulunduğu yerden almak, alıp başka yere götürmek | Bir işi yapması için harekete geçirmek | Uygun gelmek | Bir şeyi çalmak, aşırmak",,
kaldırtabilmek,Kaldırtma ihtimali veya imkânı bulunmak | Kaldırtmaya gücü yetmek,,
kaldırtmak,Kaldırma işini yaptırmak,,
kalenderleşmek,Kalenderce davranmak veya yaşamak,,
kalgımak,"Sıçramak, fırlamak, şaha kalkmak | Öfkeyle kalkmak | Çapkınlık, serserilik yapmak",,
kalınlaşmak,Kalın duruma gelmek,,
kalınlaştırmak,Kalın duruma getirmek; kalınlatmak,,
kalınlaştırtmak,Kalınlaştırma işini yaptırmak,,
kalınmak,Kalma işi yapılmak,,
kalıplamak,Biçimi bozulmuş bir şeyi düzeltmek için kalıba geçirmek; kalıba vurmak,,
kalıplanmak,Belli bir kalıp verilmek; kalıba vurulmak,,
kalıplaşmak,"Belli bir biçim almak | Durumunu sürdürmek, belli bir durumun dışına çıkmamak | Görevini yitirmek [dil bilgisi]",,
kalıplaştırmak,Kalıplaşma işini yaptırmak; kalınlatmak,,
kalıplatmak,Kalıba vurdurmak,,
kalıvermek,Öylece kalmak,,kalı'vermek
kalkabilmek,Kalkma ihtimali veya imkânı bulunmak | Kalkmaya gücü yetmek,,
kalkerleşmek,Kireç taşı durumuna gelmek,,
kalkınabilmek,Kalkınma ihtimali veya imkânı bulunmak,,
kalkındırabilmek,Kalkındırmaya gücü yetmek,,
kalkındırmak,"Kalkınmasını sağlamak, kalkınmasına yol açmak",,
kalkınmak,"Durumunu düzeltmek, aşamalı bir biçimde gelişmek, ilerlemek",,
kalkışabilmek,Kalkışma ihtimali veya imkânı bulunmak,,
kalkışılmak,Kalkışma işine konu olmak,,
kalkışmak,"Yetenek, imkân ve gücü aşan bir işe girişmek | Yersiz bir işi yapmaya kalkmak",,
kalkıvermek,Çabucak kalkmak,,kalkı'vermek
kalkmak,"Oturmaktayken veya yatmaktayken gitmek üzere yerinden ayrılmak | Uyanarak yataktan ayrılmak | Yukarı doğru yükselmek | Taşıtlar yola çıkmak | Uçak, helikopter havalanmak | Yerinden ayrılıp yol almaya başlamak | Hayvan iki art ayağı üzerinde dik durum almak | Kabarmak, ayrılmak | Derlenip götürülmek | Hasta iyileşip yürüyecek duruma gelmek | Varlığı, hayatı son bulmak | Yok olmak, artık bulunmamak | Bir şey yapmaya girişmek | Geçerli olmamak, geçerliğini yitirmek, geçmez olmak | Uygulanmaz olmak | Güncelliğini yitirmek | Bir durumdan başka bir duruma geçmek | Başka yere gitmek veya taşınmak | Ayakta beklemek",,
kalmak,"Olduğu yeri ve durumu korumak, sürdürmek | Zaman, uzaklık veya nicelik belirtilen miktarda bulunmak | Hayatını sürdürmek | Varlığını korumak, sürdürmek | Oyalanmak, vakit geçirmek | Sınıf geçmemek | İşlemez, yürümez duruma gelmek | İleriye atılmak; ertelenmek | Bir şeyle kaplanmak, bir şeye bulanmak | Bir işi belli bir noktada bırakmak | Miras olarak geçmek | Yapamamak | Belli bir gelirle geçinmek zorunda bulunmak | Herhangi bir durumu sürdürmek | Olmak, herhangi bir durumda bulunmak | Kök veya gövdeleri sonuna -a (-e), -ıp (-ip) zarf-fiil eki almış fiillere gelerek süreklilik bildiren birleşik fiiller oluşturur",,
kalplaşmak,"Bir kimse çeviklik, doğruluk veya çalışkanlığını yitirmek",,
kamalamak,Kama ile yaralamak,,
kamaşmak,"Ekşi bir şey sebebiyle dil, damak veya diş uyuşmak",,
kamaştırmak,Kamaşmasına neden olmak,,
kamburlaşmak,Kambur duruma gelmek,,
kamburlaştırmak,Kambur duruma getirmek,,
kamçılamak,"Kamçı ile vurmak | Yağmur, kar, rüzgâr hızla çarpmak | Harekete geçirmek | İsteklendirmek, özendirmek, teşvik etmek",,
kamçılanmak,Kamçı ile dövülmek,,
kamçılaşmak,Kamçı durumuna gelmek,,
kamçılatmak,Kamçılama işini yaptırmak,,
kamplaşmak,"Kamplara ayrılmak, bölünmek",,
kamplaştırmak,Kamplaşma işini yaptırmak,,
kamulaştırabilmek,Kamulaştırma imkânı olmak; devletleştirebilmek | Kamulaştırmaya gücü yetmek; devletleştirebilmek,,
kamulaştırılmak,Kamulaştırma işi yapılmak; devletleştirilmek,,
kamulaştırmak,"Devlet veya kamu tüzel kişilerce, kamu yararı gerektiğinde kişinin hukukunu da koruyarak karşılığını peşin ödemek koşuluyla taşınmazların sahiplerinden izin alınmaksızın yasal yollarla tamamını veya bir kısmını almak; devletleştirmek, istimlak etmek, özelleştirmek karşıtı [hukuk]",,
kamusallaşmak,Kamusal duruma gelmek,,
kamusallaştırmak,Kamusallaşma işini yaptırmak,,
kanabilmek,Kanma ihtimali bulunmak,,
kanamak,"Vücudun herhangi bir yerinden kan akmak, kan gelmek | Manevi acılar yeniden etkisini duyurmak, depreşmek",,
kanatılmak,Kanatma işi yapılmak,,
kanatlandırmak,"Kanatlanmasını, uçmasını sağlamak | Çok sevinmesine sebep olmak",,
kanatlanmak,Uçmaya başlamak | Çok sevinmek,,
kanatmak,Kanamasına yol açmak veya kanamasını sağlamak,,
kancalamak,Kancayı bir şeye takmak | Kancayı atıp çekmek | Bir kimse veya şeyin üzerine bıktıracak kadar düşmek,,
kancalanmak,"Kanca ile tutulmak, kancaya takılmak",,
kandırabilmek,Kandırma ihtimali veya imkânı bulunmak | Kandırma becerisi bulunmak,,
kandırılmak,Kandırma işi yapılmak,,
kandırmak,"Kanmasını sağlamak, inandırmak; çalımlamak, yemek (II), ikna etmek, keklemek | İçme, yeme isteğini karşılamak",,
kandilleşmek,Birbirinin kandil gününü kutlamak,,
kangallamak,Kangal durumuna getirmek,,
kangallanmak,Kangal durumuna getirilmek,,
kangrenleşmek,"Kangren olmak | Bir durum veya iş düzelmeyecek duruma gelmek, uzamak",,
kangrenleştirmek,Kangren durumunun ortaya çıkmasına sebep olmak,,
kanıkmak,"Kanmak, gönlü kanmak",,
kanıksamak,Çok tekrarlama sebebiyle yadırgamaz olmak; alışmak,,
kanıksatmak,Kanıksama işini yaptırmak,,
kanıksayabilmek,Kanıksama ihtimali veya imkânı bulunmak | Kanıksama becerisi bulunmak,,
kanırmak,Bir şeyi eğip zorlayarak yerinden çıkarmak veya çıkarmaya çalışmak,,
kanırtmak,Büküp zorlayarak yerinden oynatmak,,
kanıtlamak,"Kanıt göstererek bir şeyin gerçek yönünü ortaya çıkarmak; ispatlamak, ispat etmek | Dava konusu iddianın veya buna karşı yapılan savunmanın doğru olduğunu ortaya çıkarmak; ispatlamak, ispat etmek [hukuk]",,
kanıtlandırmak,"Bir düşünceyi, bir savı yeterli delillerle doğrulamak, belgelemek ve açıklamak; ispatlandırmak",,
kanıtlanmak,Kanıtlama işi yapılmak; ispatlanmak,,
kanıtlayabilmek,Kanıtlama ihtimali veya imkânı bulunmak; ispatlayabilmek | Kanıtlama becerisi bulunmak; ispatlayabilmek,,
kanıtsamak,"Kanıt, belge veya delil olarak kabul etmek",,
kanıvermek,Çabucak ve kolaylıkla kanmak,,kanı'vermek
kanlamak,Kana bulamak,,
kanlandırmak,Kanlanmasını sağlamak,,
kanlanmak,Kan bulaşmak | Kanı çoğalmak | Bir organda kan birikmek,,
kanmak,"Söylenilen sözün, anlatılan konunun doğruluğuna inanmak | Tatlı sözlere aldanmak | Bir gereksinimini, bir isteğini yeteri kadar karşılamış olmak; doymak | Yetinmek, iktifa etmek",,
kanserleşmek,"Kansere dönüşmek, kanser durumunu almak",,
kanserleştirmek,Bir organı kanser durumuna getirmek,,
kansızlaşmak,"Kanı azalmak, kansız kalmak",,
kantarlamak,"Kantarla ağırlığını ölçmek | Düşünüp taşınmak | Birini denemek, sınamak",,
kapaklanmak,Ayağı takılıp yüzüstü düşmek | Yelkenli tekne güçlü rüzgâr veya ansızın gelen sağanak etkisiyle devrilmek [denizcilik],,
kapamak,"Bir açıklığı örtmek için bir şeyi, açık yerin üzerine getirmek | Hava bulutlarla kaplanmak, sıkıntılı bir hâl almak | Bir şeyin görünmesine engel olmak; örtmek | Geçişi engellemek | Tıkamak, içini doldurmak | Su, elektrik gelişini kesmek | Çalışamaz, görev ve iş yapamaz duruma getirmek | Üzerinde durmamak, bir şey üzerinde konuşmayı bırakmak | Bir yere sokup dışarı çıkmasına engel olmak; hapsetmek | Ortalıktan alıp saklamak | Karşılamak, denk gelmek",,
kapanabilmek,Kapanma ihtimali veya imkânı bulunmak,,
kapanmak,"Kapalı duruma gelmek | Dışarı ile ilişiğini kesmek | Çalışamaz, etkinliğini sürdüremez duruma getirilmek | Son verilmek, kesilmek | Yüzü, gövdesi bir yere gelecek biçimde eğilmek | Tatile girmek | Yara iyileşmek | Göz kör olmak | Hava bulutlanmak",,
kaparozlamak,Yolsuzca veya zorla birinin malını ele geçirmek,,
kapatabilmek,Kapatma ihtimali veya imkânı bulunmak | Kapatmaya gücü yetmek,,
kapatılabilmek,Kapatılma ihtimali bulunmak,,
kapatılmak,"Kapatma işine konu olmak veya kapatma işi yapılmak | Ortadan kaldırılmak, feshedilmek",,
kapatıvermek,Aniden kapatmak,,kapatı'vermek
kapatmak,"Kapama işini yapmak | Bir malı değerinden aşağı bir karşılıkla elde etmek | Yayımını yasak etmek, yayımına son vermek | Herhangi bir yerin bütün masraflarını üstlenip başkalarını içeri almadan isteği doğrultusunda eğlenmek | Bitirmek, unutturmak, söz edilmesini engellemek | İşlemez duruma getirmek; kilitlemek",,
kapattırmak,Kapatma işini birine yaptırmak,,
kapayabilmek,Kapamaya gücü yetmek,,
kapılabilmek,Kapılma ihtimali veya imkânı bulunmak,,
kapılandırmak,Kapılanmasını sağlamak,,
kapılanmak,Bir işe girmek ve o işte devam etmek | Bir işe girmek,,
kapılıvermek,Elinde olmadan kapılmak,,kapılı'vermek
kapılmak,"Kapma işine konu olmak | Birine güvenip boş bulunarak aldanmak | Bir kimseye tutulmak, bağlanmak, aşırı sevgi duymak | Bir şeyin veya kimsenin güçlü etkisinde kalmak",,
kapışabilmek,Kapışma ihtimali veya imkânı bulunmak | Kapışmaya gücü yetmek,,
kapışılmak,Kapışma işi yapılmak | Çok istenilmek,,
kapışmak,"Birlikte bir şeyin üzerine üşüşüp aceleyle almak, kapmak | Kavgaya tutuşmak | Kavgaya girmek | Hırsla güreşe başlamak",,
kapıştırmak,Kapışma işini yaptırmak veya bu işin yapılmasına sebep olmak,,
kapıvermek,Aniden kapmak,,kapı'vermek
kapitalistleşmek,Sermayeci duruma gelmek,,
kapitalistleştirmek,Sermayeci duruma getirmek,,
kaplamak,"Her yanını örtmek; istila etmek | Çepeçevre sarmak; kuşatmak, örtmek | Bir kabın, bir kılıfın, bir örtünün içine almak | Yayılıp doldurmak, etkisinde bırakmak; almak, basmak, bürümek, sarmak, tutmak | Bir yüzeyi döşemek, başka bir nesne ile örtmek | Kaplama adı verilen ince ağaç levhaları, değişik yöntemlerle hazırlanmış yüzeylere yapıştırmak | Bir madeni bir başka madenle kimyasal bir yöntemle örtmek | Bir kimsenin veya bir şeyin nitelikleri herkesçe bilinir olmak",,
kaplanmak,Kaplama işi yapılmak,,
kaplatmak,Kaplama işini yaptırmak,,
kaplattırmak,Kaplatma işini yaptırmak,,
kaplayabilmek,Kaplama ihtimali veya imkânı bulunmak | Kaplamaya gücü yetmek,,
kaplayıvermek,Çabucak kaplamak,,kaplayı'vermek
kapmak,"Birdenbire yakalayarak, çekerek almak | Isırıp parçalamak | İşitir işitmez veya görür görmez bellemek ve öğrenmek | Yer ayırmak, yer tutmak | Bulaşmış olmak, geçmek",,
kapsamak,"İçine almak, sınırları içine almak; şamil olmak",,
kapsatmak,Kapsatma işini yaptırmak,,
kapsayabilmek,Kapsama ihtimali veya imkânı bulunmak,,
kaptırmak,"Bir şeyin ele geçirilmesine, kapılmasına yol açmak | Vücudun herhangi bir organı, bir kaza sonucunda makine tarafından ezilmek veya koparılmak | Yanlış bir davranış sonucu birine uygun imkânı sağlamak, fırsat vermek | Elinden kaçırmak",,
karabilmek,Karma ihtimali veya imkânı bulunmak | Karmaya gücü yetmek | Karma becerisi bulunmak,,
karalamak,"Boya veya kalemle birtakım şekiller çizerek bir yeri kirletmek | Bir yazının üzerini çizerek onu geçersiz kılmak | Taslak olarak yazmak veya çizmek | Hızlı ve acele olarak yazmak | Leke sürmek, kötülük yüklemek, iftira etmek; karamak",,
karalanmak,"Karalama işi yapılmak | Kara duruma gelmek | Leke sürülmek, kötülük yüklenmek",,
karalatmak,Karalama işini yaptırmak,,
karalayabilmek,Karalama ihtimali veya imkânı bulunmak | Karalamaya gücü yetmek,,
karalayıvermek,Çabucak karalamak,,karalayı'vermek
karamak,Hor görmek,,
kararıvermek,Ansızın veya çabucak kararmak,,kararı'vermek
kararlamak,"Ölçü ve tartıya dayanmaksızın, gözle oranlayarak hesaplamak, tahmin etmek",,
kararlaşmak,"Bir konuyla veya işle ilgili yapılacakları belirlemek, karar altına almak | Bir konu hakkında taraflarca karar verilmek",,
kararlaştırabilmek,Kararlaştırma ihtimali veya imkânı bulunmak,,
kararlaştırılmak,Kararlaştırma işi yapılmak,,
kararlaştırmak,"Bir konuyla veya işle ilgili yapılacakları belirlemek, karar altına almak; tayin etmek | Bir konu hakkında taraflarca karar verilmek",,
kararmak,"Rengi karaya dönmek | Işık sönmek, kısılmak veya gücü azalmak | Ateş sönmeye yüz tutmak | Kederlenmek, canı sıkılmak | Niteliğini yitirmek",,
karartabilmek,Karartma ihtimali veya imkânı bulunmak | Karartmaya gücü yetmek,,
karartılmak,Karanlık duruma getirilmesini sağlamak,,
karartıvermek,Çabucak veya ansızın karartmak,,karartı'vermek
karartmak,Rengini karaya çevirmek; yakmak | Karanlık duruma getirmek | Işığı kısmak veya örtmek | Kötü bir duruma getirmek,,
karbonatlamak,Karbonik asit alabilen maddelere bu gazı vererek onları karbonat durumuna dönüştürmek [kimya],,
karbonlamak,Bir maden veya alaşımı karbon bakımından zenginleştirmek [kimya],,
karbonlaşmak,Karbon durumuna gelmek,,
kardeşlenmek,Ekin bir kökten birkaç sap birden üremek | Kardeş sahibi olmak,,
kardırmak,Karma işini yaptırmak,,
karelemek,Karelere ayırmak | Bir resmi büyütme veya küçültme işleminden sonra asıl örneğin oranlarını kopyasında da elde etmek için bir resmi eşit sayıda karelere ayırmak,,
kargılamak,Kargı ile yaralamak veya öldürmek,,
karıklamak,Karık (II) açmak,,
karıkmak,Göz fazla ışıktan kamaşmak | Göz kar yağmış bir alana bakmaktan kamaşmak,,
karılaşmak,Hâl ve hareketleri kadın özellikleri taşımak,,
karılmak,Karma işi yapılmak; karışmak,,
karıncalanmak,"Bir yere, bir şey üzerine karınca üşüşmek | Vücudun bir yerindeki uyuşukluktan sonra, kan dolaşımının başlamasıyla o yerde karıncalar dolaşır gibi bir izlenim uyanmak | Metal yüzeylerde pas yüzünden yer yer ufak delikler oluşmak | Verici veya alıcıdaki bozukluk sebebiyle televizyonda görüntü bozulmak | Aşırı zihin yorgunluğundan dolayı bir şeyi, bir durumu kavramada zorluk çekmek",,
karınlamak,Gemi yanını dayamak [denizcilik],,
karınmak,Sallanarak karışmak,,
karışabilmek,Karışma ihtimali veya imkânı bulunmak,,
karışılmak,Karışma işi yapılmak,,
karışıvermek,Ansızın karışmak,,karışı'vermek
karışlamak,Karışla ölçmek,,
karışmak,"İki veya ikiden çok şey bir araya gelip birbirinin içinde dağılmak, birbirinin içine girmek | Düzensiz, dağınık olmak | Duruluğunu yitirmek; bulanmak | Açıklığını yitirmek, anlaşılması güçleşmek | Müdahale etmek | Engellemek, araya girmek | Bir araya gelmek, katılmak | İlgilenmek, el atmak | Yetkisinde bulunmak, bakmak, iş edinmek, işi olmak",,
karıştırabilmek,Karıştırma ihtimali veya imkânı bulunmak | Karıştırmaya gücü yetmek | Karıştırma becerisi bulunmak,,
karıştırılmak,Karıştırma işi yapılmak,,
karıştırıvermek,Ansızın veya çabucak karıştırmak,,karıştırı'vermek
karıştırmak,"Bir maddenin başka bir madde içine karışmasını sağlamak | İçinde ne olduğunu anlamak veya aradığını bulmak amacıyla elle yoklamak | Yemeği dibinin tutmaması için kaşıkla altüst etmek | Bir şeye göz atmak, ayrıntılarıyla incelemek | Üstünkörü okumak | Ayırt edememek, tam olarak seçememek | Berraklığını ve duruluğunu kaybettirmek; bulandırmak",,
karikatürleştirmek,"Karikatür durumuna getirmek | Bir şeyin, bir olayın belirtilmesi gereken özelliklerini bozarak, yererek, gülünç duruma getirerek anlatmak",,
karlamak,Kar yağmak,,
karlanmak,"Kar ile örtülmek, kar ile kaplanmak | Ekranda görüntü siyah beyaz noktalarla kaplanmak [televizyon]",,
karmak,"Karıştırmak, birbirine katmak | Toz durumundaki bir şeyi sıvı ile karıştırarak çamur veya hamur durumuna getirmek",,
karmaşıklaşmak,Karmaşık duruma gelmek,,
karmaşıklaştırmak,Karmaşıklaşma işini yaptırmak,,
karmaşmak,Bir şey başka bir şeyle birleşerek karışık durum almak,,
karmaştırmak,Karmaşık duruma getirmek,,
karşılamak,"Dışarıdan gelen bir kimseye karşılayıcı olarak çıkmak; istikbal etmek | Karşılık olmak, bir şeyin yerini tutmak; tekabül etmek | Söylenen, yapılan, bildirilen bir şeyi olumlu veya olumsuz bulmak | Kötü bir şeyi önlemek, durdurmak | Masrafı ödemek | Rakip takımın veya oyuncunun ataklarını savmak [spor]",,
karşılanabilmek,Karşılanma ihtimali veya imkânı bulunmak,,
karşılanmak,Karşılama işi yapılmak,,
karşılaşabilmek,Karşılaşma ihtimali veya imkânı bulunmak,,
karşılaşmak,Bir kimseyle veya bir şeyle karşı karşıya gelmek | İki sporcu veya iki takım kazanmak amacıyla karşılıklı olarak yarışmak [spor] | İki ordu savaşmak,,
karşılaştırabilmek,Karşılaştırma ihtimali veya imkânı bulunmak,,
karşılaştırılmak,"Karşılaştırma işi yapılmak, kıyaslanmak",,
karşılaştırmak,"Karşılaştırma işini yaptırmak | Kişi ve nesnelerin benzer veya ayrı yanlarını incelemek için kıyaslamak; mukayese etmek | Dikişte giysinin bir yanına yapılan işlemi, eşitlik sağlamak amacıyla öbür yanında uygulamak",,
karşılayabilmek,Karşılama ihtimali veya imkânı bulunmak,,
karşıtlamak,Bir iddiaya zıt olarak başka bir iddia ileri sürmek,,
karşıtlaşmak,Birbirine karşıt olmak,,
kartalmak,"Yaşlanmak, kartlaşmak",,
kartelleşmek,Kartel kurmak,,
kartlaşmak,Kart duruma gelmek,,
kartlaşmak,Birbirine tebrik kartı göndermek,,
kartonlamak,Karton yerleştirmek veya kartonla kaplamak,,
kasalamak,Kasalara yerleştirmek,,
kasalanmak,Kasalara yerleştirilmek,,
kasavetlenmek,Sıkıntı içine düşmek,,
kasılmak,"Kasma işi yapılmak | Kas, büzülüp toplanmak; büzüşmek, gerilmek, takallüs etmek [tıp]",,
kasınmak,"Kasılıp kalmak | Büyüklenmek, kibirlenmek, kendini beğenmek",,
kaskolamak,Kasko yapmak,,
kaskolatmak,Kasko yaptırmak,,
kaslaşmak,Kas durumuna gelmek,,
kasmak,"Kasları gergin duruma getirmek | Dar gelmek | Harçlık, ödenek vb.nden bir miktar ayırmak | Baskısı altında tutmak",,
kasnaklamak,"Kasnak içine almak; çemberlemek | Kollarını dolayarak kavramak | Yapılarda, betonun şişmesini önlemek ve direncini artırmak için sıkıştırılmış betonun çevresini metalden bir kasnak içine almak [mimarlık]",,
kastarlamak,Kastar işi yapmak,,
kastarlanmak,Kastar işi yapılmak,,
kastetmek,"Amaçlamak, amaç olarak almak | Demek istemek | Kötülük etmek, kıymak, zarar vermeyi istemek",Arapça ḳaṣd + Türkçe etmek,ka'stetmek
kastırmak,Kasma işini yaptırmak,,
kaşağılamak,Tımar etmek için hayvana kaşağı sürmek,,
kaşağılanmak,Kaşağılama işi yapılmak,,
kaşağılatmak,Kaşağılama işini yaptırmak,,
kaşandırmak,Hayvanı durdurup işetmek,,
kaşanmak,Hizmet ve binek hayvanları durup işemek,,
kaşarlanmak,"Bir işte, bir konuda ustalaşmak çok deneyim kazanmak | Hoşa gitmeyen bir davranışa  veya bir işe alışarak rahatsızlık duymaz hâle gelmek",,
kaşelemek,Resmî bir belgeyi kaşe ile damgalamak,,
kaşelenmek,Kaşeleme işi yapılmak,,
kaşeletmek,Resmî bir belgeyi kaşe ile damgalatmak,,
kaşelettirmek,Kaşeletme işini yaptırmak,,
kaşıklamak,Kaşıkla yemek,,
kaşıklanmak,Kaşıkla yenmek,,
kaşıklatmak,Kaşıklama işini yaptırmak,,
kaşımak,"Vücudun herhangi bir yerindeki kaşıntıyı gidermek için tırnakla veya başka bir şeyle deriyi hafifçe ovmak | Bir olay, çalışma, söz vb.nin sıkıntı verecek yanlarını öne çıkarmak | Sinirlendirecek söz söylemek | Herhangi bir konuyu yeniden gündeme getirmek",,
kaşındırmak,"Kaşınmasına yol açmak, kaşıntı vermek",,
kaşınmak,"Kaşıntısı olmak, kaşıma isteği duymak | Kendi kendini kaşımak | Kötü bir karşılık gerektiren davranışlarda bulunmak",,
kaşıtmak,Kaşıma işini yaptırmak,,
kaşıttırmak,Kaşıtma işini yaptırmak,,
kaşıyabilmek,Kaşıma ihtimali veya imkânı bulunmak | Kaşımaya gücü yetmek,,
kaşlamak,Yüzüğün taşını kaşa oturtmak,,
katabilmek,Katma ihtimali veya imkânı bulunmak | Katmaya gücü yetmek,,
kataloglamak,"Kütüphanedeki veya belli bir daldaki gereçleri yer numarası, bibliyografik kimlik vb. bakımından tespit etmek",,
kataloglatmak,Katalog durumuna getirtmek,,
katarlamak,"Katar durumuna getirmek, arka arkaya dizmek",,
katarlanmak,"Katar durumuna gelmek, arka arkaya gelmek",,
katedebilmek,Katetme ihtimali veya imkânı bulunmak | Katetmeye gücü yetmek,Arapça ḳaṭʿ + Türkçe edebilmek,ka'tedebilmek
katetmek,Bir yeri aşarak geçmek,Arapça ḳaṭʿ + Türkçe etmek,ka'tetmek
katıklamak,Katık etmek | Çorbayı yoğurtlamak,,
katılabilmek,Katılma ihtimali veya imkânı bulunmak,,
katılaşmak,"Katı duruma gelmek | İz bırakmak, belirgin duruma gelmek",,
katılaştırmak,Katı duruma getirmek,,
katılıvermek,Ansızın veya kısa sürede katılmak,,katılı'vermek
katılmak,"Katma işi yapılmak | Bir topluluğa dâhil olmak; girmek, katışmak, iştirak etmek, iltihak etmek | Ortak olmak, benimsemek | Hak vermek",,
katılmak,"Aşırı derecede gülme, ağlama, gıdıklanma, korkma vb. tepkiler sırasında, solunum kaslarının kasılmasından dolayı soluk kesilmek",,
katıltmak,Katılacak kadar güldürmek veya ağlatmak | Katılmasına yol açmak,,
katırlaşmak,"Huysuzluk etmek, inatlaşmak",,
katıştırılmak,Katıştırma işi yaptırılmak,,
katıştırmak,Bir şeyin içine başka bir şey katarak karıştırmak,,
katıvermek,Çabucak katmak,,katı'vermek
katkılanmak,İçine bir katkı karışmak,,
katlamak,"Kâğıt, kumaş vb. nesneleri üst üste kat oluşturacak biçimde bükmek | Arttırarak çoğaltmak",,
katlanabilmek,Katlanma ihtimali veya imkânı bulunmak,,
katlandırmak,Katlanmasını sağlamak,,
katlanılmak,Katlanma işi yapılmak,,
katlanmak,"Katlama işi yapılmak | Hoş olmayan bir duruma, güç şartlara dayanmak, tahammül etmek",,
katlatmak,Katlatma işini yaptırmak,,
katlayabilmek,Katlama ihtimali veya imkânı bulunmak | Katlama becerisi bulunmak,,
katledebilmek,Katletme ihtimali veya imkânı bulunmak | Katletmeye gücü yetmek,Arapça ḳatl + Türkçe edebilmek,ka'tledebilmek
katletmek,"İnsan öldürmek | Zor duruma sokmak, aşırı derecede rahatsız etmek | Zarar vermek",Arapça ḳatl + Türkçe etmek,ka'tletmek
katlettirmek,Katletme işini yaptırmak,,ka'tlettirmek
katmak,"Bir şeyin içine, üstüne veya yanına, niteliğini değiştirmek veya niceliğini artırmak için başka bir şey eklemek; vermek, zammetmek | Bir araya getirmek | Birlikte göndermek | Döllenmeyi sağlamak için erkek hayvanı dişinin yanına salmak",,
katmanlaşmak,Ayrı ayrı tabakalar veya sınıflar oluşturmak | Üst üste gelmiş katmanlar durumunda yerleşmek [jeoloji],,
katmerlenmek,Katmerli duruma gelmek,,
katmerleşmek,"Katmerli duruma gelmek | Çoğalmak, artmak",,
katmerleştirmek,Katmerleşme işini yaptırmak,,
katranlamak,"Bir yere, bir şeye katran sürerek katranla kaplamak",,
katranlanmak,Katranlama işi yapılmak,,
katranlatmak,Katranlama işini yaptırmak,,
kavgalaşmak,İki veya daha çok kimse birbiriyle kavga etmek,,
kavimleşmek,Kavim durumuna gelmek,,
kavislenmek,Kavisli duruma gelmek,,
kavlamak,Kabarıp dökülmek veya soyulmak,,
kavlanmak,Kavlama işine uğramak,,
kavlaşmak,Kav durumuna gelmek,,
kavlatmak,Kavlamasına yol açmak,,
kavramak,Elle sıkıca tutmak | Bir nesne veya düşünceyi her yönüyle anlamak | Motorlu araçlarda debriyaj pedalı görev yapmak | Motorlu araçlarda lastik yolu tutmak,,
kavramlaşmak,Kavram durumuna gelmek,,
kavramlaştırmak,Kavram durumuna getirmek,,
kavranmak,Kavrama işi yapılmak; kavranılmak,,
kavratabilmek,Kavratma ihtimali veya imkânı bulunmak,,
kavratmak,Kavramasını sağlamak,,
kavrayabilmek,Kavrama ihtimali veya imkânı bulunmak | Kavrama becerisi bulunmak,,
kavrayıvermek,Çabucak kavramak,,kavrayı'vermek
kavrulabilmek,Kavrulma ihtimali veya imkânı bulunmak,,
kavrulmak,"Kavurma işi yapılmak | Hayatın acılarına uğramak | Dış etkenler yüzünden özelliklerini yitirmek | Yaşı ilerlemesine karşın iyi gelişememek, cılız kalmak",,
kavurmak,"Bir şeyi bir kabın içinde kendisinden başka bir malzeme koymadan karıştıra karıştıra pişirmek | Rüzgâr, soğuk, sıcak vb. kurutmak, yakmak | Çok üzmek, yakmak, mahvetmek",,
kavurtmak,Kavurma işini yaptırmak,,
kavuşabilmek,Kavuşma ihtimali veya imkânı bulunmak,,
kavuşmak,"Ayrı kalınan, sevilen bir kimseyle bir araya gelmek, onu yeniden görmek; ermek | Yokluğu çekilen veya çok istenen bir şeye erişmek, onu elde etmek | Bir yere katılmak | Bir araya gelmek | Güneş batmak | Varmak, ulaşmak",,
kavuşturabilmek,Kavuşturma ihtimali veya imkânı bulunmak | Kavuşturmaya gücü yetmek,,
kavuşturmak,Kavuşmasını veya kavuşmalarını sağlamak,,
kavuşulmak,Bir araya gelinmek,,
kavuşuvermek,Ansızın veya çabucak kavuşmak,,kavuşu'vermek
kavzamak,"Sıkı tutmak | Bir şeyi korumak, muhafaza etmek",,
kayabilmek,Kayma ihtimali veya imkânı bulunmak | Kayma becerisi bulunmak,,
kayalaşmak,Kaya durumuna gelmek | Donup kalmak,,
kayarlamak,"Hayvanın eskiyen nallarını onarmak, eskiyen nalın çivilerini yenilemek | Düven taşlarını yeniden koymak veya onarmak",,
kaybedebilmek,Kaybetme ihtimali veya imkânı bulunmak,Arapça ġayb + Türkçe edebilmek,ka'ybedebilmek
kaybedilmek,Kaybetme işi yapılmak,,ka'ybedilmek
kaybedivermek,Çabucak veya ansızın kaybetmek,Arapça ġayb + Türkçe edivermek,kaybedi'vermek
kaybetmek,"Bir işte, bir uğraşta başarısızlığa uğramak; yenilmek (II)",Arapça ġayb + Türkçe etmek,ka'ybetmek
kaybettirmek,Kaybetme işini yaptırmak,,
kaybolabilmek,Kaybolma ihtimali veya imkânı bulunmak,Arapça ġayb + Türkçe olabilmek,
kaybolmak,"Görünür olmaktan çıkmak, görünmez olmak",Arapça ġayb + Türkçe olmak,ka'ybolmak
kayboluvermek,Çabucak kaybolmak,Arapça ġayb + Türkçe oluvermek,
kaydedebilmek,Kaydetme ihtimali veya imkânı bulunmak,Arapça ḳayd + Türkçe edebilmek,ka'ydedebilmek
kaydedilebilmek,Kaydedilme ihtimali veya imkânı bulunmak,Arapça ḳayd + Türkçe edilebilmek,
kaydedilmek,Kaydetme işi yapılmak; yazılmak,,ka'ydedilmek
kaydetmek,"Bazı önemli noktaları belirleyip yazmak | Herhangi bir şeyi bir yere mal etmek, bir şeyin tarih, numara veya adını bir deftere geçirmek; yazmak (I) | Hatırlamak için yazmak; not etmek | Bir şeyi belirtmek, söylemek | Sesi veya resmi manyetik bant üzerine geçirmek | Olumlu sonuç almak | Sıcaklık, basınç gibi bir niceliğin değişkenliğini tespit etmek [fizik] | Program, veri, görüntü veya filmi bilgisayarın kalıcı belleğine yazmak [bilişim]",Arapça ḳayd + Türkçe etmek,ka'ydetmek
kaydettirebilmek,Kaydettirme ihtimali veya imkânı bulunmak,Arapça ḳayd + Türkçe ettirebilmek,ka'ydettirebilmek
kaydettirmek,Kaydetme işini yaptırmak; yazdırmak,,ka'ydettirmek
kaydırabilmek,Kaydırma ihtimali veya imkânı bulunmak | Kaydırmaya gücü yetmek | Kaydırma becerisi bulunmak,,
kaydırılmak,"Kayması sağlanmak, kaymasına yol açılmak",,
kaydırmak,"Kaymasını sağlamak, kaymasına yol açmak",,
kaydırtmak,"Kaymasını sağlatmak, kaymasına sebep olmak",,
kaygılanabilmek,"Kaygılanma ihtimali bulunmak; tasalanabilmek, endişelenebilmek",,
kaygılandırmak,"Kaygılanmasına sebep olmak; tasalandırmak, endişelendirmek, gamlandırmak",,
kaygılanmak,"Üzücü veya kötü bir şey olacak korkusu içinde olmak; tasalanmak, küşümlenmek, endişelenmek, gamlanmak",,
kayırılmak,Kayırma işi yapılmak,,
kayırmak,"Koruyarak başarısını sağlamak, elinden tutmak; himmet etmek | Birini, başkalarının veya işin zararı pahasına tutmak | Birine haksız yere kolaylıklar sağlamak; iltimas etmek",,
kayırtmak,Kayırma işini yaptırmak,,
kayıtlamak,"Birtakım şartlarla bağlamak, sınırlandırmak; takyit etmek",,
kayıtmak,"Bir şeyi yapmaktan vazgeçmek, bir karardan dönmek",,
kayıtsızlaşmak,İlgisiz kalmak,,
kayıvermek,Ansızın veya kısa sürede kaymak,,kayı'vermek
kaykılmak,"Arkaya doğru eğilerek, yaslanarak oturmak",,
kaykıltmak,"Kaykılmasını sağlamak, kaykılmasına sebep olmak",,
kaymak,"Sütün veya yoğurdun yüzünde zar durumunda ince bir tabaka biçiminde toplanan, açık sarı renkli, koyu yağlı katman; krema | Sütü yayvan kaplar içinde ve hafif ateşte tutarak elde edilen koyu, yağlı öz | Yağmur ve selden sonra toprağın üzerinde kalan özlü tabaka | Bir şeyin en iyi ve seçkin bölümü",,
kaymak,"Düz, ıslak, donmuş veya kaygan bir yüzey üzerinde sürtünerek kolayca yer değiştirmek | Kaygan bir yüzey üzerinde birdenbire dengesini yitirmek | Durum değiştirmek | Anlamı değişmek | Yağışların etkisiyle toprağın alt tabakasının gevşemesi sonucu üst tabaka oynamak | Görüş, düşünce veya tutumunu değiştirmek | Cinsel ilişkide bulunmak",,
kaymaklanmak,"Kaymak bağlamak, kaymak tutmak",,
kaynaklanmak,"Bir yerden veya bir şeyden beslenmek | Kaynağını bir yerden veya bir şeyden almak, bir yere veya bir şeye dayanmak",,
kaynamak,"Bir sıvı, sıcaklığı belli bir dereceyi bulduğunda buhar durumuna geçerek fokurdamak | Yiyecek, içecek fokurdayacak derecedeki suda pişmek, haşlanmak | Yerden çıkmak | Kırık, çatlak kemik veya metal parçalar eski durumunu almak, birbirine yapışmak | Yara kapanmak, iyileşmek | Mayalı bir şey kabarıp köpürmek | Mide ekşimek | Çalkantı durumunda olmak, dalgalanmak | Çok miktarda bulunmak | Gizli bir iş çevirmek, için için hazırlanmak | Gerektiği gibi yapılamamak | Artmak, çoğalmak, yoğunlaşmak | Coşmak, heyecanlanmak | Bir yerde huzursuzluk, tedirginlik olmak | Arada kaybolmak",,
kaynaşabilmek,Kaynaşma ihtimali veya imkânı bulunmak,,
kaynaşmak,"Ayrılmayacak bir biçimde birleşmek | Çok kalabalık ve hareketli olmak, hareket etmek | Birbirine iyice uymak | Uyuşmak, yakın ilişki kurmak, derinleştirmek, iyi anlaşmak | Huzursuzluk çıkmak",,
kaynaştırabilmek,Kaynaştırma ihtimali veya imkânı bulunmak | Kaynaştırma becerisi bulunmak,,
kaynaştırmak,Kaynaşmasını sağlamak,,
kaynatabilmek,Kaynatma ihtimali veya imkânı bulunmak,,
kaynatılmak,Kaynatma işi yapılmak,,
kaynatmak,"Kaynamasını sağlamak | Kaynak yaptırmak | Unutulmasını sağlamak | Belli etmeden almak | Konuşmak, sohbet etmek",,
kaynayıvermek,Çabucak kaynamak,,kaynayı'vermek
kaypaklaşmak,Kaypak bir duruma gelmek,,
kayşamak,"Kaya, toprak vb. yerinden koparak aşağıya kaymak [jeoloji]",,
kaytarabilmek,Kaytarma ihtimali veya imkânı bulunmak,,
kaytarmak,"İş yapmaktan kaçmak | Geri çevirmek, iade etmek",,
kazabilmek,Kazma ihtimali veya imkânı bulunmak | Kazmaya gücü yetmek | Kazma becerisi bulunmak,,
kazanabilmek,Kazanma ihtimali veya imkânı bulunmak,,
kazandırabilmek,Kazandırma ihtimali veya imkânı bulunmak,,
kazandırmak,Kazanmasını sağlamak; vermek,,
kazanılmak,Kazanma işi yapılmak,,
kazanmak,"Kazanç sağlamak | Olumlu, iyi bir sonuç elde etmek | Çıkmak, isabet etmek | Edinmek, sahip olmak | Tutulmak, yakalanmak | Kendinden yana çekmek | Ele geçirmek, fethetmek, kazanç sağlamak | Yenmek, galip gelmek",,
kazdırılmak,Kazdırma işine konu olmak,,
kazdırmak,Kazma işini yaptırmak,,
kazdırtmak,Kazdırma işini yaptırmak,,
kazıklamak,"Bir tarla veya arsanın sınırını belirtmek için kazık çakmak | Bir malı, bir kimseye değerinden çok pahalıya satmak, alışverişte aldatmak; oymak | Kazık cezasına çarptırmak",,
kazıklanmak,"Bir malı değerinden çok pahalıya almak, alışverişte aldatılmak; oyulmak | Kazığa oturtulmak",,
kazılmak,Kazma işi yapılmak,,
kazımak,"Bir aleti sürterek bir şeyin yüzündeki tabakayı kaldırmak | Bir araç kullanarak silmek, çıkarmak | Sertçe ovmak | Tıraş etmek | Metal bir yüzey üstüne sert bir araçla şekil çizmek, yazı yazmak | Aslını, kökünü ayrıntılı bir biçimde araştırmak | Vücuttaki yabancı bir cismi hasta, zararlı veya istenmeyen bir organı almak, temizlemek, yok etmek [tıp]",,
kazımamak,"Üstünde durmamak, ilgilenmemek, adam yerine koymamak",,
kazımamak,"üstünde durmamak, ilgilenmemek, adam yerine koymamak",,
kazınmak,"Kendi kendini kazımak | Kazıma işi yapılmak | Derisini kazır gibi kaşımak | Derisi yüzülürcesine tıraş olmak | Her tarafı iyice temizlemek | Varı yoğu, elindeki bütün parası alınmak veya çalınmak",,
kazıtmak,Kazıma işini yaptırmak,,
kazıttırmak,Kazıtma işini yaptırmak,,
kazıyabilmek,Kazıma ihtimali veya imkânı bulunmak | Kazımaya gücü yetmek | Kazıma becerisi bulunmak,,
kazmak,"Herhangi bir araçla toprağı açmak, oymak | Bu yolla çukur, kuyu, yol vb. oluşturmak",,
keçelemek,Bir nesneye keçe geçirmek | Metal bir yüzeyi keçeyle parlatmak,,
keçeleşmek,"Saç, iplik vb.nin telleri birbirinin içine girip karışarak ayrılmaz olmak; keçelenmek | Deri pürüzlü duruma gelmek, keçe gibi olmak | Vücudun bir yeri uyuşup duyarlığı azalmak",,
keçeleştirmek,Keçeleşmesine yol açmak,,
keçileşmek,İnadı tutmak,,
kederlendirmek,"Keder duymasına yol açmak, acı vermek",,
kederlenmek,Kederli olmak; mükedder olmak,,
kefelemek,Atı kefe (II) ile silip tüylerini parlatmak,,
kefenlemek,Ölüye kefen sarmak; tekfin etmek,,
kekelemek,Damak sesleriyle başlayan kelimeleri ve heceleri tekrarlayarak ve keserek konuşmak | Ne söyleyeceğini şaşırıp kelimeleri birbirine karıştırmak; teklemek,,
kekemeleşmek,Kekeme durumuna gelmek,,
kekrelenmek,"Acımtırak, ekşimsi ve buruk bir tat almak | Tadı kaçmak, kötüye doğru gitmek",,
kelepçelemek,Kelepçe takmak,,
kelepçelenmek,Kelepçeleme işi yapılmak,,
kelepçeletmek,Kelepçeleme işini yaptırmak,,
keleplemek,İpi çile yapmak,,
kelimeleşmek,"Kelime durumuna, söz varlığı hâline gelmek, söze dönüşmek",,
kelleşmek,Kel durumuna gelmek,,
kementlemek,Kement geçirmek,,
kemerlemek,Ciltçilikte dikişten sonra kitabın sırtına yuvarlak bir biçim vermek,,
kemikleşmek,"Kemik gibi sert duruma gelmek | Dokusu kemik doku durumuna gelmek | Sert, değişmez bir durum almak",,
kemikleştirmek,Kemiğe dönüştürmek [fizyoloji],,
kemirebilmek,Kemirme ihtimali veya imkânı bulunmak | Kemirme becerisi bulunmak,,
kemirilmek,Kemirme işi yapılmak veya kemirme işine konu olmak,,
kemirmek,Sert bir şeyi dişleriyle azar azar koparmak; yemek (II) | Aşınmasına sebep olmak; yemek (II),,
kenetlemek,Kenetle tutturmak veya kenetle birbirine bağlamak | Birbirine geçirerek bağlamak | Sıkıca birbirinin üzerine kapamak,,
kenetlenebilmek,Kenetlenme ihtimali veya imkânı bulunmak,,
kenetlenmek,"Kenetleme işine konu olmak | İki uzay aracı, birbirine eklenmek | Bir konuda aynı tutum ve davranışı göstermek | Birbiriyle dayanışma içine girmek | Sıkıca birbirinin üzerine kapanmak, birbirine geçerek bağlanmak",,
kepçelemek,"Yere düşmekte olan topu, iki eli kepçe biçimine getirip eğilerek yere değmeden kurtarmak [spor]",,
kepeklenmek,"Başta kepek oluşmak | Elma, susuz ve tatsız duruma gelmek",,
kepmek,"Çökmek, yıkılmak",,
keratinleşmek,Protoplazma proteinler keratin durumuna dönüşmek,,
kerkinmek,Taşıtlarda kalabalıktan yararlanarak başkalarına sürtünmek; sarkıntılık etmek,,
kerpiçleşmek,Çok sert ve kuru bir duruma gelmek | İyice yerleşmek,,
kerterizlemek,Kerteriz almak | Amaç olarak belirlemek,,
kertmek,Sertçe sürtünmek,,
kesatlaşmak,"İşlerde, satışlarda azalmak",,
kesbetmek,"Bir şeyi kazanmak, elde etmek",Arapça kesb + Türkçe etmek,ke'sbetmek
kesebilmek,Kesme ihtimali veya imkânı bulunmak | Kesmeyi becermek,,
keseklenmek,"Toprak, parça parça olmak",,
keselemek,Kir çıkarmak için vücudu kese ile ovmak,,
keselenmek,Keseleme işi yapılmak | Kendini keselemek,,
keseletmek,Keseleme işini yaptırmak,,
kesikleşmek,"Ses vb. kesik kesik gelmek, arada bir kesilmek",,
kesilebilmek,Kesilme ihtimali veya imkânı bulunmak,,
kesilivermek,Ansızın kesilmek,,kesili'vermek
kesilmek,"Kesme işi yapılmak; katolunmak | Bitkin duruma gelmek, gücü, takati kalmamak, çok yorulmak | Gibi olmak, benzemek, dönmek | Süt, ayran vb. bozulmak, ekşimek | Sona ermek | Akmamak | Akım gelmez olmak | Kendinden önceki kelimeyi ""olmak"" anlamıyla pekiştiren bir fiil | Son veya aralık verilmek | Kendini herhangi bir şey gibi göstermek | Tutulmak, kapatılmak | Yoksun kalmak | Sünnet olmak | Çok beğenmek, çok hoşlanmak",,
kesinlemek,Bir şeyi kesinleştirmek,,
kesinleşmek,Kesin bir durum almak; katileşmek | Değişme olanağı olmadan yürürlüğe girmek [hukuk],,
kesinleştirebilmek,Kesinleştirme ihtimali veya imkânı bulunmak,,
kesinleştirmek,Kesin bir duruma getirmek,,
kesinmek,Kesme işi yapılmak,,
kesişebilmek,Kesişme ihtimali veya imkânı bulunmak,,
kesişivermek,Aniden kesişmek,,kesişi'vermek
kesişmek,"Birbirini kesmek | Pazarlıkta, herhangi bir fiyatta anlaşmak | Erkek ve kadın, bakışlarla anlaşmak | Bir nokta veya çizgi üzerinde birbirine kavuşmak [matematik]",,
kesiştirmek,Kesişme işini yaptırmak,,
kesivermek,Ansızın kesmek,,kesi'vermek
keskenmek,El ile veya başka bir şeyle vuracak gibi yapmak,,
keskinleşmek,Keskin duruma gelmek,,
keskinleştirmek,Keskin duruma getirmek,,
keskinletmek,Keskin duruma getirmek,,
kesmek,"Bıçak, makas vb. bir araçla bir şeyi ikiye ayırmak, parçalamak; katetmek | Dibinden ayırmak | Düzgün parçalara ayırmak | Kesici bir araçla yaralamak | Ucunu almak | Hayvanın başını gövdesinden ayırmak; boğazlamak | Son vermek, gidermek | Ara vermek | Bir şeyden yoksun bırakmak, vermemek | Akımı durdurmak | Belirtmek, kararlaştırmak | Verilecek şeyin bir bölümünü alıkoyup vermemek | Para basmak | Azaltmak, güçleştirmek | İskambil kâğıtlarında destenin üzerinden bir bölümünü kaldırıp öte yana koymak | Geçişi önlemek | Hasta organı ameliyatla almak | Bölmek, ayırmak | Yazıyı, filmi kısaltmak | Söylenen şeye bürünmek | Uydurmak, yalan söylemek | Rüzgâr, soğuk vb. çok etkili olmak | Birini yermek, kötülemek | Karşı cinsten birisini sürekli olarak süzmek, dikkatli bir biçimde bakmak | Vahşice öldürmek | Oyuncuyu takım kadrosuna almamak [spor]",,
kestirebilmek,Kestirme ihtimali veya imkânı bulunmak,,
kestirilmek,Kestirme işi yapılmak,,
kestirivermek,Çabucak veya kısa sürede kestirmek,,kestiri'vermek
kestirmek,"Kesme işini yaptırmak | Akıl yolu ile gerçeğe yakın bir yargıya varmak; biçmek, tahmin etmek | Kesilmesini sağlamak, kesilmesine yol açmak | Karar vermek | Kısa bir süre uyumak; şekerleme yapmak | Anlamak, farkına varmak",,
kestirtmek,Kestirme işini yaptırmak,,
keşfedebilmek,Keşfetme ihtimali veya imkânı bulunmak,Arapça keşf + Türkçe edebilmek,ke'şfedebilmek
keşfedilmek,Keşfetme işi yapılmak,,ke'şfedilmek
keşfedivermek,Çabucak keşfetmek,Arapça keşf + Türkçe edivermek,ke'şfedivermek
keşfetmek,"Var olmasına rağmen kimsenin görmediği, bilmediği bir yeri veya bir şeyi ortaya çıkarmak; bulmak",Arapça keşf + Türkçe etmek,ke'şfetmek
keşfettirmek,Keşfetmesini sağlamak,,ke'şfettirmek
keşikleşmek,Keşikle çalışmak,,
keşlemek,"Aldırış etmemek, önem vermemek, ciddiye almamak",,
keyfetmek,Hoş ve eğlenceli vakit geçirmek,Arapça keyf + Türkçe etmek,ke'yfetmek
keyiflendirmek,Keyiflenme işini yaptırmak,,
keyiflenmek,Keyifli duruma gelmek,,
kığılamak,"Koyun, keçi, deve pislemek",,
kıkırdamak,"""Kıkır kıkır"" diye ses çıkararak gülmek | Donacak kadar üşümek | Soğuktan donmak",,
kıkırdatmak,Kıkırdamasına sebep olmak,,
kılabilmek,Kılma ihtimali veya imkânı bulunmak,,
kılağılamak,Yeni bilenmiş kesici araçların üzerindeki kalıntıları kayışa veya bileği taşına sürerek yok etmek; zağlamak,,
kılavuzlamak,Kılavuzluk etmek,,
kıldırabilmek,Kıldırma ihtimali veya imkânı bulunmak,,
kıldırmak,Kılma işini yaptırmak | Namaz kılınmasını sağlamak,,
kıldırtmak,Kıldırma işini yaptırmak | Namaz kılma işini yaptırmak,,
kılıbıklaşmak,Kılıbık duruma gelmek,,
kılıçlamak,"Kılıçla çok sayıda insanı topluca öldürmek, kılıçtan geçirmek",,
kılıçlaşmak,Kılıçla dövüşmek,,
kılıflamak,"Kılıf geçirmek, kılıfa koymak",,
kılıksızlaşmak,Kılıksız duruma gelmek,,
kılınabilmek,Kılınma ihtimali veya imkânı bulunmak,,
kılınmak,Kılma işi yapılmak,,
kılıvermek,Çabucak kılmak,,kılı'vermek
kıllanmak,"Kılları çıkmak | Bıyığı, sakalı çıkmak | Şüphe etmek",,
kılmak,"Etmek, yapmak",,
kımıldamak,"Olduğu yerde kendi kendine hareket etmek; kımıldanmak, kıpırdamak, kıpırdanmak, kıpramak | Harekete geçmek, kalkmaya davranmak",,
kımıldatabilmek,Kımıldatma ihtimali veya imkânı bulunmak | Kımıldatmaya gücü yetmek,,
kımıldatmak,"Bir şeyi yerinden hafifçe hareket ettirmek, oynatmak; kıpırdatmak",,
kımıldayabilmek,Kımıldama ihtimali veya imkânı bulunmak | Kımıldamaya gücü yetmek,,
kımlanmak,Kuş uçmaya hazırlanmak | Kalkacakmış gibi kıpırdamak,,
kınalamak,"Kına koymak, kına ile boyamak",,
kınalanmak,"Kına konulmak, kına yakılmak | Kına ile boyanmak",,
kınamak,Yapılan bir işin kötü olduğunu belirtir bir biçimde söz söylemek; takbih etmek,,
kınanmak,Kınama işi yapılmak,,
kınayabilmek,Kınama ihtimali veya imkânı bulunmak,,
kınlamak,Bir şeye kın yapmak | Bir şeyi kınına geçirmek,,
kıpırdaşmak,Birlikte kıpır kıpır hareket etmek,,
kıpırdatabilmek,Kıpırdatma ihtimali veya imkânı bulunmak | Kıpırdatmaya gücü yetmek,,
kıpırdayabilmek,Kıpırdama ihtimali veya imkânı bulunmak | Kıpırdamaya gücü yetmek,,
kıpıştırmak,Göz kapaklarını üst üste birçok kez açıp kapamak,,
kıpmak,Göz kapaklarını çabucak açıp kapamak; kırpmak,,
kırabilmek,Kırma ihtimali veya imkânı bulunmak | Kırmaya gücü yetmek,,
kıraçlaşmak,Kıraç duruma gelmek,,
kırbaçlamak,"Kırbaçla vurmak | Canlandırmak, destek vermek, harekete geçirmek",,
kırbaçlanmak,Kırbaçla dövülmek,,
kırbaçlatmak,Kırbaçlama işini yaptırmak,,
kırçıllanmak,Kırçıl duruma gelmek,,
kırçıllaşmak,Kırçıl duruma gelmek,,
kırdırabilmek,Kırdırma ihtimali veya imkânı bulunmak | Kırdırmaya gücü yetmek,,
kırdırmak,Kırma işini yaptırmak,,
kırdırtmak,"Kırdırma işini yaptırmak | Düşük fiyat verdirtmek | Ticari bir senedi, süresi gelmeden düşük fiyatla birine devretmek veya satmak [ticaret]",,
kırıcılaşmak,Kırıcı duruma gelmek,,
kırıklamak,Kırık duruma getirmek,,
kırılıvermek,Aniden kırılmak,,kırılı'vermek
kırılmak,"Kırma işine konu olmak, bir veya birçok parçaya ayrılmak | Bükülerek kat yeri oluşturmak | Kendini hasta veya yorgun, bitkin hissetmek | Savaş, bulaşıcı hastalık sebebiyle çok sayıda insan ölmek | Soğuk, rüzgâr vb. eski gücü kalmamak, azalmak, yatışmak | Cesaret, umut, onur azalmak, yok olmak | Ağaç, dal üzerinde meyve, çiçek, yaprak çok olmak | Saydam bir ortamdan başka bir saydam ortama geçen bir ışın, doğrultu değiştirmek [fizik]",,
kırınmak,"Yürürken salınmak | Oynamak, raks etmek",,
kırışmak,"Bir yüzeyin düzgünlüğü bozulmak, kırışık oluşmak | Karşılıklı kırmak | Pazarlık etmek | Bahse tutuşmak | Bir şeyi eşit olarak paylaşmak",,
kırıştırmak,Kırışmasına sebep olmak | Karşı cinsten biriyle yakın ilişkide bulunmak,,
kırıtmak,"Üzerine ilgi çekmek, hoşa gitmek için hareketlerine veya yürüyüşüne cilveli bir hâl katmak",,
kırıvermek,Çabucak kırmak,,kırı'vermek
kırkabilmek,Kırkma ihtimali veya imkânı bulunmak | Kırkma becerisi bulunmak,,
kırkılmak,Kırkma işi yapılmak,,
kırklamak,"Lohusa veya yeni doğmuş bebek için kırk günü doldurmak | Bir şeyi kırk defa yapmak ve özellikle birçok defa sudan geçirmek, çok yıkamak | Doğumdan kırk gün sonra bebeği törenle yıkamak",,
kırklanmak,Kırklama işi yapılmak,,
kırkmak,"Bir şeyi uçlarından kesmek | Saç, sakal veya tüyü kesmek | Koyun, keçi vb. hayvanların tüylerini kesmek",,
kırktırmak,Kırkma işini yaptırmak,,
kırlaşmak,Rengi kır olmak,,
kırlaşmak,Kırsal duruma gelmek,,
kırmak,"Sert şeyleri vurarak veya ezerek parçalamak | İri parçalara ayırmak | Belirli bir biçimde katlamak | Öldürmek, yok olmasına neden olmak | Tavlada karşı oyuncunun pulunu oyun dışında bırakmak | Vücut kemiklerinden birini parçalamak | Tahılı iri ve kaba öğütmek | Hareket durumundaki canlının veya taşıtın yönünü değiştirmek, çevirmek, döndürmek | Dileğini kabul etmeyerek veya beklenmeyen bir davranış karşısında bırakarak gücendirmek; yaralamak | Yok etmek | Gücünü, etkisini azaltmak | Kaçmak, uzaklaşmak | Değerinden düşük fiyata almak [ticaret]",,
kırmızılaşmak,Kırmızı bir renk almak,,
kırmızılaştırmak,Kırmızılaşma işini yaptırmak,,
kırpabilmek,Kırpma ihtimali veya imkânı bulunmak | Kırpma becerisi bulunmak,,
kırpılmak,Kırpma işi yapılmak,,
kırpışmak,Göz kapakları çok ışıktan sık sık kırpılmak | Işık yanıp söner gibi olmak,,
kırpıştırmak,"Göz kapaklarını çabuk çabuk açıp kapamak, kırpıp durmak",,
kırpmak,"Parçalara ayırmak, kesmek | Göz kapaklarını açıp kapamak; kıpmak | Kesinti yapmak, tutumlu davranmak",,
kırptırmak,Kırpma işini yaptırmak,,
kırtıpilleşmek,Kırtıpil durumunda olmak,,
kısabilmek,Kısma ihtimali veya imkânı bulunmak | Kısma becerisi bulunmak,,
kısalmak,Kısa duruma gelmek | Süresi azalmak,,
kısaltabilmek,Kısaltma ihtimali veya imkânı bulunmak | Kısaltma becerisi bulunmak,,
kısaltılmak,Kısa duruma getirilmek,,
kısaltmak,"Kısa duruma getirmek, kısalmasını sağlamak; almak, kasmak | Kısa gibi göstermek",,
kısalttırmak,Kısaltma işini yaptırmak,,
kısılmak,"Hacmi, niceliği azalmak | Hafifçe kapanmak | Kaçıp kurtulma yolu kalmamak",,
kısımlamak,Tek elle avuçlamak,,
kısınmak,Kendi gereksinimlerini karşılamakta tutumlu davranmak,,
kısırganmak,Esirgeyip bir şeyi vermekten çekinmek | Çeşitli etkenler yüzünden vermekten vazgeçmek,,
kısırlaşmak,Kısır duruma gelmek,,
kısırlaştırmak,Üreme organlarını ameliyatla döl veremez duruma getirmek,,
kısıtlamak,"Önceden verilmiş olan hak ve hürriyetlerin sınırlarını daraltmak | Sınırlamak, daraltmak | Birini yasal yoldan mallarını kullanmaktan yoksun bırakmak; kısıt altına almak, hacir altına almak [hukuk]",,
kısıtlanmak,Kısıtlama işi yapılmak,,
kısıtlayabilmek,Kısıtlama ihtimali veya imkânı bulunmak | Kısıtlamaya gücü yetmek,,
kısıvermek,Çabucak kısmak,,kısı'vermek
kıskaçlamak,Bir şeyi tutup kısaçla sıkmak; kısaçlamak,,
kıskanabilmek,Kıskanma ihtimali veya imkânı bulunmak,,
kıskandırabilmek,Kıskandırma ihtimali veya imkânı bulunmak,,
kıskandırmak,Kıskanmasına yol açmak,,
kıskanılmak,Kıskanma işi yapılmak veya kıskanma işine konu olmak; günülenmek,,
kıskanmak,"Sevgide veya kendisiyle ilişkili şeylerde bir başkasının ortaklığına, üstün durumda görünmesine dayanamamak | Herhangi bir bakımdan kendinden üstün gördüğü birinin bu üstünlüğünden acı duymak; çekememek, günülemek, hasetlenmek, haset etmek | Esirgemek, çok görmek | Bir şeye, en küçük saygısızlık gösterilmesine bile dayanamamak | Yerinde olmayı istemek, imrenmek",,
kısmak,"Sesi azaltmak, alçaltmak | Gözü biraz kapamak; büzmek | Dar duruma getirmek | Lamba ışığı, ocak alevi vb.ni azaltmak | Masraf, harcama vb.ni azaltmak | Verilen hak ve özgürlüklerin sınırını daraltmak | Pintilik etmek",,
kıstırabilmek,Kıstırma imkân veya ihtimali bulunmak,,
kıstırılmak,Kıstırma işi yapılmak,,
kıstırmak,İki şey arasında bırakarak sıkıştırmak; kısmak | Kaçamayacak bir duruma getirmek; sıkıştırmak,,
kışkırtabilmek,Kışkırtma ihtimali veya imkânı bulunmak,,
kışkırtılmak,Kışkırtma işi yapılmak,,
kışkırtmak,Bir kimseyi kötü bir iş yapması için harekete geçirmek; tahrik etmek | Kümes hayvanlarını ürkütüp kaçırmak,,
kışkışlamak,"Genellikle kümes hayvanlarını ""kış kış"" diye kovalamak",,
kışlamak,Kış olmak | Kışı bir yerde geçirmek,,
kışlamak,Kuş ve kümes hayvanlarını ürkütmek,,
kışlatmak,Kışı bir yerde geçirtmek | Musallat etmek,,
kıtıklamak,Kıtıkla doldurmak,,
kıtırdamak,"""Kıtır"" diye ses çıkmak",,
kıtırdatmak,"""Kıtır"" diye gevrek ses çıkartmak",,
kıtlamak,"Çayı içine şeker atmadan, şekeri küçük parçalar hâlinde dişle kırıp ağza alarak içmek",,
kıtlaşmak,"İhtiyacı karşılayamamak, kıt duruma gelmek",,
kıvamlanmak,"Sıvılar kıvamına gelmek; koyulaşmak | Olgunlaşmak, uygun duruma gelmek",,
kıvamlaştırmak,Bir maddeyi sıvıdan ayırarak kıvamlı duruma getirmek [kimya],,
kıvandırmak,Kıvanma işini yaptırmak,,
kıvanmak,Övünülecek bir olaydan dolayı sevinmek; memnun olmak,,
kıvılcımlanmak,"Kıvılcım saçarak yanmak, kıvılcımlı duruma gelmek",,
kıvırabilmek,Kıvırma ihtimali veya imkânı bulunmak | Kıvırma becerisi bulunmak,,
kıvırcıklaşmak,Kıvırcık duruma gelmek,,
kıvırcıklaştırmak,Kıvırcıklaşma işini yaptırmak,,
kıvırmak,"Herhangi bir şeyi bükmek | Kenarından katlamak | Bir giysinin veya kumaşın kenarını bükerek tersinden dikmek | Kalçalarını iki yana sallayarak oynamak veya yürümek | Uydurup söylemek | Saptırmak, çevirmek | Yapmak istememek, yan çizmek | Başarmak, başa çıkmak, becermek, hakkından gelmek",,
kıvırtmak,Kıvırma işini yaptırmak,,
kıvraklaşmak,Kıvrak duruma gelmek,,
kıvramak,"Buruşup toplanmak, kıvırcık duruma gelmek | Hızlı yürümek | Harekete geçmek",,
kıvrandırmak,"Kıvranmasına neden olmak | Çok üzmek, acı çektirmek",,
kıvranmak,"Ağrı, sancı gibi bedensel veya korku, heyecan gibi ruhsal nedenlerle vücut eğilip bükülmek | Acı çekmek, üzülmek | Bir şeye çok gereksinim duymak",,
kıvratmak,İpi katladıktan sonra iyice bükmek veya tel gibi şeyleri burmak,,
kıvrılabilmek,Kıvrılma ihtimali veya imkânı bulunmak,,
kıvrılıvermek,Ansızın veya çabucak kıvrılmak,,kıvrılı'vermek
kıvrılmak,"Eğrilip bükülmek | Kıvrık bir duruma gelmek | Yuvarlak bir biçim almak | Dar bir yere büzülerek yatmak | Dönmek, sapmak | Katlanmak, bükülmek | Yol dönemeçli, virajlı olmak",,
kıvrımlanmak,Kıvrımlı duruma gelmek,,
kıyabilmek,Kıyma ihtimali veya imkânı bulunmak,,
kıyaklaşmak,Kıyak duruma gelmek,,
kıyaslamak,"Bir şeyi başka bir şeye benzeterek değerlendirmek, hakkında hüküm vermek",,
kıyaslanmak,Kıyaslama işi yapılmak; karşılaştırılmak,,
kıydırmak,Kıyma işini yaptırmak,,
kıyılamak,Kıyı boyunca gitmek,,
kıyılmak,Kıyma işi yapılmak,,
kıyınmak,Ezilmiş veya kırılmış gibi bir duygu duymak,,
kıyışmak,"Karşılıklı sözleşmek, anlaşıp karar vermek | Biriyle yarışmaya kalkmak | Yüreklilik göstermek, cesaret etmek",,
kıymak,"Çok ince ve küçük parçalar biçiminde doğramak | Acımadan vermek, esirgememek, feda etmek | Acımayıp öldürmek | Acımayarak büyük bir kötülük etmek, zulmetmek",,
kızabilmek,Kızma ihtimali veya imkânı bulunmak,,
kızaklamak,Taşıt frene basıldığı hâlde duramayıp kaymak; kızak yapmak,,
kızarmak,"Kırmızı veya ona yakın bir renk almak; alarmak | Bazı sebze ve meyveler olgunlaşmaya başlamak | Utanç, öfke vb. duyguların etkisiyle, kanın yüze hücumu sonucu yüz kırmızı bir renk almak | Yiyecekler tavada kızgın yağ içinde veya ateşte kırmızılaşarak pişmek",,
kızartabilmek,Kızartma ihtimali veya imkânı bulunmak,,
kızartılmak,Kızartma işi yapılmak,,
kızartmak,Kızarmasına neden olmak | Kızgın yağda pişirmek,,
kızdırabilmek,Kızdırma ihtimali veya imkânı bulunmak | Kızdırma becerisi bulunmak,,
kızdırılabilmek,Kızdırılma ihtimali veya imkânı bulunmak,,
kızdırılmak,Kızdırma işine konu olmak veya kızdırma işi yapılmak,,
kızdırmak,"Kızmasına neden olmak, kızmasını sağlamak | Bir yeri ısıtmak",,
kızgınlaşmak,Kızgın duruma gelmek,,
Kızılırmak,Çankırı iline bağlı ilçelerden biri,,kızı'lırmağı
kızıllaşmak,Kızıl duruma gelmek,,
kızılmak,"Kızma işi yapılmak, kızgın, öfkeli duruma gelmek",,
kızışmak,"Yüksek bir dereceyi bulmak, çok ısınmak | Bitkiler, ıslaklık ve mikropların etkisi altında çürürken ısınmak | Hayvan, eş isteme zamanı gelmek; kösnülmek | Zorlu, sert, kızışık bir durum almak | Bir şey hızlanmak, hareketlenmek",,
kızıştırmak,"Kızışmasını sağlamak | İsteklendirmek, gayret vermek",,
kızmak,"Isıtılan veya ısınan bir nesnenin sıcaklığı çok artmak | At, eşek vb. hayvanlar çiftleşmek istemek, kösnümek | Dişi kuşlar zamanı gelip kuluçkaya yatma isteği göstermek",,
kibarlaşmak,"Kibar duruma gelmek, kibarlık kazanmak",,
kibarlaştırmak,Kibarlaşma işini yaptırmak,,
kibirlenmek,Kendini üstün görmek,,
kifaflanmak,"Elde ne varsa onunla, çok az yiyecekle karın doyurmak, çok az şeyle yetinmek | Çok az şeyle yetinmek",,
kilitlemek,"Anahtarla kilidi kapamak | Bir nesne veya bir kimseyi kilitli bir yere kapamak | Karşılıklı çıkıntı ve girintileri olan şeyleri birbirine geçirmek, kenetlemek | Sıkıca tutmak",,
kilitlenmek,"Kilitleme işi yapılmak | Çalışmaz hâle gelmek [teknik] | Fiziksel, ruhsal vb. nedenlerle hareket edemez, kıpırdayamaz duruma gelmek",,
kilitletmek,Kilitlenmesini sağlamak,,
kilitleyebilmek,Kilitleme ihtimali veya imkânı bulunmak,,
killemek,Kirli çamaşırları kil kullanarak tokaçla yıkamak,,
kimliklileştirmek,Kimlikli duruma getirmek,,
kimliksizleştirmek,Kimliksiz duruma getirmek,,
kinlenmek,"Öç almak istemek, kin tutmak",,
kiralamak,Kiraya vermek | Kira ile tutmak | Birini belli bir ücretle belirli bir süre çalıştırmak,,
kiralanmak,Kiraya verilmek | Kira ile tutulmak,,
kiralatmak,Kiralama işini yaptırmak,,
kiralayabilmek,Kiralama ihtimali veya imkânı bulunmak,,
kireçlemek,Kireç katmak veya kireç sürmek | Kireç kullanarak badana yapmak,,
kireçlenmek,"Kireç dökülmek veya saçılmak | Kireç sürülmek | Kireç bulaşmak | Organik dokularda, dokunun görevine engel olacak derecede kalsiyum tuzları birikmek | Bitkilerin hücre zarlarında kalsiyum karbonat, kalsiyum oksalat vb. kalsiyum tuzları toplanmak [bitki bilimi]",,
kireçleşmek,Kireç durumuna gelmek,,
kireçsilemek,Isı yardımıyla kirece çevirmek [kimya] | Yüksek ısı ile kurutmak,,
kireçsizleştirmek,Kireçsiz duruma getirmek,,
kirişlemek,Kirişi çekip germek | Kiriş olarak kullanılan keresteyi döşemek,,
kirizmalamak,Kirizma yapmak,,
kirlenmek,Kirli duruma gelmek; batmak | Kadının ırzına geçilmek | Onuru lekelenmek,,
kirletebilmek,Kirletme ihtimali veya imkânı bulunmak,,
kirletilebilmek,Kirletilme ihtimali veya imkânı bulunmak,,
kirletmek,Kirli duruma getirmek | Küçük veya büyük abdestini yapmak; pislemek,,
kistleşmek,Yabancı bir cisim veya patolojik bir urun çevresinde katılgan doku sertleşmek [tıp],,
kişileşmek,Kişilik kazanmak,,
kişileştirmek,Kişileştirme işini yapmak,,
kişiselleştirebilmek,Kişiselleştirme ihtimali veya imkânı bulunmak,,
kişiselleştirmek,"Kişiye özel duruma getirmek | Bilişim teknolojisinde kullanılan araçları kişiye özgü duruma getirmek | Bir kişiye mal etmek, bağlamak | Söz edilen konudan uzaklaşarak olumsuz yönleriyle kişiler üzerinde durmak",,
kişnemek,At bağırır gibi yüksek ses çıkarmak,,
kişnetmek,Kişneme işini yaptırmak,,
kişneyebilmek,Kişneme ihtimali veya imkânı bulunmak,,
kitaplaşmak,Kitap durumuna gelmek,,
kitaplaştırabilmek,Kitaplaştırma ihtimali ve imkânı bulunmak,,
kitaplaştırmak,"Kitap durumuna getirmek, kitap olarak yayımlamak",,
klasikleşmek,"Herhangi bir sanat, sanatçı, eser klasik duruma gelmek, zamana karşı değerini yitirmemek | Alışılmış durumda kalmak, bir yenilik, özellik getirmemek",,
klasikleştirmek,Klasik duruma getirmek,,
klişeleşmek,Klişe durumuna gelmek; kalıplaşmak,,
klorlamak,"Mikroplardan arındırmak amacıyla suya düşük oranda klor katmak [kimya] | Özellikle yünlü kumaşlara, ipliklere parlaklık vermek için klor gazına tutmak | Savaşta insanlara, hayvanlara ve bitkilere zararlı olması, öldürmesi için klor püskürtmek",,
klorlanmak,Klorlama işi yapılmak,,
klorürlendirmek,"Klorla birleştirmek, klorüre dönüştürmek [kimya]",,
klorürleştirmek,"Bir organik moleküle, hidroksil (OH) grubu yerine klorür (Cl) getirmek [kimya]",,
kocaltmak,Kocamasına yol açmak; kocatmak,,
kocamanlaşmak,Kocaman duruma gelmek,,
kocamanlaştırmak,Kocaman duruma getirmek,,
koçlanmak,Gelişerek koç durumuna gelmek | Koç gibi sert ve atak duruma gelmek,,
koçsamak,Dişi koyun koç istemek,,
kodlamak,Bir kelimeyi önceden belirlenmiş simgeler dizisine göre ifade etmek | Kod adı vermek,,
kodlanmak,Kodlamak işi yapılmak,,
kodlatmak,Kodlama işini yaptırmak,,
kodlayabilmek,Kodlama ihtimali veya imkânı bulunmak,,
koflaşmak,"Kof, değersiz bir duruma gelmek",,
kokabilmek,Kokma ihtimali veya imkânı bulunmak,,
koklamak,"Kokusunu duymak için bir şeyi burnuna yaklaştırmak veya bir yerin havasını içine çekmek | Çok az kullanmak, çok azıyla yetinmek",,
koklaşmak,"Birbirini koklamak | Anlaşmak, birbirini sevmek",,
koklaştırmak,Koklaşma işini yaptırmak,,
koklatabilmek,Koklatma ihtimali veya imkânı bulunmak,,
koklatılmak,Koklama işine konu olmak,,
koklatmak,"Koklama işini yaptırmak | Yararlandırmak, biraz vermek",,
koklatmamak,herhangi bir şeyi başkasıyla hiçbir şekilde paylaşmamak,,
koklayabilmek,Koklama ihtimali veya imkânı bulunmak,,
kokmak,"Koku çıkarmak | Olacağıyla ilgili belirtiler göstermek, olacağı hissedilmek | Kokusu gelmek",,
kokorozlanmak,"Göz korkutmak, meydan okumak",,
kokozlanmak,"Parasını tüketmek, parasız kalmak",,
kokulandırmak,Özel bir koku kazandırmak,,
kokulanmak,Koku sürünmek,,
kokuşmak,"Çürüyüp bozularak kötü bir koku çıkarmak; kokmak, sasımak, taaffün etmek | Kişi, toplum vb. bozularak özelliğini yitirmek; tefessüh etmek",,
kokuşturmak,Kokuşmasına sebep olmak,,
kokutmak,"Hoş olmayan bir koku bırakmak | Bozulup kokmasına neden olmak, kokuşturmak | Bir işi uzatarak çıkmaza sokmak",,
kolajlamak,Kesip yapıştırarak nesneleri bir araya getirmek,,
kolajlanmak,Kolajlamak işi yapılmak,,
kolalamak,"Gömlek, örtü vb. şeyleri, sert ve parlak olması için kolalı suya batırıp ütülemek",,
kolalanmak,Kolalama işi yapılmak veya kolalama işine konu olmak,,
kolalatmak,Kolalama işini yaptırmak,,
kolaylamak,"Bir işi bitirmek üzere olmak, bir işin sonuna yaklaşmak",,
kolaylanmak,"Bir iş sonuna yaklaşmak, bitmek üzere olmak",,
kolaylaşmak,Kolay duruma gelmek; hafifleşmek | Engel ve güçlükler ortadan kalkmak,,
kolaylaştırılmak,Kolaylaştırma işini yaptırılmak,,
kolaylaştırmak,"Kolay bir duruma getirmek, güçlükleri ortadan kaldırmak | Bir işi sonuna yaklaştırmak",,
kollamak,"Olmasını, ortaya çıkmasını beklemek, gözetmek | Göz önünde tutmak, gözlemek | Korumak, gözetmek",,
kollanmak,Kollama işine konu olmak veya kollama işi yapılmak,,
kollaşmak,İki kişi bir yükü kaldırabilmek için birbirlerinin kollarını tutmak,,
kollayabilmek,Kollama ihtimali veya imkânı bulunmak,,
kolonyalamak,"Kolonya ile işlem yapmak, kolonya sürmek",,
kolonyalanmak,Kolonya sürmek veya sürünmek,,
koltuklamak,Koltuğu altına almak | Koltuğuna girmek,,
koltuklanmak,Övücü sözlerle koltukları kabartılmak; pohpohlanmak,,
komikleştirmek,Komik duruma getirmek,,
konabilmek,Konma ihtimali veya imkânı bulunmak,,
konaklamak,"Yolculuk sırasında bir yerde durup geçici bir süre yaşamak; inmek, kalmak",,
konaklatmak,Konaklama işini yaptırmak,,
konaklayabilmek,Konaklama ihtimali veya imkânı bulunmak,,
kondurabilmek,Kondurma ihtimali veya imkânı bulunmak,,
kondurmak,"Konma işini yaptırmak | Gelişigüzel takmak, iliştirmek | Birden yapıvermek veya söyleyivermek | Yakıştırmak, haksız yere birtakım eksiklikler isnat etmek, üzerine yormak",,
kondurtmak,Kondurma işini yaptırmak,,
konduruvermek,Ansızın veya çabucak kondurmak,,konduru'vermek
konmak,"Kuş, kelebek, uçak, toz vb. bir yere inmek | Yolculukta geceyi geçirmek için bir yerde kalmak, konuk olmak | Kısa bir süre için bir yere yerleşmek, bir yeri yurt edinmek | Bir şeyi emeksiz edinmek",,
konmak,Koyma işi yapılmak,,
konuklamak,Konuk olmak | Yemeğe çağırmak,,
konulabilmek,Konulma ihtimali veya imkânı bulunmak,,
konulmak,Koyma veya konma işi yapılmak; vazolunmak,,
konuluvermek,Çabucak konmak,,konulu'vermek
konumlandırmak,Bir ürünü veya hizmeti rakiplerinden ayırmak için pazarlama çalışması yapmak,,
konumlanmak,"Yerleşmek, yer almak",,
konuşabilmek,Konuşma ihtimali veya imkânı bulunmak | Konuşma becerisi bulunmak,,
konuşlandırmak,Savaş araç ve gereçlerini stratejik bir bölgede yerleştirmek [askerlik],,
konuşlanmak,Belli bir yere veya bölgeye mevzilenmek [askerlik],,
konuşmak,"Bir dilin kelimeleriyle düşüncesini sözlü olarak anlatmak | Belli bir konudan söz etmek | Bir konuda karşılıklı söz etmek, sohbet etmek | Söylev vermek, konuşma yapmak | Konuşma dili olarak kullanmak | Düşüncesini herhangi bir araç kullanarak anlatmak | İlişki kurmak veya ilişkiyi sürdürmek | Birisiyle flört etmek | Dargın bulunmamak | Oyuncak, hayvan vb. konuşmaya benzeyen birtakım sesler çıkarmak | Gizli bir şeyi açığa vurmak, ele vermek | Becermek, uzman gibi yapabilmek | Geçerli olmak, etkin olmak | Şık ve zarif görünmek",,
konuşturabilmek,Konuşturma ihtimali veya imkânı bulunmak | Konuşturma becerisi bulunmak,,
konuşturmak,"Konuşmasını sağlamak, konuşmasına yol açmak | Bir müzik aletini çok güzel çalmak",,
konuşturtmak,Konuşturma işini yaptırmak,,
konuşulmak,Konuşma işine konu olmak | Konuşma işi yapılmak,,
konuşuvermek,Ansızın konuşmak,,konuşu'vermek
konutlanmak,Konut sahibi olmak,,
konuvermek,Beklenmedik bir anda veya ansızın konmak,,konu'vermek
kooperatifleşmek,Belli bir amaç için kooperatif çatısı altında bir araya gelmek | Kooperatiflerde örgütlenmek,,
kopabilmek,Kopma ihtimali veya imkânı bulunmak,,
koparabilmek,Koparma ihtimali veya imkânı bulunmak | Koparmaya gücü yetmek,,
koparılmak,Koparma işi yapılmak,,
koparıvermek,Ansızın veya çabucak koparmak,,koparı'vermek
koparmak,"Kopmasını sağlamak, kopmasına yol açmak; kapmak | Daldan, ağaçtan alıp toplamak | Birden ve güçlü bir biçimde başlamak veya başlatmak | Zor kullanarak almak | Güçlükle elde etmek | Birlikte koşan yarışçıyı üstün bir çaba ile hızlanıp geçmek [spor]",,
kopartabilmek,Kopartma ihtimali veya imkânı bulunmak | Kopartmaya gücü yetmek,,
kopartılmak,Kopartma işi yapılmak,,
kopartmak,Koparma işini yapmak,,
koparttırmak,Kopartma işini yaptırmak,,
kopçalamak,Kopça ile iliklemek,,
kopçalanmak,Kopça ile iliklenmek,,
kopmak,"Herhangi bir yerinden ikiye ayrılmak | Yerinden ayrılmak | Gövdeden ayrılmak | Gürültülü veya tehlikeli olaylar, birdenbire başlamak veya ortaya çıkmak | Bütün ilişkileri kesilip büsbütün ayrılmak veya uzaklaşmak | Çok ağrımak | Koşmak, hızla gitmek",,
kopuvermek,Ansızın veya çabucak kopmak,,kopu'vermek
kopyalamak,"Aynısını veya benzerini çoğaltmak | Bir programın, verinin, görüntünün veya filmin aynısını çoğaltmak [bilişim] | Geliştirilmiş özel yöntemlerle bir canlının benzerini yapmak; klonlamak [biyoloji]",,
kopyalanmak,Kopyası oluşturulmak,,
kopyalayabilmek,Kopyalama ihtimali veya imkânı bulunmak,,
korkabilmek,Korkma ihtimali bulunmak,,
korkalamak,"Korkar gibi olmak, biraz korkmak",,
korkmak,"Korku duymak, ürkmek, dehşete kapılmak; korkulmak | Kaygı duymak, endişe etmek | Çekinmek, sakınmak, saygı duymak | Yapamamak, cesaret edememek",,
korkulmak,Kaygı duyulmak,,
korkunçlaşmak,"Korkunç bir duruma gelmek, korkunç bir durum almak",,
korkunçlaştırmak,Korkunç bir duruma getirmek,,
korkutabilmek,Korkutma ihtimali veya imkânı bulunmak | Korkutma becerisi bulunmak,,
korkutmak,Korkmasına yol açmak | Kaygıya düşürmek | Gözdağı vermek,,
korlanmak,Kor durumuna gelmek,,
korlaşmak,Kor durumuna gelmek,,
korulanmak,Bir yer koru durumuna gelmek,,
korumak,"Bir kimseyi veya bir şeyi dış etkilerden, tehlikeden, zor bir durumdan uzak tutmak; muhafaza etmek, vikaye etmek, sıyanet etmek | Güçlü bir kimse veya kuruluş, güçsüz birini veya bir şeyi desteklemek; himaye etmek | Tehlikeye karşı savunması altında bulundurmak | Tehlikeli, zararlı durumları önlemek | Bir şeyin eskimesini, yıpranmasını önlemek için gereken dikkat ve özeni göstermek | Süregelen bir durumun değişikliğe uğramasını önlemek | Karşılamak, denk gelmek",,
korunabilmek,Korunma ihtimali veya imkânı bulunmak,,
korunmak,"Kendini korumak, bir yere sığınmak, bir şeyden sakınmak | Koruma işine konu olmak",,
korunulabilmek,Korunulma ihtimali veya imkânı bulunmak,,
korunulmak,Korunma işi yapılmak,,
korutmak,Koruma işini yaptırmak,,
koruyabilmek,Koruma ihtimali veya imkânı bulunmak | Korumaya gücü yetmek | Koruma becerisi bulunmak,,
kostaklanmak,"Zarif, kibar görünmeye çalışmak, çalım satmak, gösteriş yapmak",,
koşabilmek,Koşma ihtimali veya imkânı bulunmak | Koşmaya gücü yetmek | Koşma becerisi bulunmak,,
koşamlamak,İki elle avuçlamak,,
koşmak,"Adım atışlarını artırarak ileri doğru hızla gitmek; seyirtmek | Bir yere ivedilikle gitmek | Bir işle çok ilgilenmek, koşuşturmak | Koşuya çıkmak | Kovalamak, üstüne düşmek, izlemek",,
koşmak,"Birlikte iş görmesi için bir şeyi, bir kimseyi başka birinin yanına katmak, arkadaş olarak vermek | Hayvanı çekeceği arabaya, sabana vb.ne bağlamak | Birini, bir işte görevlendirmek",,
koşturabilmek,Koşturma ihtimali veya imkânı bulunmak | Koşturmaya gücü yetmek | Koşturma becerisi bulunmak,,
koşturmak,"Koşma işini yaptırmak; çapmak | Çok hızlı koşmak | Çabucak göndermek | Çabalamak, uğraşmak",,
koşturtmak,Koşturma işini yaptırmak,,
koşturulmak,Koşma işi yaptırılmak,,
koşullamak,Koşul öne sürmek,,
koşulmak,"Koşmak (II) işi yapılmak | Bir yere sürülmek, gönderilmek | Herhangi biri koşmak (I)",,
koşuşmak,Birlikte ve birden koşmak,,
koşuşturmak,Bir işi izlemek veya birçok işi yapmak amacıyla sürekli olarak gidip gelmek; koşuşmak,,
koşutlaştırmak,Birine koşut duruma getirmek; paralelleştirmek,,
koşuvermek,Ansızın veya çabucak koşmak,,koşu'vermek
kotarabilmek,Kotarma ihtimali veya imkânı bulunmak | Kotarma becerisi bulunmak,,
kotarılmak,Kotarma işi yapılmak,,
kotarmak,"Pişen yemeği başka kaba boşaltmak | Bir işi tamamlamak, bitirmek | Üstesinden gelmek",,
kotlamak,Bir harita veya taslaktaki miktarın kotlarını koymak; numaralamak,,
kovabilmek,Kovma ihtimali veya imkânı bulunmak; defedebilmek,,
kovalamak,"Kaçanın arkasından koşmak, yakalamaya çalışmak | Bir şeyin arkasına düşüp elde etmeye veya bir sonuca bağlamaya çalışmak, izlemek, takip etmek | Yarışta, kaçmakta olan koşucu veya koşucuları yakalamaya çalışmak [spor]",,
kovalanmak,Kovalama işine konu olmak,,
kovalaşmak,Birbirini kovalamak,,
kovalatmak,Kovalama işini yaptırmak,,
kovalayabilmek,Kovalama ihtimali veya imkânı bulunmak,,
kovdurabilmek,Kovdurma ihtimali veya imkânı bulunmak,,
kovdurmak,Kovma işini yaptırmak,,
kovdurtmak,Kovdurma işini yaptırmak,,
kovlamak,Dedikodu etmek,,
kovmak,"Sert veya küçük düşürücü sözlerle gitmesini söylemek; savmak, defetmek, deflemek | Bir yerden sürüp çıkarmak; kovalamak | İşine son vermek, görevinden atmak, uzaklaştırmak; dehlemek | Varlığına son vermek, ortadan kaldırmak",,
kovulmak,"Kovma işine konu olmak veya kovma işi yapılmak; defedilmek, sepetlenmek",,
kovuşturmak,Suçlu olduğu ileri sürülen biri için gerekli araştırma ve soruşturmayı yapmak; takip etmek [hukuk],,
koyabilmek,Koyma ihtimali veya imkânı bulunmak,,
koydurabilmek,Koydurma ihtimali veya imkânı bulunmak,,
koydurmak,Birinin bir şeyi bir yere koymasını sağlamak,,
koydurtmak,Koydurma işini yaptırmak,,
koymak,"Bir şeyi bir yere bırakmak, belli bir yere yerleştirmek | Bir kimseyi işe yerleştirmek, birine iş sağlamak | Gitmesine engel olmamak, gitmesine izin vermek; bırakmak | İmza, tarih, adres yazmak | Uyulması gereken kuralları belirlemek, ortaya çıkarmak; vazetmek | Etkilemek, dokunmak | Bir şey veya kimse için kullanmayı belirlemek, ayırmak | Bırakmak, terk etmek",,
koyulabilmek,Koyulma ihtimali veya imkânı bulunmak,,
koyulaşmak,"Koyu duruma gelmek; koyulmak | Derinleşmek, hararetlenmek, aşırı duruma gelmek",,
koyulaştırabilmek,Koyulaştırma ihtimali veya imkânı bulunmak,,
koyulaştırmak,Koyu duruma getirmek,,
koyulmak,"Koyma işine konu olmak | Bir şeye, bir işe girişmek, başlamak, teşebbüs etmek",,
koyultmak,Koyu duruma getirmek | Bir konuşmayı tat alınır biçimde uzatmak,,
koyuvermek,"Bir yerden bırakmak; koyvermek, salmak | Oluruna bırakmak; koyvermek",,koyu'vermek
köhneleşmek,Köhne duruma gelmek,,
köhnemek,"Geçersiz bir duruma gelmek, çağ dışı kalmak",,
kökenlenmek,"Kökeni olmak, kökene sahip bulunmak",,
kökertmek,"Fide, sebze veya asma çubuğunun ufaklarını köküyle çıkararak başka yere dikmek",,
köklemek,Ağaç veya bitkiyi kökü ile birlikte topraktan çıkarmak; kökertmek | Toprakta kalan bitki köklerini ayıklamak | Bağ çubuklarını veya fidanları köklendirip dikmek | Motorlu araçlarda gaz pedalına sonuna kadar basmak | Cinsel ilişkide erkeklik organını kadının cinsel organına bütünüyle sokmak,,
köklemek,Sazı kurmak,,
köklemek,"Minder, şilte vb.nin iki yüzünü yer yer dikişlerle tutturmak | İnce saç örgülerinden birkaçını yeniden bir arada örmek",,
köklendirmek,"Bir ağacın aşı yerini, aşı filizinin kök salması için toprağa gömmek | Kök vermesini sağlamak",,
köklenmek,"Bitkide kök oluşmak, bitki kök salmak, kök tutmak | Kökünden sökülmek | Köklü, temelli bir biçimde yerleşmek",,
kökleşmek,"Güçlü bir biçimde yerleşmek, yer etmek, kök salmak; esaslanmak",,
kökleştirmek,Kökleşmesini sağlamak,,
köleleşmek,Köle durumuna gelmek,,
köleleştirmek,Köle durumuna getirmek,,
kömürleşmek,Kömür durumuna gelmek,,
kömürleştirilmek,Kömür durumuna getirilmek,,
kömürleştirmek,Kömür durumuna getirmek,,
köpeklemek,"Çok yorulmak | Varlık, güç ve sağlık yönünden düşkünleşmek",,
köpeklenmek,Yalvarıp yaltaklanarak aşağılık bir duruma düşmek,,
köpekleşmek,Onurunu yitirip yaltaklanmak,,
köprülemek,Köprü kurmak,,
köprülenmek,"Köprülü duruma gelmek, köprüsü olmak",,
köpüklenmek,Üstü köpük bağlamak,,
köpülemek,"Şilte, yastık, yorgan vb.ni kalın ve aralıklı, sıkıca dikmek",,
köpürebilmek,Köpürme ihtimali veya imkânı bulunmak | Köpürme gücü bulunmak,,
köpürmek,"Köpük yapmak, köpük oluşmak, köpük çıkararak kabarmak | Ekşiyip köpüklenmek | Çok kızmak, birdenbire öfkelenmek; feveran etmek | Gerekli gereksiz, aralıksız ve bıktırıcı konuşup durmak",,
köpürtmek,"Köpürmesini sağlamak | Olduğundan fazla veya büyük göstermek, abartmak",,
körelmek,"Keskinliğini yitirmek | Suyu çekilmek | Ateş veya ışık sönecek duruma gelmek | Değer, önem veya yeteneğini yitirmek | Soyu tükenmek | Bir organ beslenemeyerek zayıflamak;  dumura uğramak [fizyoloji]",,
köreltebilmek,Köreltme ihtimali veya imkânı bulunmak | Köreltme gücü bulunmak,,
köreltmek,Körelmesini sağlamak | Dumura uğratmak | Yeteneğini kaybettirmek,,
körlemek,"İsabet etmemek, atıp vuramamak",,
körleşmek,"Kesmez, işlemez veya yararlanılmaz duruma gelmek; körlenmek | Değer, önem veya yeteneğini yitirmiş duruma gelmek",,
körleştirmek,Körleşmesine yol açmak,,
körletebilmek,Körletme ihtimali veya imkânı bulunmak | Körletmeye gücü yetmek,,
körletmek,Keskinliğin azalmasına veya yitirilmesine sebep olmak | Değer ve yeteneklerinin yitirilmesine sebep olmak; körlemek,,
körüklemek,"Körükle hava vermek | Kızıştırmak, şiddetlendirmek | Çıkar sağlamak için kendini acındırmak; ajite etmek | Harekete geçirmek, ajite etmek",,
körüklenmek,Körükleme işine konu olmak veya körükleme işi yapılmak,,
körükleyebilmek,Körükleme ihtimali veya imkânı bulunmak | Körükleme gücü bulunmak,,
kösnülmek,Hayvanın eş isteme dönemi gelmek,,
kösteklemek,"Hayvanın veya esirin ayağına köstek vurmak | Bir işi yürümez duruma getirmek, engellemek",,
kösteklenmek,"Ayağına köstek vurulmak | Ayağına bir engel takılarak düşer gibi olmak veya düşmek | Bir iş yürümez duruma getirilmek, engellenmek",,
köşeklemek,Deve yavrulamak,,
köşelemek,Köşeye gelecek biçimde koymak,,
kötülemek,"Biri veya bir şey için olumsuz, aşağılayıcı, hoş olmayan sözler söylemek; çamurlamak | İnsanın sağlığı bozulmak | Nesnelerin niteliği bozulmak, kalitesi bozulmak",,
kötülenmek,Kötüleme işi yapılmak veya kötüleme işine konu olmak,,
kötüleşmek,Kötü duruma gelmek,,
kötüleştirmek,Kötü duruma gelmesine yol açmak,,
kötüleyebilmek,Kötüleme ihtimali veya imkânı bulunmak | Kötüleme becerisi bulunmak,,
kötümsemek,"Bir olay, bir konu vb.ni yalnız olumsuz yönleriyle düşünmek veya ele almak",,
kötümserleşmek,"Kötümser duruma gelmek, karamsarlaşmak; karamsarlaşmak, bedbinleşmek",,
kötümserleştirmek,"Kötümser duruma getirmek; karamsarlaştırmak, benbinleştirmek",,
kötürümleşmek,Kötürüm duruma gelmek | Algılama özelliğini kaybetmek,,
köyleşmek,Köy durumuna gelmek,,
köyleştirmek,Köy durumuna getirmek,,
közlemek,"Et, sebze, meyve, hamur vb.ni köz üzerinde pişirmek",,
közleşmek,Köz durumuna gelmek,,
krallaşmak,"Kral durumuna gelmek, kral gibi davranmak",,
krallaştırmak,"Kral durumuna getirmek, kral gibi davranmasına sebep olmak",,
kredilemek,Kredi açmak | Açılan kredi derecesini belirlemek,,
kredilendirmek,Kredileme işi yaptırmak,,
kremlemek,Krem sürmek,,
kronikleşmek,Kronik bir durum almak,,
kubarmak,Hindi veya güvercinin tüyleri kabarmak | Çalımlı bir tavır takınmak,,
kubaşmak,"İmece ile iş yapmak, yardımlaşmak",,
kucaklamak,"Kollarla sarıp göğüs üzerine bastırmak; kuçmak, sarmak | Kucağına almak, kucağında taşımak | İçine almak veya çepeçevre sarmak, kuşatmak",,
kucaklanmak,Kucaklama işi yapılmak,,
kucaklaşabilmek,Kucaklaşma ihtimali veya imkânı bulunmak,,
kucaklaşmak,Birbirini kucaklamak; kuçuşmak,,
kucaklaştırmak,Kucaklaşma işini yaptırmak,,
kucaklayabilmek,Kucaklama ihtimali veya imkânı bulunmak | Kucaklama gücü bulunmak,,
kucaklayıvermek,Ansızın veya çabucak kucaklamak,,kucaklayı'vermek
kuçmak,Cinsel ilişkide bulunmak,,
kudurabilmek,Kudurma ihtimali veya imkânı bulunmak,,
kudurmak,"Kuduz hastalığına yakalanmak, kuduz olmak | Aşırı davranışlarda bulunmak, taşkınlık göstermek | Çok yaramazlaşmak, ele avuca sığmamak | Gücünü artırmak, tehlikeli bir durum almak, tehlikeli bir duruma gelmek | Çok kızmak, öfkelenmek",,
kudurtmak,Kudurmasına sebep olmak | Öfkelenmesine yol açmak,,
kuğurdamak,"Güvercin, kumru vb. dem çekmek, ötmek",,
kulaçlamak,Kaç kulaç olduğunu ölçmek | Kulaç atarak yüzmek,,
kullanabilmek,Kullanma ihtimali veya imkânı bulunmak | Kullanma becerisi bulunmak,,
kullandırabilmek,Kullanmasına izin vermek | Kullandırma ihtimali veya imkânı bulunmak | Kullandırma gücü bulunmak,,
kullandırmak,Kullanma işini yaptırmak,,
kullandırtmak,Kullandırma işini yaptırmak,,
kullanılmak,Kullanma işine konu olmak; yemek (II),,
kullanıvermek,Ansızın veya çabucak kullanmak,,kullanı'vermek
kullanmak,"Bir şeyden belli bir amaçla yararlanmak | Bir kimseyi bir hizmette bulundurmak, çalıştırmak | İşletmek, değerlendirmek | Giymek, takmak | Sigara, içki vb. şeylere alışmış olmak, içmek | Kelimeyi yazmak, söylemek | Harcamak, sarf etmek | Amacına ulaşmak için birinden veya bir şeyden yararlanmak, onu amacına alet etmek, sömürmek, istismar etmek | Araç veya aleti işletmek, yönetmek | Bir şeyin gereklerini yerine getirmek",,
kullaşmak,Kul durumuna gelmek,,
kullaştırmak,Kullaşma işini yaptırmak,,
kulunlamak,Kısrak veya eşek yavrulamak,,
kumlamak,Kumla kaplamak veya kum dökmek,,
kumlaştırmak,Kum tanecikleri durumuna getirmek,,
kundaklamak,Bebeği kundağa sarmak | Saçları yemeninin içine toplayarak bağlamak | Bir yeri kundakla yakmak | Tüfek namlusunu kundağa bağlamak | Birini aldatmak,,
kundaklanmak,Kundaklama işi yapılmak veya kundaklama işine konu olmak,,
kundaklanmak,Kundaklama işi yapılmak veya kundaklama işine konu olmak; belenmek,,
kundaklatmak,Kundaklama işini yaptırmak,,
kundaklatmak,Kundaklama işini yaptırmak; beletmek,,
kurabilmek,Kurma ihtimali veya imkânı bulunmak | Kurma gücü bulunmak | Kurma becerisi bulunmak,,
kurallaşmak,Kural durumuna gelmek,,
kurallaştırmak,Kural durumuna getirmek,,
kuramlaştırmak,Kuram durumuna getirmek,,
kurcalamak,"Nasıl bir şey olduğunu anlamak için her yerine bakmak; karıştırmak | Sivri bir şey sokup karıştırarak zorlamak | Karıştırıp azdırmak, tahriş etmek | Meşgul ve rahatsız etmek | Bir konuyu araştırmak, üstünde durmak, eşelemek",,
kurcalanmak,Kurcalama işi yapılmak,,
kurcalatmak,Kurcalama işini yaptırmak,,
kurcalayabilmek,Kurcalama ihtimali veya imkânı bulunmak,,
kurdurabilmek,Kurdurma ihtimali veya imkânı bulunmak | Kurdurma gücü bulunmak,,
kurdurmak,Kurma işini yaptırmak,,
kurdurtmak,Kurma işini yaptırmak,,
kurgulamak,"Parçaları belli bir plana göre düzenlemek, konuları sıraya sokmak | Bir filmin değişik yerlerde çekilen bölümlerini bir bütün oluşturmak için birleştirmek; montajlamak",,
kurgulanmak,Kurgu durumuna gelmek; montajlanmak,,
kurmak,"Makine, cihaz, mobilya vb.ni oluşturan parçaları birleştirerek bütün durumuna getirmek; monte etmek | Yaylı, zemberekli şeylerde yayı veya zembereği germek | Gereken şartları hazırlayıp kendi kendine olmaya bırakmak | Etkisi ve önemi geniş şeyler meydana getirmek; tesis etmek | Yapmak, inşa etmek | Yapmak, oluşturmak | Ortaklık sağlamak [ticaret] | Belli bir işte beraber çalışacak kimseleri belirlemek | Bir araya getirmek, toplamak | Aklına koymak | Zihinde büyütmek | Sağlamak, oluşturmak | Bir kimseyi dedikodu veya telkinlerle başkasına karşı öfkelendirmek",,
kurnazlaşmak,"Kurnazca davranmak, kurnazlık etmek; tilkileşmek",,
kurşunileşmek,Kurşuni bir duruma girmek,,
kurşunlamak,"Kurşunla kaplamak | Kurşunla mühürlemek | İçinde kurşun bulunan silahla ateş etmek, vurmak",,
kurşunlanmak,Kurşunlama işine konu olmak,,
kurşunlaşmak,Kurşun gibi ağırlaşmak,,
kurşunlatmak,Kurşunlama işini yaptırmak,,
kurtarabilmek,Kurtarma ihtimali veya imkânı bulunmak | Kurtarma gücü bulunmak | Kurtarma becerisi bulunmak,,
kurtarılabilmek,Kurtarılma ihtimali veya imkânı bulunmak,,
kurtarılmak,Kurtarma işi yapılmak veya kurtarma işine konu olmak,,
kurtarıvermek,Çabucak kurtarmak,,kurtarı'vermek
kurtarmak,"Bir canlıyı bir felaketten, tehlikeden veya zor durumdan uzaklaştırmak | Kurtulmasını sağlamak | Kazandırmak, yeniden ele geçirmek | Bir şeye zarar gelmesini önlemek | Birinin cezalandırılmasına engel olmak | Bir şeyin değerini karşılamak",,
kurtlandırmak,Kurtlanmasına sebep olmak,,
kurtlanmak,İçinde veya üzerinde kurt üremek | Rahat oturmayıp telaş ve sabırsızlık göstermek | Sürekli kımıldanmak | Bir yerde çok oturmaktan bıkarak gezme gereği duymak,,
kurtlaşmak,"Kurt durumuna gelmek, kurt gibi olmak",,
kurtulabilmek,Kurtulma ihtimali veya imkânı bulunmak | Kurtulma gücü bulunmak | Kurtulma becerisi bulunmak,,
kurtulmak,"Tehlikeli veya kötü bir durumu atlatmak | İstenmeyen, sıkıntı veren, hoşlanılmayan bir kimseden, bir yerden, bir durumdan uzaklaşmak | Bir şey bulunduğu veya bağlı olduğu yerden ayrılmak; kopmak | Bağını koparıp kaçmak | Hamile kadın tehlikesiz bir biçimde doğum yapmak | Acı ve eziyet çekmeden veya çekerken ölmek",,
kurtuluvermek,Ansızın veya çabucak kurtulmak,,kurtulu'vermek
kurulabilmek,Kurulma ihtimali veya imkânı bulunmak,,
kurulamak,Bir şeyin üzerindeki ıslaklığı gidermek,,
kurulanmak,Kurulama işi yapılmak veya kurulama işine konu olmak | Kendini kurulamak,,
kurulaşmak,"Kuru duruma gelmek | Özelliğini, gücünü, canlılığını yitirmek",,
kurulayabilmek,Kurulama ihtimali veya imkânı bulunmak | Kurulama gücü bulunmak,,
kurulmak,"Kurma işine konu olmak veya kurma işi yapılmak | Rahatça oturmak, yerleşmek | Övünür biçimde davranışlarda bulunmak, kasılmak",,
kurumak,"Islaklığını, nemini yitirerek kuru duruma gelmek; kakırdamak | Bitki, suyu çekilip cansız duruma gelmek | Irmak, kuyu, pınar vb.nin suyu çekilmek, yok olmak; soğulmak, soruşmak (II) | Bazı nesneler yumuşaklığını yitirmek, sertleşmek | Cılızlaşmak, sıskalaşmak, zayıflamak | Çok susamak",,
kurumlanabilmek,Kurumlanma ihtimali veya imkânı bulunmak,,
kurumlanmak,Kendini büyük ve önemli göstermek,,
kurumlanmak,Kurum (I) tutmak,,
kurumlaşmak,Kurum durumuna gelmek; müesseseleşmek,,
kurumlaştırmak,Kurum durumuna getirmek,,
kurumsallaşmak,Kurumsal duruma gelmek | Örgütlü duruma gelmek | Süreklilik kazanmak,,
kurumsallaştırmak,Kurumlaşmasını sağlamak,,
kuruşlandırmak,Bir listede yer alan her maddenin fiyat tutarını hesap edip belirtmek,,
kurutabilmek,Kurutma ihtimali veya imkânı bulunmak | Kurutma gücü bulunmak,,
kurutmak,"Suyunu ve ıslaklığını giderip kuru duruma getirmek | Bitkileri susuz bırakıp kurumasına sebep olmak | Bazı sebze ve meyvelerin buharlaştırılmasıyla kuru bir durum almasını sağlamak | Cılız duruma getirmek, zayıflatmak | Yiyecek ve içecekleri yiyip bitirmek | Uğursuzluk getirmek, yok etmek",,
kurutulabilmek,Kurutulması ihtimali veya imkânı bulunmak,,
kurutulmak,Kurutma işi yapılmak veya kurutma işine konu olmak,,
kurutuvermek,Çabucak kurutmak | Yok etmek,,kurutu'vermek
kuruvermek,Çabucak veya kısa zamanda kurmak,,kuru'vermek
kuruyabilmek,Kuruma ihtimali veya imkânı bulunmak,,
kuruyuvermek,Çabucak kurumak,,kuruyu'vermek
kusabilmek,Kusma ihtimali veya imkânı bulunmak | Kusma becerisi bulunmak,,
kusayazmak,Kusacak gibi olmak,,kusa'yazmak
kusmak,"Midenin içindekini basınçla ağızdan dışarı atmak; boşaltmak, çıkarmak, kayetmek, istifra etmek | Bir olayı reddetmek | Boyanan ve temizlenen şeyler yeniden ortaya çıkmak | İçinde birikmiş kinini, öfkesini söyleyerek açığa vurmak",,
kusturabilmek,Kusturma ihtimali veya imkânı bulunmak | Kusturma becerisi bulunmak,,
kusturmak,Kusmasına yol açmak,,
kusuvermek,Ansızın kusmak,,kusu'vermek
kuşaklamak,Kuşaklarla sağlamlaştırmak,,
kuşaklanmak,Kuşaklama işine konu olmak | Çepeçevre sarılmak,,
kuşanabilmek,Kuşanma ihtimali veya imkânı bulunmak,,
kuşandırmak,Kuşanma işini yaptırmak,,
kuşanılmak,Kuşanma işi yapılmak,,
kuşanmak,"Beline kuşak, kılıç, kemer vb. şeyler bağlamak; takmak",,
kuşatabilmek,Kuşatma ihtimali veya imkânı bulunmak | Kuşatmaya gücü yetmek,,
kuşatılmak,Kuşatma işi yapılmak,,
kuşatmak,"Çevresini sarmak; çevrelemek, çevirmek, sarmak, abluka etmek, ablukaya almak, ihata etmek, muhasara etmek | Bir ülkenin veya bir yerin dış dünya ile olan her türlü bağlantısını kuvvet kullanarak kesmek; abluka etmek, ablukaya almak, ihata etmek, muhasara etmek [askerlik] | Çokça bulunmak | Bele sarılıp bağlanan şeyleri başkasının beline bağlamak",,
kuşkulanabilmek,Kuşkulanma ihtimali veya imkânı bulunmak; şüphelenebilmek,,
kuşkulandırmak,"Kuşkuya düşürmek, kuşkulanmasına yol açmak; gıcıklamak, işkillendirmek, şüphelendirmek",,
kuşkulanmak,"Bir kimse veya olay hakkında yeterli ve kesin bilgi sahibi olamamakla birlikte bazı belirti ve sezgilere dayanarak olumsuz düşünceler içinde bulunmak; huylanmak, ikirciklenmek, işkillenmek, pirelenmek, küşümlenmek, şüphelenmek | Bir olguyla ilgili gerçeğin ne olduğunu kestirememek yüzünden oluşan kararsızlıktan dolayı kesin bir yargıya varamamak [felsefe]",,
kutlamak,"Mutlu bir olaya sevinildiğini söz, yazı veya armağanla anlatmak; kutlulamak, tebrik etmek | Önemli bir olayın gerçekleşmesinin yıl dönümü dolayısıyla tören yapmak; tesit etmek",,
kutlanmak,"Kutlama işi yapılmak, tebrik edilmek",,
kutlatmak,Kutlama işini yaptırmak,,
kutlayabilmek,Kutlama imkânı ve ihtimali bulunmak,,
kutlulanmak,Kutlu duruma gelmek,,
kutsallaşmak,Kutsal duruma gelmek,,
kutsallaştırmak,"Kutsal duruma getirmek; kutsamak, kutsileştirmek",,
kutsamak,Kutlu ve aziz kılmak; takdis etmek,,
kutsanmak,Kutsama işi yapılmak,,
kutsileşmek,Kutsal duruma gelmek,,
kutulamak,"Kutuya yerleştirmek, kutuya koymak",,
kutulanmak,Kutulama işi yapılmak,,
kutuplanmak,İki kutupta toplanmak [fizik] | Pusula ibresi kutba doğru yönelmek,,
kutuplaşmak,"Bir toplulukta düşünce, görüş, sosyal ve siyasal konum ve tavır olarak iki karşıt grupta yoğunlaşmak",,
kutuplaştırmak,Kutuplaşma işini yaptırmak,,
kuvvetlendirmek,Fiziksel gücünü artırmak,,
kuvvetlenebilmek,Kuvvetlenme ihtimali veya imkânı bulunmak | Kuvvetlenme becerisi bulunmak,,
kuvvetlenmek,Fiziksel gücü artmak,,
kuymak,"Mısır ununun erimiş tereyağıyla kavrulması, su eklenmesi, bir miktar peynir katılması ve bir süre kaynatılmasıyla elde edilen yemek | Karadeniz Bölgesi’nde ve özellikle Trabzon’da yapılan bir yemek türü",,
kuzulamak,Koyun yavrulamak | Çocuk ellerini yere dayayarak dizleri üstünde emeklemek,,
kuzulaşmak,Kuzu gibi uysal ve zararsız duruma gelmek,,
küçükleşmek,Değerini yitirmek,,
küçülebilmek,Küçülme ihtimali veya imkânı bulunmak | Küçülme becerisi bulunmak,,
küçülmek,"Büyükken herhangi bir sebeple küçük duruma gelmek; ufalmak | Büzülmek, hacimce ufalmak | Değer ve onurunu azaltacak davranışta bulunmak",,
küçültebilmek,Küçültme ihtimali veya imkânı bulunmak | Küçültme becerisi bulunmak,,
küçültmek,Büyükken daha küçük duruma getirmek | Yaşını gizleyerek küçük göstermek | Değerini ve onurunu azaltmak,,
küçülttürmek,Küçültme işini yaptırmak,,
küçümsemek,"Değer ve önem vermemek; küçük görmek, küçüksemek",,
küçümsenmek,Küçümseme işi yapılmak,,
küflendirmek,Küf bağlamasına yol açmak,,
küflenmek,"Küf oluşmak, küflü duruma gelmek, küf bağlamak | Zamanı geçmek | Çalışma fırsatı bulamayarak özelliklerini veya yeteneğini yitirmek",,
küfrettirmek,Küfretme işini yaptırmak,,kü'frettirmek
küfürleşmek,Karşılıklı sövmek; sövüşmek,,
kükremek,"Aslan, bağırmak | Deniz, nehir kabarmak, taşmak | Coşkuyla saldırmak | Mayalanıp kabarmak | Gür bir biçimde yetişmek | Coşmak, taşkınlık göstermek | Kızgınlık ve öfke ile yüksek sesle bağırmak",,
kükretmek,Kükreme işini yaptırmak,,
kükürtlemek,Toz kükürt serpmek [kimya],,
kükürtlenmek,Kükürtleme işine konu olmak veya kükürtleme işi yapılmak [kimya],,
külçeleşmek,"Külçe durumuna gelmek | Çok yorulmak, yorgun ve bitkin düşmek",,
küllemek,"Genellikle ateşin üzerini külle örtmek | Bir acıyı, bir sıkıntıyı unutturmak",,
küllendirmek,Küllenme işini yaptırmak,,
küllenmek,"Genellikle ateşin üzerinde kül oluşmak | Bir acı, bir sıkıntı, bir olay unutulur gibi olmak",,
kültürlenmek,Bir arada bulunan iki bireyin veya etnik grubun değer yargıları ile kültürel birikiminin özellikleri birbirinden etkilenerek değişikliğe uğramak [toplum bilimi],,
kültürsüzleşmek,Kültürsüz duruma gelmek,,
kültürsüzleştirmek,Kültürsüz duruma getirmek,,
kümbetlenmek,Kümbet biçimini almak,,
kümelemek,Herhangi bir şeyi bir küme hâline getirmek,,
kümelenmek,Bir yere toplanmak,,
kümeleşmek,Küme durumunda toplanmak,,
kündelemek,Künde oyununu yapmak [spor],,
kürelenmek,"Kürekle atılmak, kürekle yığılmak",,
küremek,"Kürekle atıp temizlemek; kürelemek, kürümek",,
küreselleşebilmek,Küreselleşme ihtimali veya imkânı bulunmak,,
küreselleşmek,"Dünya milletlerini ekonomi, siyaset ve iletişim bakımlarından birbirine yaklaşmaya ve bir bütün olmaya götürmek; globalleşmek",,
küreselleştirmek,Küreselleşme işini yaptırmak; globalleştirmek,,
kürnemek,Hayvanlar sıcağın veya soğuğun etkisiyle birbirine sokulup toplanmak,,
küsebilmek,Küsme ihtimali veya imkânı bulunmak,,
küskünleşmek,Küskün duruma gelmek,,
küsmek,"Herhangi birinin hoşa gitmeyen bir söz veya davranışı yüzünden görüşmez olmak | Görevini yerine getirememek | Gelişememek, büyüyememek | Bir madde, herhangi bir sebeple istenilen niteliğini yitirmek",,
küstahlaşmak,Küstah duruma gelmek,,
küstürmek,Küsmesine yol açmak,,
küsüşmek,"Birbirine küsmek, karşılıklı darılmak",,
kütlemek,"""Küt"" diye ses çıkarmak",,
kütleşmek,Küt duruma gelmek,,
kütleştirmek,Küt duruma getirmek,,
kütletmek,"""Küt"" diye ses çıkartmak",,
kütükleşmek,Sert ve duygusuz bir duruma gelmek,,
kütürdemek,"""Kütür"" diye ses çıkarmak",,
kütürdetmek,"""Kütür kütür"" diye ses çıkartmak",,
kâfirleşmek,Kâfir gibi olmak,,
kâğıtlamak,"Kâğıtla kaplamak, kâğıt yapıştırmak",,
kâğıtlanmak,Kâğıtla kaplanmak,,
laçkalaşmak,"Laçka duruma gelmek | Herhangi bir düzen iyi işlemez olmak, gevşemek, bozulmak",,
ladeslenmek,Lades oyununda yenilmek,,
laflamak,"Birisiyle konuşmak, sohbet etmek",,
lağvedilmek,Hükümsüz kılınmak,,la'ğvedilmek
lağvetmek,Hükümsüz kılmak [hukuk],Arapça laġv + Türkçe etmek,la'ğvetmek
lağvolmak,Hükümsüz kılınmak,Arapça laġv + Türkçe olmak,la'ğvolmak
laikleşmek,Laik duruma gelmek,,
laikleştirilmek,Laik duruma getirilmek,,
laikleştirmek,Dinle ilgili olmayan işleri dinî görüşlerin dışında tutmak,,
laklamak,Laka veya vernik sürmek,,
lambalamak,Lamba ışığıyla incelemek | Kapı ve pencere kenarlarına girinti açmak,,
lanetlemek,"Kargımak, beddua etmek, lanet etmek | Tanrı, merhametinden yoksun bırakmak | Dinden kovmak",,
lanetlenmek,"Lanet edilmek, lanete uğramak",,
laubalileşmek,Laubali davranışta bulunmak,,
leffetmek,İçine sokmak,Arapça leff + Türkçe etmek,le'ffetmek
legalleşmek,"Legal, yasal duruma gelmek",,
legalleştirmek,Legal duruma getirmek,,
lehimlemek,"Lehimle yapıştırmak, lehimle tutturmak | Yakınlaştırarak bağlamak",,
lehimlenmek,Lehimle yapıştırılmak,,
lehimletmek,Lehim yaptırmak,,
lekelemek,"Bir şeyi kirletmek, bir şey üzerinde leke oluşturmak | Birine, namusa dokunur bir suç yüklemek; kirletmek",,
lekelenmek,Leke oluşmak | Kötü tanınmak,,
lekeletmek,Lekeli duruma getirmek,,
levantenleşmek,"Levanten olmak, levantenlere özenmek",,
lezzetlendirmek,"Yemek vb.ne tat vermek, lezzetlenmesini sağlamak",,
lezzetlenmek,"Yemek vb. iyi bir tat kazanmak, tat verilmek, lezzetli bir duruma gelmek | İdrak ederek haz almak",,
lığlamak,"Sel veya akarsu, ince çamur, birikinti getirip yığmak",,
lığlanmak,Üstünde lığ birikmek,,
lıkırdamak,"Kaptaki sıvı akarken ""lık lık"" diye ses çıkarmak",,
liberalleşmek,"Devlet, uluslar, sınıflar ve bireyler arasındaki ekonomik ilişkilere karışmaz duruma gelmek",,
liberalleştirmek,Liberalleşme işini yaptırmak,,
liflemek,Vücudu lifle sabunlamak,,
liflenmek,Lif oluşmak | Lifle sabunlanmak,,
lifleşmek,Lif durumuna gelmek,,
limanlamak,"Gemi vb. bir limana girip orada kalmak | Yatışmak, sakinleşmek",,
limonlamak,"İçine, üstüne limonun suyunu sıkmak veya katmak | Saç vb.ne limon suyu sürmek",,
limonlanmak,Limonlama işi yapılmak,,
listelemek,Liste durumuna getirmek,,
listelenmek,Liste durumuna getirilmek,,
listeletmek,Listeleme işini yaptırmak,,
listeleyebilmek,Listeleme ihtimali veya imkânı bulunmak | Listeleme becerisi bulunmak,,
lodoslamak,Lodos esmeye başlamak | Rüzgâr lodosa çevirmek,,
loğlamak,"Üzerinde loğ gezdirip toprağı bastırmak, sıkıştırmak",,
loşlaşmak,Loş duruma gelmek,,
loşlaştırmak,Loş bir duruma getirmek,,
löklemek,Lökle yapıştırmak,,
lüpletmek,Hızlı bir biçimde yiyecekleri mideye indirmek,,
lütfetmek,"İyilikte bulunmak | İzin vermek, müsaade etmek | Yüksek veya saygın bir kimse alçak gönüllülük göstermek",Arapça luṭf + Türkçe etmek,lü'tfetmek
macunlamak,Macun çekmek,,
macunlanmak,Macunlamak işine konu olmak veya macunlamak işi yapılmak,,
macunlaşmak,Macun koyuluğuna gelmek,,
macunlatmak,Macunlama işini yaptırmak,,
madaralaşmak,Madara durumunda olmak,,
maddelemek,"Madde madde yazmak veya söylemek, maddeler hâlinde vermek",,
maddeleşmek,Madde durumuna gelmek | Nükleer parçalanma sırasında açığa çıkan enerjinin tamamı veya bir kısmı yeniden başka bir madde durumuna dönüşmek,,
maddeleştirmek,Maddeleştirme işini yapmak,,
maddileşmek,Maddeye önem verir duruma gelmek,,
maddileştirmek,Maddi duruma getirmek,,
madenselleşmek,Madensel özellik kazanmak,,
madımak,"İlkbaharda kırlarda yetişen, ufak yeşil yapraklı, ıspanak gibi pişirilip yenilen bir bitki [bitki bilimi]",Ermenice,
madiklemek,"Hile yapmak, dolap çevirmek",,
mafyalaşmak,Mafya durumuna gelmek | Mafya işleriyle uğraşmak,,
magazinleşmek,Magazin durumunu almak,,
magazinleştirmek,Magazinleşme işini yaptırmak,,
mağrurlanmak,"Kurumlanmak(II), gururlanmak, kibirlenmek, kendini beğenmek",,
mahkemeleşmek,Karşılıklı olarak birbirini dava etmek,,
mahmurlaşmak,Mahmur bir duruma gelmek,,
mahmuzlamak,Hızlanması için hayvanı mahmuzla dürtmek; topuklamak,,
mahmuzlanmak,Mahmuzlamak işine konu olmak veya mahmuzlamak işi yapılmak,,
mahşerleşmek,Çok kalabalık olmak,,
mahvedebilmek,Mahvetme ihtimali veya imkânı bulunmak | Mahvetme gücü bulunmak,Arapça maḥv + Türkçe edebilmek,ma'hvedebilmek
mahvetmek,Yok etmek | Bozup işe yaramaz duruma getirmek | Onmaz duruma getirmek | Boşa gitmesine sebep olmak; batırmak,Arapça maḥv + Türkçe etmek,ma'hvetmek
mahvolmak,"Yok olmak | Bozulup yararsız duruma gelmek | Onulmaz duruma gelmek | Boşa gitmek, heba olmak",Arapça maḥv + Türkçe olmak,ma'hvolmak
mahzunlaşmak,"Mahzun duruma girmek, mahzun olmak",,
makadamlamak,Makadamla kaplamak,,
makaslamak,"Makasla kesmek | Yazı, film vb.ni sansür amaçlı kısaltmak, kesmek | Makas almak",,
makaslanmak,"Makas almak işine konu olmak | Yazı, filim vb. bazı yerleri çıkarılmak; kesilmek",,
makineleşmek,"Üretimde makine gücünden, giderek daha çok yararlanmak | Davranışları, hareketleri makinelerinkine benzer duruma gelmek, bazı işleri alışkanlıkla yapmak",,
makineleştirmek,Makine ile yapılmasını sağlamak,,
makyajlamak,Makyaj yapmak,,
malaklamak,Manda yavrulamak,,
malalamak,Çimento veya alçı sürülmüş bir yüzeyi mala ile düzeltmek,,
mallanmak,Mal  mülk edinmek,,
maltlanmak,"Malt ile işlem görmek, içine malt katılmak",,
Mamak,Ankara iline bağlı ilçelerden biri,,ma'mağı
manalandırabilmek,Manalandırma ihtimali veya imkânı bulunmak,,
manalandırmak,Anlam vermek,,
mandallamak,"Kapı, pencere kanadını mandalla tutturmak | Çamaşırı mandalla tutturmak | Telsizlerde konuşmaları anlaşılmaz duruma getirmek için sürekli olarak düğmelere basmak",,
mandallanmak,"Mandallama işi yapılmak, mandalla tutturulmak",,
manevileşmek,Manevi durum almak,,
mankurtlaşmak,"Ulusal kimlikten uzaklaşmak, içinde bulunduğu topluma yabancılaşmak",,
mantarlamak,"Aldatmak, yalan söylemek",,
mantarlaşmak,Hücre zarlarına mantar özü karışarak geçirimsiz duruma gelmek [bitki bilimi],,
manyaklaşmak,"Manyak duruma gelmek, manyak gibi davranmak",,
manyaklaştırmak,Manyak duruma getirmek,,
marazlanmak,"Hastalanmak, hasta olmak | Sara nöbeti geçirmek",,
marizlemek,Birini dövmek,,
markalamak,Bir nesneyi tanıtmak veya benzerlerinden ayırmak için işaret koymak,,
markalanmak,Markalama işi yapılmak,,
markalaşmak,"Ürün marka durumuna gelmek | Kişi, kurum vb. marka durumuna gelmek; marka olmak",,
marnlamak,Kireci az olan toprağın içine marn katarak daha iyi duruma getirmek,,
masajlamak,Masaj yapmak,,
masallaştırmak,Masal durumuna getirmek,,
masatlamak,"Masat veya benzeri bir şeyle bıçak, orak, tırpan gibi aletleri bilemek",,
maskaralanmak,Maskaralık etmek | Gülünç duruma düşmek,,
maskaralaşmak,"Eğlendirici, hoş bir durum almak | Herkesin eğlencesi durumuna gelmek",,
maskelemek,"Görünmemesini sağlamak, maske ile örtmek | Gerçek görünüşünü, niteliğini saklamak | Gerçek duygularını gizlemek",,
maskelenmek,"Maskeleme işi yapılmak veya maskeleme işine konu olmak | Gerçek görünüşünü saklamak, gizlemek",,
massetmek,"Emmek, içine çekmek",Arapça maṣṣ + Türkçe etmek,ma'ssetmek
maşalamak,"Maşa şeklindeki aletle saçları dalgalı, bukleli veya kıvırcık duruma getirmek; maşa yapmak",,
maşalanmak,Maşa ile tutturulmak,,
matlaşmak,Mat duruma gelmek,,
matlaştırmak,Mat duruma getirmek,,
mavileşmek,Mavi duruma gelmek,,
mavileştirmek,Mavi duruma getirmek,,
mayalamak,"Maya koymak, içine maya karıştırmak",,
mayalandırmak,Mayalanmasını sağlamak,,
mayalanmak,Mayanın etkisiyle kabarmak; ekşimek,,
mayalaşmak,Maya durumuna gelmek,,
mayınlamak,Bir yere mayın dökmek veya döşemek,,
mayınlanmak,Mayınlama işi yapılmak,,
mayınlatmak,Mayınlama işini yaptırmak,,
mayışmak,"Çok yemekten, sıcaktan veya zevkten gevşemek, üzerine rehavet çökmek",,
maymunlaşmak,"Maymuna benzemek, maymun gibi davranmak | Taklitçi davranmak",,
maymunlaştırmak,"Birini, kendi düşünceleriyle değil başkalarının yönlendirmesiyle hareket eder duruma getirmek",,
mazotlamak,"Mazot tabakasıyla kaplamak | Yağlı parçaları mazotla temizlemek, yıkamak",,
mecazlaşmak,Mecaz duruma gelmek,,
mektuplaşmak,Karşılıklı mektup yazmak ve göndermek,,
melemek,"Koyun, kuzu veya keçi bağırmak",,
meleşmek,Birlikte melemek,,
meletmek,Meleme işini yaptırmak,,
melezlemek,İki ayrı türü çiftleştirip birleştirmek,,
melezlenmek,Melezleme işi yapılmak,,
melezleşmek,Bir bitki başka bir bitki türünün çiçekleriyle döllenmek; hibritleşmek [bitki bilimi] | Aslından uzaklaşarak yabancılaşmak,,
melezleştirmek,Melez duruma getirmek,,
menedilmek,Önüne geçilmek,,me'nedilmek
menetmek,Engel olmak,Arapça menʿ + Türkçe etmek,me'netmek
meraklandırmak,"Meraklanmasına yol açmak, kaygılandırmak, tasalandırmak",,
meraklanmak,"Kaygılanmak, üzülmek, tasalanmak | Bir şeyin sebebini anlamak için çaba harcamak",,
mercimek,"Baklagillerden, beyaz çiçekli bir tarım bitkisi (Lens culinaris) [bitki bilimi] | Bu bitkinin, besin değeri yüksek, ufak, kırmızı, sarı veya yeşil, yuvarlak ve yassıca tohumu; yasmık",Farsça merdumek,
merdanelemek,Bir şeyin üzerinden merdane geçirmek,,
merhabalaşmak,Karşılıklı selam verip hâl hatır sormak,,
merhametsizleşmek,"Merhametsiz duruma gelmek, merhametsiz olmak",,
merhemlemek,Merhem sürmek,,
merkezlenmek,Aynı merkezde toplanmak; temerküz etmek | Merkezî bir yönetime bağlanmak,,
merkezleşmek,Merkez durumuna gelmek,,
merkezleştirmek,Merkez durumuna getirmek; merkezlemek,,
merkezîleşmek,Merkez durumuna gelmek,,
merkezîleştirmek,Otoriteyi ve işi bir merkezde toplamak,,
mermerleşmek,Mermer durumuna dönüşmek,,
mermerleştirmek,Mermer durumuna getirmek,,
mesajlaşmak,Birine cep telefonu veya genel ağ aracılığıyla ileti göndermek,,
meşrulaşabilmek,Meşru duruma gelebilmek,,
meşrulaşmak,Meşru duruma gelmek,,
meşrulaştırabilmek,Meşrulaştırma ihtimali veya imkânı bulunmak,,
meşrulaştırmak,Meşru duruma getirmek,,
mevzilendirmek,Mevzilenme işini yaptırmak,,
mevzilenmek,Askerî birlik savaş sırasında savunma tedbirleri alarak bir bölgeye yerleşmek [askerlik],,
meyletmek,Eğilmek; meyillenmek | Gönül vermek,Arapça meyl + Türkçe etmek,me'yletmek
meylettirmek,Meyletme işini yaptırmak,,me'ylettirmek
meyvelendirmek,Meyvelenme işini yaptırmak,,
meyvelenmek,"Meyveli duruma gelmek, meyve vermek",,
mezcetmek,"Birbirine katmak, katıştırmak",Arapça mezc + Türkçe etmek,me'zcetmek
mezelenmek,Alay konusu olmak,,
mıhlamak,"Birini silahla yaralamak veya öldürmek | Altın, gümüş vb. taşları metal yuvalara işlemek | Birini veya bir şeyi bir yerden ayrılamaz, kıpırdayamaz duruma getirmek",,
mıhlanmak,Olduğu yerde kalıp bir yere kıpırdayamaz olmak,,
mıknatıslamak,Bir demir çubuğa mıknatıs özelliği vermek,,
mıknatıslanmak,"Mıknatıs özelliği kazanmak, mıknatıslı bir duruma gelmek",,
mıncıklamak,"Örseleyecek veya biçimini bozacak gibi ellemek, sıkıştırmak",,
mıncıklanmak,Mıncıklama işi yapılmak veya mıncıklama işine konu olmak,,
mırıldamak,Alçak ve güç anlaşılır bir sesle bir şeyler söylemek,,
mırıldanabilmek,Mırıldanma ihtimali veya imkânı bulunmak | Mırıldanma becerisi bulunmak,,
mırıldanmak,Alçak sesle kendi kendine bir şeyler söylemek; mırlanmak | Alçak sesle şarkı söylemek | Ancak yanındakinin duyabileceği bir biçimde konuşmak,,
mırlamak,"Kedi ""mır mır"" diye ses çıkarmak",,
mışıldamak,Mışıl mışıl ses çıkarmak,,
mızıklanmak,"Çeşitli sebeplerle oyun bozmak, yenilgiyi kabul etmemek, oyunbozanlık etmek, mızıkçılık etmek",,
mızımak,Mızıkçılık etmek,,
mızırdanmak,"Yakınarak konuşmak; mızıldanmak, sızıldanmak",,
mızmızlanmak,Mızmızca davranışlarda bulunmak; mızmızlık etmek,,
mızmızlaşmak,Mızmız duruma gelmek,,
mikroplanmak,Mikroplu duruma gelmek,,
mikroplaşmak,Mikrop duruma gelmek | Kötülük yapar duruma gelmek,,
mikropsuzlaştırmak,Mikroplardan arındırmak; sterilleştirmek,,
militanlaşmak,"Militan olmak, militan durumuna girmek",,
militanlaştırmak,Militan durumuna getirmek,,
millenmek,"Akarsuyun getirdiği kumlu, çamurlu toprak, bir yere yığılmak",,
milletleşebilmek,Milletleşme ihtimali veya imkânı bulunmak; uluslaşabilmek,,
milletleşmek,Millet durumuna gelmek; uluslaşmak,,
milletleştirmek,Millet durumuna getirmek; uluslaştırmak,,
millîleşmek,Millî nitelik kazanmak; ulusallaşmak,,
millîleştirilmek,Millî duruma getirilmek; ulusallaştırılmak,,
millîleştirmek,Millî bir nitelik vermek; ulusallaştırmak | Özel sektöre ait yerli ve yabancı firmaları devlet mülkiyetine geçirmek; ulusallaştırmak,,
mimlemek,"Birini, hoşa gitmeyen veya iyi olmayan bir davranışı dolayısıyla hakkında iyi düşünülmeyenler arasına koymak",,
mimlenmek,Mimlemek işine konu olmak,,
minelemek,Mine ile süslemek,,
mineralleştirmek,"Bir metali mineral duruma getirmek [kimya] | İçinde mineral maddeler eritilerek suyu, maden suyu niteliğine getirmek",,
minyatürleşmek,Minyatür duruma gelmek,,
minyatürleştirmek,"Bir şeyin küçük bir kopyasını, benzerini veya modelini oluşturmak",,
minyatürleştirtmek,Minyatürleştirme işini yaptırmak,,
miskinleşmek,"Uyuşuk, tembel duruma gelmek",,
misvaklamak,Dişleri misvakla temizlemek,,
misvaklanmak,Dişler misvakla temizlenmek,,
mitleşmek,Mit durumuna gelmek,,
mitleştirmek,"Bir kimse, bir varlık, bir olay vb.ni hayal gücü ile büyütmek, yüceltmek, mit durumuna getirmek",,
miyavlamak,Kedi “miyav” diye ses çıkarmak,,
miyavlatmak,Kediyi bağırtmak | Birini çok yalvartmak,,
modalaşmak,Moda değeri kazanmak,,
modalaştırmak,Moda durumuna getirmek,,
modellemek,Model oluşturmak,,
modernleşebilmek,Modernleşme ihtimali veya imkânı bulunmak | Moderleşme becerisi bulunmak,,
montajlamak,"Bir makine, cihaz veya mobilyanın parçalarını yerli yerine takmak",,
montajlanmak,"Bir makine, cihaz veya mobilyanın parçaları yerli yerine takılmak",,
morarmak,"Mor bir renk almak; gövermek | Herhangi bir sıkıntı, darbe veya hastalıkla vücudun bir yeri mor renk almak | Herhangi bir söz ve davranıştan bozulmak | Mahcup olmak",,
morartabilmek,Morartma gücü bulunmak,,
morartmak,"Morarmasına sebep olmak, mor renk vermek | Herhangi bir söz ve davranışla karşısındakini bozmak",,
morfinlenmek,Morfinle uyuşturulmak,,
morlaşmak,Mor duruma gelmek,,
muhasebeleştirmek,Hesapla ilgili verileri belli kurallar çerçevesinde kayıtlara almak işi,,
mumlamak,"Bal mumu sürmek, bal mumuna batırmak | Mühürlemek, mühür mumu sürmek | Mum cilası yapmak",,
mumlanmak,Mumlamak işi yapılmak veya mumlamak işine konu olmak,,
mumlaşmak,Bal mumu durumuna gelmek,,
mumyalamak,"Bir cesedi, bozulmaması için özel ilaçlarla mumya durumuna getirmek",,
mumyalanmak,Mumya durumuna gelmek,,
mumyalatmak,Mumya durumuna getirmek,,
muşambalaşmak,"Muşamba gibi olmak, muşamba durumunu almak, muşambaya dönmek",,
muştalamak,Muşta ile vurmak,,
muştulamak,"Sevinilecek bir iş, olay vb.nin olduğunu birine haber vermek; müjdelemek",,
muştulanmak,Sevinçli bir haber verilmek; müjdelenmek,,
mutaassıplaşmak,Mutaassıp duruma gelmek,,
mutlandırmak,"Mutlanmasına yol açmak, mutlanmasını sağlamak",,
mutlanmak,Mutlu olmak,,
mutlulandırmak,Mutlu etmek,,
mutlulanmak,Mutlu olmak,,
mutsuzlaşmak,Mutsuz duruma gelmek,,
muzırlaşmak,Muzır duruma gelmek,,
muzipleşmek,Takılgan davranışta bulunmak,,
müesseseleştirmek,Müessese durumuna getirmek,,
mührelemek,"Kâğıdı mühre ile cilalamak, parlatmak, düzeltmek",,
mühürlemek,"Bir yazı, belge vb.nin doğruluğunu veya kabul ve onayını belirtmek amacı ile altına mühür koymak, mühür basmak | Açılmaması gerektiğini belirtmek veya açılırsa fark edebilmek için yetkili makamlarca yapıştırılan kırmızı muma mühür basmak | Yasalara, ahlak ve sağlık kurallarına aykırı görülen iş veya eğlence yerlerinin çalışmasını durdurmak amacıyla, kapısının açılmasını engellemek için uygun yere mumu yapıştırıp üzerine mühür basmak, kapatmak | Parça olarak kesilmiş etin iki yüzünü ince bir kabuk oluşturacak biçimde kızgın tavada kızartmak | Kuruyabilen bazı sos veya yiyeceklerin üzerine tereyağı gezdirerek üstünün kabuk bağlamasını önlemek",,
mühürlenmek,"Mühürleme işi yapılmak, mühür basılmak",,
mühürletmek,Mühürleme işini yaptırmak,,
müjdeleşmek,"Birbirine müjde vermek, birbirini müjdelemek",,
mükemmelleşebilmek,Mükemmelleşme ihtimali veya imkânı bulunmak,,
mükemmelleşmek,Mükemmel duruma gelmek,,
mükemmelleştirebilmek,Mükemmelleştirme ihtimali veya imkânı bulunmak | Mükemmelleştirme becerisi bulunmak,,
mükemmelleştirmek,Mükemmel duruma getirmek,,
mülksüzleşmek,Mülksüz hâle gelmek,,
mülksüzleştirmek,Mülksüz hâle getirmek,,
mürekkeplemek,"Mürekkep (II) sürmek, mürekkep (II) dökerek veya damlatarak bir yüzeyi lekelemek",,
mürekkeplenmek,"Mürekkep (II) sürülmek, dökülmek veya damlatılmak",,
Müslümanlaştırmak,Bir topluluğu veya bir kimseyi İslam dinine sokmak; İslamlaştırmak,,
müstehcenleşmek,Müstehcen duruma gelmek,,
müzevirlemek,"Birinin başkası aleyhine yaptıkları veya söylediklerini karşı tarafa iletmek, söz taşımak, ara bozmak",,
müziklendirmek,"Müzik ile çeşitlemek, süslemek",,
müzikleştirmek,Müzik durumuna getirmek,,
nafakalandırmak,Nafakalanma işini yaptırmak,,
nafakalanmak,Geçimi sağlanmak,,
naftalinlemek,"Güveden korumak için yünlüler üzerine, arasına naftalin serpmek veya atmak",,
naftalinlenmek,"Naftalin serpilmek, naftalin dökülmek",,
nakışlamak,Nakışla bezemek; işlemek,,
nakledebilmek,Nakletme ihtimali veya imkânı bulunmak | Nakletme becerisi bulunmak,,na'kledebilmek
nakledilmek,Nakletme işi yapılmak veya nakletme işine konu olmak,,na'kledilmek
nakletmek,"Nakil işini yapmak, bir yerden başka bir yere geçirmek, iletmek | Bir olayı veya duyduğu bir sözü aynısı ile başka birine duyurmak; anlatmak",Arapça naḳl + Türkçe etmek,na'kletmek
naklettirmek,"Nakil işini yaptırmak, nakledilmesini sağlamak",,na'klettirmek
nakşedebilmek,Nakşetme ihtimali veya imkânı bulunmak | Nakşetme becerisi bulunmak,Arapça naḳş + Türkçe edebilmek,na'kşedebilmek
nakşetmek,"Süslemek, bezemek, nakış yapmak | Kalıcı ve etkili olmasını sağlamak; işlemek",Arapça naḳş + Türkçe etmek,na'kşetmek
nakşolmak,"Bir yerde belirli bir iz bırakmak, yer etmek",Arapça naḳş + Türkçe olmak,na'kşolmak
nakşolunmak,Nakşolma işi yapılmak,,na'kşolunmak
nakzetmek,"Yargıtay, bir mahkemenin yargısını yerinde veya yolunda bulmayarak geri çevirmek [hukuk]",Arapça naḳż + Türkçe etmek,na'kzetmek
nallamak,"Hayvanın ayağına nal çakmak | Bir kimseyi, bir şeyi silahla vurmak",,
nallanmak,Nallama işine konu olmak,,
naniklemek,Başparmağı burnun ucuna değdirip diğer parmakları sallayarak alay işareti yapmak,,
nankörleşmek,Nankör duruma gelmek,,
nasırlaşmak,Nasır oluşmak; nasırlanmak | Duyarlığını yitirmek,,
nasiplendirmek,Nasiplenme işini yaptırmak,,
nasiplenebilmek,Nasiplenme ihtimali veya imkânı bulunmak,,
nasiplenmek,Nasibini almak; nemalanmak,,
nazikleşmek,"İnce, saygılı bir biçimde davranır olmak | Özen gösterilmezse kötüleşebilecek bir duruma girmek",,
nazikleştirmek,Nazikleşme işini yaptırmak,,
Nazileştirmek,Propaganda yolu ile Nazizm yanlısı yapmak,,
nazlamak,"Birinin hep istediği şeyleri yapmak, emrinde oynamak",,
nazlanabilmek,Nazlanma ihtimali veya imkânı bulunmak | Nazlanma becerisi bulunmak,,
nazlandırmak,Nazlanma işini yaptırmak,,
nazlanmak,"Kolayca gönlü olmamak, ısrar beklemek | İsteksiz görünmek",,
nazlaşmak,Karşılıklı olarak naz yapmak,,
nazmetmek,"Nazım biçimine sokmak, nazım olarak düzenlemek",Arapça naẓm + Türkçe etmek,na'zmetmek
nefeslemek,"Nefesini bir şeye yöneltmek, üflemek | Okuyup üflemek, nefes etmek",,
nefeslenebilmek,Nefeslenme ihtimali veya imkânı bulunmak | Nefeslenme gücü bulunmak,,
nefeslenmek,"Nefes alacak kadar duraklamak, biraz dinlenmek | İçine çekmek",,
neftîleşmek,"Neftî olmak, rengi neftîye dönmek",,
neftîleştirmek,"Rengini neftîye çevirmek, neftîleşmesine yol açmak",,
nefyedilmek,Sürgüne gönderilmek; sürülmek | Olumsuz kılınmak [dil bilgisi],,ne'fyedilmek
nefyetmek,"Sürgüne göndermek | Bulunduğu yerden uzaklaştırmak, yok etmek | Olumsuz kılmak [dil bilgisi]",Arapça nefy + Türkçe etmek,ne'fyetmek
nemalandırmak,Nemalanmasını sağlamak,,
nemalanmak,Faizin katılmasıyla para çoğalmak,,
nemlendirmek,Nemli duruma getirmek; rutubetlendirmek,,
nemlenmek,"Nemli duruma gelmek, buğulanmak; rutubetlenmek",,
nemletmek,Nemli duruma getirmek,,
nemrutlaşmak,Nemrut gibi davranmak,,
nesnelleşmek,Nesnel duruma gelmek,,
nesnelleştirmek,Nesnelleşme işini yaptırmak,,
neşelendirebilmek,Neşelendirme ihtimali veya imkânı bulunmak | Neşelendirme becerisi bulunmak,,
neşelendirmek,"Neşeli duruma getirmek, şenlendirmek, keyiflendirmek",,
neşelenmek,Neşeli duruma gelmek,,
neşredebilmek,Neşretme ihtimali veya imkânı bulunmak | Neşretme gücü bulunmak,Arapça neşr + Türkçe edebilmek,
neşretmek,"Yaymak, dağıtmak, saçmak",Arapça neşr + Türkçe etmek,ne'şretmek
neşrettirmek,Neşretme işini yaptırmak,,ne'şrettirmek
neşterlemek,"Neşterle kesmek | Üzüntü verecek bir durumu veya sorunu hatırlatmak, deşmek",,
neticeleşmek,Sonuca erişmek,,
netleşmek,"Net, açık seçik, iyi bir duruma gelmek",,
netleştirebilmek,Netleştirme ihtimali veya imkânı bulunmak | Netleştirme gücü bulunmak,,
netleştirmek,Net ve açık bir duruma kavuşturmak,,
nezetmek,"Koparmak, çekip almak | Can çekişmek",Arapça nezʿ + Türkçe etmek,ne'zetmek
nicelemek,"Bir şeyi sayı, ölçü vb. ile bildirmek | Bir terime, tek veya çok oluşuna göre bir nicelik yüklemek [mantık]",,
nihayetlendirmek,Nihayetlenme işini yaptırmak,,
nihayetlenmek,"Bitmek, son bulmak, sona ermek",,
nikellemek,Nikel ile kaplamak,,
nikâhlamak,Nikâh kıymak,,
nikâhlanmak,Bir kimseye nikâhla bağlanmak | Bir erkekle bir kadının yasal olarak nikâh işlemleri yapılmak,,
nişanlamak,"Bir çiftin evlenme işinin kararlaştığına belirti olarak parmaklarına yüzük takmak; yavuklamak | Bir hedefi vurmak için silah, taş vb.ne belli bir doğrultu vermek | Bir şeyin yerini belirtmek, işaretlemek; nişan koymak",,
nişanlanmak,"Nişanlı duruma gelmek; adaklanmak, yavuklanmak | Evlenmeye söz verme belirtisi olarak nişan yüzüğü takmak",,
nişanlayabilmek,Nişanlama ihtimali veya imkânı bulunmak,,
nişanlayıvermek,Çabucak veya ansızın nişanlamak,,nişanlayı'vermek
nişastalanmak,"Nişastaya karışmış olmak, nişasta ile işlem görmek",,
nitelemek,Bir şeyin niteliğini belirtmek,,
nitelendirebilmek,Nitelendirme ihtimali veya imkânı bulunmak,,
nitelendirilmek,Nitelendirme işine konu olmak; vasıflandırılmak,,
nitelendirmek,"Niteliğini belirtmek, nitelik kazandırmak; vasıflandırmak",,
nitelenmek,"Niteliği belirtilmek, nitelik kazanmak; vasıflanmak",,
niteleyebilmek,Niteleme ihtimali veya imkânı bulunmak | Niteleme becerisi bulunmak,,
niyetlenmek,"Niyet etmek, tasarlamak | Oruç tutmaya karar vermek [din bilimi]",,
nodullamak,"Hayvanı üvendireyle veya sopayla dürtmek | Dürtmek, uyarmak, hatırlatmak",,
nodullanmak,Nodullama işine konu olmak,,
noktalamak,"Nokta koymak | Yazıda noktalama işaretlerini yerli yerine koymak | Sona erdirmek, bitirmek",,
noktalandırmak,Noktalanma işini yaptırmak,,
noktalanmak,Noktalama işi yapılmak,,
noktalayabilmek,Noktalama ihtimali veya imkânı bulunmak | Noktalama gücü bulunmak,,
normalleşmek,"Normal duruma gelmek, normal olmak",,
normalleştirebilmek,Normalleştirme ihtimali veya imkânı bulunmak,,
normalleştirmek,Normal duruma getirmek,,
notalamak,Bir eseri notaya almak [müzik],,
notlamak,Not vermek | Not olarak kaydetmek | Bir metnin daha iyi anlaşılmasını sağlamak için notlarla açıklamalarda bulunmak | Tespit etmek,,
notlandırılmak,Notlandırmak işi yapılmak,,
notlandırmak,Not vermek | Not almak | Bir metnin daha iyi anlaşılmasını sağlamak için notlarla açıklamalarda bulunmak,,
notlanmak,Notlamak işi yapılmak,,
nöbetleşmek,Sıra ile nöbet tutmak,,
nötrlemek,Asit veya alkali tepkisi gösteren bir eriyiği alkali veya asit katarak nötr duruma getirmek [kimya],,
nötrleşmek,Nötr duruma gelmek,,
nötrleştirmek,Nötr duruma gelmesini sağlamak,,
numaralamak,"Bir veya daha fazla sıra numarasıyla göstermek, numara koymak",,
numaralandırmak,"Numara vermek, numaralama işini yapmak",,
numaralanmak,Numaralama işine konu olmak,,
nurlandırmak,"Nur gibi yapmak, parlak ve tertemiz bir duruma getirmek",,
nurlanmak,"Işık içinde kalmak | Temiz, parlak bir duruma gelmek",,
obruklanmak,Kuyu çökmek | Bir yer çökerek çukur duruma gelmek,,
obruklaşmak,Kuyu çökmek | Bir yer çökerek çukur duruma gelmek,,
oburlaşmak,Obur duruma gelmek,,
ocumak,"Bir şeyden soğumak | Bir şeyden korkmak, ürkmek, çekinmek",,
odaklamak,"İyi görüntü elde etmek, görüntüyü tam odak noktasına düşürmek için alıcı merceğini ayarlamak; fokuslamak [sinema]",,
odaklanabilmek,Odaklanma imkânı olmak | Odaklanma becerisi bulunmak,,
odaklandırmak,Odaklanma işini yaptırmak,,
odaklanmak,"Odaklama işine konu olmak; fokuslanmak | Belli bir noktada, yerde veya olguda toplanmak; kilitlenmek, odaklaşmak",,
odaklaşmak,Bir ışık demeti veya elektron akışı bir noktada toplanmak [fizik] | Odak durumuna gelmek,,
odaklaştırmak,Bir ışık demetini veya elektron akışını bir noktaya toplamak [fizik] | Odak durumuna getirmek,,
odaklayabilmek,Odaklama ihtimali veya imkânı bulunmak,,
odunlaşmak,Bitkiler odun durumuna gelmek,,
oflamak,"""Of"" diyerek sıkıntı, bezginlik, usanç, acı veya yorgunluk duyduğunu belli etmek",,
oğlaklamak,"Keçi, yavrulamak",,
oğullanmak,"Oğullu olmak, çocuklu duruma gelmek | Arılar oğul durumuna gelmek",,
ohlamak,"Oh sesini çıkarmak | Rahata ermek, rahata kavuşmak, rahat bir soluk almak",,
ojelemek,Oje sürmek,,
okkalamak,Bir şeyin ağırlığını yaklaşık olarak anlayabilmek için elle yoklamak,,
oklamak,Ok gibi fırlamak | Okla vurmak,,
oklanmak,Okla vurulmak,,
okramak,"Acıkmış, susamış olan at yiyecek veya su gördüğü zaman kişnemek",,
oksijenlemek,Bir maddenin birleşimine oksijen katmak [kimya] | Saçların rengini sulandırılmış oksijenli su ile sarartmak,,
oksijenlenmek,Oksijen ile birleşmek [kimya] | Özünde oksijen bulundurmaya başlamak,,
oksitlemek,"Oksit durumuna getirmek, oksijenle birleştirmek; yükseltgemek [kimya]",,
oksitlenmek,Oksijenle birleşerek oksit durumuna gelmek; yükseltgenmek [kimya],,
oksitleşmek,Bir element veya birleşik okside dönüşmek [bitki bilimi],,
okşamak,"Sevgi, şefkat belirtisi olarak elini bir şeyin üzerinde yavaş yavaş gezdirmek veya ona hafifçe vurmak; sevmek, sıvazlamak | Hafifçe dokunmak | Hafifçe dövmek | Hoşnut etmek | Benzemek, andırmak, hatırlatmak",,
okşanmak,Okşama işine konu olmak,,
okşatmak,Okşama işini yaptırmak,,
okşayabilmek,Okşama ihtimali veya imkânı bulunmak,,
okşayıvermek,Çabucak veya ansızın okşamak,,okşayı'vermek
okullaşmak,Okul durumuna gelmek | Okul sayısı artmak,,
okullulaşmak,Bir yerde okula giden öğrenci sayısı artmak,,
okumak,"Bir metni sadece harf ve işaretlere bakıp anlamak veya metni seslendirmek | Yazılmış bir metnin iletmek istediği şeyleri öğrenmek | Bir konuyu öğrenmek için okulda, bir öğretmenin yanında veya yazılı şeyler üzerinde çalışmak, öğrenim görmek | Sesli olarak söylemek | Şarkı, türkü vb.ni sesli olarak nağme ile söylemek | Bir şeyin anlamını çözmek | Nazarı önlemek veya gidermek, bir hastanın iyi olmasını, bir işin çözülmesini sağlamak için bazı duaları usulüne göre söylemek | Bazı belirtilerle bir anlamı, gizli bir duyguyu anlamak, kavramak | Yazı dışındaki işaret ve izleri değerlendirerek çözmek, yorumlamak | Sövmek, küfretmek | Bir yere çağırmak, davet etmek; okuntu göndermek | Anlatmak, ortaya dökmek",,
okunabilmek,Okunma ihtimali veya imkânı bulunmak,,
okunmak,"Okuma işine konu olmak | Belli olmak, açıkça görünmek | Davet edilmek, çağrılmak",,
okunulmak,Okuma işi yapılmak; okunmak,,
okuryazarlaşmak,Okuryazar hâle gelmek,,
okutabilmek,Okutma ihtimali veya imkânı bulunmak,,
okutmak,"Okumasını, öğrenim görmesini sağlamak | Okuma işini yaptırmak | Ders vermek, bir konu üzerinde yetiştirmek | Satarak elinden çıkarmak | Bir kimseyi yankesicilik, kumar, dolandırıcılık gibi işlerde yetiştirmek",,
okutturabilmek,Okutturma ihtimali veya imkânı bulunmak,,
okutturmak,Okutma işini yaptırmak,,
okutulmak,Okutma işine konu olmak,,
okuyabilmek,Okuma ihtimali veya imkânı bulunmak,,
okuyuvermek,Çabucak veya kısa sürede okumak,,okuyu'vermek
olabilmek,"Olma, gerçekleşme ihtimali veya imkânı bulunmak",,
oladurmak,Olmaya başlayıp sürmekte olmak | Öteden beri olmak,,ola'durmak
olagelmek,Öteden beri sürüp gelmek | Hep belli bir biçimde olmak,,ola'gelmek
olağanlaşabilmek,Olağanlaşma ihtimali ve imkânı bulunmak,,
olağanlaşmak,Olağan duruma gelmek,,
olağanlaştırmak,Olağan duruma getirmek,,
olanaksızlaşmak,Olanaksız duruma gelmek,,
olanaksızlaştırmak,Olanaksız duruma getirmek,,
olayazmak,Az kalsın olmak,,ola'yazmak
olaylaştırmak,Olay durumuna getirmek | Gereğinden fazla büyütüp olay yapmak,,
oldurmak,Olmasını sağlamak | Olması imkânsız görünen şeyleri gerçekleştirmek,,
oldurtmak,Oldurma işini yaptırmak,,
olgunlaşabilmek,Olgunlaşma ihtimali veya imkânı bulunmak,,
olgunlaşmak,"Meyve olgun duruma gelmek | İnsanın bilgi, görgü ve hoşgörüsü gereği kadar gelişmiş olmak; tekemmül etmek | Herhangi bir şey gelişmek, kıvamını bulmak | Yazı, düşünce olgun duruma gelmek; tekemmül etmek",,
olgunlaştırabilmek,Olgunlaştırma ihtimali bulunmak,,
olgunlaştırmak,"Olgun duruma getirmek; oldurmak, pişirmek",,
olmak,"Meydana gelmek, vuku bulmak | Gerçekleşmek veya yapılmak | Bir görev, makam, san veya nitelik kazanmak | Bir şeyi elde etmek, edinmek | Bir durumdan başka bir duruma geçmek | Herhangi bir durumda bulunmak; yapmak | Uygun düşmek, yerinde görülmek | Yetişmek, olgunlaşmak | Hazırlanmak, hazır duruma gelmek | Bir yerde bulunmak | Geçmek, tamamlanmak | Sürdürmek, yürütmek | Bir kuruluşla, örgütle ilgili bulunmak, mensup olmak | Yaklaşmak, gelip çatmak | Bir şey, birinin mülkiyetine geçmek | Ek fiilin geniş zamanı olan -dır (-dir) anlamında kullanılan bir söz | Sarhoş olmak | Uymak, tam gelmek | Yitirmek, elinden kaçırmak | Bir yerde doğmuş, yaşamış olmak | Bir olayla karşılaşmak, başına kötü bir şey gelmek | Yol açmak | Bir ad veya sıfatın belirttiği durumu almak | Sıfat-fiil eki almış kelimelerden sonra anlamı kuvvetlendirmek için kullanılır | Hastalığa yakalanmak, tutulmak",,
olmazlanmak,Yapmak istememek,,
oluklaşmak,"Oluk durumuna girmek, oluk görünümü almak",,
olumlanmak,Olumlu duruma gelmek veya getirilmek,,
olumsuzlamak,"Olumsuz olduğunu kabul etmek, düşünmek",,
olumsuzlanmak,Olumsuz duruma gelmek veya getirilmek,,
olumsuzlaşmak,Olumsuz duruma gelmek,,
olumsuzlaştırmak,Olumsuz duruma getirmek,,
olunabilmek,Olunma ihtimali veya imkânı bulunmak,,
olunmak,Olma işine konu olmak,,
oluşabilmek,Oluşma ihtimali veya imkânı bulunmak,,
oluşmak,"Belli bir varlık kazanmak, ortaya çıkmak, meydana gelmek; teşekkül etmek",,
oluşturabilmek,Oluşturma ihtimali veya imkânı bulunmak | Oluşturmaya gücü yetmek,,
oluşturmak,"Oluşmasını sağlamak, meydana getirmek, teşekkül ettirmek, tekvin etmek",,
oluşturtmak,Oluşturma işini yaptırmak,,
oluşturulabilmek,Oluşturulma ihtimali veya imkânı bulunmak,,
oluşturulmak,"Oluşması sağlanmak, teşekkül ettirilmek",,
oluşturuvermek,Çabucak veya kısa sürede oluşturmak,,oluşturu'vermek
oluşuvermek,Aniden oluşmak,,oluşu'vermek
oluvermek,Çabucak veya kısa sürede olmak,,olu'vermek
omuzlamak,"Omzuna almak, omzuna vurmak | Omzuyla dayayıp itmek | Destek vermek | Bir iş veya görevi yüklenmek, sorumluluk almak | Alıp götürmek, sırtlayıp kaçırmak, aşırmak",,
omuzlanmak,Omuzlama işine konu olmak,,
omuzlayabilmek,Omuzlama ihtimali veya imkânı bulunmak,,
onamak,Bir işi doğru ve uygun bulmak; tasvip etmek,,
onanmak,Onama işine konu olmak,,
onarabilmek,Onarma ihtimali veya imkânı bulunmak,,
onarılmak,"Onarma işine konu olmak, onarma işi yapılmak",,
onarıvermek,Çabucak ve kolayca onarmak,,
onarmak,"Bozulmuş, eskimiş olan bir şeyi düzeltip işler veya kullanılır duruma sokmak, işe yarar duruma getirmek; tamir etmek | Bir yapının, bir heykelin, bir resmin bozulmuş yerlerini yeniden yapmak, ilk duruma getirme; restore etmek | İşlenen bir kusuru, yapılan bir yanlışlığı giderecek veya önleyecek davranışlarda bulunmak",,
onartmak,"Onarma işini birine yaptırmak, tamir ettirmek",,
onaşmak,"Karşılıklı rıza göstermek, razı olmak",,
onatmak,Onama işini yaptırmak,,
onayabilmek,Onama ihtimali veya imkânı bulunmak,,
onaylamak,"Yapılan bir işi doğru ve yerinde bularak kabul etmek; tasdik etmek, tasdiklemek | Denetlemek, doğrulamak",,
onaylanmak,"Onaylama işi yapılmak veya onaylama işine konu olmak; tasdiklenmek, tasdik edilmek",,
onaylatabilmek,Onaylatma ihtimali veya imkânı bulunmak; tasdikletebilmek,,
onaylatılmak,Onaylatma işi yapılmak; tasdikletilmek,,
onaylatmak,"Onaylama işini birine yaptırmak; tasdikletmek, tasdik ettirmek",,
onaylattırılmak,Onaylattırma işi yapılmak; tasdiklettirilmek,,
onaylattırmak,Onaylatma işini yaptırmak; tasdiklettirmek,,
onaylayabilmek,Onaylama ihtimali veya imkânı bulunmak; tasdikleyebilmek,,
ondurmak,"İyileştirmek, şifa vermek | Birinin mutluluğunu sağlamak",,
onmak,"Daha iyi bir duruma girmek; salah bulmak | Eksiği kalmayıp gönül ferahlığına ermek; mutlu olmak, mesut olmak | Hastalıktan, dertten kurtulmak; şifa bulmak, felah bulmak",,
onulmak,Onma işine konu olmak,,
onurlanmak,Onur duymak,,
operatörleşmek,"Operatör olmak, operatör gibi davranmak",,
oraklaşmak,Orak biçimini almak,,
oranlamak,"Ölçmek, hesaplamak, hesap etmek | Akıl yoluyla gerçeğe yakın olduğuna inanılarak hüküm vermek, tahmin etmek | Karşılaştırmak, kıyaslamak | Eşit tutmak",,
oranlayabilmek,Oranlama ihtimali veya imkânı bulunmak,,
orantılamak,Orantılı olarak düşünmek veya değerlendirmek,,
orantılanmak,Orantılı olarak düşünülmek,,
organlaşmak,Canlılarda organlar oluşmak,,
ormanlaşmak,Orman durumuna gelmek,,
ormanlaştırmak,Orman durumuna getirmek,,
ormansızlaşmak,"Çeşitli sebeplerle ormanını yitirmek, ormansız kalmak,",,
ornatmak,Bir şeyin yerine başka bir şeyi koymak; ikame etmek,,
orsalamak,Gemi rüzgâr alan tarafa dönmek [denizcilik],,
ortaklaşmak,Ortak olarak davranmak; kolektifleşmek,,
ortaklaştırmak,Ortak duruma getirmek; kolektifleştirmek,,
ortalamak,"Ortasını bulmak, ortasına varmak | Futbolda topu kale ağzındaki arkadaşlarına havadan göndermek [spor]",,
ortalatmak,Ortalama işini yaptırmak,,
ortalayabilmek,Ortalama ihtimali veya imkânı bulunmak,,
osurtmak,Osurma işini yaptırmak,,
otalamak,"Zehirlemek, ağılamak",,
otamak,"Bitkinin yaprak veya köklerini vererek bir hastalığı iyi etmeye çalışmak, tedavi etmek; otalamak",,
otlamak,"Hayvan, dolaşarak yerdeki ot, çimen, yaprak vb.ni yemek; yayılmak | Meşgul olmak | Para ve emek harcamadan başkalarının sırtından geçinmek",,
otlanmak,Hayvan otlamak | Para ve emek harcamadan başkalarının sırtından geçinmek,,
otlatabilmek,Otlatma ihtimali veya imkânı bulunmak,,
otlatılmak,Otlatma işi yapılmak,,
otlatmak,"Hayvanı veya sürüyü otlayabileceği bir yere götürmek, otlamaya bırakmak, otlamasını sağlamak; otarmak",,
otomatikleşmek,Otomatik duruma gelmek,,
otomatikleştirmek,Otomatikleşme işini yaptırmak,,
oturabilmek,Oturma ihtimali veya imkânı bulunmak,,
oturakalmak,Oturup kalmak | Bir şey bir yere yerleşmek,,otura'kalmak
oturmak,"Vücudun belden yukarısı dik duracak biçimde ağırlığı kaba etlere vererek bir yere yerleşmek | Bu biçimde yerleştiği yerde kalmak | Uygun gelmek, ölçüleri tam olmak | Bir yerde sürekli olarak kalmak, ikamet etmek | Hiçbir iş yapmadan boş vakit geçirmek, boş durmak | Toprak veya yapı çökmek, aşağı inmek | Biriyle beraber yaşamak | Bir işi yapmakta olmak, bir işe başlamak üzere olmak | Yer almak, geçmek | Benimsenmek, yerleşmek, kökleşmek | Belli bir yörüngede dönmeye başlamak | Sıvı tortuları dibe çökmek, dipte toplanmak | Herhangi bir durumda belli bir süre kalmak",,
oturtabilmek,Oturtma ihtimali veya imkânı bulunmak,,
oturtmak,"Oturma işini yaptırmak | Koymak, yerleştirmek",,
oturtturmak,Oturtma işini yaptırmak,,
oturtulmak,Oturtma işine konu olmak,,
oturulabilmek,Oturma ihtimali veya imkânı bulunmak,,
oturulmak,Oturma işi yapılmak,,
oturuşmak,"Yatışmak, hızı azalmak",,
oturuvermek,Ansızın veya çabucak oturmak,,oturu'vermek
ovalamak,Ellerini bir şeye veya birbirine sürtmek | Sertçe ovmak | Ezmek veya ufak parçalara ayırmak,,
ovalanmak,Ovalama işine konu olmak | Kendi kendini ovmak,,
ovalatmak,Ovalama işini yaptırmak,,
ovdurmak,Ovma işini yaptırmak,,
ovdurtmak,Ovdurma işini yaptırmak,,
ovmak,Bir şeyin üzerine bastırarak el gezdirmek | Bir yere bir şeyi kuvvetle sürterek temizlemek,,
ovulmak,Ovma işine konu olmak,,
ovunmak,Ovma işi yapılmak,,
ovuşturmak,Bir şeyi bastırarak başka bir şey üzerinden geçirmek | Eli birbirine sürtmek,,
oyabilmek,Oyma ihtimali bulunmak | Oymaya gücü yetmek,,
oyalamak,"Belirli bir süre birinin dikkat ve ilgisini başka bir şey üzerine çekmek, meşgul etmek; bekletmek, eğlemek | Vakit kazanmak için aldatmak | Eğlendirmek, hoşça vakit geçirtmek",,
oyalamak,Oya ile süslemek,,
oyalanabilmek,Oyalanma ihtimali veya imkânı bulunmak,,
oyalandırmak,"Oyalanmasına yol açmak, oyalanmasını sağlamak",,
oyalanmak,"Oyalama işine konu olmak; meşgul olmak | Boşuna zaman harcamak | Vakit geçirmek; beklemek, eğlenmek",,
oyalayabilmek,Oyalama ihtimali veya imkânı bulunmak,,
oydaşmak,Düşünce birliği içerisinde olmak,,
oydurmak,Oymasını sağlamak,,
oylamak,Oya koymak veya oya sunmak,,
oylanmak,Oylama işi yapılmak,,
oylaşmak,Müzakere etmek,,
oylatmak,Oylama işini yaptırmak,,
oylayabilmek,Oylama ihtimali veya imkânı bulunmak,,
oylumlamak,Resim ve heykelde ögelere oylum duygusu ve biçim vermek | Küçülterek yapmak,,
oymak,"Keskin, sivri uçlu bir cisimle bir şeyi yontarak veya delerek çukur oluşturmak | Kumaş vb.ni girintili bir biçimde kesmek | Bıçaklayarak yaralamak",,
oymak,İzcilikte küçük birlik,,
oymak,"Hemen hemen benzer veya aynı tür yıldızlardan oluşmuş, Samanyolu'nun seyrek yapılı genç kümelerinden her biri [gök bilimi]",,
oynamak,"Vakit geçirme, eğlenme, oyalanma vb. amaçlarla bir şeyle uğraşmak | Kımıldamak, hareket etmek | Bir şeyi sürekli evirip çevirmek veya sürekli olarak ona dokunmak | Bir film, oyun vb.nde rol almak | Film gösterilmek | Tiyatro eseri sahneye konmak | Eşyanın herhangi bir parçası kımıldamak, hareket etmek | Sarsılmak, yeri değişmek | Sporla ilgili çalışmalara katılmak | Müziğin gerektirdiği uyumlu hareketleri yapmak | Büyük bir ustalık, beceri ve kolaylıkla bir işi yapmak | Değişiklik göstermek | Tehlikeye düşürmek | Oyalanmak, gereği gibi yapmamak, boşuna vakit geçirmek | Rastgele yön vermek, aldatmak | Herhangi birine karşı önemsemeyici davranışlarda bulunmak | Tedirgin etmek, rahatsız edici davranışta bulunmak | Değiştirmek, bozmak, tahrif etmek",,
oynanabilmek,Oynanma ihtimali veya imkânı bulunmak,,
oynanmak,Oynama işine konu olmak; sergilenmek,,
oynaşmak,"Birbiriyle oynamak | Karşılıklı sevişmek, sevgi gösterisinde bulunmak, cilveleşmek, âşıktaşlık etmek, korte etmek",,
oynatabilmek,Oynatma ihtimali veya imkânı bulunmak,,
oynatılmak,Oynatma işine konu olmak,,
oynatıvermek,Ansızın veya çabucak oynatmak,,oynatı'vermek
oynatmak,"Oynamasını sağlamak | Kımıldamasına yol açmak | Herhangi bir canlıya istenilen hareketleri yaptırmak | Bir araç, gereç kullanmak | Aklını yitirmek | Korkutmak, heyecanlandırmak | Herhangi bir ödevi yerine getirmeyerek karşı tarafı düzenle oyalamak | Sahneye koymak [tiyatro]",,
oynattırmak,Oynatma işini yaptırmak,,
oynayabilmek,Oynama ihtimali veya imkânı bulunmak,,
oynayıvermek,Ansızın veya çabucak oynamak,,oynayı'vermek
oyulgalamak,"Gelişigüzel dikmek; oyulgamak | Bir yere saplamak, sokmak",,
oyulgalanmak,Kumaş gelişigüzel dikilmek | Belli bir noktada seyrek biçimde bir araya gelmek,,
oyulganmak,Oyulgalama işi yapılmak | Bir şeyin içine iyice girmek,,
oyulmak,Oyma işi yapılmak,,
oyumlamak,"Bitki kök salmak, tutmak",,
oyunlaştırılmak,Oyun biçimine getirilmek,,
oyunlaştırmak,Tiyatro türünden olmayan herhangi bir eseri teknik yönden oynanabilir duruma getirmek,,
oyuvermek,Çabucak veya kısa sürede oymak,,oyu'vermek
ozonlamak,Oksijeni ozon durumuna getirmek [kimya],,
ozonlaşmak,Ozon durumuna gelmek [kimya],,
öbeklenmek,"Öbek durumuna gelmek, öbek öbek olmak",,
öbekleşmek,"Bir grup oluşturmak, öbek durumunu almak",,
öçlenmek,"Öç beslemek, öç ile dolu duruma gelmek, hınç beslemek, kin duymak",,
ödemek,"Bir alışveriş ilişkisinde, borcu alacaklıya vermek; tediye etmek | Bir alışverişte alınan şeyin karşılığını alacaklıya vermek | Bedelini vererek bir zararı karşılamak; tazmin etmek | Bir iş, bir kuruluş harcanan, yatırılan parayı çıkartmak; ifa etmek | Bir işin, bir görevin karşılığını vermek | Bir şey karşısında fedakârlık etmek, bir şey elde etmek için özveride bulunmak",,
ödenmek,Ödeme işine konu olmak,,
ödeşmek,"Birbirine olan borçları ödeyip alacak verecek bırakmamak | Karşılık olarak benzer iş, hareket yapıp veya bir şey verip borçlu kalmamak",,
ödeştirmek,Ödeşme işini yaptırmak,,
ödetebilmek,Ödetme ihtimali veya imkânı bulunmak,,
ödetilmek,Ödetme işi yapılmak,,
ödetmek,Ödeme işini yaptırmak,,
ödettirmek,Ödetme işini yaptırmak,,
ödevlendirilmek,Ödevlendirme işine konu olmak; vazifelendirilmek,,
ödevlendirmek,Birine ödev vermek; vazifelendirmek,,
ödeyebilmek,Ödeme ihtimali veya imkânı bulunmak,,
ödeyivermek,Çabucak veya kısa sürede ödemek,,ödeyi'vermek
ödüllendirebilmek,Ödüllendirme ihtimali veya imkânı bulunmak,,
ödüllendirilmek,Ödüllendirme işi yapılmak,,
ödüllendirmek,Bir başarıyı veya bir iyiliği ödülle değerlendirmek; mükâfatlandırmak,,
ödünçlemek,Ödünç olarak almak,,
ödünçlenmek,Ödünç alıp vermek,,
ödünçleşmek,Karşılıklı ödünç alıp vermek,,
ödünlemek,Ödünle karşılamak; taviz vermek,,
öfkelendirmek,"Öfkelenmesine yol açmak; kızdırmak, cinlendirmek, hiddetlendirmek",,
öfkelenebilmek,Öfkelenme ihtimali veya imkânı bulunmak,,
öfkelenmek,"Öfkeli duruma düşmek; kızmak, cinlenmek, hiddetlenmek",,
öğrenebilmek,Öğrenme ihtimali veya imkânı bulunmak,,
öğrenilmek,Öğrenme işi yapılmak,,
öğrenivermek,Çabucak veya kısa sürede öğrenmek,,öğreni'vermek
öğrenmek,"Bilgi edinmek; bellemek (I) | Yetenek, beceri kazanmak | Haber almak",,
öğretebilmek,Öğretme ihtimali veya imkânı bulunmak,,
öğretilmek,Öğretme işi yapılmak,,
öğretmek,"Bir kimseye bir konuda bilgi kazandırmak | Yetenek, beceri kazandırmak | Bilinmeyen bir konudan haberdar olmasını sağlamak",,
öğürleşmek,"Öğür olmak, birbirine alışmak, istinas etmek",,
öğürmek,"Kusarken veya kusacak gibi olurken ""öğürtü"" sesi çıkarmak",,
öğürtlemek,"Ayırmak, ayıklamak, seçmek, temizlemek",,
öğürtmek,Öğürmesine yol açmak,,
öğütebilmek,Öğütme ihtimali veya imkânı bulunmak,,
öğütlemek,Birine bir şeyi yapmasını veya yapmamasını söylemek; nasihat etmek,,
öğütleyebilmek,Öğütleme ihtimali veya imkânı bulunmak,,
öğütmek,"Tane durumundaki nesneleri bir araçla ezerek un durumuna getirmek | Ezmek, çiğnemek | Mide yiyecekleri sindirmek",,
öğütülmek,Öğütme işine konu olmak,,
ökselemek,Ökse ile yakalamak,,
öksemek,"Özlemek, göreceği gelmek, istemek",,
öksürmek,Solunum yolları zarlarının rahatsızlığı sebebiyle akciğerlerdeki havayı birdenbire ve gürültülü bir sesle dışarı vermek | Öksürtücü bir hastalığa tutulmuş olmak,,
öksürtmek,"Öksürmesini sağlamak, öksürmesine sebep olmak",,
öksüzleşmek,Öksüz hâle gelmek,,
ölçebilmek,Ölçme ihtimali veya imkânı bulunmak,,
ölçeklemek,"Herhangi bir bütüne ait parametre ve değerleri kullanıcıya daha anlamlı gelecek biçimde düzenlemek | Uzunluk, uzaklık vb. değerlerin gerçek ölçüleri arasındaki oranını koruyup küçülterek göstermek",,
ölçeklendirilmek,Ölçeklendirmek işi yapılmak,,
ölçeklendirmek,Ölçeklemek işini yapmak | Ölçekleme işini yaptırmak | Yeniden boyutlandırmak,,
ölçeklenmek,Ölçeklemek işi yapılmak,,
ölçermek,"Sönmekte olan ateşi, lambayı canlandırmak",,
ölçmek,"En, boy, hacim, süre gibi nicelikleri kendi cinslerinden seçilmiş bir birimle karşılaştırıp kaç birim geldiklerini belirtmek | Aşırı olmamasına dikkat etmek, kontrol etmek",,
ölçtürmek,Ölçme işini yaptırmak,,
ölçülebilmek,Ölçülme ihtimali veya imkânı bulunmak,,
ölçülendirmek,Ölçme işlemlerini bir düzlem üzerine aktarmak,,
ölçülmek,Ölçme işine konu olmak,,
ölçümlemek,"Muhakeme etmek | Bir ölçü aletinin veya ölçme sisteminin gösterdiği değerler ile ölçülenin bilinen değerleri arasındaki ilişkiyi belli koşullar altında incelemek; ölçülülemek | Akıl süzgecinden geçirmek, sonuç almak, takdir etmek",,
ölçümleyebilmek,Ölçümleme ihtimali veya imkânı bulunmak,,
ölçünmek,Bir şeyi uzun uzun düşünüp hesaplamak; teemmül etmek,,
ölçüşebilmek,Ölçüşme ihtimali veya imkânı bulunmak,,
ölçüşmek,"Biriyle yan yana gelerek boy bakımından ölçülmek | Yarışmak, müsabaka yapmak | Karşılaştırmak, mukayese etmek",,
ölçüştürmek,"Ölçüşme işini yaptırmak | Aradaki farkı bulmak için iki şeyi yan yana getirerek karşılaştırmak, mukayese etmek",,
öldürebilmek,Öldürme ihtimali veya imkânı bulunmak; gebertebilmek,,
öldürmek,"Bir canlının hayatına son vermek; gebertmek, götürmek, nallamak, tepelemek | Bitkinin solarak kurumasına sebep olmak | Çok üzmek | Aşırı yormak | Boşuna geçmek | Ölmesine yol açmak; götürmek | Sağlığını bozmak, rahatsızlık vermek | Yok olmasına, ortadan kalkmasına, azalmasına yol açmak | Etkisini ve gücünü azaltmak | Bazı şeylerin diriliğini, tazeliğini veya sertliğini gidermek",,
öldürtebilmek,Öldürtme ihtimali veya imkânı bulunmak,,
öldürtmek,Öldürme işini yaptırmak,,
öldürülmek,Öldürme işine konu olmak; gebertilmek,,
ölebilmek,Ölme ihtimali bulunmak,,
öleyazmak,"Az kalsın ölmek, ölme tehlikesi atlatmak",,öle'yazmak
ölmek,"Yaşamaz olmak, hayatı sona ermek, can vermek; cavlamak (II), gitmek, göçmek, gümbürdemek, kakırdamak, kıkırdamak, yürümek, zıbarmak, cartayı çekmek, zartayı çekmek, mortlamak | Bitki, solmak | Bazı sebeplerle çok sıkıntı veya acı çekmek | Değerini, geçerliğini, gücünü yitirmek, kullanılmamak",,
ölümsüzleşebilmek,Ölümsüzleşme ihtimali veya imkânı bulunmak,,
ölümsüzleşmek,"Ölümsüz olmak, ölümsüz duruma gelmek; bengileşmek, ebedîleşmek",,
ölümsüzleştirebilmek,Ölümsüzleştirme ihtimali veya imkânı bulunmak; ebedîleştirebilmek,,
ölümsüzleştirilmek,Ölümsüz duruma getirilmek; ebedîleştirilmek,,
ölümsüzleştirmek,"Ölümsüz duruma getirmek; ölmezleştirmek, ebedîleştirmek",,
ölünmek,Kendini feda etmek,,
ölüvermek,Ansızın ölmek,,ölü'vermek
öncelemek,"Bir şeyi önceden yapmak, geri bırakmamak, öne almak; takdim etmek | Tanıtmak, yönlendirmek amacıyla överek öne çıkarmak; lanse etmek",,
öncellemek,"Öncelikli duruma getirmek | Ayrıcalıklı duruma getirmek | Öne çıkarmak, önceliğini vurgulamak | Diğer oyuncuya veya topa göre konum belirleyerek hareket etmek [spor] | Yazar edebî eserde olacakları önceden sezdirmek. [edebiyat]",,
önemsemek,"Önemli saymak; önem vermek, mühimsemek",,
önemsenmek,"Önem verilmek, üzerinde durulmak",,
önemsetmek,Önemseme işini yaptırmak,,
önemseyebilmek,Önemseme ihtimali veya imkânı bulunmak,,
önerebilmek,Önerme ihtimali veya imkânı bulunmak,,
önerilebilmek,Önerilme ihtimali veya imkânı bulunmak,,
önerilmek,Önerme işine konu olmak,,
önermek,Tavsiye etmek | Bir sorunu çözmek üzere bir şey öne sürmek; teklif etmek,,
öngörebilmek,Öngörme ihtimali veya imkânı bulunmak,,
öngörmek,Bir işin ilerisini kestirmek veya bir işin nasıl bir yol alacağını önceden anlayabilmek ve ona göre davranmak,,
öngörülmek,"İlerisi için kararlaştırılmak, göz önünde tutulmak",,
önlemek,"Bir şeyin olmasına veya yapılmasına engel olmak | Ortaya çıkan veya çıkacağı düşünülen bir tehlikeyi durdurmak, önüne geçmek",,
önlenebilmek,Önleme imkânı veya ihtimali bulunmak,,
önlenmek,Önleme işi yapılmak,,
önleyebilmek,Önleme ihtimali veya imkânı bulunmak,,
öpebilmek,Öpme ihtimali veya imkânı bulunmak,,
öpmek,"Sevgi, saygı, bağlılık, teşekkür belirtmek amacıyla dudaklarını bir şeye veya birine değdirmek",,
öptürmek,Öpme işini yaptırmak veya öpmesine izin vermek,,
öptürtmek,Öptürme işini yaptırmak,,
öpülmek,Öpme işine konu olmak,,
öpüşebilmek,Öpüşme ihtimali veya imkânı bulunmak,,
öpüşmek,"Birbirini öpmek | Nesnelerin parçaları birbiriyle tam olarak yan yana bulunmak, teması olmak",,
öpüştürmek,Öpüşme işini yaptırmak,,
öpüvermek,Ansızın öpmek,,öpü'vermek
ördürmek,"Örme işini yaptırmak, örmesini sağlamak",,
örebilmek,Örme ihtimali veya imkânı bulunmak,,
örgülemek,Örgü durumuna getirmek,,
örgütlemek,İnsanları veya işleri örgütlü duruma getirmek; teşkilatlandırmak | Herhangi bir amacı gerçekleştirmek için insanları bir araya getirmek; organize etmek,,
örgütlendirilmek,Örgütlendirme işi yapılmak; teşkilatlandırılmak,,
örgütlendirmek,Bir örgüt etrafında toplamak,,
örgütlenebilmek,Örgütlenme ihtimali veya imkânı bulunmak; teşkilatlanabilmek,,
örgütlenmek,Örgütleme işine konu olmak; teşkilatlanmak | Örgüt durumuna girmek,,
örgütleşmek,Örgüt durumuna gelmek,,
örklemek,Hayvanları otlamaları için uzun bir iple çayıra bağlamak,,
örmek,"İplik, yün, tel, saz vb.ni birbirine dolayarak veya geçirerek işlemek veya tezgâhta dokumak | Kumaşlardaki delikleri elde iplikle besleyerek kapatmak | Saç, yele vb. şeylerin tellerini birkaç bölüme ayırıp birbirine geçirmek yolu ile dağınıklıktan kurtarmak | Duvar yapmak veya onarmak | Estetik kaygıyla, duygulu biçimde bir güzelliği ortaya koymak | Müzik, edebiyat vb.nde bir özelliği oluşturmak, ortaya koymak",,
örneklemek,Örnek vermek,,
örneklendirmek,"Örneklerle göstermek, örneklerle açıklamak",,
örneklenmek,Örnek verilmek,,
örnekleyebilmek,Örnekleme ihtimali veya imkânı bulunmak,,
örneksemek,Örnek olarak almak,,
örselemek,"Yıpratmak, eskitmek, hırpalamak, zedelemek | Gücünü azaltmak, canlılığını gidermek, sarsmak",,
örselenmek,Örseleme işine konu olmak,,
örtebilmek,Örtme ihtimali veya imkânı bulunmak,,
örtmek,"Korumak, görünmez duruma getirmek veya gizlemek için üstüne bir şey koymak | Kötü bir durumu belli etmemek, gizlemek, saklamak",,
örttürmek,Örtme işini yaptırmak,,
örtülmek,Örtme işine konu olmak,,
örtünmek,"Kendi üzerine bir şey örtmek | Kadın, dinî açıdan görünmesi sakıncalı olan yerlerini örtmek",,
örtüşebilmek,Örtüşme ihtimali veya imkânı bulunmak,,
örtüşmek,"Aynı noktalarda ve düzlemlerde kesişmek | İki görüş, düşünce, sözcük, cümle birbiriyle tam olarak uyuşmak",,
örtüştürmek,Örtüşme işini yaptırmak,,
örtüvermek,Ansızın veya çabucak örtmek,,örtü'vermek
örülmek,Örme işi yapılmak,,
örümceklenmek,"Bir yer örümcek ağlarıyla dolmak | Bakımsız ve terk edilmiş bulunmak | Ateşli hastalıklarda göz, ağız vb. yerler kurumuş salgılarla perdelenir gibi olmak [tıp]",,
ötebilmek,Ötme ihtimali veya imkânı bulunmak | Ötme yeteneği olmak,,
ötelemek,Öteye götürmek | Belli olmayan bir süre ertelemek,,
ötelenmek,Öteleme işi yapılmak,,
öteletmek,Öteleme işini yaptırmak,,
öteleyebilmek,Öteleme ihtimali veya imkânı bulunmak,,
ötmek,"Kuş veya bazı böcekler, değişik tonda ses çıkarmak | Herhangi bir nesne, sürekli ses çıkarmak | Üflemeli çalgıların sesi çıkmak | Anlamsız, boş konuşmak | Sarhoş kusmak | Gizli bir şeyi söylemek",,
öttürmek,Ötmesini sağlamak veya ses çıkarttırmak,,
ötürmek,İshal olmak,,
ötüşmek,Birlikte veya karşılıklı ötmek,,
övdürmek,Övmek işini yaptırmak,,
övebilmek,Övme ihtimali veya imkânı bulunmak,,
övmek,"Birinin veya bir şeyin iyiliklerini, üstünlüklerini söyleyerek değerini yüceltmek, sena etmek; methetmek, yermek karşıtı",,
övülebilmek,Övülme ihtimali veya imkânı bulunmak | Övülmeye değer olmak,,
övülmek,Övme işine konu olmak,,
övünebilmek,Övünme ihtimali veya imkânı bulunmak,,
övünedurmak,Sürekli övünmek,,övüne'durmak
övünmek,"Bir niteliği sebebiyle kendini yücelmiş sayarak bundan abartmalı bir biçimde söz etmek; kıvançlanmak, iftihar etmek | Kendi kendini övmek",,
öykülemek,Bir olay dizisini anlatmak,,
öyküleştirmek,Öykü durumuna getirmek,,
öykünmek,Taklit etmek,,
özdeşlemek,Özdeş duruma getirmek,,
özdeşleşebilmek,Özdeşleşme ihtimali veya imkânı bulunmak,,
özdeşleşmek,Özdeş duruma gelmek,,
özdeşleştirebilmek,Özdeşleştirme ihtimali veya imkânı bulunmak,,
özdeşleştirmek,Özdeş duruma getirmek,,
özdeştirmek,"Başka birinin veya bir grubun ölçülerini, beklentilerini benimsemek",,
özelleşmek,Özel bir duruma gelmek,,
özelleştirebilmek,Özelleştirme ihtimali veya imkânı bulunmak,,
özelleştirilmek,Özelleştirme işi yapılmak,,
özelleştirmek,"Bir şeyi özel duruma getirmek veya özel olarak kullanmak | Kamu malını satarak özel duruma getirmek, kamulaştırmak karşıtı",,
özemek,"Yoğurt, pekmez vb. koyu şeyleri suyla inceltmek, sulandırmak",,
özendirebilmek,Özendirme ihtimali veya imkânı bulunmak,,
özendirilmek,Özendirme işi yapılmak,,
özendirmek,Özenmesini sağlamak; teşvik etmek,,
özenilmek,Bir şeye özenti duyulmak,,
özenmek,"Beğendiği şeye benzemeye çalışmak, o şeyi yapmak için çaba göstermek | Bir şeyi yaparken elden geldiğince iyi yapmaya çabalamak, bir şeye büyük dikkat ve ilgi göstermek; itina etmek | Birini veya bir şeyi taklit etmeye çalışmak",,
özerkleşmek,Özerk duruma gelmek,,
özerkleştirmek,"Özerk duruma getirmek, özerklik vermek",,
özetlemek,"Bir yazı, konu, söz veya filmin içeriğini daha az sözle anlatmak, özünü vermek, kısaltmak; hülasa etmek",,
özetlenmek,"Özet durumuna getirilmek, hülasa edilmek",,
özetleyebilmek,Özetleme ihtimali veya imkânı bulunmak | Özetleme becerisi bulunmak,,
özgülemek,"Bir şey veya bir yeri birine, bir şeye ayırmak, vermek, hasretmek, tahsis etmek",,
özgülenmek,Özgüleme işi yapılmak,,
özgünleşmek,Özgün duruma gelmek,,
özgünleştirmek,Özgün duruma getirmek,,
özgürleşebilmek,Özgürleşme ihtimali veya imkânı bulunmak,,
özgürleşmek,Özgür duruma gelmek,,
özgürleştirebilmek,Özgürleştirme ihtimali veya imkânı bulunmak | Özgürleştirmeye gücü yetmek,,
özgürleştirmek,Özgür olmasını sağlamak,,
özlemek,"Bir kimseyi, bir yeri veya bir şeyi görmeyi, ona  kavuşmayı istemek, göreceği gelmek",,
özlenebilmek,Özlenme ihtimali veya imkânı bulunmak,,
özlenmek,Özleme işine konu olmak,,
özleşmek,"Öz durumuna veya özlü bir duruma gelmek | Koyu kıvama gelmek, yoğun bir durum almak | Dil yabancı ögelerden arınmak; arılaşmak [dil bilimi] | Tahıl olgunlaşmak",,
özleştirmek,"Öz durumuna getirmek, özlü durum kazandırmak | Dili yabancı ögelerden arındırarak kendi imkânlarıyla geliştirmek; arılaştırmak [dil bilimi]",,
özletmek,Özlemesine yol açmak,,
özleyebilmek,Özleme ihtimali veya imkânı bulunmak,,
özümlemek,"Canlı varlıklar, dışarıdan aldıkları besinleri, değişikliğe uğratarak yeni bir birleşimle, organizmanın gereksinim duyduğu maddeler durumuna getirmek; temsil etmek [biyoloji]",,
özümlenmek,"Özümleme işine konu olmak, özümsenmek",,
özümletmek,Özümleme işini yaptırmak,,
özümleyebilmek,Özümleme ihtimali veya imkânı bulunmak,,
özümsemek,"Edinilmiş olan bilgileri bireyin öz malı durumuna getirmek; içselleştirmek, özümlemek",,
özümsenmek,Özümseme işi yapılmak; özümlenmek,,
özümsetmek,Özümseme işini yaptırmak,,
özümseyebilmek,Özümseme ihtimali veya imkânı bulunmak,,
paçavralaşmak,Paçavra durumuna girmek,,
paçozlaşmak,"Basmakalıp düşünme, samimiyetsiz davranma, gereksiz gururlanma vb. içinde bulunmak | Uyumsuz, özensiz giyinmek",,
pahalandırmak,Pahalanma işini yaptırmak; pahalılaştırmak,,
pahalanmak,"Pahalı duruma gelmek, fiyatı artmak; pahalılanmak, pahalılaşmak",,
pahalılaştırmak,Pahalılaşma işini yaptırmak,,
pahlamak,"Bir parçanın keskin kenarını keserek pah durumuna getirmek, keskinliğini gidermek",,
paketlemek,"Bir veya birkaç şeyi kâğıda sararak, kutuya koyarak bağlamak | Yakalamak, ele geçirmek, derdest etmek | Birini baştan savmak; atlatmak",,
paketlenmek,Paketleme işine konu olmak,,
paketletmek,Paketleme işini yaptırmak,,
paketleyebilmek,Paketleme ihtimali veya imkânı bulunmak | Paketlemeye gücü yetmek | Paketleme becerisi bulunmak,,
palamutlamak,"Deriyi, sepilemek için palamut doldurulmuş çukura yatırmak",,
palazlamak,"Kuş yavrusu irileşip semirmek | Küçük çocuk gelişmek | Varlığı artmak, zenginlemek",,
palazlanabilmek,Palazlanma ihtimali veya imkânı bulunmak,,
palazlandırmak,Palazlanma işini yaptırmak,,
palazlanmak,"Gelişmek, iri duruma gelmek, büyümek | Varlığı artmak, zenginleşmek",,
palazlaşmak,"İrileşmek, gelişmek, büyümek",,
pamuklanmak,Üstü incecik pamuk biçiminde küf bağlamak | Toz pamuk gibi olmak,,
pancarlaşmak,Pancar rengini almak,,
paniklemek,Paniğe kapılmak,,
panikletmek,Panikleme işini yaptırmak,,
papağanlaşmak,Başkasından duyduklarını düşünmeksizin aynen tekrarlamak,,
paraflamak,Adının ve soyadının baş harflerini kullanarak imzalamak; parafelemek,,
paralamak,"Yıpratıp eskitmek | Sözle yaralanmasını, incinmesini sağlamak | Bir işte çok çaba ve özen göstererek kendini çok yormak, yıpratmak",,
paralanmak,Parasızken para elde etmek,,
paralanmak,"Sıkıntı ve üzüntü içinde, olmayacak bir işle uğraşmak, didinmek | Sözle yaralanmak, incinmek | Bir işte çok çaba ve özen göstermek",,
paralatmak,Paralama işini yaptırmak veya paralanmasına sebep olmak,,
parametrelemek,Parametreli bir eğri veya yüzey belirlemek [geometri],,
parametrelenmek,Parametreleme işi yapılmak [geometri],,
parazitlenmek,"Radyo, telsiz vb. aygıtların yayınlarına yabancı ses karışmak",,
parçalamak,"Parçalara ayırmak, bütünlüğünü bozmak, parça parça etmek; paralamak | Birliği bozmak amacıyla bölmek",,
parçalanmak,"Parçalama işine konu olmak, parçalara ayrılmak; paralanmak (II) | Başkasını mutlu etmek için elden gelen her şeyi yapmak, didinmek | bir işi yapabilmek için kendini sıkıntıya sokacak kadar uğraşıp didinmek",,
parçalatmak,Parçalama işini yaptırmak,,
parçalattırmak,Parçalatma işini yaptırmak,,
parçalayabilmek,Parçalama ihtimali veya imkânı bulunmak | Parçalamaya gücü yetmek,,
parıldamak,"Güçlü bir ışık çıkarmak, ışık  saçmak; parlamak, yalabımak, yıldıramak | Gelişmek, yükselmek",,
parıldatmak,Parıldamasını sağlamak,,
parkelemek,Parke ile döşemek,,
parkeletmek,Parke ile döşetmek,,
parlaklaşmak,Parlak duruma gelmek,,
parlaklaştırmak,Parlak duruma getirmek,,
parlamak,"Bir ışık kaynağından gelen ışınları yansıtmak; delepmek | Tutuşup alev çıkarmak | Mevkisi yükselmek | Ün, san kazanmak, herkesçe tanınmak, meşhur olmak | Birdenbire öfkelenmek | Ortaya çıkmak",,
parlatabilmek,Parlatma ihtimali veya imkânı bulunmak | Parlatma becerisi bulunmak,,
parlatmak,"Bir yüzeyi düzgün ve parlak duruma getirmek, parlamasını sağlamak | İçki içmek | Güzel, etkili, alışılmamış söz söylemek | Birini gereğinden fazla övmek",,
parlayabilmek,Parlama ihtimali veya imkânı bulunmak,,
parlayıvermek,Aniden parlamak,,parlayı'vermek
parmak,"İnsanda ve bazı hayvanlarda ellerin ve ayakların son bölümünü oluşturan, boğumlu, oynak, uzunca organların her biri [anatomi] | Eni veya boyu bu organ kadar olan | Koyu sıvılara daldırılıp çıkarıldığında bu organa bulaşan miktar kadar olan | Bir tekerleğin merkezinden çemberine kadar uzanan çubukların her biri | Bir işe karışmış olma ilgisi | Arşının yirmi dörtte biri boyunda bir uzunluk ölçüsü",,
parmaklamak,Parmakla yemek | Parmakla dokunmak,,
parsellemek,"Parsellere ayırmak | Çeşitli kişiler belirli bir toprağı aralarında paylaşmak | Çeşitli kuruluş veya iş yerlerinde mevki ve makamlara sahip çıkmak, paylaşmak",,
parsellenmek,Parselleme işi yapılmak,,
parselletmek,Parsellere ayırtmak,,
partileşmek,Parti durumuna gelmek,,
partileştirmek,Partileşme işini yaptırmak,,
pasifleşmek,Pasif duruma gelmek,,
pasifleştirmek,Etkisiz duruma getirmek,,
paslandırmak,"Paslanmasına sebep olmak, yol açmak; paslatmak",,
paslanmak,"Üzerinde pas oluşmak | İşsizlikten, tembellikten, hareketsizlikten canlılığını yitirmek, uyuşup kalmak",,
paslaşmak,Bazı top oyunlarında oyuncular topu birbirine geçirmek [spor] | Bakışlarla anlaşmak,,
paspaslamak,Paspas ile yerleri silmek,,
paspaslanmak,Paspaslama işine konu olmak,,
paspaslatmak,Paspas yaptırmak,,
patırdamak,Patırtılı ses çıkarmak,,
patırdatmak,Patırtılı ses çıkartmak,,
patlamak,"Nesneler, iç basıncın etkisiyle ve çoğunlukla büyük ses çıkararak dağılmak, infilak etmek | Yırtılıp açılmak | Görünür duruma gelmek, ortaya çıkmak, yeşermek | Top, taşıt lastiği vb. şeyler değişik nedenlerle havası inmek | Ansızın tehlikeli bir şey meydana gelmek | Çok sıkılmak, sıkıntı ve sabırsızlığını belli etmek | Aşırı tepki göstermek | Ansızın bir gürültü duyulmak | Herhangi bir durum veya bir değerin yitirilmesine yol açmak, mal olmak",,
patlatabilmek,Patlatma ihtimali veya imkânı bulunmak | Patlatmaya gücü yetmek,,
patlatılmak,Patlatma işi yapılmak,,
patlatmak,Patlama işine yol açmak | Bir silahı veya patlayıcı bir maddeyi ateşlemek | Bir insanın sabrını tüketmek | Bir yeri havaya uçurmak | Tokat atmak,,
patlayabilmek,Patlama ihtimali bulunmak,,
patlayıvermek,Aniden patlamak,,patlayı'vermek
patozlamak,"Olgunlaşmış buğday, nohut, fındık vb.nin tanelerini patozla sap veya kabuğundan ayrıştırmak | Kaba yemleri, kültür yem bitkilerini patozla öğütmek",,
pavkırmak,"Tilki veya çakal ulumak | Ateş, alev alev yanmak | Alev, bir yere doğru yönelmek | Çok öfkelenmek",,
payandalamak,"Çökmek, yıkılmak, devrilmek üzere olan bir yeri veya şeyi payandalarla sağlamlaştırmak",,
payandalayabilmek,Payandalama ihtimali bulunmak,,
payelendirmek,"Paye vermek, belli bir payeye ulaştırmak",,
paylaşabilmek,"Paylaşma ihtimali bulunmak; bölüşebilmek, üleşebilmek",,
paylaşılabilmek,"Paylaşılma ihtimali veya imkânı bulunmak; bölüşülebilmek, üleşilebilmek",,
paylaşılmak,"Paylaşma işi yapılmak; bölüşülmek, üleşilmek",,
paylaşıvermek,"Çabucak veya kısa sürede paylaşmak; bölüşüvermek, üleşivermek",,paylaşı'vermek
paylaşmak,"İki veya daha çok kimse bir şeyi kendi aralarında belirli oranda dağıtmak; bölüşmek, üleşmek | Bilgiyi, yazıyı veya görsel malzemeyi iletişim araçlarının herhangi biriyle dağıtmak | Sevinç, üzüntü, sır, düşünce vb. için ortak olmak, aynı biçimde düşünmek veya duymak",,
paylaştırabilmek,"Paylaştırma ihtimali veya imkânı bulunmak; bölüştürebilmek | Paylaştırma becerisi bulunmak; bölüştürebilmek, üleştirebilmek",,
paylaştırılabilmek,"Paylaştırılma ihtimali veya imkânı bulunmak; bölüştürülebilmek, üleştirilebilmek",,
paylaştırılmak,"Paylaşma işi yaptırılmak; bölüştürülmek, üleştirilmek",,
paylaştırıvermek,"Çabucak paylaştırmak; bölüştürüvermek, üleştirivermek",,paylaştı'rıvermek
paylaştırmak,"Herkese kendi payına düşeni vermek; bölüştürmek, üleştirmek, taksim etmek, tevzi etmek",,
paylatmak,"Birinin, başkasını paylamasına sebep olmak",,
paytaklaşmak,İki yana salınarak yürümek,,
pazarlamak,"Bir ürünü, bir malı, bir hizmeti satacak uygun piyasa bulmak [ticaret]",,
pazarlanmak,Satışa sunulmak,,
pazarlaşmak,"Bir fiyat üzerinde anlaşmak, pazarlık etmek",,
pazarlayabilmek,Pazarlama ihtimali veya imkânı bulunmak | Pazarlama becerisi bulunmak,,
peçelemek,"Bir şeyi örtmek | Uzaktan seçilmesin diye bir şeyin üzerine ağaç dalı, çalı vb. şeyler örtmek, alalamak, kamufle etmek",,
peçelenmek,Peçeleme işi yapılmak,,
pekişilmek,Pekişme işine konu olmak,,
pekişmek,"Sertleşmek, katılaşmak | Sıkışmak, tıkanmak | Güçlenmek, artmak, çoğalmak, kuvvetlenmek",,
pekiştirebilmek,Pekiştirme ihtimali veya imkânı bulunmak,,
pekiştirilmek,Pekiştirme işi yapılmak,,
pekiştirmek,"Sertleşmek, katılaştırmak",,
pekitmek,"Güç vermek, güçlendirmek, tekit etmek | Daha önce istenip de yerine getirilmemiş bir iş için yeniden resmî bir yazı yazmak, tekit etmek",,
pekleşmek,"Sertleşmek, katılaşmak | Kabız olmak | Güçlenmek, sağlamlaşmak",,
pekleştirmek,"Pekleşmesine yol açmak, pekleşme işini yaptırmak | Güçlenmesini sağlamak",,
peltekleşmek,Peltek duruma gelmek,,
peltelenmek,Pelte kıvamında olmak,,
pelteleşmek,"Pelte kıvamını almak | Çok yorulmak | Donuklaşmak, yumuşamak, ağırlaşmak",,
pembeleşmek,Pembe bir renk almak,,
pembeleştirmek,Pembe bir duruma getirmek,,
pençelemek,"Yırtıcı hayvan pençesiyle kapmak, yakalamak, pençe vurmak | Ayakkabıya pençe yapmak",,
pençeleşmek,"Pençe pençeye gelmek, kavga etmek, dövüşmek | Çok uğraşmak, mücadele etmek",,
pençeletmek,Pençeleme işini yaptırmak,,
pepelemek,Pepe gibi konuşmak,,
perçinlemek,"İki veya daha çok parçayı perçinle birbirine tutturmak | İki veya daha çok parçayı, karşılıklı bölümlerini birbiri üzerinde ezerek birleştirmek | Sağlamlaştırmak, güçlendirmek",,
perçinlenmek,Perçinleme işine konu olmak,,
perçinleşmek,"Arkadaşlık, dostluk ilişkileri çok güçlenmek, pekişmek, sağlamlaşmak",,
perçinleştirmek,"Perçinli duruma getirmek, perçinleşmeyi sağlamak, sağlamlaştırmak",,
perçinletmek,Perçinleme işini yaptırmak,,
perçinleyebilmek,Perçinleme ihtimali veya imkânı bulunmak,,
perdahlamak,"Bir şeyin yüzeyini bir alet veya sert bir cisimle parlatmak | Birini asılsız sözlerle kandırmaya çalışmak | Sövmek, küfretmek",,
perdahlanmak,Perdahlama işine konu olmak,,
perdelemek,"Bir şeyin önüne perde çekmek, perde ile örtmek | Bir durumun, bir olayın anlaşılmasına engel olmak, gizlemek | Basketbolda rakibin önüne geçerek top almasını engellemek [spor]",,
perdelenmek,Perdeleme işine konu olmak,,
perdeleyebilmek,Perdeleme ihtimali veya imkânı bulunmak,,
pesleşmek,"Ses hafif, yavaş duruma gelmek",,
peydahlamak,"İstenmeyen veya uygun olmayan şeyler edinmek | Ortaya çıkarmak, oluşturmak | Meydana getirmek",,
peydahlanmak,Peydahlamak işi yapılmak,,
peylemek,"Bir şeyi önceden kendine ayırtmak | Temin etmek, sağlamak",,
peylenmek,Peyleme işi yapılmak,,
peynirleşmek,"Süt kesilmek, peynir durumuna gelmek",,
pıhtılanmak,İçinde pıhtılar olmak,,
pıhtılaşabilmek,Pıhtılaşma ihtimali veya imkânı bulunmak,,
pıhtılaşmak,Pıhtı durumuna gelmek,,
pıhtılaştırmak,Pıhtı durumuna getirmek,,
pırıldamak,"Işık saçmak, ışıldamak",,
pırlamak,"Kuş, herhangi bir şeyden ürküp uçmak | İnsan, bulunduğu yerden koşarak hemen uzaklaşmak",,
pırpırlamak,Yanıp sönmek,,
pırpırlanmak,Aralıklarla yanmak,,
pırtlamak,Bulunduğu yerden kayıp dışarı çıkmak,,
pırtlatmak,Pırtlama işini yaptırmak,,
pısırıklaşmak,"Pısırık olmak, pısırık duruma gelmek",,
pışpışlamak,"Bebeği kucakta yavaş yavaş sallayarak uyutmaya çalışmak | Teselli etmek, avutmak",,
pışpışlayabilmek,Pışpışlama ihtimali veya imkânı bulunmak,,
pıtırdamak,"Pıtırtı çıkarmak, pıtırtı etmek",,
pıtırdatmak,Pıtırtı çıkarmasına yol açmak,,
piçleşmek,Yozlaşıp bozulmak,,
pimpiriklenmek,Bir şeyden kuşkulanmak | Gereksiz yere titizlik göstermek,,
pineklemek,"Uyuklamak, uyuklar gibi hareketsiz kalmak | Boşa zaman harcamak | Bir yerde hiçbir iş yapmadan oturmak",,
pipiriklenmek,"Kuruntulu, vesveseli bir duruma düşmek",,
pirelendirmek,"Kuşkulandırmak, işkillendirmek, şüphelendirmek, huylandırmak",,
pirelenmek,Üzeri pireyle dolmak | Pirelerini ayıklamak,,
pislenmek,"Pis olmak, pisliğe bulaşmak",,
pisleşmek,Pis duruma gelmek,,
pisletmek,Pis duruma getirmek; pislemek | Kötü bir duruma sokmak,,
pişirebilmek,Pişirme ihtimali veya imkânı bulunmak | Pişirmeyi becerebilmek,,
pişirilmek,Pişirme işine konu olmak,,
pişirmek,"Bir besin maddesini gerektiği kadar ısıda tutarak yenebilecek veya içilebilecek bir duruma getirmek | Isı etkisiyle belirli bir kullanıma elverişli duruma getirmek | Çalışarak öğrenmek | Bunaltacak kadar ısıtmak, yakmak",,
pişirtmek,Pişirme işini yaptırmak,,
pişmek,"Yiyecek, ateşte, fırında, kaynar suda veya yağda ısı etkisiyle yenilebilir duruma gelmek | Isıtma sonucu belirli bir kullanıma uygun duruma gelmek | Meyve olgun duruma gelmek | Pişik oluşmak | Bir konuyu iyice öğrenmek | İşe alışıp beceri ve ustalık kazanmak, zorlukları göğüslemek | Herhangi bir iş için konuşup hazırlanmak | Bunalacak kadar sıcaklık duymak",,
piyazlamak,"Eti pişirmeden birkaç saat önce soğan, karabiber, tarçın vb. baharatla ovup bir süre bırakmak | Bir çıkar sağlamak amacıyla birini aşırı övmek",,
piyesleştirmek,Piyes durumuna getirmek,,
planlamak,Yapılacak bir işi belli plana göre düzenlemek,,
planlanmak,Planlama işi yapılmak,,
planlayabilmek,Planlama ihtimali veya imkânı bulunmak | Planlama becerisi bulunmak,,
planyalamak,Ağacı planya tezgâhında rendelemek,,
plaselemek,Topu kavisli vuruşla ileri göndermek,,
plazmalaştırmak,Bir gazı plazmaya dönüştürmek,,
poflamak,Can sıkıntısı sebebiyle “pof” sesi çıkarmak,,
pofurdamak,Can sıkıntısı sebebiyle sesli nefes vermek,,
pofurdatmak,Pofurdamasına sebep olmak | Ağzından veya burnundan “pofur” sesi çıkarmak | Sigarayı derin derin çekip pofur sesiyle dışarı vermek,,
pohpohlamak,"Birini, yüzüne karşı gereğinden çok övmek; koltuklamak, okkalamak, pehpehlemek",,
pohpohlanmak,Pohpohlama işi yapılmak veya pohpohlama işine konu olmak; koltuklanmak,,
polarılmak,Polarma olayına uğramak,,
polarmak,Polarma olayına uğramak [fizik],,
polimerleşmek,Aynı yapıda iki veya daha fazla molekül birbirine eklenmek [kimya],,
polimerleştirilmek,Bir madde polimer durumuna dönüştürülmek [kimya],,
polimerleştirmek,Bir maddeyi polimer durumuna dönüştürmek [kimya],,
Pomak,"Rodop Dağları'nda, Bulgaristan’ın kuzeyinde, Aşağı Trakya ve Makedonya bölgelerinde yaşayan Türk ve Müslüman halk veya bu halkın soyundan olan kimse",,pomağı
pompalamak,"Pompa ile şişirmek, tulumba ile suyu çekmek veya vermek | Tıkanan bir deliği açmak için pompaya sürekli basmak | Boru hattı yoluyla petrol göndermek | Kızıştırmak, şiddetlendirmek, körüklemek | Birinin gururunu okşayacak sözler söylemek, abartarak övmek",,
pompalanmak,Pompalama işi yapılmak,,
pompalayabilmek,Pompalama ihtimali veya imkânı bulunmak | Pompalamaya gücü yetmek,,
ponzalamak,"Ponza ile silmek, ovmak, temizlemek",,
ponzalanmak,Ponzalama işi yapılmak,,
portmak,"Sıyrılıp kaçmak, kayıp gitmek",,
postalamak,Postaya vermek | Birini herhangi bir sebeple yanından uzaklaştırmak,,
postalanmak,Postalama işi yapılmak,,
postalatmak,Postalama işini yaptırmak,,
postalayabilmek,Postalama ihtimali veya imkânı bulunmak,,
poşetlemek,Bir şeyi poşetin içine koyup paketlemek,,
poşetlenmek,Poşetleme işi yapılmak,,
poşetletmek,Poşetleme işini yaptırmak,,
potlanmak,"Pot yapmak, potu olmak, kıvrımı olmak",,
poyrazlamak,Poyraz esmeye başlamak,,
pozlamak,Çekilen fotoğrafın doğru oranlarda ışık almasını sağlamak,,
pozlanmak,Çekilen fotoğraf doğru oranlarda ışık almak | Poz vermek için hazırlanmak,,
pörsümek,Gevşeyip sarkmak; porsumak,,
pörsütmek,Pörsüme işini yaptırmak,,
pörtlemek,"Göz, çeşitli sebeplerle açılmak, dışarıya doğru fırlamak | Meyve kabuğu yarılıp içi dışarıya doğru çıkmak | Dudak patlamak",,
pörtletmek,Pörtleme işini yaptırmak,,
pratikleşmek,Pratik duruma gelmek,,
pratikleştirmek,Pratik duruma getirmek,,
preslemek,Presle sıkıştırmak,,
preslenmek,Presleme işi yapılmak,,
presletmek,Presleme işini yaptırmak,,
profesyonelleşmek,Profesyonel duruma gelmek,,
profesyonelleştirmek,Profesyonel duruma getirmek,,
programlamak,"Programa bağlamak, bir şeyin programını yapmak",,
programlanmak,"Programlı duruma gelmek, programa bağlanmak",,
programlaştırmak,"Bir işin programını yapmak, programlı duruma getirmek",,
programlatmak,Programlama işini yaptırmak,,
programlayabilmek,Programlama ihtimali veya imkânı bulunmak | Programlama becerisi bulunmak,,
projelendirilmek,Proje durumuna getirilmek,,
projelendirmek,"Proje durumuna getirmek, projesini hazırlamak",,
proleterleşmek,"Emekçi sınıfından olmak, emekçi sınıfına dâhil olmak | Yoksul duruma gelmek",,
puanlamak,Sorulara verilen cevapları puan olarak değerlendirmek; puan vermek | Herhangi bir konuda puan vermek,,
puanlandırmak,Puan vermek,,
puanlatmak,Puanlama işini yaptırmak,,
puanlayabilmek,Puanlama ihtimali veya imkânı bulunmak,,
pudralamak,Pudra sürmek,,
pudralanmak,Pudralama işi yapılmak,,
puflamak,"""Puf"" diye ses çıkararak sıkıntı veya üzüntüsünü belli etmek",,
pullamak,Üzerine pul yapıştırmak | Pulla süslemek,,
pullanmak,"Zarf, mektup, evrak vb.nin üzerine pul yapıştırılmak | Pul pul olmak",,
pullatmak,Pullama işini yaptırmak,,
puntalamak,"Torna, planya, freze tezgâhları ve taşlama makineleri vb.nde işlenecek parçaları verilecek şekle göre küçük delikler açarak işaretlemek",,
pusatlanmak,Savaş araçlarıyla donanmak,,
puslandırmak,Puslu duruma getirmek,,
puslanmak,Hava hafif sisli bir durum almak,,
pusmak,Bir şeyi kendine siper edip saklanmak | Ortalığı hafif sis kaplamak,,
pusulamak,Pusu konumuna veya durumuna getirmek,,
putlaşmak,Gereğinden çok değer kazanmak,,
putlaştırmak,"Bir şeyi olağanüstü görerek gereğinden çok değer vermek, put durumuna getirmek",,
püfkürmek,Üfleyerek püskürmek,,
püflemek,Söndürmek veya soğutmak için üflemek,,
püfürdetmek,Dumanını havaya savurarak içmek,,
pürçeklenmek,Pürçekli duruma gelmek,,
pürtüklenmek,Herhangi bir şeyin üzerinde pürtükler oluşmak,,
pürüzlemek,"Yapılarda sıva, alçı veya boyanın daha iyi tutmasını sağlamak amacıyla yüzeyi pürüzlü duruma getirmek",,
pürüzlendirmek,Pürüzlenme işini yaptırmak,,
pürüzlenmek,"Pürüz oluşmak, pürüzlü duruma gelmek | Ses boğuk ve bozuk çıkmak | Bir iş, durum vb. karışık ve güç bir duruma gelmek",,
püsküllenmek,Püskül durumuna gelmek,,
püskürmek,"Ağzında bulunan bir sıvı veya toz durumundaki bir şeyi hızla savurtarak dışarı çıkarmak | Yanardağ lav çıkarmak, indifa etmek | Öfkeyi aniden dışarı vurmak",,
püskürtebilmek,Püskürtme ihtimali veya imkânı bulunmak | Püskürtmeye gücü yetmek,,
püskürtmek,Püskürme işini yaptırmak | Hızla ve savurtarak çıkarmak | Geri dönmek zorunda bırakmak,,
püskürtülmek,Püskürtme işi yapılmak,,
pütürlenmek,Pütürlü duruma gelmek,,
radikalleşmek,Köktenci olmak | Kesin durum almak,,
radikalleştirmek,Radikal duruma getirmek,,
rahatlamak,"Üzüntü, sıkıntı, tedirginlik veren bir durum ortadan kalkmak veya azalmak, rahata kavuşmak",,
rahatlatabilmek,Rahatlatma ihtimali veya imkânı bulunmak | Rahatlatma becerisi bulunmak,,
rahatlatmak,"Rahatlamasını sağlamak, ferahlatmak",,
rahatlayabilmek,Rahatlama ihtimali veya imkânı bulunmak,,
rahatlayıvermek,Çabucak veya kısa sürede rahatlamak,,rahatlayı'vermek
rahatsızlanmak,"Sağlığı bozulmak, hastalanmak, rahatsız olmak",,
rakamlamak,Bas notalarının üstüne akortlarını belirten rakam koymak [müzik],,
ramak,"""Bir şeyin olmasına çok az kalmak"" anlamına gelen ramak kalmak deyiminde geçer",Arapça ramaḳ,
rampalamak,Rampa etmek,,
randevulaşmak,İki veya daha çok kişi belli bir yerde veya zamanda buluşmak için sözleşmek,,
raporlamak,"Rapora bağlamak, rapor hâline getirmek",,
raptetmek,"Bir şeyi bir yere iliştirmek, tutturmak",Arapça rabṭ + Türkçe etmek,ra'ptetmek
raptiyelemek,Raptiye ile tutturmak,,
raptiyelenmek,Raptiye ile tutturulmak,,
raptiyeletmek,Raptiyeleme işini yaptırmak,,
raspalamak,"Raspa kullanarak boyaları, pasları kazımak, pürüzleri gidermek veya iki yüzeyi birbirine yapıştırmak, oturtmak",,
raspalanmak,Raspalama işine konu olmak,,
rastlamak,"Bir kimse ile karşı karşıya gelmek; rast gelmek, tesadüf etmek | Herhangi bir şeyle karşı karşıya gelmek | Atılan şey hedefi bulmak; rast gelmek",,
rastlanabilmek,Rastlanma ihtimali veya imkânı bulunmak,,
rastlanmak,"Karşılaşılmak, rast gelinmek, tesadüf edilmek",,
rastlaşabilmek,Rastlaşma ihtimali veya imkânı bulunmak,,
rastlaşmak,"Birbiriyle karşılaşmak, birbirine rastlamak; tesadüf etmek | Aynı zamanda olmak, üst üste gelmek",,
rastlatmak,Rastlama işini yaptırmak,,
rastlayabilmek,Rastlama ihtimali veya imkânı bulunmak,,
rastlayıvermek,Birdenbire rastlamak,,rastlayı'vermek
rasyonelleşmek,Rasyonel duruma gelmek,,
rasyonelleştirmek,Rasyonel duruma getirmek,,
raşelenmek,"Titremek, ürpermek",,
recmetmek,"Taşa tutmak, taşa tutarak öldürmek",Arapça recm + Türkçe etmek,re'cmetmek
reçetelemek,Hekim hastalığa uygun ilacı reçeteye yazmak,,
reddedebilmek,Reddetme ihtimali veya imkânı bulunmak | Reddetme becerisi bulunmak,Arapça redd + Türkçe edebilmek,re'ddebilmek
reddedilmek,Reddetme işine konu olmak,,re'ddedilmek
reddetmek,"Verilen veya yapılması istenen bir şeyi kabul etmemek, geri çevirmek; reddeylemek | Aileden olan birini aileden bir kişi olarak saymamak, tanımamak; reddeylemek | Yalanlamak, çürütmek",Arapça redd + Türkçe etmek,re'ddetmek
reddettirmek,Reddetme işini yaptırmak,,re'ddettirmek
reddolunmak,"Verilen veya yapılması istenen bir şey kabul edilmemek, geri çevrilmek",Arapça redd + Türkçe olunmak,re'ddolunmak
refetmek,"Yukarı kaldırmak | Ortadan kaldırmak, gidermek",Arapça refʿ + Türkçe etmek,re'fetmek
rekzetmek,"Dikmek, saplamak, kurmak",Arapça rekz + Türkçe etmek,re'kzetmek
rendelemek,"Rende ile pürüzlerini gidermek, istenilen biçimi vermek | Rende ile ufak parçalara ayırmak",,
rendelenmek,Rendeleme işi yapılmak,,
renklemek,"Boyamak, renk vermek",,
renklendirebilmek,Renklendirme ihtimali veya imkânı bulunmak | Renklendirme becerisi bulunmak,,
renklendirilmek,Renklendirme işi yapılmak,,
renklendirmek,"Bir şeyin renkli olmasını sağlamak | Neşelendirmek, canlılık ve hareket kazandırmak",,
renklenivermek,Aniden renkli duruma gelmek,,renkleni'vermek
renklenmek,"Renkli duruma gelmek | Canlılık, hareket kazanmak",,
renksemek,Renkli duruma gelmek | Rengi olmak,,
resimlemek,Herhangi bir konuyu resimlerle anlatmak; resimlendirmek | Bir yazının konusu ile ilgili resimleri o yazının uygun yerine koymak,,
resimlendirilmek,Resimleme işi yapılmak,,
resimleşmek,Resim durumuna gelmek,,
resmedebilmek,Resmetme ihtimali veya imkânı bulunmak | Resmetme becerisi bulunmak,Arapça resm + Türkçe edebilmek,re'smedebilmek
resmetmek,"Bir şeyin resmini çizmek | İz yapmak, işlemek, nakşetmek",Arapça resm + Türkçe etmek,re'smetmek
resmîleşmek,Resmî bir duruma girmek,,
resmîleştirebilmek,Resmîleştirme ihtimali veya imkânı bulunmak,,
resmîleştirilmek,Resmî duruma getirilmek,,
resmîleştirmek,Resmî bir duruma getirmek,,
restleşmek,Karşılıklı restini görmek | Karşı çıkmak,,
revanlaşmak,"Yürüyüp gitmek, uyum sağlamak",,
rezelemek,Reze ile kapamak,,
rezilleşmek,Rezil duruma gelmek,,
rızıklanmak,"Rızkını çıkarmak, günlük yiyeceğini elde etmek",,
rimellemek,Göze rimel sürmek,,
robotlaşmak,Başkasının buyruğu ile iş yaparak kendi akıl ve iradesini kullanmaz duruma gelmek,,
robotlaştırmak,Robot durumuna getirmek,,
romanlaşmak,Bir konu roman biçiminde yazılmak,,
Romanlaşmak,Roman halkına benzemek,,
romanlaştırılmak,Bir konu bir yazar tarafından roman biçiminde yazılmak,,
romanlaştırmak,Bir konuyu roman biçiminde yazmak,,
röntgenlemek,Kadınları gizlice gözetlemek,,
rötuşlamak,Rötuş yapmak,,
rötuşlatmak,Rötuşlama işini yaptırmak,,
ruhsatlandırmak,Ruhsat vermek,,
ruhsuzlaşmak,Ruhsuz duruma girmek,,
ruhsuzlaştırmak,Ruhsuz duruma getirmek veya sokmak,,
rujlamak,Ruj sürmek,,
Rumlaşmak,Rumlara özgü yaşayış tarzını benimsemek,,
Rumlaştırmak,Rumlara özgü yaşayış tarzını benimsetmek,,
Ruslaşmak,Ruslara özgü yaşayış tarzını benimsemek,,
Ruslaştırmak,Ruslara özgü yaşayış tarzını benimsetmek,,
rutinleşmek,Bir şey sürekli olarak aynı biçimde yapılmak,,
ruziklenmek,Sefil bir biçimde gün geçirmek veya geçinip gitmek,,
rüküşleşmek,Rüküş duruma gelmek,,
rütbelenmek,Rütbesine göre sıralanmak,,
rüzgârlamak,"Yel vermek | Esmek, savurmak",,
rüzgârlanmak,Yel esmeye başlamak | Yele karşı durmak,,
sabahlamak,Bir yerde sabaha kadar kalmak; şafaklamak | Herhangi bir sebeple bütün geceyi uyumadan geçirmek; şafaklamak,,
sabahlatmak,Sabahlama işini yaptırmak,,
sabahlayabilmek,Sabahlama ihtimali veya imkânı bulunmak | Sabahlamaya gücü yetmek,,
sabırsızlandırmak,Sabırsızlanma işini yaptırmak,,
sabırsızlanmak,"Sabırlı davranmamak, sabır göstermemek",,
sabitlemek,Sabit duruma getirmek | Bir çalışmayı o anda olduğu gibi bırakmak; dondurmak,,
sabitleşebilmek,Sabitleşme ihtimali veya imkânı bulunmak,,
sabitleşmek,Sabit duruma gelmek,,
sabitleştirebilmek,Sabitleştirme ihtimali veya imkânı bulunmak | Sabitleştirmeye gücü yetmek,,
sabitleştirilmek,Sabit duruma getirilmek,,
sabitleştirmek,Sabit duruma getirmek,,
sabredebilmek,Sabretme ihtimali veya imkânı bulunmak | Sabretme becerisi bulunmak,Arapça ṣabr + Türkçe edebilmek,sa'bredebilmek
sabretmek,"Sabır göstermek, sabırlı davranmak; sabreylemek",Arapça ṣabr + Türkçe etmek,sa'bretmek
sabuklamak,"Abuk sabuk, saçma sapan söz söylemek",,
sabunlamak,Herhangi bir şeyi sabun sürerek yıkamak | Bir nesneyi sabun sürerek kaygan duruma getirmek,,
sabunlanmak,Sabunlama işi yapılmak,,
sabunlaşmak,Sabun durumuna gelmek,,
sabunlaştırmak,Bir maddeyi sabun durumuna dönüştürmek [kimya],,
saçabilmek,Saçma ihtimali veya imkânı bulunmak | Saçmaya gücü yetmek,,
saçaklanmak,Kenarları saçak gibi olmak,,
saçalamak,"Saçmak, serpmek",,
saçalanmak,"Saçılmak, dökülmek",,
saçılabilmek,Saçılma ihtimali veya imkânı bulunmak,,
saçılıvermek,Birdenbire saçılmak,,saçılı'vermek
saçılmak,"Saçma işi yapılmak | Etrafa dağılmak, yayılmak | Açılıp saçılmak",,
saçıştırma,Saçıştırmak işi,,
saçıştırmak,"Azar azar saçmak, dağıtmak, serpmek | Rastgele saçmak",,
saçıvermek,Çabucak ve kısa sürede saçmak,,saçı'vermek
saçmak,"Bir şeyi ortalığa dağıtmak; dökmek | Işık ve ısı yaymak | Belli bir görüşü, düşünceyi yaymak",,
saçmalamak,"Anlamsız, gereksiz, tutarsız, saçma sapan sözler söylemek veya bu tür davranışlarda bulunmak; abuklamak",,
saçmalaşmak,Saçma davranışlarda bulunmak; abuklaşmak,,
saçmalaştırmak,"Saçmalaşmasını sağlamak, saçma duruma getirmek; abuklaştırmak",,
saçmalayabilmek,Saçmalama ihtimali bulunmak,,
sadeleşebilmek,Sadeleşme ihtimali veya imkânı bulunmak,,
sadeleşmek,"Yalın bir durum almak, yalınlaşmak",,
sadeleştirebilmek,Sadeleştirme ihtimali veya imkânı bulunmak,,
sadeleştirilmek,Sadeleştirme işi yapılmak,,
sadeleştirmek,Yalın bir duruma getirmek; yalınlaştırmak,,
saflaşmak,"Saf (II) duruma gelmek; avanaklaşmak, bönleşmek",,
saflaşmak,"Saf durumuna gelmek; saf tutmak | Aynı safta, aynı grupta yer almak",,
saflaştırılmak,"Saflaştırılma işi yapılmak, aynı grupta yer aldırılmak",,
saflaştırılmak,Saf (II) duruma getirilmek,,
saflaştırmak,"Saflaşmasını, aynı grupta yer almasını sağlamak",,
saflaştırmak,Saf (II) duruma getirmek,,
sağabilmek,Sağma ihtimali veya imkânı bulunmak,,
sağalmak,Sağlığa kavuşmak; iyileşmek,,
sağaltmak,"Sağlığa kavuşturmak, iyileştirmek, iyi etmek, tedavi etmek",,
sağdırmak,Sağma işini yaptırmak | Sağmasına sebep olmak,,
sağılmak,"Sağma işine konu olmak | Kumaş, kilim vb. bir yerinden iplik çıkıp sökülmek | Akmak, kaymak, aşağıya doğru hızla inmek",,
sağırlaşmak,İşitemez duruma gelmek | Tencere güç ısınarak geç pişirmek | Soba geç ısıtmak,,
sağıvermek,Çabucak sağmak,,sağı'vermek
sağlamak,"Bir işin olması için gerekli durumu, şartları hazırlamak; temin etmek | Elde etmek, sahip olmak | Bir işlemin doğruluğunu ortaya koymak [matematik]",,
sağlamak,Öndeki aracın sağından ilerleyerek önüne geçmek,,
sağlamlamak,"Sağlam bir duruma getirmek | Bir durumun, bir sözün doğru, gerçek olduğunu kanıtlamak",,
sağlamlaşmak,"Sağlam duruma gelmek; berkimek, berkinmek, kavileşmek",,
sağlamlaştırılmak,Sağlam duruma getirilmek; berkitilmek,,
sağlamlaştırmak,"Sağlam bir duruma getirmek; bekitmek, berkitmek, kavileştirmek, pekiştirmek",,
sağlanabilmek,Sağlanma ihtimali veya imkânı bulunmak,,
sağlanmak,Sağlama işine konu olmak,,
sağlatmak,Sağlama işini yaptırmak,,
sağlattırmak,Sağlatma işini yaptırmak,,
sağlayabilmek,Sağlama ihtimali veya imkânı bulunmak | Sağlamaya gücü yetmek,,
sağmak,Memeyi parmaklar arasında sıkarak sütünü akıtmak | Kovandaki balı peteklerden almak | Yumak durumundaki bir şeyi çözüp açmak | Aldatarak parasını çekmek,,
sahileşmek,"Gerçek bir durum almak, gerçekleşmek",,
sahileştirmek,"Gerçek bir durum almasını sağlamak, gerçekleştirmek",,
sahiplendirmek,Sahiplenme işini yaptırmak,,
sahiplenebilmek,Sahiplenme ihtimali veya imkânı bulunmak,,
sahiplenmek,"Bir şeye sahip çıkmak | Korumak, arka çıkmak, gözetmek",,
sahnelemek,Sahneye koymak | Görüntü vermek,,
sahnelenmek,"Oyun sahneye konulmak | Bir durum, bir olay ortaya çıkmak, görünür olmak | Bir durum, bir olay gerçekleştirilmek",,
sahneletmek,Sahneleme işini yaptırmak,,
sahneleyebilmek,Sahneleme ihtimali veya imkânı bulunmak,,
sahtelemek,"Sahtesini yapmak, yasa dışı kopyasını çıkarmak",,
sahteletmek,"Sahtesini yaptırmak, yasa dışı kopyasını çıkartmak",,
sakallanmak,Sakallı duruma gelmek | Sakalı çıkmak,,
sakarlaşmak,Sakar durumuna gelmek,,
sakatlamak,"Sakat bir duruma getirmek, sakat etmek",,
sakatlanmak,Sakat duruma gelmek,,
sakınabilmek,Sakınma ihtimali veya imkânı bulunmak,,
sakındırmak,Sakınma işini yaptırmak,,
sakınılmak,Sakınma işine konu olmak,,
sakınmak,"Herhangi bir korku veya düşünce ile bir şeyi yapmaktan uzak durmak; içtinap etmek | Olabileceği düşünülen kötülüklere karşı önlemler almak | Korumak, esirgemek, gözetmek",,
sakırdamak,Korkudan veya soğuktan titremek,,
sakızlaşmak,Sakız durumuna gelmek,,
sakızlaştırmak,Sakız durumuna getirmek,,
sakinleşebilmek,Sakinleşme ihtimali veya imkânı bulunmak,,
sakinleşmek,"Yatışmak, durgun duruma gelmek; durulmak (I) | Coşku, sinir, korku, heyecan vb.nin etkisi azalmak, geçmek; sakinlemek, yatışmak",,
sakinleştirmek,"Sakinleşmesini sağlamak, sessiz, dingin bir duruma getirmek; yatıştırmak",,
saklamak,"Elinde bulundurmak, tutmak | Kaybolmaması, görünmemesi için gizli bir yere koymak, kaldırmak; hıfzetmek | Görünmesine engel olmak, ortalıkta bulundurmamak | Bozulmadan doğal durumları ile durmasını sağlamak; muhafaza etmek | Gizli tutmak, duyurmamak | Birine vermek için ayırmak | Korumak, esirgemek",,
saklanabilmek,Saklanma ihtimali veya imkânı bulunmak,,
saklanılmak,Saklanma işi yapılmak | Gizli tutulmak | Herhangi biri saklanmak,,
saklanıvermek,Çabucak saklanmak,,saklanı'vermek
saklanmak,Kendini saklamak; gizlenmek | Saklama işi yapılmak | Niteliğini yitirmemesi için korumak,,
saklatmak,Saklama işini yaptırmak,,
saklayabilmek,Saklama ihtimali veya imkânı bulunmak,,
salabilmek,Salma ihtimali veya imkânı bulunmak,,
salaklaşmak,Salakça davranışlarda bulunmak; salozlaşmak,,
salçalamak,Yemeklere salça katmak,,
salçalanmak,Salça durumuna gelmek,,
saldırabilmek,Saldırma ihtimali veya imkânı bulunmak,,
saldırganlaşmak,Saldırgan duruma gelmek,,
saldırıvermek,Ansızın veya çabucak saldırmak,,saldırı'vermek
saldırmak,"Bir kimseye veya bir şeye karşı saldırı yöneltmek, zarar verici bir davranışta bulunmak, hücum etmek; salmak | Gemi, kalkmak için yelken açıp başını gideceği yola çevirmek | Yıkıcı ve sert eleştiriler yapmak | Etkisiyle eritmek [kimya]",,
saldırtabilmek,Saldırtma ihtimali veya imkânı bulunmak,,
saldırtmak,Saldırma işini yaptırmak; üşürmek,,
salgılamak,Salgı oluşturmak [biyoloji],,
salgılatmak,Salgılama işini yaptırmak,,
salgınlaşmak,Salgın durumuna gelmek,,
salınabilmek,Salınma ihtimali veya imkânı bulunmak,,
salınmak,Yürürken uyumlu hareketlerle hafifçe bir yandan bir yana eğilmek | Salma işine konu olmak,,
salıverilmek,Salıverme işine konu olmak,,salı'verilmek
salıvermek,"Bırakmak, koyuvermek, serbest bırakmak | Altına etmek",,salı'vermek
salkımak,Gevşeyip sarkmak; pörsümek,,
sallamak,"Düzenli bir biçimde ve hep aynı doğrultuda hareket ettirmek; sallayıvermek, ırgamak | Beklenmedik bir başarı kazanmak | Uydurmak, kafadan atmak | Zor durumda bırakmak | Bir işi sürekli olarak başka bir zamana ertelemek, savsaklamak | Vurmak, atmak",,
sallamamak,"önem vermemek | dikkate almamak, aldırmamak, ciddiye almamak | uydurmamak, kafadan atmamak",,
sallanabilmek,Sallanma ihtimali veya imkânı bulunmak,,
sallandırmak,"Sallanma işini yaptırmak | Asmak, idam etmek",,
sallanmak,"Bağlı bulunduğu yerde gevşek duruma gelip yerinden oynamak; kımıldamak | Bir şey belli noktasından bir yere bağlı kalmak şartıyla o noktanın iki tarafına aynı doğrultuda ve sürekli olarak gidip gelmek; ırgalanmak, ırganmak | Salıncak, hamak vb.nde kendini sallamak | Güçlü bir biçimde sarsılmak; titremek | Vaktini boş ve yararsız işlerle uğraşarak geçirmek; oyalanmak, savsaklanmak | Makamından veya bulunduğu durumdan uzaklaşmak, yerini bir başkasına bırakmak tehlikesiyle karşılaşmak",,
sallatmak,Sallama işini yaptırmak,,
sallayabilmek,Sallama ihtimali veya imkânı bulunmak,,
sallayıvermek,Ansızın sallamak,,sallayı'vermek
salmak,"Bağımlılığına, tutukluluğuna veya baskı altındaki durumuna son vererek serbest kılmak; bırakmak | Yollamak, göndermek | Koymak, katmak | Vergi yüklemek | Üzerine yürütmek | Gemi demir üzerinde dört yana dönmek [denizcilik] | Bakmamak, ilgilenmemek, özen göstermemek",,
samimileşivermek,Çabucak samimileşmek,,samimileşi'vermek
samimileşmek,"İçten olmak, candan davranmak",,
sanabilmek,Sanma ihtimali veya imkânı bulunmak,,
sanadurmak,Sanma işini sürdürmek,,sana'durmak
sanatlaşmak,Sanata uygun duruma gelmek,,
sanayileşebilmek,Sanayileşme ihtimali veya imkânı bulunmak,,
sanayileşmek,"Üretimde makine, tezgâh vb. maddi üretim araçlarına giderek daha çok yer vermek; endüstrileşmek",,
sanayileştirmek,Sanayileşmesini sağlamak,,
sancılanmak,Sancıya tutulmak,,
sancımak,"Sancı vermek; burmak, burulmak",,
sançmak,"Saplamak, batırmak",,
sandıklamak,"Sandık içine koymak, yerleştirmek, ambalajlamak",,
sandıklanmak,"Sandığa konulmak, sandığa yerleştirilmek",,
sandırmak,"Sanmasına sebep olmak, zannettirmek",,
sangılamak,"Sangı olmak; sersemleşmek, şaşkınlaşmak",,
sanılmak,"Düşünülmek, olabileceğine inanılmak; zannedilmek, zannolunmak",,
sanıvermek,Birdenbire bir şey sanmak,,sanı'vermek
sanmak,"Herhangi bir şeyin zihinde kurulduğu gibi gerçekleştiğine inanmak; zannetmek, zanneylemek | Tahmine dayanarak hüküm vermek; farz etmek | Bir şey veya kimsenin ... olduğunu düşünmek; bellemek (I), bilmek",,
sanrılamak,"Gerçekte olmayan bir şeyin var olduğunu, görüldüğünü, duyulduğunu sanmak [ruh bilimi]",,
sansürlemek,Sansürden geçirmek,,
sansürlenmek,Sansürden geçirilmek,,
sansürleyebilmek,Sansürleme ihtimali veya imkânı bulunmak,,
sapabilmek,Sapma ihtimali veya imkânı bulunmak,,
sapıklaşmak,Sapık duruma gelmek,,
sapılmak,Sapma işi yapılmak,,
sapıtmak,Doğru yoldan ayrılmak | Ruhsal bir düzensizlik içine düşmek | Saçmalamaya başlamak | Aklını bozmak,,
sapıttırmak,Sapıtma işini yaptırmak,,
sapıvermek,Ansızın veya çabucak sapmak,,sapı'vermek
saplamak,Hızla batırmak,,
saplanabilmek,Saplanma ihtimali veya imkânı bulunmak,,
saplanıvermek,Aniden saplanmak,,saplanı'vermek
saplanmak,"Hızla batmak | Batma sonucu hareket edemez olmak, batıp kalmak | ağrı girmek",,
saplatmak,Saplama işini yaptırmak,,
saplayabilmek,Saplama ihtimali veya imkânı bulunmak,,
saplayıvermek,Çabucak saplamak,,saplayı'vermek
sapmak,"Yön değiştirmek | Önceden belirlenmiş, tespit edilmiş görüş, düşünüş, amaç veya davranıştan ayrılmak | Doğruluktan ayrılmak",,
saptamak,"Bir şeyi belirgin kılmak; tespit etmek | Bir şeyi sağlam bir biçimde yerleştirmek, oynamaz duruma getirmek; tespit etmek",,
saptanabilmek,Saptanma ihtimali veya imkânı bulunmak,,
saptanmak,"Saptama işi yapılmak, tespit edilmek",,
saptayabilmek,Saptama ihtimali veya imkânı bulunmak,,
saptırabilmek,Saptırma ihtimali veya imkânı bulunmak,,
saptırılmak,Sapma işi yaptırılmak,,
saptırmak,Sapma işini yaptırmak,,
saptırtmak,Saptırma işini yaptırmak,,
sarabilmek,Sarma ihtimali veya imkânı bulunmak,,
sararmak,"Sarı olmak, rengi sarıya dönmek | Korku, üzüntü, coşku vb. sebeplerle yüzün rengi solmak",,
sarartmak,"Rengini sarıya çevirmek, sararmasına yol açmak",,
sardırmak,Sarma işini yaptırmak | Sürekli olarak bir konuyu düşünmek,,
sargılamak,Sargı ile sarmak,,
sarhoşlamak,"Sarhoş gibi olmak, sarhoş olmaya başlamak",,
sarhoşlaşmak,Sarhoş duruma gelmek; sarhoş olmak,,
sarılabilmek,Sarılma ihtimali veya imkânı bulunmak,,
sarılaşmak,"Sarı bir renk almak, sararmak",,
sarılaştırmak,Sarı duruma getirmek,,
sarılışmak,Birbirlerine sarılmak,,
sarılıvermek,Aniden sarılmak,,sarılı'vermek
sarılmak,"Sarma işi yapılmak | Bir şeyin üzerine bir veya birkaç kez dolanmak | Kollarını dolayarak kucaklamak | Bütün gücü ile ele almak | Hemen yapmaya koyulmak, girişmek | Büyük bir istekle kendini vermek, benimsemek",,
sarımsaklamak,İçine sarımsak katmak,,
sarımsaklanmak,Sarımsaklama işine konu olmak,,
sarımsaklatmak,Sarımsaklı duruma getirmek,,
sarınabilmek,Sarınma ihtimali veya imkânı bulunmak,,
sarınmak,Kendi üstüne sarmak,,
sarıvermek,Çabucak sarmak,,sarı'vermek
sarkabilmek,Sarkma ihtimali veya imkânı bulunmak,,
sarkaçlamak,Türlü tutuş ve duruşlarda gergin durumda bulunan vücut bölümlerini kendi ağırlıklarıyla düşmeye ve sallanmaya bırakmak [spor],,
sarkıtabilmek,Sarkıtma ihtimali veya imkânı bulunmak,,
sarkıtmak,"Bir şeyin sarkmasını sağlamak; bırakmak, salmak | Asmak, darağacına çekmek",,
sarkmak,"Aşağıya doğru uzamak veya uzanmak | Karşı cins ile ilişki kurmayı veya arkadaş olmayı istemek | Bir yere gitmek, uğramak",,
sarmak,"Çevresini çevirmek, çepeçevre dolanmak | Dolayında yer almak | Bir şeyi üzerine başka bir şey koyarak kaplamak | Yumak yapmak | Şerit, ip vb.ni başka bir şeyin üzerine dolamak | Kâğıt veya bir bitki yaprağıyla dürmek | Sarılıp tırmanmak | Bir şeyi başka bir şeyin içine koyup onunla kaplamak | Taşıt tırmanmak, yükseğe doğru çıkmak | Saldırmak, hücum etmek | Bir görev veya işin yerine getirilmesini başkasına yüklemek | Sözle saldırmak; tedirgin etmek | Hoşuna gitmek, zevkini okşamak",,
sarmalamak,Sıkı sıkı sarmak,,
sarmalanmak,Sarmalama işine konu olmak veya sarmalama işi yapılmak,,
sarmaşmak,"Birbirine sarılmak, kucaklaşmak",,
sarplaşmak,Sarp bir duruma girmek,,
sarsabilmek,Sarsma ihtimali veya imkânı bulunmak,,
sarsalamak,Birini veya bir şeyi sarsmak,,
sarsılmak,Sarsma işine konu olmak | Güçsüz durumda kalmak | Beklenmedik bir olaydan olumsuz biçimde çok etkilenmek,,
sarsmak,"Birdenbire ve güçle kımıldatmak; oynatmak, sallamak, silkelemek, titretmek | Zarar verecek yolda etkilemek",,
sasımak,Küf ve çürük gibi kokmak; tefessüh etmek | Tatsız duruma gelmek,,
satabilmek,Satma ihtimali veya imkânı bulunmak,,
sataşabilmek,Sataşma ihtimali veya imkânı bulunmak,,
sataşılmak,Sataşmak işine konu olmak,,
sataşmak,"Bir kimseyi rahatsız edecek davranışta bulunmak; bulaşmak, dahletmek | Sarkıntılık etmek",,
satılabilmek,Satılma ihtimali veya imkânı bulunmak,,
satılmak,Satma işi yapılmak; gitmek | Para veya çıkar karşılığında rakip tarafa hizmet etmek,,
satıvermek,Çabucak veya kısa sürede satmak,,satı'vermek
satmak,"Bir malı bir bedel karşılığında alıcıya vermek | Bir kimse, kendini veya başkasını olduğundan daha önemli, yetkili ve değerli göstermek | Bir çıkar karşılığında bir şeyi gözden çıkarmak, feda etmek | Bir yolunu bularak birinin yanından ayrılmak",,
sattırabilmek,Sattırma ihtimali veya imkânı bulunmak,,
sattırmak,Satma işini yaptırmak veya satma zorunda bırakmak,,
savabilmek,Savma ihtimali veya imkânı bulunmak,,
savaklamak,Suyu arklara salmak,,
savaşabilmek,Savaşma ihtimali veya imkânı bulunmak,,
savaşmak,"İki ve daha çok devlet silahlı mücadele etmek; cenkleşmek, muharebe etmek [askerlik] | Bir şeyi ortadan kaldırmak, yok etmek amacıyla mücadeleye girişmek | Bir şeyi elde etmek için çaba sarf etmek | Bir güçlüğü yenmek için direnmek | Bir davayı savunmak ve yaymak için gayret göstermek | Bir düşünce veya görüşe şiddetle karşı koymak",,
savaştırmak,Savaşma işini yaptırmak,,
savatlamak,Gümüş üstüne açılan oyuklara kurşun doldurarak süsleme yapmak,,
savatlanmak,Savatlama işi yapılmak,,
savdırmak,Savma işini yaptırmak,,
savılmak,"Savma işine konu olmak; tardedilmek, tardolunmak",,
savlamak,İddia etmek,,
savmak,"İstenmeyen birini yanından uzaklaştırmak; defetmek, deflemek, tardetmek | Sıkıcı bir durumu geçirmek; atlatmak, savuşturmak, defetmek | İşleyip geçmek, etki etmek | Vakti geçmek",,
savrulabilmek,Savrulma ihtimali veya imkânı bulunmak,,
savrulmak,"Savurma işi yapılmak | Dağılmak, saçılmak",,
savsaklamak,Belirli bir sebebi olmaksızın bir işi isteyerek geri bırakmak; sallamak,,
savsaklanmak,Savsaklama işine konu olmak; ihmal edilmek,,
savsamak,"Savsaklamak, ihmal etmek",,
savulmak,Bir şeyden çekinerek bulunduğu yerden uzaklaşmak,,
savunabilmek,Savunma ihtimali veya imkânı bulunmak | Savunmaya gücü yetmek,,
savundurmak,Savunma işini yaptırmak,,
savunmak,"Herhangi bir saldırıya karşı koymak, birini veya bir yeri saldırıya karşı korumak; müdafaa etmek | Hareket veya düşünceyi söz ve yazı ile doğru, haklı göstermeye çalışmak | Yapılan bir suçlamaya veya ithama karşı kendini haklı gösterecek sebepler ileri sürmek | Bir kişiyi desteklemek, ona arka çıkmak | Futbolda bir takım kendi kalesini korumak için oyun süresince çaba göstermek [spor]",,
savunulmak,Savunma işi yapılmak,,
savurabilmek,Savurma ihtimali veya imkânı bulunmak,,
savurmak,"Havaya atıp dağıtmak | Rüzgâr, şiddetle eserek bir yeri, bir şeyi altüst etmek, havaya kaldırmak | Kaldırıp atmak; fırlatmak | Şiddetle döndürerek sallamak, kaldırarak vurmak | Bir sıvının havalanmasını sağlamak, kaynayan sıvının taşmasını önlemek veya sıvıyı soğutmak amacıyla bir kaptan veya yerden alıp yine kendi kabına veya yerine dökmek | Sallamak, uçurmak, dalgalandırmak | Yalan, küfür vb. söylemek | Boşuna ve çok miktarda harcamak; israf etmek",,
savurtmak,"Savrulmasına sebep olmak, savrulmasını sağlamak",,
savuşmak,"Bulunduğu yerden aceleyle, gizlice veya dikkati çekmeden ayrılmak | Hastalık veya başka kötü bir durum geçmek, iyileşmek",,
savuşturabilmek,Savuşturma ihtimali veya imkânı bulunmak,,
savuşturmak,"Geçiştirmek, atlatmak; defetmek",,
savuşuvermek,Çabucak savuşmak,,savuşu'vermek
sayabilmek,Sayma ihtimali veya imkânı bulunmak,,
saydamlaşmak,"Saydam bir duruma gelmek; şeffaflaşmak | Belirgin, açık bir duruma gelmek",,
saydamlaştırılmak,Saydam duruma getirilmek; şeffaflaştırılmak,,
saydamlaştırmak,Saydam duruma getirmek; şeffaflaştırmak,,
saydırabilmek,Saydırma ihtimali veya imkânı bulunmak,,
saydırmak,"Sayma işini yaptırmak, sayısını buldurmak, sayı belirterek sonuç almak | Sözünü dinletmek, saygı gösterilmesini sağlamak | Sövüp saymak",,
saydırtmak,Saydırma işini yaptırmak,,
sayfalamak,"Ana belleği sayfalara ayırarak kullanmak [bilişim] | Gazete, dergi vb. yayınlarda sayfa düzeni yapmak",,
sayfalandırmak,"Gazetecilikte, basımevinde dizilen yazılara sayfa düzeni vermek",,
sayıklamak,"Uykuda veya bir hastalığın verdiği dalgınlık sırasında anlamsız, tutarsız sözler söylemek | İstediği, özlediği bir şeyden sürekli söz etmek",,
sayılabilmek,"Sayılma ihtimali veya imkânı bulunmak; addedilebilmek, addolunabilmek",,
sayılamak,Nesnelerin veya olayların niceliğini rakamlarla belirtmek,,
sayılmak,"Sayma işine konu olmak; addedilmek, addolunmak",,
sayımlamak,Sayım yapmak,,
sayısallaşmak,"Yazı, fotoğraf, harita vb. fiziki veriler bilgisayar, akıllı telefon, tablet vb. teknolojik araçlar tarafından okunabilecek, düzenlenebilecek ve gerektiğinde kullanılabilecek biçimde elektronik ortama aktarılmak; dijitalleşmek | Birey bilgisayar, akıllı telefon, tablet gibi teknolojik araçlar aracılığıyla sanal ortamdaki ilişkiler ağı içinde varlık göstermek; dijitalleşmek",,
sayısallaştırmak,"Yazı, fotoğraf, harita vb. fiziki verileri çeşitli araç ve yöntemlerle 0’lar ve 1’ler olmak üzere sayılar hâlinde elektronik ortama aktararak bilgisayar, akıllı telefon, tablet vb. ortamlarda saklayıp istenildiğinde okunabilecek, düzenlenebilecek ve kullanılabilecek bir biçime dönüştürmek; dijitalleştirmek | Bir olayı yalnız sayı olarak görmek",,
sayışmak,"Çocuk oyunlarında sayı sayarak ebeyi belirlemek | Ödeşmek, hesaplaşmak, hesabına saymak; takas etmek",,
sayıvermek,Çabucak saymak,,sayı'vermek
saykallamak,Saykal kullanarak parlatmak; cilalamak,,
saymak,"Bir şeyin kaç tane olduğunu anlamak için bunları birer birer elden veya gözden geçirmek, sayısını bulmak | Sayıları arka arkaya söylemek | Birini veya bir şeyi herhangi başka bir şey yerine koymak veya ona herhangi bir şey gözüyle bakmak; addetmek | … olduğunu veya olacağını varsaymak, kabul etmek | Arka arkaya söylemek, sıralamak | Ödemek, peşin vermek | Geçer tutmak | Değeri, üstünlüğü, yaşlılığı, yararlılığı dolayısıyla bir kimseye değer vermek, hürmet etmek | Hesaba katmak, dikkate almak",,
sayrımsamak,Gerçekte hasta olmadığı hâlde kendini hasta göstermek; temaruz etmek,,
sebeplendirmek,Sebeplenme işini yaptırmak,,
sebeplenmek,Kendisine dolaylı olarak yarar sağlamak,,
seçebilmek,Seçme ihtimali veya imkânı bulunmak,,
seçilebilmek,Seçilme ihtimali veya imkânı bulunmak,,
seçilmek,Seçme işine konu olmak,,
seçkinleşmek,Seçkin duruma gelmek,,
seçmek,"Benzerleri arasında hoşa gideni seçip almak veya yararlanmak için ayırmak; saylamak | Birini oy vererek bir göreve getirmek | Bir şeyi üstün, iyi, uygun bularak yeğlemek | Ne olduğunu anlamak, fark etmek | Farklı görmek, üstün görmek | Tercihini bir yönde kullanmak | Titiz davranmak, kolay kolay beğenmemek",,
seçtirebilmek,Seçtirme ihtimali veya imkânı bulunmak,,
seçtirmek,Seçme işini yaptırmak,,
seçtirtmek,Seçtirme işini yaptırmak,,
seğirmek,Genellikle vücudun bir yerinde deri ile birlikte derinin hemen altındaki kaslar hafifçe oynamak; seğrimek,,
seğirtmek,Sıçrayarak yakın bir yere doğru koşmak,,
sekilemek,Bir yamacı ağaçlandırmak için sekiler (I) yapmak; teraslamak,,
sekilenmek,Seki durumuna getirilmek; teraslanmak,,
sekmek,"Tek veya iki ayak üzerinde sıçramak | Tek veya iki ayak üzerinde sıçrayarak ilerlemek | Atılan bir nesne bir yere dokunduktan sonra sıçrayarak gitmek | Bir yere, bir cisme çarparak yön değiştirmek; cıvmak | Aralık vermek",,
sektirebilmek,Sektirme ihtimali veya imkânı bulunmak,,
sektirmek,Sekmesine sebep olmak; sekitmek,,
sekülerleşmek,"Bilimsel gelişme, rasyonelleşme ve modernleşme ile birlikte dinin bireysel alışkanlıklardan sosyal kurumlara varıncaya dek hayatın bütün boyutları üzerindeki etkisinin azalmasını savumak [felsefe]",,
selametlemek,"Yolcuyu, konuğu uğurlamak, geçirmek",,
selamlamak,"Bir kimseyle karşılaşıldığında, birinin yanına gidildiğinde veya yanından uzaklaşıldığında kendisine sözle veya işaretle bir nezaket gösterisi yapmak; selam vermek, esenlemek",,
selamlanmak,Selamlama işi yapılmak,,
selamlaşabilmek,Selamlaşma ihtimali veya imkânı bulunmak,,
selamlaşmak,Birbirine selam vermek; esenleşmek | Çok az tanışmak,,
selamlayabilmek,Selamlama ihtimali veya imkânı bulunmak,,
selbetmek,"Zorla almak, kapmak | Kaldırma, kaçırma, yok etme",Arapça selb + Türkçe etmek,se'lbetmek
semeleşmek,Seme duruma gelmek,,
semerlemek,Semer vurmak,,
semerlenmek,"Semerleme işi yapılmak, semer vurulmak",,
semerletmek,Semer taktırmak,,
semirmek,"Besili, yağlı bir duruma gelmek; beslemek",,
semirtmek,"Besili, yağlı bir duruma getirmek; beslemek",,
semizlemek,Semiz duruma gelmek; semirmek,,
semizlenmek,"Semiz duruma gelmek, semiz olmak",,
semizleşmek,Semiz duruma gelmek,,
semizletmek,Semizleme işini yaptırmak,,
sendelemek,"Dengesi bozularak düşecek gibi olmak, adımlarını şaşırmak | Herhangi bir olay karşısında ne yapacağını şaşıracak kadar sarsılmak",,
sendeletmek,Sendeleme işini yaptırmak,,
sendikalaşmak,Sendikalı duruma gelmek,,
sendikalaştırmak,Sendika hâlinde teşkilatlandırmak,,
senetleşmek,Birbirine senet vermek,,
sentezlemek,Sentez durumuna getirmek,,
sepelemek,Kısa süreler içinde ve seyrek damlalar hâlinde yağmak; serpelemek,,
sepetlemek,"Meyve, sebze vb.ni sepete koymak, sepete yerleştirmek | Başından savmak | İşinden çıkarmak",,
sepetlenmek,Sepetleme işi yapılmak,,
sepetleyebilmek,Sepetleme ihtimali veya imkânı bulunmak,,
sepileme,Sepilemek işi; tabaklama (II),,
sepilemek,"Deri, post vb.ni kullanılabilecek bir duruma getirmek için çeşitli işlemlerden geçirmek; tabaklamak (II)",,
sepilenmek,Sepileme işi yapılmak; tabaklanmak (II),,
serbestlemek,Sıkıcı bir durumdan veya kalabalıktan kurtulmak,,
serbestleşmek,Serbest duruma gelmek,,
serbestleştirmek,Serbestleşme işini yaptırmak,,
serdetmek,İleri sürmek,Arapça serd + Türkçe etmek,se'rdetmek
serdirmek,Serme işini yaptırmak,,
serebilmek,Serme ihtimali veya imkânı bulunmak,,
sergilemek,"Bazı şeyleri göstermek, tanıtmak veya satmak amacıyla herhangi bir biçimde, herkesin görebileceği bir yere yerleştirmek; teşhir etmek | Vermek veya sunmak",,
sergilenmek,Sergileme işi yapılmak | Verilmek veya sunulmak,,
sergiletmek,Sergileme işini yaptırmak,,
sergileyebilmek,Sergileme ihtimali veya imkânı bulunmak,,
serilebilmek,Serilme ihtimali veya imkânı bulunmak,,
serilmek,Serme işi yapılmak; yayılmak | Bir yere uzanıp yatmak,,
serinlemek,"Hava serin bir duruma gelmek, hafifçe soğumak; serinleşmek | Hafif soğukluk duymak",,
serinlendirmek,Serinlenme işini yaptırmak,,
serinlenmek,Serinlik duymak,,
serinleşmek,"Serin duruma gelmek; serinlemek, serinlik vermek",,
serinletebilmek,Serinletme ihtimali veya imkânı bulunmak,,
serinletmek,Serin duruma getirmek; serinlik vermek,,
serinleyebilmek,Serinleme ihtimali veya imkânı bulunmak,,
serivermek,Çabucak veya kısa sürede sermek,,seri'vermek
sermek,"Kurutmak için asmak | Göstermek amacıyla asmak veya yaymak | Düz bir yere yaymak | Açarak yaymak veya döşemek | Boylu boyunca yere yatırmak, düşürmek veya hırpalamak | Boşlamak, savsaklamak",,
serpebilmek,Serpme ihtimali veya imkânı bulunmak,,
serpelemek,Sürekli olarak ve az serpmek,,
serpilmek,"Serpme işine konu olmak | Gelişmek, büyümek",,
serpiştirebilmek,Serpiştirme ihtimali veya imkânı bulunmak,,
serpiştirilmek,Serpiştirme işine konu olmak,,
serpiştirmek,"Yağmur veya kar azar azar, ince ince yağmak; serpmek | Gelişigüzel serpmek",,
serpmek,"Bir şeyi dağılacak biçimde dökmek | Belli bir yere dağılacak biçimde dökmek; ekmek (II) | Yağmur veya kar azar azar, ince ince yağmak; serpiştirmek | Vermek, saçmak",,
serptirmek,Serpme işini yaptırmak,,
sersemlemek,Sersem duruma gelmek,,
sersemleşmek,Sersem duruma gelmek,,
sersemleştirmek,Sersemleşme işini yaptırmak,,
sersemletmek,Sersemlemesine sebep olmak,,
serserileşmek,"Serseri duruma gelmek, serseri olmak",,
sertelmek,Direnci artmak,,
sertlenmek,Sert bir tavır almak; sertleşmek,,
sertleşebilmek,Sertleşme ihtimali veya imkânı bulunmak,,
sertleşmek,"Sert bir durum almak; katılaşmak | Gücü artmak, zorlu bir durum almak | Erkeklik organı, içindeki damarlara kan dolması ile birlikte sert ve dik duruma gelmek [tıp] | Bir kimsenin davranış veya sözleri sert, kırıcı olmak; sertelmek",,
sertleştirmek,"Sert bir duruma getirmek, sertleşmesine sebep olmak",,
seslemek,"Dinlemek, kulak vermek",,
seslendirebilmek,Seslendirme ihtimali veya imkânı bulunmak | Seslendirme becerisi bulunmak,,
seslendirilmek,Seslendirme işi yapılmak,,
seslendirmek,"Sesli duruma getirmek, sesli olmasını sağlamak | Hissedilen bir duyguyu, düşünülen bir fikri dile getirmek, duyurmak | Sesi, çekimden sonra film üzerine geçirmek; kaydetmek [sinema] | Bir müzik eserini okumak [müzik]",,
seslenebilmek,Seslenme ihtimali veya imkânı bulunmak | Seslenmeye gücü yetmek,,
seslenilmek,Seslenme işi yapılmak,,
seslenmek,"Uzaktan bağırarak çağırmak; ünlemek | Bir şey söylemek için sesini çıkarmak veya cevap vermek | Sözü birine veya birilerine yöneltmek, birine karşı söylemek; hitap etmek",,
sesletmek,Sesleme işini yaptırmak,,
sessizleşmek,"Sessiz duruma gelmek, sessiz olmak",,
sessizleştirmek,Sessizleşme işini yaptırmak,,
setretmek,"Bir şeyi örtmek, gizlemek",Arapça setr + Türkçe etmek,se'tretmek
sevdalanmak,Sevdaya tutulmak,,
sevdirebilmek,Sevdirme ihtimali veya imkânı bulunmak,,
sevdirmek,Sevmesini sağlamak,,
sevdirtmek,Sevdirme işini yaptırmak,,
sevebilmek,Sevme ihtimali veya imkânı bulunmak,,
sevilebilmek,Sevilme ihtimali veya imkânı bulunmak,,
sevilmek,"Sevgi duyulmak, sevgi beslenilmek",,
sevimlileşmek,Sevimli duruma gelmek,,
sevimlileştirmek,"Sevimli duruma getirmek, sevimli olmasını sağlamak",,
sevimsizleşmek,Sevimsiz duruma gelmek; antipatikleşmek,,
sevimsizleştirmek,Sevimsiz duruma getirmek; antipatikleştirmek,,
sevindirebilmek,Sevindirme ihtimali veya imkânı bulunmak | Sevindirme becerisi bulunmak,,
sevindirilmek,Sevindirme işi yapılmak,,
sevindirmek,"Sevinmesine yol açmak, sevinmesini sağlamak",,
sevinebilmek,Sevinme ihtimali veya imkânı bulunmak,,
sevinmek,Sevinç duymak,,
sevişebilmek,Sevişme ihtimali veya imkânı bulunmak | Sevişme becerisi bulunmak,,
sevişmek,"Birbirini sevmek | Birbirini kucaklamak, öpmek, okşamak vb. eylemlerde bulunmak | Cinsel ilişkide bulunmak, aşk yapmak",,
seviştirmek,Sevişme işini yaptırmak,,
sevmek,"Sevgi ve bağlılık duymak | Birine sevgiyle bağlanmak; gönül vermek | Çok hoşlanmak | Yerini, şartlarını uygun bulmak",,
seyredebilmek,Seyretme ihtimali veya imkânı bulunmak,Arapça seyr + Türkçe edebilmek,se'yredebilmek
seyredilmek,Seyretme işine konu olmak,Arapça seyr + Türkçe edilmek,se'yredilmek
seyredivermek,Bir anda seyretmek,,seyredi'vermek
seyrekleşmek,Seyrek duruma gelmek; seyrelmek,,
seyrekleştirmek,"Seyrek duruma getirmek; aralamak, seyreltmek",,
seyreltilmek,"Seyreltme işi yapılmak | Bir sıvı, bir miktar su veya sıvı katılarak az yoğun duruma getirilmek [kimya]",,
seyreltmek,Seyrek duruma getirmek | Sıvıyı bir miktar su veya sıvı katarak az yoğun duruma getirmek; inceltmek,,
seyretmek,"Bir şeyin durumunu, oluşumunu gözlemek, bakmak | Bir olaya karışmadan bakmak | Eğlenmek, görmek, öğrenmek vb. için bakmak, izlemek | Taşıt, ilerlemek, yol almak | Hastalık vb. sürmek, devam etmek",Arapça seyr + Türkçe etmek,se'yretmek
seyrettirmek,Seyretme işini yaptırmak,,se'yrettirmek
seyreylemek,"Bir şeyi seyretmek, geriden gözlemek",Arapça seyr + Türkçe eylemek,se'yreylemek
sezdirebilmek,Sezdirme ihtimali veya imkânı bulunmak,,
sezdirmek,"Sezmesine yol açmak, belli etmek; hissettirmek, sezindirmek",,
sezdirtmek,Sezdirme işini yaptırmak,,
sezebilmek,Sezme ihtimali veya imkânı bulunmak | Sezme becerisi bulunmak,,
sezilebilmek,Sezilme ihtimali bulunmak,,
sezilmek,"Bir şey, bir durum anlaşılmak; hissedilmek",,
sezinlemek,Sezer gibi olmak,,
sezinleyebilmek,Sezinleme ihtimali veya imkânı bulunmak | Sezinleme becerisi bulunmak,,
sezmek,"Açık bir kanıt olmaksızın, olmuş veya olacak bir şeyi anlamak | Anlamak, fark etmek",,
sıcaklamak,Sıcaktan bunalmak,,
sıcaklanmak,Sıcaktan bunalmak,,
sıcaklaşmak,Sıcak duruma gelmek,,
sıcaklaştırmak,Sıcak duruma getirmek,,
sıçabilmek,Sıçma ihtimali veya imkânı bulunmak | Sıçmaya gücü yetmek,,
sıçmak,"Dışkıyı vücuttan dışarı atmak | Bozmak, berbat etmek | Pek güç bir duruma düşmek, kötü durumda kalmak",,
sıçramak,"Ayaklarla, birdenbire ve kuvvetle yeri teperek hızla yukarıya veya ileriye atılmak | Bir uyarı veya heyecan sebebiyle ürkerek birdenbire olduğu yerde doğrulur gibi sarsılmak | Yerinden koparak hızla, parçalar durumunda savrulmak | Yayılmak, bir yerden başka bir yere geçmek",,
sıçratabilmek,Sıçratma ihtimali veya imkânı bulunmak,,
sıçratmak,Sıçrama işini yaptırmak,,
sıçrayabilmek,Sıçrama ihtimali veya imkânı bulunmak | Sıçrama becerisi bulunmak,,
sıçtırmak,Sıçma işini yaptırmak,,
sıfatlandırmak,Herhangi bir kimseye bir sıfat veya ünvan vermek,,
sıfatlaştırmak,"Bir sözü sıfat durumuna getirmek, sıfat olarak kullanmak",,
sıfırlamak,"Bir denklemdeki bütün terimleri yalnız bir yanda toplayarak denklemin öbür yanını eşit duruma getirmek [matematik] | Sayma işlemi yapan bir göstergeyi sıfır sayısına getirmek [matematik] | Yok saymak, hiç yokmuş gibi düşünmek | Alacak verecek hesabını sıfır duruma getirmek, kapatmak",,
sıfırlanmak,Sıfırlama işi yapılmak,,
sıfırlatmak,Sıfırlama işini yaptırmak,,
sığabilmek,Sığma ihtimali veya imkânı bulunmak,,
sığdırabilmek,Sığdırma ihtimali veya imkânı bulunmak | Sığdırma becerisi bulunmak,,
sığdırılmak,Sığdırma işi yapılmak,,
sığdırıvermek,Kolayca sığdırmak,,sığdırı'vermek
sığdırmak,"Bir şeyin bir kabın veya bir yerin içine sığmasını sağlamak, aldırmak",,
sığınabilmek,Sığınma ihtimali veya imkânı bulunmak,,
sığınılmak,Sığınma işi yapılmak,,
sığınıvermek,Çabucak sığınmak,,sığını'vermek
sığınmak,"Tehlikelerden kaçarak güvenilir bir yere çekilmek | Korunmak amacıyla bir yere veya birine başvurmak, başkalarının yardım ve korunmasına ihtiyaç duymak | Genellikle siyasi sebeplerle kendi ülkesinden kaçıp başka ülkeye gitmek; iltica etmek | Güvenmek, yardım istemek veya ummak",,
sığışmak,"Ancak sığmak, güçlükle sığmak",,
sığıştırabilmek,Sığıştırma ihtimali veya imkânı bulunmak | Sığıştırma becerisi bulunmak,,
sığıştırmak,Güçlükle sığdırmak,,
sığlaşmak,Sığ duruma gelmek,,
sığlaştırmak,Sığlaşma işini yaptırmak,,
sığmak,"Bir kaba, bir yere bütünüyle girebilmek veya içinden geçebilmek; girmek | Uygun düşmek, yakışmak, kabul edilebilir olmak",,
sıkabilmek,Sıkma ihtimali veya imkânı bulunmak | Sıkmaya gücü yetmek,,
sıkılamak,"Sıkı duruma getirmek | Dolma tüfek, tabanca vb. ateşli silahları ağızdan doldurup sıkıştırmak | İyice tembih etmek",,
sıkılanmak,Sıkılama işi yapılmak,,
sıkılaştırmak,Sıkı duruma getirmek,,
sıkılmak,Sıkma işi yapılmak | Can sıkıntısı duymak | Utanıp çekinmek | Sıkıntıya düşmek,,
sıkınmak,Kendini sıkmak,,
sıkışabilmek,Sıkışma ihtimali veya imkânı bulunmak | Sıkışma özelliği bulunmak,,
sıkışıvermek,Çabucak veya ansızın sıkışmak,,sıkışı'vermek
sıkışmak,"Kalabalıktan dolayı birbirine çok yaklaşmak | İki şey arasında kalmak | Yerinden oynamamak | Dar bir yere zorla sığmak veya sığdırılmak | Zor bir durumda kalmak | Sıkıntı ve darlık çekmek, çarpıntı duymak; daralmak | Tuvalet ihtiyacı gelmek | Darlık çekmek, parasız kalmak",,
sıkıştırabilmek,Sıkıştırma ihtimali veya imkânı bulunmak | Sıkıştırma becerisi bulunmak,,
sıkıştırılmak,Sıkıştırma işi yapılmak,,
sıkıştırmak,"Bir şeyi dar bir yere zorla sığdırmak; tıkmak | Bir nesneyi sıkıca duracak biçimde bir yere koymak, yerleştirmek veya orada tutmak | Gevşek veya seyrek olan şeyleri birbirine yaklaştırarak sıkı duruma getirmek; sıkılamak | Bir şeyin sıkışmasına, kısılmasına, ezilmesine sebep olmak | Üstüne düşüp zorlamak | Elle sarkıntılık etmek",,
sıkıvermek,Çabucak sıkmak,,sıkı'vermek
sıklaşmak,"Sık duruma gelmek veya sıkça ortaya çıkmak, sık görülmek",,
sıklaştırabilmek,Sıklaştırma ihtimali veya imkânı bulunmak | Sıklaştırma becerisi bulunmak,,
sıklaştırılmak,Sıklaştırma işi yapılmak,,
sıklaştırmak,"Sık duruma getirmek veya sıkça yapmak, sayısını artırmak",,
sıkmak,"Çevresine sarılarak veya bir şey sararak çepeçevre basınç altına almak | Bir şeyin suyunu, yağını, sıvı kısmını basınçla çıkarıp akıtmak | Dar gelmek | Basınçlı bir araçla fışkırtmak, püskürtmek | Silahla ateş etmek | Baskı altına almak; üzmek, zorlamak | Sıkıntı vermek | Yalan söylemek",,
sıktırmak,Sıkma işini yaptırmak,,
sımak,"Kırmak, bozmak | Yenmek, mağlup etmek",,
sınamak,"Değerini anlamak, gerekli niteliği taşıyıp taşımadığını bulmak için birini, bir nesneyi veya bir düşünceyi yoklamak; denemek, tecrübe etmek | Bilgisini, yeteneğini, yeterliliğini veya niteliğini yoklamak; imtihan etmek",,
sınanabilmek,Sınanma ihtimali veya imkânı bulunmak,,
sınanmak,Sınama işine konu olmak,,
sınatmak,Sınama işini yaptırmak,,
sınayabilmek,Sınama ihtimali veya imkânı bulunmak,,
sındırılmak,Sındırma işine konu olmak,,
sındırmak,"Kırmak, parçalamak | Yenerek bozmak, mağlup etmek",,
sınıflandırmak,Karşılaştırma esasına bağlı olarak tasnif yapmak,,
sınıflaşmak,Toplumda sınıf farkları oluşmak,,
sınıflayabilmek,Sınıflama ihtimali veya imkânı bulunmak | Sınıflama becerisi bulunmak,,
sınırlamak,"Sınırını çizmek, sınırını belirtmek veya belirlemek; sınırlandırmak, hudutlandırmak | Belli bir sınır içinde bırakmak",,
sınırlanmak,Sınır çekilmek | Belli bir sınır içinde bırakılmak; kalmak,,
sınmak,"Kırılmak, parçalanmak, bozulmak | Yenilmek, bozguna uğramak",,
sıralamak,"Birbiri ardı sıra veya yan yana koyarak sıra durumuna getirmek | Art arda söylemek, sayıp dökmek | Belirli bir düzene göre yerleştirmek veya düzenlemek, sıraya koymak | Söylenecek, yazılacak, yapılacak şeylere zihinde gerekli düzeni vermek | Aynı davranışı birbiri ardınca birçok kez yapmak | Aynı davranışı birçok şey üstünde tekrarlamak | Küçük çocuk tutunarak yürümeye başlamak, tutunarak yürümek",,
sıralanabilmek,Sıralanma ihtimali veya imkânı bulunmak,,
sıralandırmak,Sıralanma işini yaptırmak,,
sıralanmak,"Sıra oluşturacak biçimde yer almak | Sıraya, düzene konulmak",,
sıralatmak,Sıralamak işini yaptırmak,,
sıralayabilmek,Sıralama ihtimali veya imkânı bulunmak | Sıralama becerisi bulunmak,,
sıralayıvermek,Çabucak veya kısa zamanda sıralamak,,sıralayı'vermek
sırıklamak,"Fasulye, domates vb. bitkilerin tutunması, dallarının desteklenmesi için yanlarına sırık dikmek; hereklemek | Aşırıp götürmek, çalmak",,
sırımak,"Yorgan, şilte vb.ni iri ve aralıklı dikmek | Sağlam ve sıkıca dikmek",,
sırıtabilmek,Sırıtma ihtimali veya imkânı bulunmak,,
sırıtıvermek,Ansızın veya çabucak sırıtmak,,sırıtı'vermek
sırıtmak,"Dişlerini göstererek aptallık, şaşkınlık, kurnazlık veya alay belirtir biçimde gülmek; sırtarmak (I) | Yorgan, şilte vb.ni iri ve aralıklı diktirmek | Bütün çirkinliği ve kusuru ortaya çıkmak | Göze batmak",,
sırlamak,"Bazı nesnelere, toprak kaplara sır (I) sürmek",,
sırlamak,"Sır (II) hâline getirmek | Ölen bir kimseyi defnetmek, gömmek",,
sırlanmak,Sırlama işi yapılmak,,
sırlanmak,"Sır (II) hâline getirilmek | Ölen bir kimse defnedilmek, gömülmek",,
sırnaşmak,Sırnaşıkça davranmak,,
sırnaştırmak,Sırnaşıklık yapmasına sebep olmak,,
sırretmek,"Bir şeyi veya kimseyi akılalmaz bir biçimde ortadan yok etmek, görünmez kılmak",Arapça sirr + Türkçe etmek,sı'rretmek
sırrolmak,Bir şey veya kimse akılalmaz bir biçimde ortadan yok olmak,Arapça sirr + Türkçe olmak,sı'rrolmak
sırtarmak,"Açıkta kalarak görünmek | Diklenmek, karşı koymak | Karşı koymaya hazırlanmak",,
sırtlamak,"Birini veya bir şeyi sırtına alıp yüklenmek; arkalamak | Birinin, bir şeyin sorumluluğunu, yükünü veya geçimini üzerine almak",,
sırtlanmak,"Sırtlamak işi yapılmak | Sorumluluk almak, üstüne almak",,
sırtlayabilmek,Sırtlama ihtimali veya imkânı bulunmak | Sırtlamaya gücü yetmek,,
sıskalaşmak,Sıska duruma gelmek; cılızlaşmak,,
sıtmalanmak,Sıtmaya tutulmak,,
sıvamak,"Duvar vb. bir yeri sıva kullanarak kaplamak, sıva vurmak, sıva yapmak; sıvalamak | Harcı bir yere vurmak | Bir şeyi, üzerine başka bir şey sürerek veya döşeyerek tamamen kaplamak | Okşamak, sıvazlamak | Arka arkaya küfürlü sözler söylemek",,
sıvamak,"Kolu, paçayı yukarı çekip toplamak veya kıvırmak",,
sıvanabilmek,Sıvanma ihtimali veya imkânı bulunmak,,
sıvanmak,Sıvamak (I) işi yapılmak,,
sıvanmak,Bir işe girişmek | Sıvamak (II) işi yapılmak | İştahla yemek,,
sıvaşmak,Sıvık veya sıvışık bir duruma gelmek,,
sıvaştırmak,Sıvık veya sıvışık duruma getirmek,,
sıvatmak,Sıvama işini yaptırmak,,
sıvazlamak,"Bir şeyin üstünde yavaş yavaş, hafifçe el gezdirmek",,
sıvazlanmak,Sıvazlamak işi yapılmak,,
sıvazlatmak,Sıvazlama işini yaptırmak,,
sıvıklaştırmak,Sıvık duruma getirmek,,
sıvılaşmak,Sıvı durumuna gelmek,,
sıvılaştırılmak,Sıvı duruma getirilmek,,
sıvılaştırmak,Bir gazı sıvı durumuna dönüştürmek [fizik],,
sıvındırmak,"Bir gazın veya buharın sıcaklık derecesini düşürmek, basıncını artırmak yoluyla onu sıvı durumuna getirmek [fizik]",,
sıvınmak,Gaz veya buhar durumundan sıvı durumuna geçmek [fizik],,
sıvışabilmek,Sıvışma ihtimali veya imkânı bulunmak,,
sıvışmak,Haber vermeden sessizce gidivermek; tüymek,,
sıyırabilmek,Sıyırma ihtimali veya imkânı bulunmak | Sıyırma becerisi bulunmak,,
sıyırıvermek,Ansızın veya çabucak sıyırmak,,sıyırı'vermek
sıyırmak,"Hızla sürtünerek veya dokunarak geçen bir şey geçtiği yüzeyden küçük bir parça koparmak, soymak veya o yüzeyin üzerini hafifçe çizmek, yırtmak | Sürtünerek veya çekerek bir şeyi yerinden almak, kaldırmak | Bir şeyin üstündeki örtüyü çekerek almak veya açmak | Kılıfında veya kınında bulunan tabanca, kılıç vb.ni çekerek çıkarmak | Kazıyarak, silerek üzerinde veya içinde hiçbir şey bırakmamak | Hafifçe dokunarak geçmek | Akıl sağlığını kaybetmiş olmak | Çekip kurtarmak",,
sıyırtmak,Sıyırma işini yaptırmak,,
sıyrılabilmek,Sıyrılma ihtimali veya imkânı bulunmak,,
sıyrılmak,"Sıyırma işine konu olmak | Bir yerden veya bir durumdan çıkmak, kurtulmak",,
sızabilmek,Sızma ihtimali veya imkânı bulunmak,,
sızdırabilmek,Sızdırma ihtimali veya imkânı bulunmak,,
sızdırılmak,Sızdırma işi yapılmak,,
sızdırmak,"Azar azar akıtmak; sızırmak | Sızmasına yol açmak, sarhoş edip uyutmak | Haber, sır vb.ni duyurmak, yaymak | Bal, yağ vb.ni eritip süzerek temiz bir duruma getirmek; sızırmak | Gizlice sokmak",,
sızılmak,Sızma işi yapılmak,,
sızıvermek,Çabucak sızmak,,sızı'vermek
sızlamak,Hafifçe ağrımak,,
sızlanmak,"Kendine yapılan bir haksızlığı, kendisini tedirgin eden bir durumu, çare bulması veya sadece sıkıntısına ortak olması için karşısındakine anlatmak; yakınmak (II), şikâyet etmek, şekva etmek, tazallüm etmek",,
sızlatmak,Sızlamasına sebep olmak,,
sızmak,"İnce aralıklardan veya gözeneklerden az miktarda ve belli olmadan yavaş yavaş akmak, çıkmak | Gizli tutulan haber, sır vb. şeyler duyulmak, yayılmak | Herhangi bir topluluğu, bir örgütü yolundan saptırmak için gizlice arasına girmek | Gizlice, haber vermeden gitmek, sıvışmak | İçki, yorgunluk vb. sebeplerle kendinden geçerek uyuyakalmak | Düşman mevzileri arasına gizlice girmek ve ilerlemek [askerlik]",,
sifonlamak,Sifonu çekmek,,
siftahlamak,Bir şeyi ilk kez satmak; siftah etmek | Turfanda bir şeyi ilk kez yemek,,
siftinmek,"Oyalanmak, vakit geçirmek | Bir yere sürtünerek kaşınmak",,
sigortalamak,Sigorta yapmak | Bir şeyi güven altına almak,,
sigortalanmak,Sigortalama işi yapılmak,,
sigortalatmak,Sigortalama işini yaptırmak,,
sikkelemek,"Hayvanları sikkeye bağlamak | Damgalatmak, mühürletmek",,
siklememek,"Değer ve önem vermemek, aldırış etmemek",,
sikmek,Erkek biriyle cinsel ilişkide bulunmak; bellemek (III),,
siktirmek,Defolup gitmek,,
silahlama,Silahlamak işi,,
silahlamak,Silahlı duruma getirmek,,
silahlandırılmak,Silahlandırma işine konu olmak,,
silahlandırmak,Silahlı duruma getirmek,,
silahlanmak,Silahlı duruma gelmek,,
silahsızlandırmak,"Silahsızlanmasına sebep olmak, silahsızlanmasını sağlamak, silahlarını bıraktırmak",,
silahsızlanmak,Silahlanmaktan vazgeçmek,,
sildirebilmek,Sildirme ihtimali veya imkânı bulunmak | Sildirmeye gücü yetmek,,
sildirilmek,Silme işi yaptırılmak,,
sildirmek,Silme işini yaptırmak,,
sildirtmek,Sildirme işini yaptırmak,,
silebilmek,Silme ihtimali veya imkânı bulunmak | Silmeyi becermek,,
silikatlamak,"Kireç, taş, tahta vb. maddeleri sertleştirmek üzere silikata batırmak",,
silikleşmek,Silik duruma gelmek,,
silikleştirmek,Silik duruma getirmek,,
silinebilmek,Silinme ihtimali veya imkânı bulunmak,,
silinmek,"Silme işine konu olmak | Kendi kendini silmek | Birden yok olmak, gözden kaybolmak",,
silivermek,Çabucak silmek,,sili'vermek
silkelemek,"Üstündeki şeyleri düşürmek, kaydırmak için bir şeyi üst üste, birden silkmek | Kuvvetle sarsmak | Sarsmak, etkilemek | Yük olan, yük sayılan birinin geçim ve sorumluluğunu üstünden atmak",,
silkelenebilmek,Silkelenme ihtimali veya imkânı bulunmak,,
silkelenmek,Silkeleme işine konu olmak,,
silkeleyebilmek,Silkeleme ihtimali veya imkânı bulunmak | Silkelemeye gücü yetmek,,
silkilmek,Silkme işi yapılmak,,
silkindirmek,Silkinmesini sağlamak,,
silkinebilmek,Silkinme ihtimali veya imkânı bulunmak,,
silkinmek,"Üstünü silkmek | Ani bir hareketle, korkuyla vücudu sarsılmak; silkelenmek | Bir şeyi üstünden atmak, ondan kurtulmak",,
silkmek,"Üstündeki şeyleri düşürmek veya temizlemek için bir şeyi kuvvetle sallamak, sarsmak | Ani bir hareketle sarsmak",,
silktirmek,Silkme işini yaptırmak,,
silmek,"Bir şeyin ıslaklığını gidererek kuru duruma getirmek | Üzerine genellikle bir bez sürterek tozlarını, kirlerini almak veya parlatmak | Bir yazı, çizgi vb.ni kazıyarak veya sürterek yok etmek | Tahta malzemeyi makineyle düzgün ve pürüzsüz hâle getirmek | Üzerini çizerek atmak, yok etmek | İlişkisini koparmak, yok saymak | Üstünlük göstererek o alanda üstün olanları ikinci plana atmak | Ortadan kaldırmak, yok etmek veya gidermek",,
silolamak,Tarım ürünlerini siloya koyup yığmak veya saklamak,,
simgelemek,Simge durumuna getirmek,,
simgeleşmek,Simge durumuna gelmek; sembolleşmek,,
simgeleştirilmek,Simgeleştirme işine konu olmak; sembolleştirilmek,,
simgeleştirmek,"Bir olayı, bir insan veya bir duyguyu sembollere başvurarak anlatmak; sembolleştirmek",,
sindirebilmek,Sindirme ihtimali veya imkânı bulunmak,,
sindirilebilmek,Sindirilme ihtimali veya imkânı bulunmak,,
sindirilmek,Sindirme işine konu olmak,,
sindirmek,"Sinmesini sağlamak veya sinmesine sebep olmak; pıstırmak, sındırmak | Yenilen besin maddesini sindirim sisteminde gereken değişikliklere uğratarak kana karışabilir bir duruma getirmek; hazmetmek | Kendine mal etmek, anlayışla karşılayıp benimsemek",,
sineklenmek,Sineği çoğalmak | Sineklerini kovmak,,
sinemalaştırmak,Sinema durumuna getirmek,,
sinirlemek,"Etin içindeki kas kirişlerini ve kalın zarları ayıklamak | Savaşlarda, hasmın altındaki atın art ayak kirişlerini kılıçla kesmek | Sindirmek, hazmetmek",,
sinirlendirmek,Sinirlenmesine sebep olmak,,
sinirlenebilmek,Sinirlenme ihtimali veya imkânı bulunmak,,
sinirlenmek,"Duygu ve davranışlarını denetleyemeyecek duruma gelmek; asabileşmek, feveran etmek",,
sinmek,"Kendini göstermemek için büzülerek saklanmak; pısmak, pusmak | Korku, yılgınlık vb. sebeplerle konuşmamak, hareket etmemek veya tepki göstermemek | Bir şeyin içine hiç çıkmayacak veya güç çıkacak biçimde işlemek, nüfuz etmek | Huy, alışkanlık vb. iyice yerleşmek",,
sinsileşmek,Sinsi duruma gelmek,,
siperlenmek,"Korunmak, saklanmak amacıyla bir yeri, bir şeyi kendine siper etmek veya siper altına, arkasına geçmek veya içine girmek",,
sirkelenmek,Birçok sirke türemek,,
sirkelenmek,İçine sirke konmak,,
sirkeleşmek,Sirke durumuna gelmek,,
sislemek,Serada bitkinin ihtiyacı olan nemi sağlamak ve ortam sıcaklığını düşürmek amacıyla küçük damlalar biçiminde su püskürtmek | Açık ve kapalı alanlarda bitkileri zararlı böceklerden korumak için sıvı ilaç püskürtmek | Düşman gözetlemesini ve hareket kabiliyetini önlemek amacıyla hedef etrafında kuvvetli bir duman perdesi oluşturmak [askerlik],,
sislendirmek,"Sislenmesine sebep olmak, sisli duruma getirmek",,
sislenmek,"Sisle kaplanmak, sise bürünmek",,
sistemleşmek,Sistemli duruma gelmek | Sistem durumuna gelmek,,
sistemleştirmek,Sistemli duruma getirmek | Sistem durumuna getirmek,,
sistirelemek,Düzgün bir yüzey elde etmek için tahta vb. şeyleri sistireden geçirmek,,
sivilleşmek,Sivil duruma gelmek,,
sivilleştirmek,Sivil duruma getirmek,,
sivrilebilmek,Sivrilme ihtimali veya imkânı bulunmak,,
sivrileşmek,Genel tutum veya geleneklerin dışında davranmak | Dikkat çekici sözler söylemek | Kırıcı sözler söylemek,,
sivrileştirmek,Sivri duruma getirmek,,
sivrilmek,Sivri duruma gelmek; sivrileşmek | Başkalarını geride bırakıp yükselmek veya ün kazanmak; temeyyüz etmek,,
sivriltmek,Sivri duruma getirmek,,
siyahlanmak,Siyah duruma gelmek,,
siyahlaşmak,Rengi siyaha dönmek,,
siyahlaştırmak,Siyahlaşma işini yaptırmak,,
siyahlatmak,Rengini siyaha çevirmek,,
siyanürlemek,Siyanürden geçirmek,,
siymek,"Kedi, köpek işemek",,
Slavlaşmak,Slavlara özgü yaşayış tarzını benimsemek,,
Slavlaştırmak,Slavlara özgü yaşayış tarzını benimsetmek,,
sloganlaşmak,Slogan durumuna gelmek,,
sloganlaştırmak,Slogan durumuna getirmek,,
sobelemek,Daha önce kararlaştırılmış yere ebeden önce ulaşıldığını “sobe” diyerek bildirmek,,
softalaşmak,"Bir görüşe, bir inanışa körü körüne bağlanmak, softa durumuna gelmek",,
soğanlamak,Soğan katmak,,
soğuklamak,"Üşüterek hastalanmak, soğuk almak | Donmak, soğuk vurmak",,
soğuklaşmak,"İlgisiz, isteksiz, soğuk davranmak | Bir şey sevimsiz bir durum almak",,
soğuklaştırmak,Soğuk duruma getirmek,,
soğulmak,Suyu veya sütü çekilerek pörsümek,,
soğumak,"Isısını hızla veya yavaş yavaş yitirerek soğuk duruma gelmek; soğuklaşmak | Birine veya bir şeye duyulan istek, sevgi ve ilgi kalmamak; soğuklaşmak",,
soğurmak,"Bir madde, bir sıvıyı içine çekmek | Soğurma yoluyla bir gazı içine almak; emmek, massetmek, absorbe etmek [fizik]",,
soğurulmak,"Soğurma işi yapılmak; soğrulmak, absorbe olmak",,
soğuşmak,"Toprak suyu içine çekip kabarmak, şişmek | Meyvenin suyu çekilmek",,
soğutabilmek,Soğutma ihtimali veya imkânı bulunmak | Soğutmaya gücü yetmek,,
soğutmak,"Soğumasını sağlamak, soğumasına sebep olmak | Herhangi bir durum, kişi, olay; birine, bir yere veya bir şeye karşı duyulan sevgi ve ilginin yok olmasına yol açmak; dondurmak",,
soğutulmak,Soğutma işine konu olmak,,
sokabilmek,Sokma ihtimali veya imkânı bulunmak,,
sokmak,"İçine veya arasına girmesini sağlamak; tıkmak | Bir yere girmesini sağlamak, içeri almak; tıkmak | Bıçak, çakı, iğne vb. batırmak, saplamak | Böcek, zehirli hayvan iğnesini batırmak veya ısırmak, zehirlemek | Yasak bir malı gizlice getirmek veya götürmek | Belli etmeden kötü bir malı vermek | Konuşma sırasında bir sözü, soruyu veya düşünceyi söyleyivermek | Dokunaklı, kırıcı veya acı söz söylemek",,
sokranmak,"Söylenmek, homurdanmak",,
sokturmak,Sokma işini yaptırmak,,
sokulabilmek,Sokulma ihtimali veya imkânı bulunmak,,
sokulmak,"Sokma işine konu olmak | Yanaşmak, yaklaşmak",,
sokuluvermek,Çabucak sokulmak,,sokulu'vermek
sokunmak,Başa çiçek vb. takmak,,
sokuşmak,Dar bir yere sokulmak | Usulcacık araya girmek,,
sokuşturabilmek,Sokuşturma ihtimali veya imkânı bulunmak,,
sokuşturmak,Dar bir yere zorla veya iterek sokmak | Belli etmeden kötü bir malı vermek | Bir sözü kırıcı olmak amacıyla söylemek,,
sokuşturuvermek,Çabucak sokuşturmak,,sokuşturu'vermek
sokuvermek,Ansızın veya çabucak sokmak,,soku'vermek
soldurmak,Solmasına sebep olmak,,
solgunlaşmak,Solgun duruma gelmek,,
sollamak,"Bir taşıt, önünden gitmekte olan taşıtın solundan geçmek",,
sollayabilmek,Sollama ihtimali veya imkânı bulunmak | Sollama becerisi bulunmak,,
solmak,"Rengini yitirmek, rengi uçmak | Tazeliğini, diriliğini veya parlaklığını yitirmek",,
soluklamak,Soluk duruma gelmek,,
soluklandırmak,Soluklanma işini yaptırmak,,
soluklanmak,Rahat bir biçimde soluk almak,,
soluklaşmak,"Gerçek rengini yitirmek, rengi solmak",,
solumak,"Nefes alıp vermek | Sık ve kesik soluk alıp vermek | Zorlanmak, gücünün hepsini harcamak",,
solunmak,"Soluk alıp vermek, teneffüs etmek",,
solutmak,Solumasına sebep olmak | Solumasına imkân vermek,,
soluyabilmek,Soluma ihtimali veya imkânı bulunmak | Solumaya gücü yetmek,,
somak,Hayvanlarda yüzün çıkıntılı ve az çok sivri olan ön bölümü | Taneleri alınmış mısır koçanı,,
somurmak,"Dudak, dil ve soluk yardımıyla bir şeyi içine çekmek; emmek, sorumak",,
somurtabilmek,Somurtma ihtimali veya imkânı bulunmak,,
somurtmak,"Küskünlüğünü, bir şeye sıkıldığını, keyifsizliğini anlatacak biçimde yüzünü buruşturmak; surat asmak",,
somurulmak,Somurma işi yapılmak veya somurma işine konu olmak,,
somutlamak,Somut duruma getirmek,,
somutlanmak,Somut duruma gelmek,,
somutlaşmak,Somut duruma gelmek,,
somutlaştırmak,Somut duruma getirmek,,
sondalamak,"Suyun derinliğini sonda ile ölçmek | Dip katmanların yapısını sonda kullanarak incelemek ve araştırmak | Su, maden, petrol vb. araştırmaları için toprağın derinliklerine sonda sokmak",,
sonlamak,"Bitirmek, sonuçlandırmak, sona erdirmek, noktalamak",,
sonlandırabilmek,Sonlandırma ihtimali veya imkânı bulunmak | Sonlandırma becerisi bulunmak,,
sonlandırılmak,Sonlandırma işi yapılmak,,
sonlandırmak,Sona erdirmek,,
sonlanmak,Sona ermek,,
sonsuzlaşmak,"Sonsuz duruma gelmek, sonu olmamak; bengileşmek, bitimsizleşmek, ebedîleşmek",,
sonsuzlaştırabilmek,Sonsuzlaştırabilme ihtimali veya imkânı bulunmak; ebedîleştirebilmek,,
sonsuzlaştırılmak,"Sonsuz duruma getirilmek; bitimsizleştirilmek, ebedîleştirilmek",,
sonsuzlaştırmak,"Sonsuzlaşma işini yaptırmak; bitimsizleştirmek, ebedîleştirmek",,
sonuçlandırabilmek,Sonuçlandırma ihtimali veya imkânı bulunmak; neticelendirebilmek | Sonuçlandırma becerisi bulunmak,,
sonuçlandırılmak,Sonuca ulaştırılmak; neticelendirilmek,,
sonuçlandırmak,"Sonuca ulaştırmak; bitirmek, sonuçlamak, neticelendirmek, intaç etmek",,
sonuçlanmak,"Sonuca ulaştırılmak, sonuca bağlanmak; neticelenmek, intaç edilmek",,
sorabilmek,Sorma ihtimali veya imkânı bulunmak,,
sordurabilmek,Sordurma ihtimali veya imkânı bulunmak,,
sordurmak,Sorma işini yaptırmak,,
sordurtabilmek,Sordurtma ihtimali veya imkânı bulunmak,,
sordurtmak,Sordurmasını sağlamak,,
sorguçlanmak,Sorguç biçimiyle şekillenmiş gibi görünmek,,
sorgulamak,Suç niteliğinde bulunan bir sorun üzerine ilgili bulunanlara sorular sormak,,
sorgulanabilmek,Sorgulanma ihtimali veya imkânı bulunmak,,
sorgulanmak,Sorgulama işine konu olmak veya sorgulama işi yapılmak,,
sorgulatabilmek,Sorgulatma ihtimali veya imkânı bulunmak,,
sorgulatmak,Sorgulama işini yaptırmak,,
sorgulayabilmek,Sorgulama ihtimali veya imkânı bulunmak | Sorgulamaya yetkili olmak [hukuk],,
sormak,"Birine soru yönelterek herhangi bir konuda bilgi istemek; sual etmek | Bir işin sorumluluğu kendisinde olmak, bir işten sorumlu bulunmak",,
sormak,Dudakları uzatıp soluğu kuvvetle çekerek emmek,,
sorulmak,Sorma işine konu olmak,,
sorumsuzlaşmak,Sorumsuzca davranmak,,
soruşmak,Birine sormak | Birbirini sormak,,
soruşmak,Çamaşır kurumaya başlamak,,
soruşturabilmek,Soruşturma ihtimali veya imkânı bulunmak,,
soruşturmak,Öğrenilmek istenilen şeyi birçok kişiye inceden inceye sormak,,
sorutmak,"Somurtmak, surat asmak | Ayakta durmak, dikilmek, beklemek",,
soruvermek,Ansızın sormak,,soru'vermek
sosyalleştirmek,Toplum kurallarına göre davranacak biçimde eğitmek,,
sotelemek,Eti yağda hafifçe kavurmak,,
sotelenmek,Soteleme işi yapılmak,,
soyabilmek,Soyma ihtimali veya imkânı bulunmak | Soymaya gücü yetmek,,
soydurmak,Soyma işini yaptırmak,,
soylulaşmak,Soylu duruma gelmek; asilleşmek,,
soylulaştırmak,Soylu duruma getirmek; asilleştirmek,,
soymak,"Bir şeyin üzerinden kabuk, deri, zar vb.ni çıkarmak | Birinin giysilerini çıkarmak | Birinin üstünde, yanında veya bir yerde bulunan şeyleri çalarak alıp götürmek; dızlamak",,
soysuzlaşmak,"Soyuna özgü nitelikleri kaybetmek; dejenereleşmek, tefessüh etmek, dejenere olmak",,
soysuzlaştırmak,Soysuz bir duruma getirmek,,
soyulmak,Soyma işine konu olmak,,
soyunabilmek,Soyunma ihtimali veya imkânı bulunmak | Soyunmaya gücü yetmek,,
soyundurmak,Soyunma işini yaptırmak,,
soyunmak,"Üstündeki giysilerin bir bölümünü veya tümünü çıkarmak | Mevlevilikte tarikata girmek | Kendini herhangi bir biçimde göstermeye, bir işi, bir mesleği yapmaya girişmek",,
soyunuvermek,Çabucak soyunmak,,soyunu'vermek
soyutlamak,"Bir şeye soyutlama işlemini uygulamak [felsefe] | Bir kimseyi, durumu, düşünce vb.ni içinde bulunduğu toplum, durum veya düşünceden ayrı tutmak",,
soyutlanmak,Soyut duruma getirilmek | Soyutlamak işine konu olmak,,
soyutlaşmak,Soyut duruma gelmek,,
soyutlaştırmak,Soyut duruma getirmek,,
soyutlayabilmek,Soyutlama ihtimali veya imkânı bulunmak,,
sökebilmek,Sökme ihtimali veya imkânı bulunmak | Sökmeyi becermek,,
sökmek,"Bir şeyi bulunduğu yerden kuvvet kullanarak veya gevşeterek çıkarmak, çekip ayırmak | Kurulmuş bir şeyi parçalarına ayırmak | Rüzgâr, sel, akarsu, bir şeyi yerinden çıkarmak, götürmek | Geçip gitmeye engel olan zorlukları atlatmak | Karışık bir yazıyı okumak | Örülmüş, dikilmiş şeyin, örgüsünü veya dikişini ayırmak | Balgam vb.nin çıkmasını, akmasını kolaylaştırmak | Ayırmak, uzaklaştırmak, vazgeçirmek | Okuyabilme becerisini kazanmak | Geçmek, etki yapmak | Gelmeye başlamak veya çıkagelmek",,
söktürmek,Sökme işini yaptırmak,,
sökülmek,"Sökme işine konu olmak | Parayı istemeyerek vermek, harcamak",,
sölpümek,"Şişmanken zayıflamak | Gevşemek, pörsümek | Et yumuşayarak kötüleşmek",,
sömürebilmek,Sömürme ihtimali veya imkânı bulunmak,,
sömürgeleşmek,Sömürge durumuna gelmek; müstemlekeleşmek,,
sömürgeleştirmek,"Sömürge durumuna getirmek, sömürge yapmak; müstemlekeleştirmek",,
sömürmek,"Üretim araçları sahipleri, başkalarının emeğine ve onların yarattıkları değerlere el koymak | Bir ulus veya devlet, diğer bir ulusun veya devletin doğal kaynaklarından, ekonomik değerlerinden çıkar sağlamak | Yiyecek içeceğin hepsini birden yiyip bitirmek, silip süpürmek | Dudaklarını yapıştırarak soluğu ile çekip içmek | Bir kimseden veya bir şeyden haksız ve sürekli çıkarlar sağlamak",,
sömürtmek,Sömürtme işini yaptırmak,,
sömürülmek,Sömürme işine konu olmak; yüzülmek,,
söndürebilmek,Söndürme ihtimali veya imkânı bulunmak | Söndürmeyi becermek,,
söndürmek,"Ateş ve ışığın yanmasına, aydınlatmasına son vermek | Hava veya gaz ile şişirilmiş bir şeyin havasını veya gazını boşaltmak | Tutku ve duyguları yatıştırmak, etkisiz duruma getirmek",,
söndürtmek,Söndürme işini yaptırmak,,
söndürülebilmek,Söndürülme ihtimali veya imkânı bulunmak,,
söndürülmek,Söndürme işine konu olmak,,
sönmek,"Yanmaz, aydınlatmaz, parlamaz olmak | Parlaklığını, ışığını yitirmek | Hava veya başka bir gaz ile şişirilmiş bir şeyin havası kaçıp şişkinliği inmek | Yanardağ etkinliğini yitirmek [jeoloji] | Duygular dinmek, yatışmak, etkisini yitirmek | Gerilemek, parlaklık ve önemini yitirmek | Ses duyulmaz olmak | Tükenmek, yok olmak, yitmek",,
sönümlemek,"Bir salınım hareketinin genliğini küçültmek, azaltmak; itfa etmek [fizik] | Bir borcu, her yıl ödenen taksitlerle belli zaman sonra ödemek; itfa etmek [ticaret]",,
sönümlendirilmek,Sönümlendirme işi yapılmak,,
sönümlendirmek,Sönümlenme işini yaptırmak,,
sönümlenmek,Sönümleme işi yapılmak,,
sönüvermek,Ansızın veya çabucak sönmek,,sönü'vermek
sövdürmek,Sövme işini yaptırmak veya sövmesine yol açmak,,
sövebilmek,Sövme ihtimali veya imkânı bulunmak | Sövme becerisi bulunmak,,
sövmek,"Onur kırıcı, çoğu basmakalıp kaba sözler söylemek; donatmak, kalaylamak, kayarlamak, küfretmek, yıkamak",,
sövülmek,Sövme işine konu olmak,,
sövüştürmek,Birbirine sövdürmek,,
söylemek,"Düşündüğünü veya bildiğini sözle anlatmak; buyurmak | Bir düşünceyi ileri sürmek, ortaya atmak | Yapılmasını istemek; lütfetmek | Türkü, şarkı vb. okumak | Yazmak, düzmek | Haber vermek | Önceden bildirmek, tahmin etmek | Sipariş etmek | Herhangi bir şeyi bildirmek, anlatmak, demek istemek, hatırlatmak | Bir şey ısmarlamak",,
söylemsemek,Söyleniş özelliği taşımak | Söylemeye özen göstermek,,
söylenebilmek,Söylenme ihtimali veya imkânı bulunmak,,
söylenilmek,Herhangi biri söylenmek,,
söylenmek,"Söyleme işi yapılmak; söylenilmek | Kendi kendine konuşmak, kendi kendine bir şeyler söylemek | Çıkışmak, azarlamak, eleştirmek | Sızlanmak, yakınmak",,
söyleşmek,"Karşılıklı konuşmak, hasbihâl etmek, sohbet etmek | Bir işin nasıl yapılması gerektiği konusunda konuşmak, müzakere etmek",,
söyletebilmek,Söyletme ihtimali veya imkânı bulunmak | Söyletme becerisi bulunmak,,
söyletmek,"Söylemesine yol açmak | Söylemek zorunda bırakmak, itiraf ettirmek",,
söylettirmek,Söyletme işini yaptırmak,,
söyleyebilmek,Söyleme ihtimali veya imkânı bulunmak | Söyleme becerisi bulunmak,,
söyleyivermek,Çabucak söylemek,,söyleyi'vermek
sözlemek,Evlendirmek üzere söz kesmek,,
sözlendirmek,Bir filmi görüntüleriyle eş zamanlı olarak sözlü duruma getirmek [sinema] | Yabancı bir filmin dilini başka bir dile çevirmek,,
sözlenmek,Evlenmek için anlaşarak kesin karar vermek,,
sözleşmek,"Herhangi bir iş konusunda birbirine karşılıklı söz vermek; kavilleşmek, kavletmek | Belli bir yerde, belli bir saatte buluşmayı kararlaştırmak",,
sözlükleşmek,"Bir söz, sözlük maddesi değeri kazanmak [dil bilimi]",,
spamlamak,Elektronik ortamda kullanıcıları rahatsız eden gereksiz ve uygunsuz iletileri ağ yönetimine bildirmek | İstenmeyen iletiler gönderen hesap ağ yöneticisi tarafından erişilemez duruma getirilmek,,
spamlanmak,Spamlamak işine konu olmak,,
spamlatmak,Spamlama işini yaptırmak,,
sporlanmak,Spor oluşmak veya bakterilerde spora dönüşmek [biyoloji],,
sporlaştırmak,Kıyafet vb.ni spor duruma getirmek,,
standartlaşmak,Standart duruma gelmek,,
standartlaştırmak,"Standart duruma getirmek; tek tipleştirilmek, tek tipleştirmek",,
stoklamak,İhtiyacın üstünde bir malı aşırı miktarda yığmak,,
stoklayabilmek,Stoklama ihtimali veya imkânı bulunmak,,
streslenmek,Ruhsal yönden gerilimli duruma girmek veya gelmek,,
sucuklaşmak,"Ter, kir vb.nden dolayı sucuk rengini ve görünümünü almak",,
suçlamak,"Bir kimsenin herhangi bir suç işlediğini öne sürmek, itham etmek",,
suçlanabilmek,Suçlanma ihtimali bulunmak,,
suçlandırılmak,"Suç yüklendirilmek, itham ettirilmek",,
suçlandırmak,"Suçlu olduğuna karar vermek, suçlu olduğunu ileri sürmek",,
suçlanılmak,Suçlanmak işi yapılmak,,
suçlanmak,"Suçlama işine konu olmak, itham edilmek",,
suçlayıvermek,Ayrıntılı düşünmeden suçlamak,,suçlayı'vermek
sulamak,"Toprak, bitki, hayvan vb.ne su vermek | Hayvana su vermek | Para ödemek, vermek, harcamak",,
sulandırabilmek,Sulandırma ihtimali veya imkânı bulunmak,,
sulandırılmak,Sulandırma işi yapılmak,,
sulandırmak,"Sulu duruma gelmesini sağlamak | Su veya başka bir sıvı katıp karıştırarak yoğunluğunu azaltmak | Ciddiyetini, ağırlığını kaybettirmek",,
sulanmak,"Sulama işi yapılmak | Sulu duruma gelmek | Suyu çoğalıp yoğunluğu azalma | Göz yaşarmak | Ciddiyetini, ağırlığını kaybetmek | İmrendiğini açığa vurmak",,
sulatmak,Sulama işini yaptırmak,,
sulayabilmek,Sulama ihtimali veya imkânı bulunmak | Sulamaya gücü yetmek,,
sululaşmak,"Yersiz, yavan şakalar yapmak | Kadınlara tatsız iltifatlarda bulunmak",,
sumak,"Antep fıstığıgillerden, sıcak bölgelerde yetişen, kabuğu hekimlikte, yaprakları dericilikte kullanılan bir ağaç (Rhus coriaria) [bitki bilimi] | Bu ağacın, ekşilik vermek için dövülerek yemeklere katılan mercimeğe benzeyen meyvesi",Arapça summāḳ,
sunabilmek,Sunma ihtimali veya imkânı bulunmak,,
sundurmak,Sunma işini yaptırmak,,
sunmak,"Bir büyüğe veya nezaket gereğince bir kimseye bir şeyi vermek; arz etmek, takdim etmek | Konuğa bir şey ikram etmek; tutmak | Tanıtmak, bilgi vermek amacıyla çeşitli yöntemler kullanarak bir konuyu dinleyenlere aktarmak | Radyoda, televizyonda, bir eğlence yerinde programı takdim etmek",,
sunulabilmek,Sunulma ihtimali veya imkânı bulunmak,,
sunulmak,"Sunma işine konu olmak veya sunma işi yapılmak; arz edilmek, arz olunmak, takdim edilmek, takdim olunmak",,
sunuvermek,Fırsat bulup sunmak,,sunu'vermek
susabilmek,Susma ihtimali veya imkânı bulunmak | Susma becerisi bulunmak,,
susamak,"Su içme gereksinimi duymak | Çok istemek, özlemek",,
susatmak,"Susamasına yol açmak, susuz bırakmak | Zorluk, güçlük çıkarmak",,
suskunlaşmak,Suskun olmak,,
suskunlaştırmak,Suskun duruma getirmek,,
susmak,"Konuşmasını bitirmek; kesmek | Konuşmaktan kaçınmak | Ses veya gürültüyü kesmek, ses ve gürültü yapmamak | Etkisini göstermemek, tepki göstermemek",,
susturabilmek,Susturma ihtimali veya imkânı bulunmak | Susturma becerisi bulunmak,,
susturmak,"Susmasını sağlamak, susmasına sebep olmak | Verdiği karşılıkla veya yaptığı bir davranışla birini artık söz söyleyemeyecek bir duruma getirmek; ilzam etmek | Etkisini, gücünü azaltmak, gidermek, bastırmak",,
susturulmak,"Susması sağlanmak, konuşması önlenmek | Aldığı karşılıkla artık söz söyleyemeyecek bir duruma düşürülmek",,
susturuvermek,Çabucak susturmak,,susturu'vermek
susuvermek,Ansızın susmak,,susu'vermek
suvarmak,"Hayvana su vermek, su içirmek",,
süblimleşmek,"Bir cisim, katı durumdan sıvı durumuna geçmeden doğrudan doğruya gaz durumuna dönüşmek [kimya]",,
süblimleştirmek,Bir cismi katı durumdan doğrudan doğruya gaz duruma dönüştürmek,,
südremek,"Sarhoş olmak, esrimek",,
süflileşmek,"Süfli duruma gelmek, süfli olmak",,
süğmek,"Bitki, ot yetişip ortaya çıkmak, bitmek, yeşermek; süvmek | Dal üstünde sürgün vermek; süvmek",,
sülfürlemek,Kükürtle birleştirmek [kimya],,
sümek,"Eğirilmek için temizlenmiş, taranmış yumak biçiminde yün",,
sümkürmek,Soluğu burundan hızla vererek sümüğü dışarı atmak,,
sümkürtmek,Sümkürmesini sağlamak,,
sümsükleşmek,"Uyuşuk duruma gelmek, miskinleşmek, pısırıklaşmak",,
sündürebilmek,Sündürme ihtimali veya imkânı bulunmak | Sündürmeye gücü yetmek,,
sündürmek,"Bir şeyi çekerek uzatmak, esnetmek",,
sündürülmek,Sündürme işi yapılmak,,
süngerleşmek,Sünger durumuna gelmek,,
süngülemek,Süngü batırmak | Süngü ile ateşi karıştırıp külün ızgaradan aşağı dökülmesini sağlamak,,
süngülenmek,Süngüleme işi yapılmak,,
süngüleşmek,Birbirine süngü ile saldırmak,,
sünmek,"Esnekliğini yitirerek gevşemek | Kopmadan uzamak, gerilmek",,
sünnetlemek,Tabaktaki yemeği sıyırıp bitirmek,,
süpürmek,"Bir şeyin, bir yerin üstündeki çer çöp, toz toprak vb. şeyleri süpürge, fırça veya başka bir araçla toplamak, temizlemek | Çıkarıp atmak, kovmak | Tüketmek, bitirmek",,
süpürtmek,Süpürme işini yaptırmak,,
süpürülmek,Süpürme işi yapılmak,,
süpürüvermek,Hızlıca süpürmek,,süpürü'vermek
süratlendirmek,"Sürat vermek, hız kazandırmak, hızlandırmak",,
süratlenmek,"Hızı artmak, hızlanmak",,
sürçmek,Yürürken yanlış adım atıp dengesini yitirmek | Dalgınlıkla yanlış bir iş yapmak; yanılmak,,
sürçtürmek,Sürçme işini yaptırmak,,
sürdürebilmek,Sürdürme ihtimali veya imkânı bulunmak | Sürdürmeye gücü yetmek,,
sürdürmek,"Sürme işini yaptırmak | Devam ettirmek | Bir durumun, bir şeyin sürmesini, olmasını sağlamak",,
sürdürtmek,Sürdürme işini yaptırmak,,
sürdürülebilmek,Sürdürülme ihtimali veya imkânı bulunmak,,
sürdürülmek,Sürdürmek işine konu olmak,,
sürdürümlemek,Abone etmek,,
sürdürümlenmek,Abone olmak,,
sürebilmek,Sürme ihtimali veya imkânı bulunmak | Sürmeye gücü yetmek,,
süregelmek,"Başlangıcından beri aynı biçimde sürmek, devam etmek",,
süregitmek,Aynı biçimde devam etmek,,
süreğenleşmek,Süreğen bir durum almak; müzminleşmek,,
süreğenleştirmek,Süreğen duruma getirmek; müzminleştirmek,,
süreklileştirmek,Sürekli duruma getirmek,,
sürgülemek,Sürgü sürerek kapamak | Sürgü ile bastırarak düzeltmek,,
sürgülenmek,Sürgülemek işi yapılmak,,
sürmek,"At, araba vb. için yönetip yürütmek, sevk etmek | Başlamış bir iş veya durum devam etmek | Önüne katıp götürmek | Uzatmak, ileri doğru itmek | Dokundurmak, değdirmek | Oturduğu, bulunduğu yerden, ülkeden ceza olarak başka bir yer veya ülkeye göndermek; nefyetmek | Bir maddeyi bir yüzey üzerine ince bir tabaka olarak yaymak, dökmek, serpmek | Bir malı satışa sunmak, piyasaya çıkarmak [ticaret] | Yasal olmayan yolla piyasaya para çıkarmak | Herhangi bir durum içinde bulunmak | Pulluk veya sabanla toprağı işlemek | Olmaya devam etmek | Zaman geçmek | Zaman almak | Bitki, ot yetişip ortaya çıkmak, bitmek, yeşermek [bitki bilimi] | Olağandan daha çok, daha sık ve sulu dışkı çıkarmak | Kovmak, kovalamak, uzaklaştırmak | Pencere, kafes kanatları bir tarafa iterek açmak veya kapamak",,
sürmelemek,Sürmeyi sürüp kapamak | Göze sürme çekmek,,
sürmelenmek,Sürmeleme işi yapılmak,,
sürtmek,"Bir şeyi bastırarak diğer bir şeyin üzerinden geçirmek | Bir şeyi bir yere dokundurmak | Başıboş dolaşmak, yararsız dolaşmak",,
sürttürme,Sürttürmek işi,,
sürttürmek,Sürtme işini yaptırmak,,
sürtükleşmek,Sürtük durumuna gelmek,,
sürtülmek,Sürtme işi yapılmak,,
sürtünmek,"Geçerken değmek, sürünmek | Başıboş, amaçsız dolaşmak | Kavga etmek için sebep aramak",,
sürtüşmek,"Birbirine sürtünmek | Anlaşamamak, uyuşamamak",,
sürtüştürmek,İki şeyi birbirine sürtmek,,
sürükleme,Sürüklemek işi,,
sürüklemek,"Bir şeyi yerden kaldırmadan iterek veya çekerek götürmek; sürümek | Akarsu alıp götürmek | İstekli olmayan birini bir yere götürmek, getirmek | Bir kimseyi, bir işi yapmaya zorlamak | Bir kimseyi aldatarak kötü bir duruma, sona doğru götürmek | İlgi uyandırarak bırakamayacak duruma getirmek, çok ilgilendirmek",,
sürüklendirmek,Sürüklenmesine yol açmak,,
sürüklenebilmek,Sürüklenmek ihtimali veya imkânı bulunmak,,
sürüklenmek,"Sürükleme işi yapılmak veya sürükleme işine konu olmak; kapılmak | Kendi kendini sürüklemek | Bir iş, sonuçlanıncaya kadar boş yere gecikmelere uğramak | Tekne, akıntı ve rüzgârın etkisiyle gelişigüzel hareket etmek, ilerlemek veya yol almak | İradesi olmadan kendi dışındaki şartlara tabi olup kendini kaptırmak",,
sürükletmek,Sürükleme işini yaptırmak,,
sürükleyebilmek,Sürükleme ihtimali veya imkânı bulunmak | Sürüklemeye gücü yetmek,,
sürülmek,Sürme işine konu olmak veya sürme işi yapılmak | Uzaklaştırılmak; nefyedilmek,,
sürümek,"Hafif bir şeyi sürüklemek | Herhangi bir sebepten dolayı güçlükle yürümek | Bir şeyi peşine takmak, alıp götürmek",,
süründürmek,"Sürünme işini yaptırmak, sürünmesine sebep olmak | Güçlük ve sıkıntıya uğratmak",,
süründürülmek,Süründürme işi yapılmak,,
sürünmek,"Karnı üzerinde sürünerek gitmek | Kendi üzerine koku, krem vb. sürmek | Bir şeye değerek geçmek, geçerken değmek | Sürünme işine konu olmak | Yoksul ve perişan yaşamak | Başıboş, sahipsiz kalmak",,
sürüştürmek,"Sürekli olarak yavaş yavaş ve ovarak sürmek | Özensizce, çabucak sürmek",,
sürütmek,Sürüme işini yaptırmak,,
sürüvermek,Çabucak sürmek,,sürü'vermek
süslemek,"Birtakım katkılarla bir şeyin daha güzel, daha göz alıcı olmasını, daha hoş görünmesini sağlamak; bezemek, bezeklemek, donamak, donatmak, tezyin etmek | Söz oyunlarıyla güzelleştirmek | Birinin kusurlarını uzun uzun yüzüne vurmak",,
süslendirmek,Süslenmesini sağlamak,,
süslenmek,Süsleme işine konu olmak; bezenmek | Kendini süslemek,,
süsletmek,Süsleme işini yaptırmak; bezetmek,,
süsleyebilmek,Süsleme ihtimali veya imkânı bulunmak | Süsleme becerisi bulunmak,,
sütlendirmek,Sütün artmasını sağlamak,,
sütlenmek,"Sütü gelmek, sütü çoğalmak, sütlü duruma gelmek",,
sütrelemek,Sütre ile kaplamak,,
süzdürmek,Süzme işini yaptırmak,,
süzebilmek,Süzme ihtimali veya imkânı bulunmak | Süzmeye gücü yetmek,,
süzgeçlemek,Süzgeçten geçirmek,,
süzgünleşmek,Süzgün duruma gelmek,,
süzmek,"Bir sıvıyı, içindeki katı maddelerden ayırmak için bez veya delikli bir kaptan geçirmek | Bazı sıvıların yoğunlaşmasına yol açan, katı ve tortulu maddeleri bu sıvılardan ayırmak | Gözle inceleyerek dikkatle bakmak; taramak | Göz baygın ve anlamlı bakmak",,
süzülmek,"Süzme işine konu olmak | Kuş kanatları gerili olarak görünür bir hareket yapmadan havada ilerlemek | Sessizce ve görünür bir hareket yapmadan ilerlemek | İnsan sessiz, gizlice ve kayıyormuş gibi gitmek | Göz baygınlaşmak, mahmurlaşmak | Uyumlu bir biçimde ve salınarak yürümek | Yüzüne nazlı bir anlam vermek | Çok zayıflamak",,
süzüşmek,Birbirlerini karşılıklı süzmek,,
şabanlaşmak,"Aptal, alık, şaşkın duruma gelmek; aptallaşmak",,
şafaklamak,Elini güneşe karşı siper ederek bakmak,,
şafaklandırmak,Şafaklama işini yaptırmak,,
şafaklaşmak,Şafak rengini almak,,
şahinleşmek,"Herhangi bir düşünce konusunda keskinleşmek, sertleşmek, katı bir durum sergilemek",,
şahlanabilmek,Şahlanma ihtimali veya imkânı bulunmak,,
şahlandırmak,Şahlanmasına sebep olmak,,
şahlanmak,"At, ön ayaklarını yerden keserek arka ayakları üstünde durmak; şaha kalkmak | Taşkınlık göstermek, coşmak, kükremek | Parlamak, ışıldamak",,
şairleşmek,Şair durumuna gelmek; ozanlaşmak,,
şakalaşabilmek,Şakalaşma ihtimali veya imkânı bulunmak | Şakalaşma becerisi bulunmak,,
şakalaşmak,"Karşılıklı olarak şaka etmek, şaka yapmak",,
şakımak,"Ötücü kuşlar ezgili ses çıkarmak, ötmek; şakramak, terennüm etmek | Çok konuşmak, çenesi düşmek | Güzel şarkı söylemek veya şiir okumak",,
şakırdamak,"""Şakır"" diye ses çıkarmak",,
şakırdatmak,Şakır şakır ses çıkartmak,,
şakketmek,"Yarmak, ikiye ayırmak, parçalamak",Arapça şaḳḳ + Türkçe etmek,şa'kketmek
şakkolmak,"Yarılmak, ikiye ayrılmak, parçalanmak",Arapça şaḳḳ + Türkçe olmak,şa’kkolmak
şaklamak,"""Şak"" diye ses çıkarmak",,
şaklatmak,"""Şak"" diye ses çıkartmak",,
şakullemek,Çekülle düşey doğrultusuna bakmak; şavullamak,,
şamandıralamak,Belli bir noktayı işaretlemek için bir şamandırayı zincirleriyle birlikte denize bırakmak,,
şamarlamak,Yüze açık elle vurmak; şamar atmak,,
şamarlanmak,Şamarlanma işi yapılmak,,
şampuanlamak,Şampuanla yıkamak,,
şandellemek,Futbolda topu yüksekten diklemesine karşı kale yönüne veya içine göndermek,,
şangırdamak,"Tabak, bardak vb. bir yere veya birbirine çarparken, kırılırken gürültülü ve çınlayıcı ses çıkarmak",,
şangırdatmak,Şangırdamasına sebep olmak,,
şapırdamak,"Öperken veya bir şey yerken ""şap"" diye ses çıkmak",,
şapırdatmak,"Öperken veya bir şey yerken ""şap"" diye ses çıkartmak",,
şaplamak,"""Şap"" diye ses çıkarmak",,
şaplamak,Bir şeyi şaplı su ile ıslatmak,,
şaplamak,Bir yapının tabanını ince kum ve çimentoyla hazırlanan karışımla sıvamak,,
şaplatmak,"""Şap"" diye ses çıkartmak | Sesli şamar vurmak",,
şapşallaşmak,Şapşal duruma gelmek,,
şarıldamak,"Su bol bol akarken ""şarıltı"" sesi çıkarmak; şarlamak",,
şarkılaştırılmak,Şarkılaştırma işi yapılmak,,
şarkılaştırmak,Şarkı durumuna getirmek,,
şarlamak,"Bağırıp çağırmak, hakaret etmek",,
şarlatanlaşmak,Şarlatanca davranmak,,
şartlamak,"Kirlenmiş sayılan bir şeyi en az üç, en çok kırk kez sudan geçirip kirli sayılmaktan kurtarmak",,
şartlandırılmak,Şartlandırma işi yapılmak; koşullandırılmak,,
şartlandırmak,Şartlanmasını sağlamak; koşullandırmak,,
şartlanmak,Önceden belirlenmiş şartlara göre uyarlanmak; koşullanmak,,
şartlaşmak,Bir veya birçok şartı karşılıklı kabul etmek,,
şaşabilmek,Şaşma ihtimali veya imkânı bulunmak,,
şaşakalmak,"Çok şaşırmak, şaşkınlıktan ne yapacağını bilememek",,şaşa'kalmak
şaşalamak,"Şaşkın bir duruma düşmek, şaşkınca davranmak; şaşırmak",,
şaşalatmak,Şaşalamasına sebep olmak,,
şaşılaşmak,"Şaşı duruma gelmek, şaşı olmak",,
şaşılmak,Şaşkınlığa uğranılmak,,
şaşırabilmek,Şaşırma ihtimali veya imkânı bulunmak,,
şaşırıvermek,Beklenmeyen bir durum karşısında şaşırmak,,şaşırı'vermek
şaşırmak,"Ne yapmak gerektiğini bilememek, nasıl davranacağını kestirememek, içinden çıkamamak; tanlamak | Herhangi bir durum karşısında şaşkınlık duymak; şaşmak, tanlamak, tuhaflaşmak, hayret etmek | Doğru, gerçek ve gerekli olanı ayırt edemeyecek duruma gelmek; sapıtmak, tanlamak",,
şaşırtabilmek,Şaşırtma ihtimali veya imkânı bulunmak | Şaşırtma becerisi bulunmak,,
şaşırtmak,Şaşırmasına sebep olmak | Daha iyi yetişmelerini sağlamak için ağaç fidanlarının veya çiçek fidelerinin yerlerini değiştirmek [bitki bilimi],,
şaşkınlaşmak,Şaşkın bir duruma gelmek; şaşırtmak,,
şaşmak,"Umulmayan, beklenmeyen veya olağanüstü bir olay, bir olgu karşısında şaşkın duruma gelmek, hayret etmek | Yolundan sapmak, gidişini değiştirmek veya yanılmak",,
şavkımak,"Işık saçmak, parlamak",,
şavklanmak,"Aydınlanmak, ışımak",,
şavullamak,"Yoklamak veya kollamak | Göz gezdirmek, araştırmak",,
şebekleşmek,Şebek durumuna gelmek,,
şeddelemek,Şeddeli duruma getirmek,,
şeddelenmek,Şeddeli duruma gelmek,,
şehirleşmek,"Köy, kasaba büyüyerek şehir durumuna gelmek; kentleşmek",,
şehirleştirmek,Şehirleşme işini yaptırmak,,
şehirlileşmek,Şehre yerleşip şehir şartlarına uyar duruma gelmek; kentlileşmek,,
şehirlileştirmek,Şehirli duruma getirmek,,
şekerlemek,"İçine şeker koymak, şekerle tatlandırmak | Kısa bir süre uyumak",,
şekerlendirmek,Şekerlenme işini yaptırmak,,
şekerlenmek,"Şekerli eriyiklerin içindeki şeker, billur durumuna gelip ayrılmak",,
şekerleşmek,"Nişastalı ve selülozlu maddeler, enzimlerin veya inorganik asitlerin etkisiyle mayalanabilir şekerler durumuna dönüşmek [kimya] | Bir kimse sevimli, hoşa gidecek bir duruma gelmek",,
şekerleştirmek,Şekerli duruma getirmek,,
şemalaştırmak,Çizerek şema durumuna getirmek,,
şenelmek,"Boş bir yer, insanların yerleşmesiyle yurt durumuna gelmek, meskûn olmak | Sevinmek, keyiflenmek, neşelenmek | Bitki gelişmek, büyümek, serpilmek",,
şeneltilmek,Şeneltme işine konu olmak,,
şeneltmek,"Şenelmiş duruma getirmek, meskûn kılmak",,
şenlendirilmek,Şenlenmesi sağlanmak,,
şenlendirmek,Şenlenmesini sağlamak,,
şenlenmek,"Şen duruma gelmek, gönlü açılmak | Bayındır duruma gelmek | Canlılık, hareket kazanmak",,
şerbetlemek,"Pişmiş hamur tatlısına şerbet katmak, şerbet vermek; şuruplamak | Tarımda toprağın verimini artırmak için bitkiye gübre suyu vermek | Yılan vb. hayvanların sokmaması veya soktuğunda zehrin etkisiz olması için bir kimseyi efsunlamak",,
şerbetlenmek,"Pişmiş hamur tatlısına şerbet katılmak, şerbet verilmek; şuruplanmak | Tarımda toprağın verimini artırmak için bitkiye gübre suyu verilmek | Meyve, sebze vb. daha çok tatlanmak | Bir yere şerbet bulaşmak | Olumsuz bir etkene karşı etkilenmemeyi sağlayacak dirence sahip olmak | Yılan, akrep vb. hayvanların sokmasına karşı efsunlanmış olmak",,
şereflendirilmek,Şereflendirme işi yapılmak,,
şereflendirmek,"Kendisine saygı duyulan bir kimse, bir yere gelerek oradakileri mutlu etmek; onurlandırmak",,
şereflenmek,Şeref kazanmak; onurlanmak,,
şeritlemek,"Şerit geçirmek, şeritle süslemek",,
şevklendirmek,Şevklenme işini yaptırmak,,
şevklenmek,"İsteği, hevesi artmak",,
şeytanlaşmak,Şeytan gibi davranmak,,
şeytanlaştırmak,"Bir kişi, kurum, düşünce vb.ni şeytan gibi göstermek | Birinin şeytan gibi davranmasına sebep olmak",,
şıkırdamak,"Birbirine çarpan metal nesneler şıkırtı sesi çıkarmak | Aydınlanmak, parlamak",,
şıkırdatmak,Şıkırtılı ses çıkartmak,,
şıklaşmak,"Şık duruma gelmek, şık olmak",,
şıklaştırmak,"Şık duruma getirmek, şık olmasını sağlamak",,
şıklatmak,Baş parmakla orta parmağı birbirine sürterek “şık” sesi çıkartmak,,
şımarabilmek,Şımarma ihtimali veya imkânı bulunmak,,
şımarmak,Kendisine gösterilen sevgi ve saygıdan veya verilen değerden yüreklenerek yersiz ve aşırı davranışlarda bulunmak,,
şımartabilmek,Şımartma ihtimali veya imkânı bulunmak | Şımartma becerisi bulunmak,,
şımartılmak,Şımartma işine konu olmak,,
şımartmak,Şımarmasına yol açmak; yüzlemek,,
şıngırdamak,Küçük şeyler bir yere çarpıp düşerken veya birbirine değerken çınlama sesi çıkarmak,,
şıngırdatmak,Şıngırdama işini yaptırmak,,
şıpıldamak,Su “şıpıl” diye ses çıkarmak,,
şıpırdamak,"Su vb. ara vermeksizin, damla damla akarken ""şıp"" sesi çıkarmak",,
şırıldamak,"Su vb. akarken veya dökülürken şırıl şırıl ses çıkarmak, şırıltıyla akmak",,
şırıngalamak,"Şırınga etmek | Birtakım düşünce veya duyguları bir başkasına benimsetmek, telkin etmek",,
şırlamak,Şırıl şırıl ses çıkararak akmak,,
şiddetlendirmek,Şiddetini giderek artırmak,,
şiddetlenmek,"Şiddeti giderek artmak; hızlanmak, azışmak",,
şiflemek,Pamuğu kozasından ayırmak | Mısırı koçanından ayırmak,,
şifrelemek,Bir metni şifreli duruma getirmek,,
şifrelenmek,Bir metin şifreli duruma getirilmek,,
şifreletmek,Bir metin şifreli duruma getirtilmek,,
şiirleştirmek,Şiir durumuna getirmek,,
şimşeklenmek,Şimşek çakmak,,
şiniklemek,"Şinikle tartmak, ölçmek",,
şirketleşmek,Şirket durumunu almak,,
şirketleştirmek,Şirketleşme işini yaptırmak,,
şirretleşmek,Edepsiz ve şirret duruma gelmek | Kavgacı ve hırçın duruma gelmek,,
şistleşmek,Kömüre karışmış moloz oranının çok olması yüzünden bir tabaka tümüyle işletilemez olmak,,
şişelemek,Şişeye doldurmak,,
şişelenmek,Şişeye doldurulmak,,
şişinmek,"Başkalarına yüksekten bakar gibi bir tavır takınmak, böbürlendiğini davranışlarıyla belli etmek | Surat asmak, dargın durmak | Bazı böcekler, saldırıya uğradıklarında bütün uzantı ve eklentilerini, düşmanını korkutup ürkütecek biçimde yayarak genişletmek [hayvan bilimi]",,
şişirebilmek,Şişirme ihtimali veya imkânı bulunmak | Şişirmeye gücü yetmek,,
şişirilmek,Şişirme işine konu olmak,,
şişirmek,"Üfleyerek veya araç kullanarak şişkin bir duruma getirmek | Darbe, vb. yollarla şişmesine sebep olmak | Herhangi bir yiyecek mideyi gazla doldurup şişmesine sebep olmak | Bir sözü veya yazıyı gereksiz yere uzatmak | Baştan savma iş görmek | Bir kimsenin öfkesinin, üzüntüsünün, sıkıntısının artmasına sebep olacak biçimde konuşmak",,
şişirtmek,Şişirme işini yaptırmak | Şişmesine sebep olmak,,
şişlemek,"Birine veya bir şeye şiş saplamak, şiş batırmak | Kama, çakı vb. bir araçla yaralamak",,
şişlenmek,Şişleme işine konu olmak,,
şişletmek,Şişleme işini yaptırmak,,
şişmanlamak,Şişman duruma gelmek; toplanmak,,
şişmanlaşmak,Şişman duruma gelmek,,
şişmanlatmak,"Şişmanlamasını sağlamak, şişman duruma getirmek | Bir şeyi kalınlaştırmak",,
şişmanlayabilmek,Şişmanlama ihtimali veya imkânı bulunmak,,
şişmek,"İçi hava veya gazlarla dolarak gerilmek | Bir şey emerek hacmi büyümek, genişlemek | Vücudun bir yeri içine yabancı bir maddenin girmesiyle veya başka bir etkiyle gerilmek, kabarmak | Çok yemek yiyerek rahatsız olacak kadar doymak | Gururlanmak, büyüklenmek | Utanmak, mahcup olmak | Çoğalmak, yükselmek | Yorularak koşuyu veya müsabakayı sürdüremez olmak [spor]",,
şorlamak,"Su vb. ""şor"" diye ses çıkararak akmak",,
şutlamak,"Kovmak, kapı dışarı etmek",,
şutlanmak,"Kovulmak, kapı dışarı edilmek",,
şükretmek,"Tanrı'ya minnet duygusunu sunmak; şükreylemek | Bir kimseye minnet duymak, gönülden borçlu olmak",Arapça şukr + Türkçe etmek,şü'kretmek
şükrettirmek,Şükretme işini yaptırmak,,şü'krettirmek
şümullendirmek,"Etkisini, çevresini, kapsamını genişletmek",,
şümullenmek,"Etkisi, çevresi, kapsamı genişlemek",,
tabakalamak,Tabaka (I) durumuna getirmek,,
tabakalanmak,Tabakalar birbiri üstüne veya birbirinin ardınca sıralı duruma gelmek,,
tabakalaşmak,Tabaka (I) durumuna gelmek,,
tabaklamak,Yemeği servis etmek üzere göze hoş gelecek düzende tabağa yerleştirmek,,
tabaklanmak,Yemek göze hoş gelecek bir biçimde tabağa yerleştirilmek,,
tablolaştırılmak,Tablo durumuna getirilmek,,
tablolaştırmak,Tablo durumuna getirmek,,
tabulaşmak,"Tabu kabul edilmek, tabu gibi görünmek, tabu değeri kazanmak, tabu durumuna getirilmek",,
tabulaştırılmak,Tabu durumuna getirilmek,,
tabulaştırmak,Tabu durumuna getirmek,,
taçlandırmak,Taçlanma işini yaptırmak,,
taçlanmak,Taç giymek | Değerli bir duruma gelmek,,
tadabilmek,Tatma ihtimali veya imkânı bulunmak,,
tadılmak,Tatma işi yapılmak,,
tadıvermek,Çabucak tatmak,,tadı'vermek
taharetlenmek,Sidik ve dışkı yapıldıktan sonra suyla temizlenmek,,
tahtalaşmak,Tahta durumuna gelmek,,
takabilmek,Takma ihtimali veya imkânı bulunmak | Takmayı becermek,,
takatsizleşmek,"Vücutta iş yapabilme, başarabilme gücü kalmamak; dermansızlaşmak, hâlsizleşmek, mecalsizleşmek",,
takatsizleştirmek,"Takatsiz bir duruma getirmek; dermansızlaştırmak, hâlsizleştirmek, mecalsizleştirmek",,
takılıvermek,Ansızın veya çabucak takılmak,,takılı'vermek
takılmak,"Takma işi yapılmak | Bir yere iliştikten veya dokunduktan sonra oradan kurtulamamak | Engelle karşılaşıp geçici olarak işlemez duruma gelmek | Bir yerde bir süre kalmak | Olumsuz veya aksayan, eksik bir yanını görerek üstünde durmak | Kızdırmak, üzmek, şaşırtmak amacıyla şaka yollu konuşmak | Biriyle, bir toplulukla sık sık birlikte olmak, onlara katılmak | Kahvehane, meyhane vb.ne sık sık gitmek, eğlenmek | Birinin sürekli peşinden gitmek",,
takınabilmek,Takınma ihtimali veya imkânı bulunmak,,
takınmak,Kendine takmak | Bir nitelik veya durum almak,,
takırdamak,"""Takırtı"" sesi çıkarmak",,
takırdatmak,"Takırdamasına yol açmak, takırdamasına sebep olmak",,
takışmak,"Birbirine takılmak | Anlaşmazlığa düşmek, kavgaya tutuşmak, ağız kavgası yapmak",,
takıştırmak,"Küpe, bilezik, yüzük vb. süs eşyasını çokça takmak | Birbirine takmak, birbirleriyle tartıştırmak",,
takıvermek,Çabucak takmak,,takı'vermek
takipleşmek,Sosyal medyada birbirini takip etmek,,
takmak,"Bir şeyi başka bir yere uygun bir biçimde tutturmak, iliştirmek, geçirmek | Düğün vb. törenlerde takı armağan etmek | Ad, lakap koymak | Kendisiyle birlikte götürmek, yanına almak veya arkasından izletmek | Biriyle olumsuz olarak uğraşmak | Borç bırakmak | Önemsemek, önem vermek; tınmak | Sınavını başaramamak",,
takozlamak,Takoz koymak,,
taksitlendirebilmek,Taksitlendirme ihtimali veya imkânı bulunmak | Taksitlendirmeye gücü yetmek,,
taksitlendirilmek,Taksitli duruma getirilmek,,
taksitlendirmek,Taksitlere bağlamak,,
taktırabilmek,Taktırma ihtimali veya imkânı bulunmak | Taktırmaya gücü yetmek,,
taktırmak,Takma işini yaptırmak,,
taktırtmak,Taktırma işini yaptırmak,,
talaşlamak,Talaş dökmek,,
talaşlanmak,Talaş dökülmek,,
talazlanmak,İpekli kumaşların örselenmesiyle yüzündeki tellerde kabarıklık oluşmak,,
tamamlamak,Tam ve eksiksiz duruma getirmek; tamlamak,,
tamamlanabilmek,Tamamlanma ihtimali veya imkânı bulunmak,,
tamamlanmak,Tam ve eksiksiz duruma getirilmek,,
tamamlatabilmek,Tamamlatma ihtimali veya imkânı bulunmak | Tamamlatmayı becermek,,
tamamlatmak,Tamamlanmasını sağlamak | Bitirmesini sağlamak,,
tamamlattırmak,Tamamlatma işini yaptırmak,,
tamamlayabilmek,Tamamlama ihtimali veya imkânı bulunmak | Tamamlamayı becerebilmek,,
tamamlayıvermek,Çabucak bitirmek,,
tamlamak,Tamlama oluşturmak,,
tamponlamak,"Tampon koymak, yerleştirmek",,
tanelemek,Tanelerini ayırmak,,
tanelenmek,Tanelere ayrılmak | Taneler oluşmak; dişlenmek,,
tangırdamak,Madenî şeyler kuru ve gürültülü ses çıkarmak,,
tangırdatmak,Madenî şeyler kuru ve gürültülü ses çıkartmak,,
tanıklamak,"Bir iddiayı tanıkla desteklemek, tanık göstermek",,
tanıklanmak,"Bir iddia tanıkla desteklenmek, tanık gösterilmek",,
tanılamak,Teşhis etmek,,
tanımak,"Daha önce görülen, bilinen bir kimse veya şeyle karşılaşıldığında bunun kim veya ne olduğunu hatırlamak | Daha önce görmüş olmak, ilişkisi bulunmak | Bir kimse veya şeyle ilgili, doğru ve tam bilgisi bulunmak | Bilip ayırmak, seçmek, ayırt etmek | Varlığını kabul etmek [hukuk] | Boyun eğmek, yargısına uymak | Sorumlu bilmek | Bir şeyin yapılması, bitirilmesi için belli bir süre vermek | Namını duymak | Kabul ve tasdik etmek",,
tanımlamak,Bir kavramın niteliklerini eksiksiz olarak belirtmek ve açıklamak; tarif etmek,,
tanımlanmak,Tanımı yapılmak,,
tanımlatmak,Tanımlama işini yaptırmak,,
tanımlayabilmek,Tanımlama ihtimali veya imkânı bulunmak | Tanımlama becerisi bulunmak,,
tanımlayıvermek,Çok çabuk veya kolayca tanımlamak,,tanımlayı'vermek
tanınabilmek,Tanınma ihtimali veya imkânı bulunmak,,
tanınmak,Kim veya ne olduğu bilinmek; tanılmak | Herhangi bir özelliği ile bilinmek | Hukuki yönden varlığı kabul edilmek,,
tanışabilmek,Tanışma ihtimali veya imkânı bulunmak,,
tanışmak,Daha önce birbirini tanımayan kimseler birbirini tanır duruma gelmek,,
tanıştırabilmek,Tanıştırma ihtimali veya imkânı bulunmak,,
tanıştırmak,Birbirini tanımayanların tanışmasını sağlamak,,
tanıtabilmek,Tanıtma ihtimali veya imkânı bulunmak | Tanıtma becerisi bulunmak,,
tanıtılabilmek,Tanıtılma ihtimali veya imkânı bulunmak,,
tanıtılmak,"Tanıtma işine konu olmak, takdim edilmek",,
tanıtıvermek,Hemen tanıtmak,,tanıtı'vermek
tanıtlamak,"Öne sürülen bir iddianın doğruluğunu akıl yürütme yöntemiyle ortaya koymak; ispatlamak, ispat etmek [felsefe]",,
tanıtlandırmak,Tanıtlamak işini yaptırmak; ispatlandırmak [felsefe],,
tanıtlanmak,Tanıtlama işi yapılmak veya tanıtlama işine konu olmak; ispatlanmak [felsefe],,
tanıtlayabilmek,Tanıtlama ihtimali veya imkânı bulunmak; ispatlayabilmek [felsefe] | Tanıtlama becerisi bulunmak; ispatlayabilmek,,
tanıtmak,"Bir kimsenin veya bir şeyin tanınmasını sağlamak | Bir kişinin kim olduğunu başkasına bildirmek; takdim etmek, prezante etmek",,
tanıttırmak,Tanıtma işini yaptırmak,,
tanıyabilmek,Tanıma ihtimali veya imkânı bulunmak | Tanıma becerisi bulunmak,,
tanıyıvermek,Çabucak tanımak,,tanıyı'vermek
tanrılaşmak,Tanrı durumuna gelmek,,
tanrılaştırmak,"Birini veya bir şeyi tanrı diye tanımak, tanrı yerine koymak | Aşırı derecede övmek",,
tanrısallaşmak,Tanrısal bir duruma gelmek,,
tanrısallaştırmak,Tanrısal duruma getirmek,,
tapabilmek,Tapma ihtimali veya imkânı bulunmak,,
tapalamak,Şişe vb.nin ağzına tapa koymak; tıpalamak,,
tapalanmak,Tapa ile tıkanmak; tıpalanmak,,
tapanlamak,Tarlaya atılan tohumu örtmek için sürgü çekmek,,
tapıklamak,Birini beğenerek arkasını okşamak; tapışlamak,,
tapınabilmek,Tapınma ihtimali veya imkânı bulunmak,,
tapınmak,Tapma işi yapılmak,,
tapırdamak,"""Tapırtı"" sesi çıkarmak",,
tapışlamak,Hamurun üzerini düzeltmek için hafif hafif vurarak elle sıvamak,,
tapışlanmak,Tapışlama işi yapılmak,,
tapmak,"İlah olarak tanınan varlığa karşı inancını ve bağlılığını belirli kurallar çerçevesinde göstermek | Tutku ile sevmek, bağlanmak | Birine çok değer vermek",,
tapşırmak,Saz şiirinde âşık son dörtlükte kendi adını belirtmek [edebiyat],,
taptırabilmek,Taptırma ihtimali veya imkânı bulunmak,,
taptırmak,Tapmasını sağlamak,,
tapulamak,"Taşınmazlar ve bunlarla ilgili ipotek, şufa, irtifak gibi bazı hakları tapu kütüğüne geçirmek",,
tarafsızlaştırmak,Tarafsız duruma getirmek,,
taraklamak,"Bağ, bahçe toprağının yüzünü tarakla düzeltmek | Gereksiz maddelerden ayıklamak amacıyla araç geçirmek; taramak | Düz veya eğri, birbirine paralel çizgilerle boyamak | Tarar gibi yapmak",,
taramak,"Bir şeyin tellerini birbirinden ayırıp karışıklığını gidermek | Bir şey veya kimseyi bulmak, denetlemek için türlü yöntemlerden yararlanarak bir yeri sıkı bir biçimde aramak | Bir şeyin içindeki gereksiz maddeleri tarak, tırmık vb. ile ayıklamak, taraktan geçirmek; taraklamak | Taşın yüzünü dişli çelik kalemle işlemek | Makineli tüfek vb. ateşli silahlarla sürekli olarak bir yere ateş etmek | Kafasından geçirmek, belli belirsiz düşünmek | Derleme ve araştırma yapmak için bir yayını dikkatle gözden geçirmek veya gerekli kelime, cümle ve yazıları tespit etmek | Dikkatle bakmak, gözden geçirmek; süzmek | Tarayıcı aracılığıyla kâğıt üzerindeki resimleri veya yazıları sayısal ortama aktarmak [bilişim] | Hastalıkların kişiler arasındaki seyrini takip edebilmek amacıyla düzenli aralıklarla yapılan inceleme [tıp] | Bir resmin bir bölümü üzerine çizgilerle koyuluk vermek",,
taranabilmek,Taranma ihtimali veya imkânı bulunmak,,
taranmak,Tarama işi yapılmak | Kendi başını veya sakalını taramak | Dikkatlice bir şey aramak,,
taraşlamak,"Tarla, bağ, bahçe vb. yerlerden kaldırılan üründen artakalanları toplamak",,
taratabilmek,Taratma ihtimali veya imkânı bulunmak | Taratma becerisi bulunmak,,
taratmak,Tarama işini yaptırmak,,
tarattırmak,Taratma işini yaptırmak,,
tarayabilmek,Tarama ihtimali veya imkânı bulunmak | Tarama becerisi bulunmak,,
tarazlamak,Tezgâhtan çıkan yeni dokunmuş kumaşın tarazlarını ayıklamak,,
tarazlanmak,"Kumaşın üzeri tel tel ipliklerle kaplanmak, iplikleri kabarmak | Saç dağınık ve karışık olmak, tel tel kabarmak | Deri pütür pütür olmak",,
tariflendirmek,Tarifini yapmak,,
tarihlemek,Bir şeyin yapıldığı veya ortaya çıktığı tarihi belirlemek,,
tarihlendirmek,"Tarihini belirtmek, belirlemek",,
tarihlenebilmek,Hangi tarihte yapıldığı veya yazıldığı belirlenebilmek,,
tarihlenmek,Tarihleme işi yapılmak,,
tartabilmek,Tartma ihtimali veya imkânı bulunmak | Tartma gücü bulunmak,,
tartaklamak,Çekerek ve iterek hırpalamak,,
tartaklanmak,Tartaklama işine maruz kalmak,,
tartılabilmek,Tartılma ihtimali veya imkânı bulunmak,,
tartılmak,Tartma işi yapılmak veya tartma işine konu olmak; çekilmek | Kendini tartmak,,
tartışabilmek,Tartışma ihtimali veya imkânı bulunmak | Tartışma becerisi bulunmak,,
tartışılabilmek,Tartışılma ihtimali veya imkânı bulunmak,,
tartışılmak,Tartışma işi yapılmak,,
tartışmak,"Bir konu üzerinde, birbirine ters olan görüş ve inançları çeşitli deliller ileri sürerek karşılıklı savunmak | Karşılıklı ağır sözler söyleyerek çekişmek; cenkleşmek, münakaşa etmek | Güreşte karşı karşıya durum alıp elle birbirini yoklayarak rakibin zayıf yanlarını aramak [spor]",,
tartıştırmak,Tartışma işini yaptırmak,,
tartmak,"Bir şeyin birim cinsten ağırlığını bulmak | Bir şeyi avuç içinde sallayarak veya kaldırarak ağırlığını kestirmeye çalışmak | Binek hayvanlarının dizginlerini çekmek | Bir şeyin bütün sonuçlarını düşünmek, ölçüp biçmek, hesap etmek | Dikkatle incelemek, değer biçmek",,
tarttırmak,Tartma işini yaptırmak,,
tasarımlamak,Bir şeyin biçimini zihinde canlandırmak,,
tasarımlanmak,Tasarımlama işi yapılmak,,
tasarımlayabilmek,Tasarımlama ihtimali veya imkânı bulunmak | Tasarımlamayı becermek,,
tasarlamak,"Bir şeyin nasıl gerçekleşebileceğini zihinde hazırlamak, zihinde kurmak; düşünmek | Bir taşın, bir ağacın kaba bölümlerini, çıkıntılarını, pürüzlerini almak",,
tasarlanabilmek,Tasarlanma ihtimali veya imkânı bulunmak,,
tasarlanmak,Tasarlama işi yapılmak,,
tasarlatmak,Tasarlama işini yaptırmak,,
tasarlayabilmek,Tasarlama ihtimali veya imkânı bulunmak | Tasarlamayı becermek,,
tasımlamak,Bir işin tasarısını hazırlamak; tasmim etmek,,
taslamak,"Kendinde olmayan bir özelliği varmış gibi göstermek; geçinmek, satmak | Gözetlemek, gizlice izlemek",,
taslatmak,Taslama işini yaptırmak,,
taslayabilmek,Taslama ihtimali veya imkânı bulunmak | Taslama becerisi bulunmak,,
taşabilmek,Taşma ihtimali veya imkânı bulunmak,,
taşayazmak,Neredeyse taşmak,,taşa'yazmak
taşımak,"Bir şeyi bir yerden alıp başka bir yere götürmek; gezdirmek | Üstünde bulundurmak | Bir nesnenin ağırlığını yüklenmek | Boru, kanal vb. ile sıvı maddeleri bir yerden başka bir yere aktarmak | Bir giysiyi üzerine giymiş olmak | Sahip olmak, özellik olarak bulundurmak | Katlanmak, üstlenmek, yüklenmek, çekmek | Duymak, hissetmek",,
taşınabilmek,Taşınma ihtimali veya imkânı bulunmak | Taşımaya uygun olmak | Taşınmak için herhangi bir engeli bulunmamak,,
taşınmak,"Taşıma işi yapılmak | Başka bir yere gitmek, göçmek | Bir yere sık sık gitmek",,
taşırabilmek,Taşırma ihtimali veya imkânı bulunmak | Taşırma gücü bulunmak,,
taşırıvermek,Aniden taşırmak,,taşırı'vermek
taşırmak,Taşmasına yol açmak,,
taşıtabilmek,Taşıtma ihtimali veya imkânı bulunmak | Taşıtma gücü bulunmak,,
taşıtmak,Taşıma işini yaptırmak,,
taşıvermek,Ansızın veya çok kısa sürede taşmak,,taşı'vermek
taşıyabilmek,Taşıma ihtimali veya imkânı bulunmak | Taşımaya gücü yetmek,,
taşıyıvermek,Çok çabuk veya kısa sürede taşımak,,taşıyı'vermek
taşkınlaşmak,Taşkın duruma gelmek,,
taşlamak,"Taş atmak, taşa tutmak | Bir şeyin içindeki taşları ayıklamak | Taş vb. nesnelerle kumaşı beyazlatmak veya parlatmak | Metal bir parçayı zımpara ile törpüleyerek yuvasına alıştırmak | Taş döşemek | Üstü kapalı, iğneleyici söz söylemek",,
taşlanmak,Taşlama işi yapılmak | Taşa tutulmak,,
taşlaşmak,"Taş durumuna gelmek | Çok şaşırarak bir şey yapamaz, konuşamaz duruma gelmek; donakalmak",,
taşlatmak,"Taş attırmak, taşa tutturmak",,
taşlayabilmek,Taşlama ihtimali veya imkânı bulunmak | Taşlama gücü bulunmak,,
taşmak,"Sıvı maddeler, içinde bulundukları kaba sığmayacak kadar çoğalma ve kabarma yüzünden kenarları aşmak | Akarsu, yatağından çıkarak çevresini kaplamak | Bir yere veya şeye sığmamak | İnsan, nesne vb. çokça bulunmak, sayısı artmak | Öfke, sabırsızlık veya heyecan yüzünden kendini tutamamak",,
Tatarlaşmak,Tatar gibi davranmak,,
tatlandırabilmek,Tatlandırma ihtimali veya imkânı bulunmak | Tatlandırma gücü bulunmak,,
tatlandırmak,"Tat vermek, tadını kazanmasını sağlamak | Sevimli hâle getirmek",,
tatlanmak,"Tat kazanmak, tadı gelmek | Meyve olgunlaşmak | Sevimli bir hâle gelmek",,
tatlılaşmak,"Tatlı duruma gelmek, tat kazanmak | Sevimli, hoşa giden bir durum almak",,
tatlılaştırmak,Tatlı bir duruma getirmek,,
tatmak,"Dil yardımıyla bir şeyin tadının nasıl olduğunu anlamak | Bir şeyden az miktarda yemek veya içmek | Bir şeyi duymak, hissetmek | Bir şeyi olumlu veya olumsuz bütün nitelikleriyle yaşamak veya bir şeye tutulmak, uğramak",,
tatsızlaşmak,"Tadı azalmak, tadı kalmamak | Tatsızlık etmeye veya tatsız bir durum almaya başlamak",,
tattırabilmek,Tattırma ihtimali veya imkânı bulunmak,,
tattırmak,"Tatma işini yaptırmak, tadına baktırmak | Çok az miktarda yedirmek veya içirmek | Duyurmak, hissettirmek",,
tavlamak,"İşlenilecek bir nesneye gereken ısıyı veya nemi sağlamak, tav vermek | Yolsuz ve kolay kazanç umudu vererek dolandırmak | Ümit vererek kandırmak, kendine bağlamak, aldatmak | Karşı cinsin gönlünü çelmek, kandırıp elde etmek",,
tavlandırmak,"Tavlanmasını sağlamak | Hayvanı semirtmek, şişmanlatmak | Duygu ve fikirleri güçlendirmek, beslemek",,
tavlanmak,"Tavlama işi yapılmak | Hayvan semirmek, şişmanlamak",,
tavlayabilmek,Tavlama ihtimali veya imkânı bulunmak | Tavlamayı becermek,,
tavsamak,"Bir iş, bir durum vb. gücünü, hızını kaybetmek",,
tavsatmak,Tavsamasına sebep olmak,,
taylamak,Kısrak doğurmak,,
tayyetmek,"Aradan çıkarmak, yok etmek",Arapça ṭayy + Türkçe etmek,ta'yyetmek
tazelemek,"Yenisiyle veya tazesiyle değiştirmek | Bazı yiyecekleri, bayatlamışken kaynatıp taze duruma getirmek | Unutulmuş bir duygu veya bir düşünceyi yeniden canlandırmak",,
tazelendirmek,Tazelenme işini yaptırmak,,
tazelenmek,"Tazeleme işi yapılmak | Taze duruma gelmek, tazelik kazanmak",,
tazeleşmek,Taze bir durum almak,,
tazeleştirmek,Tazeleşme işini yaptırmak,,
tazeletmek,Taze duruma getirmek,,
tazeleyebilmek,Tazeleme ihtimali veya imkânı bulunmak | Tazeleme becerisi bulunmak,,
tazılaşmak,Tazı gibi zayıflayıp incelmek,,
tebeşirlemek,Tebeşir tozu ile kirletmek,,
tebeşirlenmek,Tebeşir tozu ile kirlenmek,,
tedariklemek,"Sağlamak, tedarik etmek",,
tedirginleşmek,Tedirgin olmak,,
tekdüzeleşmek,Tekdüze bir duruma gelmek; monotonlaşmak,,
tekdüzeleştirmek,Tekdüze bir duruma getirmek; monotonlaştırmak,,
tekelleşmek,Tekel durumuna gelmek,,
tekelleştirmek,Tekel durumuna getirmek,,
tekerlenmek,"Durumu bozulmak, kötüye gitmek | Uğraşmak, peşinde koşmak, yuvarlanıp gitmek",,
tekesemek,Dişi keçi çiftleşmek için teke istemek,,
teklemek,Sık fideleri seyrekleştirmek | Motorda pistonun biri çalışmamak | Tabanca bozulup tutukluk yapmak | Kalp düzenli çalışmamak,,
tekleşmek,Tek özellik göstermek | Tek duruma gelmek,,
tekmelemek,"Tekme vurmak, tekme atmak; tepiklemek | Nankörce davranmak",,
tekmelenmek,Tekme vurulmak,,
tekmeletmek,"Tekme attırmak, tekme vurdurmak",,
tekmillemek,"Tamamlamak, bütünlemek, bitirmek",,
tekrarlamak,"Bir işi bir kez daha yapmak; yinelemek, tazelemek, tekrar etmek",,
tekrarlanabilmek,Tekrarlanma ihtimali veya imkânı bulunmak; yinelenebilmek,,
tekrarlanmak,Tekrar edilmek; yinelenmek,,
tekrarlatabilmek,Tekrarlatma ihtimali veya imkânı bulunmak; yineletebilmek | Tekrarlatma becerisi bulunmak,,
tekrarlatmak,"Tekrar ettirmek, yeni baştan yaptırmak; yineletmek",,
tekrarlayabilmek,Tekrarlama ihtimali veya imkânı bulunmak; yineleyebilmek | Tekrarlama becerisi bulunmak,,
telalamak,İki kumaş parçası arasına tela koymak,,
telaşlandırmak,Telaşlanmasına sebep olmak,,
telaşlanmak,"Sıkıntı duyarak acele etmek, endişelenmek; tutuşmak, telaş etmek",,
telefonlaşmak,Birbiriyle telefonda konuşmak,,
telesimek,"Yorulmak, güçsüz kalmak, yorgunluktan bayılacak duruma gelmek",,
tellemek,"Tel geçirmek, tel takmak | Tel ile süslemek | Tencere, çaydanlık vb.ni tel ile ovarak temizlemek",,
tellemek,Telgraf çekmek,,
tellendirebilmek,Tellendirme ihtimali veya imkânı bulunmak,,
tellendirmek,"Sigara, nargile, çubuk vb.ni keyifle tüttürerek içmek",,
tellenmek,Tel takınmak | Telle çevrilmek,,
tellenmek,Telgraf çekilmek,,
telletmek,Telleme işini yaptırmak,,
tembelleşmek,Tembel duruma gelmek,,
tembelleştirmek,Tembel olmasına sebep olmak,,
tembihlemek,"Hatırlatmak, tembih etmek",,
tembihlenmek,"Tembihleme işi yapılmak, tembih edilmek",,
temek,Ahırdaki gübreyi dışarı atmak için kullanılan kapaklı veya kapaksız delik; pencere,,
temellendirebilmek,Temellendirme ihtimali veya imkânı bulunmak,,
temellendirilmek,Temellendirme işi yapılmak,,
temellendirmek,"Temel tutmasını sağlamak, yerleştirmek | Süreklilik ve kalıcılık kazandırmak",,
temellenmek,Temel tutmak,,
temelleşmek,"Temel tutmak, yerleşmek | Sürekli ve kalıcı bir duruma girmek",,
temelleştirmek,"Temel tutmasını, yerleşmesini sağlamak | Süreklilik kazandırmak, kalıcı bir duruma getirmek, temelli olmasını sağlamak",,
temizlemek,"Bir şeyi, bir yeri temiz duruma getirmek; paklamak | Sakıncalı, pürüzlü bir işi olumlu sonuçlandırmak | Bitirmek, tüketmek | Öldürmek, yok etmek | Kumar oyunlarında öbür oyuncuların bütün paralarını almak | Bir yaranın, bir dokunun sağlam olmayan bölümlerini neşter veya bıçakla kesmek [tıp]",,
temizlenebilmek,Temizlenme ihtimali veya imkânı bulunmak,,
temizlenmek,"Temiz duruma gelmek; arınmak, paklanmak | Sakıncalı bir durum, iş düzelmek, bitmek | Ortadan kaldırılmak, öldürülmek | Kumarda öbür oyuncu veya oyuncularca bütün parası alınmak",,
temizletebilmek,Temizletme ihtimali veya imkânı bulunmak | Temizletme gücü bulunmak,,
temizletmek,Temizleme işini yaptırmak,,
temizlettirmek,Temizletme işini yaptırmak,,
temizleyebilmek,Temizleme ihtimali veya imkânı bulunmak | Temizlemeyi becermek,,
temperlemek,Camı özel ısıtma sistemleri ile 600 °C - 650 °C sıcaklığa getirip aniden soğuk hava ile temas ettirerek sertleştirmesini sağlamak | Birbirinden farklı ısıdaki iki sıvıyı yavaş yavaş birbirine karıştırarak ısılarını eşitlemek | Eritilmiş çikolatanın tezgâh üzerinde sürekli karıştırılmasıyla kakao yağlarının hareket ettirerek pürüzsüz bir çikolata elde etmek,,
temperlenmek,Temperleme işi yapılmak,,
tenekelemek,Teneke kutuya doldurmak,,
tenhalaşmak,Yalnız kalmak,,
tepebilmek,Tepme ihtimali veya imkânı bulunmak | Tepme gücü bulunmak,,
tepelemek,"Ayakları altında ezmek | Bozguna uğratmak, hırpalamak | Kıyasıya dövmek",,
tepelenmek,Tepeleme işi yapılmak,,
tepeletmek,Tepeleme işini yaptırmak,,
tepiklemek,Binek hayvanını yürütmek için ayakla vurmak; tekmelemek | Otomobilin gaz pedalına sonuna kadar basmak,,
tepilmek,Tepme işi yapılmak | Geri çevrilmek,,
tepindirmek,Tepinmesine yol açmak,,
tepinmek,Ayaklarını hızla yere veya bir şeye üst üste vurmak | Öfke ve sevincini açığa vuracak davranışlarda bulunmak | Gürültü etmek | Bir şeye karşı koymak,,
tepirlemek,"Tahılın taşını ayırmak, elemek",,
tepişmek,Birbirini tepmek | İtişip kakışmak,,
tepkimek,Bir madde etkisi altında kaldığı bir şeye karşı tepki göstermek,,
tepmek,"Hayvan, ayağıyla vurmak | Üzerine basarak sıkıştırmak | Çokça yürümek | Silah ateşlendiğinde arkaya baskı yapmak | Değerini anlamamak veya kestirememek, geri çevirmek | Yeniden ortaya çıkmak, tazelenmek, depreşmek",,
tepsermek,Kuruyup çatlamak,,
terazilemek,Cambazlıkta kol veya sırık yardımıyla denge sağlamak | Bir şeyin ağırlığını elle yoklamak,,
terazilenmek,Düşmemek için dengeyi korumak,,
terbiyelemek,Çeşitli katkı maddeleriyle yemeği lezzetli duruma getirmek,,
terbiyelenmek,Yemek çeşitli katkı maddeleriyle lezzetli duruma getirilmek,,
terbiyesizleşmek,Terbiyesizce davranışlarda bulunmak; edepsizleşmek,,
terimleştirmek,Bir kelimeyi bilim veya sanat dallarından herhangi birinde kullanılmak üzere terim durumuna getirmek,,
terlemek,"Ter çıkarmak, ter dökmek | İçindeki suyu ter biçiminde sızdırmak | Bir şeyin üzerinde buhar olarak yoğunlaşmak | Bir iş yaparken yorulmak veya o işi çok emek harcayarak güçlükle başarmak",,
terletmek,"Terlemesine sebep olmak | Sıkıntıya düşürmek, çokça yormak",,
termikleştirmek,Yüksek enerji nötronlarını termik nötron durumuna getirmek için yavaşlatmak,,
tersinmek,"Geri dönmek, rücu etmek | Hiddetlenmek, aksilik etmek",,
terslemek,"Bir kimseye gönül kırıcı, sert söz söylemek veya gönül kırıcı davranmak",,
terslemek,Hayvanlar pislemek,,
terslenmek,"Tersleme işine konu olmak | Aksilik etmek, terslik göstermek",,
tersleşmek,"Terslik etmek, zıt davranmak",,
tertiplemek,"Sıraya, düzene koymak, düzenli bir biçim vermek | Ziyafet, toplantı vb. düzenlenmek, hazırlamak | Hile, düzen, komplo hazırlamak",,
tertiplenmek,"Sıraya konulmak, düzene sokulmak | Düzenlenmek, hazırlanmak",,
tertipletmek,Tertipleme işini yaptırmak,,
tertipleyebilmek,Tertipleme ihtimali veya imkânı bulunmak | Tertiplemeyi becermek,,
testerelemek,Testere ile kesmek,,
testlemek,"Test yapmak, teste tabi tutmak",,
testlenmek,Testleme işi yapılmak,,
tetiklemek,Harekete geçirmek,,
tetikleşmek,Tetik duruma gelmek,,
tetikleyebilmek,Tetikleme ihtimali veya imkânı bulunmak | Tetikleme gücü bulunmak,,
teveklemek,Üzüm kütüklerinde dip ve gövdeden çıkan gereksiz sürgünleri temizlemek,,
teyellemek,"İki parçayı eğreti olarak seyrek dikişle elde dikmek; ilintilemek, ilgilemek",,
teyellenmek,"Kumaş teyelle tutturulmak, üzerine teyel yapılmak",,
tezgâhlamak,"Dokunacak bezi tezgâha yerleştirmek | Bir iş için hazırlık yapmak, işe girişmek | Yasal olmayan bir işi gerçekleştirmek için plan yapmak",,
tezgâhlanmak,Tezgâhlama işine konu olmak,,
tezgâhlayabilmek,Tezgâhlama ihtimali veya imkânı bulunmak | Tezgâhlama becerisi bulunmak,,
tezlemek,Bir şeyi çabuklaştırmak,,
tezleşmek,"Çabukluk kazanmak, çabuklaşmak",,
tezleşmek,Tez (II) durumuna gelmek,,
tezleştirmek,"Bir işi çabuklaştırmak, acele ettirmek",,
tezleştirmek,Tez (II) durumuna getirmek,,
tıbbileşmek,Tıbbi duruma gelmek,,
tıkabilmek,Tıkma ihtimali veya imkânı bulunmak | Tıkma gücü bulunmak,,
tıkaçlamak,Tıkaçla tıkamak,,
tıkaçlanmak,Tıkaçlama işi yapılmak,,
tıkamak,"Bir şeyin ağzını, deliğini, içine konulan veya dışarıdan uygulanan bir nesneyle kapamak; berkitmek | Yol, su, geçit vb. şeyleri bir engelle işlemez, akmaz, geçilmez duruma getirmek",,
tıkanabilmek,Tıkanma ihtimali veya imkânı bulunmak,,
tıkanıvermek,Çabucak veya ansızın tıkanmak,,tıkanı'vermek
tıkanmak,"Tıkama işine konu olmak; bekinmek | İştahı kalmayıp yemek yiyememek | Soluk alamamak, soluğu kesilmek",,
tıkatmak,Tıkama işini yaptırmak,,
tıkayabilmek,Tıkama ihtimali veya imkânı bulunmak | Tıkama gücü bulunmak,,
tıkayıvermek,Çabucak tıkamak,,tıkayı'vermek
tıkılmak,"Tıkma işi yapılmak | Dar, sıkıntılı bir yerde bulunmak, sıkışmak",,
tıkımlanmak,Eline geçeni çok çabuk yemek,,
tıkınmak,Eline geçen yiyeceği oburca yemek | Yemek yemek,,
tıkırdamak,"""Tıkır tıkır"" ses çıkarmak, tıkırtı yapmak",,
tıkırdatmak,"Tıkırdamasını sağlamak, tıkırdamasına sebep olmak | Yemeği bir taşım kaynatmak",,
tıkışmak,Birlikte bir yere tıkılmak,,
tıkıştırabilmek,Tıkıştırma ihtimali veya imkânı bulunmak | Tıkıştırma becerisi bulunmak,,
tıkıştırılmak,Tıkıştırma işi yapılmak,,
tıkıştırmak,"Boş yer kalmayacak biçimde doldurmak, gelişigüzel koymak, tıka basa sokmak | Acele ile birine bir şeyi yedirmeye çalışmak | İyice çiğnemeden yutarak yemek",,
tıkıvermek,Çabucak veya kısa sürede tıkmak,,tıkı'vermek
tıkızlaşmak,Tıkız duruma gelmek,,
tıklamak,"Bir yere hafifçe vurarak ""tık"" sesi çıkarmak | Bilgisayarda, ağ sayfalarında bağlantılara ulaşmak amacıyla fare ile düğmeye veya bağlantı adresine dokunmak; kliklemek",,
tıklanmak,Tıklama işine konu olmak,,
tıklatabilmek,Tıklatma ihtimali veya imkânı bulunmak | Tıklatma becerisi bulunmak,,
tıklatılmak,Tıklatma işi yapılmak,,
tıklatmak,"""Tık"" sesi çıkararak hafifçe vurmak",,
tıklayabilmek,Tıklama ihtimali veya imkânı bulunmak | Tıklama becerisi bulunmak,,
tıkmak,"İterek, zorla, aceleyle sokmak",,
tıksırmak,Ağız kapalıyken hafifçe aksırmak,,
tımarlamak,Tımar etmek,,
tıngırdamak,Metal nesneler kuru bir ses çıkarmak; tıngıldamak,,
tıngırdatmak,Tıngırtı çıkarmak; tıngıldatmak | Çalgıyı biraz çalabilmek; tıngıldatmak,,
tınlamak,"""Tın"" sesi biraz sürüp gitmek",,
tınlatmak,Tınlamasına yol açmak,,
tınmak,"Ses çıkarmak | Önemsemek, önem vermek, dikkate almak, takmak, aldırış etmek",,
tıpırdamak,Yürürken tıpır tıpır ses çıkarmak | Hafif hafif vurmak,,
tıpırdatmak,"Yürürken veya parmakları bir yere vururken ""tıpır tıpır"" diye ses çıkarmak",,
tıpışlamak,Çocuğu uyutmak veya susturmak için arkasına yavaş yavaş vurmak; tapıklamak,,
tıraşlamak,"Saç, sakal vb.ni seyreltmek, kazımak, tıraş etmek | Bir şeyin üzerindeki pürüzleri almak; yontmak | Bıkkınlık verecek kadar uzun, asılsız, abartılı konuşmak",,
tıraşlanmak,Tıraşlama işi yapılmak,,
tırıllamak,Çıplak veya parasız kalmak,,
tırkazlamak,Tırkazı sürmek,,
tırkazlanmak,Tırkazlama işi yapılmak,,
tırkazlatmak,Tırkazlama işini yaptırmak; sürgületmek,,
tırmalama,"Tırmalamak işi; cırmalama, cırmaklama, cırnaklama",,
tırmalamak,"Tırnaklarıyla çizmek; tırnaklamak, tırmıklamak, cırmalamak, cırmaklamak, cırnaklamak | Rahatsız etmek",,
tırmalanmak,Tırmalama işine konu olmak,,
tırmalayabilmek,Tırmalama ihtimali veya imkânı bulunmak | Tırmalama gücü bulunmak,,
tırmanabilmek,Tırmanma ihtimali veya imkânı bulunmak | Tırmanmayı becermek,,
tırmanmak,"El ve ayaklarıyla tutunarak veya tırnaklarını iliştirerek dik bir yere çıkmak | Yokuş, merdiven vb. çıkmak | Bitki, yakınındaki bir nesneye tutunarak yükselmek | Bir şeyin eğimini izleyerek yükselmek | Belli bir durum, olay gittikçe güç kazanmak, giderek etkisini artırmak",,
tırmaşmak,"Tırmanmak, yüksek bir yere çıkmaya çalışmak | Gayret etmek, çabalamak",,
tırmıklamak,Üzerinde tırmık çekerek toprağı işlemek,,
tırmıklanmak,Tırmıklama işine konu olmak,,
tırnaklamak,"Tırnaklarını geçirerek yolmaya, kazımaya veya çekmeye çalışmak",,
tırnaklanmak,Tırnaklama işine konu olmak,,
tırnaklatmak,Tırnaklama işini yaptırmak,,
tırpanlamak,"Tırpanla biçmek | Bir topluluğu yok etmek, kırıp geçirmek | İstemediği kişilerin görevlerine son vermek | Bir şeyi ortadan kaldırmaya, yıkmaya girişmek",,
tırpanlanmak,Tırpanlama işine konu olmak veya tırpanlama işi yapılmak,,
tırpanlatmak,Tırpanlama işini yaptırmak,,
tırsmak,"Ürkmek, korkmak, çekinmek",,
tırtıklamak,"Düz bir zemin üzerine çentik açmak | Bir nesneden küçük parçalar koparmak | Seyrek duruma getirmek | Azar azar aşırmak, çalmak",,
tırtıklanmak,Tırtıklama işine konu olmak,,
tırtıklatmak,Tırtıklama işini yaptırmak,,
tırtıllanmak,Üzerine tırtıl üşüşmek,,
tıslamak,"Kaz, kedi, yılan ""tıs"" diye ses çıkarmak | ""Tıs"" diye ses çıkarmak | Ağır yük altında iniltiye benzer sesler çıkarmak | Haksızlığını anlayıp susmak, sesi soluğu kesmek",,
ticarileşmek,Ticari duruma gelmek | Sadece kâr amacı gütmek,,
tiftiklenmek,"Kumaşın telleri birbirinden ayrılmak, kabarmak, tiftik tiftik olmak",,
tiksindirmek,Tiksinmesine yol açmak,,
tiksinilmek,Tiksinme işine konu olmak,,
tiksinmek,"Bir şey, bir kimse, bir düşünce, bir durum vb.ni kötü, iğrenç veya aşağılık bularak ondan uzak durma duygusuna kapılmak, ikrah etmek, istikrah etmek",,
tipilemek,Kar tipiye çevirmek,,
tiplemek,"Belirli bir tipin bütün çapraşık özelliklerini, bunu en iyi, en rahat, en inandırıcı biçimde temsil edebilecek kişiyle canlandırmak [sinema]",,
tipleşmek,"Tip özelliği kazanmak | Roman, oyun vb.de temsilcilik görevini üstlenmek",,
tipleştirmek,Tip özelliği vermek veya kazandırmak,,
tirelemek,Bir yazıya tire (II) koymak,,
tirfillenmek,Kumaş havı dökülmek,,
tiritleşmek,Çok yaşlanıp gücü kalmamak; tiritlenmek,,
tirşeleşmek,Tirşe rengine dönüşmek,,
titizlenmek,"Çok dikkat ve özenle davranmak veya böyle davranılmasını istemek, titiz olmak, titizlik göstermek; titizleşmek | Öfkelenmek, huysuzlanmak, rahatsız olmak",,
titrekleşmek,Titrek duruma gelmek,,
titremek,"Küçük ve hızlı salınım hareketleri yapmak; tirildemek | Kaslar hızlı küçük kasılmalarla sarsılmak | Ses kısık ve kesik çıkmak | Çok üşümek | Işığın aralıklı olarak gücü azalıp çoğalmak | Birinden veya bir şeyden korkmak, korkuya kapılmak",,
titremlemek,"Konuşmada, düşünce veya duyuştan gelen yumuşaklık ve sertlik özelliklerini belirtmek için tonları düzenlemek",,
titreşmek,Her yanı titremek | Titreşim durumunda olmak; ihtizaz etmek,,
titreştirmek,Her yanı titretmek | Titreşim durumuna getirmek [fizik],,
titretmek,Titremesine yol açmak | Korku salmak,,
titreyebilmek,Titreme ihtimali bulunmak,,
titreyivermek,Aniden titremek,,titreyi'vermek
tiyatrolaştırmak,Yazılı bir eseri oyun durumuna getirmek,,
tizleşmek,"Ses, tiz bir durum almak",,
tohumlamak,"Dişi bir hayvanı, erkeğinden alınan tohumla yapay olarak döllemek",,
tohumlanmak,Tohumlu duruma gelmek,,
tokaçlamak,Çamaşırı tokaçla dövmek,,
tokaçlanmak,Çamaşır tokaçla dövülmek,,
tokalaşabilmek,Tokalaşma ihtimali veya imkânı bulunmak | Tokalaşma becerisi bulunmak,,
tokalaşmak,"Birbirinin elini sıkmak, el sıkışmak",,
tokatlamak,"Tokat atmak | Bir kimseyi dolandırmak, hile yoluyla parasını almak",,
tokatlanmak,Tokat atılmak,,
tokatlatmak,Tokatlama işini yaptırmak,,
tokatlayabilmek,Tokatlama ihtimali veya imkânı bulunmak | Tokatlama gücü bulunmak,,
tokmak,"Ağaçtan yapılmış iri çekiç | Kapıya asılı duran ve kapıyı çalmaya yarayan, türlü biçimlerde metal parça | Kapı kolu yerinde bulunan ve kapıyı açmaya yarayan topuz | Dibekte dövme işi için kullanılan ağaçtan araç | Davul vb. vurmalı çalgıları çalmakta kullanılan ve çalgının bir parçası olan araç | Toprağı düzeltmek, ezip sıkıştırmak için kullanılan, saplı, yassıca kütük parçası",,
tokmaklamak,Tokmakla vurmak,,
tokurdamak,"Hava, suyun içinde kabarcıklar durumunda yükselirken ses çıkarmak",,
tokurdatmak,Tokurdama işini yaptırmak,,
tokuşmak,"İki şey birbirine çarpmak, çarpışmak | Kafa kafaya vuruşmak",,
tokuşturabilmek,Tokuşturma ihtimali veya imkânı bulunmak | Tokuşturma becerisi bulunmak,,
tokuşturmak,"Birbirine dokundurmak, çarpıştırmak",,
tomak,Ağaçtan yapılmış top | Ağaçtan yapılmış gürz | Bir tür kalın ve ağır çizme,,
tomarlamak,Tomar durumuna getirmek,,
tomarlanmak,Tomar durumuna getirilmek,,
tomarlatmak,Tomar durumuna getirilmek,,
tombullaşmak,Tombul duruma gelmek,,
tomruklamak,Tomruk durumuna getirmek,,
tomruklanmak,Tomruk durumuna gelmek,,
tomurcuklanmak,Tomurcuk oluşmak,,
tomurmak,Ağacı dibinden kesmek | Ağaç ve asmalarda filiz vermek üzere gözler kabarmak; tomurcuklanmak | Şişip kabarmak,,
tonlulaşmak,"Tonlu duruma gelmek; yumuşamak, sedalılaşmak,  ötümlüleşmek [dil bilgisi]",,
tonsuzlaşmak,"Tonsuz duruma gelmek; sertleşmek, sedasızlaşmak, ötümsüzleşmek [dil bilgisi]",,
topaklamak,Toz veya küçük parçalar durumundaki bir şeyi kütle veya yığın biçiminde birleştirmek,,
topaklanmak,Topak durumuna gelmek,,
topaklaşmak,Topak durumunu almak,,
topaklaştırmak,"Bir maddenin, bir cevherin en küçük parçalarını birbirine yapışık duruma getirmek",,
topallamak,"Bacak veya ayağındaki sakatlık sebebiyle seker gibi veya iki adımda, bir yana eğilerek yürümek | İşler gerektiği gibi yürümemek, aksamak",,
toparlamak,"Bir araya getirmek, toplu bir duruma sokmak | Neler üzerinde durulacağını hatırlayıp bir araya getirmeye çalışmak | Şaşkın durumdan kurtulup kendine gelmek | Çekidüzen vermek",,
toparlanabilmek,Toparlanma ihtimali veya imkânı bulunmak | Toparlanma becerisi bulunmak,,
toparlanmak,"Toparlama işine konu olmak veya toparlama işi yapılmak | Para yönünden durumunu düzeltmek | Gelişmek, daha iyi duruma gelmek | Sağlığı düzelmek | Etkilenilen herhangi bir şeyden kurtulmaya başlanmak | Bir işi, bir hareketi yapmaya hazır duruma gelmek",,
toparlayabilmek,Toparlama ihtimali veya imkânı bulunmak | Toparlama becerisi bulunmak,,
toplamak,"Bir araya getirmek; cemetmek | Devşirip kaldırmak | Dağınıklıktan kurtarmak; kaldırmak | Bir araya getirmek, düzene sokmak, düzeltmek | Artırıp biriktirmek | Hizmete çağırmak | Vergi veya bağışı verecek olanlardan almak | Şişmanlamak, kilo almak | Çıban, yara irinlenmek | Sayıları veya nicelikleri birbirine ekleyip toplamını bulmak [matematik]",,
toplanabilmek,Toplanma ihtimali veya imkânı bulunmak,,
toplanılmak,Toplama işi yapılmak,,
toplanıvermek,Çok çabuk veya kısa zamanda toplanmak,,toplanı'vermek
toplanmak,"Toplama işine konu olmak | Bir araya gelmek; birikmek, toplaşmak | Toplantı yapmak | Kendine çekidüzen vermek | Seyahat etmek, taşınmak vb. için hazırlanmak",,
toplaşmak,Top durumuna gelmek,,
toplaştırmak,"Toplamak, bir araya getirmek",,
toplatabilmek,Toplatma ihtimali veya imkânı bulunmak | Toplatma gücü bulunmak,,
toplatılabilmek,Toplatılma ihtimali veya imkânı bulunmak,,
toplatılmak,Toplama işi yaptırılmak | Yasa dışı olarak satılan mallar satıcılardan alınmak,,
toplatmak,Toplama işini yaptırmak,,
toplayabilmek,Toplama ihtimali veya imkânı bulunmak | Toplama gücü bulunmak,,
toplayıvermek,Çabucak veya kısa zamanda toplamak,,toplayı'vermek
toplumlaşmak,Toplum durumuna gelmek,,
toplumlaştırmak,Toplumculuk ilkeleri çerçevesinde topluma mal etmek,,
toplumsallaşabilmek,Toplumsallaşma imkânı bulunmak; sosyalleşebilmek,,
toplumsallaşmak,"Birey kişilik kazanarak belli bir toplumsal çevreye hazırlanmak, toplumla bütünleşmek; sosyalleşmek",,
toplumsallaştırmak,Toplum yararına çalışır duruma getirmek; sosyalleştirmek | Toplumun değer yargılarına uygun duruma getirmek; sosyalleştirmek,,
topraklamak,Üzerini toprakla örtmek,,
topraklandırmak,Bir kimseyi işletip geçinmesi için toprak sahibi yapmak,,
topraklaşmak,Toprak durumuna gelmek,,
topraklatmak,Topraklama işini yaptırmak,,
topuklamak,Topukla pas atmak [spor] | Bir taşıtın hızını artırmak,,
torbalamak,Torbaya koymak,,
torbalanmak,Torbalama işi yapılmak | Gevşeyip sarkmak,,
tornalamak,Torna ile işlemek,,
tornalanmak,Torna ile işlenilmek,,
tornalatmak,"Tornadan geçirtmek, torna yaptırmak",,
torpillemek,Torpille batırmak | Sınıfta kalmak,,
torpillenmek,Torpilleme işi yapılmak,,
tortulanmak,Tortu durumuna gelmek; posalanmak,,
tortulaşmak,Tortu durumuna gelmek; tortullaşmak | Sıvının dibinde tortu oluşmak,,
toslamak,"Tos vurmak | Taşıt ön kısmını bir yere veya bir başka taşıta hafifçe çarpmak | Önündeki cismi görmeyerek hızla ona çarpmak | Para vermek | Birine rastlamak, rast gelmek | Engele takılmak",,
toslaşmak,Birbirine tos vurmak,,
tozlanmak,"Tozlu olmak, üstüne toz konmak",,
tozlaşmak,Toz durumuna girmek; tozarmak,,
tozlaştırmak,Toz durumuna getirmek,,
tozmak,Toz havalanarak çevreye yayılmak; tozumak,,
tozutmak,"Toz kaldırmak, çevreye toz yaymak | Kar, toz gibi savurmak | Böbürlenmek, yüksekten konuşup söylediği sözü yerine getirmemek, palavra atmak, mangalda kül bırakmamak | Aklını yitirmek",,
töhmetlendirmek,Töhmet altında bırakmak,,
tökezlemek,Yürürken ayağı bir yere çarpıp sendelemek; tökezmek | Güçlük ve engellerle karşılaşmak,,
tökezlenmek,Tökezleme işi yapılmak,,
tökezletmek,Tökezleme işini yaptırmak,,
törpülemek,Törpü ile düzeltmek | Sivri noktalarını gidermek,,
törpülenmek,Törpüleme işi yapılmak,,
törpületmek,Törpüleme işini yaptırmak,,
töskürmek,Hayvan geri geri gitmek | Düşman geri çekilmek,,
töskürtmek,Hayvanı geri geri yürütmek | Düşmanı püskürtmek,,
trajikleşmek,Trajik duruma gelmek,,
trollemek,"Balığı trol kullanarak avlamak | Genel ağ üzerinden sosyal ortamlarda gizli kimliklerle tuzak kurarak, başkalarını avlamak, dolandırmak, alay etmek, yanlış yönlendirmek",,
tufalamak,"Hırsızlık yapmak, eşya, para vb.ni çalmak | Birini oyuna getirmek, aldatmak",,
tuhaflaşmak,"Tuhaf olmak, tuhaf duruma gelmek | Huyu değişmek",,
tunçlamak,Tunç durumuna getirmek,,
tunçlaşmak,Tunç rengini almak,,
tunçlaştırmak,Bir sembolü tunçtan yapılmış bir heykelle canlandırmak | Tunç rengi kazandırmak,,
turalamak,"İplik çilelerini turalarına ayırmak | Bazı oyunlarda, tura ile vurmak",,
turfalamak,Değer vermemek,,
turlamak,"Tur atmak, dolaşmak, dönüp durmak; turalamak",,
turlayabilmek,Turlama ihtimali veya imkânı bulunmak | Turlama gücü bulunmak,,
turşulaşmak,"İyice ezilmek, turşu gibi olmak | Yorgunluktan hareket edemez duruma gelmek",,
turunculaşmak,Turuncu bir renge girmek,,
tuşlamak,Telefonun tuşlarına basmak,,
tuşlamak,"Güreşte tuşa getirmek, tuşla yenmek [spor]",,
tutabilmek,Tutma ihtimali veya imkânı bulunmak | Tutma gücü bulunmak,,
tutamak,"Tutunacak, dayanacak, güvenecek şey",,
tutamlamak,Bir tutam almak,,
tutarsızlaşmak,Tutarsız duruma gelmek,,
tutkallamak,"Tutkal sürmek, tutkalla yapıştırmak",,
tutkallanmak,Tutkallı duruma gelmek,,
tutkulaşmak,Tutku durumuna gelmek,,
tutmak,"Elde bulundurmak, ele almak | Ele geçirmek, yakalamak | Yanında bulundurmak, alıkoymak | Hürriyetinden yoksun bırakıp bir yere kapamak, tevkif etmek | Kırağı, çiğ veya kar bir yüzeyde görünür durumda olmak, kalmak | Denetimi ve yetkisi altına almak | Desteklemek, birinden yana çıkmak | Benimsemek, beğenmek | Gereğini yapmak, yerine getirmek | Uygun gelmek, çelişmez olmak | Kapatmak, sarmak | Hizmetine almak veya kiralamak | Bir işe herhangi bir anlayışla girişmek | Beddua, dua, ah vb. etkisini göstermek, gerçekleşmek, yerine gelmek, varmak | Ulaşmak, varmak | Para toplamı ...-e varmak, değeri olmak | Bir yere uğramak | Herhangi bir durumda bulundurmak | Varsaymak, farz etmek | Alacağa veya vereceğe saymak | Bir yere yaklaştırmak | Bir aleti kullanabilmek | Beklenen sonucu vermek | İş görebilmek | Sürmek, zaman almak | Yapışarak veya sokularak çıkmaz olmak | Bir şeyi kullanması için uzatmak | İşgal etmek | Takip etmek, izlemek | Bırakmamak | Sarmak, bürümek | Asılmak, kuvvetlice sarılmak | Bir kimsenin yerini almak | Otobüs, vapur, uçak vb. hasta etmek | Herhangi bir durumda kalmasını sağlamak | Bir yerde kalmasını sağlamak | Bir sanat eseri geniş ilgi görmek | Biriktirmek, tasarruf etmek | Askerlikte, bankacılıkta durdurmak, blokaj | ...-dan başlamak | Bir şeyi belleğe yerleştirmek | Bazı takım oyunlarında karşı takım oyuncusunun hareketine ayakla veya vücutla engel olmak; markaja almak [spor]",,
tutturabilmek,Tutturma ihtimali veya imkânı bulunmak | Tutturma gücü bulunmak,,
tutturmak,"Tutmasını sağlamak | Bir işe başlayıp sürdürmek, bir şeyi yapmakta olmak | Aklına koyup direnmek, ısrar etmek | Çivi, toplu iğne, çengelli iğne vb. ile iliştirmek, bağlamak | Hedefe vardırmak, değdirmek, isabet ettirmek; yakalamak | Takip etmek",,
tutuculaşmak,Tutuculuk yapmak,,
tutuklamak,Kanun yoluyla hürriyeti kısıtlayarak bir yere kapatmak; tevkif etmek,,
tutuklanmak,Tutuklama işine konu olmak,,
tutuklatabilmek,Tutuklatma ihtimali veya imkânı bulunmak | Tutuklatma gücü bulunmak,,
tutuklatmak,Tutuklama işini yaptırmak,,
tutuklayabilmek,Tutuklama ihtimali veya imkânı bulunmak | Tutuklama gücü bulunmak,,
tutulabilmek,Tutulma ihtimali veya imkânı bulunmak,,
tutulmak,"Tutma işi yapılmak veya tutma işine konu olmak | Ay ve Güneş, tutulma olayına uğramak | Ünlü olmak, meşhur olmak | Tutuk duruma gelmek | Kapatılmak, sarılmak | Bir organ veya bir şey hareket edemez olmak | Birine tutkun olmak, sevmek | Bazı takım oyunlarında karşı takımdaki bir oyuncu tarafından hareketine ayakla veya vücutla engel olunmak; markaja alınmak [spor]",,
tutuluvermek,Çabucak tutulmak,,tutulu'vermek
tutunabilmek,Tutunma ihtimali veya imkânı bulunmak,,
tutunmak,"Tutup bırakmamak, dayanmak, sarılmak veya asılmak | Aynı yerde ve durumda kalmak, direnmek, dayanmak | Kendini kabul ettirmek, kendine bir yer sağlamak | Kendi üzerine koymak, kullanmak | Uyum sağlayıp kalmak | Dayanmak, güvenmek",,
tutunuvermek,Aniden tutunmak | Tutup bırakmamak,,tutunu'vermek
tutuşabilmek,Tutuşma ihtimali veya imkânı bulunmak,,
tutuşmak,"Birbirini tutmak, birbirine ilişip dokunmak | Bir işe başlamak, girişmek | Yanmaya başlamak, ateş almak | Kızarmak, kızıllaşmak | Alev almış olmak, yanmaya başlamak; alışmak",,
tutuşturabilmek,Tutuşturma ihtimali veya imkânı bulunmak | Tutuşturma gücü bulunmak,,
tutuşturmak,"Tutuşmalarını veya tutuşmasını sağlamak | Ansızın, gizlice ve karşısındakinin isteyip istemediğine bakmadan bir şeyi vermek; sıkıştırmak | Coşturmak, çok heyecanlandırmak",,
tutuşturuvermek,Çabucak tutuşturmak,,tutuşturu'vermek
tutuşuvermek,Çabucak tutuşmak,,tutuşu'vermek
tutuvermek,Çabucak tutmak,,tutu'vermek
tuzaklamak,"Tuzak kurmak, tuzağa düşürmek",,
tuzaklanmak,Tuzak durumuna getirilmek | Tuzak kurulmak,,
tuzlamak,"Herhangi bir şeyin üzerine tuz serpmek | Daha fazla dayanması için peynir vb. yiyecekleri tuza yatırmak | Deri, et, balık vb.nin çürümemesi veya kokmaması için içine veya arasına bolca tuz dökmek | Yara vb.nin iyileşmesi için üzerine tuz dökmek | Keçilerin yalayarak tuz ihtiyacını karşılaması için kayaların üzerine tuz serpmek | Hastalıklar ondan uzak olsun, kaderi rahmetli babasına benzemesin, diye yeni doğan bebeğin bedenini tuzla ovmak",,
tuzlanmak,"Tuzlama işi yapılmak | Toprak çoraklaşmak, verimsiz hâle gelmek",,
tuzlaşmak,Tuz hâline gelmek,,
tuzlatmak,Tuzlama işini yaptırmak,,
tüccarlaşmak,Tüccar durumuna gelmek | Tüccar gibi davranmak,,
tükenmek,"Elinde kalmamak; bitmek (I) | Güçsüzleşmek, bitkinleşmek, yılgınlaşmak | Verimliliğini yitirmek, söyleyecek sözü kalmamak",,
tüketebilmek,Tüketme ihtimali veya imkânı bulunmak,,
tüketilmek,Tüketme işi yapılmak,,
tüketmek,"Kullanarak, harcayarak yok etmek, bitirmek; yoğaltmak | Güçsüzleştirmek, bezdirmek | Yürüyerek aşmak, bitirmek",,
tükettirmek,Tüketme işini yaptırmak,,
tükürebilmek,Tükürme ihtimali veya imkânı bulunmak | Tükürmeyi becermek,,
tükürmek,Tükürüğü ağız içinden dışarıya atmak | Ağzındakini dudakları arasına getirip dışarı vermek | Ağız yoluyla dışarı çıkarmak,,
tükürüklemek,Tükürükle ıslatmak,,
tükürüklenmek,Tükürükleme işine konu olmak,,
tükürülmek,Tükürme işine konu olmak,,
tülemek,Kuş veya kümes hayvanları tüylerini değiştirmek,,
tüllenmek,Tül görünümü almak,,
tümsekleşmek,Tümsek durumuna gelmek; tümselmek,,
tünemek,"Kuşlar ve kümes hayvanları uyumak için bir dala veya sırığa konmak; tüneklemek | Tabure, yüksekçe iskemle, basamak vb. üzerinde eğreti bir biçimde sessiz ve hareketsiz oturmak | Geceyi bir yerde geçirmek",,
tünmek,Hava kararıp gece olmak,,
tüplemek,Tüpe doldurmak | Tüp içine dikmek,,
türdeşleşmek,"Türce eş, benzer duruma gelmek, türdeş olmak",,
türdeşleştirmek,"Türce eş, benzer duruma getirmek, türdeş yapmak",,
türemek,"Oluşmak, ortaya çıkmak, meydana çıkmak; gelmek | Parçalanıp çoğalmak, üremek | Bir yerde bir şey çoğalmak",,
türetebilmek,Türetme ihtimali veya imkânı bulunmak | Türetmeyi becermek,,
türetilmek,"Ortaya çıkarılmak, meydana getirilmek",,
türetmek,"Oluşturmak, ortaya çıkarmak, yaratmak, meydana çıkarmak | Türetme yoluyla kelime yapmak [dil bilgisi]",,
Türkçeleşmek,Türkçe niteliğini kazanmak,,
Türkçeleştirilmek,Türkçe niteliği kazandırılmak,,
Türkçeleştirmek,Türkçeleşmesini sağlamak | Yabancı dilden Türkçeye çevirmek,,
Türkleşmek,"Türk olmak, Türk dilini ve Türklüğü benimsemek",,
Türkleştirilmek,"Türk dili ve Türklük benimsetilmek, Türkleşmesi sağlanmak",,
Türkleştirmek,"Türk dilini ve Türklüğü benimsetmek, Türkleşmesini sağlamak",,
türkülemek,Türkü yakmak,,
türküleşmek,Türkü durumuna gelmek,,
türküleştirilmek,Türkü durumuna getirilmek,,
türküleştirmek,Türkü durumuna getirmek,,
tütmek,"Duman veya buhar çıkarmak | Ocak veya sobanın bacası dumanı çekmeyip geri vermek | Yaşamak, varlığını sürdürmek | İyi veya kötü kokmak",,
tütsülemek,"Türlü amaçlarla bir yeri tütsü dumanıyla doldurmak; tütsü yapmak | Et, balık vb. yiyecekleri dumana tutmak | Sarhoş etmek",,
tütsülenmek,Tütsüleme işi yapılmak | Tütsüye benzeyen dumana tutulmak | Uyuşturucu madde veya alkolle iyice sarhoş olmak,,
tütsületmek,Tütsüleme işini yaptırmak,,
tüttürebilmek,Tüttürme ihtimali veya imkânı bulunmak | Tüttürme becerisi bulunmak,,
tüttürmek,"Tütmesini, duman çıkarmasını sağlamak, duman çıkarmak | Sigara, pipo içmek",,
tüydürmek,"Uzaklaştırmak, kaçmasını sağlamak",,
tüydürülmek,Kaçması sağlanmak,,
tüylendirmek,"Tüylenmesine yol açmak | Bir kumaşa kadifemsi bir görünüş kazandırmak, dokununca kürkümsü bir his vermesini sağlamak amacıyla yüzeyini tüylü duruma getirmek",,
tüylenmek,Hayvanlarda tüy bitmek | Yüzde sakal ve bıyık çıkmak | Kumaş üzerinde tüy oluşmak | Meyve veya yaprak üzerinde tüy oluşmak | Para sahibi olmak,,
ucuzlamak,Fiyatı inmek | Kolaylıkla elde edilir duruma gelmek,,
ucuzlatabilmek,Ucuzlatma ihtimali veya imkânı bulunmak | Ucuzlatma gücü bulunmak,,
ucuzlatılmak,Ucuzlatma işi yapılmak,,
ucuzlatmak,Fiyatını indirmek | Kolaylıkla elde edilir duruma getirmek,,
uçabilmek,Uçma ihtimali veya imkânı bulunmak | Uçma becerisi bulunmak,,
uçlanmak,"Uçlu duruma gelmek, uç vermek, filizlenmek | Gelişmeye başlamak | Bir şeyden kaynaklanmak | Bedava almak, birinden geçinmek",,
uçmak,"Kuş, kanatlı böcek vb. hareketli kanatları yardımıyla havada düşmeden durmak, havada yol almak | Uçak vb. araçlar özel mekanizma ile yerden yükselmek, havada yol almak | Sıvı gaz veya buhar durumuna geçip havaya dağılmak | Rengi solmak | Rüzgâr veya başka bir itici güçle yerinden ayrılıp uzağa gitmek | Yüksek yerden düşmek veya yuvarlanmak | Belirmek, dolaşmak, gezinmek | Patlayıcı veya yanıcı bir maddeyle parçalanmak | Uçar gibi dalgalanmak | Çok hızlı gitmek | Hava yolu ile gitmek | Yok olmak, ortadan kaybolmak | Çok sevinmek | Gerçek hayattan uzaklaşıp düşlere dalmak | Keyif verici veya uyuşturucu madde aldıktan sonra kendinden geçmek | İzni olmadan alınmak, aşırılmak | Dinî inanışa göre ruh ölümden sonra göğe yükselmek [din bilimi] | Kesilip yerinden kopmak",,
uçuklamak,Uçuk (II) oluşmak,,
uçuklaşmak,Rengi soluklaşmak,,
uçurabilmek,Uçurma ihtimali veya imkânı bulunmak | Uçurma becerisi bulunmak,,
uçurmak,"Uçma işini yaptırmak; uçurtmak | Hızlı götürmek, hızlı sürmek | Gizlice alıp gitmek",,
uçurtmak,Uçma işini yaptırmak | Uçmasına yol açmak,,
uçurulmak,Uçurma işi yapılmak,,
uçurumlaşmak,Uçurum durumuna gelmek,,
uçuruvermek,Çabucak uçurmak | Bir sözü hemen başkasına iletmek,,uçuru'vermek
uçuşmak,Hep birlikte uçmak | Havada gidip gelerek dolaşmak | Kendini duyurmak,,
uçuşturmak,Uçuşma işini yaptırmak,,
uçuvermek,Çabucak uçmak | Çabucak gitmek,,uçu'vermek
ufalamak,"Kırarak, ovarak veya ezerek ufak parçalara ayırmak | Ağzının payını vermek | Hakkı olmayan bir şeyi bir kimseden azar azar almak",,
ufalanmak,"Ufalama işi yapılmak, ufak parçalara ayrılmak",,
ufalmak,"Büyükken daha ufak duruma gelmek; küçülmek | Büzülmek, küçülmek | Küçülmek, değersiz duruma gelmek",,
ufaltılmak,Büyük olan bir şey daha küçük duruma getirilmek; küçültülmek,,
ufaltmak,Büyük olan bir şeyi daha küçük duruma getirmek; küçültmek,,
uflamak,"Acı, sızı duyarak uf demek",,
ufunetlendirmek,İrinlenmesine neden olmak | Pis kokar hâle getirmek,,
ufunetlenmek,Yara irinlenmek | Pis kokar hâle gelmek,,
uğralamak,Uğra serpmek,,
uğramak,"Yola devam etmek üzere, bir yerde kısa bir süre kalmak | Bir yerin yanından, yakınından, içinden geçmek | Fırlayarak çıkmak, hızla çıkmak | Kötü duruma konu olmak | Bir yere yaklaşmak | Hastalık vb. ile karşı karşıya kalmak | Cin, peri çarpmak; çarpılmak",,
uğranılmak,Uğrama işi yapılmak,,
uğranmak,Uğrama işi yapılmak,,
uğraşabilmek,Uğraşma ihtimali veya imkânı bulunmak,,
uğraşılabilmek,Uğraşılma ihtimali bulunmak,,
uğraşılmak,Uğraşma işi yapılmak,,
uğraşmak,"Bir iş üzerinde sürekli çalışmak | Bir işi başarmaya çalışmak, iş edinmek | Zamanını bir işe verme durumunda kalmak | Savaşmak, mücadele etmek | Birine kötü davranmak",,
uğraştırmak,Uğraşmasına yol açmak,,
uğratabilmek,Uğratma ihtimali veya imkânı bulunmak,,
uğratmak,"Uğrama işini yaptırmak, uğramasına sebep olmak; salmak | Savmak, çıkmak, dışarı atmak, kovmak",,
uğrayabilmek,Uğrama ihtimali veya imkânı bulunmak,,
uğuldamak,"Sürekli gürültülü, boğuk ve anlaşılmaz ses çıkmak | Uğultu şeklinde ses duymak",,
uğunmak,"Büyük bir üzüntü veya acıdan kıvranmak | Ağlaya ağlaya bayılmak | Soluğu tıkanmak | İsteksiz davranmak, savsaklamak | Kendi etrafında hızlıca dönmek",,
uğurlamak,"Gideni esenlik ve sevgi dilekleriyle geçirmek, yolcu etmek; yolculamak, teşyi etmek",,
uğurlanabilmek,Uğurlanma ihtimali veya imkânı bulunmak,,
uğurlanmak,Uğurlama işi yapılmak,,
uğurlayabilmek,Uğurlama ihtimali veya imkânı bulunmak,,
uğursamak,Herhangi bir olguyu veya nesneyi uğur saymak,,
uhrevileşmek,Ahiretle ilgili özellikler taşımak; maveraileşmek,,
ulanmak,Ulama işi yapılmak,,
ulaşabilmek,Ulaşma ihtimali veya imkânı bulunmak,,
ulaşılabilmek,Ulaşılma ihtimali veya imkânı bulunmak,,
ulaşılmak,Ulaşma işi yapılmak,,
ulaşıvermek,Çabucak veya kısa sürede ulaşmak,,ulaşı'vermek
ulaşmak,"Belli bir yere varmak, erişmek, gitmek | Hedeflenen bir şeyi elde etmek, kavuşmak, erişmek | Belli bir noktaya ermek, uzanmak, yetişmek | Birbirine katılmak, dökülmek",,
ulaştırabilmek,Ulaştırma ihtimali veya imkânı bulunmak | Ulaştırma gücü bulunmak,,
ulaştırmak,Ulaşmasını sağlamak; dağıtmak,,
ululamak,"Ağırlamak, saygı gösterip ikramda bulunmak | Ulu tutmak, ulu saymak, saygı ve hürmet göstermek",,
ululanmak,"Ululamak işi yapılmak | Büyüklenmek, kibirlenmek, büyüklük taslamak",,
ululaşmak,Ulu duruma gelmek,,
ulumak,"Köpek, kurt, çakal vb. hayvanlar uzun, iniltili, ağlar gibi bir ses çıkarmak | İnsan iniltili ses çıkararak boğuk boğuk ağlamak",,
uluslararasılaşmak,Uluslararası duruma gelmek; milletlerarasılaşmak,,
uluslararasılaştırılmak,Uluslararası duruma getirilmek; milletlerarasılaştırılmak,,
uluslararasılaştırmak,Uluslararası duruma getirmek; milletlerarasılaştırmak,,
ulutmak,Ulumasını sağlamak,,
umabilmek,Umma ihtimali veya imkânı bulunmak,,
umdurmak,"Umma durumunu yaratmak, ummasını sağlamak",,
ummak,"Bir şeyin olmasını istemek, ümitle beklemek | Sanmak, tahmin etmek | Dilemek, temenni etmek",,
umulmak,Umma durumu yaratılmak veya umma durumuna konu olmak,,
umurlamak,"Bir şeyi önemsemek, dikkate almak",,
umursamak,"Aldırış etmek, önem vermek",,
umursanmak,Umursama durumuna konu olmak,,
umutlanabilmek,Umutlanma ihtimali veya imkânı bulunmak; ümitlenebilmek,,
umutlandırılmak,Umutlandırma işi yapılmak,,
umutlandırmak,"Umut vermek, umutlanmasına yol açmak; ümitlendirmek",,
umutlanmak,Bir şeyin olmasını inançla beklemek; ümitlenmek,,
umutsuzlanmak,"Umutsuz duruma gelmek, umudunu yitirmek; ümitsizlenmek",,
umutsuzlaşmak,Umutsuz duruma gelmek,,
umutsuzlaştırılmak,Umutsuz duruma getirilmek,,
umutsuzlaştırmak,"Umutsuz duruma getirmek, umudunu kaybettirmek",,
unlamak,Una bulamak | Üzerine un serpmek,,
unlanmak,Una bulanmak | Üzerine un serpilmek,,
unutabilmek,Unutma ihtimali veya imkânı bulunmak | Unutma becerisi bulunmak,,
unutmak,"Aklında kalmamak, hatırlamamak, aklından çıkmak | Bir şeyi dalgınlıkla bir yerde bırakmak | Bir şeyi yapamaz duruma gelmek | Gereken önemi vermemek, üstünde durmamak | Hatırdan, gönülden çıkarmak | Üzücü bir şeyin etkisinden kurtulmak",,
unutturabilmek,Unutturma ihtimali veya imkânı bulunmak,,
unutturmak,Unutmasına yol açmak veya unutmasını sağlamak,,
unutturulmak,Unutmasına yol açılmak veya unutması sağlanmak,,
unutturuvermek,Kolayca ve kısa sürede unutturmak,,unutturu'vermek
unutulabilmek,Unutulma ihtimali veya imkânı bulunmak,,
unutulmak,Unutma işine konu olmak,,
unutuluvermek,Kısa sürede unutulmak,,unutulu'vermek
unutuvermek,Çabucak veya kısa sürede unutmak,,unutu'vermek
urlaşmak,"Ur durumuna gelmek; tümörlenmek, tümörleşmek",,
usandırmak,Usanmasına yol açmak,,
usanılmak,Usanma işi yapılmak,,
usanmak,"Tekrarlanması, uzun sürmesi dolayısıyla bir şeyden hoşlanmaz veya sıkılır duruma gelmek",,
uslandırmak,Uslanma işini yaptırmak,,
uslanmak,"Yadırganan, ayıplanan davranışlardan vazgeçmek, davranışlarına düzen vermek; akıllanmak | Herhangi bir olaydan ders almak, aklı başına gelmek; akıllanmak",,
ustalaşmak,Bir işi yapmakta usta durumuna gelmek,,
utanabilmek,Utanma ihtimali veya imkânı bulunmak,,
utandırmak,"Utanmasına sebep olmak, utanmasına yol açmak | Çokça iltifat ve ikramda bulunarak veya kendisinden beklenmeyen bir başarı göstererek karşısındakini mahcup etmek",,
utanılmak,Utanç duyulmak,,
utanmak,"Onursuz sayılacak veya gülünç olacak bir duruma düşmekten üzüntü duymak; arlanmak, mahcup olmak | Sıkılarak çekinmek",,
utulmak,Yenme işi yapılmak veya yenme işine konu olmak | Ütme işi yapılmak veya ütme işine konu olmak,,
uyabilmek,Uyma ihtimali veya imkânı bulunmak,,
uyanabilmek,Uyanma ihtimali veya imkânı bulunmak | Uyanmaya gücü yetmek,,
uyandırabilmek,Uyandırma ihtimali veya imkânı bulunmak | Uyandırmaya gücü yetmek,,
uyandırılmak,Uyanması sağlanmak; uyarılmak,,
uyandırmak,"Uyanmasına yol açmak; kaldırmak | Anıları zihinde yeniden canlandırmak [ruh bilimi] | Çıra, lamba, soba vb. ışık veren şeyleri yakmak, tutuşturmak | Üstü küllenmiş ateşi yeniden canlandırmak | Herhangi bir sebeple dernekteki üyeliğin dondurulmasından vazgeçerek çalışmalara katılmasına izin vermek | Aklını başına toplamasını sağlamak, gözünü açmak | Ortaya çıkarmak, kendini göstermesine sebep olmak",,
uyanıklaşmak,Uyanık duruma gelmek,,
uyanılmak,Uyanmak işi yapılmak,,
uyanıvermek,Ansızın uyanmak,,uyanı'vermek
uyanmak,"Uyku durumundan çıkmak | Bitkiler canlanıp yeşermeye başlamak | Ortaya çıkmak | Gerçekleri anlar, kavrar duruma gelmek | Bilgisizlikten kurtulmak | Cinsel yönden hazır duruma gelmek",,
uyarabilmek,Uyarma ihtimali veya imkânı bulunmak | Uyarma gücü bulunmak,,
uyarılabilmek,Uyarılma ihtimali veya imkânı bulunmak,,
uyarılmak,Uyarma işine konu olmak,,
uyarlamak,"Birbirine herhangi bir bakımdan uyar duruma getirmek; intibak ettirmek | Edebî eserleri, sinema, tiyatro, radyo ve televizyonun teknik imkânlarına uygun duruma getirmek; adapte etmek | Bir yabancı eseri, kişi ve yer adlarını değiştirerek yerli bir eser durumuna getirmek; adapte etmek",,
uyarlanabilmek,Uyarlanma ihtimali veya imkânı bulunmak | Uyarlanma gücü bulunmak,,
uyarlanmak,"Uyarlama işi yapılmak; alınmak, adapte olunmak",,
uyarlayabilmek,Uyarlama ihtimali veya imkânı bulunmak | Uyarlama gücü bulunmak,,
uyarlayıvermek,Kısa sürede uyarlamak,,uyarlayı'vermek
uyarmak,"Bir kimseye bir davranışta bulunmasını veya bulunmamasını söylemek; ikaz etmek | Görevini gereği gibi yapmayan kimseye nasıl davranması gerektiğini hatırlatmak, ihtarda bulunmak | Bir canlının herhangi bir organını dıştan bir etki ile görev yapmaya zorlamak [biyoloji] | Öğütle yola getirmeye çalışmak",,
uyartmak,Uyarma işini yaptırmak,,
uydulaşmak,Uydu durumuna gelmek,,
uydulaştırılmak,Uydu durumuna getirilmek,,
uydulaştırmak,Uydu durumuna getirmek,,
uydurabilmek,Uydurma ihtimali veya imkânı bulunmak | Uydurma becerisi bulunmak,,
uydurmak,"Uymasını sağlamak; yakıştırmak | Hayal gücünden yararlanarak gerçek dışı bir şey söylemek, yakıştırmak; düzmek | Yalan söylemek, düzmece laflar etmek | Yolunu bulup elde etmek, sağlamak, bulmak, tedarik etmek | Cinsel birleşmede bulunmak",,
uydurulabilmek,Uydurulma ihtimali veya imkânı bulunmak,,
uydurulmak,Uydurma işi yapılmak,,
uyduruvermek,Ansızın veya kısa sürede uydurmak,,uyduru'vermek
uygarlaşmak,Uygar duruma gelmek; medenileşmek,,
uygarlaştırılmak,"Uygar duruma getirilmek, uygarlaşması sağlanmak; medenileştirilmek",,
uygarlaştırmak,Uygar duruma getirmek; medenileştirmek,,
uygulamak,"Kuramsal bir bilgiyi, ilkeyi, düşünceyi herhangi bir alanda hayata geçirmek; tatbik etmek | Üst üste getirmek, üstüne koymak; tatbik etmek",,
uygulanabilmek,Uygulanma ihtimali veya imkânı bulunmak,,
uygulanmak,Uygulama işine konu olmak,,
uygulatabilmek,Uygulatma ihtimali veya imkânı bulunmak | Uygulatma gücü bulunmak,,
uygulatılmak,Uygulatma işi yapılmak,,
uygulatmak,Uygulama işini yaptırmak,,
uygulattırmak,Uygulatma işini yaptırmak,,
uygulayabilmek,Uygulama ihtimali veya imkânı bulunmak | Uygulama gücü bulunmak,,
uylamak,"Sürekli aynı şeyi yapmak, bıktıracak kadar tekrarlamak",,
uymak,"Ölçüleri birbirini tutmak | Renk, biçim vb. yönünden birbirini tutmak, uygun düşmek, uygun gelmek | Zevke, anlayışa uygun düşmek | Bir inanca, bir anlayışa, bir duruma veya egemen bir güce uygun davranışta bulunmak; riayet etmek | Bağlı kalmak, tabi olmak | Uygun düşmek, münasip olmak | Örnek kabul edip davranışlarını ona benzetmek; imtisal etmek | Uyum sağlamak; bağdaşmak",,
uysallaşmak,"Uysal duruma gelmek, uysal olmak",,
uysallaştırmak,Uysal duruma getirmek,,
uyuklamak,Oturduğu yerde hafif uykuya dalmak | Sessiz ve sakin hâlde durmak,,
uyulmak,Uyma işi yapılmak,,
uyumak,"Uyku durumunda olmak; dalmak, zıbarmak | İlaç etkisiyle ağrı duymayacak kadar derin uykuya dalmak | İşlem görmemek, durgun kalmak, el sürülmemek | Çevresindeki olayları fark etmemek, görmemek",,
uyumlandırılmak,Uyumlandırılma işi yapılmak,,
uyumlandırmak,Uyumlu duruma getirmek; ahenkleştirmek,,
uyumlanmak,Uyumlu hâle gelmek,,
uyunmak,Uyuma işi yapılmak,,
uyuşabilmek,Uyuşma ihtimali veya imkânı bulunmak,,
uyuşmak,"Soğuk, basınç vb. yüzünden vücudun bir yerinde, duygu ve hareket geçici olarak azalmak",,
uyuşmak,Her konuda birbirine uymak; imtizaç etmek,,
uyuşturabilmek,Uyuşturma ihtimali veya imkânı bulunmak | Uyuşturma gücü bulmak,,
uyuşturmak,"Uyuşmasını sağlamak, hissedemez duruma getirmek",,
uyuşturulabilmek,Uyuşturulma ihtimali veya imkânı bulunmak | Uyuşturulma gücü bulmak,,
uyuşturulmak,"Uyuşturma işi yapılmak, hissedemez duruma getirilmek",,
uyutabilmek,Uyutma ihtimali veya imkânı bulunmak | Uyutma becerisi bulunmak,,
uyutmak,"Uyumasını sağlamak, uyur duruma getirmek; yatırmak | Acı, keder vb.ni hafifletmek | Bir şeyi ilgi konusu olmaktan çıkarmak, unutturmak | Birini aldatmak, kandırmak",,
uyutulabilmek,Uyutulma ihtimali veya imkânı bulunmak,,
uyutulmak,Uyutma işine konu olmak,,
uyuvermek,Kısa sürede uyum sağlamak | Ölçü bakımından uyum sağlamak,,uyu'vermek
uyuyabilmek,Uyuma ihtimali veya imkânı bulunmak | Uyuma becerisi bulunmak,,
uyuyakalmak,Otururken veya bir yere yaslanıp dururken istemeden uyuyuvermek,,uyuya'kalmak
uyuyuvermek,Çabucak uyumak | İstemediği hâlde uyuyakalmak,,uyuyu'vermek
uyuzlaşmak,Tüyleri döküldüğü için çirkin bir görünüş almak | Beğenilmeyen davranış ve tutumlar sergilemeye başlamak,,
uzaklanmak,Bir kişiye karşı nazlanmak,,
uzaklaşabilmek,Uzaklaşma ihtimali veya imkânı bulunmak | Uzaklaşma gücü bulunmak,,
uzaklaşılmak,Uzaklaşma işi yapılmak,,
uzaklaşmak,"Bir şeyden, bir yerden veya kimseden ayrılıp uzağa gitmek; ıraklaşmak, ıramak, uzaklanmak | Yabancılaşmak, ilgisi azalmak | Yavaş yavaş görünmez, duyulmaz, hissedilmez duruma gelmek",,
uzaklaştırabilmek,Uzaklaştırma ihtimali veya imkânı bulunmak | Uzaklaştırma gücü bulunmak,,
uzaklaştırılmak,Uzaklaşması sağlanmak | Görevden alınmasını sağlamak,,
uzaklaştırmak,"Uzağa götürmek | Çıkarmak, ayırmak | Yabancılaştırmak, ilgisiz bırakmak; kışkışlamak",,
uzaksamak,"Bir şeyin gerçekleşmesini uzak görmek, olacağına pek inanmamak; ıraksamak, istibat etmek",,
uzamak,"Uzun duruma gelmek, boyu büyümek | Çok zaman tutmak, uzun sürmek | İleriye doğru devam etmek, uzanmak | Bitmek bilmemek, geçen zaman çok uzun gelmek",,
uzanabilmek,Uzanma ihtimali veya imkânı bulunmak | Uzanma becerisi bulunmak,,
uzanılmak,Uzanma işi yapılmak,,
uzanıvermek,Çabucak uzanmak,,uzanı'vermek
uzanmak,"Boylu boyunca yatmak | Bir alana yayılmak | Bir şey boyunca sıralanmak | Bir yere yetişmek, ulaşmak | Vücudunu yöneltmek veya vücuduyla birlikte kolunu uzatmak | İleriye doğru devam etmek | Sarkıntılık etmek",,
uzatabilmek,Uzatma ihtimali veya imkânı bulunmak | Uzatma becerisi bulunmak,,
uzatılmak,Uzatma işi yapılmak,,
uzatıvermek,Ansızın veya çabucak uzatmak,,uzatı'vermek
uzatmak,"Uzamasına sebep olmak, uzamasını sağlamak | Başı, kolları veya bacakları bir yere yöneltmek | Bir şeyi vermek için birine yöneltmek; atmak | Konuşmayı, tartışmayı sürdürmek | Vermek, göndermek | Süreyi artırmak, temdit etmek | Daha ileriki bir zamana atmak, sonraya bırakmak, ertelemek | Sürüncemede bırakmak",,
uzattırıvermek,Çabucak veya ansızın uzatmak,,uzattırı'vermek
uzattırmak,Uzatma işini yaptırmak,,
uzayabilmek,Uzama ihtimali veya imkânı bulunmak | Uzama gücü bulunmak,,
uzlaşabilmek,Uzlaşma ihtimali veya imkânı bulunmak | Uzlaşma becerisi bulunmak,,
uzlaşılmak,Uzlaşma işi yapılmak,,
uzlaşmak,"Aralarındaki düşünce veya çıkar ayrılığını, karşılıklı ödünlerle kaldırarak karşılıklı anlaşmak ve mutabık kalmak; uylaşmak | Bir iş, düşünce, görüş vb. üzerinde anlaşmaya varmak; uyuşmak (II), mutabık kalmak",,
uzlaştırabilmek,Uzlaştırma ihtimali veya imkânı bulunmak | Uzlaştırma becerisi bulunmak,,
uzlaştırılmak,"Uzlaştırma işi yapılmak; uylaştırılmak, uyuşturulmak (II)",,
uzlaştırmak,"Anlaşmazlık, dargınlık vb. durumda bulunan kimselerin uzlaşmalarını sağlamak; uylaştırmak, uyuşturmak (II)",,
uzmanlaşmak,"Uzman durumuna gelmek, uzman olmak",,
ücretlendirmek,"Bir malın, bir işin ücretini, rayicini belirlemek",,
üçgenleşmek,"Üçgen biçimini almak, üçgene benzemek",,
üçlemek,"Üçe çıkarmak | Ürünün üçte birine karşılık, toprağını kiraya vermek | Tarlayı üç kez sürmek",,
üçleşmek,"Üçe çıkmak, bir veya ikiyken üç olmak",,
üflemek,Dudakları büzerek soluğu bir şey üzerine hızla vermek; üfürmek | Yanmakta olan bir şeyi söndürmek veya canlandırmak için soluk vermek | Nefesli çalgıları çalmak,,
üflenmek,Üfleme işi yapılmak,,
üfletmek,Üfleme işini yaptırmak,,
üfleyebilmek,Üfleme ihtimali veya imkânı bulunmak | Üfleme becerisi bulunmak | Üfleme gücü bulunmak,,
üfleyivermek,Aniden üflemek,,üfleyi'vermek
üfürmek,Üfleyerek bulunduğu yerden uzaklaştırmak | Rüzgâr esmek | Üflemeli bir çalgıyı üfleyerek çalmak | Abartarak konuşmak,,
ülküleştirilmek,Ülküleştirme işi yapılmak,,
ülküleştirmek,Ülkü durumuna getirmek,,
ünlemek,Yüksek sesle bildirmek,,
ünlenmek,"Ün sahibi olmak, ün kazanmak, meşhur olmak | Çağrılmak, yüksek sesle bildirilmek",,
ünletmek,"Bağırtmak, çağırtmak",,
üremek,"Canlılar doğup çoğalmak | Bitkiler yetişmek | Çoğalmak, artmak",,
üretebilmek,Üretme ihtimali veya imkânı bulunmak | Üretmeyi becermek,,
üretilebilmek,Üretilme ihtimali veya imkânı bulunmak,,
üretilmek,Üretme işi yapılmak,,
üretmek,"Aynı türden canlıları çoğaltmak | Ekonomik bir etkinlik sonucu ürün elde etmek; yapmak | Oluşturmak, yaratmak, meydana getirmek",,
ürettirmek,Üretme işini yaptırmak,,
üreyebilmek,Üreme ihtimali veya imkânı bulunmak | Üreme gücü bulunmak,,
ürkekleşmek,Ürkek duruma gelmek,,
ürkmek,Bir şeyden korkup sıçramak; tevahhuş etmek | Şaşkınlık ve korku duymak | Ağaç meyve vermemek | Belli bir şeyden çekinmek,,
ürkütmek,Ürküntü vermek | Korkutup kaçırmak | Herhangi bir etkiyle bitkinin gelişmesini engellemek | Bir şeye karşı korkutmak | Bir şeye karşı kuşkulandırmak,,
ürkütülmek,Ürkütme işi yapılmak,,
ürpermek,"Korku, tiksinti, üşüme vb. yüzünden tüylerin dikilip derinin nokta nokta kabarmasıyla görülen ani titreme; ifildemek | Bir şeyden korkmak",,
ürpertmek,Ürperti vermek,,
ürüşmek,Hep birden ürümek,,
üslenmek,Bir yeri kendine üs seçerek orada yerleşmek,,
üsluplaştırmak,Doğal biçimlerin görünüş özelliklerini yitirmeden yalınlaştırılması ile motif oluşturmak,,
üstelemek,"Bir düşünce veya istek üzerinde tekrar tekrar durmak; tekit etmek | Hastalık yeniden ortaya çıkmak; depreşmek, nüks etmek | Bir isteği, bir buyruğu tekrarlamak; tekit etmek | Bir şeyin üstüne eklenmek, katılmak; inzimam etmek",,
üstelenmek,Üsteleme işine konu olmak,,
üstenmek,Bir iş yapmayı üstüne almak; taahhüt etmek,,
üstlenmek,"Üstüne almak; yüklenmek, deruhte etmek",,
üstünleşmek,Üstün duruma gelmek,,
üstünsemek,"Üstün, iyi, yeğlenir olduğuna inanmak",,
üstüpülemek,Üstüpü ile silmek veya temizlemek,,
üşenmek,Kendinde bir gevşeklik duyarak bir işi yapmaya isteği olmamak; erinmek,,
üşümek,"Isı yokluğundan, azlığından veya ısı kaybından etkilenmek, soğuğun etkisini duymak",,
üşüşmek,"Her yandan çokça bir araya gelmek, toplanmak, birikmek; üşmek",,
üşüşüvermek,Çabucak üşüşmek,,üşüşü'vermek
üşütmek,"Üşümesine sebep olmak | Üşüyüp hasta olmak; soğuk almak | Delirmek, aklını yitirmek",,
üşüyebilmek,Üşüme ihtimali bulunmak,,
ütmek,"Bir şeyi, tüylerini yakmak için alevden geçirmek | Taze buğday veya mısırı ateşe tutup alazlamak",,
ütmek,"Oyunda yenerek bir şey kazanmak; utmak (II), yutmak (II)",,
ütülemek,Ütü ile buruşukluklarını gidermek | Alevde tüylerini veya kabuğunu yakıp gidermek,,
ütülenmek,Ütüleme işine konu olmak,,
ütületmek,Ütülü duruma getirtmek,,
ütüleyebilmek,Ütüleme ihtimali veya imkânı bulunmak | Ütülemeyi becermek,,
ütülmek,"Oyunda, yenilmek, kaybetmek",,
üveymek,"Güvercin, kumru vb. kuşlar, göğüslerinden ötmek",,
üzengilemek,Koşturmak için hayvana üzengi ile vurmak,,
üzengilenmek,"Hayvan, üzengi ile vurulmak",,
üzmek,"Üzüntü vermek | Bir şeyi gerip çekerek gevşetmek, sürterek aşındırmak",,
üzülebilmek,Üzülme ihtimali bulunmak,,
üzülmek,"Üzme işine konu olmak | Üzüntü duymak; eseflenmek, yerinmek",,
üzülüvermek,Çabucak üzülmek,,üzülü'vermek
vadedilmek,Vadetme işi yapılmak,,
vadetmek,"Bir işi yerine getireceğine söz vermek | Davranışıyla, tutumuyla bir işi yapacağı duygusunu uyandırmak, umudunu vermek",Arapça vaʿd + Türkçe etmek,va:'detmek
vadolunmak,Bir iş yerine getirilmek üzere söz verilmek,Arapça vaʿd + Türkçe olunmak,va:'dolunmak
vahimleşmek,Vahim duruma gelmek,,
vahşileşmek,"Durdurulamamak, zapt edilememek",,
vahvahlanmak,"Acınmak, yakınmak",,
vahyolunmak,Vahiy gelmek,Arapça vaḥy + Türkçe olunmak,va'hyolunmak
vakfedilmek,Vakfetme işi yapılmak,,va'kfedilmek
vakfetmek,"Mal ve mülkünü satılmamak şartıyla bir hayır kurumuna veya işine bağışlamak | Adamak, bir şeyin bütününü bir işe vermek",Arapça vaḳf + Türkçe etmek,va'kfetmek
vaklamak,"""Vak"" diye ses çıkarmak",,
vakumlamak,"Bozulmaması için bazı yiyeceklerin paketinin havasını, boşluğunu almak | Bazı eşyaların fazla yer tutmaması için havasını, boşluğunu almak | Vakumla temizlik yapmak",,
vakumlanmak,Vakumlama işi yapılmak,,
vakvaklamak,"Ördek ""vak vak"" diye ses çıkararak bağırmak",,
vanklamak,Horultulu yüksek ses çıkarmak,,
varabilmek,Varma ihtimali veya imkânı bulunmak | Varmaya gücü yetmek,,
varagelmek,"Başlangıcından beri aynı biçimde sürmek, devam etmek",,vara'gelmek
varaklamak,Varak yapıştırarak süslemek,,
varaklanmak,Varaklama işine konu olmak,,
vardırabilmek,Vardırma ihtimali veya imkânı bulunmak,,
vardırmak,Varmasına yol açmak; götürmek,,
varılabilmek,Varılma ihtimali veya imkânı bulunmak,,
varılmak,Herhangi bir yere ulaşılmak,,
varmak,"Erişilmek istenen yere ayak basmak, ulaşmak; vasıl olmak | Belli bir duruma veya düzeye gelmek | Hoş olmayan bir sona ermek | Bir şeyi iyice anlamak veya duymak | Acımadan, çekinmeden yapmak | Kadın, evlenmek | Bir durumdan başka duruma geçmek",,
varsayabilmek,Varsayma ihtimali veya imkânı bulunmak,,va'rsayabilmek
varsayılmak,Bir şeyin var olduğu kabul edilmek; farz olunmak,,va'rsayılmak
varsaymak,"Bir olgunun sonuçlarından yararlanabilmek, bu sonuçlar üzerine düşünce üretebilmek için onu olmuş veya olacak saymak; farz etmek",,va'rsaymak
varsıllaşmak,Zengin duruma gelmek,,
varsıllaştırmak,Varsıllaşma işini yaptırmak,,
vatanlaştırmak,Vatan durumuna getirmek,,
vayvaylamak,Yaygara koparmak,,
vazedilmek,Ortaya konulmak,,va'zedilmek
vazelinlemek,Vazelin sürmek,,
vazgeçebilmek,Vazgeçme ihtimali veya imkânı bulunmak,Farsça vāz + Türkçe geçebilmek,va'zgeçebilmek
vazgeçilmek,"Vazgeçme işi yapılmak, feragat edilmek",,
vazgeçirebilmek,Vazgeçirme ihtimali veya imkânı bulunmak,Farsça vāz + Türkçe geçirebilmek,va'zgeçirebilmek
vazgeçirmek,Vazgeçme işini yaptırmak,,va'zgeçirmek
vazgeçmek,Kendi hakkı saydığı bir şeyi artık istemez olmak; vazgelmek | Eskiden beri yapmakta olduğu bir şeyi artık yapmaz olmak | Niyetten veya karardan dönmek,Farsça vāz + Türkçe geçmek,
vedalaşabilmek,Vedalaşma ihtimali veya imkânı bulunmak,,
vedalaşmak,Ayrılırken birbirine esenlik dilemek; esenleşmek,,
vehmettirmek,Vehmetme işini yaptırmak,,ve'hmettirmek
verdirmek,"Verme işini yaptırmak, vermesini sağlamak",,
verebilmek,Verme ihtimali veya imkânı bulunmak | Verme gücü bulunmak,,
vergilemek,Vergi koymak,,
vergilendirilmek,Vergilendirme işi yapılmak,,
vergilendirmek,Bir kimseyi veya bir şeyi vergiye bağlamak,,
verilebilmek,Verilme ihtimali veya imkânı bulunmak,,
verilmek,Verme işine konu olmak,,
verimsizleşmek,Verimsiz duruma gelmek,,
verimsizleştirmek,Verimsiz duruma getirmek,,
veriştirmek,"Çok fazla söylemek | İyice çıkışmak, ağzına geleni söylemek",,
verivermek,Çabucak vermek | Fazla emek harcamadan vermek,,veri'vermek
vermek,"Üzerinde, elinde veya yakınında olan bir şeyi birisine eriştirmek, iletmek; lütfetmek, lütfeylemek | Bırakmak veya bağışlamak | Ondan bilmek, atfetmek | Düşünce veya bilgi anlatan şeyleri başkalarına bildirmek | Döndürmek, çevirmek, yöneltmek | Bir şeyi satmak | Kızı, kadını biriyle evlendirmek | Bitki ortaya çıkarmak | Herhangi bir şey ortaya çıkarmak, oluşturmak | Bir hâli bir kimse veya yerde hâkim kılmak | Sahip olmasını sağlamak | Bir şey ayırmak | Bir şey harcamak | Bir yere dayamak | Bilgi edinmesi için göndermek | Cinsel yönden kendisini kullandırmak | Kök veya gövdeleri sonuna -ı (-i, -u, -ü) zarf-fiil eki almış fiillere gelerek tezlik bildiren birleşik fiiller oluşturur | Elindeki parayı kaptırmak; uçlanmak",,
verniklemek,Vernik sürmek,,
verniklenmek,"Vernikleme işi yapılmak, vernik sürülmek",,
vıcıklamak,"Sulu veya yumuşak şeyleri avuç içinde ezmek, vıcık duruma getirmek",,
vıcırdamak,"Serçe vb. ötmek | Böcek kıvıl kıvıl oynaşmak, hareket etmek",,
vıcırdaşmak,Hep birlikte vıcırdamak,,
vınlamak,"Dönerken veya düz bir doğrultuda hızla hareket ederken ""vın"" diye ses çıkarmak",,
vıraklamak,"Kurbağa, karga vb. vırak diye ses çıkarmak",,
vırıldamak,"Usandıracak, sinirlendirecek biçimde durmadan konuşmak; vırlamak",,
vırıldanmak,Kendi kendine sürekli konuşmak,,
vızıldamak,"""Vız"" diye ses çıkarmak; vızlamak | Hafif sesle ve bezdirici biçimde yakınmak, sızlanmak",,
vızıldanmak,"Yakınmak, sızlanmak",,
vidalamak,Vida ile tutturmak,,
vidalanmak,Vidalama işine konu olmak,,
viranlaşmak,Viran duruma gelmek,,
vitaminleştirmek,Vitamin durumuna getirmek,,
vitrinlemek,Vitrin durumuna getirmek,,
viyaklamak,"""Viyak"" diye ses çıkararak bağırmak, ağlamak",,
vurabilmek,Vurma ihtimali veya imkânı bulunmak | Vurmaya gücü yetmek,,
vurayazmak,Neredeyse vurmak,,vura'yazmak
vurdurabilmek,Vurdurma ihtimali veya imkânı bulunmak,,
vurdurmak,Vurma işini başkasına yaptırmak | Vurmasını sağlamak,,
vurdurtmak,Vurdurma işini yaptırmak,,
vurgulamak,"Vurgu ile söylemek | Bir yazı veya konuşmada sürekli olarak öne sürülen, önemle belirtilmek istenen düşünceye dikkati çekmek, belli bir noktayı altını çizerek belirtmek | Bir işe, olaya damgasını vurmak",,
vurgulanabilmek,Vurgulanma ihtimali veya imkânı bulunmak,,
vurgulanmak,Vurgulama işi yapılmak,,
vurgulatmak,Vurgulama işini yaptırmak,,
vurgulayabilmek,Vurgulama ihtimali veya imkânı bulunmak | Vurgulama becerisi bulunmak,,
vurmak,"Elini veya elinde tuttuğu bir şeyi bir yere veya bir kimseye hızla çarpmak; çakmak, geçirmek, inmek | Ses çıkarmak için bir şeyi başka bir şey üzerine hızlıca çarpmak | Etkisi bir yere kadar ulaşmak | Duyulmak, hissedilmek | Üzerinde görünmek, üzerine düşmek, yansımak, aksetmek | Olumsuz yönde etkilemek | Hızla değmek, çarpmak | Bir yere bir şey sürmek | Takmak, koymak, bağlamak | Bağlamak, ilişkilendirmek | Olduğundan başka biçimde görünmek | Batıcı veya kesici cisimleri saplamak, kakmak | Uygulamak, basmak, koymak | Ses çıkarmak, ses vermek, çalmak | Amaçladığı şeye rast getirmek | Silahla yaralamak, öldürmek | Dokunmak, hasta etmek | Soğuk, dolu vb. ürünlere zarar vermek | Kalp atmak, çarpmak | Piyango vb. çıkmak, isabet etmek | Desteklemek, dayamak | Koymak, yerleştirmek | Bir şeyi başka bir şey üzerine koymak | Tavla oyununda pulu kırmak | Manevi olarak yaralamak | İçki içmek | Kadeh tokuşturmak | Herhangi bir biçimde haksız yoldan para almak, soymak | Çarpma işlemini yapmak [matematik]",,
vurulabilmek,Vurulma ihtimali veya imkânı bulunmak,,
vurulmak,"Vurma işine konu olmak | Âşık olmak, gönlünü kaptırmak, sevdalanmak",,
vuruluvermek,Ansızın vurulmak,,vurulu'vermek
vurunmak,"Giyinmek, örtünmek",,
vuruşabilmek,Vuruşma ihtimali veya imkânı bulunmak | Vuruşmaya gücü yetmek | Vuruşma becerisi bulunmak,,
vuruşmak,Birbirini vurmak,,
vuruşturmak,Vuruşma işini yaptırmak,,
vuruvermek,Ansızın vurmak,,vuru'vermek
yabalamak,Yaba ile atmak veya savurmak,,
yabancılamak,"Yabancı gibi görmek, kendinden saymamak",,
yabancılaşabilmek,Yabancılaşma ihtimali veya imkânı bulunmak,,
yabancılaşmak,"Tanımaz, bilmez duruma gelmek, yabancı olmak; bigâne düşmek | Alışamamak, yadırgamak, yabancılık çekmek",,
yabancılaştırmak,Yabancı duruma getirmek,,
yabanileşmek,"Yabani duruma gelmek; yabanıllaşmak, vahşileşmek",,
yabanileştirmek,Yabani duruma getirmek; vahşileştirmek,,
yabansımak,"Yabansı bulmak, garip ve tuhaf bulmak",,
yadırgamak,"Kendine yabancı gelen bir kimseye, duruma veya şeye alışamamak, ısınamamak",,
yadırganmak,Yadırgama işi yapılmak,,
yadırgatmak,"Yadırgama işini yaptırmak, yadırgamasına yol açmak",,
yadsımak,"Yaptığı bir işi, söylediği sözü veya tanık olduğu bir şeyi yapmadığını, bilmediğini söylemek, yaptığını saklamak; inkâr etmek | İlgili, bağlı bulunduğu bir şeye yabancı kalmak | Var olan bir şeyi yok saymak; yokumsamak",,
yadsınmak,Yadsıma işi yapılmak,,
yadsıyabilmek,Yadsıma ihtimali veya imkânı bulunmak,,
yaftalamak,"Yafta asmak | Bir kişiyi, nesneyi veya kavramı eksik veya yanlış değerlendirip tanıtmak; etiketlemek | Duyurmak, ilan etmek",,
yaftalanmak,"Yafta asılmak veya yapıştırılmak | Tanınmak, nitelenmek, şöhret bulmak",,
yağabilmek,Yağma ihtimali veya imkânı bulunmak,,
yağdırabilmek,Yağdırma ihtimali veya imkânı bulunmak | Yağdırmaya gücü yetmek,,
yağdırılmak,Yağdırma işi yapılmak,,
yağdırmak,"Yağmasını sağlamak | Bir şeyi aralıksız ve ısrarlı bir biçimde yapmak | Vermek, söylemek | Bol miktarda vermek, sağlamak | Çok sayıda ortaya koymak, sürmek",,
yağılaşmak,"Düşman olarak karşı karşıya gelmek, savaşa tutuşmak",,
yağıvermek,Ansızın veya çabucak yağmak,,yağı'vermek
yağlamak,"Yağ sürmek | Sürtünen iki yüzey arasına, kaymayı kolaylaştırmak için yağlı bir madde sürmek [teknik] | Dalkavukça övmek, yağ çekmek",,
yağlanmak,"Yağlama işi yapılmak, yağ sürülmek, yağ konulmak | Yağ oluşmak | Yağdan kirlenmek | Yağ sürünmek",,
yağlatmak,Yağlama işini yaptırmak,,
yağlayabilmek,Yağlama ihtimali veya imkânı bulunmak | Yağlamaya gücü yetmek,,
yağmak,"Yağmur, kar, dolu gökten düşmek | Çok miktarda ve arka arkaya gelmek | Üst üste ve çok gelmek",,
yağmalamak,Yağma etmek; talanlamak,,
yağmalanmak,Yağma edilmek; talanlanmak,,
yağmalatmak,Yağmalama işini yaptırmak,,
yağmalayabilmek,Yağmalama ihtimali veya imkânı bulunmak | Yağmalayama gücü yetmek,,
yağmurlamak,"Hava yağmura çevirmek, yağmur yağacak gibi olmak | Yağmur biçiminde sulamak",,
yakabilmek,Yakma ihtimali veya imkânı bulunmak | Yakmaya gücü yetmek,,
yakalamak,"Bir kimseyi veya bir şeyi elle tutmak | Kaçan bir kimseyi veya hayvanı ele geçirmek; derdest etmek | Bir kimsenin gitmesini engellemek, durdurmak | Bir kimseyi hoşa gitmeyecek bir durumda bulmak, bir kimsenin suçu ortaya çıkmak; sobelemek | Söz, bakış veya işareti fark etmek | Birdenbire etkisi altına almak | Arayarak veya rastlantı sonucu bulup bağlantı kurmak | Avlamak, tuzakla ele geçirmek | Aynı düzeye gelmek",,
yakalanabilmek,Yakalanma ihtimali veya imkânı bulunmak,,
yakalanıvermek,Çok çabuk veya kısa sürede yakalanmak,,yakalanı'vermek
yakalanmak,"Yakalama işi yapılmak, ele geçirilmek; tutulmak | Birinin kendisini zor duruma düşürecek bir şeyi, bir suçu ortaya çıkmak | Bir hastalığa tutulmak | Karşılaşmak istenilmeyen birine veya kötü bir duruma tutulmak",,
yakalatabilmek,Yakalatma ihtimali veya imkânı bulunmak | Yakalatma gücü bulunmak,,
yakalatmak,Yakalanmasını sağlamak,,
yakalayabilmek,Yakalama ihtimali veya imkânı bulunmak | Yakalama gücü bulunmak,,
yakalayıvermek,Çabucak veya kısa sürede yakalamak,,yakalayı'vermek
yakamozlanmak,Denizde yakamozlar oluşmak,,
yakarabilmek,Yakarma ihtimali veya imkânı bulunmak,,
yakarmak,"Israrlı bir biçimde istemek; yalvarmak | Tanrı'ya içten yalvararak dua etmek, niyaz etmek",,
yakılabilmek,Yakılma ihtimali veya imkânı bulunmak,,
yakılmak,Yakma işi yapılmak,,
yakınabilmek,Yakınma ihtimali veya imkânı bulunmak,,
yakınlaşabilmek,Yakınlaşma ihtimali veya imkânı bulunmak,,
yakınlaşmak,"Yakın bir duruma gelmek; yaklaşmak, yakınlamak | Aralarındaki ilgi, sevgi daha güçlü bir duruma gelmek",,
yakınlaştırabilmek,Yakınlaştırma ihtimali veya imkânı bulunmak | Yakınlaştırmaya gücü yetmek,,
yakınlaştırmak,"Yakın bir duruma getirmek, yaklaştırmak | Aralarında sıkı ilgi veya duygusal bağ oluşturmak",,
yakınmak,"Kına, yakı vb.ni vücudun bir yerine sürmek, koymak",,
yakınmak,Sızlanarak anlatmak; sızlamak,,
yakınsamak,"Bir şeyin yakın zamanda olacağını düşünmek, olmasını yakın görmek",,
yakışabilmek,Yakışma ihtimali veya imkânı bulunmak,,
yakışmak,"Güzel durmak, iyi gitmek, yaraşmak, uygun gelmek | Uygun olmak, iyi karşılanmak, münasip olmak",,
yakıştırabilmek,Yakıştırma ihtimali veya imkânı bulunmak | Yakıştırma becerisi bulunmak,,
yakıştırılmak,Yakıştırma işine konu olmak,,
yakıştırmak,"Yakışacak bir duruma getirmek, uygun duruma koymak | Uygun ve yerinde görmek | Bir durum veya niteliği bir kimse için düşünmek; yormak",,
yakıvermek,Çabucak yakmak,,yakı'vermek
yaklaşabilmek,Yaklaşma ihtimali veya imkânı bulunmak | Yaklaşmaya gücü yetmek,,
yaklaşılabilmek,Yaklaşma ihtimali veya imkânı bulunmak,,
yaklaşılmak,Yaklaşma işi yapılmak,,
yaklaşıvermek,Çabucak veya kısa sürede yaklaşmak,,yaklaşı'vermek
yaklaşmak,"Aradaki mesafeyi azaltacak biçimde ilerlemek, aradaki uzaklığı azaltmak veya büsbütün ortadan kaldırmak için ileri gitmek | Aradaki süreyi azaltmak veya büsbütün ortadan kaldırmak; yakınlamak | Benzemek, andırmak, uygun olmak | Bir konuyu, bir sorunu ele alarak değerlendirmek",,
yaklaştırabilmek,Yaklaştırma ihtimali veya imkânı bulunmak | Yaklaştırmaya gücü yetmek,,
yaklaştırmak,Bir şeyi kendine yakın duruma getirmek | İki şeyi birbirine yakın duruma getirmek | Aralarında sıkı ilgi veya duygusal bağın oluşmasına sebep olmak,,
yakmak,"Yanmasını sağlamak veya yanmasına yol açmak, tutuşturmak | Ateşle yok etmek | Işık vermesini sağlamak | Isı etkisiyle zarar vermek | Keskin, sert ve ısırıcı bir duyum vermek | Yanıyormuş gibi bir etki yapmak; alazlamak | Kurutmak, zarar vermek | Çok sıcak olmak | Tedavi etmek amacıyla doku, damar vb. dağlamak [tıp] | Silahla vurmak | Yıkıma, zarara yol açmak, büyük bir zarara uğratmak, mahvetmek | Güçlü sevgi uyandırmak | Zamanında kullanılmadığından hükmünü yitirmek",,
yakmak,"Kına, yakı vb.ni koymak, sürmek",,
yakmak,"Türkü, ağıt vb. düzenlemek",,
yakmak,"Kına, yakı vb.ni koymak, sürmek",,
yaktırabilmek,Yaktırma ihtimali veya imkânı bulunmak | Yaktırmaya gücü yetmek,,
yaktırmak,Yakma işini yaptırmak,,
yalabımak,Şimşek çakmak,,
yalamak,"Bir şeyin üzerinden dilini sürüp geçirmek | Dilini gezdirerek bir şeyin üzerindekini almak | Sıyırarak, dokunarak geçmek | Dalgalar geminin içine girmeyip yalnız bordasını sıyırarak geçmek [denizcilik]",,
yalanlamak,"Haber veya sözün gerçek olmadığını bildirmek, yalan olduğunu açıklamak; tekzip etmek",,
yalanlanmak,Yalanlama işi yapılmak veya yalanlama işine konu olmak,,
yalanlatmak,Yalanlama işini yaptırmak,,
yalanlayabilmek,Yalanlama ihtimali veya imkânı bulunmak,,
yalanmak,Yalama işi yapılmak veya yalama işine konu olmak | Kendini yalamak,,
yalatabilmek,Yalatma ihtimali veya imkânı bulunmak | Yalatmaya gücü yetmek,,
yalatmak,Yalama işini yaptırmak,,
yalayabilmek,Yalama ihtimali veya imkânı bulunmak | Yalamaya gücü yetmek,,
yalazlamak,Bir şeyi alevden geçirmek,,
yalazlanmak,Ateş alevli bir biçimde yanmak,,
yalçınlaşmak,Yalçın duruma gelmek,,
yaldızlamak,"Bir eşyayı yaldızla kaplamak, yaldız sürerek süslemek | Işıltılı duruma getirmek | Gösterişli süslerle değersizliğini veya kötülüğünü gizlemek | Boynuz takmak",,
yaldızlanmak,Yaldızlama işi yapılmak veya yaldızlama işine konu olmak,,
yaldızlatmak,Yaldızlama işini yaptırmak,,
yalınlaşmak,"Sadeleşmek, yalın duruma gelmek",,
yalınlaştırmak,Yalınlaşma işini yaptırmak,,
yalıtabilmek,Yalıtma ihtimali veya imkânı bulunmak | Yalıtmaya gücü yetmek,,
yalıtılmak,Yalıtma işi yapılmak,,
yalıtmak,"Elektrik akımının olumsuz etkilerini önlemek için iletkeni kauçuk, lastik, porselen vb. ile kaplamak; izole etmek [fizik] | Elektrik ve ısı akımını engellemek; tecrit etmek, izole etmek",,
yalnızlaşabilmek,Yalnızlaşma ihtimali veya imkânı bulunmak,,
yalnızlaşmak,Yalnız duruma gelmek,,
yalpalamak,"Dengesi bozularak bir sağa, bir sola eğilmek | Kararsızlık içinde kalarak ne yapacağını bilmemek",,
yalpalanmak,"Sallanmak, bir o yana bir bu yana gidip gelmek",,
yalpalatmak,Yalpalamasına sebep olmak,,
yaltaklanmak,"Birine hoş görünmek için onursuzca davranmak; dalkavukluk etmek, tabasbus etmek",,
yalvarabilmek,Yalvarma ihtimali veya imkânı bulunmak | Yalvarma becerisi bulunmak,,
yalvarılmak,Yalvarma işi yapılmak,,
yalvarmak,"Birinden ısrarlı bir biçimde, kendine acındıracak sözlerle, saygılı bir biçimde bir şey istemek",,
yalvartmak,Yalvarma işini yaptırmak,,
yamak,Bir işte yardımcı olarak çalışan erkek; el ulağı | Yeniçeri Ocağında topçu ve humbaracı gibi askerî kuruluşlarda aday olarak bulunan kimse [tarih] | Birinin etkisinde kalarak onun sözünden çıkmayan kimse,,
yamalamak,"Yama ile onarmak, yama vurmak",,
yamalanmak,"Yama ile onarılmak, yama vurulmak; yamanmak",,
yamalmak,"Biçimini, rengini doğaya uydurarak saklanmak",,
yamamak,Yama koyarak onarmak | İstenmeyen şeyi birine mal etmek | İstenmeyen kimseyi birine zorla vermek,,
yamanabilmek,Yamanma ihtimali veya imkânı bulunmak,,
yamanmak,"Kötü bir şey veya kimse birinin üstünde kalmak, birine yük olmak, yükletilmek",,
yamatmak,Yamama işini yaptırmak,,
yamayabilmek,Yamama ihtimali veya imkânı bulunmak | Yamama becerisi bulunmak,,
yamrulmak,Yamru yumru bir duruma gelmek,,
yamulmak,Yamuk duruma gelmek,,
yanabilmek,Yanma ihtimali veya imkânı bulunmak,,
yanaşabilmek,Yanaşma ihtimali veya imkânı bulunmak | Yanaşmaya gücü yetmek,,
yanaşılmak,Yanaşma işi yapılmak,,
yanaşmak,"Bir şeyin, bir kimsenin yanına gelmek | Vapur, kayık vb. kıyıya varmak | Karışmak, ilgilenmek, istek göstermek | İlişki kurmak",,
yanaştırmak,Yanaşmasını sağlamak,,
yandırmak,Yanmasına sebep olmak,,
yanılabilmek,Yanılma ihtimali veya imkânı bulunmak,,
yanılmak,"Tanımayarak, niteliğini iyi anlamayarak aldanmak | Sonucunu düşünmeden veya bilmeden uygunsuz bir davranışta bulunmak",,
yanıltabilmek,Yanıltma ihtimali veya imkânı bulunmak | Yanıtlma becerisi bulunmak,,
yanıltmak,Yanılmasına yol açmak; şaşırtmak,,
yankılamak,"Sesi geri çevirmek, yankı durumunda geri döndürmek, inikâs etmek",,
yankılanabilmek,Yankılanma ihtimali veya imkânı bulunmak; aksedebilmek,,
yankılanmak,Sesin yansıtıcı bir yüzeye çarpıp geri dönmesiyle ikinci bir ses oluşmak; aksetmek,,
yankılatabilmek,Yankılatma ihtimali veya imkânı bulunmak; aksettirebilmek,,
yankılatılmak,Yankılatma işi yapılmak; aksettirilmek,,
yankılatmak,Yankılama işini yaptırmak; aksettirmek,,
yanlamak,"Yana yatmak, yana dönmek | Yanından geçmek | Çalışıp yorulmadan başka birisinden geçinmek",,
yanlışlamak,Yanlış olduğunu belirtmek veya ortaya koymak | Görüşleriyle var olan düşünceleri geçersiz kılmak [felsefe],,
yanlışlanmak,Yanlışlama işi yapılmak [felsefe],,
yanmak,"Birleşiminde karbon bulunan maddeler, ısı ve ışık yayarak kül durumuna geçip yok olmak | Ateş durumuna geçmek, tutuşmak; harıldamak | Isı, ışık veren bir konuma geçmek | Bütünü veya bir bölümü ateş veya sıcaklığın etkisi ile bozulmak, kömür durumuna geçmek | Isı etkisiyle vücudun bir yanı yara olmak, kızarmak veya rengi koyulaşmak | Vücut veya nesnelerin ısısı artmak | Parlamak, parıldamak | Birtakım etmenlerin etkisiyle işe yaramaz duruma gelmek | Yanık acısına benzer bir acı duymak | Çok istemek, çabalamak | Çok üzülmek | Çok sevmek, büyük bir aşk ile sevmek | Hükümsüz kalmak, değerini yitirmek | Zarara, kötülüğe uğramak | Çocuk oyunlarında oyun dışı kalmak | Bir bir sıralamak, dile getirmek, dert dökmek, anlatmak",,
yansılamak,"Birinin söylediklerini, yaptıklarını alay ederek tekrarlamak",,
yansılanmak,Yansılama işi yapılmak,,
yansılayabilmek,Yansılama ihtimali veya imkânı bulunmak,,
yansımak,"Işık ve ses dalgaları yansıtıcı bir yüzeye çarparak yön değiştirmek; yansılamak, aksetmek | Yer almak | Anlaşılmak, belli olmak",,
yansıtabilmek,Yansıtma ihtimali veya imkânı bulunmak; aksettirebilmek | Yansıtmaya gücü yetmek; aksettirebilmek,,
yansıtılmak,Yansıtma işi yapılmak; aksettirilmek,,
yansıtmak,"Yansıma yoluyla nesnelerin görüntülerini vermek | (parlak cisim, yüzey vb.) Üzerine düşen ışığı, sesi vb.ni geri çevirmek; aksettirmek | Dış görünüş, davranış vb. hakkında duygu ve düşünceleri belli etmek | Düşünce, olay vb.ni bir başka kişiye iletmek, aktarmak",,
yansıyabilmek,Yansıma ihtimali veya imkânı bulunmak; aksedebilmek,,
yansızlaştırmak,Yansız duruma getirmek,,
yanşamak,"Gevezelik etmek, tatsızlık etmek",,
yapabilmek,Yapma ihtimali veya imkânı bulunmak | Yapmaya gücü yetmek | Yapma becerisi bulunmak,,
yapadurmak,Yapmayı sürdürmek,,
yapaylaşmak,Yapay duruma gelmek,,
yapaylaştırmak,Yapay duruma getirmek,,
yapılabilmek,Yapılma ihtimali veya imkânı bulunmak,,
yapılagelmek,Uzun süreden beri yapılıyor olmak,,yapıla'gelmek
yapılanabilmek,Yapılanma ihtimali veya imkânı bulunmak,,
yapılandırabilmek,Yapılandırma ihtimali veya imkânı bulunmak | Yapılandırmaya gücü yetmek,,
yapılandırmak,Yapılı duruma getirmek,,
yapılanmak,Yapı özelliği kazanmak,,
yapılaşmak,Yapı durumuna gelmek,,
yapılaştırmak,Yapılaşma işini yaptırmak,,
yapılmak,"Yapma işine konu olmak | Gerçekleştirilmek, ortaya çıkarılmak; çıkmak",,
yapınmak,Kendine yapmak veya kendi için yaptırmak,,
yapısallaşmak,Yapısal duruma gelmek,,
yapışabilmek,Yapışma ihtimali veya imkânı bulunmak,,
yapışıvermek,Çabucak yapışmak | Yapışıp kalmak,,yapışı'vermek
yapışmak,"Yapışkan bir maddeye bulanmış olan bir şey ayrılmayacak bir biçimde bir yere tutunup kalmak | İyice yaklaşmak, sokulup değmek | Aralık bırakmayacak biçimde üzerine dokunmak | Bir iş yapmak amacıyla, hevesle bir şeyi eline almak | Sıkıca yakalamak, tutmak, sarılmak | Başı çekeni çok yakından izlemek [spor] | Birini rahatsız etmek, sataşmak, peşini bırakmamak, musallat olmak",,
yapıştırabilmek,Yapıştırma ihtimali veya imkânı bulunmak | Yapıştırmaya gücü yetmek,,
yapıştırılmak,Yapıştırma işi yapılmak,,
yapıştırıvermek,Çabucak yapıştırmak,,yapıştırı'vermek
yapıştırmak,"Yapışmasını sağlamak | Yaklaştırmak, birbirine dayamak | Birine tokat atmak | Hızlı bir biçimde yazmak | Gecikmeden karşılık vermek veya gerekeni yapmak",,
yapıştırtmak,Yapıştırma işini yaptırmak,,
yapıvermek,Çabucak veya kolaylıkla yapmak,,yapı'vermek
yapmak,"Ortaya koymak, gerçekleştirmek, oluşturmak, meydana getirmek | Olmasına yol açmak | Yol almak | Onarmak, tamir etmek | Bir şeyi başka bir şey durumuna getirmek | Bir dileği, bir isteği yerine getirmek; uygulamak, ifa etmek | Bir düşünceyi, bir davranışı, bir isteği işe dönüştürmek, gerçekleştirmek | Düzenli bir duruma getirmek | Bir harekete, işe başlamak veya bir hareketle, işle uğraşmak | Salgılamak, çıkarmak | Dışkı çıkarmak | Tehdit yoluyla birini herhangi bir duruma düşürmek | Bir durum yaratmak | Edinmek, sahip olmak | Bir kimseye bir meslek kazandırmak, birini yetiştirmek | Davranmak, hareket etmek",,
yapraklanmak,"Yaprakları çıkmak, yaprak oluşmak",,
yaptırabilmek,Yaptırma ihtimali veya imkânı bulunmak | Yaptırmaya gücü yetmek | Yaptırma becerisi bulunmak,,
yaptırılmak,Yaptırma işine konu olmak,,
yaptırmak,"Yapmasını sağlamak, yapmasına imkân vermek | Hazırlanmasını sağlamak",,
yaptırtabilmek,Yaptırtma ihtimali veya imkânı bulunmak | Yaptırtmaya gücü yetmek,,
yaptırtmak,"Yapmasını sağlamak, yapmasına sebep olmak",,
yarabilmek,Yarma ihtimali veya imkânı bulunmak | Yarmaya gücü yetmek,,
yaralamak,"Silah, bıçak vb. bir araçla veya vurarak yara açmak",,
yaralanabilmek,Yaralanma ihtimali veya imkânı bulunmak,,
yaralanmak,Yaralama işi yapılmak,,
yaralayabilmek,Yaralama ihtimali veya imkânı bulunmak | Yaralamaya gücü yetmek,,
yaramak,"Bir şey yararlı olmak, yarar sağlamak | Bir iş için uygun olmak, kullanılır olmak | Sağlık bakımından elverişli olmak | İşine gelmek",,
yaramamak,"gereksiz olmak, boşuna yapılmış olmak",,
yaramazlaşmak,"Çocuk söz dinlememek, rahat durmamak, yasak edilen şeyleri yapmakta ayak diremek; yaramaz olmak",,
yaranabilmek,Yaranma ihtimali veya imkânı bulunmak,,
yarandırmak,Yaranma işini yaptırmak,,
yaranmak,"Bir davranışla birini memnun etmek | İçten olmayan davranışlarla birini memnun etmeye, gözüne girmeye çalışmak",,
yararlanabilmek,Yararlanma ihtimali bulunmak; faydalanabilmek | Yararlanma becerisi bulunmak; faydalanabilmek,,
yararlandırılmak,Yararlanma işi yaptırılmak; faydalandırılmak,,
yararlandırmak,Yararlanma işini yaptırmak; faydalandırmak,,
yararlanılabilmek,Yararlanılma ihtimali veya imkânı bulunmak; faydalanılabilmek,,
yararlanılmak,Yararlanma işi yapılmak; faydalanılmak,,
yararlanmak,"Kendine yarar sağlamak; faydalanmak, istifade etmek, uçlanmak",,
yaraşmak,"Yakışmak, uymak | Yatkın olmak",,
yaraştırmak,Uygun görmek; tensip etmek,,
yaratabilmek,Yaratma ihtimali veya imkânı bulunmak | Yaratma becerisi bulunmak | Yaratma gücü bulunmak,,
yaratılabilmek,Yaratılma ihtimali veya imkânı bulunmak,,
yaratılmak,Yaratma işine konu olmak,,
yaratıvermek,Çabucak veya kısa sürede yaratmak,,yaratı'vermek
yaratmak,"Allah, olmayan bir şeyi var etmek [din bilimi] | Zekâ, düşünce ve hayal gücünden yararlanarak o zamana kadar görülmeyen yeni bir şey ortaya koymak, yapmak | Olmasına, ortaya çıkmasına yol açmak, sebep olmak",,
yarayabilmek,Yarama ihtimali veya imkânı bulunmak,,
yardımlaşabilmek,Yardımlaşma ihtimali veya imkânı bulunmak,,
yardımlaşmak,Karşılıklı yardımda bulunmak,,
yardırmak,Yarma işini yaptırmak | Bir işi hızlı ve acele biçimde yapmak | Gönül kıracak biçimde konuşmak,,
yargılamak,"Yargıç, bir karara varmak için davalı ile davacıyı dinleyerek sonuca varmak | Herhangi bir kimse, şey, konu vb.yle ilgili olumlu veya olumsuz görüş belirtmek",,
yargılanabilmek,Yargılanma ihtimali veya imkânı bulunmak,,
yargılanmak,Yargılama işi yapılmak,,
yargılatabilmek,Yargılatma ihtimali veya imkânı bulunmak | Yargılatma gücü bulunmak,,
yargılatmak,Yargılama işini yaptırmak,,
yargılayabilmek,Yargılama ihtimali veya imkânı bulunmak | Yargılama gücü bulunmak,,
yarılabilmek,Yarılma ihtimali veya imkânı bulunmak,,
yarılamak,Yarısını bitirmek | Ortasına varmak,,
yarılanmak,Yarısına varılmak,,
yarılıvermek,Ansızın yarılmak,,yarılı'vermek
yarılmak,Yarma işi yapılmak | Üzerinde yarık açılmak; patlamak,,
yarımlamak,"Bir işin yarısını yapmak, yarılamak",,
yarışabilmek,Yarışma ihtimali veya imkânı bulunmak | Yarışmaya gücü yetmek | Yarışma becerisi bulunmak,,
yarışmak,Üstünlük kazanmak amacıyla bir yarışmaya katılmak | Bir yarışmada başkalarından üstün olmak için çaba göstermek | Başkalarından üstün olmaya çalışmak; rekabet etmek,,
yarıştırabilmek,Yarıştırma ihtimali veya imkânı bulunmak | Yarıştırma gücü bulunmak,,
yarıştırmak,Yarışmalarını sağlamak,,
yarlıgamak,"Tanrı, birinin suçunu bağışlamak; mağfiret etmek [din bilimi]",,
yarmak,"Uzunlamasına bölüp ayırmak; dilmek | Buğday, arpa vb. tahıl tanelerini değirmende kırmak | Derin yara açmak | Yarık açmak | Tıbbi işlem için bir organı kesmek, meydana çıkarmak; açmak [tıp] | Ortasından, içinden geçmek",,
yarmalamak,Uzunlamasına ikiye bölmek,,
yasaklamak,"Bir şeyin yapılmamasını buyurmak veya istemek; yasak etmek, menetmek",,
yasaklandırılmak,Yasaklandırmak işi yapılmak,,
yasaklandırmak,Yasaklı duruma getirmek,,
yasaklanmak,"Yasak edilmek, yapılmaması buyrulmak veya istenmek, yapılması engellenmek, önlenmek; menedilmek, alıkonulmak, menolunmak",,
yasaklatmak,Yasaklama işini yaptırmak,,
yasaklayabilmek,Yasaklama ihtimali veya imkânı bulunmak | Yasaklamaya gücü yetmek,,
yasalaşmak,"Yasama meclisleri tarafından onaylanarak yürürlüğe girmek, yasa durumuna gelmek; kanunlaşmak",,
yasalaştırabilmek,Yasalaştırma ihtimali veya imkânı bulunmak | Yasalaştırmaya gücü yetmek,,
yasalaştırılmak,Yasa durumuna getirilmek; kanunlaştırılmak,,
yasalaştırmak,"Yasa durumuna getirmek, yasaya bağlamak; kanunlaştırmak",,
yasallaşmak,Yasal duruma gelmek,,
yasallaştırabilmek,Yasallaştırma ihtimali veya imkânı bulunmak | Yasallaştırmaya gücü yetmek,,
yasallaştırmak,Yasal duruma getirmek,,
yasamak,Düzen vermek | Yasa koymak,,
yaslamak,"Bir şeyi bir yere dokunur duruma getirmek ve bu durumda bırakmak veya tutmak; dayamak, yastamak | Bir şeye dayandırmak",,
yaslanabilmek,Yaslanma ihtimali veya imkânı bulunmak | Yaslanmaya gücü yetmek,,
yaslandırmak,Yaslanma işini yaptırmak,,
yaslanmak,"Vücudunu, bedenini, sırtını bir yere dayamak, dayanmak",,
yaslanmak,"Yasa bürünmek, yas içinde olmak",,
yaslayabilmek,Yaslama ihtimali veya imkânı bulunmak | Yaslamaya gücü yetmek,,
yasmak,Yayın kirişini gevşetmek | Düz duruma getirmek,,
yassılamak,Yassı duruma getirmek,,
yassılaşmak,"Yassı duruma gelmek; yassılanmak, yassılmak",,
yassılaştırmak,Yassı duruma getirmek; yassıltmak,,
yassılatmak,Yassılama işini yaptırmak,,
yastıklamak,"Otururken dayanmak için arkasına yastık koymak | Sürülen tarlanın iki başına ters yönde birkaç çizgi çekmek | Kömürü ocakta yastık durumuna getirmek, yığmak",,
yaşamak,"Canlılığını, hayatını sürdürmek | Sağ olmak; durmak | Varlığını sürdürmek | Bir yerde oturmak; kalmak | Geçimini sağlamak | Herhangi bir durumda bulunmak veya olmak | Görüp geçirmek, başından geçmek | Sürmek, devam etmek | Varlıklı, endişesiz, sıkıntısız, hoş vakit geçirmek, keyif sürmek | Keyfi yerine gelmek, mutlu olmak, işleri yolunda olmak | Bir durumu yaşar gibi olmak, bir durumla özdeşleşmek, duymak, hissetmek",,
yaşanabilmek,Yaşanma ihtimali veya imkânı bulunmak,,
yaşanılabilmek,Yaşanılma ihtimali veya imkânı bulunmak,,
yaşanılmak,Herhangi bir kimse yaşamak,,
yaşanmak,Yaşama işi yapılmak,,
yaşanmazlaştırmak,Bir yeri yaşanmaz duruma getirmek,,
yaşarmak,"Islanmak, nemlenmek",,
yaşartmak,Yaşarmasına sebep olmak,,
yaşatabilmek,Yaşatma ihtimali veya imkânı bulunmak | Yaşatmaya gücü yetmek | Yaşatma becerisi bulunmak,,
yaşatmak,"Yaşamasını sağlamak veya yaşamasına imkân vermek | Daha iyi ve zengin bir hayat sürmesini sağlamak | Keyiflendirmek, mutlu etmek | Sürdürmek, devam ettirmek",,
yaşatmamak,herhangi bir yerde barınmasına imkân vermemek,,
yaşattırmak,Yaşatma işini yaptırmak,,
yaşayabilmek,Yaşama ihtimali veya imkânı bulunmak | Yaşamaya gücü yetmek,,
yaşlanabilmek,Yaşlanma ihtimali veya imkânı bulunmak,,
yaşlandırmak,Yaşlanma işini yaptırmak; eskitmek,,
yaşlanıvermek,Ansızın veya çabucak yaşlanmak,,yaşlanı'vermek
yaşlanmak,"Yaşı ilerlemek; eskimek, farımak, ihtiyarlamak, kağşamak, karımak, kocamak, kocalmak, moruklamak, moruklaşmak",,
yaşmak,"Başla birlikte yüzün veya ağzın bir kısmını kapatan örtü | Kadınların ferace ile birlikte kullandıkları, gözleri açıkta bırakan, ince yüz örtüsü",,
yaşmaklamak,Yaşmakla yüzünü örtmek,,
yaşmaklanmak,Yaşmakla örtünmek,,
yatabilmek,Yatma ihtimali veya imkânı bulunmak | Yatmaya gücü yetmek,,
yatılmak,Yatma işi yapılmak,,
yatırabilmek,Yatırma ihtimali veya imkânı bulunmak | Yatırmaya gücü yetmek,,
yatırılmak,Yatırma işi yapılmak,,
yatırmak,"Bir kimsenin bir yere yatmasını sağlamak | Geceyi geçirmesini sağlamak | Eğmek, yatık duruma getirmek | Konuk etmek | Parayı, işletmek amacıyla bir yere vermek | Parayı ödemek amacıyla bir kuruluşa vermek, teslim etmek | Bir yiyeceği korumak veya tatlandırmak amacıyla tuz, soğan, yağ vb.nde bir süre bekletmek | Bir şeyi düzeltmek, bastırmak, yassıltmak | Bir şeyi satın almak için para harcamak | Başarısızlığa uğramasına yol açmak",,
yatırtmak,Yatırma işini yaptırmak,,
yatışmak,"Hızı, etkisi azalmak, aşırılığı geçmek | Ayaklanma, kargaşa durulmak | Yan yana, kucak kucağa yatmak",,
yatıştırabilmek,Yatıştırma ihtimali veya imkânı bulunmak | Yatıştırma becerisi bulunmak,,
yatıştırmak,"Bir kargaşayı, ayaklanmayı bastırmak | Yumuşatmak, razı etmek",,
yatıvermek,Ansızın yatmak,,yatı'vermek
yatkınlaşmak,Yatkın duruma gelmek,,
yatmak,"Bir yere veya bir şeyin üzerine boylu boyunca uzanmak | Uyumak veya dinlenmek için yatağa girmek | Yatay veya yataya yakın bir duruma gelmek, eğilmek | Geceyi geçirmek üzere bir yerde kalmak | Boş yere beklemek | İşlemez, çalışmaz durumda kalmak | Bir özellik kazanmak için bir şeyin içinde beklemek | Belli bir süreyi cezaevinde geçirmek | Ölü gömülmüş olmak | Düz bir duruma gelmek, düzleşmek | Cinsel ilişkide bulunmak | Bir düşünceyi veya bir öneriyi benimsemek, razı olmak | Heves etmek, eğimli olmak, eğilmek | Bulunmak, var olmak | Olumsuz veya başarısız bir sonuç almak | İşsiz kalmak, çalışmamak | Bilerek yenilmek, şike yapmak",,
yavanlaşmak,Yavan duruma gelmek,,
yavanlaştırmak,Yavan duruma getirmek,,
yavaşlamak,"Yavaş gitmeye başlamak, hızını azaltmak, yavaş olmak; ağırlaşmak, ahesteleşmek, hafifleşmek | Ses alçalmak",,
yavaşlatabilmek,Yavaşlatma ihtimali veya imkânı bulunmak | Yavaşlatma becerisi bulunmak,,
yavaşlatılmak,Yavaşlatma işi yapılmak,,
yavaşlatmak,"Yavaşlamasını sağlamak, yavaşlamasına yol açmak, hızını kesmek",,
yavaşlayabilmek,Yavaşlama ihtimali veya imkânı bulunmak | Yavaşlama becerisi bulunmak,,
yavrulamak,"Hayvan, doğurmak",,
yavrulatmak,Yavrulama işini yaptırmak,,
yavuzlanmak,"Yavuz gibi olmak, yavuz durumuna gelmek",,
yavuzlaşmak,Yavuz duruma gelmek,,
yayabilmek,Yayma ihtimali veya imkânı bulunmak | Yayma gücü bulunmak,,
yayalaştırmak,Yolu araç trafiğine kapatıp sadece yayaların kullanımına açmak,,
yaydırmak,"Yayma işini yaptırmak, yayılmasını sağlamak",,
yaygınlaşabilmek,Yaygınlaşma ihtimali veya imkânı bulunmak,,
yaygınlaşmak,"Yaygın duruma gelmek, yayılmak",,
yaygınlaştırabilmek,Yaygınlaştırma ihtimali veya imkânı bulunmak | Yaygınlaştırmaya gücü yetmek,,
yaygınlaştırmak,Yaygın duruma getirmek,,
yayıklamak,Yayıkta dövmek,,
yayılabilmek,Yayılma ihtimali veya imkânı bulunmak | Yayılma gücü bulunmak,,
yayılıvermek,Çabucak yayılmak,,yayılı'vermek
yayılmak,"Yayma işine konu olmak veya yayma işi yapılmak | Hastalık, pek çok kimseye geçmek veya bulaşmak | Genelleşmek, yaygınlaşmak | Herkes tarafından duyulmak | Genişlemek, büyümek | Rahat bir biçimde, sere serpe oturmak; serpilmek | Kaynağından çıkan ışık, doğru çizgiler hâlinde türlü yönlere dağılmak [fizik] | Ayrıntıya girmek, açılmak",,
yayımlamak,"Kitap, gazete, dergi vb. şeyleri basmak ve dağıtmak; çıkarmak, neşretmek | Dinlenilecek, görülecek şeyleri radyo ve televizyonla sunmak, bildirmek, duyurmak | Bir yazıya, habere, resme gazetede yer vermek | Resmen bildirmek, açıklamak, ilan etmek",,
yayımlanmak,"Yayımlama işi yapılmak; neşredilmek, neşrolunmak",,
yayımlatabilmek,Yayımlatma ihtimali veya imkânı bulunmak | Yayımlatma gücü bulunmak,,
yayımlatmak,"Yayımlanmasına sebep olmak, yayımlanmasına imkân sağlamak",,
yayımlayabilmek,Yayımlama ihtimali veya imkânı bulunmak | Yayımlama gücü bulunmak,,
yaylamak,"Yazın yaylada oturmak, yaylaya çıkmak",,
yaylandırmak,Yaylar aracılığıyla hareketliliğini sağlamak | Altında yay varmış gibi esnetmek,,
yaylanmak,Yaylar üzerinde hareket etmek | Bacakları dizden esneterek yay üzerindeymiş gibi sallanmak | Çekilip gitmek,,
yaymak,"Bir şeyi açarak, düzelterek bir alanı örtecek biçimde sermek; yazmak (III) | Çevreye dağılmasına sebep olmak; vermek | Birçok kimseye duyurmak | Sınırı genişletmek | Koyun, inek vb.ni otlatmak | Dağınık ve düzensiz bir biçimde saçmak, dağıtmak | (kaynak) ışık, ses vb.ni kendinden dışarıya doğru çeşitli yönlere göndermek; vermek",,
yaymak,Yayığı sütün yağını ayırmak için çalkalamak,,
yayvanlaşmak,Yayvan duruma gelmek,,
yazabilmek,Yazma ihtimali veya imkânı bulunmak | Yazma becerisi bulunmak | Yazma gücü bulunmak,,
yazadurmak,Yazmaya devam etmek,,
yazdırabilmek,Yazdırma ihtimali veya imkânı bulunmak | Yazdırmaya gücü yetmek,,
yazdırmak,Yazma işini yaptırmak,,
yazdırtmak,Yazdırma işini yaptırmak,,
yazıklanmak,"Çok üzülmek, acınmak; teessüf etmek",,
yazılabilmek,Yazılma ihtimali veya imkânı bulunmak,,
yazılagelmek,Eskiden beri yazılır olmak,,yazıla'gelmek
yazılmak,Yazma işi yapılmak | Bir yere kaydını yaptırmak; kaydolmak,,
yazışabilmek,Yazışma ihtimali veya imkânı bulunmak | Yazışma becerisi bulunmak,,
yazışmak,"Yazılı olarak haberleşmek, birbirine yazmak",,
yazıvermek,Çabucak veya kısa sürede yazmak,,yazı'vermek
yazlamak,Yazı bir yerde geçirmek | Bahar gelmek,,
yazmak,"Söz ve düşünceyi özel işaret veya harflerle anlatmak | Yazı ile anlatmak, yazıya dökmek | Yazar olarak görev yapmak | Yazı ile bildirmek, haber vermek | Bir bilim veya edebiyat eseri oluşturmak | Sayaç vb. sayılarla niceliği belirtmek | Bir göreve almak | İnsanın geleceğini belirlemek | Gelinin yüzünü süslemek",,
yazmak,Kök veya gövdelerinin sonuna -a (-e) zarf-fiil eki almış fiillere gelerek yaklaşma bildiren birleşik fiiller oluşturur,,
yazmak,Yufka durumuna getirmek,,
yedeklemek,"Bir şeyin yedeğini sağlamak | Yedekte çekmek, yedeğe almak",,
yedekleşmek,Karşılıklı olarak yedeklik etmek,,
yedilmek,Yedeğe alınarak götürülmek,,
yedirebilmek,Yedirme ihtimali veya imkânı bulunmak | Yedirme becerisi bulunmak,,
yedirilmek,Yedirme işi yapılmak,,
yedirmek,"Yemesini sağlamak | Ağzına yiyecek vermek, karnını doyurmak; beslemek | Bir şeyi azar azar başka bir şeyin içine karıştırarak belli olmayacak duruma getirmek | Bir fazlalığı göze çarpmayacak, dikkat çekmeyecek şekilde kullanmak | Nefis, namus, şan, kibir vb. kavramlarla kullanıldığında yakıştırmak, yaraştırmak | Bir kimseye rüşvet vermek",,
yedirtmek,Yedirme işini yaptırmak,,
yedmek,"Çekerek peşinden götürmek, yedeğinde götürmek | Yanında, beraberinde götürmek",,
yeğinleşmek,Şiddetli duruma gelmek | Üstün duruma gelmek,,
yeğlemek,"Bir şeyi öbürüne göre daha iyi, üstün veya önemli saymak; yeğ tutmak, tercih etmek",,
yeğlenmek,Yeğ tutulmak,,
yeğleyebilmek,Yeğleme ihtimali veya imkânı bulunmak,,
yekinmek,"Davranmak, olduğu yerden fırlamak, ayağa kalkmak, kalkmak için hareket etmek, kımıldamak | Gereğinden fazla gayret sarf etmek",,
yeldirmek,"Aceleyle koşturmak, koşuşturmak",,
yeleklemek,Okun kuyruğuna tüy takmak,,
yeleklenmek,"Kanatlanmak, kanat açmak",,
yelelenmek,Saç hafif hafif dalgalanmak,,
yelkenlemek,"Yelken açıp yola çıkmak | Kaçıp gitmek | İnsan, akli dengesini az veya çok yitirmek",,
yellemek,"Körük, yelpaze veya başka bir araçla hava akımı, rüzgâr yapmak",,
yellendirmek,Yellenme işini yaptırmak,,
yellenmek,"Körük, yelpaze vb. araçların yaptığı yelin etkisinde kalmak | Kalın bağırsaktaki gazı çıkarmak; osurmak",,
yelmek,"Aceleyle, telaşlı bir biçimde koşmak",,
yelpazelemek,Yelpaze veya bir başka nesne ile yel yapmak,,
yelpazelenmek,Kendini yelpaze ile serinletmek,,
yelpirdemek,"Kımıldamak, hafif sallanmak",,
yelpirdetmek,"Hafifçe sallamak, kımıldatmak",,
yelsemek,"Hava alarak bozulmak, bayatlamak",,
yeltenmek,"Yapamayacağı bir işe girişmek, özenmek, heves etmek, meyletmek",,
yemek,"Yemek yeme, karın doyurma işi | Yenmek için pişirilip hazırlanmış yiyecek; aş, taam, ekmek (I), lokma, manca | Günün belli saatlerinde yenilen besin | Konuklara yiyecek verilerek yapılan ağırlama",,
yemek,"Ağızda çiğneyerek yutmak | Hoşa gitmeyen kötü bir duruma uğramak, tutulmak | Hakkı olmayan ve kendisine yasak edilmiş bulunan bir şeyi kabul etmek | Harcayıp bitirmek | Yasal yoldan cezalandırılmak | Birine alacağını vermemek, ödememek | Başkasının parasını harcamak | Sürekli üzmek, tedirgin etmek | Gücünü kırmak, perişan etmek, mahvetmek",,
yemişlenmek,Ağaçlar meyve vermek,,
yemlemek,"Hayvana yem vermek, beslemek | Yem takmak | Bir kimseyi kandıracak biçimde davranmak | Toplara ağızotu koymak",,
yemlenmek,Yemleme işi yapılmak | Para harcamadan bir başkasından geçinmek,,
yendirmek,Yenme işini yaptırmak,,
yenebilmek,Yenme ihtimali veya imkânı bulunmak,,
yenilemek,"Eskiyen bir şeyin yerine yenisini koymak, yenisini almak | Bakım yaparak yeni duruma getirmek | Bir işi bir kez daha yapmak, tekrarlamak",,
yenilenebilmek,Yenilenme ihtimali veya imkânı bulunmak,,
yenilenmek,"Eskiyen bir şeyin yerine yenisi konulmak, yenisi alınmak | Bakım yapılarak yeni duruma getirilmek",,
yenileşmek,"Yeni bir durum almak, yenilik kazanmak, yeniliğe uymak",,
yenileştirmek,Yenileşmesini sağlamak,,
yeniletebilmek,Yeniletme ihtimali veya imkânı bulunmak | Yeniletmeye gücü yetmek,,
yeniletmek,Yenileme işini yaptırmak,,
yenileyebilmek,Yenileme ihtimali veya imkânı bulunmak | Yenilemeye gücü yetmek,,
yenilmek,Yeme işi yapılmak veya yeme işine konu olmak,,
yenilmek,"Savaş veya yarışmada karşısındakinden aşağı durumda kalmak; kaybetmek, mağlup olmak, alt olmak, sırtı yere gelmek",,
yenişebilmek,Yenişme ihtimali veya imkânı bulunmak | Yenişmeye gücü yetmek,,
yenişmek,Birbirini yenmeye çalışmak,,
yenmek,"Savaş veya yarışmada üstünlük sağlamak, üstün gelmek; utmak (I)",,
yenmek,Yemek işine konu olmak,,
yerelleşmek,"Yerel bir özellik kazanmak; yöreselleşmek, mahallîleşmek",,
yerelleştirmek,Yerel duruma getirmek; yöreselleştirmek,,
yerilmek,Yerme işine konu olmak,,
yerindirmek,Yerinme işini yaptırmak,,
yerinmek,Pişman olmak,,
yerleşebilmek,Yerleşme ihtimali veya imkânı bulunmak | Yerleşmeye gücü yetmek,,
yerleşilmek,Yerleşme işine konu olmak veya yerleşme işi yapılmak,,
yerleşmek,"Yerine iyice oturmak, yerinde sabit olmak | Yer bulup oturmak | Çalışmak üzere bir iş yerine başlamak | Bir yerde oturmaya, yaşamaya başlamak | Eşyayı yerli yerine koymak | Rahat bir biçimde oturmak | Yaygın duruma gelmek, tutunmak | Alışılmak, kullanılır olmak | Sınav sonucuna göre herhangi bir eğitim kurumunda okumaya hak kazanmak, okumaya başlamak",,
yerleştirebilmek,Yerleştirme ihtimali veya imkânı bulunmak | Yerleştirmeyi becermek,,
yerleştirilebilmek,Yerleştirme ihtimali veya imkânı bulunmak,,
yerleştirilmek,Yerleştirme işine konu olmak; vazedilmek,,
yerleştirmek,"Yerleşmesini sağlamak | Yerine koymak | Önceden belirlenen bir noktaya yerleştirmek; konumlamak, konumlandırmak | Tokat atmak veya şamar vurmak | Söz veya cevabı tam sırasında söylemek",,
yerlileşmek,"Yerli duruma getirmek | Bir yerde, bir ülkede çok uzun süre kalmış olmak",,
yerlileştirmek,Yerlileşme işini yaptırmak,,
yermek,"Kötülüklerini söylemek; zemmetmek | Birinin veya bir şeyin kusurlarını ortaya koymak, övmek karşıtı | Beğenmemek, hoşlanmamak, tiksinmek",,
yersizleşmek,Yersiz yurtsuz kalmak,,
yestehlemek,Büyük abdest yapmak,,
yeşerebilmek,Yeşerme ihtimali veya imkânı bulunmak,,
yeşermek,"Bitki yaprak vermek; gövermek | Yeşil renk almak; yeşillenmek | Canlanmak, yeniden ortaya çıkmak",,
yeşertebilmek,Yeşertme ihtimali veya imkânı bulunmak,,
yeşertmek,Yeşermesini sağlamak,,
yeşillendirmek,Yeşillenme işini yaptırmak,,
yeşillenmek,"Yeşil duruma gelmek, yeşil olmak; zümrütlenmek | Birine karşı duyduğu cinsel isteği kendisine sezdirmek | Başkasının malında gözü olmak, elde etmeye çalışmak | Zevk almak, ferahlık duymak",,
yetebilmek,Yetme ihtimali veya imkânı bulunmak,,
yetersizleşmek,"Yetersiz olmak, yetersiz duruma gelmek",,
yetinebilmek,Yetinme ihtimali veya imkânı bulunmak | Yetinme becerisi bulunmak,,
yetinilmek,Yetinme işi yapılmak,,
yetinmek,"Edindiği bir şeyi kendisi için yeter bularak daha çoğuna gerek görmemek, daha çoğunu istememek; kanıklanmak, kanaat etmek, iktifa etmek | Yaptığı bir şeyi kendisi için yeter bularak daha çoğunu yapmaya gerek görmemek; kanmak",,
yetirebilmek,Yetirme ihtimali veya imkânı bulunmak | Yetirme becerisi bulunmak,,
yetirmek,"Bitirmek, tamamlamak | Yetiştirmek, idare etmek",,
yetişebilmek,Yetişme ihtimali veya imkânı bulunmak | Yetişmeye gücü yetmek,,
yetişilmek,Yetişme işi yapılmak,,
yetişmek,"Ulaşmak, ermek, varmak, vasıl olmak | Vaktinde tamam olmak, bitmek, hazırlanmak, hazır olmak | Vaktinde varmak, vaktinde bulunmak | Bir işe başlamış olanlara veya gidenlere sonradan katılmak | Değmek, uzanıp dokunabilmek | Vakit bulmak, yapabilmek | Yetmek, yeter olmak, kâfi gelmek | Bir zamanda yaşamış olmak, bir zamanı veya kimseyi görmüş olmak | Gelişip büyümek | Eğitim görmüş olmak, öğrenmek, gelişmek | İş görebilecek yaşa gelmek, büyümek | Yardım etmek, yardımına koşmak | Ortaya çıkmak",,
yetiştirebilmek,Yetiştirme ihtimali veya imkânı bulunmak | Yetiştirmeye gücü yetmek,,
yetiştirilebilmek,Yetiştirme ihtimali veya imkânı bulunmak,,
yetiştirilmek,Yetiştirme işi yapılmak | Bir konuda eğitilmek | Tamamlanıp vaktinde hazır duruma getirilmek | Söylenmemesi gereken bir şey başkasına duyurulmak,,
yetiştirmek,"Birini, bir şeyi gitmekte veya gitmek üzere olan bir kimse veya şeye ulaştırmak, ulaşmasını sağlamak | Vaktinde hazır olmasını sağlamak, tamamlamak, bitirmek | Birini gerekli bir iş için tam zamanında bir yere götürmek | Geliştirip büyütmek | İletmek, duyurmak | Sağlayıp vermek | Yetmesini sağlamak | Aceleyle ulaştırmak | Söylenmemesi gereken bir şeyi birine hemen söylemek | Gelişip büyümesini sağlamak, büyümesine özen göstermek; beslemek, büyütmek | Eğitim, öğrenim sağlamak",,
yetkilendirmek,Birini yetkili kılmak,,
yetkinleşmek,Yetkin bir duruma gelmek,,
yetkinleştirmek,Yetkinleşme işini yaptırmak,,
yetmek,"Bir gereksinimi karşılayacak, giderecek nicelikte olmak | Yeterli sebep olmak | Kötü bir davranış, durum, tutum yeterli olmak, kâfi gelmek | Başkasına gereksinim duymamak, kendine yeter olmak | Bir yaşa erişmek, ulaşmak",,
yetmezlenmek,Yeterli bulmamak,,
yığabilmek,Yığma ihtimali veya imkânı bulunmak | Yığmaya gücü yetmek,,
yığdırmak,Yığma işini yaptırmak,,
yığılışmak,Bir yerde birikmek; toplanmak,,
yığılıvermek,Ansızın yığılmak,,yığılı'vermek
yığılmak,"Yığma işine konu olmak veya yığma işi yapılmak | Çok sayıda birikmek, toplanmak | Düşmek, yıkılmak, kendini tutamayıp çökmek",,
yığışmak,"Bir araya gelip toplanmak, birikmek",,
yığıvermek,Çabucak veya ansızın yığmak,,yığı'vermek
yığmak,"Bir tepe oluşturacak biçimde üst üste koymak | Toplamak, bir araya getirmek",,
yıkabilmek,Yıkma ihtimali veya imkânı bulunmak | Yıkmaya gücü yetmek,,
yıkamak,"Su veya başka bir sıvı kullanarak bir şeyi temizlemek; yumak (II) | Çözünmeyen bir çökeltiden ayrılması istenen suda çözünür maddeleri, yıkama yoluyla temizlemek [kimya]",,
yıkanabilmek,Yıkanma ihtimali veya imkânı bulunmak | Yıkanma becerisi bulunmak,,
yıkanıvermek,Çabucak veya kısa sürede yıkanmak,,yıkanı'vermek
yıkanmak,"Yıkama işi yapılmak veya yıkama işine konu olmak; yunmak | Kendi vücudunu yıkamak, banyo yapmak; çimmek",,
yıkatmak,Yıkama işini yaptırmak,,
yıkattırmak,Yıkatma işini yaptırmak,,
yıkayabilmek,Yıkama ihtimali veya imkânı bulunmak | Yıkama becerisi bulunmak,,
yıkayıvermek,Çabucak yıkamak,,yıkayı'vermek
yıkılabilmek,Yıkılma ihtimali veya imkânı bulunmak,,
yıkılıvermek,Ansızın veya çabucak yıkılmak,,yıkılı'vermek
yıkılmak,"Yıkma işi yapılmak veya yıkma işine konu olmak | Herhangi bir sebeple çökmek, göçmek; inmek | Devrilmek, yığılmak | İstenmeyen biri çekilip gitmek, defolmak | Yok olmak, mahvolmak | Birine karşı yenilmek | Çökecek gibi olmak",,
yıkıvermek,Çabucak yıkmak,,yıkı'vermek
yıkmak,"Kurulu bir şeyi parçalayarak dağıtmak, bozmak; tahrip etmek | Ortadan kaldırmak, varlığına son vermek | İnsan, hayvan veya ağaç devirmek | Bir yana eğmek | Yük indirmek | Herhangi bir suç, iş vb.ni birine yüklemek | Yıkımına yol açmak, mahvına sebep olmak",,
yıktırabilmek,Yıktırma ihtimali veya imkânı bulunmak | Yıktırmaya gücü yetmek,,
yıktırılmak,Yıkma işi yaptırılmak,,
yıktırmak,Yıkma işini yaptırmak,,
yıldırabilmek,Yıldırma ihtimali veya imkânı bulunmak | Yıldırma becerisi bulunmak,,
yıldırılmak,Yıldırma işine konu olmak,,
yıldırmak,Gözdağı vermek,,
yıldızlamak,Rüzgâr kuzeyden esmeye başlamak | Bulutlar sıyrılıp yıldızlar görünür olmak,,
yıldızlaşmak,"Bir işte, bir meslekte üstün başarı göstermek, yıldız durumuna gelmek",,
yılışmak,Yapmacık davranışlarla hoş görünmeye çalışmak,,
yıllamak,Bir yerde uzun süre kalmak,,
yıllandırmak,Yıllanma işini yaptırmak,,
yıllanmak,Üzerinden bir veya daha çok yıl geçmek | Bir yılını doldurmak,,
yıllatmak,Üzerinden çok zaman geçirmek,,
yılmak,"Bir işten gözü korkup vazgeçmek | Bıkmak, usanmak",,
yıpramak,"Aşınıp eskimek, incelmek | Kaybolmaya başlamak",,
yıpranmak,Zamanla veya çok kullanılma sonucu aşınmak | Makine veya makine parçaları aşınıp bozulmak; eskimek | Saygınlığı azalmak | Çeşitli etkenlerle eski gücü kalmamak,,
yıpratabilmek,Yıpratma ihtimali veya imkânı bulunmak | Yıpratma becerisi bulunmak,,
yıpratılmak,Yıpratma işi yapılmak,,
yıpratmak,Yıpranmış duruma getirmek | Türlü etkenler eski gücünü yok etmek,,
yırtabilmek,Yırtma ihtimali veya imkânı bulunmak | Yırtmaya gücü yetmek,,
yırtılmak,"Yırtma işi yapılmak veya yırtma işine konu olmak | Çekinmesi, sıkılması kalmamak",,
yırtınmak,Parçalanırcasına bağırmak | Bir konuda kendini yoracak kadar çok uğraşmak,,
yırtmak,"Kâğıt, kumaş gibi bükülüp katlanan şeyleri parçalamak | Vücudu kanatacak kadar derin çizmek | Yok etmek, bastırmak | Sağrısını mahmuzla yaralayarak binek hayvanını alıştırmak | Bir şeyi fazlasıyla zorlamak | Bir işi yapmaktan kurtulmak | Kötü bir durumdan kurtulmak | Köşeyi dönmek",,
yırttırmak,Yırtma işini yaptırmak,,
yıvışmak,Cıvık bir duruma gelmek | Teklifsiz ve laubali olmak,,
yiğitlendirmek,Yiğit duruma getirmek,,
yiğitleşmek,Yiğitlik etmek; yiğitlenmek,,
yitirebilmek,Yitirme ihtimali veya imkânı bulunmak,,
yitirilmek,Yitirme işi yapılmak,,
yitirivermek,Aniden yitirmek,,yitiri'vermek
yitirmek,"Ne olduğunu, nerede bulunduğunu bilememek; kaybetmek | Bazı nitelik veya özelliklerin yok olması durumuna uğramak; kaybolmak | Yakın birini ölüm sonucu kaybetmek",,
yitirtmek,Yitirmesine neden olmak,,
yitmek,"Yok olmak, ortadan kalkmak; kaybolmak | Görünmez olmak | Sahip olunan bir şey elden çıkmak",,
yivlemek,"Dikerek eklemek | Köpek koklayarak izlemek | Bileyerek keskinleştirmek, sivriltmek | Düz bir nesnede oyarak yarık çukur açmak",,
yiyebilmek,Yeme ihtimali veya imkânı bulunmak | Yemeyi becermek,,
yiyivermek,Çabucak yemek,,yiyi'vermek
yobazlaşmak,Yobaz duruma gelmek,,
yobazlaştırmak,Yobazlaşma işini yaptırmak,,
yoğalmak,"Varlığı ortadan kalkmak, yok olmak",,
yoğaltılmak,Yoğaltma işi yapılmak,,
yoğrulabilmek,Yoğrulma ihtimali veya imkânı bulunmak,,
yoğrulmak,"Yoğurma işi yapılmak veya yoğurma işine konu olmak | Özellikleri, nitelikleri birbirine karıştırılmak | Metal kap bir yere çarparak bir yanı eğrilmek, yamulmak | Bazı konularla sürekli uğraşma sonucu deneyim sahibi olmak",,
yoğunlaşabilmek,Yoğunlaşma ihtimali veya imkânı bulunmak,,
yoğunlaşmak,"Yoğun duruma gelmek; tekâsüf etmek, konsantre olmak | Bütün dikkatini bir konu üzerinde toplamak",,
yoğunlaştırabilmek,Yoğunlaştırma ihtimali veya imkânı bulunmak | Yoğunlaştırmayı becermek,,
yoğunlaştırmak,Yoğun duruma getirmek; teksif etmek,,
yoğurabilmek,Yoğurma ihtimali veya imkânı bulunmak | Yoğurmaya gücü yetmek | Yoğurma becerisi bulunmak,,
yoğurmak,"Katı veya toz durumundaki bir maddeyi herhangi bir sıvı ile karıştırarak hamur durumuna getirmek | Bir kişiye istenilen nitelikleri kazandırmak, yeteneklerini geliştirmek",,
yoğurtlamak,Yoğurt katmak | Saçma sapan davranmaya başlamak,,
yoğurtmak,Yoğurma işini yaptırmak,,
yoğuşmak,Gaz hâlindeki bir madde ısı kaybederek sıvı hâle gelmek [fizik],,
yoğuşturmak,Gaz hâlindeki bir maddeyı ısısını kaybettirerek sıvı hâle getirmek,,
yoklamak,"Dokunarak incelemek; yordamlamak | Bakmak, gözden geçirmek, kontrol etmek | Durum, bilgi, niyet vb.ni belirlemeye veya anlamaya çalışmak | Ziyaret veya sağlığını sormak amacıyla birine gitmek | Ara sıra etkisini göstermek | Aramak, araştırmak | Bir şeyi tasarlamak, ölçmek; şakullemek",,
yoklanmak,Yoklama işine konu olmak,,
yoklaşmak,Yok duruma gelmek,,
yoklatmak,Yoklama işini yaptırmak,,
yoklayabilmek,Yoklama ihtimali veya imkânı bulunmak | Yoklamayı becermek,,
yoklayıvermek,Ansızın veya çabucak yoklamak,,yoklayı'vermek
yoksullaşmak,Yoksul duruma gelmek; fakirleşmek,,
yoksullaştırmak,Yoksul duruma getirmek; fakirleştirmek,,
yoldurmak,Yolma işini yaptırmak,,
yoldurtmak,Yoldurma işini yaptırmak,,
yollamak,"Birini yolcu etmek | Biri aracılığı ile bir şeyin başka birinin eline geçmesini sağlamak | Aracılık ederek birini bir yerde hizmet etmesini sağlamak amacı ile ilgili yere tavsiye ile göndermek | İstenmediği, ihtiyaç kalmadığı gerekçesi ile birini işten çıkarmak, yol vermek",,
yollanmak,"Yollama işi yapılmak, gönderilmek | Bir yere gitmeye başlamak, yürümek",,
yollatmak,Yollama işini yaptırmak,,
yollayabilmek,Yollama ihtimali veya imkânı bulunmak | Yollamayı becermek,,
yolmak,"Bitki, tüy vb.ni çekerek yerinden çıkarmak, çekip koparmak; almak | Dolandırarak, hile ile birinin parasını almak",,
yolunmak,"Yolma işi yapılmak, çekilip koparılmak | Çok kederlenerek çırpınmak",,
yongalamak,Yonga durumuna getirmek,,
yontabilmek,Yontma ihtimali veya imkânı bulunmak | Yontmaya gücü yetmek | Yontma becerisi bulunmak,,
yontmak,"Bir şeye istenilen biçimi vermek için dış bölümünü keskin bir araçla biçmek, kesmek; yonmak | Bir kimsenin azar azar parasını çekmek, birinden para sızdırmak | Bir şeyi kendi görüşüne göre değerlendirmek",,
yontulmak,"Yontma işi yapılmak veya yontma işine konu olmak; yonulmak | İnsan kabalıktan, görgüsüzlükten kurtularak toplum törelerine göre davranır duruma gelmek",,
yorabilmek,Yorma ihtimali veya imkânı bulunmak | Yormaya gücü yetmek,,
yordamak,Bilinen veya gözlenen durumlardan yola çıkarak bilinmeyen veya gözlenmeyen durumlar hakkında tahminde bulunmak,,
yordurmak,"Yorumunu yaptırmak, yorumlanmasını sağlamak",,
yordurmak,Yorulmasını sağlamak,,
yordurtmak,Yordurma işini yaptırmak,,
yorgalamak,"At yorga yürümek, yorga gitmek",,
yormak,"Yorgun duruma getirmek | Sıkıntıya sokmak, üzmek",,
yormak,"Bir anlam vermek, yorumlamak | Bir sebebe bağlamak, bir duruma işaret saymak",,
yortmak,Sürekli yol yürümek | İşsiz güçsüz gezmek,,
yorulabilmek,Yorulma ihtimali veya imkânı bulunmak,,
yorulmak,Yorgun duruma gelmek,,
yorulmak,"Bir sebebe bağlanılmak, yorumlanmak",,
yoruluvermek,Çabucak veya kısa sürede yorulmak,,yorulu'vermek
yorumlamak,"Bir yazıyı veya bir sözü yorum yaparak açıklamak; tefsir etmek | Bir olaya, bir duruma bir anlam vermek; tabir etmek | Bir müzik parçasını, bir tiyatro oyununu kendine özgü bir duyarlılık ve teknikle çalmak, söylemek veya oynamak; icra etmek [müzik]",,
yorumlanabilmek,Yorumlanma ihtimali veya imkânı bulunmak,,
yorumlanmak,Yorumlama işi yapılmak veya yorumlama işine konu olmak,,
yorumlatabilmek,Yorumlatma ihtimali veya imkânı bulunmak,,
yorumlatmak,Yorumlama işini yaptırmak,,
yorumlattırmak,Yorumlatma işini yaptırmak,,
yorumlayabilmek,Yorumlama ihtimali veya imkânı bulunmak | Yorumlama becerisi bulunmak,,
yosunlanmak,"Yosun oluşmak, yosunla kaplanmak",,
yosunlaşmak,Yosunlu duruma gelmek,,
yozlaşmak,"Kişi, toplum vb. özündeki iyi niteliklerini,  değer yargılarını, birtakım dış etkenlerle yitirerek bozulmak, kötüye gitmek; dejenereleşmek, dejenere olmak, tereddi etmek | Dönüşen",,
yozlaştırabilmek,Yozlaştırma ihtimali veya imkânı bulunmak,,
yozlaştırmak,"Yozlaşmasını sağlamak, yozlaşmasına sebep olmak; dejenere etmek",,
yönelebilmek,Yönelme ihtimali veya imkânı bulunmak,,
yönelinmek,Yönelme işi yapılmak,,
yönelmek,"Belli bir yön tutmak, yüzünü belli bir yöne doğru çevirmek; yönlenmek, bükülmek, teveccüh etmek | Amaç olarak benimsemek; yönlenmek | Hedef almak",,
yöneltebilmek,Yöneltme ihtimali veya imkânı bulunmak,,
yöneltilmek,Yöneltme işi yapılmak,,
yöneltmek,"Bir şeye belli bir yön vermek, yönelmesini sağlamak, çevirmek; tevcih etmek | Birine veya bir şeye doğru bakmak | Birine bir şey söylemek; tevcih etmek",,
yönetebilmek,Yönetme ihtimali veya imkânı bulunmak | Yönetmeyi becermek,,
yönetilebilmek,Yönetilme ihtimali veya imkânı bulunmak,,
yönetilmek,"Yönetmek işi yapılmak, idare edilmek",,
yönetmek,"Bir kurum veya kuruluşun yasalara, kurallara ve belli şartlara uygun biçimde işlemesini sağlamak; idare etmek, tedvir etmek | Birinin bir konudaki etkinliğine, çalışmasına yön vermek, birini yönlendirmek | Program ve oyunların yapımını, gerçekleşmesini sağlamak [sinema]",,
yönettirmek,Yönetme işini yaptırmak,,
yönlendirebilmek,Yönlendirme ihtimali veya imkânı bulunmak | Yönlendirmeyi becermek,,
yönlendirilmek,Yönlendirme işi yapılmak,,
yönlendirmek,"Bir kimsenin davranış, tutum, yapacağı iş vb. alanlarda izleyeceği yolu göstermek",,
yudumlamak,"Yudum yudum içmek, acele etmeden yavaş yavaş içmek",,
yudumlanmak,Yudumlama işi yapılmak,,
yudumlatmak,Yudumlama işini yaptırmak,,
yudumlayabilmek,Yudumlama ihtimali veya imkânı bulunmak | Yudumlamayı becermek,,
yuhalamak,"Birine ""yuha"" diye bağırmak",,
yuhalanmak,Yuhalama işi yapılmak,,
yuhalatmak,Yuhalama işini yaptırmak,,
yumabilmek,Yumma ihtimali veya imkânı bulunmak | Yummayı becermek,,
yumak,"Yuvarlak biçimde sarılmış iplik, yün vb. şey | Yuvarlak biçimde sarılmış olan",,
yumaklamak,Yumak durumuna getirmek,,
yumaklanmak,Yumak durumuna gelmek,,
yumdurmak,Yummasını sağlamak,,
yummak,"Kısarak kapamak, sıkarak kapalı duruma getirmek",,
yumruklamak,Yumrukla vurmak; sumsuklamak,,
yumruklanmak,Yumrukla vurulmak,,
yumruklaşmak,"Karşılıklı yumruk atmak, yumruk vurarak dövüşmek",,
yumruklayabilmek,Yumruklama ihtimali veya imkânı bulunmak | Yumruklamaya gücü yetmek | Yumruklama becerisi bulunmak,,
yumrulanmak,"Yumru durumuna gelmek, yumru gibi olmak",,
yumuklaşmak,Yumuk duruma gelmek,,
yumulmak,"Kapanmak, örtülmek | Kısılmak, örtülür gibi olmak | İki büklüm olmak | Kendini bir işe istekle vermek, girişmek, saldırmak, atılmak",,
yumurtlamak,"Tavuk, kuş, balık vb. yumurta yapmak | Bazı hayvanlar, üremek | Uydurup söylemek veya söylenmemesi gereken şeyi açığa vurmak",,
yumurtlatmak,Yumurtlama işini yaptırmak,,
yumurtlayabilmek,Yumurtlama ihtimali veya imkânı bulunmak | Yumurtlama becerisi bulunmak,,
yumurtlayıvermek,Aniden yumurtlamak,,yumurtlayı'vermek
yumuşaklaşmak,Yumuşak bir duruma gelmek,,
yumuşamak,"Sertliği kalmamak, yumuşak duruma gelmek | Öfkesi, kızgınlığı, inadı geçmek",,
yumuşatabilmek,Yumuşatma ihtimali veya imkânı bulunmak | Yumuşatmayı becermek,,
yumuşatılmak,"Sertliği giderilmek, yumuşak duruma getirilmek",,
yumuşatmak,"Sertliğini gidermek, yumuşak duruma getirmek | Kabalığını, katılığını, sertliğini veya acımasızlığını ortadan kaldıracak duruma getirmek",,
yumuşayabilmek,Yumuşama ihtimali veya imkânı bulunmak | Yumuşamayı becermek,,
yurtlandırmak,Bir kimseye veya bir topluluğa yurt sağlamak; iskân etmek,,
yurtlanmak,"Bir yeri yurt edinmek, yurt sahibi olmak",,
yurtsamak,Yurt özlemi çekmek,,
yurtsuzlaşmak,"Yersiz yurtsuz kalmak, yurdunu kaybetmek",,
yutabilmek,Yutma ihtimali veya imkânı bulunmak | Yutmayı becermek,,
yutkunabilmek,Yutkunma ihtimali veya imkânı bulunmak | Yutkunmayı becermek,,
yutkunmak,"Tükürüğü yutmak veya bir şey yutuyormuş gibi gırtlağı hareket ettirmek | Bir şeyi söylemekle söylememek arasında duraksamak | Bir şeyin yokluğunu kendine yedirememek, kabullenememek",,
yutmak,"Ağızda bulunan bir şeyi yutağa geçirmek | Tam ve doğru söylememek | Haksız olarak kendine mal etmek, zorbalıkla elinden almak | İnanmak, aldanmak, kanmak | Söylemek istediği bir sözü kendini tutarak söylememek | İyice, eksiksiz olarak öğrenmek | Işık, ses gücünü, parlaklığını azaltmak | Dayanıp sesini çıkarmamak, katlanmak",,
yutturabilmek,Yutturma ihtimali veya imkânı bulunmak | Yutturmayı becermek,,
yutturmak,Yutma (I) işini yaptırmak veya yutmasını sağlamak,,
yutturmak,"Kandırmak, aldatmak",,
yutturulmak,Yutma (I) işi yaptırılmak,,
yutturulmak,Yutturma (II) işi yapılmak,,
yutulmak,Yutma işi yapılmak,,
yutuvermek,Ansızın veya çabucak yutmak,,yutu'vermek
yuvalamak,Yuva yapmak,,
yuvalanmak,"Ev bark, yuva sahibi olmak, yuva kurmak | Silah, görünmeyecek bir biçimde gizlenmek [askerlik] | Bir yerde birikmek, toplanmak",,
yuvarlaklaşmak,"Yuvarlak bir biçim almak, yuvarlak duruma gelmek",,
yuvarlaklaştırmak,Yuvarlak duruma getirmek,,
yuvarlamak,"Bir şeyi bir yerden kaldırmadan ekseni çevresinde döndürerek yürütmek; tekerlemek | Döndürerek tomar yapmak veya yuvarlak duruma getirmek | Hızla düşürmek, devirmek | Sözü belirsizce, anlaşılmayacak biçimde söylemek | İnanılmayacak yalanlar söylemek | İstekle ve çabucak yemek veya içmek | Kelimelerin bazı seslerini söylememek | Sayıyı, küçük tutarlarını atarak veya ekleyerek tüm sayı durumuna getirmek",,
yuvarlanabilmek,Yuvarlanma ihtimali veya imkânı bulunmak | Yuvarlanmayı becermek,,
yuvarlanıvermek,Ansızın yuvarlanmak,,yuvarlanı'vermek
yuvarlanmak,"Kendi üzerinde dönerek hareket etmek; tekerlenmek | Dökülerek düşmek | Yere devrilmek | Ansızın, beklenmedik bir zamanda ölmek | Bir yere doğru istemsiz olarak gitmek",,
yuvarlatmak,Yuvarlama işini yaptırmak,,
yuvarlayabilmek,Yuvarlama ihtimali veya imkânı bulunmak | Yuvarlamayı becermek,,
yuvarlayıvermek,Ansızın veya çabucak yuvarlamak,,yuvarlayı'vermek
yuvgulamak,Üzerinden yuvgu geçirmek,,
yücelebilmek,Yücelme ihtimali veya imkânı bulunmak,,
yücelmek,Yüce bir duruma gelmek; yücelenmek,,
yüceltebilmek,Yüceltme ihtimali veya imkânı bulunmak | Yüceltmeyi becermek,,
yüceltilmek,Yüceltme işine konu olmak veya yüceltme işi yapılmak,,
yüceltmek,Yüce bir duruma getirmek,,
yüklemek,"Bir yere, taşınması için belli ağırlıkta eşya veya araç gereç koymak | Bir bilgisayar, disket vb.ne gerekli bilgileri aktarmak | Belli bir hizmeti kullanabilmek için özel bir karta gerekli verileri aktarmak | Bir yükümlülük altına sokmak, sorumlu tutmak | Bir suçu birinin üstüne atmak",,
yüklenebilmek,Yüklenme ihtimali veya imkânı bulunmak,,
yüklenilmek,Yüklemek işi yapılmak,,
yüklenmek,"Yükleme işi yapılmak veya yükleme işine konu olmak; yıkılmak | Kendi ağırlığını başka bir şey üzerine vermek, bedeniyle abanmak | Bir yükü taşımak | Üstüne düşmek; zorlamak | Bir şeyi yapmayı kabul etmek, üstüne almak; girmek",,
yükletebilmek,Yükletme ihtimali veya imkânı bulunmak,,
yükletilmek,Yükletme işi yapılmak,,
yükletmek,Yükleme işini yaptırmak,,
yüklettirmek,Yükletme işini yaptırmak,,
yükleyebilmek,Yükleme ihtimali veya imkânı bulunmak | Yüklemeyi becermek,,
yükselebilmek,Yükselme ihtimali veya imkânı bulunmak | Yükselmeyi becermek,,
yükselivermek,Çabucak veya ansızın yükselmek,,yükseli'vermek
yükselmek,"Yükseğe çıkmak | Fiyat, ücret vb. artmak; çıkmak | Aşaması artmak | Ünvan, rütbe, derece vb. ilerlemek | Güçlenmek, şiddetlenmek | Yüce duruma gelmek, yücelmek | Futbolda karşı takım oyuncularından önce topa sahip olabilmek amacıyla ayaklarını kullanarak hızla yukarıya sıçramak [spor]",,
yükseltebilmek,Yükseltme ihtimali veya imkânı bulunmak | Yükseltmeye gücü yetmek | Yükseltmeyi becermek,,
yükseltilmek,Yükseltme işine konu olmak veya yükseltme işi yapılmak,,
yükseltmek,"Yükseğe çıkarmak, yukarıda bir noktaya taşımak; kaldırmak | Güçlendirmek, şiddetlendirmek | Yüksek bir düzeye getirmek, geliştirmek; arttırmak | Aşama ve mevki bakımından daha yüksek duruma getirmek | Değerini olduğundan daha çok göstermek | Bir sayıyı kendisiyle birkaç kez çarpmak [matematik]",,
yükselttirmek,Yükseltme işini yaptırmak,,
yüksünmek,"Bir işi kendine yük saymak, yük olarak kabul etmek, bir iş karşısında isteksiz davranmak; ağırsamak",,
yüksünülmek,Yüksünme işi yapılmak,,
yükümlendirmek,Yükümlülük altına almak,,
yükümlenmek,Bir şeyin sorumluluğunu üzerine almak; tekeffül etmek,,
yükündürmek,Yükünme işini yaptırmak,,
yükünmek,"Birinin önünde, saygı göstermek için eğilmek veya yere kapanmak",,
yülümek,Vücudun fazla kıllarını ustura ile almak; tıraş etmek,,
yülünmek,Tıraş olmak | Tüyü dökülmüş olmak,,
yüpürmek,Telaşlı bir biçimde öteye beriye koşmak,,
yüreklendirmek,Birinin korkusunu atmasını sağlamak,,
yüreklenmek,Korkusuz duruma gelmek,,
yürümek,"Adım atarak ilerlemek, gitmek | Karada veya suda, herhangi bir yöne doğru sürekli olarak yer değiştirmek | Çocuk ayakları üzerinde gezecek duruma gelmek | Yol almak | Bir yere gelmek, bir yere ulaşmak, kaplamak | Üzerine doğru gitmek, akın etmek, saldırmak, hücum etmek | Faiz, hesap edilmek, işlemek | Geçmek, ilerlemek, değişmek | Bir işte ileri gitmek | Gereği gibi yapılmak veya ilerlemek",,
yürünmek,Yürüme işi yapılmak,,
yürütebilmek,Yürütme ihtimali veya imkânı bulunmak | Yürütmeyi becermek,,
yürütmek,"Yürüme işini yaptırmak, yürümesini sağlamak | Gerektiği gibi yapmak, uygulamak | Bir yargıyı yerine getirmek, uygulamak [hukuk] | Kabul edilmesi veya tartışılması için bildirmek, açıklamak, öne sürmek | İşinden veya bulunduğu yerden çıkarmak | Habersiz olarak almak, çalmak",,
yürüttürmek,Yürütme işini yaptırmak,,
yürütülebilmek,Yürütülme ihtimali veya imkânı bulunmak,,
yürütülmek,Yürütme işi yapılmak veya yürütme işine konu olmak,,
yürüyebilmek,Yürüme ihtimali veya imkânı bulunmak | Yürümeyi becermek,,
yüzdürebilmek,Yüzdürme ihtimali veya imkânı bulunmak | Yüzdürmeyi becermek,,
yüzdürmek,Yüzmesini sağlamak veya yüzme işini yaptırmak | Batmış veya karaya oturmuş tekneyi suyun yüzüne çıkarıp yüzer duruma getirmek,,
yüzdürmek,"Derisini çıkarttırmak, derisini soydurtmak",,
yüzdürülmek,Yüzdürme işine konu olmak veya yüzdürme işi yapılmak,,
yüzebilmek,Yüzme ihtimali veya imkânı bulunmak | Yüzmeyi becermek,,
yüzeyselleşmek,"Yüzeysel duruma gelmek; yüzeyleşmek, sathileşmek",,
yüzeyselleştirmek,"Yüzeysel duruma getirmek; yüzeyleştirmek, sathileştirmek",,
yüzlemek,"Kusurunu veya suçunu yüzüne karşı söyleyip birini utandırmak | Yastık, yorgan vb.nin yüzlerini değiştirmek",,
yüzlenmek,"Şımarmak, yüz bulmak",,
yüzleşebilmek,Yüzleşme ihtimali veya imkânı bulunmak | Yüzleşmekten korkmamak,,
yüzleşmek,"Bir iddiayı ileri sürenle, inkâr eden kimseler yüz yüze gelerek sözlerini tekrarlamak | Yüz yüze gelmek | Farkına varmak, iyice anlamak",,
yüzleştirilmek,Yüzleşme işi yaptırılmak,,
yüzleştirmek,İki tarafın yüzleşmesini sağlamak,,
yüzletmek,Yüzleme işini yaptırmak,,
yüzmek,"Kol, bacak, yüzgeç vb. organların özel hareketleriyle su yüzeyinde veya su içinde ilerlemek, durmak; çimmek | Yüzme sporu yapmak | Bir sıvının yüzeyinde batmadan durmak | Herhangi bir durumun en aşırı derecesinde olmak | Herhangi bir şeyle üzeri kaplanmak, bir şeye bulanmak",,
yüzmek,"Derisini çıkarmak, derisini soymak | Çok para istemek",,
yüzsüzleşmek,"Yüzsüz duruma gelmek, yüzsüz olmak",,
yüzsüzleştirilmek,Yüzsüzleşme işi yaptırılmak,,
yüzsüzleştirmek,Yüzsüz duruma getirmek,,
yüzülmek,Yüzme işi yapılmak | Derisi çıkarılmak,,
yüzüvermek,Çabucak veya ansızın yüzmek,,yüzü'vermek
zakkumlaşmak,Çok acı bir duruma gelmek,,
zalimleşebilmek,Zalim duruma gelme imkân ve ihtimali bulunmak,,
zalimleşmek,"Zalim duruma gelmek, acımasız olmak",,
zamanlamak,"Bir konuda en iyi sonucu almak için en iyi, en uygun süreyi belirlemek | Bir işin sürdürülmesi için zamanı planlamak",,
zamanlayabilmek,Zamanlama ihtimali veya imkânı bulunmak | Zamanlamayı becermek,,
zamklamak,Zamk sürmek | Bir şeyi zamk ile yapıştırmak,,
zamklanmak,Zamklama işine konu olmak,,
zamlanmak,Fiyatı yükselmek,,
zangırdamak,"Güçlü bir ses çıkararak titremek veya sallanmak; zıngıldamak, zıngırdamak",,
zangırdatmak,Zangırdamasına yol açmak; zıngırdatmak,,
zarflamak,Zarf içine koymak,,
zarflanmak,Zarf içine konulmak,,
zarılanmak,İçli içli ağlamak,,
zayıflamak,"Zayıf duruma gelmek; incelmek, telesimek",,
zayıflatabilmek,Zayıflatma ihtimali veya imkânı bulunmak | Zayıflatmayı becermek,,
zayıflatmak,Zayıf olmasına yol açmak; eritmek,,
zayıflayabilmek,Zayıflama ihtimali veya imkânı bulunmak,,
zebunlaşmak,Zebun bir duruma gelmek,,
zedelemek,"Vurma, çarpma sonucunda hafifçe yaralamak | Zarar vermek, zarara uğratmak",,
zedelenmek,"Vurma, çarpma, delme sonucu berelenmek, ezilmek | Zarar görmek, zarara uğramak",,
zedeleyebilmek,Zedeleme ihtimali veya imkânı bulunmak | Zedelemeye gücü yetmek | Zedelemeyi becermek,,
zehirlemek,"Öldürmek amacıyla yedirme, içirme vb. yollarla zehir vermek; ağılamak | Birine zararlı düşünceler, zararlı duygular aşılamak",,
zehirlenmek,Zehirleme işi yapılmak veya zehirleme işine konu olmak; ağılanmak | Zehre maruz kalmak | Zararlı düşünceler edinmek,,
zehirletmek,Zehirleme işini yaptırmak,,
zehretmek,"Tatsızlık çıkarıp üzüntüye yol açmak, bunaltmak, acı vermek, sıkmak, üzmek",Farsça zehr + Türkçe etmek,ze'hretmek
zehrolmak,Zevk almak umulurken üzüntü ile karşılaşmak,Farsça zehr + Türkçe olmak,ze'hrolmak
zenginleşmek,"Zengin duruma gelmek; kalkınmak, zenginlemek, zenginlenmek",,
zenginleştirilmek,Zengin duruma getirilmek,,
zenginleştirmek,"Zengin duruma getirmek, zenginleşmesini sağlamak",,
zevklendirmek,Zevklenme işini yaptırmak,,
zevklenmek,"Zevk duymak; hoşlanmak | Bir kimse ile alay etmek, eğlenmek | Haz alınacak, güzel bir duruma gelmek",,
zıbartmak,Zıbarma işini yaptırmak,,
zıhlamak,Kenarına zıh geçirmek,,
zıhlanmak,Zıhlamak işi yapılmak,,
zıkkımlanmak,Bir şeyler yemek | İçki veya sigara içmek,,
zılgıtlanmak,Azar işitmek,,
zımbalamak,"Bir şeyin üzerinde zımba ile delik açmak | Tel zımba ile kâğıt, deri, kumaş, ahşap vb.ni bir araya tutturmak | Bıçaklamak, bıçakla vurmak, öldürmek",,
zımbalanmak,Zımba ile delik açılmak | Tel zımba ile bir araya tutturulmak,,
zımbalatmak,Zımba ile delik açtırmak | Tel zımba ile bir araya tutturtmak,,
zımbırdatmak,Telli bir çalgıyı acemice çalmak | Herhangi bir şeyden çirkin ve kulağı tırmalayan sesler çıkarmak,,
zımparalamak,Zımpara kâğıdı sürerek bir şeyin yüzeyindeki pürüzleri yok etmek,,
zımparalanmak,Zımparalama işi yapılmak,,
zıngıldamak,Elden çıkmak,,
zıpkınlamak,Zıpkınla vurmak,,
zıpkınlanmak,Zıpkınlamak işi yapılmak,,
zıplamak,Bir yere çarpıp yukarı fırlamak | Sevinçten veya oyun yapmak için bulunduğu yerde havaya doğru fırlamak,,
zıplatmak,Zıplama işini yaptırmak,,
zıplayabilmek,Zıplama ihtimali veya imkânı bulunmak | Zıplama becerisi bulunmak,,
zırhlamak,Eti zırh denilen aletle kıyma hâline getirmek,,
zırhlandırmak,Zırhla kaplamak | Zırh giydirmek | Kuvvetlendirip sağlamlaştırmak,,
zırhlanmak,Zırh giymek | Zırh kuşatılmak,,
zırıldamak,"Durmaksızın söylenerek hoşnutsuzluğunu açığa vurmak; zırıldanmak, zırlamak | Sürekli ağlamak",,
zırlamak,Zil vb. ötmek,,
zırlatmak,Zırlamasına sebep olmak,,
zırvalamak,Boş ve anlamsız sözler söylemek,,
zıtlaşmak,Birbirine karşı ters davranmak; zıtlanmak | Birbirine karşıt olmak,,
zifirlenmek,"İs, duman vb. sebeplerle siyah bir renk almak | Çok kirlenmek",,
ziftlemek,"Zift sürmek, ziftle kaplamak",,
ziftlenmek,"Zift sürülmek, ziftle kaplanmak | Bir işten kendine yolsuz kazanç sağlamak | Bir şeyler yemek | İçki veya sigara içmek",,
zikredebilmek,Zikretme ihtimali veya imkânı bulunmak | Zikretmeyi becermek,Arapça ẕikr + Türkçe edebilmek,zi'kredebilmek
zikredilmek,Adı anılmak,,zi'kredilmek
zikretmek,"Adını söylemek, sözünü söylemek | Okunması âdet olan duaları ve Kur'an ayetlerini sürekli tekrarlamak",Arapça ẕikr + Türkçe etmek,zi'kretmek
zikrolunmak,"Adı geçmek, söylenmek",Arapça ẕikr + Türkçe olunmak,zi'krolunmak
zimmetlemek,Herhangi bir şeyi bir kimsenin üzerine emanet olarak kaydetmek | Bir kimsenin sorumluluğunu bir başka kimseye yüklemek,,
zincirlemek,"Zincirle bağlamak | Art arda, peş peşe gelmek",,
zincirlenmek,"Zincirle bağlanmak | Birbirine sıkıca bağlanmak | Art arda, peş peşe sıralanmak",,
zindeleşmek,Zinde duruma gelmek,,
zindeleştirmek,Zindeleşme işini yaptırmak,,
zirzoplaşmak,"Uygunsuz, yakışıksız davranmak",,
zombileşmek,Zombi durumuna gelmek,,
zonklamak,"Vücudun bir yeri nabız atışı gibi, kesik kesik ağrımak veya sancımak",,
zonklatmak,"Zonklamasına yol açmak, zonklamasına sebep olmak",,
zorlamak,"Birine bir şey yaptırmak amacıyla güç kullanmak, boyun eğdirmeye çalışmak; zor kullanmak, mecbur etmek, cebretmek | Açılması, kırılması, sökülmesi gereken şeyler için güç kullanmak | Üstelemek, ısrar etmek",,
zorlanmak,Zorlama işi yapılmak,,
zorlaşmak,Zor duruma gelmek; müşkülleşmek,,
zorlaştırmak,Zor duruma getirmek,,
zorlayabilmek,Zorlama ihtimali veya imkânı bulunmak | Zorlamaya gücü yetmek,,
zorsunmak,"Yüksünmek, yapacağı işi ağır bir yük veya angarya olarak kabul etmek",,
zulalamak,Kaçak veya yasak şeyleri gizli bir yere saklamak,,
zulmetmek,"Güçlü bir kimse yasaya veya vicdana aykırı olarak kendine veya başkasına her türlü kötülük, haksızlık, eziyet veya işkence etmek",Arapça ẓulm + Türkçe etmek,zu'lmetmek
zumlamak,Bir nesnenin görüntüsünü büyütmek için objektifin odak uzaklığını değiştirmek; zum yapmak | Bir konunun belirli bir noktasına yoğunlaşmak,,
züğürtlemek,"Parasız, meteliksiz kalmak, züğürt duruma gelmek",,
züğürtleşmek,Züğürt durumuna gelmek,,
züppeleşmek,"Giyiniş, söz söyleyiş, düşünüş, dil vb.nde, toplumun gülünç ve aykırı saydığı yapmacıklıklara ve aşırılıklara kaçmak; züppe olmak",,
züppeleştirmek,Züppe durumuna getirmek,,
âcizleşebilmek,Âciz bir duruma düşme ihtimali bulunmak,,
âcizleşmek,Âciz duruma gelmek,,
âlimleşmek,"Âlim gibi davranmak, âlime benzemek",,a:limleşmek
